seed,row_id,amount,actual,quantum_score,quantum_prediction,best_classical_name,best_classical_score,score_RBF-SVM,score_Logistic regression,score_Random forest,score_Classical (all features),prediction_RBF-SVM,prediction_Logistic regression,prediction_Random forest,prediction_Classical (all features)
42,14058,1.29,0,-1.0124786161816044,0,Classical (all features),-1.4471828267616904,-0.829700029688901,-1.767259364496288,0.36,-1.4471828267616904,0,0,0,0
42,236151,0.99,0,-1.414301520167134,0,Classical (all features),-1.7262630434003092,-1.3371995226223325,-1.7719386991531814,0.005,-1.7262630434003092,0,0,0,0
42,32930,49.4,0,-1.3952937038632742,0,Classical (all features),-1.800040020523514,-1.2136216463847462,-2.6887365680206514,0.015,-1.800040020523514,0,0,0,0
42,82837,20.5,0,-1.0300338558935795,0,Classical (all features),-1.248623700907749,-1.0454392682041052,-0.9993367338513615,0.025,-1.248623700907749,0,0,0,0
42,139624,0.99,0,-1.2608399572992375,0,Classical (all features),-1.9944008968640687,-1.1084913893203263,-1.6524796699256263,0.0,-1.9944008968640687,0,0,0,0
42,75670,13.47,0,-1.236941812863958,0,Classical (all features),-1.3588929930414742,-1.242758995778736,-1.2604354116101812,0.01,-1.3588929930414742,0,0,0,0
42,240222,1.0,1,0.38298074077991945,1,Classical (all features),0.07942613740683331,0.5475088253813086,0.009197429997319873,0.365,0.07942613740683331,1,0,0,0
42,203669,134.85,0,-1.1691980641725699,0,Classical (all features),-1.49980299326753,-1.1548630656079355,-2.0498161737705884,0.02,-1.49980299326753,0,0,0,0
42,140823,101.98,0,-1.2704579206280828,0,Classical (all features),-1.854399406677315,-1.347637231474074,-2.3050871110502347,0.005,-1.854399406677315,0,0,0,0
42,274085,45.14,0,-1.0045362504115596,0,Classical (all features),-1.8169253682936393,-0.8319479827879701,-2.3186050358628156,0.035,-1.8169253682936393,0,0,0,0
42,123478,1.0,0,-1.1059029138578165,0,Classical (all features),-1.4429926696816975,-1.1974913741133906,-0.87688684719926,0.055,-1.4429926696816975,0,0,0,0
42,79549,98.96,0,-1.0689869187251089,0,Classical (all features),-1.2306229467520067,-1.1569036537119963,-0.9810617666413859,0.26,-1.2306229467520067,0,0,0,0
42,276601,29.9,0,-1.3168760405943598,0,Classical (all features),-1.5802770074924697,-1.188887549093657,-2.6970863703378796,0.02,-1.5802770074924697,0,0,0,0
42,251891,7.06,1,0.20899587258483504,0,Classical (all features),0.005729978736297409,0.4707009239352566,0.29761281764035236,0.29,0.005729978736297409,1,0,0,0
42,131787,1.0,0,-0.8496182482624446,0,Classical (all features),-0.7033411536921821,-0.8680638259088513,-2.3556342094402347,0.18,-0.7033411536921821,0,0,0,0
42,57619,2.37,0,-0.7312946116304424,0,Classical (all features),-0.9460973849589824,-0.5394671780956395,-2.7262700705125553,0.145,-0.9460973849589824,0,0,0,0
42,150679,104.03,1,0.8095711876872549,1,Classical (all features),0.24784134876139058,0.39960275029183623,14.19148857056122,0.985,0.24784134876139058,1,1,1,1
42,40990,18.92,0,-1.1032049023786,0,Classical (all features),-1.2863993925537405,-1.1382910430484796,-1.5309322186898553,0.045,-1.2863993925537405,0,0,0,0
42,118741,87.52,0,-1.2732120113749623,0,Classical (all features),-0.8521310394676822,-1.0006315120929579,-1.2980175057377779,0.235,-0.8521310394676822,0,0,0,0
42,35267,10.62,0,-1.1388403294893839,0,Classical (all features),-1.3487318696446529,-1.386172195996899,-2.348259565886106,0.0,-1.3487318696446529,0,0,0,0
42,247067,9.99,0,-1.0227231082458728,0,Classical (all features),-1.4143337657422625,-1.0757259310930234,-3.0813437987574512,0.01,-1.4143337657422625,0,0,0,0
42,222703,72.0,0,-1.226092507518965,0,Classical (all features),-1.3161178320265798,-1.3025068072490675,-2.0946053453121527,0.035,-1.3161178320265798,0,0,0,0
42,76007,32.67,0,-1.1605457221749709,0,Classical (all features),-1.6300356250143524,-1.042536201641865,-1.7061023609668418,0.1,-1.6300356250143524,0,0,0,0
42,41395,1.0,1,0.9387020235832705,1,Classical (all features),0.4914018564901733,0.7649622939801896,7.850713798440075,1.0,0.4914018564901733,1,1,1,1
42,151006,1.0,1,0.9999142012948561,1,Classical (all features),0.9999532547326686,0.9995580106994806,8.113947648530779,0.98,0.9999532547326686,1,1,1,1
42,34719,69.44,0,-1.1732579758974608,0,Classical (all features),-1.0423889276319422,-1.1854368672513282,-1.3773505243704736,0.1,-1.0423889276319422,0,0,0,0
42,266376,76.38,0,-0.6159391922587665,0,Classical (all features),-0.7691179991510579,-0.6650212148625387,-2.7554715038161013,0.42,-0.7691179991510579,0,0,0,0
42,87853,64.99,0,-0.8314787788630091,0,Classical (all features),-1.4075660256303113,-0.8095975381018914,-1.7536740907511936,0.02,-1.4075660256303113,0,0,0,0
42,118583,179.9,0,-0.9780437415115792,0,Classical (all features),-0.5501966099958902,-1.1296290064755026,-1.414110178450926,0.035,-0.5501966099958902,0,0,0,0
42,188713,3.59,0,0.006458276647911654,0,Classical (all features),-0.42558696410037017,0.026922688935466232,-4.574856257604038,0.02,-0.42558696410037017,0,0,0,0
42,108190,1.29,0,-0.9431498943247478,0,Classical (all features),-1.2412661996747574,-0.9713248382610076,-1.586413504266174,0.015,-1.2412661996747574,0,0,0,0
42,87078,2.28,0,0.09513984189176539,0,Classical (all features),0.05461084724242518,0.38556494070839453,-1.63951712513681,0.505,0.05461084724242518,1,0,0,0
42,238434,20.0,0,-1.2017972618117512,0,Classical (all features),-1.3318975915890368,-1.1635443674499857,-1.8146179447349264,0.03,-1.3318975915890368,0,0,0,0
42,15566,99.99,1,0.9792251420107191,1,Classical (all features),0.8457915423252194,0.8611316143401071,16.386362635725717,1.0,0.8457915423252194,1,1,1,1
42,107637,824.83,1,0.913431277616769,1,Classical (all features),0.3308800628134759,0.3893783888979442,2.8361971004698794,0.835,0.3308800628134759,1,1,1,1
42,150668,188.52,1,0.8307434622876476,1,Classical (all features),0.27260780551238567,0.43419042395663027,15.021444833950255,1.0,0.27260780551238567,1,1,1,1
42,127185,1.0,0,-1.0386817539800777,0,Classical (all features),-1.3296013466409649,-1.1142501278069687,-0.9663130941987412,0.015,-1.3296013466409649,0,0,0,0
42,26978,5.75,0,-0.019444229953596515,0,Classical (all features),-0.36293799452943004,-0.025809957162656327,-3.6492282102415072,0.15,-0.36293799452943004,0,0,0,0
42,17480,99.99,1,0.8449837943530073,1,Classical (all features),0.6195699735651283,0.6797636853845852,17.058878490925476,0.995,0.6195699735651283,1,1,1,1
42,169991,45.0,0,-1.4306130822933982,0,Classical (all features),-1.5249765011312835,-1.2671906573121903,-1.984590107174863,0.005,-1.5249765011312835,0,0,0,0
42,256751,120.0,0,-1.2754207287472314,0,Classical (all features),-1.9765832646113963,-1.4646388888724267,-2.7519894910828557,0.04,-1.9765832646113963,0,0,0,0
42,125552,14.95,0,-1.0005799026944944,0,Classical (all features),-1.0570982248305203,-0.8579364930212341,-2.0642600580793222,0.05,-1.0570982248305203,0,0,0,0
42,226871,15.95,0,-1.3457671497514496,0,Classical (all features),-1.165154097715043,-1.157000826527907,-2.4834722490378756,0.1,-1.165154097715043,0,0,0,0
42,76552,5.9,0,-1.3109953991783463,0,Classical (all features),-1.7333823199330338,-1.4040578637407373,-1.3188020963069127,0.01,-1.7333823199330338,0,0,0,0
42,150660,44.9,1,0.8874375241902404,1,Classical (all features),0.3333713901489801,0.7005247777699521,15.056700388120152,1.0,0.3333713901489801,1,1,1,1
42,264050,11.5,0,-0.8841724603667667,0,Classical (all features),-1.2268167536109922,-0.9179451150236726,-2.160267403748356,0.055,-1.2268167536109922,0,0,0,0
42,89190,1402.16,1,0.6827070748763144,1,Classical (all features),0.20033557126367563,0.39806693888668965,3.554848070634661,0.965,0.20033557126367563,1,1,1,1
42,104559,269.55,0,-0.7162407704444713,0,Classical (all features),-1.1238007631633897,-0.3594016899445363,-1.4548826347058925,0.34,-1.1238007631633897,0,0,0,0
42,74324,18.34,0,-0.7485309344638447,0,Classical (all features),-0.6495861526027888,-0.48121076663726686,-3.6408692002164442,0.04,-0.6495861526027888,0,0,0,0
42,170650,204.0,0,-1.16480192835979,0,Classical (all features),-1.215815251515849,-1.1711150392179828,-2.877651231596319,0.04,-1.215815251515849,0,0,0,0
42,37343,39.5,0,-1.1036057021170362,0,Classical (all features),-1.3535318140978732,-1.1305276322885494,-2.7001178426617467,0.01,-1.3535318140978732,0,0,0,0
42,201935,89.51,0,-0.6809656097219927,0,Classical (all features),-1.363455401493447,-0.9531608324707455,-1.7709634623966302,0.015,-1.363455401493447,0,0,0,0
42,50537,1.0,1,-0.9028787827392619,0,Classical (all features),-1.3403860020895202,-0.8253645416003847,-2.692210054478187,0.08,-1.3403860020895202,0,0,0,0
42,265632,241.81,0,-1.0028213505252526,0,Classical (all features),-0.4342942089020158,-1.053396119087116,-2.197559713112334,0.025,-0.4342942089020158,0,0,0,0
42,43800,3.59,0,-1.2740227620405797,0,Classical (all features),-1.8009200108939247,-1.2474038978720898,-1.437477741670847,0.0,-1.8009200108939247,0,0,0,0
42,72887,145.0,0,-1.2142974134824611,0,Classical (all features),-0.36858938473562447,-1.0969789337322209,-2.4111505377383553,0.015,-0.36858938473562447,0,0,0,0
42,102445,1.0,1,1.000330351563968,1,Classical (all features),0.9999385714828859,0.9997762898420814,12.043952362410606,0.995,0.9999385714828859,1,1,1,1
42,196375,1.0,0,-0.9801357755822309,0,Classical (all features),-1.6508283851282546,-1.0033797232583501,-2.361460773916649,0.005,-1.6508283851282546,0,0,0,0
42,65005,16.0,0,-1.3805824713742638,0,Classical (all features),-2.2241167997145808,-1.2450442920200482,-2.454622159860606,0.0,-2.2241167997145808,0,0,0,0
42,155641,136.5,0,-0.01799307722142718,0,Classical (all features),-0.2010622758500447,0.19462718924501832,-3.3216770236913047,0.065,-0.2010622758500447,0,0,0,0
42,215953,0.77,1,0.44044853171291876,1,Classical (all features),0.18147058973429797,0.4272597512101712,0.5620844896071835,0.53,0.18147058973429797,1,1,0,1
42,183037,20.0,0,-1.3514146674921823,0,Classical (all features),-0.1359523217872594,-1.1815603164525064,-3.2663070660171405,0.005,-0.1359523217872594,0,0,0,0
42,212516,0.01,1,0.9732812316953081,1,Classical (all features),0.529527193125485,1.1662780156737012,4.206876308789015,0.99,0.529527193125485,1,1,1,1
42,225745,41.91,0,-0.798190051470101,0,Classical (all features),-0.4439232891663731,-1.022737772283867,-1.5789289385043317,0.04,-0.4439232891663731,0,0,0,0
42,157959,0.89,0,-1.1385078600776053,0,Classical (all features),-1.4844835232630655,-1.1163968542914533,-2.214232670587809,0.005,-1.4844835232630655,0,0,0,0
42,270224,1.98,0,-1.2413279301046547,0,Classical (all features),-1.8882892123357122,-1.1651936027432312,-2.26702709427467,0.0,-1.8882892123357122,0,0,0,0
42,85083,1.0,0,-1.1146511996759416,0,Classical (all features),-1.4190392902320268,-1.1858964800695768,-1.028618424201135,0.01,-1.4190392902320268,0,0,0,0
42,6142,2.31,0,-1.0586128388202696,0,Classical (all features),-1.6378058029529272,-0.9681473574005901,-2.2894886235783907,0.02,-1.6378058029529272,0,0,0,0
42,153911,7.6,0,-0.5388066212864013,0,Classical (all features),-0.8651978827397346,-0.5188579366434105,-2.448104721967975,0.015,-0.8651978827397346,0,0,0,0
42,44556,1.0,1,1.0245810176820243,1,Classical (all features),0.7953812660996515,0.8104256969773249,6.012998101812774,1.0,0.7953812660996515,1,1,1,1
42,230004,32.39,0,-0.2853781096175535,0,Classical (all features),-0.5282132713319612,-0.3700367022695325,-2.7940270672622103,0.055,-0.5282132713319612,0,0,0,0
42,150661,44.9,1,0.8874375241902404,1,Classical (all features),0.3333713901489801,0.7005247777699521,15.056700388120152,1.0,0.3333713901489801,1,1,1,1
42,116782,8.36,0,-1.2412596313026278,0,Classical (all features),-1.8670453214787675,-1.152880055458798,-2.5445142959311844,0.005,-1.8670453214787675,0,0,0,0
42,272034,4.57,0,-1.3606994950234725,0,Classical (all features),-1.3998617078182014,-1.2409681984623362,-2.0789707782922258,0.01,-1.3998617078182014,0,0,0,0
42,51720,22.95,0,-0.7900889343602626,0,Classical (all features),-1.1887625236746733,-1.030708981645811,-2.3896077556464927,0.29,-1.1887625236746733,0,0,0,0
42,223435,342.0,0,0.7536640661518953,1,Classical (all features),0.09634119470935572,0.39590533056644517,-0.33581531020400707,0.555,0.09634119470935572,1,0,0,1
42,271361,0.9,0,-1.1779611828675225,0,Classical (all features),-1.2444082412858957,-1.2883550383170488,-1.9500854021170462,0.01,-1.2444082412858957,0,0,0,0
42,253520,3.27,0,-1.2620154431340298,0,Classical (all features),-1.524820054706909,-1.248934280136586,-1.814551623554411,0.005,-1.524820054706909,0,0,0,0
42,192925,4.26,0,-1.2307098858626706,0,Classical (all features),-1.0161169852883776,-1.178008932994362,-2.8653267161930103,0.035,-1.0161169852883776,0,0,0,0
42,237381,21.98,0,-1.239479464019284,0,Classical (all features),-1.8185340523862028,-1.2754154664817707,-1.5547445674029552,0.085,-1.8185340523862028,0,0,0,0
42,51746,4.99,0,-0.681769845903331,0,Classical (all features),-1.0866552984484772,-0.7866868503262658,-2.225808754149212,0.14,-1.0866552984484772,0,0,0,0
42,12813,2.99,0,-1.1411984318200845,0,Classical (all features),-1.0949654358500696,-0.9536200645513901,-1.7887418466974137,0.085,-1.0949654358500696,0,0,0,0
42,230076,0.77,1,1.072175983135717,1,Classical (all features),0.6371620799701518,0.7835516959237281,6.0661061141108,1.0,0.6371620799701518,1,1,1,1
42,251866,3.9,1,0.9623332583333046,1,Classical (all features),0.9995826842597009,0.8915527953017894,6.149868321691738,1.0,0.9995826842597009,1,1,1,1
42,193884,104.0,0,-1.380040044901001,0,Classical (all features),-1.6578236528438732,-1.1874236678042427,-1.5039002228283702,0.04,-1.6578236528438732,0,0,0,0
42,275854,71.01,0,-1.060918499523916,0,Classical (all features),-1.154712557533276,-1.0611721862379224,-2.965086904513984,0.03,-1.154712557533276,0,0,0,0
42,154676,2.28,1,1.0041290992278122,1,Classical (all features),0.28790735384317023,0.6043744043765684,8.181144831033656,0.97,0.28790735384317023,1,1,1,1
42,45872,1.0,0,-0.9463464202317702,0,Classical (all features),-1.141021541188346,-0.9973632906495944,-0.7655562738553899,0.245,-1.141021541188346,0,0,0,0
42,209628,11.5,0,-1.1883002426082183,0,Classical (all features),-0.7445318700769701,-1.3908593122061264,-3.6690415958490825,0.025,-0.7445318700769701,0,0,0,0
42,255403,4.97,1,1.020437077551621,1,Classical (all features),1.0192318312712976,0.914666198188608,4.8172889664867125,1.0,1.0192318312712976,1,1,1,1
42,235108,15.0,0,-0.8869229000667973,0,Classical (all features),-1.3320453756078723,-0.8552413739051141,-2.5936306531217617,0.015,-1.3320453756078723,0,0,0,0
42,265708,11.5,0,0.28440241513958303,0,Classical (all features),0.14134969816127488,0.39791658532438007,-5.429543867078606,0.035,0.14134969816127488,1,0,0,1
42,85720,170.0,0,-0.5324727138393666,0,Classical (all features),-0.6194916285845773,0.06349590620398349,-2.9621316316017423,0.23,-0.6194916285845773,0,0,0,0
42,226814,667.55,1,0.7053585095673933,1,Classical (all features),0.40580338801432975,0.5344453029995119,4.848978291658247,0.99,0.40580338801432975,1,1,1,1
42,39985,206.4,0,-0.9019936644260207,0,Classical (all features),-1.5757440091316295,-1.2376436544325355,-1.9971901849454983,0.01,-1.5757440091316295,0,0,0,0
42,154371,2.28,1,0.6632745284273648,1,Classical (all features),0.20147401495120698,0.3980700022758444,7.517101277173592,0.88,0.20147401495120698,1,1,1,1
42,144739,4.64,0,-1.0363608644985822,0,Classical (all features),-1.5525930002011588,-1.0791768335420848,-1.3589998065395905,0.04,-1.5525930002011588,0,0,0,0
42,91388,2.69,0,-1.2146215315607596,0,Classical (all features),-1.8147252125499944,-1.2405521931531789,-2.4617998264370122,0.0,-1.8147252125499944,0,0,0,0
42,139100,69.37,0,-1.1172642549826186,0,Classical (all features),-1.2251093081380586,-1.1677005891004841,-3.158910375636842,0.07,-1.2251093081380586,0,0,0,0
42,282107,15.89,0,-1.4048558683905592,0,Classical (all features),-1.4137988423524281,-1.3964458846788503,-3.063460162590595,0.015,-1.4137988423524281,0,0,0,0
42,165078,12.31,0,-1.0731613206562918,0,Classical (all features),-1.1020409081163458,-0.8885572686063932,-1.3922653296816123,0.125,-1.1020409081163458,0,0,0,0
42,115125,9.99,0,-1.0817995213701352,0,Classical (all features),-0.6553196985637844,-0.6575970717831203,-3.088775715440509,0.175,-0.6553196985637844,0,0,0,0
42,185658,45.0,0,-1.183591670011046,0,Classical (all features),-0.9687452417722602,-1.217109411062888,-2.761714361732329,0.0,-0.9687452417722602,0,0,0,0
42,55535,8.48,0,-1.3143857209439143,0,Classical (all features),-1.0554145716078396,-1.1878935553469996,-1.5776782407910181,0.01,-1.0554145716078396,0,0,0,0
42,23582,28.0,0,-1.3129024218567003,0,Classical (all features),-1.5701486208294986,-1.2372845298180095,-2.0813871328152467,0.01,-1.5701486208294986,0,0,0,0
42,55965,242.34,0,0.05648335724408504,0,Classical (all features),-0.6809331939183374,-0.6043535586872433,-1.0558269527059772,0.045,-0.6809331939183374,0,0,0,0
42,74745,33.75,0,-1.117899967243159,0,Classical (all features),-1.8340536353420822,-1.0860673694838403,-2.167300888565803,0.01,-1.8340536353420822,0,0,0,0
42,90295,4.0,0,-0.550665934742129,0,Classical (all features),-1.2079189562938062,-0.8135526312172312,-2.884615475771064,0.015,-1.2079189562938062,0,0,0,0
42,77682,1.0,1,0.8463768951200239,1,Classical (all features),0.2557610019312905,0.47720379294587423,7.090112125950922,0.795,0.2557610019312905,1,1,1,1
42,50342,29.7,0,-1.3266430684745603,0,Classical (all features),-1.2784898474164004,-1.3922884991829767,-1.4361565020276859,0.005,-1.2784898474164004,0,0,0,0
42,253768,0.76,0,-0.7673012510063129,0,Classical (all features),-0.5697770341661437,-0.7494617345562404,-0.6693691287591654,0.15,-0.5697770341661437,0,0,0,0
42,205944,354.0,0,-0.17939733343938769,0,Classical (all features),-0.29113017688493686,0.5919615136767543,-1.1235305395055815,0.215,-0.29113017688493686,1,0,0,0
42,253862,49.99,0,-0.24056733649036077,0,Classical (all features),-0.25426202522785024,-0.274838873833714,-1.8913721017447775,0.715,-0.25426202522785024,0,0,0,0
42,91295,42.81,0,-1.0500453119912618,0,Classical (all features),-1.5540337431391558,-0.9992651847245946,-1.202897150471738,0.03,-1.5540337431391558,0,0,0,0
42,144146,0.99,0,-0.9577530754388845,0,Classical (all features),-0.9261374682903205,-0.8693543654554132,-0.9502352110195519,0.135,-0.9261374682903205,0,0,0,0
42,241143,1000.0,0,0.42396860502541106,1,Classical (all features),0.17924256877295314,0.37502169992695394,-1.9838902151846463,0.205,0.17924256877295314,1,0,0,1
42,142405,12.31,1,0.9824062258992086,1,Classical (all features),0.33620498378804897,0.6462390600972738,9.176080668928472,1.0,0.33620498378804897,1,1,1,1
42,51081,7.95,0,-1.1023767981323764,0,Classical (all features),-2.091064707274706,-1.005095140285914,-2.314187625078284,0.005,-2.091064707274706,0,0,0,0
42,84459,3.58,0,-1.317889363105208,0,Classical (all features),-2.2996041817146846,-1.188631706550948,-1.6396036666522111,0.0,-2.2996041817146846,0,0,0,0
42,150663,316.06,1,0.8592220545779083,1,Classical (all features),0.32347054987920665,0.5695384287383807,14.434052024648297,0.99,0.32347054987920665,1,1,1,1
42,213092,22.47,1,-0.4344421987409057,0,Classical (all features),0.07618791576737016,-0.5691771206675531,-2.592609055557821,0.235,0.07618791576737016,0,0,0,0
42,67471,1.98,0,-1.0692728682166106,0,Classical (all features),-1.8287722466239222,-0.9340430843849157,-1.9311030205917914,0.015,-1.8287722466239222,0,0,0,0
42,142541,40.99,0,-1.3826659497975486,0,Classical (all features),-1.430131919419783,-1.1706586477945666,-1.567906537693767,0.03,-1.430131919419783,0,0,0,0
42,254344,187.11,1,-1.2584891532573146,0,Classical (all features),-1.4018199578385802,-1.4238023848361654,-2.3037806786476533,0.02,-1.4018199578385802,0,0,0,0
42,271157,7.56,0,-0.5596357640063325,0,Classical (all features),-0.9730809988476021,-0.6322540704096651,-2.6835927469006977,0.68,-0.9730809988476021,0,0,0,0
42,101942,32.65,0,-0.6957374856266405,0,Classical (all features),-0.7339034332591334,-0.915065332791128,-1.1171123723905436,0.115,-0.7339034332591334,0,0,0,0
42,238466,17.39,1,-0.5061180949157884,0,Classical (all features),-0.5889624587641609,-0.49679642990731704,-1.4520119098258866,0.09,-0.5889624587641609,0,0,0,0
42,165368,4.52,0,-0.6957714744378161,0,Classical (all features),-1.081877793725864,-0.8289037385659257,-1.2592736230694097,0.13,-1.081877793725864,0,0,0,0
42,118997,110.4,0,-1.272131109928501,0,Classical (all features),-1.4209984866004999,-1.357374813400704,-1.8265052610172174,0.04,-1.4209984866004999,0,0,0,0
42,77099,5.0,1,0.9737559310979029,1,Classical (all features),0.8523857873264575,1.0279946387637606,5.834208874911112,0.995,0.8523857873264575,1,1,1,1
42,89875,250.0,0,0.7539661890154474,1,Classical (all features),0.16707238255178752,0.4310584860312894,0.3589270430221965,0.59,0.16707238255178752,1,1,0,1
42,161550,69.99,0,-1.2158524035933598,0,Classical (all features),-1.5633070365482147,-1.0616236582245788,-2.2669358872903915,0.01,-1.5633070365482147,0,0,0,0
42,229782,16.99,0,-1.3443603002889322,0,Classical (all features),-1.5055954961394695,-1.1862091234187389,-2.097149116691036,0.01,-1.5055954961394695,0,0,0,0
42,78530,302.74,0,0.11763216061327042,0,Classical (all features),-1.3785063600251513,0.2880111879516249,-1.0580612758831782,0.195,-1.3785063600251513,1,0,0,0
42,138473,84.92,0,-1.1712827145958318,0,Classical (all features),-2.0586444876518857,-1.3629658239024587,-1.6455123911029856,0.0,-2.0586444876518857,0,0,0,0
42,28271,111.97,0,-1.0361722435475935,0,Classical (all features),-0.9486591084777933,-1.1365244743181788,-1.8823474843513184,0.115,-0.9486591084777933,0,0,0,0
42,88418,23.51,0,-0.5872827888501193,0,Classical (all features),-0.9346376644769747,-0.9715719093830437,-0.21600971042525602,0.135,-0.9346376644769747,0,0,0,0
42,98727,5.0,0,-1.0057259716185338,0,Classical (all features),-1.055440737966618,-1.266063209017327,-2.740411833471925,0.015,-1.055440737966618,0,0,0,0
42,147683,1.79,0,-1.2405484323739115,0,Classical (all features),-1.800829286827341,-1.1173076827993973,-2.09984214760048,0.005,-1.800829286827341,0,0,0,0
42,228442,13.33,0,-1.2533033836585137,0,Classical (all features),-1.0888775407215237,-1.1472314264226253,-2.253733982142574,0.0,-1.0888775407215237,0,0,0,0
42,42227,12.31,0,-1.2028998061997604,0,Classical (all features),-1.6566418277449382,-1.2770708538946465,-1.4836912919098497,0.0,-1.6566418277449382,0,0,0,0
42,272703,158.0,0,-0.9917523465084999,0,Classical (all features),-0.6387692849055655,-0.7309115799294603,-2.1984896455101293,0.185,-0.6387692849055655,0,0,0,0
42,80074,27.85,0,-1.2380046686846298,0,Classical (all features),-1.7379248479167695,-1.3370387279471032,-3.037552331210494,0.02,-1.7379248479167695,0,0,0,0
42,86029,10.0,0,-1.2038328332836896,0,Classical (all features),-1.542919207947696,-1.1818071893393112,-1.5126310817868323,0.01,-1.542919207947696,0,0,0,0
42,3961,9.99,0,-1.2826855656695135,0,Classical (all features),-1.609176432880441,-1.3022920786475662,-1.7182058255609973,0.005,-1.609176432880441,0,0,0,0
42,46902,8.99,0,-1.1062842240355089,0,Classical (all features),-2.131368161662755,-1.1470022786075589,-2.244703377857158,0.005,-2.131368161662755,0,0,0,0
42,106448,41.9,0,-1.075719417025988,0,Classical (all features),-0.7311883241342145,-1.1378776180141457,-2.375974030332393,0.025,-0.7311883241342145,0,0,0,0
42,23308,0.0,1,0.9334041816295071,1,Classical (all features),0.6129343867344619,1.1048176520393327,3.766602974617706,0.99,0.6129343867344619,1,1,1,1
42,5546,2.45,0,-1.2726343766985386,0,Classical (all features),-1.6279284203484523,-1.1506510664541596,-2.2069219041541883,0.005,-1.6279284203484523,0,0,0,0
42,15819,46.0,0,-0.9904000491566718,0,Classical (all features),-1.5143507406282484,-0.9984098533029719,-1.1390948970268076,0.01,-1.5143507406282484,0,0,0,0
42,263682,60.0,0,-1.4087421400117675,0,Classical (all features),-1.6254569874439044,-1.221643415601385,-2.0098608222831746,0.01,-1.6254569874439044,0,0,0,0
42,228060,260.0,0,-0.2684662719014399,0,Classical (all features),0.20012481240275917,0.35592248783936886,-2.4641777761793846,0.305,0.20012481240275917,1,0,0,1
42,119348,74.99,0,-1.2161808681301671,0,Classical (all features),-1.6165934269555415,-1.1686925978769984,-1.4705263310124488,0.0,-1.6165934269555415,0,0,0,0
42,178492,13.49,0,-1.269331489746685,0,Classical (all features),-1.7687282937422097,-1.146008493458924,-2.3943229894041576,0.015,-1.7687282937422097,0,0,0,0
42,6820,1.0,1,0.9741348462013786,1,Classical (all features),1.017627697638173,0.8369311603885474,6.7368727918407645,0.99,1.017627697638173,1,1,1,1
42,5072,674.98,0,0.11486007973119805,0,Classical (all features),-0.4852826268407994,0.2862755465819931,-0.8832909517371061,0.62,-0.4852826268407994,1,0,0,0
42,180692,371.76,0,-0.20300800005442043,0,Classical (all features),0.05334994753479788,-0.04435001117205206,-1.8242566895569834,0.305,0.05334994753479788,0,0,0,0
42,119714,29.95,1,-0.9532058429103989,0,Classical (all features),-0.535818749909371,-1.2257640090859532,-2.57951490302159,0.7,-0.535818749909371,0,0,0,0
42,229006,89.02,0,-1.0484404082575454,0,Classical (all features),-0.8182132571206542,-0.8985614582184751,-2.5898530074450976,0.25,-0.8182132571206542,0,0,0,0
42,177006,34.15,0,-1.0331557396017224,0,Classical (all features),-1.1365088112958268,-1.2662658303420389,-1.7400954656685472,0.03,-1.1365088112958268,0,0,0,0
42,37557,29.99,0,-1.3379511319771653,0,Classical (all features),-0.6736238105434655,-1.0950780748862583,-3.5261239664011654,0.16,-0.6736238105434655,0,0,0,0
42,78089,1.0,0,-1.1050680967045048,0,Classical (all features),-1.7135391899316628,-0.9867678888948672,-1.9602490418201464,0.025,-1.7135391899316628,0,0,0,0
42,146589,9.08,0,-1.2033071419573063,0,Classical (all features),-1.0850292758293796,-1.230621267338874,-2.5845531085189255,0.01,-1.0850292758293796,0,0,0,0
42,30703,12.31,0,-1.1219938045865618,0,Classical (all features),-1.654255660435602,-0.81656682044289,-1.9798330150837633,0.06,-1.654255660435602,0,0,0,0
42,117501,26.99,0,-1.1594670781558818,0,Classical (all features),-1.4009393221054989,-1.194547638540531,-2.3378505780961167,0.025,-1.4009393221054989,0,0,0,0
42,232515,29.0,0,-0.8975788798945987,0,Classical (all features),0.34662632118139014,-1.1025490298195113,-1.28865909279516,0.1,0.34662632118139014,0,0,0,1
42,284766,95.63,0,-1.2116095893283785,0,Classical (all features),-1.1969812186104454,-1.091530171845814,-2.7462900718145007,0.035,-1.1969812186104454,0,0,0,0
42,53794,1.0,1,1.0894062371831101,1,Classical (all features),1.0248075802359413,1.0403431077770815,2.743767144530034,0.995,1.0248075802359413,1,1,1,1
42,88897,1.1,1,0.8235734911822006,1,Classical (all features),0.6989947306077068,0.6036655860426812,5.714876809670504,1.0,0.6989947306077068,1,1,1,1
42,150680,104.03,1,0.8095711876872549,1,Classical (all features),0.24784134876139058,0.39960275029183623,14.19148857056122,0.985,0.24784134876139058,1,1,1,1
42,19003,2.58,0,-1.3807895716990897,0,Classical (all features),-2.340331202626284,-1.338455190046755,-1.645986415894215,0.0,-2.340331202626284,0,0,0,0
42,204685,18.14,0,0.01645664532363378,0,Classical (all features),-0.3776609025578667,-0.17151194556536192,-0.3426955145895903,0.38,-0.3776609025578667,0,0,0,0
42,262935,1.0,0,-1.087591693020333,0,Classical (all features),-1.00009409609655,-1.210900891062152,-1.9278144229256635,0.03,-1.00009409609655,0,0,0,0
42,41146,89.95,0,-1.3359357724342462,0,Classical (all features),-2.127394695098933,-1.2895627145503443,-2.1330076307099706,0.025,-2.127394695098933,0,0,0,0
42,252253,5.43,0,-1.3315383740038353,0,Classical (all features),-1.8659186103639203,-1.0990874320639372,-1.7589720119095313,0.0,-1.8659186103639203,0,0,0,0
42,236552,108.0,0,-1.2048234047620432,0,Classical (all features),-1.480366031245562,-0.7673240390573204,-2.8781940157338135,0.14,-1.480366031245562,0,0,0,0
42,263796,16.0,0,-1.0820832321887939,0,Classical (all features),-1.7778417338345374,-1.1421533149096657,-2.6125347276177457,0.025,-1.7778417338345374,0,0,0,0
42,221041,2.0,1,0.6513697820015876,1,Classical (all features),0.2003404379718666,0.4058867137102494,2.6807601841606647,0.98,0.2003404379718666,1,1,1,1
42,263413,13.0,0,-1.0561409509662512,0,Classical (all features),-1.043535196754537,-1.2141168376351035,-1.8484364460365563,0.01,-1.043535196754537,0,0,0,0
42,64329,99.99,1,0.9827921075923853,1,Classical (all features),0.9681358938884488,0.9753290247491522,8.922752266758348,0.985,0.9681358938884488,1,1,1,1
42,77348,0.01,1,0.8848818199960682,1,Classical (all features),0.9824165918249288,0.930620537036027,4.090340779621465,0.99,0.9824165918249288,1,1,1,1
42,9099,29.7,0,-1.0958167580515301,0,Classical (all features),-1.2077561388146036,-1.128600281302218,-3.209618241716152,0.05,-1.2077561388146036,0,0,0,0
42,273100,25.0,0,-1.2677094121394503,0,Classical (all features),-1.3173450069742165,-1.0903290455149517,-2.5459996910442455,0.12,-1.3173450069742165,0,0,0,0
42,168400,200.0,0,-0.8756483454599917,0,Classical (all features),-1.2299164429366694,-0.685691769952057,-2.801114023341636,0.125,-1.2299164429366694,0,0,0,0
42,212432,1.0,0,-0.27353043951361267,0,Classical (all features),-0.6745298525812935,-0.4599461023321019,-2.3830727927043625,0.06,-0.6745298525812935,0,0,0,0
42,81596,202.39,0,-0.6394735303707686,0,Classical (all features),-1.0280004487349976,-1.0236584930521326,-0.9780691210823667,0.235,-1.0280004487349976,0,0,0,0
42,257101,1.29,0,-1.2463174763078726,0,Classical (all features),-1.8933837027236755,-1.1322386631650116,-2.1879442268037255,0.0,-1.8933837027236755,0,0,0,0
42,273580,5.99,0,-0.6709490319801454,0,Classical (all features),-1.2324450912175575,-0.30020693077840227,-1.4837016976682005,0.11,-1.2324450912175575,0,0,0,0
42,204503,84.28,1,1.0686729813618028,1,Classical (all features),0.9751565877213173,0.883159230263535,2.6696123428429495,0.995,0.9751565877213173,1,1,1,1
42,243547,57.73,1,1.120552022426753,1,Classical (all features),0.37935002449450617,0.781508772003561,5.7290757221422,0.995,0.37935002449450617,1,1,1,1
42,81128,100.6,0,-0.8492131860041803,0,Classical (all features),-1.602074135453794,-0.7712048009275749,-1.092316103868791,0.01,-1.602074135453794,0,0,0,0
42,192830,1.29,0,-1.2749261653779107,0,Classical (all features),-1.1389535339884254,-1.4259243121708998,-2.847387238635854,0.03,-1.1389535339884254,0,0,0,0
42,6286,39.01,0,-0.02299676144122509,0,Classical (all features),-0.09224004941436531,-0.11360855211826598,-0.7055962027631836,0.415,-0.09224004941436531,0,0,0,0
42,260655,75.0,0,-1.322585946757372,0,Classical (all features),-0.9424254074461078,-1.4069275157789995,-3.2255727821254028,0.035,-0.9424254074461078,0,0,0,0
42,283178,1.29,0,-1.2245171618718111,0,Classical (all features),-1.7243718222787128,-1.1679544268200097,-2.326073565001389,0.01,-1.7243718222787128,0,0,0,0
42,92777,294.9,1,0.8423433951236354,1,Classical (all features),0.437461745753196,0.6765459704967123,5.676361928434469,0.99,0.437461745753196,1,1,1,1
42,9252,1.0,1,0.879537442300772,1,Classical (all features),0.9029958887224334,0.903147926986573,19.568769875703968,1.0,0.9029958887224334,1,1,1,1
42,133087,1.0,0,-1.0086928663608206,0,Classical (all features),-1.4168044669410835,-1.074898932884042,-0.9409575383994804,0.07,-1.4168044669410835,0,0,0,0
42,254499,19.95,0,-1.2937530866559204,0,Classical (all features),-1.3211516150227005,-1.1984888943444647,-2.4338351164154,0.0,-1.3211516150227005,0,0,0,0
42,164488,3.56,0,-1.3266738639464253,0,Classical (all features),-1.5884781296214339,-1.241153276186366,-1.9391910045583847,0.005,-1.5884781296214339,0,0,0,0
42,189701,93.35,1,0.9901285866711448,1,Classical (all features),0.33313667023042504,0.5318948046169709,4.4893732375097555,0.98,0.33313667023042504,1,1,1,1
42,106581,1.0,0,-1.0247999075395868,0,Classical (all features),-0.7522842147657212,-0.8035990280665406,-3.185783577695514,0.005,-0.7522842147657212,0,0,0,0
42,154286,0.92,1,0.616521708497261,1,Classical (all features),0.19977243595247912,0.39806969913024315,0.15717922697140624,0.66,0.19977243595247912,1,0,0,1
42,154694,346.94,1,0.9293015465546184,1,Classical (all features),0.3924147221689832,0.5478423946107264,7.5835117424012415,1.0,0.3924147221689832,1,1,1,1
42,174943,61.0,0,-0.09359336115375338,0,Classical (all features),-1.0028526621223162,-0.5075115028528119,-1.0922382752213748,0.195,-1.0028526621223162,0,0,0,0
42,154454,147.87,1,0.9544534783732279,1,Classical (all features),0.9939716193053605,1.0253581704293435,3.998521146708414,0.99,0.9939716193053605,1,1,1,1
42,47311,119.67,0,-0.8874077131422355,0,Classical (all features),-1.1747064283949962,-1.2533544361582885,-2.5436358995587476,0.0,-1.1747064283949962,0,0,0,0
42,82580,12.31,0,-1.1253842260316018,0,Classical (all features),-1.496906976510126,-1.2706780542058957,-1.0564399004486693,0.035,-1.496906976510126,0,0,0,0
42,199044,28.84,0,-1.3399927561135268,0,Classical (all features),-1.787725670204866,-1.2520304801920439,-2.1944265305037662,0.015,-1.787725670204866,0,0,0,0
42,228904,1016.04,0,0.522423366308308,1,Classical (all features),-0.04347830606633951,0.34709061923682566,-1.1236343153659798,0.445,-0.04347830606633951,1,0,0,0
42,12415,1.0,0,-1.346289316377203,0,Classical (all features),-1.3602432888254674,-1.410455449168649,-1.7416039789789823,0.07,-1.3602432888254674,0,0,0,0
42,123853,25.0,0,-1.2705919576805136,0,Classical (all features),-1.22847255351862,-1.1947106665800542,-2.7726160613985056,0.0,-1.22847255351862,0,0,0,0
42,262256,56.03,0,-0.4578425650331228,0,Classical (all features),-0.6961565862675305,-0.19110899025939693,-4.307262194998291,0.105,-0.6961565862675305,0,0,0,0
42,68320,0.76,1,-0.036431950789703516,0,Classical (all features),-0.3735270291373826,-0.2027629429313162,-0.2680463963327479,0.22,-0.3735270291373826,0,0,0,0
42,144104,1.0,1,0.917801212573574,1,Classical (all features),0.8485621740976295,0.7459100596186437,6.788688911855684,0.995,0.8485621740976295,1,1,1,1
42,8617,1.0,1,1.0011630092056165,1,Classical (all features),0.5400196287682821,0.5315135787700906,4.52582840839369,0.995,0.5400196287682821,1,1,1,1
42,222025,25.9,0,-1.413937981075873,0,Classical (all features),-1.3538023271972741,-1.2104841445010255,-2.671184345676091,0.005,-1.3538023271972741,0,0,0,0
42,228712,22.94,0,-0.47399407479189604,0,Classical (all features),-1.4554913699822265,-0.4804996647607282,-3.751365832184412,0.065,-1.4554913699822265,0,0,0,0
42,79892,9.03,0,-1.1432513734411935,0,Classical (all features),-2.0075708716667306,-1.0137230353959232,-1.7825674560828606,0.015,-2.0075708716667306,0,0,0,0
42,79883,270.0,1,0.8113460114463944,1,Classical (all features),1.0176891811788495,0.7447611528626257,2.632778724880381,0.995,1.0176891811788495,1,1,1,1
42,129783,1.0,0,-1.006158114385005,0,Classical (all features),-1.1589818747607241,-1.130917957041161,-2.1098043316074655,0.09,-1.1589818747607241,0,0,0,0
42,154335,0.89,0,-1.2612847026103486,0,Classical (all features),-1.4268833499010727,-1.1041585669198943,-2.0419482788794445,0.01,-1.4268833499010727,0,0,0,0
42,149874,600.73,1,0.53816123462463,1,Classical (all features),0.31666282544998847,0.7072144182761159,1.5746226028890538,0.92,0.31666282544998847,1,1,1,1
42,158127,30.03,0,0.15170606398065511,0,Classical (all features),-0.07876042111719422,-0.3627572380031015,-0.6687094391305446,0.23,-0.07876042111719422,0,0,0,0
42,212553,34.19,0,-1.1239113204469884,0,Classical (all features),-1.088389807612167,-1.2867972686974698,-1.4367838826752153,0.01,-1.088389807612167,0,0,0,0
42,137233,11.87,0,-1.1130857564862497,0,Classical (all features),-1.1221786441705786,-1.1241590672951423,-1.3455958238899581,0.0,-1.1221786441705786,0,0,0,0
42,174288,77.05,0,-0.611337272573617,0,Classical (all features),-1.4050853903553946,-0.9880910722460421,-1.4284834056057074,0.045,-1.4050853903553946,0,0,0,0
42,39937,67.49,0,-0.13278850425635524,0,Classical (all features),-1.1790625215394699,-0.5487784418347301,-0.4246313369377087,0.12,-1.1790625215394699,0,0,0,0
42,180523,2.58,0,-1.237310980572533,0,Classical (all features),-1.869403018565891,-1.1521082627477666,-2.2566353809390916,0.0,-1.869403018565891,0,0,0,0
42,280332,25.0,0,-0.987111736195041,0,Classical (all features),-1.6673625220348574,-0.9977942582114843,-2.3510293635089585,0.01,-1.6673625220348574,0,0,0,0
42,217385,8.99,0,-1.3502467561641731,0,Classical (all features),-1.9980098862379834,-1.2240363487914945,-2.1327557202816276,0.005,-1.9980098862379834,0,0,0,0
42,154697,7.59,1,0.7304967513967747,1,Classical (all features),0.2505256593106494,0.47072538368117867,4.6470608383485335,0.99,0.2505256593106494,1,1,1,1
42,76609,7.52,1,0.8042680068181679,1,Classical (all features),0.3233476992375463,0.565863820807641,8.106364615336961,1.0,0.3233476992375463,1,1,1,1
42,168171,362.65,0,-0.04490514935743739,0,Classical (all features),-0.9012313257720372,-0.4879110032990462,-2.5737022041424082,0.03,-0.9012313257720372,0,0,0,0
42,189587,67.9,1,1.0105078269164656,1,Classical (all features),1.2079452843700271,0.8800196567944325,4.316147961620523,0.985,1.2079452843700271,1,1,1,1
42,284638,430.0,0,0.34578122207824546,1,Classical (all features),-0.2586173616433105,0.5242155879529959,0.4937802460541771,0.505,-0.2586173616433105,1,1,0,0
42,36326,10.62,0,-1.14130164937225,0,Classical (all features),-1.6024933965086747,-1.3855205638337222,-1.523820499710412,0.055,-1.6024933965086747,0,0,0,0
42,169745,1.0,0,-1.200087460510409,0,Classical (all features),-1.040445396227338,-1.2005162359852115,-1.1102116778265503,0.13,-1.040445396227338,0,0,0,0
42,103522,9.99,0,-1.3737100694626794,0,Classical (all features),-1.5457159685072146,-1.1917801928401222,-2.490924287222523,0.05,-1.5457159685072146,0,0,0,0
42,42700,30.26,1,0.8261861722680645,1,Classical (all features),0.520942734768292,0.5097004031721548,14.735736511788756,0.99,0.520942734768292,1,1,1,1
42,1509,142.42,0,-0.8005389221975103,0,Classical (all features),-1.2948413546086666,-1.145147908165709,-2.017670824646646,0.03,-1.2948413546086666,0,0,0,0
42,188728,28.75,0,0.6973796824172582,1,Classical (all features),0.19977243595247898,0.3980696991302519,-4.4351053995958045,0.585,0.19977243595247898,1,0,0,1
42,49665,12.0,0,-1.2888064759976496,0,Classical (all features),-1.5351806205020615,-1.2661239376571407,-2.243294698660814,0.005,-1.5351806205020615,0,0,0,0
42,89363,1.79,0,-1.4059948698746385,0,Classical (all features),-1.9506287731079193,-1.311031560176129,-1.9802502833901807,0.0,-1.9506287731079193,0,0,0,0
42,277006,394.68,0,-0.2515584282962927,0,Classical (all features),-1.2526811786330894,-0.3099223753297821,-1.90269167081756,0.225,-1.2526811786330894,0,0,0,0
42,66285,22.0,0,-0.9528072187175511,0,Classical (all features),-1.052739792562798,-1.049132836894531,-3.6477516293575447,0.1,-1.052739792562798,0,0,0,0
42,206884,10.61,0,-1.1362556514441622,0,Classical (all features),-1.8963662882761219,-1.1623298832792772,-2.222145302161312,0.015,-1.8963662882761219,0,0,0,0
42,15736,99.99,1,0.9900470316155972,1,Classical (all features),0.909157383827687,0.9174064124912216,16.44629886180228,1.0,0.909157383827687,1,1,1,1
42,130934,1.0,0,-0.9389172045098637,0,Classical (all features),-0.9510927353922276,-1.0912210980326467,-1.870578712394286,0.145,-0.9510927353922276,0,0,0,0
42,2818,4.95,0,-1.3264375384684686,0,Classical (all features),-2.044831228910441,-1.255207072862425,-1.5859543132089182,0.025,-2.044831228910441,0,0,0,0
42,154633,22.04,1,0.8939728463057969,1,Classical (all features),0.8278256860213529,0.6168842482003692,3.373316053667171,1.0,0.8278256860213529,1,1,1,1
42,236649,380.0,0,0.5710573886024224,1,Classical (all features),-0.259032669975948,0.20064876082976557,-0.4518026466600603,0.18,-0.259032669975948,0,0,0,0
42,43153,16.94,0,-1.2040192865231003,0,Classical (all features),-2.1536581680961,-0.9854252298617159,-1.8229593063227751,0.0,-2.1536581680961,0,0,0,0
42,129673,103.99,0,-0.05798093920183656,0,Classical (all features),-0.2091541525830365,-0.0010556132931040518,-1.4628555655378868,0.2,-0.2091541525830365,0,0,0,0
42,188338,8.99,0,-1.1400549358971748,0,Classical (all features),-1.7874176197012646,-1.1044553378135689,-2.6166297768823767,0.045,-1.7874176197012646,0,0,0,0
42,152295,9.82,1,0.7519054946221326,1,Classical (all features),0.20334191036041263,0.39807040639629526,8.948771231877878,0.82,0.20334191036041263,1,1,1,1
42,88375,79.99,0,-1.0023836668491617,0,Classical (all features),-0.5478005585713355,-0.8851588760475069,-1.755048807102109,0.265,-0.5478005585713355,0,0,0,0
42,41000,0.23,0,-1.296357663685101,0,Classical (all features),-1.5483674040151199,-1.3876397498311597,-1.637618471959525,0.13,-1.5483674040151199,0,0,0,0
42,106385,45.0,0,-1.3247270002085367,0,Classical (all features),-1.935560408889984,-1.3319600780326604,-1.9177773096961293,0.01,-1.935560408889984,0,0,0,0
42,49896,20.0,0,-1.0920816361498333,0,Classical (all features),-1.1563999772569413,-1.1582861254292107,-1.2094721626501217,0.01,-1.1563999772569413,0,0,0,0
42,51481,35.9,0,-1.3204166703916502,0,Classical (all features),-1.8151568494870605,-1.0903657717773274,-1.4350536077590663,0.04,-1.8151568494870605,0,0,0,0
42,30445,40.99,0,-0.8367301406098209,0,Classical (all features),-0.3108970843021884,-0.9457667144211543,-3.7644943319689994,0.015,-0.3108970843021884,0,0,0,0
42,203935,9.95,0,-1.1696300087713025,0,Classical (all features),-1.7552887214405526,-1.2105940346333168,-2.9998818891893917,0.005,-1.7552887214405526,0,0,0,0
42,243848,1.0,1,1.1477184507045461,1,Classical (all features),0.3817366153155137,0.8199650345534525,6.010486001020309,0.995,0.3817366153155137,1,1,1,1
42,142116,541.1,0,0.47343398664045866,1,Classical (all features),-0.2841272549132421,0.3132582594249014,-0.7821341273982956,0.4,-0.2841272549132421,1,0,0,0
42,240665,9.42,0,-1.3770810794607244,0,Classical (all features),-2.151446319282283,-1.184775155074846,-1.9641356696608832,0.0,-2.151446319282283,0,0,0,0
42,157712,0.0,0,-0.9068564667615264,0,Classical (all features),-0.5708617654301327,-1.1284922221135099,-1.4761593869425165,0.05,-0.5708617654301327,0,0,0,0
42,200287,27.9,0,-1.200920319371665,0,Classical (all features),-1.4822434029899465,-1.0599348589244122,-2.623775973469587,0.055,-1.4822434029899465,0,0,0,0
42,10891,188.78,1,0.7021576754065415,1,Classical (all features),0.22522212113669274,0.39808490970703525,9.144226180044155,0.845,0.22522212113669274,1,1,1,1
42,275896,39.99,0,-1.2104781600139933,0,Classical (all features),-1.353720889557102,-1.3239833885052885,-3.054223300981824,0.055,-1.353720889557102,0,0,0,0
42,28997,2.8,0,-1.4095411272018856,0,Classical (all features),-1.1142672045952167,-1.2713308237687506,-2.4330589129844604,0.08,-1.1142672045952167,0,0,0,0
42,165476,791.68,0,0.4291072530407074,1,Classical (all features),-0.028478780634444673,0.04770686060100687,0.4074127610970875,0.565,-0.028478780634444673,0,1,0,0
42,82028,137.28,0,-1.278245888216836,0,Classical (all features),-1.2076759981650462,-1.3053117747624927,-1.6191311421714867,0.0,-1.2076759981650462,0,0,0,0
42,234829,100.5,0,-1.299240795327399,0,Classical (all features),-0.9303236459554927,-1.2668506192927544,-2.0447196363403917,0.01,-0.9303236459554927,0,0,0,0
42,53591,1.0,1,0.9778638761839398,1,Classical (all features),0.855519622469028,0.8275102635061393,3.6987934835278264,0.985,0.855519622469028,1,1,1,1
42,221516,3.08,0,-0.9311090494333445,0,Classical (all features),-1.5153747233240156,-0.8592360367198189,-2.5669855462040543,0.015,-1.5153747233240156,0,0,0,0
42,254276,29.78,0,-1.015004719538513,0,Classical (all features),-1.4046247674559704,-0.9970283701124376,-2.6123198988453535,0.015,-1.4046247674559704,0,0,0,0
42,263877,0.38,1,1.0158192793083898,1,Classical (all features),1.0003997891099123,0.7906079680989827,6.08318695094663,1.0,1.0003997891099123,1,1,1,1
42,172593,142.55,0,-1.0712052209772978,0,Classical (all features),-0.8938444592147872,-1.0303682827108525,-2.9835256634544756,0.08,-0.8938444592147872,0,0,0,0
42,7089,0.01,0,-1.137967223416308,0,Classical (all features),-1.1780298416963713,-1.0848439294395298,-1.7650843963688732,0.0,-1.1780298416963713,0,0,0,0
42,17317,99.99,1,0.9645093003377647,1,Classical (all features),0.9116900456050718,0.9260960893603183,16.819364219922683,1.0,0.9116900456050718,1,1,1,1
42,274075,126.0,0,-1.0140324875801474,0,Classical (all features),-0.9823324755972378,-0.7822987562009371,-4.248037153695226,0.105,-0.9823324755972378,0,0,0,0
42,209661,1.0,0,-0.9073253910264325,0,Classical (all features),-1.0143099040091403,-0.921507694528108,-1.052122197963036,0.16,-1.0143099040091403,0,0,0,0
42,124915,16.99,0,-1.3303224926132484,0,Classical (all features),-2.0633512132958836,-1.2804502533043816,-1.5277365156770057,0.01,-2.0633512132958836,0,0,0,0
42,105592,134.25,0,-0.9646545186536015,0,Classical (all features),-1.19677788432238,-1.1394856094277144,-1.4651672303050212,0.0,-1.19677788432238,0,0,0,0
42,32425,1.54,0,-0.5857918534573943,0,Classical (all features),-0.5192343858481776,-0.6183713104565758,-3.1531488494165787,0.08,-0.5192343858481776,0,0,0,0
42,70618,10.0,0,-1.3185641456470834,0,Classical (all features),-1.5871962933437525,-1.1861554566226213,-1.9285244302689917,0.025,-1.5871962933437525,0,0,0,0
42,7157,710.69,0,0.4985566320035336,1,Classical (all features),-0.11713334731298264,-0.35692322185128017,-1.215872268962871,0.135,-0.11713334731298264,0,0,0,0
42,215499,46.0,0,-1.04793038566411,0,Classical (all features),-1.2030590639079202,-1.157885332672507,-1.8732368851145598,0.0,-1.2030590639079202,0,0,0,0
42,151011,1.0,1,0.7476372056381844,1,Classical (all features),0.20199242158505204,0.39807335161714325,10.45059651320811,0.855,0.20199242158505204,1,1,1,1
42,122944,1.79,0,0.6333346841306254,1,Classical (all features),0.1971607797590753,0.394811263201265,-3.499469815587266,0.835,0.1971607797590753,1,0,1,1
42,30188,188.9,0,-1.1727383309273975,0,Classical (all features),-1.5777051512923075,-0.9296038279755887,-1.9329311646199785,0.015,-1.5777051512923075,0,0,0,0
42,12070,1.0,1,1.0082257407548347,1,Classical (all features),1.021070040695265,1.0158671591420672,14.368707449702937,1.0,1.021070040695265,1,1,1,1
42,31120,6.51,0,-1.2536647203188738,0,Classical (all features),-1.1675786845550562,-1.212801163825843,-1.8358920959470322,0.015,-1.1675786845550562,0,0,0,0
42,93886,2.69,0,-1.243936199218214,0,Classical (all features),-1.7299213647559062,-1.2078613225503354,-1.3946539710240724,0.005,-1.7299213647559062,0,0,0,0
42,155137,99.0,0,-0.5369284840659916,0,Classical (all features),-0.6739045601998059,-0.6714296271436133,-3.4001316486283173,0.02,-0.6739045601998059,0,0,0,0
42,234633,1.59,1,1.0015466469514434,1,Classical (all features),1.176082030719484,0.9120877195079988,4.574608474355466,1.0,1.176082030719484,1,1,1,1
42,80444,25.0,0,-1.337673134070591,0,Classical (all features),-0.6734021453814676,-1.1018216734170587,-3.5305270765490495,0.155,-0.6734021453814676,0,0,0,0
42,162749,60.96,0,-1.389313302565647,0,Classical (all features),-1.9784274230667307,-1.2966086993587913,-2.2147835281412935,0.015,-1.9784274230667307,0,0,0,0
42,49791,172.21,0,-1.1472195093310085,0,Classical (all features),-1.5769597604678833,-1.1047326823467358,-2.0901272711715575,0.0,-1.5769597604678833,0,0,0,0
42,90606,5.99,0,-1.4058659583606203,0,Classical (all features),-2.3014959414146943,-1.3068947912162858,-1.9399057198374372,0.0,-2.3014959414146943,0,0,0,0
42,6014,12.99,0,-1.3308555742425023,0,Classical (all features),-1.6749919934997426,-1.20519253841359,-1.3237177165551242,0.0,-1.6749919934997426,0,0,0,0
42,178903,25.0,0,-1.2982669930990873,0,Classical (all features),-1.7182719730109153,-1.1673145543735677,-2.758638376472236,0.025,-1.7182719730109153,0,0,0,0
42,249828,6.74,1,1.0732677358531157,1,Classical (all features),0.9788034782264596,0.7069224666496978,7.1098620180126835,1.0,0.9788034782264596,1,1,1,1
42,149185,4.78,0,0.03275936339579921,0,Classical (all features),-0.3339665373857032,-0.14356155436078538,-1.395537590703629,0.165,-0.3339665373857032,0,0,0,0
42,10484,3.79,1,-0.6469438814646002,0,Classical (all features),-0.4414058625154614,-0.9659052620692348,-0.4013639054115694,0.095,-0.4414058625154614,0,0,0,0
42,263192,11.5,0,-0.9373878255235197,0,Classical (all features),-1.4900031603705537,-0.9664652589383405,-3.649181883005983,0.02,-1.4900031603705537,0,0,0,0
42,134735,15.0,0,-1.2770064235008711,0,Classical (all features),-2.037552537563938,-1.2771856219709947,-1.2302759366982878,0.005,-2.037552537563938,0,0,0,0
42,127847,3.48,0,-0.4200302105415892,0,Classical (all features),-0.564654245944124,-0.7805563850240738,-0.7187876418039005,0.08,-0.564654245944124,0,0,0,0
42,170498,1.12,0,-0.6525258978871187,0,Classical (all features),-0.9889475810552617,-0.8079651024656809,-2.3562193274498484,0.185,-0.9889475810552617,0,0,0,0
42,123529,44.9,0,-1.3609601088987018,0,Classical (all features),-1.619872352598959,-1.081322536454082,-1.4098624970240223,0.045,-1.619872352598959,0,0,0,0
42,210216,0.0,0,-0.48507975592081154,0,Classical (all features),-0.8595271063801964,-0.4235379112053332,-2.7035386209874863,0.03,-0.8595271063801964,0,0,0,0
42,152848,14.95,0,-1.0717622129291975,0,Classical (all features),-1.6425965798161304,-1.3523357506546014,-3.5481167205755106,0.03,-1.6425965798161304,0,0,0,0
42,224436,0.89,0,-1.2127212914805576,0,Classical (all features),-1.94799218992734,-1.1778765203972297,-2.1208977677111243,0.015,-1.94799218992734,0,0,0,0
42,239367,11.99,0,-0.25604949901343566,0,Classical (all features),-0.5576825908170597,-0.4896086146513566,-0.2619507507129456,0.395,-0.5576825908170597,0,0,0,0
42,151168,15.13,0,-0.9510434177598743,0,Classical (all features),-0.6135252428435136,-1.2970922255611528,-2.704374861563683,0.015,-0.6135252428435136,0,0,0,0
42,65420,9.99,0,-1.231632874453911,0,Classical (all features),-1.2618008195246713,-1.0068041464665813,-1.8997236496918783,0.06,-1.2618008195246713,0,0,0,0
42,213057,1.0,0,-1.032922705738046,0,Classical (all features),-1.63296389166539,-1.1255887484652503,-2.005643336204473,0.015,-1.63296389166539,0,0,0,0
42,140437,3.99,0,-1.365783952843161,0,Classical (all features),-1.6098697199472867,-1.1442601904297425,-1.8719108240192108,0.0,-1.6098697199472867,0,0,0,0
42,229712,1.18,1,0.9749941610741794,1,Classical (all features),1.01905224087046,0.8632844930824125,6.675364899971281,1.0,1.01905224087046,1,1,1,1
42,201098,0.0,1,1.0349526196203247,1,Classical (all features),1.1240234377554432,0.9680272028789378,5.569301333893528,1.0,1.1240234377554432,1,1,1,1
42,242396,622.0,0,0.44800878766705765,1,Classical (all features),-0.24813439945352833,-0.054125557905734534,-2.1901148344647843,0.26,-0.24813439945352833,0,0,0,0
42,266626,26.16,0,-1.0101447520970799,0,Classical (all features),-0.5193389997422801,-1.3162261608573047,-3.1808305902053458,0.01,-0.5193389997422801,0,0,0,0
42,235120,9.3,0,-1.1438263809183007,0,Classical (all features),-1.5122267396200821,-1.1558492663120654,-1.7156652554305152,0.01,-1.5122267396200821,0,0,0,0
42,150692,37.93,1,0.8945043470775815,1,Classical (all features),0.2653629612243519,0.40687403300702346,13.646089635493729,0.99,0.2653629612243519,1,1,1,1
42,133651,0.99,0,-1.0490056664057263,0,Classical (all features),-1.0108977623412048,-1.0267892029557788,-2.4412070856250305,0.03,-1.0108977623412048,0,0,0,0
42,184898,10.52,0,-1.1980238307249025,0,Classical (all features),-1.9681300328650517,-1.0429636283943775,-2.7404559500703263,0.0,-1.9681300328650517,0,0,0,0
42,141257,0.0,1,0.8172928355857488,1,Classical (all features),0.32235389476100873,0.4234014257877623,11.806597558406807,1.0,0.32235389476100873,1,1,1,1
42,83909,11.5,0,-1.3720133247669046,0,Classical (all features),-1.8772306616168273,-1.3016062978722704,-2.2124181281839004,0.0,-1.8772306616168273,0,0,0,0
42,85395,40.0,0,-1.316707890764009,0,Classical (all features),-1.297784279318048,-1.2802252116077921,-1.9716837000031897,0.01,-1.297784279318048,0,0,0,0
42,275069,0.89,0,-1.1353302687728937,0,Classical (all features),-2.1037011932567378,-1.1224112991392512,-2.4162667337771433,0.07,-2.1037011932567378,0,0,0,0
42,187665,28.0,0,-0.917035480042135,0,Classical (all features),-1.2025323467972555,-1.0639081613710684,-1.684512008229494,0.12,-1.2025323467972555,0,0,0,0
42,33049,2.68,0,-0.9645566079695094,0,Classical (all features),-1.373611446019885,-0.8504255759242982,-0.5377907472172433,0.47,-1.373611446019885,0,0,0,0
42,140541,0.99,0,-1.2123632919067744,0,Classical (all features),-2.307732066100471,-0.9989768631095184,-1.6996342736662622,0.0,-2.307732066100471,0,0,0,0
42,122271,45.6,0,-1.2054525321610579,0,Classical (all features),-1.5854004778971187,-1.1695591650104953,-1.3538779975407056,0.015,-1.5854004778971187,0,0,0,0
42,129268,17.85,0,-0.4497224084689413,0,Classical (all features),-0.4870479590341232,-0.17786182325803995,-3.491941720900168,0.04,-0.4870479590341232,0,0,0,0
42,15781,99.99,1,1.0017181273438431,1,Classical (all features),0.9893539146993533,0.9901835001831891,16.56612407205425,1.0,0.9893539146993533,1,1,1,1
42,15238,8.99,0,-1.3529163704912286,0,Classical (all features),-2.0939978768672445,-1.2727672834429378,-1.525762424478936,0.005,-2.0939978768672445,0,0,0,0
42,26926,112.71,0,-1.264449123426991,0,Classical (all features),-2.0835924100525895,-1.4736470478404606,-2.16872521606467,0.0,-2.0835924100525895,0,0,0,0
42,197649,49.46,0,-1.2075221319420608,0,Classical (all features),-0.8296207695151736,-1.198998124581339,-1.363295385756338,0.01,-0.8296207695151736,0,0,0,0
42,118319,130.0,0,-0.8120881290657302,0,Classical (all features),-1.1347622964873814,-0.8313143145062476,-1.3595379365121643,0.09,-1.1347622964873814,0,0,0,0
42,267121,146.5,0,-1.193025073454305,0,Classical (all features),-2.0804575111440506,-1.2135717621749351,-3.296843908337823,0.03,-2.0804575111440506,0,0,0,0
42,277471,54.99,0,-1.3308305734140802,0,Classical (all features),-1.710403159929802,-1.2929534968030398,-2.8161439489450637,0.135,-1.710403159929802,0,0,0,0
42,214507,9.99,0,-1.2302941731318973,0,Classical (all features),-1.961697464905302,-1.1714831584937597,-2.8179942912485556,0.0,-1.961697464905302,0,0,0,0
42,77488,0.76,0,-0.8937443351013317,0,Classical (all features),-1.063108743839228,-1.0367465854799855,-0.8273059212486843,0.385,-1.063108743839228,0,0,0,0
42,30384,1.0,1,0.7514686094777884,1,Classical (all features),0.3463117152772881,0.46450601763051824,8.030064580103398,0.995,0.3463117152772881,1,1,1,1
42,263278,65.89,0,-1.015211351916613,0,Classical (all features),-1.051574820191415,-0.5955326707242707,-3.648435441033732,0.105,-1.051574820191415,0,0,0,0
42,94385,15.0,0,-1.311946318735991,0,Classical (all features),-1.3809646394760122,-1.09294908345224,-1.6821995861518235,0.015,-1.3809646394760122,0,0,0,0
42,246037,42.0,0,-1.2600683371916224,0,Classical (all features),-2.0356449279250453,-1.262450884926237,-2.7540462151076954,0.035,-2.0356449279250453,0,0,0,0
42,89961,38.42,0,-1.2768078742869367,0,Classical (all features),-2.1987737975512167,-1.1282810092676088,-2.268828072867575,0.01,-2.1987737975512167,0,0,0,0
42,124176,1.0,1,-0.550570974583859,0,Classical (all features),-0.21457654286277172,-0.286447788493375,-0.28534847245272943,0.575,-0.21457654286277172,0,0,0,0
42,241787,245.9,0,0.18132523894180896,0,Classical (all features),-0.5835014797060174,0.02565889272345534,-0.5157808784622611,0.1,-0.5835014797060174,0,0,0,0
42,24066,0.76,0,-0.6200942605441073,0,Classical (all features),-1.185253455439912,-0.8346698096297327,-0.4906559810305545,0.1,-1.185253455439912,0,0,0,0
42,219722,179.48,0,-0.9466633221221581,0,Classical (all features),-1.0792407687010495,-0.7353580399467039,-1.6024338862585499,0.005,-1.0792407687010495,0,0,0,0
42,169319,1.79,0,-1.0156041382715626,0,Classical (all features),-1.950866293273463,-1.1380954378052062,-2.5522823557324403,0.01,-1.950866293273463,0,0,0,0
42,95210,10.0,0,-0.8332304794189425,0,Classical (all features),-1.509534098095412,-0.7341598462060848,-2.82984490473871,0.04,-1.509534098095412,0,0,0,0
42,203700,0.0,1,1.0354939402119767,1,Classical (all features),0.9376937991912402,1.0169399368062673,5.497841775255073,1.0,0.9376937991912402,1,1,1,1
42,14833,14.13,0,-1.1274883931731465,0,Classical (all features),-2.059348679027027,-1.1669802941831566,-2.5062269234466013,0.005,-2.059348679027027,0,0,0,0
42,90805,3.96,0,-1.1392855451255148,0,Classical (all features),-1.9591187905176308,-1.054449762419903,-1.7833899812727008,0.11,-1.9591187905176308,0,0,0,0
42,269730,1.0,0,-0.8348855492623559,0,Classical (all features),-0.8271679695342429,-0.9875618813189677,-1.6064740480432949,0.38,-0.8271679695342429,0,0,0,0
42,67332,29.56,0,-0.9953899288620116,0,Classical (all features),-0.842427748391483,-1.1262953903688493,-1.008690311858461,0.015,-0.842427748391483,0,0,0,0
42,265958,20.0,0,-1.2617408094793678,0,Classical (all features),-1.5544150177629155,-1.3204837264824931,-2.058307204486936,0.0,-1.5544150177629155,0,0,0,0
42,254995,267.0,0,-0.29356923611195607,0,Classical (all features),-0.7722191637680598,-0.7902814098122066,-1.4409725042196952,0.26,-0.7722191637680598,0,0,0,0
42,58761,1.0,1,-1.0262876550674258,0,Classical (all features),-1.1227135824430474,-1.1886467491306036,-0.9575643752891554,0.095,-1.1227135824430474,0,0,0,0
42,68522,0.76,1,0.920719329647521,1,Classical (all features),0.845517817539881,0.9680864711323134,3.878778867682318,0.99,0.845517817539881,1,1,1,1
42,249195,552.51,0,0.4226625608380019,1,Classical (all features),-0.6622463893478272,-0.0514008227672465,-2.684626727950915,0.16,-0.6622463893478272,0,0,0,0
42,146962,1.79,0,-1.0030664944557768,0,Classical (all features),-1.4670769377052035,-0.8036235397001026,-3.2176824399747095,0.09,-1.4670769377052035,0,0,0,0
42,19302,250.0,0,-0.6619157500132931,0,Classical (all features),-1.573456984392965,-0.767259659637987,-1.4220124694768292,0.025,-1.573456984392965,0,0,0,0
42,41655,78.0,0,-1.4082579800370107,0,Classical (all features),-1.569829542031045,-1.224638176951879,-2.3098983092387915,0.045,-1.569829542031045,0,0,0,0
42,22588,54.9,0,-1.294186992480468,0,Classical (all features),-2.2074223387475134,-1.1751785049328267,-1.4213796451957064,0.01,-2.2074223387475134,0,0,0,0
42,69440,66.0,0,-0.751765113352191,0,Classical (all features),-0.6271308869807446,-1.051459427139507,-1.0703009647667823,0.155,-0.6271308869807446,0,0,0,0
42,266824,5.0,0,-1.1252806357372578,0,Classical (all features),-1.3928072545894512,-0.9871933233988734,-2.5693570884825294,0.055,-1.3928072545894512,0,0,0,0
42,68370,2.73,0,-1.112899962243107,0,Classical (all features),-1.653542288372682,-1.1523837784194546,-2.1813565240949786,0.0,-1.653542288372682,0,0,0,0
42,278988,0.89,0,-0.8336877282661455,0,Classical (all features),-0.45110962200645993,-0.6589478063105274,-2.330591411797995,0.265,-0.45110962200645993,0,0,0,0
42,264017,1.0,0,-0.5813875745648902,0,Classical (all features),-0.9403211042511839,-0.2166688852874034,-4.023158559811484,0.04,-0.9403211042511839,0,0,0,0
42,88258,6.62,1,0.9674182856161145,1,Classical (all features),1.006443691116704,0.9480585018543553,4.57097083284134,0.995,1.006443691116704,1,1,1,1
42,113215,22.0,0,-1.1629469818724452,0,Classical (all features),-1.2839808309431842,-0.954239754553946,-1.6284769294990877,0.02,-1.2839808309431842,0,0,0,0
42,190970,104.0,0,-1.1465720834615485,0,Classical (all features),-1.1285704495961173,-1.489827533422859,-3.385403446531733,0.035,-1.1285704495961173,0,0,0,0
42,207821,1.18,0,-1.2258846656688387,0,Classical (all features),-1.5459783548392732,-1.1735649012435219,-2.592737733608739,0.01,-1.5459783548392732,0,0,0,0
42,23422,717.15,1,0.8138089734758998,1,Classical (all features),0.3741876188171992,0.39511442145045006,2.233489583233716,0.83,0.3741876188171992,1,1,1,1
42,215782,44.35,0,-1.134024591885099,0,Classical (all features),-1.0807022840249454,-1.2463623875678553,-1.32706827060063,0.005,-1.0807022840249454,0,0,0,0
42,251048,14.9,0,-1.2420044663023244,0,Classical (all features),-1.753836672964391,-1.162476748865612,-2.3601203703152738,0.065,-1.753836672964391,0,0,0,0
42,205289,366.9,0,0.394083432037002,1,Classical (all features),-0.7491977889083021,0.03317616828867492,-0.9281325191211367,0.095,-0.7491977889083021,0,0,0,0
42,154511,624.7,0,0.5444398585416061,1,Classical (all features),-0.5286283692377749,0.1940535184355961,-2.9636469310128106,0.325,-0.5286283692377749,0,0,0,0
42,112136,3.07,0,-1.3003020356785613,0,Classical (all features),-2.0530277927527956,-1.3115491515213764,-1.6658127542020906,0.015,-2.0530277927527956,0,0,0,0
42,9509,1.0,1,0.755986422487351,1,Classical (all features),0.3185176629612158,0.3991478203586911,17.206977130799434,0.99,0.3185176629612158,1,1,1,1
42,178862,22.0,0,-1.2545838636988331,0,Classical (all features),-0.7844204128579331,-1.2690144270856007,-1.5841836716625508,0.005,-0.7844204128579331,0,0,0,0
42,53604,4.25,0,-0.6821223117774879,0,Classical (all features),-0.40973136974186347,-0.9351337219531828,-0.3160790312387925,0.32,-0.40973136974186347,0,0,0,0
42,5106,55.39,0,-0.6744505904104456,0,Classical (all features),-0.8140940817436386,-0.8460966633117251,-2.0524826644871457,0.345,-0.8140940817436386,0,0,0,0
42,30017,9.99,0,-1.2078291695799022,0,Classical (all features),-1.3237559323261963,-1.2717805452055202,-1.6425818636733738,0.0,-1.3237559323261963,0,0,0,0
42,94218,720.38,1,0.6028691151716573,1,Classical (all features),0.1998830215305618,0.39807202641453127,3.4566362973781595,0.995,0.1998830215305618,1,1,1,1
42,142132,1.0,0,-0.5621821061302164,0,Classical (all features),-0.9355069958159123,-0.7646843767672873,-1.8080668373216093,0.165,-0.9355069958159123,0,0,0,0
42,212548,229.81,0,-0.8079594744054157,0,Classical (all features),-0.19580802152097387,-0.7063738065052816,-3.4956040410307287,0.025,-0.19580802152097387,0,0,0,0
42,34978,7.68,0,0.7101867578231225,1,Classical (all features),0.12584297165854225,0.3437992543297171,-1.3522164490932942,0.605,0.12584297165854225,1,0,0,1
42,213198,10.9,0,-1.3451999260400738,0,Classical (all features),-0.4420876365747219,-1.148940681470357,-3.516269977446304,0.14,-0.4420876365747219,0,0,0,0
42,258433,1.79,0,-1.2687842962015705,0,Classical (all features),-2.143114769296805,-1.181702011816502,-2.171621741566623,0.005,-2.143114769296805,0,0,0,0
42,127211,40.0,0,-1.116046458017991,0,Classical (all features),-1.4174061586189808,-1.1987244062007627,-2.1147509594915843,0.03,-1.4174061586189808,0,0,0,0
42,143333,0.0,1,0.9286697545363426,1,Classical (all features),0.3879669616188628,0.4862971828623442,10.223688281153954,0.985,0.3879669616188628,1,1,1,1
42,29456,194.0,0,-0.8793296161617259,0,Classical (all features),-1.3912901776661002,-0.5911777312132183,-1.7539764033868621,0.175,-1.3912901776661002,0,0,0,0
42,81016,60.0,0,-1.4152355285519886,0,Classical (all features),-0.937375167079507,-1.2732689083722017,-2.031841311824392,0.005,-0.937375167079507,0,0,0,0
42,95552,87.72,0,-1.2906519086863923,0,Classical (all features),-2.295161821832907,-1.334825561085182,-1.5755331180159886,0.0,-2.295161821832907,0,0,0,0
42,240271,62.0,0,-1.117123558019805,0,Classical (all features),-1.072170518508059,-1.2071735649378397,-1.6780257716789386,0.005,-1.072170518508059,0,0,0,0
42,6488,6.95,0,-1.0047389708878618,0,Classical (all features),-0.8023618268625086,-0.9789862031605803,-1.6123730183128178,0.205,-0.8023618268625086,0,0,0,0
42,281542,383.69,0,0.48410730611478464,1,Classical (all features),-0.6134613605147567,0.5453624429270454,-1.384376906887542,0.23,-0.6134613605147567,1,0,0,0
42,257696,214.67,0,0.34970864087157444,1,Classical (all features),-0.5871758928190516,0.21436452105573778,-1.7198321619939783,0.06,-0.5871758928190516,0,0,0,0
42,157918,635.1,1,0.17539853407819206,0,Classical (all features),-0.023590828823438326,0.29659879467226746,-2.9416914301915424,0.655,-0.023590828823438326,1,0,0,0
42,91247,1030.26,0,0.14966857526519872,0,Classical (all features),0.011018608977113764,0.38162840662007547,-1.635222908158916,0.205,0.011018608977113764,1,0,0,0
42,57748,1.0,0,-1.0998085249847849,0,Classical (all features),-1.2834495458364605,-1.2074935813227887,-2.456363729915296,0.7,-1.2834495458364605,0,0,0,0
42,44443,57.5,0,-1.2891768190233643,0,Classical (all features),-1.2660161536089676,-1.1953606770752334,-1.9410869274072027,0.08,-1.2660161536089676,0,0,0,0
42,51109,471.45,0,0.33493273365843473,0,Classical (all features),0.1997238508924798,0.35768435135490695,-1.8880209466835243,0.365,0.1997238508924798,1,0,0,1
42,18530,1.0,0,-0.33954518531052336,0,Classical (all features),-0.2047225444183724,-0.5958232733791851,-0.8112113102451631,0.095,-0.2047225444183724,0,0,0,0
42,155667,0.93,0,-1.1662489189214171,0,Classical (all features),-1.0549979454743785,-1.1543593046739224,-3.125579085211311,0.04,-1.0549979454743785,0,0,0,0
42,2013,1.0,0,-1.182222760334781,0,Classical (all features),-1.3497895731165295,-0.9374751170212117,-1.8263102949577357,0.07,-1.3497895731165295,0,0,0,0
42,235866,49.0,0,-1.3576809917608383,0,Classical (all features),-1.4807746012168017,-1.2547892348521554,-2.5325173371131275,0.01,-1.4807746012168017,0,0,0,0
42,164823,115.45,0,-0.6684984052674707,0,Classical (all features),-0.7377139635998204,-0.627286823600038,-3.8629869108984427,0.02,-0.7377139635998204,0,0,0,0
42,33866,49.8,0,-0.8076159952739235,0,Classical (all features),-1.1107813549912058,-0.953102879142915,-0.8144048946189053,0.335,-1.1107813549912058,0,0,0,0
42,16863,730.86,1,0.8588690026245545,1,Classical (all features),0.22124290105364375,0.3629326995342208,3.2767534688435096,0.7,0.22124290105364375,1,1,0,1
42,188948,285.51,0,0.0036466420363842067,0,Classical (all features),-0.7248427616755215,-0.300126188973371,-1.8295561370104159,0.035,-0.7248427616755215,0,0,0,0
42,280149,77.89,1,0.18690992637430215,0,Classical (all features),-0.04813950394892927,0.13742942135448782,0.5384548404705936,0.795,-0.04813950394892927,0,1,1,0
42,1852,1.54,0,-1.3118156577128557,0,Classical (all features),-1.6136863725537316,-1.2182343062380034,-2.469729108070889,0.0,-1.6136863725537316,0,0,0,0
42,275656,11.7,0,-1.3211540116887013,0,Classical (all features),-1.798921180431497,-1.2026884695430462,-2.03010097220944,0.0,-1.798921180431497,0,0,0,0
42,187958,45.5,0,-0.7767280062455753,0,Classical (all features),-1.27685261421142,-0.7814933810185565,-1.2817546152561958,0.145,-1.27685261421142,0,0,0,0
42,56921,19.9,0,-1.3748765647273828,0,Classical (all features),-1.450635561570622,-1.2725359893182102,-1.9375303141099949,0.0,-1.450635561570622,0,0,0,0
42,71372,1.0,0,-1.1690357680579984,0,Classical (all features),-1.2827877715211318,-1.187922701992774,-1.1680477379724385,0.015,-1.2827877715211318,0,0,0,0
42,282398,1.59,0,-1.0285779493919716,0,Classical (all features),-1.257914725962782,-0.8988613018502458,-2.3638985086318542,0.045,-1.257914725962782,0,0,0,0
42,171769,6.28,0,-1.2560287712952567,0,Classical (all features),-1.310331616366551,-1.0371485558807627,-1.9474647419570974,0.01,-1.310331616366551,0,0,0,0
42,23065,81.0,0,-1.073031810349548,0,Classical (all features),-1.0753580846219701,-0.9209260307120115,-1.13418378632395,0.02,-1.0753580846219701,0,0,0,0
42,151778,2.86,0,-0.7349626182920561,0,Classical (all features),-1.1263043574252218,-0.7982061121933055,-2.4673224784882413,0.025,-1.1263043574252218,0,0,0,0
42,223863,61.85,0,-1.376179752289939,0,Classical (all features),-1.3806407750167942,-1.2067613924170957,-2.340540078082366,0.01,-1.3806407750167942,0,0,0,0
42,131849,100.13,0,-1.3611752887681103,0,Classical (all features),-1.6038655895388871,-1.4313584101742463,-2.16546684450662,0.0,-1.6038655895388871,0,0,0,0
42,191309,4.4,0,-1.2768428262716967,0,Classical (all features),-0.8526767524176333,-1.0443995824887828,-3.3949377440042428,0.005,-0.8526767524176333,0,0,0,0
42,33894,132.05,0,-0.9714584982025154,0,Classical (all features),-1.8513558589362635,-0.9501242406275432,-2.1847341640586633,0.025,-1.8513558589362635,0,0,0,0
42,148162,76.0,0,-1.3474935497050267,0,Classical (all features),-1.2488967760087972,-1.209912259996245,-2.5660940291325662,0.02,-1.2488967760087972,0,0,0,0
42,88876,1.0,1,-0.04177449098595898,0,Classical (all features),0.35543634942828867,0.2599180071519681,0.6359812236749685,0.72,0.35543634942828867,1,1,0,1
42,75004,3.34,0,-1.0833275823806015,0,Classical (all features),-1.1092712733245456,-1.037662777525807,-1.5002153230650814,0.03,-1.1092712733245456,0,0,0,0
42,47198,178.0,0,-0.4725812670429266,0,Classical (all features),-0.7720255742488586,-0.5991051922594006,-1.1141455295413745,0.08,-0.7720255742488586,0,0,0,0
42,43179,236.82,0,-0.7358527346994457,0,Classical (all features),-1.6509116223611,-1.0188766071642101,-1.8804638795442075,0.01,-1.6509116223611,0,0,0,0
42,162729,5.7,0,-0.5534869092181336,0,Classical (all features),-0.4592804619376966,-0.8718485935196874,-2.1719151646911508,0.035,-0.4592804619376966,0,0,0,0
42,166217,17.4,0,-1.407949512076564,0,Classical (all features),-1.374147349517922,-1.3448766720956755,-2.3895824603399785,0.01,-1.374147349517922,0,0,0,0
42,247007,4.99,0,-1.0635485038577095,0,Classical (all features),-1.399992217059958,-1.2372096835531121,-1.7286210494936738,0.015,-1.399992217059958,0,0,0,0
42,209622,143.0,0,-0.5966046206495161,0,Classical (all features),-0.1546452059291532,-0.1417322590062175,-4.48786627388872,0.045,-0.1546452059291532,0,0,0,0
42,88248,59.06,0,-1.342055186571337,0,Classical (all features),-1.5889259172827352,-1.165202612569926,-2.0807616523819568,0.025,-1.5889259172827352,0,0,0,0
42,210374,69.99,0,-1.268280025581764,0,Classical (all features),-2.025642976642346,-1.2810845320267574,-3.0049179742112293,0.005,-2.025642976642346,0,0,0,0
42,40229,12.99,0,-1.4275521434187326,0,Classical (all features),-1.9878993585716713,-1.344847603720359,-1.9278341090391609,0.0,-1.9878993585716713,0,0,0,0
42,14338,3.76,1,-0.21139116790782664,0,Classical (all features),-0.6849407969686054,0.12347701818613,0.20359788721559918,0.365,-0.6849407969686054,0,0,0,0
42,27458,38.42,0,-1.2675163426799285,0,Classical (all features),-1.2315535535222184,-1.1635885737864982,-2.4249851812538132,0.055,-1.2315535535222184,0,0,0,0
42,26618,9.81,0,-1.4041581714210996,0,Classical (all features),-1.7205739181382225,-1.228448625462259,-1.6673352606632739,0.025,-1.7205739181382225,0,0,0,0
42,243675,201.0,0,-1.1744503083447044,0,Classical (all features),-1.1455263013175927,-1.1344680327043681,-3.1432249712840776,0.05,-1.1455263013175927,0,0,0,0
42,71073,15.9,0,-1.2005311833690009,0,Classical (all features),-2.1531047541296178,-1.1573085554516707,-2.3735229151391084,0.03,-2.1531047541296178,0,0,0,0
42,37673,120.21,0,-0.4182642008060118,0,Classical (all features),-0.9023424330671239,-0.9321763724457377,-2.172695576692907,0.015,-0.9023424330671239,0,0,0,0
42,30939,1548.98,0,0.23391372933990517,0,Classical (all features),0.19693146671815928,0.3980686637972489,-2.070209179249506,0.19,0.19693146671815928,1,0,0,1
42,69498,8.0,1,0.8446792142686069,1,Classical (all features),0.7619460449512809,0.9858026550319456,3.1841033612057776,0.99,0.7619460449512809,1,1,1,1
42,221283,56.89,0,-0.2686936153222418,0,Classical (all features),-0.5663974599704282,-0.3887578412004609,-2.6645156381576904,0.025,-0.5663974599704282,0,0,0,0
42,99506,489.71,1,0.7771648126139085,1,Classical (all features),0.526868923339312,0.42419615369319047,2.4520693844085786,0.99,0.526868923339312,1,1,1,1
42,260631,28.88,0,-1.291228550134337,0,Classical (all features),-1.0383671418727891,-1.083659175849435,-2.7836768649525325,0.1,-1.0383671418727891,0,0,0,0
42,148341,25.99,0,-1.3957021879031244,0,Classical (all features),-1.6478385990345845,-1.3536802588809476,-2.6589565215181037,0.08,-1.6478385990345845,0,0,0,0
42,67434,9.49,0,0.6851465865878008,1,Classical (all features),0.19977245438180674,0.39753379090340835,1.9931707465651225,0.6,0.19977245438180674,1,1,0,1
42,12779,519.79,0,-0.09703069907868578,0,Classical (all features),-0.46350263107530193,0.06278837334034953,-1.2710751212067661,0.355,-0.46350263107530193,0,0,0,0
42,25918,14.99,0,-1.163918966705784,0,Classical (all features),-1.1088904271556501,-0.9891621804788091,-2.304501014435044,0.135,-1.1088904271556501,0,0,0,0
42,65559,1.98,0,-1.3275785912919684,0,Classical (all features),-2.050483421898649,-1.2831320914377065,-1.332028348533706,0.04,-2.050483421898649,0,0,0,0
42,254395,7.59,1,-0.55521628930652,0,Classical (all features),-0.9331080053207705,-0.6895372964542561,-1.267298072989144,0.07,-0.9331080053207705,0,0,0,0
42,123042,0.89,0,-1.3145317040384625,0,Classical (all features),-1.9673877749274087,-1.1691140173738963,-1.6075467008703552,0.0,-1.9673877749274087,0,0,0,0
42,39921,32.68,0,-1.1561811003353668,0,Classical (all features),-0.7824403308632859,-1.019043745764515,-2.447749574897829,0.075,-0.7824403308632859,0,0,0,0
42,167235,7.38,0,-1.3794679202784719,0,Classical (all features),-1.010170147866519,-1.4063075945852606,-2.123646154723061,0.055,-1.010170147866519,0,0,0,0
42,54814,1.0,0,-1.273154635621424,0,Classical (all features),-1.6343380381688632,-1.185613465240453,-2.1522098215700898,0.005,-1.6343380381688632,0,0,0,0
42,143698,39.95,0,-0.8389123557941096,0,Classical (all features),-1.437337008930274,-0.744891976472785,-1.5568332833481773,0.235,-1.437337008930274,0,0,0,0
42,273363,69.99,0,-1.2311214587090733,0,Classical (all features),-1.7926502425854953,-1.2011887377420547,-1.9381938260770555,0.0,-1.7926502425854953,0,0,0,0
42,104220,19.62,0,0.6885063680410544,1,Classical (all features),0.19028524927718438,0.39782902514865265,-4.550618865300156,0.81,0.19028524927718438,1,0,1,1
42,189526,144.43,0,-0.5912968592460279,0,Classical (all features),-0.010630886792743155,-0.3946347560869619,-4.786394409210885,0.03,-0.010630886792743155,0,0,0,0
42,248925,25.0,0,-1.2088092740936085,0,Classical (all features),-1.170244718275539,-1.3080875947364017,-3.197971240266498,0.015,-1.170244718275539,0,0,0,0
42,151730,18.96,1,0.6884529332967554,1,Classical (all features),0.35583559108825646,0.5103792021072753,1.4972536694926735,0.795,0.35583559108825646,1,1,1,1
42,180626,14.5,0,-0.41947591877733115,0,Classical (all features),-0.9286726028683092,-0.43890311308142677,-2.4397991115973947,0.685,-0.9286726028683092,0,0,0,0
42,132917,1.78,0,-1.2895685166360222,0,Classical (all features),-2.0065103055467755,-1.2447599453399933,-1.6388604674082057,0.01,-2.0065103055467755,0,0,0,0
42,140184,2.28,0,-1.2694842949107918,0,Classical (all features),-2.2133742756877806,-1.05789953751292,-1.830578890974034,0.0,-2.2133742756877806,0,0,0,0
42,42674,1.52,1,0.8302614114612761,1,Classical (all features),0.7404801511516956,0.5547199854279241,14.31546952862716,0.995,0.7404801511516956,1,1,1,1
42,284048,2.0,0,-0.3470082013921849,0,Classical (all features),-0.5239398945384,-0.3284748663281261,-1.7797975033595126,0.235,-0.5239398945384,0,0,0,0
42,239430,9.86,0,-1.2865343960195317,0,Classical (all features),-2.0592843717544924,-1.1349970980323927,-2.10968292722176,0.0,-2.0592843717544924,0,0,0,0
42,204932,50.96,0,-1.1913457961298444,0,Classical (all features),-0.9003687069741009,-1.0577607532642503,-2.6367456352889067,0.05,-0.9003687069741009,0,0,0,0
42,8335,1.0,1,0.7454151038660779,1,Classical (all features),0.28831157958996945,0.39956245790705225,13.353345310844153,0.99,0.28831157958996945,1,1,1,1
42,217861,326.22,0,0.24558373706156944,0,Classical (all features),-0.13585538136523306,0.12363875722705175,-1.9114811833888152,0.29,-0.13585538136523306,0,0,0,0
42,63633,139.48,0,-1.1386042125635871,0,Classical (all features),-1.0145508564682733,-1.1707581997294958,-1.3799135479118199,0.005,-1.0145508564682733,0,0,0,0
42,151250,13.0,0,-1.2788749823277088,0,Classical (all features),-1.0970883515131338,-1.2459766031898223,-2.2231361480576313,0.01,-1.0970883515131338,0,0,0,0
42,130131,4.3,0,-1.0952369353885127,0,Classical (all features),-1.8902217425405385,-0.9433169085134303,-2.4539509401542587,0.19,-1.8902217425405385,0,0,0,0
42,218106,9.99,0,-1.1507423867575295,0,Classical (all features),-1.3326116352183444,-1.0191111300604985,-2.189701938346944,0.065,-1.3326116352183444,0,0,0,0
42,48592,91.91,0,-1.0863060628937966,0,Classical (all features),-1.428385481578874,-1.4031011314437172,-2.3893383031239197,0.005,-1.428385481578874,0,0,0,0
42,230032,15.0,0,-1.2602862756426911,0,Classical (all features),-1.5584647200642707,-1.0706295441686695,-2.6473059288384744,0.02,-1.5584647200642707,0,0,0,0
42,64460,99.99,1,0.9458205862859497,1,Classical (all features),0.8637970505767516,0.8897434826652285,9.044530800260606,0.975,0.8637970505767516,1,1,1,1
42,68631,1.18,0,0.4676950240541805,1,Classical (all features),0.19977243595234043,0.39806969913024276,-7.562839774763958,0.805,0.19977243595234043,1,0,1,1
42,93788,0.0,1,-0.2431958272897814,0,Classical (all features),-0.8837169902915429,-0.18276584323207995,-0.07770295364091157,0.135,-0.8837169902915429,0,0,0,0
42,43683,17.68,0,-1.2367678902949495,0,Classical (all features),-1.6795353968291598,-1.0840041355174808,-2.6027661632053234,0.02,-1.6795353968291598,0,0,0,0
42,10670,6.99,0,-1.0050656353521576,0,Classical (all features),-1.0955925822133243,-1.0185866907521628,-1.6455617878225859,0.015,-1.0955925822133243,0,0,0,0
42,88307,180.0,1,1.0394616603908378,1,Classical (all features),0.9471819579778282,1.1288140498195454,2.6326128718283726,1.0,0.9471819579778282,1,1,1,1
42,192584,362.55,1,0.9315603048822594,1,Classical (all features),0.8690076153423711,1.1016093771695619,5.391403848535986,0.995,0.8690076153423711,1,1,1,1
42,11868,1.79,0,-1.1809583005360487,0,Classical (all features),-1.398335020835339,-1.0260786170908125,-1.8405318242968398,0.01,-1.398335020835339,0,0,0,0
42,135393,2.49,0,-1.088912233096126,0,Classical (all features),-1.249219125943152,-1.150815138847265,-2.523354725495765,0.02,-1.249219125943152,0,0,0,0
42,9179,1.0,1,0.7369474774909806,1,Classical (all features),0.29246025701336376,0.40178117612105907,13.105016098334612,0.99,0.29246025701336376,1,1,1,1
42,236131,44.89,0,-1.3657606426040936,0,Classical (all features),-1.1620438574056446,-1.3671363804016257,-1.8319956619067843,0.01,-1.1620438574056446,0,0,0,0
42,218727,210.34,0,-1.159676585893868,0,Classical (all features),-2.0401107442764888,-1.2156262518271235,-2.2620481891180146,0.015,-2.0401107442764888,0,0,0,0
42,253224,54.99,0,-1.3432006986384721,0,Classical (all features),-1.569727980601803,-1.2364141872154977,-2.8485268644664594,0.045,-1.569727980601803,0,0,0,0
42,121291,8.98,0,-1.1955599496916327,0,Classical (all features),-1.608049816290848,-1.0090892266263218,-1.7158673401217854,0.105,-1.608049816290848,0,0,0,0
123,213262,26.53,0,-1.0510681834029736,0,Logistic regression,-1.3456776335237375,-1.163690718240017,-1.3456776335237375,0.03,-0.4972743708410019,0,0,0,0
123,175032,41.92,0,-0.18070665703356303,0,Logistic regression,-1.56432934135885,-1.007595260389404,-1.56432934135885,0.165,-0.3330163633132789,0,0,0,0
123,218855,7.85,0,-0.818890103249166,0,Logistic regression,-1.82767998331762,-1.1268986705941944,-1.82767998331762,0.055,-0.8880001942028943,0,0,0,0
123,1114,188.0,0,-1.041266194406272,0,Logistic regression,-1.4298223779671688,-1.1445101514062002,-1.4298223779671688,0.015,-0.7003573794379832,0,0,0,0
123,74794,311.91,1,0.11053731256096322,0,Logistic regression,-1.0333601397953918,-0.6455340296988008,-1.0333601397953918,0.555,0.5381830240418424,0,0,0,1
123,77443,46.5,0,-0.7982401773016332,0,Logistic regression,-0.8292351349921258,-1.1395232577443266,-0.8292351349921258,0.02,-0.4543805538333374,0,0,0,0
123,250433,7.99,0,-0.726177639491566,0,Logistic regression,-1.8184749964648543,-0.978318084548216,-1.8184749964648543,0.08,-0.9945959061765641,0,0,0,0
123,216406,134.0,0,-0.31791634467276453,0,Logistic regression,-1.1348775214244355,-0.9036707037841258,-1.1348775214244355,0.09,-0.3620608068875899,0,0,0,0
123,172787,144.62,1,0.9914967956027827,1,Logistic regression,2.7525940046542248,1.7406580444553892,2.7525940046542248,0.985,1.195077269190173,1,1,1,1
123,111299,399.0,0,-0.4910244906393466,0,Logistic regression,-1.1794213801952949,-1.061357342188854,-1.1794213801952949,0.09,-0.8143076583695936,0,0,0,0
123,216811,143.6,0,0.5283010111411324,1,Logistic regression,-2.446525537259269,-0.04360608890556772,-2.446525537259269,0.115,0.32737907871429434,1,0,0,0
123,196835,16.55,0,-0.9622856207296502,0,Logistic regression,-1.9901500647139865,-1.1999023455039939,-1.9901500647139865,0.005,-1.2179874713405436,0,0,0,0
123,27362,1.52,1,-1.0980971142382425,0,Logistic regression,-1.5009482678240902,-1.0007372317616514,-1.5009482678240902,0.08,-0.7743954472412766,0,0,0,0
123,19374,54.46,0,-0.5279945587987191,0,Logistic regression,-1.32446256276805,-0.8880355774855444,-1.32446256276805,0.105,-0.19175221302604106,0,0,0,0
123,83957,5.92,0,-1.0274544721549905,0,Logistic regression,-1.6222508284665405,-0.9929802299098174,-1.6222508284665405,0.02,-1.19686275891319,0,0,0,0
123,243180,75.0,0,-1.1503064883100969,0,Logistic regression,-1.4460026320907016,-1.1851876047733885,-1.4460026320907016,0.04,-1.4713418120940067,0,0,0,0
123,95400,34.9,0,-0.9780985405669373,0,Logistic regression,-2.3304386136346977,-1.4331099415283493,-2.3304386136346977,0.055,-0.7790920458498014,0,0,0,0
123,80757,275.99,0,-0.45823759708396006,0,Logistic regression,-1.8854170684189389,-1.3761678800145916,-1.8854170684189389,0.055,-0.38351732358556145,0,0,0,0
123,29687,0.76,1,-0.19366363103672024,0,Logistic regression,-0.32694276888128415,-0.6965290793490468,-0.32694276888128415,0.605,-0.14761556896163186,0,1,0,0
123,159979,1.0,0,-1.0500996296668699,0,Logistic regression,-1.7417901724083578,-1.2840725024717143,-1.7417901724083578,0.005,-1.098653530344293,0,0,0,0
123,12353,2.09,0,-0.8427056218815838,0,Logistic regression,-1.6991334089683146,-0.8968768575750936,-1.6991334089683146,0.09,-0.24571931105309652,0,0,0,0
123,150925,45.48,1,0.7398554313830521,1,Logistic regression,7.931641060183869,1.4032400282850699,7.931641060183869,0.995,0.6598820299757006,1,1,1,1
123,46442,38.85,0,-0.8723543406506808,0,Logistic regression,-1.945178902377498,-1.1004621138809207,-1.945178902377498,0.045,-1.0398314331230656,0,0,0,0
123,112112,62.74,0,-0.7269815220019493,0,Logistic regression,-2.2295173974047127,-1.186485597477137,-2.2295173974047127,0.055,0.4009009375961935,0,0,0,0
123,212644,727.91,1,0.5248182791978139,1,Logistic regression,2.796300621173387,0.7047227581767869,2.796300621173387,0.955,0.6462548928075909,1,1,1,1
123,228203,120.61,0,0.3649992591520409,0,Logistic regression,-1.401741622522994,0.2664711876335162,-1.401741622522994,0.31,0.43482371953726257,1,0,0,0
123,42473,3.79,1,0.7672576929727825,1,Logistic regression,10.053763792763485,2.0653544428622794,10.053763792763485,1.0,0.763667176580072,1,1,1,1
123,250331,7.07,0,-1.030482636509158,0,Logistic regression,-1.8158910285282164,-1.1036940026649444,-1.8158910285282164,0.0,-1.2126379115181563,0,0,0,0
123,64814,600.0,0,0.009728576426711655,0,Logistic regression,-1.5485990262265954,-0.7252305010855002,-1.5485990262265954,0.04,-0.18212784262124615,0,0,0,0
123,184379,25.0,1,0.6664861784448142,1,Logistic regression,1.0219328885402663,0.8230419910987152,1.0219328885402663,0.99,0.9969565329877917,1,1,1,1
123,242621,19.0,0,-0.8940250938656085,0,Logistic regression,-1.3267970114038543,-0.9712299053629752,-1.3267970114038543,0.015,-1.272920210265592,0,0,0,0
123,22916,87.0,0,-0.4507733404588111,0,Logistic regression,-1.246313388650138,-1.151503156021546,-1.246313388650138,0.265,-0.4980168589277274,0,0,0,0
123,211739,306.0,0,-1.0143003550397338,0,Logistic regression,-1.9309610379141846,-1.1551333069336744,-1.9309610379141846,0.05,-0.6863271425235864,0,0,0,0
123,255720,9.99,0,0.03083191874987279,0,Logistic regression,-0.9155430626978125,-0.21147498476079107,-0.9155430626978125,0.32,0.22494024248396594,1,0,0,0
123,219025,4.49,1,-0.9818364338626384,0,Logistic regression,-1.2432736268018454,-0.9751444216990051,-1.2432736268018454,0.015,-1.2262617731485723,0,0,0,0
123,104068,198.0,0,-0.978210909635743,0,Logistic regression,-1.2175105734534397,-1.2995728234289963,-1.2175105734534397,0.005,-0.8650086062034839,0,0,0,0
123,138917,65.72,0,-0.4012814609218678,0,Logistic regression,-1.4004830577250007,-1.2419370265834462,-1.4004830577250007,0.09,-0.45137451179009114,0,0,0,0
123,257524,0.49,0,-1.0114801628244214,0,Logistic regression,-0.9379949040921363,-0.8162729663429189,-0.9379949040921363,0.055,-0.7786593160185624,0,0,0,0
123,79134,10.08,0,-0.8925218625318692,0,Logistic regression,-1.2419573992383754,-0.9071842544801012,-1.2419573992383754,0.3,-1.1798685929995674,0,0,0,0
123,40731,39.02,0,-1.0502934820828647,0,Logistic regression,-1.208148086691628,-1.2787060489398856,-1.208148086691628,0.005,-0.782135536173669,0,0,0,0
123,214504,6.47,0,0.13415250922147626,0,Logistic regression,-1.0026492736622221,-1.055476389923647,-1.0026492736622221,0.145,0.3067914622360941,0,0,0,0
123,132659,32.06,0,-0.9986643408149567,0,Logistic regression,-1.0671971242290765,-0.973161815539936,-1.0671971242290765,0.04,-1.2711997299480453,0,0,0,0
123,149132,4.17,0,-0.3756124179316511,0,Logistic regression,-1.105558275566014,-0.918285511873776,-1.105558275566014,0.02,-0.4419227019758596,0,0,0,0
123,177903,20.0,0,-1.109207015594556,0,Logistic regression,-1.9123220179102858,-1.2566764866893514,-1.9123220179102858,0.035,-1.4209051503054726,0,0,0,0
123,281144,245.0,1,0.7408298474972024,1,Logistic regression,2.64083076783862,1.1639156031927747,2.64083076783862,0.995,0.9081635899795337,1,1,1,1
123,109738,44.89,0,-0.9481453387707497,0,Logistic regression,-1.0169191263494963,-0.9339565756449801,-1.0169191263494963,0.32,-0.4946664364544757,0,0,0,0
123,174320,2.32,0,-0.8842431597576754,0,Logistic regression,-1.3649501491272336,-0.9999971508780925,-1.3649501491272336,0.015,-1.2713011511837504,0,0,0,0
123,144055,0.89,0,-0.295995024129327,0,Logistic regression,-2.059498976391063,-0.5890796398752032,-2.059498976391063,0.175,-0.05245228067541341,0,0,0,0
123,132786,209.0,0,-1.1835757778069602,0,Logistic regression,-1.437942856267079,-1.0956467020236367,-1.437942856267079,0.05,-1.5643438708871884,0,0,0,0
123,160338,9.99,0,-1.0540530732979863,0,Logistic regression,-2.628134814120883,-1.5607031765062442,-2.628134814120883,0.105,-0.4249085399630963,0,0,0,0
123,27738,125.3,1,0.7278454776674208,1,Logistic regression,2.9927387895864053,1.449971238202934,2.9927387895864053,0.995,0.795879266150479,1,1,1,1
123,83183,57.97,0,-0.8285798990974247,0,Logistic regression,-1.7657176477386463,-0.9444621251791301,-1.7657176477386463,0.34,-0.5110860934460977,0,0,0,0
123,128216,76.06,0,-1.1043294999486195,0,Logistic regression,-1.3919363756659384,-1.1710483136980188,-1.3919363756659384,0.025,-1.6181384435653217,0,0,0,0
123,233937,49.48,0,-1.05654747913986,0,Logistic regression,-1.576849085971197,-1.2294157108936845,-1.576849085971197,0.005,-1.2021270168604934,0,0,0,0
123,152223,8.64,1,0.6735336539784793,1,Logistic regression,7.609757145132846,1.2463301634965864,7.609757145132846,0.83,0.6279089231056814,1,1,1,1
123,195583,365.04,0,0.4701830139916693,1,Logistic regression,-2.922018424407872,-0.5700256730215327,-2.922018424407872,0.175,0.1907329109447904,0,0,0,0
123,31002,111.7,1,0.7180666775529762,1,Logistic regression,5.454199206147308,2.4213125860579012,5.454199206147308,0.985,0.6970493921572083,1,1,1,1
123,69648,99.99,0,0.20366244775795206,0,Logistic regression,-1.9448264722132582,-0.7110256106016892,-1.9448264722132582,0.29,0.4725375710648929,0,0,0,1
123,145274,1.98,0,-0.6878815613960416,0,Logistic regression,-1.5677602464527163,-0.9540382201382231,-1.5677602464527163,0.06,-1.1632454643659051,0,0,0,0
123,103900,4.49,0,-1.0152751053067262,0,Logistic regression,-1.3706808969922277,-1.1673553420376954,-1.3706808969922277,0.015,-1.3718448263257348,0,0,0,0
123,30731,34.99,0,-0.9944033520272129,0,Logistic regression,-1.1604231563315928,-0.9157059583826552,-1.1604231563315928,0.04,-0.7322606168450545,0,0,0,0
123,276698,3.57,0,-1.0778419424896752,0,Logistic regression,-1.3766244027013133,-1.0765988574651113,-1.3766244027013133,0.04,-1.2892583610287744,0,0,0,0
123,191237,204.16,0,-0.8748228746233921,0,Logistic regression,-1.4835354114216934,-0.9540653847623035,-1.4835354114216934,0.025,-0.8862604442566651,0,0,0,0
123,92412,0.01,0,0.438603330191239,1,Logistic regression,-1.6542667985795827,-0.8450421461366024,-1.6542667985795827,0.325,-0.37833870374875955,0,0,0,0
123,146790,829.41,1,0.26637283702798414,0,Logistic regression,-3.093501944923054,-0.6910008600096302,-3.093501944923054,0.135,0.5344052086579176,0,0,0,1
123,200899,15.0,0,-1.0210306878460222,0,Logistic regression,-1.9139241171106907,-1.232006353900854,-1.9139241171106907,0.085,-1.0349028894419248,0,0,0,0
123,68234,0.77,0,-0.8556540172429359,0,Logistic regression,-1.1217069047219885,-1.0057711773717304,-1.1217069047219885,0.095,-0.9468180553867465,0,0,0,0
123,31730,19.99,0,-0.5677024948408542,0,Logistic regression,-0.9731032198740331,-1.1265395035412704,-0.9731032198740331,0.045,-0.9865627298288693,0,0,0,0
123,179767,15.09,0,-1.23002962859993,0,Logistic regression,-2.108672140645069,-1.3240127179707175,-2.108672140645069,0.01,-1.0895133724910633,0,0,0,0
123,116404,311.28,1,0.8667837611793963,1,Logistic regression,1.1537265568577935,0.898175397429879,1.1537265568577935,0.99,0.6761133096825059,1,1,1,1
123,130571,1.0,0,-0.9406625621633355,0,Logistic regression,-1.9486600440205502,-1.0836433310539686,-1.9486600440205502,0.01,-1.23861156006337,0,0,0,0
123,132913,1.79,0,-0.7658397118329516,0,Logistic regression,-1.2438108126054095,-0.9987027077655728,-1.2438108126054095,0.095,-0.9780913006615215,0,0,0,0
123,210552,33.7,0,-1.0001188393611709,0,Logistic regression,-1.4973128936750486,-1.197097837143789,-1.4973128936750486,0.02,-1.5535630951567378,0,0,0,0
123,24965,12.21,0,-0.9567789222431211,0,Logistic regression,-1.444783719009436,-1.0108912622155748,-1.444783719009436,0.095,-0.9064091612826104,0,0,0,0
123,74944,13.86,0,-0.9041797783334995,0,Logistic regression,-1.6047093847196199,-0.9556405562113068,-1.6047093847196199,0.095,-0.8889130385430375,0,0,0,0
123,176120,85.55,0,-1.0351827689275492,0,Logistic regression,-2.0419123240211436,-1.4586382659763732,-2.0419123240211436,0.03,-1.5424606352536283,0,0,0,0
123,220179,86.51,0,-0.7288356181741138,0,Logistic regression,-2.4007528763140416,-1.471191085214585,-2.4007528763140416,0.015,-0.8572658924339034,0,0,0,0
123,4345,12.0,0,-0.9462417106805876,0,Logistic regression,-1.805855793953758,-1.0473666907251509,-1.805855793953758,0.005,-1.0521642895085306,0,0,0,0
123,195756,115.97,0,-1.0951220088677187,0,Logistic regression,-2.7816764705653902,-1.6403218266620134,-2.7816764705653902,0.045,-0.5558242448492701,0,0,0,0
123,91671,290.18,1,-0.009593223847195076,0,Logistic regression,-1.1159708180747143,-0.8452451587158294,-1.1159708180747143,0.165,-0.44838001646760883,0,0,0,0
123,281273,119.7,0,-0.9825676673556027,0,Logistic regression,-1.2279061870579242,-1.064066622310093,-1.2279061870579242,0.04,-1.1610223605005323,0,0,0,0
123,15810,99.99,1,0.9901826115347124,1,Logistic regression,8.554194463685347,0.8030030206215005,8.554194463685347,0.985,0.8410160646219482,1,1,1,1
123,27160,60.0,0,-1.1445439809762987,0,Logistic regression,-2.160643497176763,-1.3553877806777097,-2.160643497176763,0.055,-0.7684554225193263,0,0,0,0
123,268252,0.95,0,-0.6856009114917707,0,Logistic regression,-1.1673908657910474,-0.8270872086183358,-1.1673908657910474,0.015,-0.9833603057497415,0,0,0,0
123,131902,101.94,0,-0.9445918553910346,0,Logistic regression,-1.3694448756538034,-0.9105995708459769,-1.3694448756538034,0.085,-0.9109997444262632,0,0,0,0
123,51384,301.5,0,-0.9547611329486445,0,Logistic regression,-0.9213050136866736,-1.203654895896087,-0.9213050136866736,0.01,-0.7636064007295544,0,0,0,0
123,253163,215.7,0,-0.48235250402883434,0,Logistic regression,-1.0411007871012203,-0.9268505620514611,-1.0411007871012203,0.11,-0.7508833306847531,0,0,0,0
123,125597,4.99,0,-0.9738237708988777,0,Logistic regression,-1.0519780181283958,-0.9143927123363194,-1.0519780181283958,0.05,-1.2950187743943724,0,0,0,0
123,154587,0.0,1,0.7949252287040125,1,Logistic regression,4.737491142099223,0.9713276656681702,4.737491142099223,0.985,0.8650120516575992,1,1,1,1
123,234755,10.59,0,-0.716306678129192,0,Logistic regression,-1.6627848511855534,-1.0599182775089344,-1.6627848511855534,0.165,-0.02201631585692998,0,0,0,0
123,43379,99.99,0,-0.4376156878006682,0,Logistic regression,-1.690809871682947,-0.9778571534224649,-1.690809871682947,0.235,-0.10126750051698119,0,0,0,0
123,50442,5.0,0,-0.9731113557287043,0,Logistic regression,-1.409392115365721,-0.965413437131861,-1.409392115365721,0.0,-1.0657689254162703,0,0,0,0
123,238366,2.0,1,0.7608872061474886,1,Logistic regression,1.4806589276071978,1.0201684683214924,1.4806589276071978,0.99,0.922835277390041,1,1,1,1
123,187692,127.87,0,-0.6179573662883175,0,Logistic regression,-1.7464496325164593,-1.2848764027943107,-1.7464496325164593,0.18,0.42017819548608226,0,0,0,0
123,200304,1.0,0,0.15265145779405698,0,Logistic regression,-0.41353892040913076,-0.3345845443222679,-0.41353892040913076,0.3,-0.21809815461956839,1,0,0,0
123,50793,9.99,0,-1.0696886739284706,0,Logistic regression,-1.617061219877547,-1.0177660758081906,-1.617061219877547,0.005,-1.3131740064862971,0,0,0,0
123,58905,7.59,0,-0.9265956732545548,0,Logistic regression,-1.026061386803172,-0.7729634627744806,-1.026061386803172,0.145,-0.635617782652228,0,0,0,0
123,42394,26.35,0,-0.4520905046014708,0,Logistic regression,-1.0230649830341423,-1.0976611520183281,-1.0230649830341423,0.175,-0.6798674704821817,0,0,0,0
123,6108,59.0,1,0.7726365163525634,1,Logistic regression,4.348076605344706,2.66553923907318,4.348076605344706,0.995,0.6988481276515464,1,1,1,1
123,2271,2.27,0,-0.5933368085322852,0,Logistic regression,-0.5009498768176084,-0.8977699995461228,-0.5009498768176084,0.13,-0.6834722678132434,0,0,0,0
123,157871,80.22,1,0.5662615203660987,1,Logistic regression,2.0333884621554486,1.426068742229969,2.0333884621554486,0.99,0.9852629029781069,1,1,1,1
123,257037,0.77,0,-1.110877688012471,0,Logistic regression,-1.948090129112452,-1.2384385824830242,-1.948090129112452,0.01,-1.431702818703916,0,0,0,0
123,60651,58.33,0,-0.8486380822415944,0,Logistic regression,-1.8310787452596715,-1.1808934516402607,-1.8310787452596715,0.03,-1.1930051576570333,0,0,0,0
123,30473,14.46,1,0.816959684925125,1,Logistic regression,5.10565457878711,2.2344932706583043,5.10565457878711,0.99,0.6595617643468077,1,1,1,1
123,143731,240.77,1,0.959364222837055,1,Logistic regression,4.567195211919127,2.3118069890311808,4.567195211919127,0.995,0.9319885567914816,1,1,1,1
123,190368,175.9,1,0.6293705615768482,1,Logistic regression,1.2741053450585174,0.8279973445883226,1.2741053450585174,0.975,0.9255162542603119,1,1,1,1
123,198386,1.99,0,-0.7589639934489809,0,Logistic regression,-2.342979750528978,-1.277940323365449,-2.342979750528978,0.12,-0.3755995097641517,0,0,0,0
123,54142,113.12,0,-0.8895460939658122,0,Logistic regression,-1.2043214784886231,-1.0235587443873488,-1.2043214784886231,0.045,-0.9351521266713092,0,0,0,0
123,64726,9.99,0,-0.9369012482514987,0,Logistic regression,-1.9648429960124139,-1.210811696268445,-1.9648429960124139,0.035,-1.3940643359891955,0,0,0,0
123,17317,99.99,1,0.8800525402649539,1,Logistic regression,8.472730507080373,0.6932485085718432,8.472730507080373,0.975,0.7399926970660015,1,1,1,1
123,215197,33.36,0,-0.6029446147139621,0,Logistic regression,-1.7168258588208891,-0.9959583972404744,-1.7168258588208891,0.1,-0.9204673841475628,0,0,0,0
123,231607,11.5,0,-1.1343423971334416,0,Logistic regression,-1.6107712777646115,-1.3211275684417243,-1.6107712777646115,0.03,-1.4907878066836446,0,0,0,0
123,31587,3.49,0,-0.6398888511981198,0,Logistic regression,-1.0976488310509602,-1.0395932345541012,-1.0976488310509602,0.11,-0.5191342066233173,0,0,0,0
123,51300,192.44,0,-1.0344168801309237,0,Logistic regression,-1.2931880345295022,-1.1698286354093932,-1.2931880345295022,0.025,-1.5086798081707082,0,0,0,0
123,271467,74.26,0,-0.5589875512993263,0,Logistic regression,-2.4738937022496144,-1.1711606434294477,-2.4738937022496144,0.095,-0.2393807691990485,0,0,0,0
123,106645,4.99,0,-0.9823171047207546,0,Logistic regression,-1.1691151054958464,-0.9943380518653913,-1.1691151054958464,0.05,-1.2284824355016568,0,0,0,0
123,255974,0.77,0,-0.997057893801339,0,Logistic regression,-0.8925735694624144,-0.8963604139912202,-0.8925735694624144,0.05,-0.8882972214383149,0,0,0,0
123,241254,9.29,1,0.3494312460136272,0,Logistic regression,0.7671291694581078,0.37080960323434353,0.7671291694581078,0.82,0.4893157557974853,1,1,1,1
123,22610,9.99,0,-1.007439608532772,0,Logistic regression,-1.4042869573861982,-1.1405689097343095,-1.4042869573861982,0.0,-1.4357989866105745,0,0,0,0
123,192769,87.38,0,-0.4933358586768719,0,Logistic regression,-1.6639605903070809,-1.3334948670742148,-1.6639605903070809,0.085,0.06893756353242286,0,0,0,0
123,30282,318.0,0,-0.9266707833228505,0,Logistic regression,-1.0151079577676476,-1.1671607546542004,-1.0151079577676476,0.025,-0.840862243311719,0,0,0,0
123,212516,0.01,1,0.8298727451890203,1,Logistic regression,3.4069356327081164,1.6216764555630505,3.4069356327081164,0.99,0.8194323319319607,1,1,1,1
123,42549,88.23,1,0.8557291681175976,1,Logistic regression,10.631039021086044,1.5710076209933497,10.631039021086044,1.0,0.9104016088225131,1,1,1,1
123,15204,99.99,1,0.8099010841305911,1,Logistic regression,8.814445354276772,1.4793350974902597,8.814445354276772,0.99,1.04927820944942,1,1,1,1
123,23760,3.76,0,-0.6152399970566667,0,Logistic regression,-1.0975077667041202,-0.984815090138951,-1.0975077667041202,0.13,-1.2335831018196883,0,0,0,0
123,232584,177.95,0,-0.8879308600687277,0,Logistic regression,-2.455731218244914,-1.3877082799213702,-2.455731218244914,0.085,-0.7470156561709005,0,0,0,0
123,173766,25.0,0,-0.7404977389162692,0,Logistic regression,-2.074845272244323,-1.2684145964764697,-2.074845272244323,0.045,-0.8359264653111687,0,0,0,0
123,60808,11.5,0,-1.0276764916313048,0,Logistic regression,-1.2085886555134788,-1.1739028412957546,-1.2085886555134788,0.02,-1.404236405370979,0,0,0,0
123,121995,74.9,0,-0.9919178606926236,0,Logistic regression,-1.2772431693898052,-0.9579793928101228,-1.2772431693898052,0.005,-1.3559010858395897,0,0,0,0
123,121321,2.69,0,-0.05907400083558534,0,Logistic regression,-2.7547354599035154,-0.8288347055381362,-2.7547354599035154,0.345,0.5164870344645766,0,0,0,1
123,202416,372.34,0,-0.7791073116201352,0,Logistic regression,-1.8261813439947145,-1.146004344828856,-1.8261813439947145,0.015,-1.3964205051410774,0,0,0,0
123,196301,44.05,0,-0.9987396603234293,0,Logistic regression,-2.296485925242466,-1.3623889795853812,-2.296485925242466,0.005,-1.081189615368001,0,0,0,0
123,102544,25.0,0,-0.8196028706333731,0,Logistic regression,-1.2362206852258062,-0.7244331466370559,-1.2362206852258062,0.045,-0.4825597883860979,0,0,0,0
123,195822,250.0,0,-0.9663075797438114,0,Logistic regression,-2.1955330028396625,-1.6862109766034268,-2.1955330028396625,0.075,-0.8328443832203163,0,0,0,0
123,187626,2.0,0,0.37021950313407453,0,Logistic regression,-1.3085866932065677,-0.2327584842147059,-1.3085866932065677,0.675,0.3541277271418485,1,0,0,0
123,129407,2.58,0,-0.9190385471521747,0,Logistic regression,-1.2848308839938618,-0.9956854577088776,-1.2848308839938618,0.015,-1.408540372504785,0,0,0,0
123,120837,99.9,1,0.7885231330084419,1,Logistic regression,4.916930048610427,2.790027684314551,4.916930048610427,0.985,0.9033493669045857,1,1,1,1
123,191791,1.0,0,-0.9193467314242711,0,Logistic regression,-1.4766500813484504,-1.0579201340203392,-1.4766500813484504,0.03,-1.1245469206330674,0,0,0,0
123,23557,110.0,0,-0.7203352213826222,0,Logistic regression,-2.4297321038485786,-1.138474205758766,-2.4297321038485786,0.075,-0.6052748923966793,0,0,0,0
123,114037,3.03,0,-0.9209113310817993,0,Logistic regression,-1.1971183977895428,-0.8692558496357072,-1.1971183977895428,0.0,-1.2660225046305718,0,0,0,0
123,76339,112.5,0,-1.0460740470791456,0,Logistic regression,-1.5081758142554573,-1.3001568692985488,-1.5081758142554573,0.0,-0.7482553547021384,0,0,0,0
123,23308,0.0,1,0.8452686208526143,1,Logistic regression,1.8142439839270228,1.1498688397133783,1.8142439839270228,0.975,0.9152989874030777,1,1,1,1
123,243848,1.0,1,0.9426409595523233,1,Logistic regression,4.671637723370565,1.3304309747551282,4.671637723370565,0.98,0.9903840233655843,1,1,1,1
123,70689,76.48,0,-1.1695251260298565,0,Logistic regression,-1.5178040101930446,-1.1720319933717864,-1.5178040101930446,0.045,-1.1133924014638554,0,0,0,0
123,15225,99.99,1,0.8113284851458542,1,Logistic regression,8.78842821624135,1.393227033671182,8.78842821624135,0.995,1.0502615000473359,1,1,1,1
123,62994,64.0,0,-1.0514191958187817,0,Logistic regression,-1.238480808290198,-1.0930164161432308,-1.238480808290198,0.045,-0.7583091927422363,0,0,0,0
123,6882,1.1,1,0.8815949146883235,1,Logistic regression,4.516251380663259,2.6308825029395253,4.516251380663259,0.99,0.7259547656697297,1,1,1,1
123,154272,14.95,0,-1.0235543585182485,0,Logistic regression,-1.9580001105231957,-1.4382006472621398,-1.9580001105231957,0.0,-1.1022843206997555,0,0,0,0
123,142926,55.77,0,-1.134075527562834,0,Logistic regression,-1.5636856268693915,-1.1230253796737644,-1.5636856268693915,0.025,-1.2687137324511983,0,0,0,0
123,44556,1.0,1,0.8941837243847094,1,Logistic regression,4.1347727658105775,1.9974254610366444,4.1347727658105775,0.99,0.9964256217839362,1,1,1,1
123,19313,3.0,0,-1.1097035907742583,0,Logistic regression,-1.1430534118892584,-1.0788699855735964,-1.1430534118892584,0.0,-1.2068174240637404,0,0,0,0
123,164911,172.0,0,-0.879623200403522,0,Logistic regression,-1.6217076515524105,-1.3016380495010287,-1.6217076515524105,0.01,-1.247126528734716,0,0,0,0
123,83552,108.84,0,-0.83986759640388,0,Logistic regression,-1.614777653553606,-1.1935350212442521,-1.614777653553606,0.15,-0.9136118104713573,0,0,0,0
123,49649,63.58,0,-0.3258800891842799,0,Logistic regression,-1.6576655031713408,-0.915840399560685,-1.6576655031713408,0.04,-1.013251399401423,0,0,0,0
123,214662,120.54,1,0.6352870634740472,1,Logistic regression,4.003307248229795,0.6935309914112212,4.003307248229795,0.985,0.6919809053450667,1,1,1,1
123,116257,30.9,0,-0.847494280518635,0,Logistic regression,-1.0656828605141233,-0.8281219596897051,-1.0656828605141233,0.185,-1.0945218807577577,0,0,0,0
123,76712,63.0,0,-1.0686483827834483,0,Logistic regression,-1.2987398614768186,-1.0554337090611405,-1.2987398614768186,0.09,-0.9612191157856795,0,0,0,0
123,58987,22.84,0,-0.8071736803672847,0,Logistic regression,-1.5425284022421955,-0.9323264358237895,-1.5425284022421955,0.045,-1.3859798281684086,0,0,0,0
123,217177,1.0,0,-0.6657489703492083,0,Logistic regression,-2.472635535099103,-1.5924383781591736,-2.472635535099103,0.06,-0.5980072204547744,0,0,0,0
123,70141,112.45,1,0.8687729617934797,1,Logistic regression,1.9291439664130223,0.9318331804964473,1.9291439664130223,0.995,0.6881369226435807,1,1,1,1
123,268838,15.13,0,-0.8787249149013654,0,Logistic regression,-0.9748651022668516,-0.9668902686354455,-0.9748651022668516,0.05,-1.0160409209868477,0,0,0,0
123,271193,5.25,0,-1.1207238450972827,0,Logistic regression,-1.3481080378150099,-1.0956515112167533,-1.3481080378150099,0.005,-1.5141886086765737,0,0,0,0
123,35500,47.0,0,-1.2063985398306183,0,Logistic regression,-1.7352112479622561,-1.1553940567157623,-1.7352112479622561,0.005,-1.533010478222135,0,0,0,0
123,182223,70.0,0,-0.09805714668987298,0,Logistic regression,-1.0279831222565685,-0.9552136520374837,-1.0279831222565685,0.12,-0.5444892249237643,0,0,0,0
123,7790,21.0,0,-0.9638701531867586,0,Logistic regression,-1.5695987463210348,-1.0559829858735676,-1.5695987463210348,0.065,-0.575970221666672,0,0,0,0
123,151256,7.42,0,-0.5506163054566464,0,Logistic regression,-1.686201531234702,-0.7293788046022911,-1.686201531234702,0.18,-0.2765283343382492,0,0,0,0
123,193311,233.27,0,0.13411991539078238,0,Logistic regression,-0.8918635808049901,-0.7968970183692465,-0.8918635808049901,0.29,-0.038670388621937835,0,0,0,0
123,42432,40.0,0,-0.7048438762756801,0,Logistic regression,-0.9920001501269892,-1.0201366613918341,-0.9920001501269892,0.06,-0.6208503110698709,0,0,0,0
123,148499,1.79,0,-0.9970765708452396,0,Logistic regression,-1.912696445338046,-1.2509422140496607,-1.912696445338046,0.055,-1.3687918959261103,0,0,0,0
123,75510,72.0,0,-1.2576676658734354,0,Logistic regression,-2.546615746925993,-1.705694659838523,-2.546615746925993,0.135,-0.6175536124462413,0,0,0,0
123,154454,147.87,1,0.5804482694503454,1,Logistic regression,1.654657845377368,1.1857983089688682,1.654657845377368,1.0,0.8894996891389155,1,1,1,1
123,126481,3.78,0,-0.6785456755767492,0,Logistic regression,-1.089301173341751,-1.197638360020128,-1.089301173341751,0.08,-0.5339760930872262,0,0,0,0
123,151196,571.48,1,-0.6517162456544068,0,Logistic regression,-1.363433536444759,-1.1961061866428153,-1.363433536444759,0.015,0.4626997730007069,0,0,0,1
123,223578,8.9,1,0.3571887952279934,0,Logistic regression,1.764828554784764,1.0791858647828572,1.764828554784764,0.97,0.8363185868991884,1,1,1,1
123,99394,135.94,0,-0.8265644647911847,0,Logistic regression,-1.962406478466812,-1.1124382884089183,-1.962406478466812,0.02,-1.3402395017802504,0,0,0,0
123,62191,4.99,0,-1.1229775383592895,0,Logistic regression,-1.7090190173773876,-1.1660093638808215,-1.7090190173773876,0.02,-1.3803376424488454,0,0,0,0
123,12743,380.39,0,-0.5099077595755921,0,Logistic regression,-2.1270919459683726,-0.9855745749622322,-2.1270919459683726,0.045,-0.1701564302246048,0,0,0,0
123,220725,324.59,1,0.6219567066143954,1,Logistic regression,0.2152555171950049,0.3914784031555487,0.2152555171950049,0.775,0.48106133179446064,1,1,1,1
123,196825,79.95,0,-0.3427473916968795,0,Logistic regression,-1.745243453527682,-1.0895247249294362,-1.745243453527682,0.15,-0.8624485622067695,0,0,0,0
123,12770,67.58,0,-0.759967561972474,0,Logistic regression,-0.9896139541944241,-0.7790075052717442,-0.9896139541944241,0.03,-0.6521659224125451,0,0,0,0
123,51705,1.29,0,-1.0116761395675806,0,Logistic regression,-1.2567321350753358,-0.9990041523232034,-1.2567321350753358,0.0,-1.4086854562555642,0,0,0,0
123,66494,158.0,0,-1.1996428195342885,0,Logistic regression,-1.5576413213748657,-1.200361351096103,-1.5576413213748657,0.025,-1.4646499286414068,0,0,0,0
123,130300,149.19,0,-0.003939960174651591,0,Logistic regression,-1.1829262756510057,-0.7887652668677907,-1.1829262756510057,0.205,-0.48216443862905134,0,0,0,0
123,108868,24.0,0,-0.18026584951792557,0,Logistic regression,-0.6976283283879194,-0.1380084430682904,-0.6976283283879194,0.525,0.49829734803287645,1,0,0,1
123,105554,43.44,0,-0.9453926003316115,0,Logistic regression,-1.0247443581420583,-1.074673643020935,-1.0247443581420583,0.05,-0.4514648491961528,0,0,0,0
123,191785,38.52,0,-0.9059550188044001,0,Logistic regression,-1.7449537023398305,-1.3007361520759997,-1.7449537023398305,0.015,-1.1347260221095496,0,0,0,0
123,131468,56.0,0,-0.8600401099424964,0,Logistic regression,-2.152704459881503,-1.2538788572536366,-2.152704459881503,0.12,-0.43489686477813705,0,0,0,0
123,106998,3.79,1,0.7220026342701222,1,Logistic regression,1.4555341972921987,1.0445346448729749,1.4555341972921987,1.0,0.9860747961756561,1,1,1,1
123,65131,6.8,0,-0.8123175915843743,0,Logistic regression,-1.2555783532214306,-0.9144973021328797,-1.2555783532214306,0.005,-0.731435660733222,0,0,0,0
123,119969,19.99,0,-1.0060796422264882,0,Logistic regression,-1.1984794096599252,-1.0059089446056693,-1.1984794096599252,0.095,-1.293287499241104,0,0,0,0
123,4839,142.83,0,-0.10924663110591326,0,Logistic regression,-1.866646286521482,-0.5391969455765657,-1.866646286521482,0.06,-0.19101505858247658,0,0,0,0
123,151773,4.9,0,-1.1709508803231248,0,Logistic regression,-1.9874189222088532,-1.2538901855063507,-1.9874189222088532,0.0,-0.49735535947093523,0,0,0,0
123,213892,87.92,0,-0.21472320368415065,0,Logistic regression,-1.1298006361856014,-1.1794400329436272,-1.1298006361856014,0.06,-0.5129216396688923,0,0,0,0
123,75431,139.81,0,-0.7591914580143977,0,Logistic regression,-1.9165559485148216,-1.1063842970619635,-1.9165559485148216,0.035,-0.8205449688650581,0,0,0,0
123,165551,15.0,0,-0.08175776296771309,0,Logistic regression,-1.4049779990775138,-0.7340953743095686,-1.4049779990775138,0.08,-0.6151335928262516,0,0,0,0
123,9035,1.0,1,0.7069784884328139,1,Logistic regression,11.634014387056167,1.1788401478982085,11.634014387056167,0.985,0.6637086147843444,1,1,1,1
123,262016,52.95,0,-0.7277808653232223,0,Logistic regression,-3.08139619305231,-1.6260126606934777,-3.08139619305231,0.105,-0.27734563169057447,0,0,0,0
123,33642,27.95,0,-1.0475258002980183,0,Logistic regression,-1.1096752740899594,-1.1036554725381544,-1.1096752740899594,0.09,-1.4598473477456018,0,0,0,0
123,46823,34.0,0,-1.0653514696126514,0,Logistic regression,-1.2653756379919496,-1.1010466551558153,-1.2653756379919496,0.01,-1.4193009084278791,0,0,0,0
123,41313,22.7,0,-1.088566324790709,0,Logistic regression,-1.464107831828636,-1.163963589876279,-1.464107831828636,0.01,-1.4758065747957374,0,0,0,0
123,179257,81.0,0,-0.7998022550871835,0,Logistic regression,-1.7091578514962302,-1.0500036085145867,-1.7091578514962302,0.015,-1.1633280511810344,0,0,0,0
123,90692,30.0,0,-0.9590258327016232,0,Logistic regression,-1.5874108186703766,-1.2032558408497758,-1.5874108186703766,0.015,-0.7905262706014928,0,0,0,0
123,36695,12.1,0,-0.6592978402903802,0,Logistic regression,-1.4973924064799924,-1.0909688098661483,-1.4973924064799924,0.015,-0.8800868350467792,0,0,0,0
123,6336,1.0,1,0.6914487989713752,1,Logistic regression,3.6078434512491233,1.0465045544483433,3.6078434512491233,1.0,0.7854610690272179,1,1,1,1
123,197503,991.01,0,0.2933886207527536,0,Logistic regression,-1.054894484695328,-0.2453583513773382,-1.054894484695328,0.155,0.1530101553267893,1,0,0,0
123,207174,99.43,0,-1.1403617768771797,0,Logistic regression,-1.6615574619711109,-1.398279566767372,-1.6615574619711109,0.01,-1.8207450453398792,0,0,0,0
123,206253,209.52,0,-0.666613813539785,0,Logistic regression,-1.8742967836962214,-1.1518009909287417,-1.8742967836962214,0.04,-0.5786713602889908,0,0,0,0
123,87904,55.5,0,-0.9832522219903475,0,Logistic regression,-1.1448743566319841,-1.0179310439092066,-1.1448743566319841,0.015,-1.393344304537271,0,0,0,0
123,95890,1.0,0,-0.9640868282471897,0,Logistic regression,-0.7967448466523054,-0.7988324236681505,-0.7967448466523054,0.125,-0.9466294228399714,0,0,0,0
123,1401,158.0,0,-0.28618813721775505,0,Logistic regression,-2.457297055322174,-1.1624419766573257,-2.457297055322174,0.09,-0.17881245602036588,0,0,0,0
123,157178,15.95,0,-1.0431199312373545,0,Logistic regression,-1.6890740135000843,-1.1083608317407345,-1.6890740135000843,0.08,-0.6705759266415054,0,0,0,0
123,141260,512.25,1,0.6622598113127067,1,Logistic regression,7.688706709688329,1.4772028092875993,7.688706709688329,0.985,0.6177637127731063,1,1,1,1
123,74868,8.03,0,-1.1897930828108068,0,Logistic regression,-0.9346700451260497,-1.0130207597412382,-0.9346700451260497,0.065,-1.3846424601980294,0,0,0,0
123,269311,5.4,0,-1.0876819633693364,0,Logistic regression,-1.7634979309623415,-1.1094929276311134,-1.7634979309623415,0.015,-1.3596727831579414,0,0,0,0
123,183106,0.0,1,0.438892647040478,1,Logistic regression,0.5210571520393116,0.07158041038968521,0.5210571520393116,0.425,0.6619109323723411,1,1,0,1
123,156990,186.13,1,0.8503941727826259,1,Logistic regression,3.647271883579923,1.972411285590016,3.647271883579923,0.995,0.8942998272189847,1,1,1,1
123,105168,10.0,0,-1.0793917221003335,0,Logistic regression,-1.2855911490191048,-0.974536741244189,-1.2855911490191048,0.015,-1.2218471897920582,0,0,0,0
123,229499,46.9,0,-0.9930542345048166,0,Logistic regression,-1.0896977240940013,-0.9799752702477715,-1.0896977240940013,0.025,-1.4793423948414672,0,0,0,0
123,162783,4.73,0,-1.077690847121761,0,Logistic regression,-1.5051701825662551,-1.112931457797745,-1.5051701825662551,0.005,-0.9382409136228957,0,0,0,0
123,204578,10.62,0,-0.6455408525210715,0,Logistic regression,-1.330741545388482,-1.0430627143253075,-1.330741545388482,0.245,0.28550219567687496,0,0,0,0
123,189461,0.0,0,-0.19067584411208527,0,Logistic regression,-1.0965516066685645,-0.7374781756181668,-1.0965516066685645,0.1,-0.6812327283276722,0,0,0,0
123,7900,15.95,0,-0.9232572738934399,0,Logistic regression,-1.6378124012175515,-1.0053497175759183,-1.6378124012175515,0.065,-0.7777060514586578,0,0,0,0
123,156842,925.66,0,0.08612489879699498,0,Logistic regression,-2.018706602738205,-0.6890512605556225,-2.018706602738205,0.1,0.48186469657539577,0,0,0,1
123,153948,15.95,0,-1.1245226998141424,0,Logistic regression,-1.940133397202696,-1.2952018304424746,-1.940133397202696,0.005,-1.0420436637851214,0,0,0,0
123,21515,105.55,0,-0.6975947286063826,0,Logistic regression,-1.5290603366553674,-0.9357958612191581,-1.5290603366553674,0.155,-1.0021666733723718,0,0,0,0
123,147462,729.34,0,-0.11805660392704631,0,Logistic regression,-0.9870426908297362,-1.0288369172683363,-0.9870426908297362,0.015,-0.22889571509594098,0,0,0,0
123,199297,58.45,0,-1.1088446338812048,0,Logistic regression,-1.930047450571394,-1.4766991976631696,-1.930047450571394,0.325,-1.3156137088544082,0,0,0,0
123,72703,76.73,0,-1.1089419933884326,0,Logistic regression,-1.651250853363254,-1.2026986330878893,-1.651250853363254,0.005,-0.902362305117733,0,0,0,0
123,226877,0.0,1,0.7441650219701578,1,Logistic regression,3.3226409108454624,1.7593678890380133,3.3226409108454624,0.98,0.6483376126163708,1,1,1,1
123,165449,5.99,0,-1.1315163622555493,0,Logistic regression,-1.7043491815049974,-1.1562016419913277,-1.7043491815049974,0.0,-1.477569891429294,0,0,0,0
123,120505,99.85,1,0.8185265062172615,1,Logistic regression,5.0529989963683,2.7546064668572905,5.0529989963683,0.995,0.8771488694235374,1,1,1,1
123,276071,19.95,1,-1.117429036563301,0,Logistic regression,-1.5970943617478808,-1.2193201857930525,-1.5970943617478808,0.005,-1.4202956317882491,0,0,0,0
123,185558,4.49,0,-1.1693997465150303,0,Logistic regression,-2.2074524594065728,-1.4485659525158676,-2.2074524594065728,0.07,-1.12663023221048,0,0,0,0
123,263910,69.0,0,-0.872191330976654,0,Logistic regression,-2.1271220137946583,-1.195465263190724,-2.1271220137946583,0.03,-1.1769757178196765,0,0,0,0
123,119203,30.0,0,-1.106073272808288,0,Logistic regression,-1.5211358842986158,-1.0420813901000268,-1.5211358842986158,0.02,-0.5180261035826916,0,0,0,0
123,249127,120.0,0,-0.5930500176486515,0,Logistic regression,-2.4352615179838555,-1.335884885665619,-2.4352615179838555,0.075,-0.9495400610570504,0,0,0,0
123,127402,6.26,0,-0.9500678393410076,0,Logistic regression,-1.5803850928733185,-1.0829666337216965,-1.5803850928733185,0.315,-1.0521739226616713,0,0,0,0
123,244220,7.86,0,-0.9210266066967738,0,Logistic regression,-1.3837994324376504,-1.2050544922874489,-1.3837994324376504,0.065,-0.15523569244097857,0,0,0,0
123,167203,11.5,0,-1.176412773473001,0,Logistic regression,-1.4973338418581483,-1.278025867073832,-1.4973338418581483,0.04,-1.637567838380092,0,0,0,0
123,167184,105.89,1,0.662393405812624,1,Logistic regression,3.233749509825546,0.8240948529751032,3.233749509825546,0.995,0.6157023329654943,1,1,1,1
123,276500,1.79,0,-1.1088889119721785,0,Logistic regression,-1.3726872571625668,-1.094332316519328,-1.3726872571625668,0.005,-1.5433471206631586,0,0,0,0
123,276853,37.61,0,-1.2167038420921534,0,Logistic regression,-2.144407999503265,-1.3734235917597097,-2.144407999503265,0.1,-1.1184284925913113,0,0,0,0
123,273590,1.0,0,-0.9422468748275148,0,Logistic regression,-1.8603813968542608,-1.1386485937279194,-1.8603813968542608,0.025,-1.192230952751499,0,0,0,0
123,224885,89.68,0,-0.9936182776678646,0,Logistic regression,-1.405023840584621,-1.1025920776936904,-1.405023840584621,0.0,-1.2799159249532173,0,0,0,0
123,57128,16.71,0,-0.7161355441170909,0,Logistic regression,-1.2866038762799163,-1.0363281619329798,-1.2866038762799163,0.115,-0.9940386526850977,0,0,0,0
123,159137,19.99,0,-0.9547470768008439,0,Logistic regression,-1.6985070810888971,-1.1765664743080702,-1.6985070810888971,0.075,-1.279638055437806,0,0,0,0
123,217190,144.0,0,-1.1883649593184906,0,Logistic regression,-1.721688462416795,-1.236719390542328,-1.721688462416795,0.02,-1.3146876463969057,0,0,0,0
123,23422,717.15,1,0.7324821211500339,1,Logistic regression,1.798880286218675,0.9458750396614469,1.798880286218675,0.965,0.7229345543402226,1,1,1,1
123,120339,46.86,0,-0.9839033607256618,0,Logistic regression,-1.6159465198486314,-1.055167886610332,-1.6159465198486314,0.01,-0.9792932273568928,0,0,0,0
123,130035,1.0,0,-1.0250031790752847,0,Logistic regression,-1.6871266859102692,-1.2324701264370608,-1.6871266859102692,0.02,-0.8299831110378699,0,0,0,0
123,222321,173.6,0,-0.004397899403035033,0,Logistic regression,-0.6144746508802007,-1.0682628840737307,-0.6144746508802007,0.05,-0.47849159473430736,0,0,0,0
123,211896,1.29,0,-1.0845010412183682,0,Logistic regression,-1.4836915004431717,-1.1133059224301263,-1.4836915004431717,0.005,-1.4894890591421317,0,0,0,0
123,218515,26.0,0,-0.8973472096164588,0,Logistic regression,-2.2016090684199123,-1.1055724960042428,-2.2016090684199123,0.135,-0.3720013479526678,0,0,0,0
123,62327,369.2,0,-0.7281571169510797,0,Logistic regression,-1.1536516390982396,-1.131403943992596,-1.1536516390982396,0.01,-1.190090215714739,0,0,0,0
123,240074,7.99,0,-1.1350088057482315,0,Logistic regression,-1.523897600067711,-1.1683151154578677,-1.523897600067711,0.0,-1.5916666268821993,0,0,0,0
123,2414,8.94,0,-0.08725904316360333,0,Logistic regression,-1.7015582813724848,-0.2750774875372549,-1.7015582813724848,0.54,0.17964920973556103,1,0,0,0
123,100623,549.06,1,-0.26429427253451,0,Logistic regression,-1.5348296335229064,-1.0499907724944468,-1.5348296335229064,0.005,-0.6899199364538642,0,0,0,0
123,146787,1.0,0,-0.002966716907115363,0,Logistic regression,-1.4876175098110838,-0.8298388444856439,-1.4876175098110838,0.11,-0.8819748772995328,0,0,0,0
123,151807,33.59,1,0.7115408855842928,1,Logistic regression,1.351743786954962,0.18678371811551875,1.351743786954962,0.8,0.5807940210510923,1,1,1,1
123,65425,10.17,0,0.16825011944191776,0,Logistic regression,-1.088525624520826,-0.8899244937950272,-1.088525624520826,0.12,-0.40978491426502095,0,0,0,0
123,65381,11.5,0,-1.0946975843474396,0,Logistic regression,-1.5569521209474368,-1.234050622713445,-1.5569521209474368,0.025,-1.518143074967255,0,0,0,0
123,153416,41.2,0,-0.828145814295975,0,Logistic regression,-2.578664988026548,-1.5299537807516927,-2.578664988026548,0.08,0.2311249532881065,0,0,0,0
123,8631,99.99,0,-1.0107130951796075,0,Logistic regression,-1.7804455254428508,-1.2282259642268716,-1.7804455254428508,0.055,-0.6599772683032523,0,0,0,0
123,154693,1.0,1,0.6043192872888004,1,Logistic regression,5.56447942613064,2.4111223828630397,5.56447942613064,0.995,0.6304806948456583,1,1,1,1
123,130652,52.96,0,-0.9165280847271184,0,Logistic regression,-1.0025094983918335,-0.9180042266599628,-1.0025094983918335,0.015,-0.5392050408241942,0,0,0,0
123,60536,59.9,0,-0.5062182108011533,0,Logistic regression,-0.9579998077461715,-0.8376914965640874,-0.9579998077461715,0.265,-0.543194507456104,0,0,0,0
123,198187,44.0,0,-0.6845472665754249,0,Logistic regression,-2.184529799117711,-1.3130635633128274,-2.184529799117711,0.08,-1.0437214169463307,0,0,0,0
123,260841,644.79,0,0.2807308572266057,0,Logistic regression,-2.304406336269206,-0.9844013032433394,-2.304406336269206,0.175,0.3756952813452038,0,0,0,0
123,66325,79.0,0,-1.056200438818804,0,Logistic regression,-1.6428625170646693,-1.260008981653986,-1.6428625170646693,0.05,-1.042257421763265,0,0,0,0
123,220438,118.0,0,-1.0164651916461203,0,Logistic regression,-1.6994709442849216,-1.192407725997325,-1.6994709442849216,0.02,-1.1568052584034136,0,0,0,0
123,226814,667.55,1,0.6257784681396318,1,Logistic regression,3.2781003296568194,1.5436027282038909,3.2781003296568194,0.995,0.6753400294469277,1,1,1,1
123,143378,10.59,0,-0.46116411853020245,0,Logistic regression,-1.100456126007921,-1.0523956293415615,-1.100456126007921,0.115,-0.8722129303673802,0,0,0,0
123,21870,50.9,0,-0.9581677928623515,0,Logistic regression,-1.2151157977823799,-0.915462273567438,-1.2151157977823799,0.085,-1.4534563268734744,0,0,0,0
123,282941,25.0,0,-0.8303455420023977,0,Logistic regression,-1.456893524427454,-0.8639250592615975,-1.456893524427454,0.005,-0.9682550223756285,0,0,0,0
123,80062,899.0,0,0.031833858295979844,0,Logistic regression,-1.0545470331066338,-0.3504947565790508,-1.0545470331066338,0.11,0.22289507030846095,1,0,0,0
123,76942,360.0,0,-0.5569624367264543,0,Logistic regression,-1.3221925253528095,-1.214874671306194,-1.3221925253528095,0.02,-1.0841307038471764,0,0,0,0
123,135072,7.5,0,-1.0805976496402308,0,Logistic regression,-1.2797792055495356,-0.9813923749075693,-1.2797792055495356,0.02,-1.3833210244064644,0,0,0,0
123,228997,91.75,0,-1.1552754285376907,0,Logistic regression,-1.7339153447450761,-1.3454636049290987,-1.7339153447450761,0.005,-2.093277320250122,0,0,0,0
123,57951,498.59,0,-0.21351587480157086,0,Logistic regression,-1.479392583410366,-1.0366656555072313,-1.479392583410366,0.005,-0.9086645515924063,0,0,0,0
123,38421,303.74,0,0.0812565821983281,0,Logistic regression,-2.2883173133371373,-0.6385017430429771,-2.2883173133371373,0.125,-0.502436667559202,0,0,0,0
123,150688,1.0,0,-0.7983325011206168,0,Logistic regression,-1.8824900546908232,-1.1670672637082997,-1.8824900546908232,0.02,-0.15612384121207779,0,0,0,0
123,78140,20.0,0,-0.4662641353716803,0,Logistic regression,-1.576014229665113,-0.5786673791801971,-1.576014229665113,0.24,0.26107150905811327,0,0,0,0
123,62551,50.0,0,-0.8628608338041792,0,Logistic regression,-1.8705817759429166,-1.099485819467508,-1.8705817759429166,0.055,-1.0522579967041155,0,0,0,0
123,18731,1.98,0,-0.7690969734544966,0,Logistic regression,-1.7815033746063782,-1.134922141089741,-1.7815033746063782,0.12,-0.8120865459463149,0,0,0,0
123,41194,291.39,0,-0.677287311216874,0,Logistic regression,-1.4949032156540607,-1.0916041694255503,-1.4949032156540607,0.015,-1.2085140834214727,0,0,0,0
123,76218,14.5,0,-1.0137460814830017,0,Logistic regression,-1.5086814500398762,-0.9892695568343981,-1.5086814500398762,0.0,-1.3362091767531143,0,0,0,0
123,155023,5.49,0,-1.0301843801374284,0,Logistic regression,-1.889514431412589,-1.1582477260324116,-1.889514431412589,0.01,-0.8911306122696079,0,0,0,0
123,46578,6.99,0,-0.935960421784009,0,Logistic regression,-1.3520330732223087,-1.2768061352925242,-1.3520330732223087,0.01,-0.9381160181089745,0,0,0,0
123,69382,60.0,0,-0.5974748180031704,0,Logistic regression,-1.2485161420753093,-0.7766088069028296,-1.2485161420753093,0.055,-0.6769660781660536,0,0,0,0
123,7276,22.3,0,-0.6644328758595446,0,Logistic regression,-1.6862466886242364,-0.8976241155851861,-1.6862466886242364,0.04,-0.4200024477050799,0,0,0,0
123,76929,1.0,1,0.9334665092932891,1,Logistic regression,3.500787299482965,1.889556745075899,3.500787299482965,0.995,0.9861225431857885,1,1,1,1
123,89762,171.64,0,-1.203663385211688,0,Logistic regression,-1.4156567295182831,-1.1162213852645946,-1.4156567295182831,0.005,-1.5415296584282168,0,0,0,0
123,171542,37.83,0,-0.5955577500022295,0,Logistic regression,-1.9644626387984672,-1.274573441282435,-1.9644626387984672,0.325,0.18004666923973783,0,0,0,0
123,255556,0.77,1,0.7852162173554197,1,Logistic regression,3.257745026444466,0.832072531597239,3.257745026444466,1.0,0.8535565889070904,1,1,1,1
123,249963,0.77,1,0.6001247893386702,1,Logistic regression,4.78782164567249,1.6081716516816016,4.78782164567249,0.995,0.8259230859135012,1,1,1,1
123,131115,1.0,0,-1.1621642191097703,0,Logistic regression,-1.4941326538182724,-1.1603617402273574,-1.4941326538182724,0.025,-0.6944458072179234,0,0,0,0
123,2729,21.97,0,-1.0561268679422013,0,Logistic regression,-1.325302931738198,-1.0133287013174541,-1.325302931738198,0.01,-0.523303483986723,0,0,0,0
123,222552,48.94,0,-1.1713961221926676,0,Logistic regression,-2.032885187573573,-1.258456009459186,-2.032885187573573,0.0,-1.5093091262685745,0,0,0,0
123,139255,93.04,0,-0.8705606649373312,0,Logistic regression,-1.8322836483695442,-1.172452613816245,-1.8322836483695442,0.025,-1.0490418050829895,0,0,0,0
123,175626,215.0,0,-1.089451456437331,0,Logistic regression,-1.4495896071030798,-1.2968488613480285,-1.4495896071030798,0.0,-1.4641111903330823,0,0,0,0
123,103628,1.46,0,-1.071156549798811,0,Logistic regression,-1.1330444067024343,-1.0508800914793872,-1.1330444067024343,0.03,-1.502457758549485,0,0,0,0
123,202996,8.42,0,-1.0439911847061705,0,Logistic regression,-1.612644637563799,-1.0950947181365611,-1.612644637563799,0.0,-0.9508484800062735,0,0,0,0
123,156943,79.49,0,-0.6009695776887534,0,Logistic regression,-1.6933674683003521,-0.8410154207535612,-1.6933674683003521,0.115,-0.3414000075359125,0,0,0,0
123,6446,1.0,1,0.6036119089710613,1,Logistic regression,2.9542175868825256,1.3540177999490917,2.9542175868825256,0.985,0.7719766186979973,1,1,1,1
123,140260,17.99,0,-0.5653947345481878,0,Logistic regression,-1.401109929806867,-0.8916971834066627,-1.401109929806867,0.06,-0.772182578889498,0,0,0,0
123,41288,198.0,0,-0.6958556110376592,0,Logistic regression,-1.0684235667310933,-1.0049358752853028,-1.0684235667310933,0.055,-1.0365978604453812,0,0,0,0
123,94590,34.27,0,0.4779061541424134,1,Logistic regression,-4.110904224874799,0.15221964407058852,-4.110904224874799,0.435,0.5758353083911613,1,0,0,1
123,212678,28.73,0,-0.9207815548866298,0,Logistic regression,-1.2308459407148107,-0.981925325552895,-1.2308459407148107,0.02,-1.0093689513992463,0,0,0,0
123,42528,340.11,1,0.7727789700666292,1,Logistic regression,10.826615957332564,1.3452110747318173,10.826615957332564,0.975,0.7522771011636228,1,1,1,1
123,30496,111.7,1,0.7404273839378507,1,Logistic regression,5.200157061195405,2.533605562064607,5.200157061195405,0.99,0.7221049564145849,1,1,1,1
123,77107,15.0,0,-0.9178764928213552,0,Logistic regression,-1.3829213421451212,-0.9974944693180434,-1.3829213421451212,0.05,-1.2128821037363733,0,0,0,0
123,185765,3.78,0,-0.9863344107592804,0,Logistic regression,-1.317402727856416,-0.8177445937643937,-1.317402727856416,0.05,-0.3767273498382272,0,0,0,0
123,244198,27.59,0,-1.0454994296726412,0,Logistic regression,-1.2353725957343769,-1.079203702278891,-1.2353725957343769,0.015,-0.7263160649876221,0,0,0,0
123,116653,3.99,0,-1.011468224143057,0,Logistic regression,-1.3875937942767598,-0.9951031240188988,-1.3875937942767598,0.01,-1.4767720364792625,0,0,0,0
123,30248,30.7,0,-1.0687487662123027,0,Logistic regression,-1.2086820469697819,-1.0506312071176358,-1.2086820469697819,0.025,-0.425585876202895,0,0,0,0
123,20209,44.99,0,-1.024060759349962,0,Logistic regression,-1.2706505681450804,-0.9497314993643682,-1.2706505681450804,0.255,-0.4796445670439158,0,0,0,0
123,75324,54.89,0,-1.009171799361903,0,Logistic regression,-2.1912911284885905,-1.2298606738488436,-2.1912911284885905,0.13,-0.7461446272984098,0,0,0,0
123,74515,146.79,0,-0.9088765132820387,0,Logistic regression,-1.949438716114059,-1.30520920220862,-1.949438716114059,0.04,-0.6456099775582096,0,0,0,0
123,45806,1.98,0,-1.1303571002338693,0,Logistic regression,-1.0334515458277376,-0.9679706098887622,-1.0334515458277376,0.045,-1.272560698653339,0,0,0,0
123,40453,250.0,0,-0.4809368274755137,0,Logistic regression,-1.9937862385629725,-1.0152829719049017,-1.9937862385629725,0.125,-0.21952740960329076,0,0,0,0
123,132079,1009.75,0,0.07024550042199035,0,Logistic regression,-1.1734640752977734,-0.5478568039477583,-1.1734640752977734,0.08,0.3843953407687036,0,0,0,0
123,170856,156.2,0,0.07129963503577652,0,Logistic regression,-0.9212757572716738,-0.4571249852757082,-0.9212757572716738,0.415,0.290871725445174,0,0,0,0
123,125113,197.4,0,-1.1496826629072219,0,Logistic regression,-1.4535768238211726,-1.3701931535391443,-1.4535768238211726,0.02,-0.954822953358011,0,0,0,0
123,244629,3.57,0,-1.0341526408720525,0,Logistic regression,-1.5110712546724288,-1.1775238654172864,-1.5110712546724288,0.015,-1.5279716164369221,0,0,0,0
123,194828,119.67,0,-0.5335093501306081,0,Logistic regression,-2.186226492660556,-0.9383681081815769,-2.186226492660556,0.1,0.07621517105091258,0,0,0,0
123,280143,0.76,1,0.8815277835137878,1,Logistic regression,1.8144420820580054,1.0385785918216943,1.8144420820580054,1.0,0.910502912813516,1,1,1,1
123,154666,390.0,0,-0.06279232260025858,0,Logistic regression,-1.5412827947263072,-1.0924707093378774,-1.5412827947263072,0.155,-0.08758896115361303,0,0,0,0
123,68633,1.18,1,-0.8417208455301521,0,Logistic regression,-1.6641999987569407,-1.0897812376982439,-1.6641999987569407,0.075,-1.1235677168095528,0,0,0,0
123,43624,39.45,1,0.41742896134574375,0,Logistic regression,1.5122789764339157,1.0546837683988861,1.5122789764339157,0.99,0.9417392379271459,1,1,1,1
123,127842,11.86,0,-0.9461313475687019,0,Logistic regression,-1.7116412082524604,-1.0638847309950215,-1.7116412082524604,0.02,-1.267575225436932,0,0,0,0
123,215274,12.95,0,-1.022314490234445,0,Logistic regression,-1.4835860858101464,-1.0409025261463862,-1.4835860858101464,0.035,-1.2910231410924908,0,0,0,0
123,234580,1.0,0,-0.984531522329638,0,Logistic regression,-1.9383582041552372,-1.2489101736961696,-1.9383582041552372,0.03,-1.36049349425402,0,0,0,0
123,150679,104.03,1,0.8575314653864476,1,Logistic regression,8.837198910908546,1.2863477120267235,8.837198910908546,0.995,0.7504610223335457,1,1,1,1
123,154694,346.94,1,0.648768961661405,1,Logistic regression,4.749094705896763,2.1265199021325696,4.749094705896763,0.99,0.6494032110300039,1,1,1,1
123,93507,1.98,0,-1.0046852299230393,0,Logistic regression,-1.3695229412851866,-1.0096820414628096,-1.3695229412851866,0.0,-1.558923924033788,0,0,0,0
123,148030,25.0,0,-1.2382019164315174,0,Logistic regression,-1.7633246393696598,-1.295566506191945,-1.7633246393696598,0.015,-0.9997388128915174,0,0,0,0
123,41395,1.0,1,0.6439784932538063,1,Logistic regression,4.2974037160219964,1.2371815866332367,4.2974037160219964,1.0,0.7159114705454013,1,1,1,1
123,216123,73.77,0,-0.6346347443025542,0,Logistic regression,-2.265148309308734,-1.2679805508169144,-2.265148309308734,0.08,-0.40795624775757866,0,0,0,0
123,261473,4.9,1,0.6730449413929622,1,Logistic regression,0.8744028527484301,0.6036619852769658,0.8744028527484301,0.98,0.6040442102780115,1,1,1,1
123,283257,0.99,0,-1.144326151370355,0,Logistic regression,-1.7415334104681435,-1.1380059542900252,-1.7415334104681435,0.0,-1.3720011558563663,0,0,0,0
123,204809,190.0,0,-0.6987592130900591,0,Logistic regression,-1.947787545298005,-1.342627340370272,-1.947787545298005,0.125,-1.2515941992039845,0,0,0,0
123,178724,38.0,0,-1.1302148902026539,0,Logistic regression,-0.8588124363785322,-1.0977800996617788,-0.8588124363785322,0.01,-0.7577195629818207,0,0,0,0
123,191997,25.15,0,-0.6455730570896463,0,Logistic regression,-2.520539326309053,-1.3509107703622418,-2.520539326309053,0.015,-0.9514996973800476,0,0,0,0
123,262556,6.45,0,-1.1072169715337474,0,Logistic regression,-2.122581621557931,-1.2326332502236357,-2.122581621557931,0.005,-0.5306631968605167,0,0,0,0
123,280613,9.0,0,-0.9242854589315568,0,Logistic regression,-0.6897885815250546,-0.9468341208669631,-0.6897885815250546,0.02,-0.755104775842053,0,0,0,0
123,6717,1.0,1,0.6908959841879347,1,Logistic regression,5.136854118163545,1.391220879902442,5.136854118163545,0.97,0.7280299763379507,1,1,1,1
123,9179,1.0,1,0.7015368988193833,1,Logistic regression,10.158225151093491,1.2387616006226574,10.158225151093491,0.99,0.666267012276059,1,1,1,1
123,29466,5.0,0,-0.8147424716026559,0,Logistic regression,-1.0329789474375415,-0.9581358257195858,-1.0329789474375415,0.05,-1.3040252023973224,0,0,0,0
123,96457,68.63,0,-1.1002864390828662,0,Logistic regression,-1.1851091619381964,-1.0211670255934122,-1.1851091619381964,0.04,-1.7166181660158368,0,0,0,0
123,89313,14.32,0,-1.0139167392325477,0,Logistic regression,-1.5598808967399491,-1.024215005506955,-1.5598808967399491,0.0,-1.425797201029696,0,0,0,0
123,14135,50.0,0,-0.4349391069735675,0,Logistic regression,-1.7840793726989586,-0.9117931188640573,-1.7840793726989586,0.155,-0.7122023863071039,0,0,0,0
123,268906,500.0,0,-0.20768483917939606,0,Logistic regression,-1.1156927821400644,-0.9924730194561657,-1.1156927821400644,0.025,-0.5512939206758563,0,0,0,0
123,254452,1.98,0,-1.1921356917505002,0,Logistic regression,-1.391783902795837,-1.1492850493507702,-1.391783902795837,0.0,-1.4759493187812962,0,0,0,0
123,18307,8.53,0,-0.955535546605901,0,Logistic regression,-1.3844180772831778,-1.0000806137509113,-1.3844180772831778,0.03,-1.278101555320282,0,0,0,0
123,279258,82.2,0,-0.3012444352969361,0,Logistic regression,-1.7919181888070508,-0.6816894461359766,-1.7919181888070508,0.07,-0.04273742900096633,0,0,0,0
123,106679,227.3,1,0.6139089620370023,1,Logistic regression,3.3917075186616077,1.6467152969778247,3.3917075186616077,0.995,1.0524506678853203,1,1,1,1
123,117013,1.0,0,0.11376708526421686,0,Logistic regression,-2.2946750265374543,-1.1607573114269776,-2.2946750265374543,0.245,-0.5414190399645666,0,0,0,0
123,279344,70.66,0,-0.8710053106831048,0,Logistic regression,-2.1187105175733674,-1.2183900645536425,-2.1187105175733674,0.0,-1.2492212416828046,0,0,0,0
123,151730,18.96,1,0.42192446402921135,0,Logistic regression,1.722117250050784,0.9604504439638377,1.722117250050784,0.77,0.674986388099142,1,1,1,1
123,141259,512.25,1,0.6622598113127067,1,Logistic regression,7.688706709688329,1.4772028092875993,7.688706709688329,0.985,0.6177637127731063,1,1,1,1
123,273073,8.62,0,-1.1122899796505603,0,Logistic regression,-1.9732738801172398,-1.2418524448605919,-1.9732738801172398,0.005,-1.3058083027809948,0,0,0,0
123,22762,7.44,0,-0.8648559646348144,0,Logistic regression,-0.8604663494770773,-0.879548186731044,-0.8604663494770773,0.095,-1.122016550877606,0,0,0,0
123,223264,29.58,0,-0.7810728763211052,0,Logistic regression,-1.6608476168511892,-0.9587254857914316,-1.6608476168511892,0.085,-1.1429704801615306,0,0,0,0
123,130428,0.89,0,-0.8743324630341072,0,Logistic regression,-1.2956260290358448,-0.8525467693774262,-1.2956260290358448,0.08,-1.124229735584808,0,0,0,0
123,279835,11.09,0,-0.9982932758951999,0,Logistic regression,-1.187991438260894,-0.9942536463541247,-1.187991438260894,0.02,-1.2667250901734635,0,0,0,0
123,18466,0.68,1,0.2873377278338886,0,Logistic regression,0.7935685207778312,0.3746798541397688,0.7935685207778312,0.545,0.7847863370758378,1,1,0,1
123,62381,4.0,0,-1.0172161825063197,0,Logistic regression,-1.0560938219298386,-0.9897692934293694,-1.0560938219298386,0.065,-0.9694989189266319,0,0,0,0
123,194197,0.76,0,-1.2065729591296204,0,Logistic regression,-1.929368972627573,-1.377696803793264,-1.929368972627573,0.1,-0.8904403645159114,0,0,0,0
123,191359,4.87,1,1.0150563196160176,1,Logistic regression,2.1637518657877393,0.8560514560493159,2.1637518657877393,0.99,1.079800499326363,1,1,1,1
123,42958,9.99,1,0.6357234726005763,1,Logistic regression,7.940043326398651,0.7153335810231635,7.940043326398651,0.995,0.6853352243607348,1,1,1,1
123,174259,21.0,0,-0.9154178281401235,0,Logistic regression,-1.3683494768758222,-1.0290274441027523,-1.3683494768758222,0.01,-1.3975947848131942,0,0,0,0
123,102446,1.0,1,1.0001522430743806,1,Logistic regression,2.6279921485947026,0.9996216335444668,2.6279921485947026,1.0,1.000086474461713,1,1,1,1
123,22071,120.32,0,-0.20921069607193588,0,Logistic regression,-1.862452123859899,-0.6386664563190172,-1.862452123859899,0.13,-0.15176149498280322,0,0,0,0
123,256341,0.89,0,-1.118614783332444,0,Logistic regression,-1.288802331894919,-1.1878303666056973,-1.288802331894919,0.03,-1.2495026413547041,0,0,0,0
123,201845,1.79,0,-0.8978145263927944,0,Logistic regression,-1.6019512819078865,-1.0063868868220933,-1.6019512819078865,0.025,-1.2102193068163989,0,0,0,0
123,196525,0.89,0,-1.1183543161613663,0,Logistic regression,-1.3744482234765725,-1.0966717822892982,-1.3744482234765725,0.005,-1.5338017310294056,0,0,0,0
123,16415,23.36,1,0.7449529076370567,1,Logistic regression,2.090384502420377,0.9512519097966219,2.090384502420377,0.985,0.6535603127248276,1,1,1,1
123,207141,79.95,0,-0.9402796961664741,0,Logistic regression,-1.564129450941766,-1.1943354316127819,-1.564129450941766,0.025,-1.3982131351153813,0,0,0,0
123,120854,3.99,0,-0.9717118403292995,0,Logistic regression,-1.3886748195436365,-1.0044329332213005,-1.3886748195436365,0.06,-1.2418050756238068,0,0,0,0
123,88195,1278.98,0,0.4566487916054674,1,Logistic regression,-1.6073615595193385,0.36995607265986674,-1.6073615595193385,0.17,0.5351800969851935,1,0,0,1
123,147967,124.99,0,-0.328516883114782,0,Logistic regression,-1.1747030813651131,-0.9411224296427732,-1.1747030813651131,0.125,-0.8337726555527476,0,0,0,0
123,18773,0.68,1,0.7105196617375216,1,Logistic regression,3.967275803991087,0.9353548188929746,3.967275803991087,0.99,0.8375935163400424,1,1,1,1
123,106875,11.37,0,-1.0881439188893318,0,Logistic regression,-1.1132991690310727,-1.0052602289643697,-1.1132991690310727,0.0,-1.5398211302249776,0,0,0,0
123,93424,1.0,1,0.8357541525400839,1,Logistic regression,2.0599914558183956,1.1712496929132479,2.0599914558183956,0.985,1.1069041791860799,1,1,1,1
123,215095,389.26,0,-0.2624789513989261,0,Logistic regression,-2.56994056268912,-1.1345542913055624,-2.56994056268912,0.2,0.05860623652800101,0,0,0,0
123,136528,62.0,0,-1.1191502419581116,0,Logistic regression,-1.5891219496587654,-1.0956420444358719,-1.5891219496587654,0.0,-1.457965498183676,0,0,0,0
123,16941,59.59,0,-0.16147131002928883,0,Logistic regression,-0.8200294231007038,-1.0060070773326963,-0.8200294231007038,0.065,0.12395893240159894,0,0,0,0
123,34901,1.98,0,-0.9639509775254445,0,Logistic regression,-1.1503512030381229,-1.008548578869007,-1.1503512030381229,0.065,-1.3309043766150996,0,0,0,0
123,89190,1402.16,1,0.6657984025290888,1,Logistic regression,2.9953770657264798,0.8420292398668034,2.9953770657264798,0.97,0.5761495522726547,1,1,1,1
123,249828,6.74,1,0.89105050816,1,Logistic regression,3.657346749275044,1.8200600316045212,3.657346749275044,0.985,0.976749863352181,1,1,1,1
123,125635,35.0,0,-1.1380646414167277,0,Logistic regression,-1.5013114480000596,-1.0525531233198906,-1.5013114480000596,0.055,-1.1272575389806205,0,0,0,0
123,192749,9.99,0,-1.0694287158458742,0,Logistic regression,-1.6730770559185877,-1.172990727899421,-1.6730770559185877,0.015,-1.5821558087086036,0,0,0,0
123,195638,12.95,0,-1.2459678214355143,0,Logistic regression,-2.293773609457276,-1.4096672274202213,-2.293773609457276,0.015,-1.2656093208122279,0,0,0,0
123,46346,64.0,0,-1.0435164380446948,0,Logistic regression,-1.9452721118644276,-1.3454943917819906,-1.9452721118644276,0.025,-0.960772194296138,0,0,0,0
123,11340,243.1,0,-0.792759827804699,0,Logistic regression,-1.779806872535164,-1.2083169305613446,-1.779806872535164,0.085,-0.25287458813766506,0,0,0,0
123,271658,150.0,0,-1.0182886717197501,0,Logistic regression,-1.8647458179610488,-1.151392762759843,-1.8647458179610488,0.015,-1.1118553514966518,0,0,0,0
123,46556,2.02,0,-1.0320587547254607,0,Logistic regression,-1.7900398679715486,-1.2168943489381145,-1.7900398679715486,0.03,-0.8740687596107108,0,0,0,0
123,9789,15.95,0,-1.0878104926056675,0,Logistic regression,-1.1016710014347182,-1.0210321042846784,-1.1016710014347182,0.035,-0.988705396366246,0,0,0,0
123,115602,1.79,0,-0.8716224736012075,0,Logistic regression,-1.147006822363452,-0.9972624378011099,-1.147006822363452,0.09,-1.0814104775567182,0,0,0,0
123,169955,144.0,0,-1.019853689308157,0,Logistic regression,-1.0328616341683494,-1.1397670961582687,-1.0328616341683494,0.005,-0.9371370736413147,0,0,0,0
123,100413,7.59,0,-1.1129811621177197,0,Logistic regression,-0.7826929285153975,-1.0217561967110003,-0.7826929285153975,0.01,-1.2280109690387286,0,0,0,0
123,6441,33.0,0,-0.24571109670962366,0,Logistic regression,-1.756117848390018,-0.8996617616889739,-1.756117848390018,0.07,-0.747432901679836,0,0,0,0
123,254777,5.6,0,-1.156174612066328,0,Logistic regression,-1.6476129620232842,-1.1371175896473475,-1.6476129620232842,0.015,-1.2570163527446223,0,0,0,0
123,58422,208.58,1,-0.9744345772450005,0,Logistic regression,-1.2187809055690386,-0.9056135868338671,-1.2187809055690386,0.03,-0.2502310819946272,0,0,0,0
123,51055,15.0,0,-1.0446512359624691,0,Logistic regression,-1.743444418781483,-1.0603962644026284,-1.743444418781483,0.035,-0.8274164976326861,0,0,0,0
123,221274,1.5,0,-0.7939212569604945,0,Logistic regression,-1.6128968768132776,-0.9583865492882373,-1.6128968768132776,0.11,-1.1923851575180637,0,0,0,0
123,251989,18.95,0,-0.7486758709453787,0,Logistic regression,-1.754094902698672,-1.112982877123592,-1.754094902698672,0.11,-0.9816575478880818,0,0,0,0
123,256003,12.28,0,-0.4778711081396685,0,Logistic regression,-0.8586288392647902,-0.6618084499801584,-0.8586288392647902,0.305,0.030275064474247104,0,0,0,0
123,28346,23.88,0,-0.08106972184945394,0,Logistic regression,-1.2780412646106662,-0.5811159620404609,-1.2780412646106662,0.18,-0.5056146184437897,0,0,0,0
123,22341,23.0,0,-0.7909545483634832,0,Logistic regression,-1.2060123688450903,-0.9160699527717109,-1.2060123688450903,0.305,-1.3607975095510214,0,0,0,0
123,102592,0.89,0,-0.8143691358356175,0,Logistic regression,-2.0203066355380175,-1.4702116961945986,-2.0203066355380175,0.16,0.5057001943355317,0,0,0,1
123,118308,30.14,1,-0.6963168574386129,0,Logistic regression,-1.3549238477843144,-0.9689160823840945,-1.3549238477843144,0.025,-0.8804738494660023,0,0,0,0
123,52521,105.99,1,-1.087129843470971,0,Logistic regression,-0.9870585881017412,-1.130983872725775,-0.9870585881017412,0.01,-0.8346938785873892,0,0,0,0
123,153817,8.98,0,-0.9541026547195497,0,Logistic regression,-1.7467366660475272,-1.1963530274542353,-1.7467366660475272,0.025,-1.1429931105760114,0,0,0,0
123,153835,1.0,1,0.6208281079533785,1,Logistic regression,6.3083410642623265,0.7707196939166312,6.3083410642623265,0.91,0.5961704983991631,1,1,1,1
123,42609,83.38,1,0.6608651871195297,1,Logistic regression,9.598347209256644,1.8743814012413302,9.598347209256644,0.995,0.7571130947920456,1,1,1,1
123,30611,34.55,0,-0.6988389031033349,0,Logistic regression,-1.7793919365003852,-1.0604229569138541,-1.7793919365003852,0.1,-0.43085168939777607,0,0,0,0
123,204294,4.99,0,-0.6187619286418322,0,Logistic regression,-1.9658998899752231,-0.8615543796855085,-1.9658998899752231,0.08,-0.6312551702012175,0,0,0,0
123,10782,6.7,0,-0.820676004808145,0,Logistic regression,-2.2678531108755964,-1.2901822826770875,-2.2678531108755964,0.055,-0.7522217669650029,0,0,0,0
123,109325,9.99,0,0.06459981542774657,0,Logistic regression,-1.9772222102789563,-0.9620362551931017,-1.9772222102789563,0.595,0.04545743903685251,0,0,0,0
123,75511,170.92,1,0.4693064521036853,1,Logistic regression,1.2447697940902094,0.9322880021229125,1.2447697940902094,0.995,0.8359642422680372,1,1,1,1
123,254456,6.47,0,-1.1403473442957333,0,Logistic regression,-1.4515138022651533,-1.2255550657548666,-1.4515138022651533,0.035,-1.4919605210833773,0,0,0,0
123,137231,2.58,0,-0.8683041366020883,0,Logistic regression,-1.0460458035201463,-1.0095984993782874,-1.0460458035201463,0.055,-1.0773027242989368,0,0,0,0
123,120087,1.49,0,-0.1864662274863963,0,Logistic regression,-0.8023873348400526,-1.0087312022037433,-0.8023873348400526,0.295,-0.06444094899721609,0,0,0,0
123,19359,87.0,0,-0.18961590631038905,0,Logistic regression,-0.5772216921373243,-0.529178515902371,-0.5772216921373243,0.395,0.17615821092010342,0,0,0,0
123,225553,1.79,0,-1.097232152422829,0,Logistic regression,-1.5429220930465335,-1.1086033423435013,-1.5429220930465335,0.005,-1.6504423429138535,0,0,0,0
123,126687,2.23,0,-1.125863690855519,0,Logistic regression,-0.8252823555707277,-1.0068432728575172,-0.8252823555707277,0.0,-1.205137788093666,0,0,0,0
123,214935,0.76,0,-0.6376261530327099,0,Logistic regression,-1.4543400075538981,-1.2440733043011687,-1.4543400075538981,0.205,0.23916018518781385,0,0,0,0
123,224874,4.49,0,-1.1511790552467225,0,Logistic regression,-1.5158362392110765,-1.1474501324491027,-1.5158362392110765,0.0,-1.5864186615348392,0,0,0,0
123,125202,114.2,0,-1.1278685387619454,0,Logistic regression,-1.3030014966630823,-1.1437101874043674,-1.3030014966630823,0.015,-1.4454812192578277,0,0,0,0
123,197659,597.8,0,0.18650546094636633,0,Logistic regression,-1.263410754061426,-0.7351326454443059,-1.263410754061426,0.07,-0.18049400694822415,0,0,0,0
123,36510,24.95,0,-0.08924857666318808,0,Logistic regression,-1.0469809000857722,-0.6030979112756321,-1.0469809000857722,0.19,-0.8408677414515626,0,0,0,0
123,245000,379.45,0,-0.9103975872564691,0,Logistic regression,-1.5583935237335513,-1.3021596563677524,-1.5583935237335513,0.005,-0.9258624614714468,0,0,0,0
123,206734,10.59,0,-0.927438455217821,0,Logistic regression,-0.8688681049626467,-1.0142808991472314,-0.8688681049626467,0.05,-0.26632149491733115,0,0,0,0
123,43712,7.0,0,-0.8327631854218447,0,Logistic regression,-1.162805855144784,-0.96402956145931,-1.162805855144784,0.025,-1.0804366993545902,0,0,0,0
123,55432,125.9,0,-0.9977236695030891,0,Logistic regression,-1.5348922038619315,-1.3225761722140026,-1.5348922038619315,0.005,-0.5934241742597504,0,0,0,0
123,230142,27.31,0,-0.2875641142102676,0,Logistic regression,-1.2361393205727116,-0.66455775747489,-1.2361393205727116,0.08,-0.6983607924191326,0,0,0,0
123,244379,8.93,0,-0.9650769532188777,0,Logistic regression,-1.0283968062353421,-1.1542801202077753,-1.0283968062353421,0.015,-0.6136977752112243,0,0,0,0
123,190055,18.4,0,-1.2186072749980803,0,Logistic regression,-2.2283471814529445,-1.3338338649709696,-2.2283471814529445,0.005,-1.5032304597262123,0,0,0,0
123,201430,680.46,0,0.26242801136005967,0,Logistic regression,-1.6406348342302004,-0.32863423143820514,-1.6406348342302004,0.195,0.12803736942977806,1,0,0,0
123,77682,1.0,1,0.9394569526183365,1,Logistic regression,5.637234844553531,1.948116828114688,5.637234844553531,0.95,0.6350291554113838,1,1,1,1
123,241062,101.36,0,-0.28037533789862845,0,Logistic regression,-1.840218143575345,-0.5328884719732918,-1.840218143575345,0.07,0.16948923933463222,0,0,0,0
123,200209,35.95,0,-1.162892520084464,0,Logistic regression,-1.508573089066672,-1.3124496683320517,-1.508573089066672,0.015,-1.5300652437627396,0,0,0,0
123,145800,451.27,1,0.321984690583591,0,Logistic regression,-1.0207469608315636,-0.3854758380545752,-1.0207469608315636,0.085,0.0909132568014297,0,0,0,0
123,126800,1.0,0,-1.0102325348296886,0,Logistic regression,-2.0794885259366325,-1.3187113023256132,-2.0794885259366325,0.09,-0.6801337267388985,0,0,0,0
123,178036,40.85,0,-0.9979153703016868,0,Logistic regression,-2.2347189076956955,-1.52652386434932,-2.2347189076956955,0.14,-1.208141069305123,0,0,0,0
123,107847,6.68,0,-0.9126028175509882,0,Logistic regression,-1.7168863804025372,-1.0701839411757443,-1.7168863804025372,0.015,-0.5048865982740192,0,0,0,0
123,97270,4.49,0,-1.1058432200854011,0,Logistic regression,-1.2412258721754459,-0.9953421441149846,-1.2412258721754459,0.0,-1.5489715397001629,0,0,0,0
123,256076,9.95,0,-0.7264101665352631,0,Logistic regression,-1.0871681154573198,-0.8320936514246144,-1.0871681154573198,0.035,-0.9107756073912627,0,0,0,0
123,252581,2.36,0,-0.6425994431746023,0,Logistic regression,-1.494270678445905,-1.0526415793733281,-1.494270678445905,0.475,-0.14105410572549848,0,0,0,0
123,235118,24.99,0,-1.1643448468586493,0,Logistic regression,-1.8086286278236114,-1.2080561394621248,-1.8086286278236114,0.0,-1.4840659450897997,0,0,0,0
123,227260,568.47,0,0.04036869716506741,0,Logistic regression,-1.3781645251352286,-0.8538342653228816,-1.3781645251352286,0.06,-0.525886057153145,0,0,0,0
123,264841,29.99,0,-0.7860766741818455,0,Logistic regression,-1.8161085131038663,-1.050240924159039,-1.8161085131038663,0.045,-0.9132478339325143,0,0,0,0
123,79282,28.33,0,-0.7907582994319577,0,Logistic regression,-1.8393909015731502,-1.0504613018957245,-1.8393909015731502,0.01,-1.3070069986805783,0,0,0,0
123,269138,3.75,0,-1.0617919255330326,0,Logistic regression,-1.9453271097351954,-1.2456328669978924,-1.9453271097351954,0.0,-1.1992526655785536,0,0,0,0
123,178607,0.77,0,-0.8918427019216486,0,Logistic regression,-2.467711141601965,-1.2616800526572935,-2.467711141601965,0.1,0.18510534299717857,0,0,0,0
123,282002,46.0,0,-0.8151213764239795,0,Logistic regression,-2.7631770235532036,-1.340003226995877,-2.7631770235532036,0.105,-0.5226218237906921,0,0,0,0
123,259874,20.0,0,-0.623240350641437,0,Logistic regression,-1.0647084697518974,-0.6588301134300754,-1.0647084697518974,0.235,-0.6313157137348164,0,0,0,0
123,209334,0.9,0,-0.9508288531845106,0,Logistic regression,-2.0647296167529374,-1.2218568493565292,-2.0647296167529374,0.0,-1.3103157400513372,0,0,0,0
123,90296,99.95,0,-1.051476913604481,0,Logistic regression,-1.0549429555208212,-1.1715206001880658,-1.0549429555208212,0.0,-1.3154347674281506,0,0,0,0
123,59808,9.51,0,-0.5880389015697627,0,Logistic regression,-1.846826274179009,-1.1665284320652407,-1.846826274179009,0.185,-0.08081128763987433,0,0,0,0
123,247434,19.99,0,-0.4486577162957113,0,Logistic regression,-1.2099950467589264,-1.047520087883361,-1.2099950467589264,0.115,-0.7642071925452063,0,0,0,0
123,100252,1.0,0,-1.0432902937977866,0,Logistic regression,-1.3050614143027346,-1.160284234170511,-1.3050614143027346,0.035,-0.7331012805169141,0,0,0,0
123,266745,70.49,0,-0.6299743354884708,0,Logistic regression,-1.5659658530390046,-1.2695355310868792,-1.5659658530390046,0.055,-0.4420162292637193,0,0,0,0
123,15751,99.99,1,1.0291131092624715,1,Logistic regression,8.60625586677831,0.8992096571772317,8.60625586677831,0.985,0.9121793875120472,1,1,1,1
123,122698,67.18,0,-1.0098450614850603,0,Logistic regression,-1.4119778083757257,-0.9992527517427392,-1.4119778083757257,0.01,-1.4523240766270804,0,0,0,0
123,264162,19.99,0,-0.9524188283131152,0,Logistic regression,-1.745768027042228,-1.1739404545721424,-1.745768027042228,0.0,-1.464293485239886,0,0,0,0
123,35931,23.97,0,-0.9485938357754535,0,Logistic regression,-1.9035076512311746,-1.1619642914555766,-1.9035076512311746,0.055,-0.7992022117608246,0,0,0,0
123,45391,1.99,0,-1.096785630292404,0,Logistic regression,-1.1739951121726688,-1.0505104665012108,-1.1739951121726688,0.06,-1.0338951590118177,0,0,0,0
123,260989,1.0,0,-0.9211020124348537,0,Logistic regression,-1.3969856893694848,-1.1145145366032196,-1.3969856893694848,0.015,-0.5227580387298747,0,0,0,0
123,116559,41.61,0,-0.7055270122109645,0,Logistic regression,-1.7559973211351094,-1.239882428856469,-1.7559973211351094,0.215,-0.872693835573298,0,0,0,0
123,231906,21.45,0,-0.965632980909511,0,Logistic regression,-1.2936722429842715,-1.024927115655309,-1.2936722429842715,0.01,-1.3455566945436594,0,0,0,0
123,83448,40.0,0,-1.0844256203681566,0,Logistic regression,-1.020509066854364,-1.117362325270313,-1.020509066854364,0.0,-1.1982858991428413,0,0,0,0
123,131462,238.52,0,-0.9092248943395012,0,Logistic regression,-2.182554798064892,-1.4071597762499823,-2.182554798064892,0.02,-0.7585588573456854,0,0,0,0
123,133324,87.29,0,-0.697493925913824,0,Logistic regression,-1.5681884929591337,-0.8510215611273899,-1.5681884929591337,0.015,-0.797982249830683,0,0,0,0
123,79540,1.0,0,-0.3634231779979611,0,Logistic regression,-1.006799090192879,-1.031807084765595,-1.006799090192879,0.09,-0.3836079890077789,0,0,0,0
123,95597,1354.25,1,0.6380082223851749,1,Logistic regression,1.6882318074358742,0.48130686924738136,1.6882318074358742,0.96,0.5755130707496864,1,1,1,1
123,10977,44.99,0,-0.9993931911694265,0,Logistic regression,-1.449250212859986,-1.0540576943144855,-1.449250212859986,0.06,-0.19067428760311056,0,0,0,0
123,92777,294.9,1,0.9404355499976529,1,Logistic regression,4.574741769972111,2.2222859779963207,4.574741769972111,0.995,0.7389450690017338,1,1,1,1
123,276409,1.98,0,-0.9113939953128207,0,Logistic regression,-1.3082040346150627,-0.974474989937326,-1.3082040346150627,0.01,-1.0158058937024135,0,0,0,0
123,52892,296.99,0,-0.8191908729944475,0,Logistic regression,-1.3079502174543967,-1.0562299901289296,-1.3079502174543967,0.01,-0.3788394986603483,0,0,0,0
123,124087,1.0,1,0.23709332422416785,0,Logistic regression,-0.7528046916545421,-0.49071044321326807,-0.7528046916545421,0.295,0.24809478312855487,0,0,0,0
123,253232,10.0,0,-0.2768322744559414,0,Logistic regression,-1.8383365300219094,-0.8148684982696828,-1.8383365300219094,0.425,-0.20839876422294945,0,0,0,0
123,255403,4.97,1,0.9758568730831889,1,Logistic regression,2.186280400922583,0.8511884114447591,2.186280400922583,0.99,1.1002984192862213,1,1,1,1
123,150692,37.93,1,0.7656281451774595,1,Logistic regression,8.149707377595826,1.552025131813419,8.149707377595826,0.99,0.7079689037977517,1,1,1,1
123,36255,168.41,0,-1.0885108140172688,0,Logistic regression,-0.9868258174576623,-1.1901127097283757,-0.9868258174576623,0.0,-1.2617017349304,0,0,0,0
123,251143,0.76,0,-0.8865401742865044,0,Logistic regression,-1.2464408711662782,-0.937210247422607,-1.2464408711662782,0.155,-1.2097570281818923,0,0,0,0
123,105477,2.28,0,-0.25383503312611344,0,Logistic regression,-0.4614423626924422,-0.6980864521356311,-0.4614423626924422,0.19,-0.0995531033733843,0,0,0,0
123,6334,1.0,1,0.721480381481856,1,Logistic regression,4.497968784184356,1.358926599697053,4.497968784184356,0.96,0.7140427988090485,1,1,1,1
123,238222,1.1,1,0.8345317077411314,1,Logistic regression,3.648587691942355,2.262720259249072,3.648587691942355,0.985,0.6418223046038659,1,1,1,1
123,273238,115.95,0,-0.875420370075209,0,Logistic regression,-1.8938868003903315,-1.1966919906478266,-1.8938868003903315,0.01,-1.6082212908034241,0,0,0,0
123,25210,14.95,0,-1.1332484697312686,0,Logistic regression,-1.143762634848267,-0.9960116835960326,-1.143762634848267,0.035,-1.3316610228551442,0,0,0,0
123,101746,30.14,0,-1.0768870436926603,0,Logistic regression,-0.8690132594131772,-0.8431383679578064,-0.8690132594131772,0.035,-1.077624077252746,0,0,0,0
123,74561,66.8,0,-0.4453409221904888,0,Logistic regression,-0.7059422599459941,-0.8786210553005083,-0.7059422599459941,0.095,-0.5540629249024329,0,0,0,0
123,8069,39.0,0,-0.9495394743897221,0,Logistic regression,-1.4593521551205542,-1.0036918434569253,-1.4593521551205542,0.06,-0.716170308350401,0,0,0,0
123,59702,6.15,0,-0.814143357452612,0,Logistic regression,-0.9593580172969084,-1.0261777040186688,-0.9593580172969084,0.015,-0.4485903652627188,0,0,0,0
123,39023,3.79,0,-1.01724664183077,0,Logistic regression,-0.7412312974985101,-0.7609238296425429,-0.7412312974985101,0.145,-0.5068442115576246,0,0,0,0
123,214871,25.27,0,-1.0321661860199003,0,Logistic regression,-0.9685379745825521,-0.9093433627570822,-0.9685379745825521,0.04,-1.021430361103778,0,0,0,0
123,243749,1.0,1,0.8602726132356894,1,Logistic regression,4.7012297250734765,1.2502174164357667,4.7012297250734765,0.98,0.9719843537320738,1,1,1,1
123,53127,0.0,0,0.057992009601174344,0,Logistic regression,-3.3603867214428704,-0.13361818968800832,-3.3603867214428704,0.195,0.575850951063508,1,0,0,1
456,25776,38.42,0,-1.2385071746959029,0,RBF-SVM,-0.8806453003487298,-0.8806453003487298,-1.858457398327122,0.09,-1.6151849410575894,0,0,0,0
456,190955,11.56,0,0.37967049395391655,1,RBF-SVM,-0.3999917196380358,-0.3999917196380358,-0.6924534651788302,0.28,-0.9675092195321434,0,0,0,0
456,107001,24.99,0,-1.0947875284925355,0,RBF-SVM,-1.2771867190886794,-1.2771867190886794,-2.7908464996428295,0.075,-0.9925586423633767,0,0,0,0
456,171498,10.0,0,-1.1201044049573066,0,RBF-SVM,-1.2915951501650913,-1.2915951501650913,-3.0379601325407872,0.04,-1.3161693087799207,0,0,0,0
456,112867,18.91,0,-0.3703610640743458,0,RBF-SVM,-0.9388468546902387,-0.9388468546902387,-1.5515015118246627,0.105,-0.47816659107119497,0,0,0,0
456,127020,5.47,0,-0.634665496862739,0,RBF-SVM,-1.0823335211731242,-1.0823335211731242,-0.9232952811744762,0.06,-1.0146813097881027,0,0,0,0
456,43540,150.0,0,-1.4524582496664742,0,RBF-SVM,-1.5108223685924922,-1.5108223685924922,-3.718027971350589,0.035,-1.1040880066546337,0,0,0,0
456,79352,17.99,0,-1.4682649907500842,0,RBF-SVM,-1.394347213310782,-1.394347213310782,-2.945717078851814,0.01,-1.2911561959395543,0,0,0,0
456,56902,15.49,0,-0.9827290197927114,0,RBF-SVM,-1.2544398416617197,-1.2544398416617197,-3.0907935974590575,0.005,-1.5792317971836387,0,0,0,0
456,99820,1.98,0,-1.2083419048191641,0,RBF-SVM,-1.093850467344399,-1.093850467344399,-2.6197646602440328,0.1,-0.7882880565534188,0,0,0,0
456,150281,249.0,0,-1.5673019152406815,0,RBF-SVM,-1.480247634832351,-1.480247634832351,-3.8055604804857714,0.025,-0.6526842895065927,0,0,0,0
456,66169,33.72,0,-1.0403097451064873,0,RBF-SVM,-1.3773959013514656,-1.3773959013514656,-4.0718453183736525,0.01,-1.0228826249025005,0,0,0,0
456,13232,78.13,0,-1.0479639750856653,0,RBF-SVM,-1.3714597133046784,-1.3714597133046784,-3.125788183289919,0.06,-0.9585919365965031,0,0,0,0
456,96789,101.5,1,0.7134817194376895,1,RBF-SVM,1.1930112986755097,1.1930112986755097,6.2625317871042165,0.84,0.7295895948486707,1,1,1,1
456,52548,74.95,0,-1.2482525402358535,0,RBF-SVM,-1.0224978395430535,-1.0224978395430535,-2.121170070543273,0.01,-1.4112920443082309,0,0,0,0
456,187507,143.25,0,-1.1643774239227065,0,RBF-SVM,-1.1063650927886617,-1.1063650927886617,-2.02064587043322,0.015,-1.0593784178630155,0,0,0,0
456,260257,4.5,0,-0.9294551664919473,0,RBF-SVM,-1.2536714403920033,-1.2536714403920033,-4.343518099050936,0.055,-0.8522979977306436,0,0,0,0
456,63421,99.99,1,0.518688821021878,1,RBF-SVM,1.3277548269228927,1.3277548269228927,17.201171192798316,0.91,0.30038834326821817,1,1,1,1
456,115190,74.99,0,-0.2683714648424415,0,RBF-SVM,-1.537022900233928,-1.537022900233928,-4.696569808658422,0.035,-0.7369809546268907,0,0,0,0
456,237606,37.95,0,-0.981850283160921,0,RBF-SVM,-1.2297517539446614,-1.2297517539446614,-2.7113813757280556,0.04,-1.1947108971529952,0,0,0,0
456,101292,9.0,0,-0.8268871446730328,0,RBF-SVM,-1.1233291819069828,-1.1233291819069828,-1.3168976303405993,0.31,-0.33547918583375036,0,0,0,0
456,216233,0.69,0,-1.1759520813644488,0,RBF-SVM,-1.192950362303374,-1.192950362303374,-2.4559253483306516,0.025,-1.5725224931731385,0,0,0,0
456,150004,90.0,0,-0.9069241572565094,0,RBF-SVM,-1.8356293684982476,-1.8356293684982476,-6.428401050198836,0.015,-0.6432529633687786,0,0,0,0
456,97775,1.0,0,0.7421527521577984,1,RBF-SVM,-0.547621544209022,-0.547621544209022,-0.9421312592427723,0.445,-0.2141702620148806,0,0,0,0
456,193812,0.0,0,-0.5528649282832749,0,RBF-SVM,-0.1860881157450694,-0.1860881157450694,0.6264956435533496,0.53,-0.46246197500843045,0,0,0,0
456,48138,99.99,0,-0.9750187660676133,0,RBF-SVM,-1.2727856849425436,-1.2727856849425436,-2.8575150586385885,0.0,-1.5068260527308852,0,0,0,0
456,169476,7.8,0,-1.2625212890879338,0,RBF-SVM,-1.3330927479170616,-1.3330927479170616,-3.693957288515136,0.055,-1.1274117121794505,0,0,0,0
456,50720,158.0,0,-1.121839170293839,0,RBF-SVM,-1.3060225516928086,-1.3060225516928086,-2.822744848148591,0.0,-1.4400777629652217,0,0,0,0
456,181156,9.72,0,-1.050722654602743,0,RBF-SVM,-1.2477588199283993,-1.2477588199283993,-2.996627953697507,0.135,-1.420877735845783,0,0,0,0
456,82405,44.39,0,-1.294375144510177,0,RBF-SVM,-0.944243001619838,-0.944243001619838,-1.2422181846111693,0.005,-1.4210700825270526,0,0,0,0
456,11376,39.95,0,-1.2852108105618658,0,RBF-SVM,-1.3472711818849938,-1.3472711818849938,-3.2901960954283234,0.03,-0.6767351859961065,0,0,0,0
456,129048,75.3,0,-1.3104277429707667,0,RBF-SVM,-1.4892278357161106,-1.4892278357161106,-3.722267077485401,0.005,-1.0678442161408523,0,0,0,0
456,102782,19.59,1,-1.17992119665801,0,RBF-SVM,-1.221979444750138,-1.221979444750138,-2.2723508168200244,0.035,-0.9618296387394888,0,0,0,0
456,234846,15.95,0,-0.8582692308379145,0,RBF-SVM,-1.430456897896237,-1.430456897896237,-2.6291943875393886,0.03,-0.9344943932240876,0,0,0,0
456,22423,3.9,0,-1.290019431173454,0,RBF-SVM,-1.0759406982711113,-1.0759406982711113,-2.2985834357895185,0.0,-0.5982547462470761,0,0,0,0
456,145800,451.27,1,-0.23386373164568913,0,RBF-SVM,-1.0462236645918876,-1.0462236645918876,-1.8362520648594796,0.295,-0.35902584437506047,0,0,0,0
456,265755,22.23,0,-1.1283935346570784,0,RBF-SVM,-1.221732816133074,-1.221732816133074,-2.7626067949121484,0.03,-1.1160199056899058,0,0,0,0
456,6971,1809.68,1,0.2441942911026533,1,RBF-SVM,0.36458471546689036,0.36458471546689036,-3.2806600540292163,1.0,0.1625712505859864,1,0,1,1
456,191374,137.76,0,-1.2762484966265375,0,RBF-SVM,-1.230433430998251,-1.230433430998251,-2.574204687613826,0.01,-0.8535275766342655,0,0,0,0
456,36982,0.89,0,-0.8065394041540588,0,RBF-SVM,-1.3786542754398685,-1.3786542754398685,-3.7676468385420683,0.085,-1.1464067345481173,0,0,0,0
456,186748,206.0,0,-0.9900705292742635,0,RBF-SVM,-1.4394455540263957,-1.4394455540263957,-3.9519812337666473,0.015,-0.7800361828612121,0,0,0,0
456,171427,18.0,0,-0.6268025973491689,0,RBF-SVM,-1.0884407040869652,-1.0884407040869652,-3.669756988052477,0.16,-0.29250328163914946,0,0,0,0
456,263357,24.39,0,-1.3602788456828554,0,RBF-SVM,-1.1977855467855067,-1.1977855467855067,-2.321068757454455,0.0,-1.3482728640954194,0,0,0,0
456,117976,32.42,0,-1.0772226369705251,0,RBF-SVM,-1.3057293442961309,-1.3057293442961309,-2.9382134971306955,0.005,-1.6090612184387698,0,0,0,0
456,205323,35.0,0,-1.0372317220385208,0,RBF-SVM,-1.5405938412448752,-1.5405938412448752,-4.542563910173151,0.01,-1.2567702757366699,0,0,0,0
456,198848,273.31,0,-1.037044484960769,0,RBF-SVM,-1.7757648275668982,-1.7757648275668982,-6.178450019192867,0.02,-0.03240677369872075,0,0,0,0
456,174909,40.0,0,-0.5673701161504392,0,RBF-SVM,-1.1889275006134317,-1.1889275006134317,-1.3376302142423215,0.085,-0.8319900733858379,0,0,0,0
456,42936,59.68,1,0.44735305687006466,1,RBF-SVM,0.4866368781488261,0.4866368781488261,30.812459710041132,0.965,0.36470650882801336,1,1,1,1
456,4179,26.5,0,-0.9694841240505252,0,RBF-SVM,-1.3907870341956703,-1.3907870341956703,-5.332831089406847,0.04,-0.6607962249001433,0,0,0,0
456,176293,18.04,0,-0.9448881532220079,0,RBF-SVM,-1.9619662170319054,-1.9619662170319054,-6.3732492551535564,0.01,-0.7682756170841541,0,0,0,0
456,172258,15.0,0,-0.30685539554194824,0,RBF-SVM,-0.5657118298613417,-0.5657118298613417,-0.749695689731504,0.39,-0.9742727741980758,0,0,0,0
456,189000,40.53,0,-1.0143818630236054,0,RBF-SVM,-0.7710497998429517,-0.7710497998429517,-1.1757645787421587,0.02,-0.7243108890520097,0,0,0,0
456,244333,1.0,1,0.3986438833882621,1,RBF-SVM,2.3466046087004395,2.3466046087004395,19.113388558515247,0.99,0.9161812812456374,1,1,1,1
456,10898,15.0,0,-0.838649028927817,0,RBF-SVM,-1.6856789325732913,-1.6856789325732913,-5.875252452278968,0.01,-0.76897468696737,0,0,0,0
456,96321,0.76,0,-0.019347798258373294,0,RBF-SVM,-0.9332091970483167,-0.9332091970483167,-1.6236994031872216,0.29,-0.7424235273590019,0,0,0,0
456,125123,1.79,0,-1.2477508519040967,0,RBF-SVM,-1.106556572268935,-1.106556572268935,-2.490750456590247,0.025,-0.9860502769712017,0,0,0,0
456,197786,19.95,0,-1.0201069533078078,0,RBF-SVM,-1.4503011881148373,-1.4503011881148373,-4.633203816645298,0.035,-0.903854850310729,0,0,0,0
456,215892,43.0,0,0.653671023768683,1,RBF-SVM,-0.8737341441534605,-0.8737341441534605,-1.8179071958313795,0.105,-1.0962239902270565,0,0,0,0
456,91986,100.0,0,-1.3248966163677578,0,RBF-SVM,-1.3875522256236432,-1.3875522256236432,-3.4447297985321357,0.0,-0.8975960354788087,0,0,0,0
456,59971,9.21,0,-0.8650005335285926,0,RBF-SVM,-1.5415623426749578,-1.5415623426749578,-4.125120075891849,0.015,-0.7140102989548885,0,0,0,0
456,42784,45.49,1,0.7233388569318884,1,RBF-SVM,0.9156616357709395,0.9156616357709395,31.50993688507563,0.99,0.7481039990975378,1,1,1,1
456,104909,34.3,0,-1.3952404140230432,0,RBF-SVM,-1.3578001384674565,-1.3578001384674565,-3.4375716712249305,0.005,-0.33527828619939837,0,0,0,0
456,175559,1.98,0,-1.0001478922595208,0,RBF-SVM,-1.5958595081830305,-1.5958595081830305,-4.06799888790417,0.015,-0.9997764765757514,0,0,0,0
456,264886,19.34,0,0.5009013150027896,1,RBF-SVM,-0.7347444618110186,-0.7347444618110186,-1.1178512499396605,0.35,-1.2474484926947889,0,0,0,0
456,46918,648.0,1,0.6843454936513088,1,RBF-SVM,2.3947528248233145,2.3947528248233145,19.97682668150562,1.0,0.21679191801173955,1,1,1,1
456,31376,17.99,0,-1.3304495092573172,0,RBF-SVM,-1.2813266467736062,-1.2813266467736062,-2.978766455830589,0.0,-1.4235792405919327,0,0,0,0
456,61724,4.99,0,-0.7295798534570401,0,RBF-SVM,-0.9087867588955563,-0.9087867588955563,-1.8005630798558054,0.15,-1.3175069035653233,0,0,0,0
456,50588,104.73,0,-1.356904878118417,0,RBF-SVM,-1.3957303684043378,-1.3957303684043378,-3.160988149608386,0.01,-1.3635461927410217,0,0,0,0
456,25133,22.95,0,-1.371643406733663,0,RBF-SVM,-1.3666272493984557,-1.3666272493984557,-3.3468502692430886,0.01,-1.2201898247338971,0,0,0,0
456,251803,20.0,0,-0.9765955066054783,0,RBF-SVM,-1.4434822329382258,-1.4434822329382258,-2.4902932230110513,0.045,-1.2288636126652097,0,0,0,0
456,175830,10.76,0,-0.9519325346561878,0,RBF-SVM,-1.4691142151946273,-1.4691142151946273,-6.049408340059452,0.05,-0.38515784880219295,0,0,0,0
456,169956,0.89,0,-1.6581338550842109,0,RBF-SVM,-0.9893127467892138,-0.9893127467892138,-1.8975141422596526,0.075,-1.328711542750515,0,0,0,0
456,226020,9.99,0,-1.1917715665162119,0,RBF-SVM,-1.2765345703577171,-1.2765345703577171,-2.7129940294515316,0.17,-1.1568764338176032,0,0,0,0
456,154697,7.59,1,0.43511670058177687,1,RBF-SVM,1.4263381927177685,1.4263381927177685,14.833830361661457,1.0,0.20036071241244102,1,1,1,1
456,658,8.83,0,-1.2413973971613608,0,RBF-SVM,-0.9323453021281094,-0.9323453021281094,-1.9710719901895994,0.04,-1.1215430763452736,0,0,0,0
456,276241,39.95,0,-1.103716057468017,0,RBF-SVM,-0.9305568837949931,-0.9305568837949931,-1.875731379332095,0.16,-1.5671326701081614,0,0,0,0
456,81822,1.98,0,-1.4003294381948188,0,RBF-SVM,-1.0989754281492106,-1.0989754281492106,-2.2212579307417903,0.005,-0.9598849985008552,0,0,0,0
456,17317,99.99,1,0.7095857359365098,1,RBF-SVM,1.0527774515005903,1.0527774515005903,28.367550043698408,1.0,1.0297038455725547,1,1,1,1
456,56410,154.83,0,-0.7299066654418509,0,RBF-SVM,-1.5720766107560062,-1.5720766107560062,-3.358554649601658,0.025,-0.7848038604207804,0,0,0,0
456,7849,9.27,0,-0.8711793015630025,0,RBF-SVM,-0.984008974008854,-0.984008974008854,-3.4234792937259813,0.135,-1.1400724481890818,0,0,0,0
456,274001,0.76,0,-0.4681747226413077,0,RBF-SVM,-0.7705028469244393,-0.7705028469244393,-3.2761975605447833,0.175,-0.7493473539419779,0,0,0,0
456,208016,12.13,0,-0.3283673693774852,0,RBF-SVM,-0.8878346776414856,-0.8878346776414856,-1.4094854352086217,0.21,0.21198463878541424,0,0,0,1
456,105178,1.0,1,0.2854264714539948,1,RBF-SVM,0.35332497326053597,0.35332497326053597,1.669041276397572,0.455,0.4691025562772457,1,0,0,1
456,261651,1.0,0,-1.1404455149505794,0,RBF-SVM,-0.8082419909117611,-0.8082419909117611,-1.2964474728305313,0.06,-1.2708762275582046,0,0,0,0
456,229626,66.0,0,-1.4794157544089153,0,RBF-SVM,-1.574614185660536,-1.574614185660536,-3.918735611802964,0.0,-0.6840345066862501,0,0,0,0
456,95697,20.82,0,-0.5710411754948104,0,RBF-SVM,-1.46713247349524,-1.46713247349524,-2.711446423034617,0.005,-0.7680921994058341,0,0,0,0
456,278629,291.6,0,-1.1003558223789092,0,RBF-SVM,-1.2721943105806017,-1.2721943105806017,-2.8768055532710686,0.02,-1.1446727895152073,0,0,0,0
456,123393,21.0,0,-1.2321032084761465,0,RBF-SVM,-1.7684833062003318,-1.7684833062003318,-5.114810295563492,0.04,-0.6970403454014732,0,0,0,0
456,91278,286.23,0,-0.7466607883261105,0,RBF-SVM,-1.5080588244988329,-1.5080588244988329,-5.042227360592247,0.035,-0.6993297943961393,0,0,0,0
456,65775,15.36,0,-0.9838631580480566,0,RBF-SVM,-1.0556884690494492,-1.0556884690494492,-1.757868581144081,0.015,-1.2725889302823532,0,0,0,0
456,106484,1.49,0,-0.6405159194145222,0,RBF-SVM,-1.1714943565155929,-1.1714943565155929,-1.69337284972337,0.145,-1.3812615527077723,0,0,0,0
456,169382,276.0,0,-0.7675134121811362,0,RBF-SVM,-1.1575248902664277,-1.1575248902664277,-2.9102546198858623,0.015,-0.9266320920585173,0,0,0,0
456,19736,12.0,0,-0.7217401765718672,0,RBF-SVM,-1.2129402434559777,-1.2129402434559777,-2.9997443026733417,0.03,-1.046204315920146,0,0,0,0
456,127600,45.53,0,-1.533457209589467,0,RBF-SVM,-1.245355210477451,-1.245355210477451,-2.2666304864706164,0.015,-0.898677260926754,0,0,0,0
456,3250,1.0,0,-1.3982272410195034,0,RBF-SVM,-1.4992345755341512,-1.4992345755341512,-3.396054379804285,0.01,-1.0672077143273042,0,0,0,0
456,4596,1.41,0,-0.7652610783009621,0,RBF-SVM,-1.3767871244442644,-1.3767871244442644,-5.344115728080823,0.025,-0.5475565223789738,0,0,0,0
456,276977,4.99,0,-1.0994377496692707,0,RBF-SVM,-1.1161877939151783,-1.1161877939151783,-2.409107135624227,0.0,-1.3248743247056773,0,0,0,0
456,254756,29.0,0,-0.711591472582842,0,RBF-SVM,-1.4690319520324684,-1.4690319520324684,-3.610744481030111,0.115,-1.0156917412492676,0,0,0,0
456,54980,155.94,0,-0.5360626764022844,0,RBF-SVM,-0.8896696716089185,-0.8896696716089185,-1.5335601058384953,0.15,-0.8805459143682627,0,0,0,0
456,154587,0.0,1,0.12762520044168169,1,RBF-SVM,0.3443845734943067,0.3443845734943067,66.08387835907327,0.86,0.1647827624999402,1,1,1,1
456,51892,89.85,0,0.16707776419924025,1,RBF-SVM,-0.5292325344273399,-0.5292325344273399,-1.7202017570529446,0.395,-1.0743140718392303,0,0,0,0
456,30314,7.61,1,0.8844685729471999,1,RBF-SVM,2.5689280459514428,2.5689280459514428,18.256066727003,0.99,0.287692759399917,1,1,1,1
456,18347,116.0,0,-0.8333548378354789,0,RBF-SVM,-1.4429546025579632,-1.4429546025579632,-3.9146661981196424,0.015,-1.037479487604315,0,0,0,0
456,52856,254.38,0,-1.063728112921851,0,RBF-SVM,-0.9999440776737234,-0.9999440776737234,-2.2902724040144,0.05,-1.043673229492049,0,0,0,0
456,242289,181.4,0,-0.11327822437828122,0,RBF-SVM,-1.315028372532628,-1.315028372532628,-7.529156145830795,0.145,-0.21836598427527615,0,0,0,0
456,279209,1.79,0,-0.9914451938977638,0,RBF-SVM,-0.983343342655991,-0.983343342655991,-1.8773263977672263,0.095,-1.5170855169102482,0,0,0,0
456,138101,24.0,0,-1.0240177642152595,0,RBF-SVM,-1.210711870970702,-1.210711870970702,-3.396870015592539,0.04,-0.7711268760617132,0,0,0,0
456,237121,6.45,0,-1.33541972184339,0,RBF-SVM,-0.8079521997553725,-0.8079521997553725,-1.0298502347301595,0.115,-1.0429414729214859,0,0,0,0
456,134800,1.0,0,0.2566800922964347,1,RBF-SVM,-0.5874804574259194,-0.5874804574259194,4.495221064906142,0.77,0.15578126901782868,0,1,1,1
456,34634,11.46,0,-0.8954524272814604,0,RBF-SVM,-1.353327461712231,-1.353327461712231,-1.70570169570649,0.105,-1.1641509450832177,0,0,0,0
456,251213,8.65,0,-1.300340024472291,0,RBF-SVM,-1.0206397144175618,-1.0206397144175618,-0.6608366465808769,0.045,-1.1663157615913815,0,0,0,0
456,251006,6.24,0,-1.304078045515732,0,RBF-SVM,-1.6422514446571912,-1.6422514446571912,-4.216562722246883,0.02,-1.523730932879083,0,0,0,0
456,176107,191.19,0,-1.2123751511426935,0,RBF-SVM,-1.5595350219476158,-1.5595350219476158,-4.786519476774703,0.01,-1.6125660360201062,0,0,0,0
456,278803,173.28,0,-1.0287316894435081,0,RBF-SVM,-1.4760335259467217,-1.4760335259467217,-3.5371062781463194,0.075,-0.8938314999074756,0,0,0,0
456,243393,0.01,1,0.37159760409160414,1,RBF-SVM,1.0586361810484575,1.0586361810484575,13.639239911103301,0.935,0.2611854154937091,1,1,1,1
456,267661,54.95,0,-0.9134204590705477,0,RBF-SVM,-1.2642113553687644,-1.2642113553687644,-2.406900277288788,0.07,-1.0569531976127888,0,0,0,0
456,15810,99.99,1,0.5954862484105907,1,RBF-SVM,1.0508466587751797,1.0508466587751797,28.354430060111934,1.0,0.9986605850032572,1,1,1,1
456,196757,11.5,0,-0.2879229243700056,0,RBF-SVM,-1.2884717930161889,-1.2884717930161889,-2.7091783283385302,0.155,-1.2208569690427549,0,0,0,0
456,262873,25.9,0,-1.068786821517798,0,RBF-SVM,-1.468657668278909,-1.468657668278909,-3.88083076961357,0.025,-1.1541962229593339,0,0,0,0
456,103609,339.0,0,-1.204399182589703,0,RBF-SVM,-1.7247305407557372,-1.7247305407557372,-7.365882133741888,0.025,-0.8163983472657711,0,0,0,0
456,88146,71.69,0,-1.173567713050931,0,RBF-SVM,-0.9208138217628097,-0.9208138217628097,-1.9153288443387817,0.19,-0.2882950775764722,0,0,0,0
456,277639,0.99,0,-1.3011799553596544,0,RBF-SVM,-1.3409005450650835,-1.3409005450650835,-3.221873963525874,0.0,-1.209710460938251,0,0,0,0
456,172209,20.86,0,-0.7150868610148693,0,RBF-SVM,-0.7050180160433923,-0.7050180160433923,-0.725889895711226,0.385,-0.8757603560349095,0,0,0,0
456,246218,75.86,0,-1.1513240673323462,0,RBF-SVM,-1.184233332571273,-1.184233332571273,-2.974882276534955,0.02,-1.239342620458348,0,0,0,0
456,128892,357.0,0,0.32557571161149296,1,RBF-SVM,-1.1175703554578782,-1.1175703554578782,-3.204997704666073,0.345,-0.24552977667506376,0,0,0,0
456,130609,1.0,0,-0.7764739134110672,0,RBF-SVM,-1.4748765952689442,-1.4748765952689442,-3.1804413301108725,0.01,-0.934995975953472,0,0,0,0
456,208855,500.0,0,-0.5775614786802379,0,RBF-SVM,-1.4920472831977376,-1.4920472831977376,-5.175867264712701,0.03,-0.8144716063935857,0,0,0,0
456,133812,58.95,0,-1.246437982864848,0,RBF-SVM,-1.1050983307134434,-1.1050983307134434,-1.6659727417641372,0.005,-1.2660776039777883,0,0,0,0
456,160505,1.0,0,-1.2251662724969585,0,RBF-SVM,-1.776137870766428,-1.776137870766428,-4.683716355607626,0.01,-0.9597952453590558,0,0,0,0
456,76897,1000.59,0,-0.767159178134698,0,RBF-SVM,-0.8483962219477621,-0.8483962219477621,-8.753243386344241,0.03,-0.14959343942571923,0,0,0,0
456,202721,12.0,0,-0.8687095232678945,0,RBF-SVM,-0.8561470957048809,-0.8561470957048809,-1.4517871655680756,0.215,0.01752963686664455,0,0,0,0
456,274382,0.0,1,-0.039339433514947064,0,RBF-SVM,-0.5703982416086697,-0.5703982416086697,-1.5806333360605098,0.265,0.1546722195693217,0,0,0,1
456,141,30.9,0,-1.2031520286015076,0,RBF-SVM,-1.392005035709127,-1.392005035709127,-3.509654750667725,0.0,-0.9891380251880816,0,0,0,0
456,74753,24.3,0,-0.9112136296031235,0,RBF-SVM,-1.3521673084556662,-1.3521673084556662,-3.336315901651259,0.045,-0.9910147779463366,0,0,0,0
456,245215,17.99,0,-0.03501426336018215,0,RBF-SVM,-0.12844450467277174,-0.12844450467277174,-5.4604387509726,0.08,-0.35101435028995776,0,0,0,0
456,80808,115.8,0,-0.7377393898394957,0,RBF-SVM,-1.169125995339695,-1.169125995339695,-2.4306043196400844,0.0,-1.1750535826518425,0,0,0,0
456,11710,1.0,1,0.12367523526990215,1,RBF-SVM,1.0316637180163184,1.0316637180163184,38.969102550069685,0.84,0.41840648549372117,1,1,1,1
456,222419,0.0,1,-0.9028694161075126,0,RBF-SVM,-1.0085720535797695,-1.0085720535797695,-1.3118743901159022,0.28,0.3948755787721947,0,0,0,1
456,83658,1.0,0,1.2745018728535453,1,RBF-SVM,-0.3406830455120888,-0.3406830455120888,-0.5621317528894579,0.585,0.1576956093769766,0,0,1,1
456,17936,140.0,0,-1.2391617055508235,0,RBF-SVM,-1.3013469245142497,-1.3013469245142497,-2.244417611038026,0.01,-0.9125733311312917,0,0,0,0
456,152295,9.82,1,0.22160745950479138,1,RBF-SVM,0.22286802042412557,0.22286802042412557,42.45979441535133,0.815,0.16244240947838035,1,1,1,1
456,90412,34.99,0,-1.2872106391011966,0,RBF-SVM,-1.2957182838298833,-1.2957182838298833,-4.345794980014725,0.06,-0.7405874628832321,0,0,0,0
456,36410,5.37,0,0.31007213327473987,1,RBF-SVM,-0.8266057490867516,-0.8266057490867516,-1.6638510808017641,0.025,-1.2056001961700682,0,0,0,0
456,256723,1.29,0,-0.9418776673365263,0,RBF-SVM,-1.2677937667347574,-1.2677937667347574,-2.7800629723437345,0.0,-1.4925763212295564,0,0,0,0
456,150692,37.93,1,0.5904512163244249,1,RBF-SVM,1.1597648445668465,1.1597648445668465,34.55211261107625,0.95,0.24070498586623224,1,1,1,1
456,100392,167.88,0,-0.3297885211742337,0,RBF-SVM,-0.4335507189373113,-0.4335507189373113,-6.260458826976276,0.245,-0.27049483496330196,0,0,0,0
456,178053,152.65,0,-0.29352117993665644,0,RBF-SVM,-0.4272541081745968,-0.4272541081745968,-6.3703315186120655,0.16,0.05232774023429747,0,0,0,0
456,151196,571.48,1,-0.713440767834518,0,RBF-SVM,-1.4609243819232984,-1.4609243819232984,-3.909341856744881,0.165,0.43686830096689644,0,0,0,1
456,154893,1.0,0,-1.0382854421279524,0,RBF-SVM,-1.2322253477190819,-1.2322253477190819,-2.8247023212168596,0.105,-0.7632213430649978,0,0,0,0
456,52556,81.91,0,-0.32669171606537367,0,RBF-SVM,-0.8809252202765969,-0.8809252202765969,-1.503278911366928,0.045,-1.2361294661745732,0,0,0,0
456,97014,1.79,0,-1.032097096462296,0,RBF-SVM,-1.0900187590337644,-1.0900187590337644,-1.7884179925146921,0.0,-0.6671779820145478,0,0,0,0
456,245235,5.0,0,-0.45993803968791575,0,RBF-SVM,-1.4401266182552246,-1.4401266182552246,-2.3764944194894038,0.035,-0.7048002941696806,0,0,0,0
456,119862,19.27,0,-0.9773020125595553,0,RBF-SVM,-1.0621114597795094,-1.0621114597795094,-2.1597916316679773,0.0,-1.5286793814364743,0,0,0,0
456,149171,141.22,0,-0.8249197694076338,0,RBF-SVM,-1.8282075652737413,-1.8282075652737413,-5.973842147193226,0.005,-0.4455281117140093,0,0,0,0
456,255431,11.5,0,-0.9630834506184662,0,RBF-SVM,-1.7776971119739997,-1.7776971119739997,-5.007496065560826,0.005,-0.9466251063282808,0,0,0,0
456,214636,25.0,0,-1.148004251673727,0,RBF-SVM,-1.163829936489498,-1.163829936489498,-2.6695204387817,0.045,-0.9639221695070185,0,0,0,0
456,48951,29.9,0,-0.7478641991218611,0,RBF-SVM,-1.4781362342724809,-1.4781362342724809,-3.42123866316904,0.01,-1.1495278073262822,0,0,0,0
456,96090,74.54,0,-0.47178510983112115,0,RBF-SVM,-1.0831857156001854,-1.0831857156001854,-2.0922654925297555,0.03,-0.8193515991599051,0,0,0,0
456,146039,8.99,0,0.7750587547489818,1,RBF-SVM,-0.7580189670540765,-0.7580189670540765,-1.5294935976302013,0.325,-1.18442886781407,0,0,0,0
456,252192,1.98,0,-0.9950216954073443,0,RBF-SVM,-1.2980993296623942,-1.2980993296623942,-2.6791035366152887,0.115,-1.2814452834143903,0,0,0,0
456,270125,19.99,0,-1.2185030621267277,0,RBF-SVM,-1.076350917126597,-1.076350917126597,-1.9730211700497473,0.065,-0.8533299335190269,0,0,0,0
456,182931,18.9,0,-1.2258834647073877,0,RBF-SVM,-1.1852530915779147,-1.1852530915779147,-2.2492921320027874,0.075,-1.3818224084182082,0,0,0,0
456,59539,19.73,1,0.05937829672045422,1,RBF-SVM,0.5094763045310986,0.5094763045310986,6.085354151091527,0.865,0.5081507293821259,1,1,1,1
456,202883,2.69,0,-1.0822321889192212,0,RBF-SVM,-1.6831906051510837,-1.6831906051510837,-4.292299767540093,0.0,-1.1676619216748962,0,0,0,0
456,178951,2.99,0,-1.1812666548021182,0,RBF-SVM,-1.1231014663148164,-1.1231014663148164,-3.0258638362987003,0.31,0.09532219986180078,0,0,0,0
456,221581,159.95,0,-0.9649938014574628,0,RBF-SVM,-1.3015275500382402,-1.3015275500382402,-3.3229996769198817,0.01,-1.4120655948682876,0,0,0,0
456,93015,1.98,0,-1.483384592858045,0,RBF-SVM,-1.0433547985322467,-1.0433547985322467,-1.9492338250621901,0.055,-1.0790066147584985,0,0,0,0
456,260589,217.14,0,0.3591542446714101,1,RBF-SVM,0.09388093963331183,0.09388093963331183,14.067221441118871,0.78,0.16244061051492714,0,1,1,1
456,192592,24.86,0,-0.9348033995770579,0,RBF-SVM,-1.3990518413738975,-1.3990518413738975,-3.4513376610880546,0.005,-0.9968469473249518,0,0,0,0
456,122057,29.95,0,-0.6961535204719032,0,RBF-SVM,-1.6708950040390413,-1.6708950040390413,-6.386860979004942,0.0,-0.8635015107343348,0,0,0,0
456,171755,4.99,0,0.14660245358257637,1,RBF-SVM,-0.14171406297338604,-0.14171406297338604,-9.26479872593947,0.405,0.16244061034562773,0,0,0,1
456,125896,1.98,0,0.48850075722514935,1,RBF-SVM,-0.7348310404483545,-0.7348310404483545,-1.2504761013911376,0.35,-0.8876242268755131,0,0,0,0
456,64113,55.0,0,-0.8271366394048161,0,RBF-SVM,-0.5833941892415588,-0.5833941892415588,-0.9453393533071893,0.315,-1.37697442031042,0,0,0,0
456,257958,3.59,0,-1.0169650358984639,0,RBF-SVM,-1.3286930325338382,-1.3286930325338382,-3.315233313325669,0.03,-1.429749906907583,0,0,0,0
456,232759,11.99,0,-0.7320331369497663,0,RBF-SVM,-0.9942082593042054,-0.9942082593042054,-0.7491442332475177,0.165,-1.0153709685873569,0,0,0,0
456,205633,0.0,0,-0.2996434383958167,0,RBF-SVM,-1.075094574337499,-1.075094574337499,-1.8527282552438935,0.27,0.6444640737049447,0,0,0,1
456,243848,1.0,1,0.7448261913504184,1,RBF-SVM,1.9233023234582631,1.9233023234582631,18.888629876792105,0.995,0.9943555808881984,1,1,1,1
456,169321,10.0,0,-1.1650000638122195,0,RBF-SVM,-1.4674712046807181,-1.4674712046807181,-2.8645974684381432,0.06,-0.5429636039308199,0,0,0,0
456,51584,0.0,0,-1.1379981440873381,0,RBF-SVM,-0.7749972747904457,-0.7749972747904457,-1.7576018616107998,0.08,-1.1197619864423762,0,0,0,0
456,92732,1.29,0,-1.1947356162974525,0,RBF-SVM,-1.0582759196280893,-1.0582759196280893,-2.1394158518839625,0.09,-1.1979683772124496,0,0,0,0
456,271021,114.0,0,-1.0661371212799906,0,RBF-SVM,-1.6652378955931744,-1.6652378955931744,-4.756254089333844,0.005,-0.9796257914241856,0,0,0,0
456,100575,1.99,0,-0.514993562301209,0,RBF-SVM,-0.8730836618332554,-0.8730836618332554,-1.6476987548475557,0.075,-0.9520436358793832,0,0,0,0
456,210504,319.99,0,-0.7723632474005551,0,RBF-SVM,-1.3843033932970856,-1.3843033932970856,-3.009772748404113,0.045,-0.7814795168524168,0,0,0,0
456,10987,3.56,0,-1.110027983142208,0,RBF-SVM,-1.3321482078316544,-1.3321482078316544,-3.623373920956096,0.055,-1.0517155656984665,0,0,0,0
456,46394,89.99,0,-0.2945094722736982,0,RBF-SVM,-0.6811901392738366,-0.6811901392738366,0.23636305149468229,0.3,-0.01558789246334441,0,0,0,0
456,101750,1148.8,0,-0.6299003315348761,0,RBF-SVM,-1.4404006457676313,-1.4404006457676313,-5.47068163289323,0.06,-0.013293301612793018,0,0,0,0
456,251904,94.82,1,1.1143259138810655,1,RBF-SVM,2.329195671157445,2.329195671157445,12.271854221524013,0.995,0.5494242771473752,1,1,1,1
456,44332,23.0,0,-1.3481045221744257,0,RBF-SVM,-1.081245068317109,-1.081245068317109,-2.2628865935534446,0.005,-1.2987267340446382,0,0,0,0
456,133965,25.48,0,-0.6883069769042112,0,RBF-SVM,-1.1281163041852966,-1.1281163041852966,-1.5766752460865718,0.065,-0.942188343871102,0,0,0,0
456,23614,1456.08,0,-0.2575752417972242,0,RBF-SVM,-0.3963326910895774,-0.3963326910895774,-10.881955832593311,0.025,0.07714116840175474,0,0,0,0
456,81177,400.0,0,-1.2016183571044676,0,RBF-SVM,-1.268207573513655,-1.268207573513655,-3.0835841226865788,0.04,-0.8958526871267062,0,0,0,0
456,69285,47.0,0,-1.2528692344719097,0,RBF-SVM,-1.1212130839583192,-1.1212130839583192,-2.7264246485083174,0.005,-1.3868653997070939,0,0,0,0
456,83417,5.91,1,0.6170750613790097,1,RBF-SVM,1.8684482306977133,1.8684482306977133,10.163168520132322,0.995,0.5191762235021771,1,1,1,1
456,48487,17.99,0,-0.7681647394033193,0,RBF-SVM,-0.9345009671011104,-0.9345009671011104,-1.755160471314745,0.055,-0.9959766166829761,0,0,0,0
456,150601,1.0,1,0.6923120528153515,1,RBF-SVM,1.0654861858715774,1.0654861858715774,33.81833480895877,0.99,0.583896174069249,1,1,1,1
456,111690,238.9,1,0.38881766648610233,1,RBF-SVM,1.3349173019150657,1.3349173019150657,9.174235321121431,0.98,0.6503915576194554,1,1,1,1
456,172479,25.0,0,-0.4154170743238374,0,RBF-SVM,-0.5422058923391075,-0.5422058923391075,-1.2131711604382733,0.32,-0.826601337366248,0,0,0,0
456,207294,49.99,0,-0.9980537369214395,0,RBF-SVM,-1.2360400480782314,-1.2360400480782314,-2.634237070595626,0.015,-1.4953492094366836,0,0,0,0
456,79507,121.66,0,-1.030879088921214,0,RBF-SVM,-1.0905580211342703,-1.0905580211342703,-1.9236742429429445,0.05,-0.901464366019591,0,0,0,0
456,112161,42.37,0,-1.265220567983276,0,RBF-SVM,-1.3496457001065794,-1.3496457001065794,-3.4858286308187574,0.015,-0.9456015549748952,0,0,0,0
456,77316,1.0,0,-0.10082555538423504,0,RBF-SVM,-0.8359674323248418,-0.8359674323248418,-0.5097645484785954,0.245,-1.1689795360554425,0,0,0,0
456,42958,9.99,1,0.5464419032605865,1,RBF-SVM,0.2676230055277967,0.2676230055277967,28.88649570234953,0.995,0.2196331210564862,1,1,1,1
456,201601,130.21,1,0.35424775351193244,1,RBF-SVM,0.767688912005273,0.767688912005273,5.343809281557278,0.955,0.6463043056496758,1,1,1,1
456,212508,125.29,0,-0.9027166882521123,0,RBF-SVM,-1.6683452261516456,-1.6683452261516456,-4.668123731573098,0.01,-1.5656313050810278,0,0,0,0
456,274337,37.22,0,-0.9268947705760711,0,RBF-SVM,-1.5344084666704123,-1.5344084666704123,-3.504050598434039,0.0,-1.1292530267004954,0,0,0,0
456,44223,139.9,1,0.5858344524603056,1,RBF-SVM,0.2572446233758455,0.2572446233758455,33.55670984657408,0.88,0.16270762865227809,1,1,1,1
456,10497,3.79,1,-0.8344981214364466,0,RBF-SVM,-0.9807447603336343,-0.9807447603336343,-1.7888827461870864,0.105,0.2756619557521298,0,0,0,1
456,6508,1.54,0,-0.843054873938027,0,RBF-SVM,-1.4761383911458343,-1.4761383911458343,-3.6914914910999337,0.015,-0.8525099332803815,0,0,0,0
456,133814,10.0,0,-1.140360620891482,0,RBF-SVM,-1.4133254550909644,-1.4133254550909644,-3.9478830533125087,0.055,-1.0404440094704084,0,0,0,0
456,116815,1.0,0,0.04065638621131054,1,RBF-SVM,0.20526856952317266,0.20526856952317266,0.9464178891770466,0.515,0.7780243455409983,1,0,0,1
456,15533,1.79,0,-1.0632613656250884,0,RBF-SVM,-0.9986789982078548,-0.9986789982078548,-2.073357929399912,0.015,-1.4681019562550084,0,0,0,0
456,54657,40.0,0,0.3435317669188442,1,RBF-SVM,-0.9612268030164854,-0.9612268030164854,-2.3286417751820134,0.09,-0.3462888871954738,0,0,0,0
456,204079,108.51,1,-1.2271029065449996,0,RBF-SVM,-1.5039866633647476,-1.5039866633647476,-4.1985939440466575,0.0,-1.3501134020723606,0,0,0,0
456,6144,110.0,0,-0.9451846215710449,0,RBF-SVM,-1.430674558572872,-1.430674558572872,-5.3226048306516685,0.025,-0.9701759457759135,0,0,0,0
456,44270,1.0,1,0.2540786686799481,1,RBF-SVM,0.30224485552981517,0.30224485552981517,36.113413903630374,0.825,0.1625862568561644,1,1,1,1
456,206803,9.84,0,-1.1821073610790853,0,RBF-SVM,-1.340597932783001,-1.340597932783001,-3.359127453820505,0.25,-1.5310285325321842,0,0,0,0
456,35316,58.31,0,-0.9239944979052606,0,RBF-SVM,-0.8175689550508491,-0.8175689550508491,-1.3126167255453587,0.13,-0.922939559905639,0,0,0,0
456,134063,14.17,0,-1.1966416226235643,0,RBF-SVM,-1.3196093118576824,-1.3196093118576824,-3.4182849856057422,0.04,-1.0502699308741623,0,0,0,0
456,93788,0.0,1,-0.5402974390249948,0,RBF-SVM,0.3425403257286768,0.3425403257286768,1.2941504342982149,0.485,0.6476813198216931,1,0,0,1
456,82580,12.31,0,-0.8143596815208485,0,RBF-SVM,-0.6954408380788837,-0.6954408380788837,-0.8785423571319745,0.105,-0.8288198177587007,0,0,0,0
456,61558,7.5,0,-1.153620470374841,0,RBF-SVM,-1.423307983659322,-1.423307983659322,-2.8173953325023726,0.06,-1.266600671988646,0,0,0,0
456,60693,2.0,0,-0.8475123964646969,0,RBF-SVM,-0.7356631911270655,-0.7356631911270655,-1.574440292881258,0.13,-1.0703313141560624,0,0,0,0
456,40525,1.0,1,0.34509270885587034,1,RBF-SVM,0.6806175047853291,0.6806175047853291,6.679238175586626,0.835,0.5151111754692688,1,1,1,1
456,276731,1.98,0,-1.0001478922595208,0,RBF-SVM,-1.5958595081830305,-1.5958595081830305,-4.06799888790417,0.015,-0.9997764765757514,0,0,0,0
456,117729,39.95,0,-1.6088788981022926,0,RBF-SVM,-1.359112785869427,-1.359112785869427,-2.4056292376468456,0.005,-1.2099378319571472,0,0,0,0
456,203078,40.0,0,-0.5874830594056191,0,RBF-SVM,-1.172498092317925,-1.172498092317925,-1.9946321912256315,0.16,-1.3533924580851826,0,0,0,0
456,214999,151.33,0,-0.5178810751634453,0,RBF-SVM,-1.3298553372711104,-1.3298553372711104,-2.416151772772099,0.065,0.10123991671563583,0,0,0,0
456,212318,27.1,0,-0.161344394723962,0,RBF-SVM,-1.6043802960239004,-1.6043802960239004,-3.607070387735648,0.02,-0.13842686047163355,0,0,0,0
456,150660,44.9,1,1.0001642395766392,1,RBF-SVM,1.2828730980593794,1.2828730980593794,34.57427064229157,1.0,1.0000396295250793,1,1,1,1
456,220428,1.0,0,-1.1236042743541579,0,RBF-SVM,-0.8811070661792761,-0.8811070661792761,-1.6045494785508105,0.075,-1.1787026609663238,0,0,0,0
456,75172,6.6,0,-0.9983675750419412,0,RBF-SVM,-0.9314166941822231,-0.9314166941822231,-0.925225436498687,0.1,-0.8630643150445153,0,0,0,0
456,37448,150.0,0,-1.2649099735663751,0,RBF-SVM,-1.428527526664675,-1.428527526664675,-2.8443819716677186,0.08,-0.999625054966743,0,0,0,0
456,274475,39.9,1,0.274004065978886,1,RBF-SVM,0.3977168581199105,0.3977168581199105,4.491340113257736,0.98,0.45172018233031225,1,1,1,1
456,68067,519.9,1,-0.10187928562132748,0,RBF-SVM,-1.071513845623465,-1.071513845623465,-2.436415865177306,0.045,-0.35745319271301224,0,0,0,0
456,211801,1.55,0,-0.7145993858903466,0,RBF-SVM,-1.0798460998439177,-1.0798460998439177,-1.8933778420963643,0.16,0.5103842748159831,0,0,0,1
456,231512,17.47,0,-1.2605558062443567,0,RBF-SVM,-1.3670006378662405,-1.3670006378662405,-3.3988816107271966,0.01,-1.3709428469270994,0,0,0,0
456,72545,90.0,0,-1.4010845942379027,0,RBF-SVM,-1.7050556856358827,-1.7050556856358827,-4.846643706857013,0.02,-1.177428935934516,0,0,0,0
456,258996,140.0,0,-1.0346383961604062,0,RBF-SVM,-1.6701842609235924,-1.6701842609235924,-4.9292450730770945,0.03,-0.8013929086593686,0,0,0,0
456,277419,1.79,0,-1.0794524814197055,0,RBF-SVM,-1.173038429995854,-1.173038429995854,-2.6887785447663104,0.005,-1.3188537014514172,0,0,0,0
456,99506,489.71,1,0.5012007956801077,1,RBF-SVM,1.2839920792280408,1.2839920792280408,6.522387736109772,0.895,0.32807461879855193,1,1,1,1
456,246288,47.7,0,-1.113547073528099,0,RBF-SVM,-0.958672004444624,-0.958672004444624,-2.0870615536996664,0.07,-0.8283248875518886,0,0,0,0
456,61888,99.0,0,-0.4019709989013824,0,RBF-SVM,-0.585079070840743,-0.585079070840743,0.027403358152973234,0.555,-0.5260211080184434,0,0,0,0
456,66006,89.99,0,-0.9561870526763663,0,RBF-SVM,-1.01227025877407,-1.01227025877407,-1.787109217421147,0.015,-1.1400987171041326,0,0,0,0
456,263323,2.95,0,-0.8323129562608567,0,RBF-SVM,-0.5887250692725927,-0.5887250692725927,-0.5640177949094122,0.065,-1.0953180082033378,0,0,0,0
456,120219,36.84,0,-1.2456270450796405,0,RBF-SVM,-1.2311950067788462,-1.2311950067788462,-2.922526533100568,0.005,-1.1073985180828543,0,0,0,0
456,270298,9.99,0,-1.4960381971140795,0,RBF-SVM,-1.259525014346985,-1.259525014346985,-2.3515966080696007,0.075,-1.0176313341232235,0,0,0,0
456,252196,15.0,0,-0.6678140453246548,0,RBF-SVM,-1.0558599742325987,-1.0558599742325987,-2.0800635902333373,0.14,-1.0723405822096592,0,0,0,0
456,82601,93.17,0,-1.2847457090839298,0,RBF-SVM,-1.148376186227185,-1.148376186227185,-2.8341675389361836,0.02,-1.5892330294900474,0,0,0,0
456,33405,46.91,0,-1.0032394059339802,0,RBF-SVM,-1.0317580111928395,-1.0317580111928395,-2.4223776692577776,0.285,-0.8674373184635386,0,0,0,0
456,201581,6.03,0,-0.5492467335602926,0,RBF-SVM,-1.564159965189239,-1.564159965189239,-3.208727384635472,0.01,-0.9404020280057138,0,0,0,0
456,268984,154.1,0,0.08176224944458005,1,RBF-SVM,-0.5789848579432031,-0.5789848579432031,-0.3630059598123002,0.265,0.09029729569363237,0,0,0,0
456,170301,14.9,0,-1.0481228498311495,0,RBF-SVM,-1.2849405305850412,-1.2849405305850412,-2.9111192089357556,0.035,-1.2167879004574158,0,0,0,0
456,153303,1.0,0,-0.9622624035101042,0,RBF-SVM,-1.3269911130809133,-1.3269911130809133,-4.260320599401199,0.0,-0.912318736620585,0,0,0,0
456,193854,1.5,0,-1.060707674871043,0,RBF-SVM,-0.8786988259301978,-0.8786988259301978,-1.2752533988361243,0.18,-0.9961837685395366,0,0,0,0
456,208868,95.0,0,-0.7970514603247589,0,RBF-SVM,-1.1565553912709408,-1.1565553912709408,-3.780929803669651,0.045,-1.0269481661759303,0,0,0,0
456,62074,15.0,0,-0.5460518969277717,0,RBF-SVM,-1.7578350664599682,-1.7578350664599682,-5.57534865464871,0.075,-0.4150303170222013,0,0,0,0
456,28979,99.0,0,-0.9239005752485814,0,RBF-SVM,-1.017470904454417,-1.017470904454417,-3.761432034844853,0.0,-0.7638377484549186,0,0,0,0
456,76555,153.46,1,0.6696542656263771,1,RBF-SVM,2.954856419947014,2.954856419947014,21.81787394002829,1.0,0.4202413642233234,1,1,1,1
456,249239,1096.99,1,-0.3417411883517589,0,RBF-SVM,-0.6918476036127517,-0.6918476036127517,-8.651914644108334,0.035,-0.04934087426449843,0,0,0,0
456,182190,200.0,0,-1.1191205121750911,0,RBF-SVM,-1.6999333807409795,-1.6999333807409795,-5.492009843516504,0.065,-0.5476144734826547,0,0,0,0
456,281754,1.5,0,-1.3685235676226613,0,RBF-SVM,-0.9218889943288702,-0.9218889943288702,-1.9359024388248258,0.07,-1.1157855961616736,0,0,0,0
456,73811,6.18,0,-1.1598312481234094,0,RBF-SVM,-1.156391472305952,-1.156391472305952,-1.8843186552685425,0.02,-0.8562991134184509,0,0,0,0
456,42007,0.76,1,0.3006890847719606,1,RBF-SVM,2.609820288530155,2.609820288530155,16.531680267128095,0.995,0.5702361354942245,1,1,1,1
456,128392,9.99,0,-0.7554086277100627,0,RBF-SVM,-1.4527891426014912,-1.4527891426014912,-3.7265609554246404,0.005,-1.0115970161812529,0,0,0,0
456,76609,7.52,1,0.6007305508461647,1,RBF-SVM,3.0457405399695485,3.0457405399695485,22.864321881554208,1.0,0.3171875068315191,1,1,1,1
456,162371,49.06,0,-0.3333040617557063,0,RBF-SVM,-0.850253877003778,-0.850253877003778,-0.9124729928890177,0.105,-0.9240153262943632,0,0,0,0
456,78959,14.45,0,-1.1075655549133225,0,RBF-SVM,-1.1562430539990791,-1.1562430539990791,-2.4414901046241093,0.045,-1.2388037953726014,0,0,0,0
456,256070,1.69,0,-1.145554421756235,0,RBF-SVM,-0.8397505511151897,-0.8397505511151897,-1.3910317734016036,0.06,-1.2937953770544972,0,0,0,0
456,72757,1.79,1,-1.0014242006416791,0,RBF-SVM,-0.9697628724240415,-0.9697628724240415,-1.840834659698206,0.25,-0.5025157531545187,0,0,0,0
456,154693,1.0,1,0.8006430003031069,1,RBF-SVM,2.330722726485813,2.330722726485813,19.22802273834816,1.0,0.2573634024254233,1,1,1,1
456,185251,223.94,0,-0.37863902359608254,0,RBF-SVM,-1.008052102636509,-1.008052102636509,-1.8789044812900544,0.085,-1.0509516338434852,0,0,0,0
456,15373,219.52,0,-1.5736901203401314,0,RBF-SVM,-1.4735393186276533,-1.4735393186276533,-4.052774044360948,0.02,-1.3359992496817612,0,0,0,0
456,209456,0.0,0,-1.2256947241047609,0,RBF-SVM,-0.978785228878339,-0.978785228878339,-1.9328808581644914,0.0,-0.7102125966365059,0,0,0,0
456,86291,1.79,0,-0.9773538013774563,0,RBF-SVM,-0.7337771317087762,-0.7337771317087762,-1.3652454062228943,0.23,-0.6156554230469302,0,0,0,0
456,38111,546.47,0,-0.9667637203770194,0,RBF-SVM,-1.5792196568512944,-1.5792196568512944,-3.7461924632099577,0.05,-0.23894068831240528,0,0,0,0
456,30442,4.56,1,0.568916819300484,1,RBF-SVM,2.565560147724093,2.565560147724093,18.53240202108476,0.99,0.3405940294074804,1,1,1,1
456,248288,3.99,0,-1.1380702491549304,0,RBF-SVM,-1.2203446261621156,-1.2203446261621156,-2.681622863202924,0.0,-1.5643767812807745,0,0,0,0
456,4365,18.0,0,-1.2752031563942072,0,RBF-SVM,-1.3766505826323152,-1.3766505826323152,-3.452236772444856,0.01,-1.0440601403391008,0,0,0,0
456,219025,4.49,1,-1.0131146841440584,0,RBF-SVM,-1.0902727654621067,-1.0902727654621067,-1.9624014168037132,0.085,-1.2842939390140007,0,0,0,0
456,239499,50.0,1,0.07977635517898943,1,RBF-SVM,0.701069053258454,0.701069053258454,6.2456521136175915,0.835,0.2720627854771026,1,1,1,1
456,88876,1.0,1,-0.03886120391658304,0,RBF-SVM,0.2280913940839361,0.2280913940839361,0.6840987222876317,0.42,0.9958586351084691,1,0,0,1
456,274594,1000.0,0,-0.4399258995623269,0,RBF-SVM,-0.9197185993577064,-0.9197185993577064,-6.4374843631218335,0.045,-0.06060874392578308,0,0,0,0
456,48404,9.99,0,-1.0404715400197213,0,RBF-SVM,-1.4716092217923438,-1.4716092217923438,-4.091525600967936,0.0,-1.4919163254986874,0,0,0,0
456,173345,70.66,0,-1.0170250365948241,0,RBF-SVM,-1.6378400403738698,-1.6378400403738698,-4.278157763379669,0.01,-1.2350957431047815,0,0,0,0
456,74593,71.99,0,-1.341700773892914,0,RBF-SVM,-1.1520879793878491,-1.1520879793878491,-2.3523397408879423,0.015,-1.4922516541868185,0,0,0,0
456,186208,159.0,0,-1.2049845209869525,0,RBF-SVM,-1.4521974283040464,-1.4521974283040464,-4.058097530282206,0.055,-1.0779801793033301,0,0,0,0
456,152810,23.52,0,-0.9721725779559582,0,RBF-SVM,-1.3540740110464768,-1.3540740110464768,-3.5136484248220827,0.125,-0.9615915190019025,0,0,0,0
456,111919,89.95,0,-1.0530342673239899,0,RBF-SVM,-1.263014736486801,-1.263014736486801,-3.0731867788419227,0.01,-1.366870857761966,0,0,0,0
456,154670,104.0,1,0.6898952294037565,1,RBF-SVM,2.4238043973691226,2.4238043973691226,19.04614793749644,0.99,0.22015115500601845,1,1,1,1
456,279444,377.4,0,-0.30975602893936577,0,RBF-SVM,-0.9356238746532703,-0.9356238746532703,-1.679881283726766,0.205,-1.1461534754511993,0,0,0,0
456,170755,11.0,0,-1.0584039478734844,0,RBF-SVM,-1.2542062827028981,-1.2542062827028981,-2.4673494295681078,0.115,-0.5690034928190824,0,0,0,0
456,10801,1.0,1,0.6622490750621497,1,RBF-SVM,0.7129799844929134,0.7129799844929134,36.49846731638484,0.96,0.18837607391346792,1,1,1,1
456,110235,7.49,0,-1.3615582923755685,0,RBF-SVM,-1.3754024978601522,-1.3754024978601522,-3.3838491466702263,0.005,-1.1349749882315687,0,0,0,0
456,123521,0.0,0,-0.4397215531756408,0,RBF-SVM,-0.9385604050641154,-0.9385604050641154,-0.22098199929458773,0.08,-0.32673332177589004,0,0,0,0
456,102444,1.0,1,0.21414312061454094,1,RBF-SVM,0.4444994324007329,0.4444994324007329,18.99662437438924,0.99,0.16244061051724945,1,1,1,1
456,41747,4.49,0,-1.1663641152657034,0,RBF-SVM,-1.2322651199384598,-1.2322651199384598,-2.240093167185482,0.065,-1.2146228823367355,0,0,0,0
456,261402,1.0,0,-0.902392778936528,0,RBF-SVM,-1.4585919923485593,-1.4585919923485593,-2.9139857244369196,0.14,-0.9542277096854915,0,0,0,0
456,22974,7.58,0,-0.5114417473271862,0,RBF-SVM,-0.21120805588354669,-0.21120805588354669,0.4839294691447412,0.525,-0.4233981398298624,0,0,0,0
456,74794,311.91,1,-0.19435763884799812,0,RBF-SVM,-0.7052915282347374,-0.7052915282347374,-4.124144389192897,0.355,0.1566517582679568,0,0,0,1
456,4588,10.0,0,-0.9135522619413334,0,RBF-SVM,-1.4002518857993371,-1.4002518857993371,-3.5410667660505672,0.045,-0.3423913466876015,0,0,0,0
456,169047,19.16,0,-0.939119086166218,0,RBF-SVM,-1.1842423184604123,-1.1842423184604123,-2.2306810169959874,0.155,0.2983568634137844,0,0,0,1
456,230524,16.01,0,-0.6264616017426781,0,RBF-SVM,-1.2307484279987275,-1.2307484279987275,-2.214115786794451,0.21,0.2510679392630897,0,0,0,1
456,79249,25.17,0,-0.6845713094669288,0,RBF-SVM,-0.9862209990799669,-0.9862209990799669,-3.0015723488956794,0.02,-1.0530042227063228,0,0,0,0
456,269372,413.84,0,-0.970491253804536,0,RBF-SVM,-1.477753538113231,-1.477753538113231,-4.380601797142703,0.005,-1.3353954810472994,0,0,0,0
456,243547,57.73,1,0.17489303471043338,1,RBF-SVM,1.1362323158553846,1.1362323158553846,14.16551213552948,0.91,0.2912030518640345,1,1,1,1
456,280149,77.89,1,0.38631849802538587,1,RBF-SVM,0.7591916463278523,0.7591916463278523,4.6562327822882725,0.84,0.3062198106073679,1,1,1,1
456,119714,29.95,1,-0.6911637777591102,0,RBF-SVM,-0.3562658135134771,-0.3562658135134771,0.14685906499238432,0.335,-0.37666876723607134,0,0,0,0
456,279256,9.99,0,-0.8160175214722301,0,RBF-SVM,-1.6495773292161207,-1.6495773292161207,-3.533357432856182,0.02,-1.1829770806437065,0,0,0,0
456,172532,286.0,0,-1.0377671592845095,0,RBF-SVM,-1.3372891195526715,-1.3372891195526715,-3.2580154378941977,0.035,-1.295770340077194,0,0,0,0
456,163586,65.0,1,0.38393759339539807,1,RBF-SVM,1.430830847800488,1.430830847800488,8.851495834529429,0.975,0.9734578739696207,1,1,1,1
456,75528,58.0,0,-1.256738976607804,0,RBF-SVM,-1.3418688085333081,-1.3418688085333081,-2.4791045519994435,0.33,-1.380366945976367,0,0,0,0
456,136133,12.37,0,-0.9287299505583957,0,RBF-SVM,-0.8975445260678798,-0.8975445260678798,-1.8316048898635606,0.02,-1.043226818971338,0,0,0,0
456,281105,9.99,0,-1.5035905655120878,0,RBF-SVM,-1.2544353141774776,-1.2544353141774776,-2.227392261060189,0.165,-1.2012978777561911,0,0,0,0
456,6329,1.0,1,0.1049939911267232,1,RBF-SVM,-0.07643259415543877,-0.07643259415543877,4.576420595286602,0.58,0.2768709637589346,0,1,0,1
456,72672,4.56,0,-1.3574644689472668,0,RBF-SVM,-1.1922223875977553,-1.1922223875977553,-2.716379802630096,0.01,-1.308496333136143,0,0,0,0
456,147176,22.78,0,-1.1262355633253625,0,RBF-SVM,-1.404034697138308,-1.404034697138308,-3.3471002219723904,0.065,-1.5519076900419835,0,0,0,0
456,194979,5.0,0,-0.1792399473592255,0,RBF-SVM,-0.7242818117867578,-0.7242818117867578,-0.791366829590657,0.225,-1.0401900606514909,0,0,0,0
456,43681,53.95,1,0.35744240305243147,1,RBF-SVM,0.2742948609714646,0.2742948609714646,33.16844845069093,0.8,0.16678133121392735,1,1,1,1
456,117176,2.49,0,-1.0646810816348087,0,RBF-SVM,-1.3036260484903588,-1.3036260484903588,-3.714530715579604,0.005,-1.333395961686191,0,0,0,0
456,155580,3.79,0,-0.41154273356810783,0,RBF-SVM,-0.10233469115686944,-0.10233469115686944,0.7371828770745564,0.55,0.08745631905924342,0,0,0,0
456,251891,7.06,1,0.893340334716386,1,RBF-SVM,0.49183649269170876,0.49183649269170876,2.3601617122386003,0.645,0.9481014169126801,1,0,1,1
456,126936,264.95,0,-1.06360837640027,0,RBF-SVM,-1.287437229345916,-1.287437229345916,-3.123891896669503,0.03,-1.0253591601813077,0,0,0,0
456,69786,1.29,0,-1.5420735464427888,0,RBF-SVM,-1.3093117020436422,-1.3093117020436422,-2.6636076207671002,0.0,-1.171157998885687,0,0,0,0
456,126198,31.5,0,-0.9732205286811448,0,RBF-SVM,-1.1994392889346104,-1.1994392889346104,-2.743785677720639,0.0,-1.0743974676186108,0,0,0,0
456,226815,9.99,0,-1.0515629267077529,0,RBF-SVM,-1.5371257713789774,-1.5371257713789774,-3.884244387075379,0.015,-1.5421279648847515,0,0,0,0
456,128832,15.29,0,-1.1402952228279821,0,RBF-SVM,-0.803653650843174,-0.803653650843174,-1.7735221190720645,0.24,-1.3157792187972293,0,0,0,0
456,145925,1.0,0,-0.8890223648221733,0,RBF-SVM,-1.1820407020393615,-1.1820407020393615,-2.265065919507538,0.035,-1.3510065266731344,0,0,0,0
456,73784,1.0,1,0.3898040084580392,1,RBF-SVM,2.0320330344401993,2.0320330344401993,19.555189345567705,0.985,0.2689906693450863,1,1,1,1
456,170990,113.85,0,-1.0960069769782284,0,RBF-SVM,-1.284871810320319,-1.284871810320319,-2.8979604649517605,0.02,-1.0811296729870046,0,0,0,0
456,98360,150.04,0,0.3297086785365172,1,RBF-SVM,-0.9649138817351055,-0.9649138817351055,-1.2979435144714326,0.32,-1.237619383046514,0,0,0,0
456,253108,0.89,0,-1.1145459282018604,0,RBF-SVM,-1.389198079330786,-1.389198079330786,-3.666066530314312,0.0,-1.283752409123864,0,0,0,0
456,114034,10.0,0,-1.2326722312371967,0,RBF-SVM,-1.033202631981658,-1.033202631981658,-2.396636162200659,0.09,-0.7718265950266705,0,0,0,0
456,211501,1.0,0,0.4265826123843306,1,RBF-SVM,-0.1336293860606506,-0.1336293860606506,-0.31841332841498493,0.395,0.20622819021088523,0,0,0,1
456,221088,76.57,0,-0.8578942823323426,0,RBF-SVM,-0.9205562115440642,-0.9205562115440642,-1.6843407803783563,0.17,-1.3149624801336892,0,0,0,0
456,68554,25.0,0,-1.4038265037917252,0,RBF-SVM,-1.3757228394814802,-1.3757228394814802,-3.4778412894322455,0.0,-0.7819759367381559,0,0,0,0
456,8312,1.0,1,0.4649031013273559,1,RBF-SVM,1.0504610327505284,1.0504610327505284,13.377050384800151,0.97,0.44343812527912346,1,1,1,1
456,165972,34.99,0,-1.4706238084969443,0,RBF-SVM,-1.3896339215542464,-1.3896339215542464,-2.6534558816561504,0.11,-0.687832761292742,0,0,0,0
456,192647,63.4,0,-0.19004496589583708,0,RBF-SVM,-1.6013717732388801,-1.6013717732388801,-5.501093261548328,0.0,-0.5508178184191234,0,0,0,0
456,65020,19.95,0,-1.2227632989012684,0,RBF-SVM,-1.2383866576491502,-1.2383866576491502,-3.923085508703893,0.005,-1.2003204344316174,0,0,0,0
456,106612,38.89,0,-1.1853684095440664,0,RBF-SVM,-1.7877771380757554,-1.7877771380757554,-5.336079407643472,0.02,-0.9014726790411501,0,0,0,0
456,250565,12.32,0,-0.20222144975727652,0,RBF-SVM,-1.071056535519401,-1.071056535519401,-1.9198163735685454,0.045,-0.9474845956874304,0,0,0,0
456,136175,10.0,0,-1.2881232941698773,0,RBF-SVM,-1.3520683891747527,-1.3520683891747527,-3.270655177418003,0.015,-1.188935789501378,0,0,0,0
456,169074,65.0,0,-1.111033219040662,0,RBF-SVM,-1.3965430048063883,-1.3965430048063883,-4.655089245117489,0.0,-1.2911829830355699,0,0,0,0
456,87699,25.0,0,-1.510133311470818,0,RBF-SVM,-1.0200936993210996,-1.0200936993210996,-1.7272316240729046,0.01,-1.1189904939501103,0,0,0,0
456,62821,53.0,0,-0.5155443517658049,0,RBF-SVM,-1.0504190286373807,-1.0504190286373807,-1.9749669115717277,0.19,-0.5999718164505863,0,0,0,0
456,77497,13.16,0,-0.3696491658033115,0,RBF-SVM,-1.023793208462493,-1.023793208462493,-1.7387682544241239,0.275,-0.5050567874913078,0,0,0,0
456,173760,240.0,0,-1.0425044392807847,0,RBF-SVM,-1.5112928986724912,-1.5112928986724912,-5.651123786893944,0.015,-1.1297656218636116,0,0,0,0
456,169842,0.76,0,-0.9641775225440874,0,RBF-SVM,-1.1602653418991435,-1.1602653418991435,-2.147116843913136,0.065,-1.2915796564199549,0,0,0,0
456,64989,249.0,0,-0.8385280012725136,0,RBF-SVM,-1.4224729185316913,-1.4224729185316913,-3.7157243924453396,0.015,-1.6322436394809903,0,0,0,0
456,4683,27.99,0,-1.0386203710144761,0,RBF-SVM,-1.3244808709141014,-1.3244808709141014,-3.3237380658675275,0.015,-1.1435771543756599,0,0,0,0
456,80455,300.0,0,-1.419561547489343,0,RBF-SVM,-1.5776974246686233,-1.5776974246686233,-4.189588927822702,0.01,-1.3831801521876912,0,0,0,0
456,40209,1287.87,0,-0.5023800424578961,0,RBF-SVM,-1.0527252666195486,-1.0527252666195486,-6.072213111007537,0.035,0.14501279967954134,0,0,0,1
456,79525,1.0,1,0.6059612381244626,1,RBF-SVM,0.7083421848036695,0.7083421848036695,20.26410716072543,0.955,0.28918936439136883,1,1,1,1
456,120532,1.54,0,0.14314837712596837,1,RBF-SVM,-1.0317496095410006,-1.0317496095410006,-7.242387612410992,0.075,0.16226753798084662,0,0,0,1
456,82400,18.98,1,0.5658155488012966,1,RBF-SVM,0.33201417054520654,0.33201417054520654,4.115854510645206,0.94,0.2648308992711285,1,1,1,1
456,56703,0.76,1,-0.5388348782677412,0,RBF-SVM,-0.2635821537451439,-0.2635821537451439,-0.1912714898573048,0.535,-0.5616826483062797,0,0,0,0
456,51273,13.48,0,-1.010692334189099,0,RBF-SVM,-1.3590486188333755,-1.3590486188333755,-3.6551900477770434,0.035,-1.3813792879661055,0,0,0,0
456,173985,137.0,0,-0.970747127140962,0,RBF-SVM,-1.4294451436010012,-1.4294451436010012,-5.629197881214893,0.03,-1.2443394062220943,0,0,0,0
456,85547,0.76,0,-1.0813058627166057,0,RBF-SVM,-1.2305422496204819,-1.2305422496204819,-3.3623937040162084,0.0,-0.999770819451168,0,0,0,0
456,123270,1.0,1,0.2814319887955077,1,RBF-SVM,0.46953462463389123,0.46953462463389123,1.9325091002356802,0.54,0.6885369962524879,1,0,0,1
456,150665,209.65,1,0.5908470361340812,1,RBF-SVM,1.5302487708056758,1.5302487708056758,32.54076310018261,1.0,0.2992572911889748,1,1,1,1
456,43428,364.19,1,0.400623777163689,1,RBF-SVM,0.34009077076637517,0.34009077076637517,28.585811337731382,0.98,0.16524434169167368,1,1,1,1
456,270483,8.98,0,-1.150254868684959,0,RBF-SVM,-1.1149933395777771,-1.1149933395777771,-2.202558367752897,0.02,-1.5090328540178382,0,0,0,0
456,212987,45.0,0,-1.1832720936114962,0,RBF-SVM,-1.691959289526425,-1.691959289526425,-4.367712382208455,0.015,-0.9141825748504392,0,0,0,0
456,279344,70.66,0,-1.282624662416892,0,RBF-SVM,-1.5763275138428388,-1.5763275138428388,-4.170145214204519,0.025,-1.1444869736530494,0,0,0,0
456,181339,104.69,0,-0.987441915141656,0,RBF-SVM,-1.4761940827006457,-1.4761940827006457,-4.07277005750409,0.035,-1.315321432613469,0,0,0,0
456,178967,100.0,0,-1.2359124786325755,0,RBF-SVM,-1.5584199642543102,-1.5584199642543102,-4.011569421925083,0.0,-1.1678439973011288,0,0,0,0
456,223618,1.0,1,1.0308474179751037,1,RBF-SVM,2.9804040372763887,2.9804040372763887,15.393406519300001,1.0,0.9402354749681191,1,1,1,1
456,194501,109.3,0,-0.56395203368322,0,RBF-SVM,-1.1395726403037318,-1.1395726403037318,-5.043841525006425,0.12,-0.22535858131581793,0,0,0,0
456,5788,136.0,0,-0.5376374417343286,0,RBF-SVM,-0.9425969295372167,-0.9425969295372167,-3.5428896039915094,0.02,-0.3172615674034671,0,0,0,0
456,242485,20.0,0,-0.8225125233740531,0,RBF-SVM,-1.886768086774831,-1.886768086774831,-6.376443440274428,0.005,-0.7191264378337217,0,0,0,0
456,11841,1.0,1,0.01239489243386277,1,RBF-SVM,0.9605516105548495,0.9605516105548495,39.07728232847097,0.855,0.40561136087752836,1,1,1,1
456,151785,211.35,0,-0.7177551658361527,0,RBF-SVM,-1.538534214011265,-1.538534214011265,-4.258180681254802,0.02,-0.4268275015661662,0,0,0,0
456,14240,15.0,0,-1.4100744461207448,0,RBF-SVM,-1.4217030881827781,-1.4217030881827781,-3.5568696433433113,0.015,-1.2105886745906327,0,0,0,0
456,140186,4.45,0,0.7904848105216569,1,RBF-SVM,-0.5342600947926297,-0.5342600947926297,-1.7029635925620927,0.535,-0.2745129470107308,0,0,0,0
456,181154,111.9,0,-1.092663575378123,0,RBF-SVM,-1.4474633051327057,-1.4474633051327057,-4.416999343576402,0.0,-1.0032914687967462,0,0,0,0
456,163562,42.77,0,0.8861472435892552,1,RBF-SVM,-0.4854811749151486,-0.4854811749151486,-0.4681430776741501,0.355,-1.3301475479857086,0,0,0,0
456,120837,99.9,1,0.27098720016975825,1,RBF-SVM,2.0184528977685416,2.0184528977685416,15.92296542699372,0.98,0.6492372318730475,1,1,1,1
456,183753,90.0,0,-1.3097599493186052,0,RBF-SVM,-1.403873853424576,-1.403873853424576,-3.6159017697690943,0.01,-1.2623501626768054,0,0,0,0
456,93486,0.0,1,-0.012326862543510397,0,RBF-SVM,0.4679859623722815,0.4679859623722815,1.933732983006665,0.46,0.27940863663038995,1,0,0,1
456,241615,9.49,0,-1.0356236036098725,0,RBF-SVM,-1.191278020311197,-1.191278020311197,-2.8122954300816674,0.16,-0.8155767504036979,0,0,0,0
456,157868,0.76,1,0.48971027995891614,1,RBF-SVM,1.7731990281399994,1.7731990281399994,10.810570041688562,0.995,0.49463445756933067,1,1,1,1
456,249607,35.0,1,0.747505036517911,1,RBF-SVM,0.8128956140397225,0.8128956140397225,5.261756461313247,0.95,0.20951914987834314,1,1,1,1
456,201418,1.98,0,-1.3216262650048702,0,RBF-SVM,-1.157369123325971,-1.157369123325971,-2.2464056954733764,0.045,-1.2903214798964542,0,0,0,0
456,238147,5.0,0,-1.1892479043262398,0,RBF-SVM,-1.3018540319732894,-1.3018540319732894,-3.0515554561929816,0.075,-1.5118851625330323,0,0,0,0
456,49908,2216.5,0,-0.13517106152905972,0,RBF-SVM,-0.3121146859658006,-0.3121146859658006,-9.872039198874981,0.03,0.1622722050806982,0,0,0,1
456,226814,667.55,1,0.8457984573409887,1,RBF-SVM,2.026664277517737,2.026664277517737,9.905573772951609,0.98,0.35478949964344225,1,1,1,1
456,284534,37.6,0,-0.5169819706205339,0,RBF-SVM,-1.1444319475919837,-1.1444319475919837,-2.4682490628705884,0.315,-0.6361424629722142,0,0,0,0
456,95383,70.0,0,-1.2809606345643925,0,RBF-SVM,-1.3353930674201773,-1.3353930674201773,-2.1900298160984515,0.05,-0.8051641999628014,0,0,0,0
456,243699,1.0,1,0.750364828054314,1,RBF-SVM,1.9913279975263827,1.9913279975263827,19.578532207761675,0.965,0.5812399302968907,1,1,1,1
456,104781,1.7,0,-1.1848610274219284,0,RBF-SVM,-1.1703537597401577,-1.1703537597401577,-1.7571906530741939,0.0,-0.8248819903584369,0,0,0,0
456,283454,47.22,0,-1.1332034053337319,0,RBF-SVM,-1.2554909827937963,-1.2554909827937963,-2.941900820647243,0.025,-1.1828551903971647,0,0,0,0
456,283837,8.49,0,-0.8523090425867246,0,RBF-SVM,-1.5430802763500433,-1.5430802763500433,-6.410488245076095,0.045,-1.000330784448915,0,0,0,0
456,165790,85.75,0,-0.9827365859639292,0,RBF-SVM,-1.6022737060713643,-1.6022737060713643,-3.8478203596590084,0.13,-0.49314775627718055,0,0,0,0
456,74249,11.75,0,-1.1387435601717262,0,RBF-SVM,-1.4081523165166157,-1.4081523165166157,-3.8923305715492513,0.0,-1.2449035446845178,0,0,0,0
456,11622,5.0,0,-0.7322236132826163,0,RBF-SVM,-1.0069105814112456,-1.0069105814112456,-3.706035276637739,0.09,-1.0437506085347712,0,0,0,0
456,164987,19.6,0,-1.1406591924743898,0,RBF-SVM,-1.474295622771096,-1.474295622771096,-2.7667980543910504,0.02,-1.0087918149109214,0,0,0,0
456,233258,996.27,1,0.3293486337504906,1,RBF-SVM,0.8165339387980828,0.8165339387980828,5.7891221773269415,0.79,0.16692161823871862,1,1,1,1
456,154694,346.94,1,0.7532532928575801,1,RBF-SVM,2.4521354741112584,2.4521354741112584,17.184897035244365,0.99,0.27299648045700076,1,1,1,1
456,1709,329.0,0,-1.3975879552568802,0,RBF-SVM,-1.4944653765535587,-1.4944653765535587,-4.952955878036453,0.045,-1.0703209641650608,0,0,0,0
456,82780,19.66,0,-1.1720444500235079,0,RBF-SVM,-1.2376413195645164,-1.2376413195645164,-1.9354705137737418,0.0,-1.1241879882710144,0,0,0,0
456,264693,1.0,0,-1.0116997942277322,0,RBF-SVM,-1.326295653194857,-1.326295653194857,-1.967904264963288,0.1,-0.9865970367966274,0,0,0,0
456,246179,64.99,0,-1.3107336042972444,0,RBF-SVM,-1.0432934400841543,-1.0432934400841543,-2.1506183489127424,0.1,-1.2908075328790662,0,0,0,0
456,271945,1923.95,0,-0.24086015094716245,0,RBF-SVM,-0.3641532780286156,-0.3641532780286156,-12.2158916293584,0.065,0.16165854983011277,0,0,0,1
456,172022,0.77,0,-1.091884137370109,0,RBF-SVM,-1.301598118046465,-1.301598118046465,-3.53172021452161,0.105,-0.2602159952326328,0,0,0,0
456,110287,14.32,0,-1.2836336973402829,0,RBF-SVM,-1.1494666725443334,-1.1494666725443334,-2.214052018352328,0.01,-1.119285475565706,0,0,0,0
456,58218,290.0,0,-0.9780754993694449,0,RBF-SVM,-0.7347506885259685,-0.7347506885259685,-1.5458146857877448,0.03,-0.5306750425704593,0,0,0,0
456,252124,0.77,1,0.2828024471159377,1,RBF-SVM,2.2934340504509656,2.2934340504509656,16.046566825048437,0.995,0.6516347482663964,1,1,1,1
456,190730,48.0,0,-1.0027781421763295,0,RBF-SVM,-1.4222365670637223,-1.4222365670637223,-4.0772950517825395,0.0,-1.0301801220845705,0,0,0,0
456,240075,150.0,0,-1.2038423811635839,0,RBF-SVM,-1.6411668097954035,-1.6411668097954035,-5.128673030133023,0.015,-1.499235213674102,0,0,0,0
456,80196,9.42,0,-0.8032935881579957,0,RBF-SVM,-1.1418210172667618,-1.1418210172667618,-2.305988160464844,0.0,-1.2508932048289965,0,0,0,0
456,197644,108.66,0,-1.197049708237204,0,RBF-SVM,-1.8375769589848903,-1.8375769589848903,-5.388291523558204,0.01,-1.1041102065223272,0,0,0,0
456,16415,23.36,1,0.8446975822800622,1,RBF-SVM,1.5430738565298674,1.5430738565298674,7.221197863595224,0.97,0.7045669309570327,1,1,1,1
456,14342,21.43,0,-0.7455897545346191,0,RBF-SVM,-1.070522034562968,-1.070522034562968,-2.266065722174852,0.075,-0.43930924888606515,0,0,0,0
456,271393,4.86,0,-1.4565111316193426,0,RBF-SVM,-1.2012135571852653,-1.2012135571852653,-2.7089219784045695,0.005,-1.236456203359563,0,0,0,0
456,111029,105.0,0,-0.957220678117723,0,RBF-SVM,-1.1066128708768945,-1.1066128708768945,-2.6521210039863337,0.01,-0.9802869413015137,0,0,0,0
456,149377,126.35,0,-0.33298281434637017,0,RBF-SVM,-0.7084799759635014,-0.7084799759635014,-5.395380967229968,0.075,-0.5904227264146962,0,0,0,0
456,59294,130.0,0,-1.2167989231097809,0,RBF-SVM,-1.4353529239458545,-1.4353529239458545,-3.6342012873499,0.075,-0.5188295388273729,0,0,0,0
456,151807,33.59,1,0.386968333102199,1,RBF-SVM,1.0957058577605399,1.0957058577605399,15.554463232843489,0.75,0.16327657719983277,1,1,1,1
456,111010,121.71,0,-0.993616578338343,0,RBF-SVM,-1.0945792551768465,-1.0945792551768465,-1.8384850511888549,0.105,-1.0173874936477079,0,0,0,0
456,9035,1.0,1,0.4361715713043165,1,RBF-SVM,0.8702284139362333,0.8702284139362333,37.79932174184196,1.0,0.8155992204005685,1,1,1,1
456,82017,1.78,0,0.19662386167315857,1,RBF-SVM,-0.9035139165631376,-0.9035139165631376,-1.8006280749535128,0.02,-0.8576017836038018,0,0,0,0
456,237232,1.98,0,0.101681285407699,1,RBF-SVM,-1.066463783283878,-1.066463783283878,-2.159148488988384,0.045,-1.1472812605265186,0,0,0,0
456,150859,36.0,0,-1.2905643476625985,0,RBF-SVM,-1.3048891574575106,-1.3048891574575106,-3.072726945044776,0.135,-0.9421464095279332,0,0,0,0
456,189306,1.0,0,-1.025180148687169,0,RBF-SVM,-1.2679154052833888,-1.2679154052833888,-2.591521194106868,0.25,-0.6159392962870011,0,0,0,0
456,95583,90.8,0,0.1432450029093765,1,RBF-SVM,-0.2287336965254551,-0.2287336965254551,-1.6380758213267006,0.45,-0.004709351985369925,0,0,0,0
456,268196,14.29,0,-0.8403293430944359,0,RBF-SVM,-0.8281040720312149,-0.8281040720312149,-1.0385072905348083,0.035,-0.7998485909884259,0,0,0,0
456,5204,424.49,0,-0.3040067783205124,0,RBF-SVM,-1.07173438291752,-1.07173438291752,-4.724887640613066,0.085,-0.6071790531641041,0,0,0,0
456,144925,20.0,0,-0.09051297644535955,0,RBF-SVM,-0.6070655227110657,-0.6070655227110657,-0.3525646743455767,0.475,-0.5362440971741564,0,0,0,0
456,253497,5.42,0,-0.8793547925651988,0,RBF-SVM,-1.4602233232110557,-1.4602233232110557,-5.437679050619986,0.07,-0.776811490136812,0,0,0,0
456,43204,106.55,1,0.21252958837279093,1,RBF-SVM,0.24209752737946874,0.24209752737946874,29.501998571141122,0.945,0.17401808826413517,1,1,1,1
456,235101,189.16,0,-1.2381613732458328,0,RBF-SVM,-1.6089376887711542,-1.6089376887711542,-5.114517613018885,0.03,-1.1325480153626044,0,0,0,0
456,29154,795.26,0,-0.683214968057007,0,RBF-SVM,-1.1838644422364344,-1.1838644422364344,-5.945573290792104,0.135,-0.3994408759284791,0,0,0,0
456,33276,12.31,1,0.34199904945538023,1,RBF-SVM,0.18802556696161005,0.18802556696161005,-1.086862481630905,0.965,0.16251087939310074,1,0,1,1
456,272250,238.0,0,-0.5039198405690046,0,RBF-SVM,-0.7503787136625348,-0.7503787136625348,-0.8453358814739725,0.19,-1.117752010957913,0,0,0,0
456,243765,161.0,0,-1.177308122893091,0,RBF-SVM,-1.5499896196445964,-1.5499896196445964,-4.520582265702793,0.035,-1.1565617823988878,0,0,0,0
456,43147,23.5,0,-0.7268972510789014,0,RBF-SVM,-1.188415238464599,-1.188415238464599,-2.073168790583868,0.055,-0.7739274600687549,0,0,0,0
456,230949,8.0,0,-0.8082924737563402,0,RBF-SVM,-1.5603886449422486,-1.5603886449422486,-4.509551392989756,0.025,-1.0885395204339416,0,0,0,0
456,134925,28.2,0,-1.1816149641035356,0,RBF-SVM,-0.9410131609327084,-0.9410131609327084,-1.2125201077682513,0.03,-0.9898674089179426,0,0,0,0
456,261925,156.0,1,-0.09802989142073504,0,RBF-SVM,0.12033348815332129,0.12033348815332129,5.0178981276330274,0.785,0.5110348726293492,0,1,1,1
456,247995,51.37,1,0.6786282902542016,1,RBF-SVM,1.4523474182486364,1.4523474182486364,7.37537073830824,1.0,1.2974722249638013,1,1,1,1
456,281167,1.89,0,0.3666069102234265,1,RBF-SVM,0.0383695781204485,0.0383695781204485,0.6137631130983717,0.405,-1.0307338035371565,0,0,0,0
456,269535,286.0,0,-0.9817130520786461,0,RBF-SVM,-1.3170282362440944,-1.3170282362440944,-3.084639772076421,0.02,-1.3704638999874805,0,0,0,0
456,151618,3.89,0,-0.47485706734020544,0,RBF-SVM,-0.854840273651607,-0.854840273651607,-0.7597696424533954,0.235,0.3230346364346145,0,0,0,1
456,265768,10.0,0,-1.1407247228240636,0,RBF-SVM,-1.0147725747081384,-1.0147725747081384,-1.7299825462499796,0.01,-1.24442136826735,0,0,0,0
456,137751,1.0,0,-1.2306834557578261,0,RBF-SVM,-1.2593016635284238,-1.2593016635284238,-2.92323203774956,0.07,-1.1640441717271308,0,0,0,0
456,148043,17.3,0,-0.9810826596418176,0,RBF-SVM,-0.9171508542008271,-0.9171508542008271,-1.4426046528326126,0.09,-0.5795124717168152,0,0,0,0
456,39313,75.31,0,0.6433373651724985,1,RBF-SVM,-0.677355064683721,-0.677355064683721,-1.0462357901786863,0.27,-0.5113461676051251,0,0,0,0
456,68825,27.57,0,-1.0992420645246566,0,RBF-SVM,-1.1070089486314185,-1.1070089486314185,-1.4261352837734855,0.055,-0.939119224042639,0,0,0,0
456,70339,109.47,0,-1.101349871231797,0,RBF-SVM,-1.0539876101198915,-1.0539876101198915,-1.818906326311557,0.05,-1.5311392254986864,0,0,0,0
456,44568,10.0,0,-1.3538904779087353,0,RBF-SVM,-1.21218523054173,-1.21218523054173,-2.3887418963950764,0.115,-0.9161594540001449,0,0,0,0
456,168606,0.01,0,0.06622139924588916,1,RBF-SVM,-1.1626324388533833,-1.1626324388533833,-2.434649756204385,0.15,-0.049078938711426656,0,0,0,0
456,24939,69.9,0,-1.4860736266963213,0,RBF-SVM,-1.4830944381791222,-1.4830944381791222,-3.6323574960223834,0.005,-1.174481767706879,0,0,0,0
456,173325,4.0,0,-1.0663652420279925,0,RBF-SVM,-1.3017371920934653,-1.3017371920934653,-2.710561156398467,0.06,-1.2185460125336296,0,0,0,0
456,278197,214.96,0,-0.9474596860396303,0,RBF-SVM,-1.4795767146704817,-1.4795767146704817,-3.5343421681745792,0.16,-1.0403653853789327,0,0,0,0
456,18987,6.28,0,-1.2073260748503483,0,RBF-SVM,-0.9659284524774778,-0.9659284524774778,-2.4406275539445073,0.14,-0.9669793000754027,0,0,0,0
456,61004,4.0,0,-1.0831487352853229,0,RBF-SVM,-0.9657223214046091,-0.9657223214046091,-2.0789907091954425,0.02,-1.5612930100807927,0,0,0,0
456,284524,0.99,0,-0.9410306394305723,0,RBF-SVM,-1.282684866982118,-1.282684866982118,-2.8849830296663357,0.0,-1.498133659072296,0,0,0,0
456,34267,56.97,0,-1.0104259393168575,0,RBF-SVM,-1.3266415827360654,-1.3266415827360654,-3.229333956684835,0.075,-1.2088171188619778,0,0,0,0
456,280143,0.76,1,0.8245794419878174,1,RBF-SVM,1.8084132895132754,1.8084132895132754,7.719466583358884,0.995,0.8316525496890833,1,1,1,1
456,208726,17.99,0,-0.44896368400699743,0,RBF-SVM,-1.2755705652455176,-1.2755705652455176,-3.6691921924617694,0.065,-0.4965301675411873,0,0,0,0
456,102442,1.0,1,0.21414312061454094,1,RBF-SVM,0.4444994324007329,0.4444994324007329,18.99662437438924,0.99,0.16244061051724945,1,1,1,1
456,162549,39.99,0,-1.1985565557697797,0,RBF-SVM,-1.5793925588277127,-1.5793925588277127,-4.138535597830745,0.03,-0.4804154323236196,0,0,0,0
456,221188,189.66,0,1.1273846946088637,1,RBF-SVM,-0.8571069843884205,-0.8571069843884205,-2.038486392870873,0.34,-0.9691869142825446,0,0,0,0
456,6446,1.0,1,0.5831015428457911,1,RBF-SVM,1.6175340440925945,1.6175340440925945,9.982352950251917,0.995,0.8857409923178323,1,1,1,1
456,234632,1.59,1,0.49944114021679553,1,RBF-SVM,1.8521889658614183,1.8521889658614183,9.452454289292207,0.995,1.3767806066683277,1,1,1,1
456,60145,130.25,0,-0.7259675844235176,0,RBF-SVM,-1.558079948725047,-1.558079948725047,-3.521739628231946,0.01,-1.3114481014602046,0,0,0,0
456,58225,1.0,0,-0.06355882355588749,0,RBF-SVM,-0.851780116373603,-0.851780116373603,-1.2659077054876828,0.05,-0.4407431552532949,0,0,0,0
456,73975,11.38,0,-0.8537204931801639,0,RBF-SVM,-0.97894930945885,-0.97894930945885,-0.9589350248596961,0.125,-0.8602412950626958,0,0,0,0
456,143731,240.77,1,0.7628036822487463,1,RBF-SVM,2.6267891298935706,2.6267891298935706,14.508827823106895,0.96,0.6090061912234741,1,1,1,1
456,10690,1218.89,1,0.37165709719703977,1,RBF-SVM,0.0880167515903256,0.0880167515903256,9.801614287496985,0.9,0.16244061051724945,0,1,1,1
456,34786,214.93,0,-0.9418784926900439,0,RBF-SVM,-1.325141880506626,-1.325141880506626,-3.1139643287185637,0.13,-1.2434591638157637,0,0,0,0
456,142019,1.0,0,-1.313825167733541,0,RBF-SVM,-1.515059448194309,-1.515059448194309,-4.949943655636347,0.035,-1.253313470082741,0,0,0,0
456,31713,66.28,0,-1.023169651545794,0,RBF-SVM,-0.6500965544111446,-0.6500965544111446,-1.3684059854931196,0.14,-1.0933921106137383,0,0,0,0
456,106735,84.55,0,-0.9550440325744167,0,RBF-SVM,-1.3440493767336303,-1.3440493767336303,-3.487856452572515,0.025,-1.1977834276436048,0,0,0,0
456,109692,20.0,0,-0.3582017895114585,0,RBF-SVM,-1.0181878595010734,-1.0181878595010734,-3.525035344641689,0.335,-0.027183047857090303,0,0,0,0
456,105,9.47,0,-1.1962329580179238,0,RBF-SVM,-1.777834686833671,-1.777834686833671,-5.167986338781639,0.035,-0.8586033371023846,0,0,0,0
456,95935,7.57,0,0.7813962653846558,1,RBF-SVM,-0.8336900688478532,-0.8336900688478532,-1.3727952210654357,0.25,-0.22294810810010063,0,0,0,0
456,187333,66.0,0,-1.105157740453536,0,RBF-SVM,-1.6533016819508128,-1.6533016819508128,-3.9923563270726583,0.01,-1.1939303428692845,0,0,0,0
456,6734,1.0,1,0.6210679072470695,1,RBF-SVM,1.9302845786997425,1.9302845786997425,12.724582146529784,0.98,0.8585076368721097,1,1,1,1
456,181966,40.0,1,0.4255344667882489,1,RBF-SVM,0.8079642996745269,0.8079642996745269,4.551450904390076,0.91,0.7599591025949983,1,1,1,1
456,102750,8.99,0,-0.9868539360810438,0,RBF-SVM,-1.2909629808092786,-1.2909629808092786,-3.2181289812657603,0.045,-1.2981331076684648,0,0,0,0
456,88636,322.0,0,-0.5934326549823841,0,RBF-SVM,-1.179088455721822,-1.179088455721822,-3.0350019664914396,0.105,-1.2378483988688838,0,0,0,0
456,153835,1.0,1,0.3150473575468465,1,RBF-SVM,0.42864369748399755,0.42864369748399755,49.95026766928207,0.86,0.17005226447032695,1,1,1,1
456,6820,1.0,1,1.0494846000511326,1,RBF-SVM,2.840815001413902,2.840815001413902,14.272541459404502,0.995,0.8981781949939949,1,1,1,1
456,151519,1.63,1,0.40415995585487496,1,RBF-SVM,0.4215550509950968,0.4215550509950968,43.292598265040084,0.82,0.16245531744655098,1,1,1,1
456,14367,4.45,0,-1.1181946083615684,0,RBF-SVM,-1.1028946172594316,-1.1028946172594316,-2.329395920656094,0.01,-1.2263264395152098,0,0,0,0
456,251798,813.45,0,-0.5395659682261809,0,RBF-SVM,-1.1362694419750614,-1.1362694419750614,-6.201508626239725,0.145,-0.44635308697941045,0,0,0,0
456,147605,9.21,1,-0.1443925428619115,0,RBF-SVM,-0.5764480518976427,-0.5764480518976427,0.14562751409364372,0.42,0.7201906557001413,0,0,0,1
456,176254,9.9,0,-1.4146768757442325,0,RBF-SVM,-1.516193366057865,-1.516193366057865,-3.801321738386948,0.02,-0.7132270100724803,0,0,0,0
456,155402,75.0,0,-1.071463986893888,0,RBF-SVM,-1.3200884814184302,-1.3200884814184302,-3.298275401728797,0.005,-0.7427508300749551,0,0,0,0
456,185109,70.2,0,-0.9850929356326776,0,RBF-SVM,-1.5402286743997675,-1.5402286743997675,-3.849680366569665,0.015,-1.3907046695950789,0,0,0,0
456,204167,75.99,0,-0.8287324510520602,0,RBF-SVM,-1.4806275611214585,-1.4806275611214585,-4.016351908583458,0.03,-0.1497785961412586,0,0,0,0
456,45854,9.95,0,-0.3251144895997869,0,RBF-SVM,-1.729524477949625,-1.729524477949625,-4.305583894642225,0.02,-0.6273112050454385,0,0,0,0
456,51104,25.0,0,-0.5568260460478274,0,RBF-SVM,-1.090723864500516,-1.090723864500516,-1.6278410722438323,0.025,-0.7980297299319479,0,0,0,0
456,36973,45.0,0,-1.192707417706978,0,RBF-SVM,-1.3996308261444017,-1.3996308261444017,-2.9803813373128025,0.02,-0.8601421222998898,0,0,0,0
456,73175,69.45,0,-1.3223542600535656,0,RBF-SVM,-1.2891233193046552,-1.2891233193046552,-2.955079764658645,0.0,-1.264286797883749,0,0,0,0
456,219273,74.0,0,-1.0733543032579296,0,RBF-SVM,-1.2779277606459793,-1.2779277606459793,-2.060000044923013,0.03,-1.4309943870238735,0,0,0,0
456,64027,28.0,0,-0.9371054819955775,0,RBF-SVM,-1.1475341838996675,-1.1475341838996675,-2.503859504569506,0.0,-1.1408382383313165,0,0,0,0
456,150668,188.52,1,0.7157892017502979,1,RBF-SVM,1.4178174977285034,1.4178174977285034,34.04172770931285,0.985,0.2945561373603206,1,1,1,1
789,218653,1.29,0,-0.4112769826465241,0,Random forest,0.065,-1.057474856352184,-1.9811829881785283,0.065,-0.831460241488889,0,0,0,0
789,176794,7.55,0,-1.0609526690782682,0,Random forest,0.005,-1.1557857844933646,-2.697546955245479,0.005,-0.8868282284489089,0,0,0,0
789,187833,47.85,0,-1.1874320893796055,0,Random forest,0.0,-1.4595324479783687,-2.4570550371296647,0.0,-1.6174183499401034,0,0,0,0
789,196318,2.56,0,-0.47186982668165656,0,Random forest,0.29,-0.6799258402625183,-0.7160976487594182,0.29,-0.288860750887471,0,0,0,0
789,160900,0.89,0,-1.233808433266272,0,Random forest,0.0,-1.3578257746638578,-2.5491743995620215,0.0,-1.0524045830100517,0,0,0,0
789,112383,1.29,0,-0.9660955551470904,0,Random forest,0.075,-1.0977919703748624,-1.8139952900654677,0.075,-1.4673829995219658,0,0,0,0
789,127724,46.0,0,-0.892197763135703,0,Random forest,0.005,-1.2599463560181763,-2.8113845129462076,0.005,-1.0107949084135228,0,0,0,0
789,234730,40.98,0,-0.8383311718561464,0,Random forest,0.0,-1.205686724950499,-2.68695850670848,0.0,-0.8867950335678318,0,0,0,0
789,29596,6.03,0,-0.8536888139529624,0,Random forest,0.0,-1.2668358611210426,-2.9748613493953497,0.0,-0.7317162070494891,0,0,0,0
789,108394,245.7,0,-0.9577812860138322,0,Random forest,0.02,-1.5813049775151138,-3.7027916045073956,0.02,-1.1810813006677865,0,0,0,0
789,122174,124.5,0,-1.0793343145153336,0,Random forest,0.025,-1.2000693084917355,-2.640214360009319,0.025,-1.2445827993781404,0,0,0,0
789,13444,29.0,0,-0.5745374785846102,0,Random forest,0.01,-1.1124960091383358,-2.7228741193946795,0.01,-0.7668164330538834,0,0,0,0
789,252774,0.77,1,0.5698867141220311,1,Random forest,0.98,2.772584231514193,12.085415888051882,0.98,0.864952236466991,1,1,1,1
789,97585,20.1,0,-0.17725894606141657,0,Random forest,0.035,-1.5439263050145986,-4.834616420186108,0.035,-0.7762676747256627,0,0,0,0
789,264382,1.29,0,0.17119415222976636,0,Random forest,0.19,-0.8434135886259122,-1.633239302834447,0.19,-0.20937846193937282,0,0,0,0
789,52277,11.99,0,-1.031627130905048,0,Random forest,0.0,-1.1510489564876745,-2.577466157237943,0.0,-1.466379569517069,0,0,0,0
789,237461,7.36,0,-0.8908885027056053,0,Random forest,0.015,-1.1309011314670763,-2.0578812832167865,0.015,-1.1832049745383277,0,0,0,0
789,253461,32.18,0,-1.236345517607072,0,Random forest,0.155,-1.0632499225514132,-1.251897172733062,0.155,-0.7425848600237619,0,0,0,0
789,180936,1.39,0,-0.7983898354193764,0,Random forest,0.135,-1.208799048012794,-2.3939409856623897,0.135,-0.8886736475101511,0,0,0,0
789,126771,4.99,0,-0.8387775229277754,0,Random forest,0.005,-1.5725773045807936,-5.1119954429756955,0.005,-0.8098747036388969,0,0,0,0
789,264670,2.69,0,-0.6078189205337814,0,Random forest,0.03,-0.8845376175043447,-1.5835989509767432,0.03,-0.8390680477918566,0,0,0,0
789,124211,8.99,0,-0.9783333715206937,0,Random forest,0.04,-0.9936023040316047,-1.730254053440054,0.04,-1.770772377116256,0,0,0,0
789,79087,10.31,0,-0.5963868110980641,0,Random forest,0.01,-1.4902215759577884,-5.585575562286471,0.01,-0.7387679838968915,0,0,0,0
789,45599,0.76,0,-0.4123911437455652,0,Random forest,0.085,-0.43028721155594174,-0.8210106411137936,0.085,-1.0498553731737652,0,0,0,0
789,142405,12.31,1,0.7739359811089461,1,Random forest,0.98,3.4876307448828934,13.237055802451424,0.98,0.7815509221008595,1,1,1,1
789,72985,61.98,0,-1.1196266505006576,0,Random forest,0.0,-1.4686722319681194,-3.1387672083491176,0.0,-1.2432002570503295,0,0,0,0
789,146874,12.29,0,-1.2010122139651302,0,Random forest,0.0,-1.9991758893940175,-4.26695996715237,0.0,-0.7787393948882959,0,0,0,0
789,163031,260.86,0,0.16242177662672513,0,Random forest,0.01,-1.3254449081354533,-4.729975654952299,0.01,0.10791864401064438,0,0,0,0
789,91671,290.18,1,-0.5056555955457831,0,Random forest,0.045,-1.4192934139220459,-3.233391774375583,0.045,-0.7033767029244276,0,0,0,0
789,204064,345.0,1,0.38023927097276594,1,Random forest,0.87,0.6271064110141149,2.759492401526552,0.87,0.5303441396310025,1,1,1,1
789,45474,4.0,0,-1.133823126300614,0,Random forest,0.0,-1.1595954135684707,-2.28702809200763,0.0,-1.2283759018088711,0,0,0,0
789,23982,170.64,0,-0.794531321607052,0,Random forest,0.115,-1.0595431569539564,-2.2177112372183747,0.115,-1.1477568654536976,0,0,0,0
789,158940,19.99,0,-0.7491662996837605,0,Random forest,0.005,-0.8892135382915598,-2.4827402541447445,0.005,-0.7708289223482414,0,0,0,0
789,150715,11.4,1,0.5348789731430501,1,Random forest,0.985,1.5725542156600518,24.122435695494353,0.985,0.5964192755932919,1,1,1,1
789,108258,0.76,1,-0.7573238614605975,0,Random forest,0.04,-1.0472083971178672,-1.5517380978760649,0.04,-0.5445290939424146,0,0,0,0
789,278293,0.89,0,-1.0397908706550445,0,Random forest,0.0,-1.266247094341493,-2.3209828919365587,0.0,-1.722118529568788,0,0,0,0
789,87509,95.77,0,-0.32671297466857785,0,Random forest,0.02,-1.2124646495396185,-2.7291286889177213,0.02,-0.14760453353414682,0,0,0,0
789,80855,1299.0,0,0.6156163101245151,1,Random forest,0.41,-0.5645177335717504,-6.12508634870633,0.41,0.27888899970098546,0,0,0,0
789,30641,15.21,0,-0.4045147830974336,0,Random forest,0.055,-1.0490497328003967,-2.7232663481263573,0.055,-0.03512523904990028,0,0,0,0
789,12745,89.47,0,0.42063656985902553,1,Random forest,0.355,-0.5671368228862097,-1.2254723656000583,0.355,-0.2720211060665274,0,0,0,0
789,193401,3.79,0,-1.1102487528279128,0,Random forest,0.0,-1.137128081843762,-1.750373039694869,0.0,-0.8129437470370757,0,0,0,0
789,54274,81.88,0,-0.30231981279839926,0,Random forest,0.07,-1.5765519501947207,-5.466800374966027,0.07,0.19247597738648747,0,0,0,0
789,181966,40.0,1,0.6875764426045402,1,Random forest,0.985,0.897846644067722,3.265482521896018,0.985,0.21010880492634404,1,1,1,0
789,102405,1.29,0,-1.051833244247898,0,Random forest,0.0,-1.1036321042345814,-2.5374961166462224,0.0,-1.4750654167863462,0,0,0,0
789,121648,136.18,0,-0.8849810705386889,0,Random forest,0.095,-1.2023245509355844,-2.6329850408254183,0.095,-1.4718553536105423,0,0,0,0
789,151011,1.0,1,0.6388567392056197,1,Random forest,0.985,1.1175871809098377,25.682631275567346,0.985,0.6084243466088914,1,1,1,1
789,208456,8.36,0,-1.1097138319389526,0,Random forest,0.01,-1.6571435796354061,-4.274462947962044,0.01,-0.8609785299526307,0,0,0,0
789,164180,1.29,0,-1.0427114021214277,0,Random forest,0.0,-1.287183495780453,-2.380928403471659,0.0,-1.7172084075300105,0,0,0,0
789,241959,18.96,0,0.3474664403519426,1,Random forest,0.315,-0.645299290909324,-1.3411044625647346,0.315,0.29990364140661485,0,0,0,0
789,42856,173.07,1,0.6278903282533087,1,Random forest,0.96,1.2576826835226618,21.313800976140477,0.96,0.5681501153978653,1,1,1,1
789,215743,15.0,0,-0.9142589736110467,0,Random forest,0.05,-1.252252553782083,-2.606848109213059,0.05,-0.4724809397690266,0,0,0,0
789,281144,245.0,1,0.6099710346924861,1,Random forest,0.97,1.683342350249952,5.6276865987499045,0.97,0.8195712705918199,1,1,1,1
789,6669,9.8,0,-0.16161906714376162,0,Random forest,0.035,-0.6812483088508892,-1.5552597490762978,0.035,0.30396351902642826,0,0,0,0
789,239949,9.99,0,0.039541474822486045,0,Random forest,0.015,-0.8708783011742656,-1.6398649235407552,0.015,-0.6487836090526953,0,0,0,0
789,42702,13.28,0,-0.5492736871562374,0,Random forest,0.06,-0.6781615472105431,-1.5421807791461375,0.06,-0.6527811155980505,0,0,0,0
789,101509,320.0,1,-1.0621385910177974,0,Random forest,0.005,-1.6453253839227895,-3.9887832837931985,0.005,-0.4485233877185534,0,0,0,0
789,214463,23.99,0,-1.149855563442376,0,Random forest,0.05,-1.0350231897666726,-1.7705031679902246,0.05,-1.4487997793168572,0,0,0,0
789,61888,99.0,0,-0.5368137768645418,0,Random forest,0.41,-0.5732673872646246,-1.9951272953376844,0.41,-0.3728155575387806,0,0,0,0
789,265922,1.98,0,-0.13547327311072288,0,Random forest,0.115,-0.5613003850810101,-1.8273236491918576,0.115,-0.002768846535895375,0,0,0,0
789,49055,153.67,0,-0.13765423109745523,0,Random forest,0.02,-1.4933872092495284,-2.5170822771837518,0.02,-1.2128953167155236,0,0,0,0
789,154088,15.95,0,-1.0629578737925547,0,Random forest,0.015,-1.2765431683114052,-2.5099677878407447,0.015,-0.8190769070601409,0,0,0,0
789,9805,15.95,0,-0.4152537657514108,0,Random forest,0.085,-0.736948469898626,-1.0257129846838955,0.085,-0.7219972324480857,0,0,0,0
789,141260,512.25,1,1.0003091695696038,1,Random forest,0.985,1.7441381059606478,13.49771987789875,0.985,1.0000355498845843,1,1,1,1
789,75223,157.33,0,-1.0988876539872061,0,Random forest,0.0,-1.2868156450962076,-2.3182983699433377,0.0,-1.06816614921873,0,0,0,0
789,147548,1.18,1,0.48582403798673385,1,Random forest,0.97,1.5749596862268649,7.010934500464821,0.97,0.5510815840000979,1,1,1,1
789,98533,64.99,0,-1.1256135804003433,0,Random forest,0.005,-1.5142453642986597,-3.0336972375617663,0.005,-1.6804227207411695,0,0,0,0
789,256516,10.0,0,-1.121960470200699,0,Random forest,0.0,-1.399416782900903,-3.0957093403128,0.0,-1.5757864521292704,0,0,0,0
789,224135,8.98,0,-1.098647171788071,0,Random forest,0.005,-1.3909366665094949,-2.7542768844022896,0.005,-1.6575855137736668,0,0,0,0
789,69577,51.49,0,-1.1994588752274644,0,Random forest,0.01,-1.1151359390891538,-1.5870228520027008,0.01,-0.9849472209913257,0,0,0,0
789,200701,31.5,0,-0.4458421277011635,0,Random forest,0.55,-0.9793100715419378,-1.210550262139355,0.55,-0.49131268264252825,0,0,0,0
789,88897,1.1,1,-0.010589400472449384,0,Random forest,0.96,2.1855892985702416,9.176438612932067,0.96,0.6307877294541571,1,1,1,1
789,283750,54.51,0,-0.879344254787743,0,Random forest,0.005,-1.8076855656941346,-4.920555387573797,0.005,-0.5921626731723377,0,0,0,0
789,32041,9.99,0,-0.8485746749807308,0,Random forest,0.0,-1.09866378437149,-2.7678408762454456,0.0,-1.2792111302951341,0,0,0,0
789,41114,215.09,0,-0.26716487648245624,0,Random forest,0.1,-0.9205567255808067,-3.916215527730287,0.1,-0.14391771921365526,0,0,0,0
789,84141,0.89,0,-1.0300506060692558,0,Random forest,0.005,-1.1066290175937576,-2.3119428790784706,0.005,-1.5297874750708171,0,0,0,0
789,240593,193.33,0,-0.6463218695815316,0,Random forest,0.01,-1.588910955797622,-4.197710767542372,0.01,-0.334324536189781,0,0,0,0
789,117212,11.94,0,-0.8823152039318871,0,Random forest,0.06,-0.9944684323337853,-2.2808373063877885,0.06,-1.4526060380425492,0,0,0,0
789,75511,170.92,1,0.5948318956304439,1,Random forest,0.94,1.2234681967716872,3.077217707339234,0.94,0.7157898661759384,1,1,1,1
789,264443,18.6,0,-1.1605009172966978,0,Random forest,0.0,-1.513066683226141,-3.125865716774254,0.0,-1.5737000030671413,0,0,0,0
789,21513,15.98,0,-0.9064325655347212,0,Random forest,0.02,-1.2510080854671115,-2.5559667551522094,0.02,-1.0004770604748043,0,0,0,0
789,223298,39.85,0,-0.003640542595830465,0,Random forest,0.04,-1.2938783708872965,-5.031576758249996,0.04,-0.18355725567227188,0,0,0,0
789,135741,1.79,0,-0.7126354492303812,0,Random forest,0.01,-0.9288396662849101,-2.2186485001116645,0.01,-1.064547461042189,0,0,0,0
789,253298,15.0,0,-1.0736713133987614,0,Random forest,0.145,-1.129748549683595,-2.7905058318744502,0.145,-1.0942652168525717,0,0,0,0
789,8864,8.99,0,-0.7462552142148011,0,Random forest,0.125,-0.7308627248573079,-1.4302667336676858,0.125,-1.1088772778113627,0,0,0,0
789,253267,12.4,0,0.2618174597191699,0,Random forest,0.345,0.6448265778746513,-3.6841837751102546,0.345,0.54644377008228,1,0,0,1
789,189918,50.0,0,-1.20208757281985,0,Random forest,0.0,-1.4774066232642362,-2.552560580260893,0.0,-1.7087489795836093,0,0,0,0
789,6278,94.12,0,-1.1764942608853373,0,Random forest,0.0,-1.4165311576426929,-2.677461022961098,0.0,-1.151080918890154,0,0,0,0
789,202913,50.33,0,-0.6334360708830393,0,Random forest,0.02,-0.7334626531839092,-0.9805470588263299,0.02,-0.5345495440413455,0,0,0,0
789,21549,29.85,0,-0.6165263848863545,0,Random forest,0.03,-0.8618689028469817,-1.3706975029751,0.03,-0.7430066781952294,0,0,0,0
789,130415,163.95,0,-1.1135492847754662,0,Random forest,0.01,-1.3169032135214416,-2.485794980011027,0.01,-1.2308951893077342,0,0,0,0
789,153690,79.95,0,-0.29514665025405096,0,Random forest,0.045,-1.4325206699511164,-2.508429729563487,0.045,-0.27898734078135035,0,0,0,0
789,211020,10.94,0,-0.8993440490602185,0,Random forest,0.005,-1.3727686944842896,-2.9115598888614773,0.005,-0.92442768836971,0,0,0,0
789,58761,1.0,1,-0.5226579189013119,0,Random forest,0.14,-0.9138148752112383,-2.3216367352550087,0.14,-0.726579371475556,0,0,0,0
789,149145,6.99,1,0.4769774405187431,1,Random forest,0.16,0.14048860196009894,-4.1076724330706,0.16,0.5208997826765059,0,0,0,1
789,25292,9.95,0,-0.4046772992625096,0,Random forest,0.0,-0.9142706471426634,-3.619097576767184,0.0,-0.8771662767606943,0,0,0,0
789,10690,1218.89,1,0.6000452371841503,1,Random forest,0.955,0.5413589858373653,16.935639691480386,0.955,0.5464738543306118,1,1,1,1
789,98702,4.99,0,-1.1635175912835334,0,Random forest,0.005,-1.3764030534878702,-3.5917915103788602,0.005,-1.6882294526680632,0,0,0,0
789,150881,1.5,0,-0.6115849512571878,0,Random forest,0.005,-1.008888849829057,-2.537511334788649,0.005,-0.7594674195570956,0,0,0,0
789,123201,1.0,1,0.3885781387753996,1,Random forest,0.505,0.023465885288498134,-0.5382861551336944,0.505,-0.030536724766172307,0,0,0,0
789,33895,33.6,0,-0.9537290993645948,0,Random forest,0.01,-1.3271485083792005,-2.7530344844592056,0.01,-0.5647842786691188,0,0,0,0
789,8392,78.1,0,-0.7088367619751357,0,Random forest,0.0,-1.202714635834295,-2.5096911729070395,0.0,-0.5889595040414617,0,0,0,0
789,115318,6.99,0,-1.0137712979771114,0,Random forest,0.0,-1.2317700482103684,-2.3772137075416024,0.0,-1.2499138121713838,0,0,0,0
789,200104,200.0,0,-0.1533920244454987,0,Random forest,0.07,-1.2626671606638828,-2.80987542133019,0.07,-0.028122616305786496,0,0,0,0
789,39335,15.18,0,-0.7566881657939633,0,Random forest,0.025,-0.7866353051872903,-1.5638369276712951,0.025,-0.6261016062298119,0,0,0,0
789,284136,63.9,0,-0.9043228322548265,0,Random forest,0.015,-1.0091677926007032,-2.1827115633192533,0.015,-0.8781886314178655,0,0,0,0
789,68633,1.18,1,-0.899489607902684,0,Random forest,0.005,-1.0893734526948624,-2.7237978268821057,0.005,-1.055385672601538,0,0,0,0
789,187727,1.0,0,0.4664941743603596,1,Random forest,0.405,0.6428324613228374,-5.397466179630601,0.405,0.5464744323756084,1,0,0,1
789,200044,93.66,0,-0.9638380562308693,0,Random forest,0.035,-1.099605231143417,-2.139267612993222,0.035,-1.3310223634637761,0,0,0,0
789,243226,13.92,0,-0.771120460157408,0,Random forest,0.135,-1.2507943734350244,-2.6478126950598098,0.135,-0.6933386505770387,0,0,0,0
789,281340,209.9,0,-0.20475031986531,0,Random forest,0.025,-1.7210382203898578,-3.376527105427008,0.025,-0.45170105383207027,0,0,0,0
789,202098,15.0,0,-1.0996873844348567,0,Random forest,0.0,-1.209907093006522,-2.3722500397676627,0.0,-1.34549172480158,0,0,0,0
789,149895,1.98,0,-0.7003589022828849,0,Random forest,0.0,-1.357089770482663,-3.1783597796817653,0.0,-0.7849711829949921,0,0,0,0
789,101381,33.99,0,-1.0525947100806565,0,Random forest,0.0,-1.277753258658665,-2.605967073490804,0.0,-1.2839430264871072,0,0,0,0
789,263370,1.0,0,-0.20561959998634083,0,Random forest,0.23,-0.3852181438236173,-0.9015509227064546,0.23,-0.4628455156067166,0,0,0,0
789,117168,1.29,0,-0.9140348572884731,0,Random forest,0.01,-1.1468291626510851,-2.339502506234282,0.01,-1.709992542281321,0,0,0,0
789,180136,6.79,0,-0.3026257686884414,0,Random forest,0.075,-0.7046246600127379,-1.429568957771081,0.075,-0.4358199014198243,0,0,0,0
789,134845,2.46,0,0.13198496730967652,0,Random forest,0.34,-0.8266087831208824,-2.394920416046746,0.34,-0.2863904020204435,0,0,0,0
789,140400,98.5,0,-0.9766393633561654,0,Random forest,0.015,-1.5433619830889997,-3.2468836868415676,0.015,-0.6587215048650659,0,0,0,0
789,91092,81.2,0,0.2883242558530777,0,Random forest,0.255,-0.6029099283957786,-3.6383211769301194,0.255,0.2756968230900904,0,0,0,0
789,259326,20.0,0,-1.2145148766658782,0,Random forest,0.0,-1.5572372489772006,-3.4833615783979774,0.0,-1.5820648199777523,0,0,0,0
789,38041,22.9,0,-1.1116319985461298,0,Random forest,0.015,-1.1271864559439122,-2.6944168526934784,0.015,-1.2817089959038483,0,0,0,0
789,234705,0.0,1,0.5282136594696871,1,Random forest,0.97,1.7989258893165008,6.270630661423753,0.97,0.8192925027649219,1,1,1,1
789,96121,5.99,0,0.1037583530229762,0,Random forest,0.655,-0.7128665719141758,0.10125751051348159,0.655,0.5294723669418449,0,1,0,1
789,166642,11.09,0,-1.0241745771074355,0,Random forest,0.0,-1.4884757012458458,-2.6633703819274697,0.0,-1.5252274875852585,0,0,0,0
789,4662,3.79,0,-0.8684317103790413,0,Random forest,0.01,-1.004114320295937,-2.1759667414437818,0.01,-0.9147844194541195,0,0,0,0
789,116780,6.4,0,-0.8768261754415754,0,Random forest,0.035,-1.1477034409428006,-1.2786603603299567,0.035,-1.1993482045527486,0,0,0,0
789,98440,15.0,0,-0.6872476876976887,0,Random forest,0.005,-0.9942701898339827,-3.14139552883965,0.005,-1.315943482593956,0,0,0,0
789,250761,0.77,1,0.6793153172459004,1,Random forest,0.99,2.5739776785678483,12.326799917935421,0.99,0.8391444738821598,1,1,1,1
789,101944,13.41,0,-1.0290554748972829,0,Random forest,0.0,-1.424042762109971,-3.0061031881177303,0.0,-1.0899327425629197,0,0,0,0
789,61366,104.56,0,-0.8058100617426129,0,Random forest,0.11,-0.8916884474286049,-2.0921340486768054,0.11,-0.4040850656597821,0,0,0,0
789,27942,54.99,0,-1.0523865401168289,0,Random forest,0.01,-1.3291375187843857,-2.2561597706995555,0.01,-1.0342834659297129,0,0,0,0
789,26663,16.66,0,-1.085535594482022,0,Random forest,0.0,-1.0192499438858598,-2.0147622317802947,0.0,-1.1234014838764237,0,0,0,0
789,58329,14.26,0,-0.8320567113337733,0,Random forest,0.06,-1.7198667188885255,-4.601283434501838,0.06,-0.6883176330813263,0,0,0,0
789,27350,50.0,0,-0.7630797118393313,0,Random forest,0.02,-1.222822427266988,-2.391150883983548,0.02,-0.6355253858775936,0,0,0,0
789,231454,3552.96,0,0.27993685044503924,0,Random forest,0.425,0.5347062113186626,-25.364915563742912,0.425,0.5464738543306118,1,0,0,1
789,189081,96.0,0,-0.4509901837753669,0,Random forest,0.01,-2.0072037338265982,-5.038952050264445,0.01,-0.5834374762845485,0,0,0,0
789,203947,48.0,0,-1.111118662309905,0,Random forest,0.005,-1.2848653402753423,-2.799695758320137,0.005,-0.9800585913325608,0,0,0,0
789,251410,26.95,0,-0.8981994297555032,0,Random forest,0.0,-1.571608966336543,-3.928784173323179,0.0,-1.301315603670497,0,0,0,0
789,135873,15.0,0,-1.0543220403233509,0,Random forest,0.01,-1.2622842933377882,-2.486796076117535,0.01,-0.4395295499129779,0,0,0,0
789,15566,99.99,1,0.6948345314448842,1,Random forest,0.91,0.7300569237167586,20.843724431561537,0.91,0.7405821863303585,1,1,1,1
789,90937,7.0,0,-1.0100090287030745,0,Random forest,0.005,-1.1595771071822079,-3.053478580119332,0.005,-1.1897957473512124,0,0,0,0
789,58613,74.0,0,-0.17897435334150258,0,Random forest,0.0,-1.182351406284423,-4.1979644444317925,0.0,-0.9073332974048194,0,0,0,0
789,156747,9.85,0,-1.056798169495065,0,Random forest,0.17,-1.0885464548084338,-2.429718344890924,0.17,-0.4600232524376644,0,0,0,0
789,41781,29.0,0,-1.0418027720872676,0,Random forest,0.0,-1.3740670240725932,-2.760879460878965,0.0,-0.8677197241868237,0,0,0,0
789,201207,45.0,0,-0.7397483461747101,0,Random forest,0.005,-1.5353199987839263,-4.0695380587905525,0.005,-1.0686379578876959,0,0,0,0
789,253023,1.0,0,-0.2327386484250933,0,Random forest,0.72,-0.7858892581105537,-0.18572860184147338,0.72,-0.07510684113247545,0,0,1,0
789,151454,0.01,0,-0.17173730748140736,0,Random forest,0.11,-1.133133922986737,-2.9647711769191334,0.11,0.2261007182084419,0,0,0,0
789,154234,1.0,1,0.39671535662035484,1,Random forest,0.985,0.6012686244961896,31.036166210613196,0.985,0.5548980727267911,1,1,1,1
789,71242,120.9,0,-1.168703343422845,0,Random forest,0.025,-1.3447146782198607,-2.529008987921807,0.025,-1.6915377161362328,0,0,0,0
789,30473,14.46,1,0.5439733726732003,1,Random forest,0.98,3.111016834195121,11.98358094056479,0.98,0.6504643063216663,1,1,1,1
789,112247,99.0,0,-1.054988485481665,0,Random forest,0.005,-1.6388201827124498,-3.4078709762373647,0.005,-0.9994913154070928,0,0,0,0
789,18809,30.3,1,0.5178340351661417,1,Random forest,0.985,0.5405696563799596,2.25666846917478,0.985,0.6192073620060174,1,1,1,1
789,227375,3.03,0,0.6753473880585763,1,Random forest,0.375,0.05733990466008865,-1.1528409769216732,0.375,0.012875567897847828,0,0,0,0
789,68522,0.76,1,0.5411198264600646,1,Random forest,0.96,1.3134665833757422,4.70160645857541,0.96,0.6679719715564627,1,1,1,1
789,85982,50.0,0,-0.9864983925725253,0,Random forest,0.015,-1.2798754546127882,-2.671541960335987,0.015,-0.778237530882216,0,0,0,0
789,159753,400.75,0,-0.5407976089602711,0,Random forest,0.12,-1.3852671032030248,-4.246161848672179,0.12,-0.7769407972280562,0,0,0,0
789,72826,1200.02,0,0.7386813473175866,1,Random forest,0.145,-0.7193515659248206,-6.556401287536396,0.145,0.20289552868325034,0,0,0,0
789,253667,68.25,0,-1.1682691590549361,0,Random forest,0.005,-1.4742993709536043,-3.398760388599355,0.005,-1.2025464594381863,0,0,0,0
789,36289,57.12,0,-1.1095004603592717,0,Random forest,0.0,-1.2355323356374301,-2.969160319508417,0.0,-1.0535108942170115,0,0,0,0
789,6734,1.0,1,0.5319831882344538,1,Random forest,0.975,1.4951027709392322,9.993952200020953,0.975,0.8338448219971679,1,1,1,1
789,238222,1.1,1,0.6602425476478464,1,Random forest,0.97,2.2501969955161067,5.954179321194175,0.97,0.5817206265727539,1,1,1,1
789,258923,130.47,0,-0.45677157752166986,0,Random forest,0.01,-1.3161894475496052,-1.8987014827268622,0.01,-0.9174557227011984,0,0,0,0
789,6719,1.0,1,0.7435537413148857,1,Random forest,0.99,1.9112567892694672,12.838688642420031,0.99,0.8924339677239487,1,1,1,1
789,8917,200.05,0,-0.4572423695817902,0,Random forest,0.03,-1.6590042714886952,-6.5447868357025145,0.03,0.13657778389573844,0,0,0,0
789,226480,150.0,0,-1.0012428211720372,0,Random forest,0.005,-1.511316539706794,-3.546883058822341,0.005,-1.177950351656766,0,0,0,0
789,131357,19.99,0,-1.0037601964481087,0,Random forest,0.01,-1.0936661023237113,-2.79429606158186,0.01,-1.228878746934098,0,0,0,0
789,82502,150.87,0,-0.8848375889613473,0,Random forest,0.07,-1.3261209464553378,-2.92470875801434,0.07,-0.9303151892782882,0,0,0,0
789,110219,4.99,0,-1.0937430749573729,0,Random forest,0.0,-1.1196964458621956,-2.9060502713230396,0.0,-1.2571053727393928,0,0,0,0
789,159240,23.88,0,0.36092351956188984,1,Random forest,0.15,-0.4743947043174199,-3.317689600440485,0.15,0.5464554318932092,0,0,0,1
789,213718,19.89,0,0.012354272976067393,0,Random forest,0.065,-1.3720408214318633,-5.261368044297735,0.065,-0.63906980463148,0,0,0,0
789,8482,43.9,0,-1.099766537774397,0,Random forest,0.0,-1.1239326238587142,-2.5563487940082448,0.0,-0.9455401460661987,0,0,0,0
789,248216,28.0,0,0.5293554118875675,1,Random forest,0.37,-0.3418622561211493,-0.912683692860055,0.37,-0.463446695092665,0,0,0,0
789,66385,185.87,0,-0.4828619827055505,0,Random forest,0.045,-1.100067396071725,-4.153948782309916,0.045,-1.1416349306730234,0,0,0,0
789,198384,4.0,0,-0.2876827439242061,0,Random forest,0.055,-0.9270035945456938,-1.889215281187727,0.055,-0.8841375390552753,0,0,0,0
789,119588,2.58,0,-1.0037419108675887,0,Random forest,0.015,-1.1610508284153458,-2.146698813391603,0.015,-1.6836717637690302,0,0,0,0
789,251904,94.82,1,0.6469151757960206,1,Random forest,0.96,2.4873682451074934,8.41389047359513,0.96,0.7209777220357829,1,1,1,1
789,76870,0.77,0,-0.9897131947106059,0,Random forest,0.005,-1.197451479996395,-2.4444694988157596,0.005,-0.9182921920164753,0,0,0,0
789,60669,18.58,0,-0.24357480913233487,0,Random forest,0.075,-0.7469776595080828,-1.826778991348071,0.075,-0.1415084917653633,0,0,0,0
789,151596,12.99,0,0.8791184249224062,1,Random forest,0.48,0.6053363845093511,-0.4894384321570278,0.48,0.03670379535396362,1,0,0,0
789,191359,4.87,1,0.6566500610115142,1,Random forest,0.995,1.9847126685474097,5.862937928767407,0.995,0.9100003743905364,1,1,1,1
789,32413,190.13,0,-0.08646163625144065,0,Random forest,0.035,-1.2267896549024464,-2.781036673319387,0.035,-0.6732496609536855,0,0,0,0
789,195416,12.31,0,-0.3245831751805305,0,Random forest,0.19,-0.5088555692304395,-0.8488980610559165,0.19,-0.6540664664063305,0,0,0,0
789,140786,1.0,1,0.563939928259227,1,Random forest,0.975,2.4871301757057322,9.802143987219821,0.975,0.8543926481826754,1,1,1,1
789,180601,9.49,0,-0.923886486894532,0,Random forest,0.01,-1.7626312604056704,-4.4128667994510495,0.01,-0.575294813684103,0,0,0,0
789,109331,1.54,0,-0.9118103770353023,0,Random forest,0.005,-1.0989156543712764,-1.8615701917720853,0.005,-1.0962757851948959,0,0,0,0
789,90549,19.98,0,-1.0217713718405492,0,Random forest,0.015,-1.1047105253467795,-3.0527584246264072,0.015,-1.2152420222014968,0,0,0,0
789,83594,0.89,0,-0.9633475877603201,0,Random forest,0.0,-0.9583742003292921,-1.954058296672952,0.0,-1.2157029591299742,0,0,0,0
789,275758,59.95,0,-1.0756241963324888,0,Random forest,0.01,-1.4123671085113847,-3.1231849616578375,0.01,-0.8377190641274821,0,0,0,0
789,44130,18.95,0,-0.8203481732807931,0,Random forest,0.02,-1.5467859085091498,-5.21412039517084,0.02,-0.8187679855221563,0,0,0,0
789,245130,7.02,0,-1.1807136814182777,0,Random forest,0.01,-1.242149451128116,-2.1546671104380533,0.01,-1.5327591746154785,0,0,0,0
789,126235,12.57,0,-1.2007852493431184,0,Random forest,0.0,-1.2412145921508222,-2.1124180862342574,0.0,-1.2079221862341063,0,0,0,0
789,125567,64.11,0,-0.31210178943930544,0,Random forest,0.02,-1.4806895208863378,-5.191669946577467,0.02,-0.2381390554187508,0,0,0,0
789,112868,26.0,0,-1.0942763213966056,0,Random forest,0.025,-1.2766179613242656,-2.117744640557633,0.025,-1.038819693579647,0,0,0,0
789,53794,1.0,1,0.7529872608791034,1,Random forest,0.99,1.3186330934800503,3.7598073006495993,0.99,0.9708126757470357,1,1,1,1
789,167184,105.89,1,0.5494263813463223,1,Random forest,0.985,1.3693856372599384,5.1863024568693925,0.985,0.5542120336846879,1,1,1,1
789,9035,1.0,1,0.7022534508609031,1,Random forest,0.96,1.2062280464848572,26.429991310881725,0.96,0.888479860079266,1,1,1,1
789,277414,52.0,0,-1.2080293461391107,0,Random forest,0.0,-1.3970374046835785,-2.723237939812075,0.0,-1.079352867764701,0,0,0,0
789,143336,252.92,1,0.8197213395713971,1,Random forest,0.99,3.2515202173349946,15.352354660243417,0.99,0.8928071476920532,1,1,1,1
789,49120,365.26,0,-0.47007465312799335,0,Random forest,0.01,-1.132613805759345,-4.557420849440613,0.01,-0.49662705716904654,0,0,0,0
789,234980,66.0,0,-1.1349122856283584,0,Random forest,0.0,-1.2350288853839955,-2.5658820717573825,0.0,-0.9212033966112689,0,0,0,0
789,39903,157.91,0,-1.0855968885350173,0,Random forest,0.005,-1.2832011955329128,-3.0564257771082777,0.005,-0.8515299048011864,0,0,0,0
789,270340,9.99,0,-1.2606542025473186,0,Random forest,0.0,-1.3790390933865526,-2.6062745637301554,0.0,-1.5984853292870227,0,0,0,0
789,257713,106.31,0,-0.2722820238846503,0,Random forest,0.425,-0.7520769735078023,-1.5864538840524505,0.425,-0.2553315062418936,0,0,0,0
789,150680,104.03,1,0.7228152156514874,1,Random forest,0.985,1.3032749539388746,24.17610290628751,0.985,0.6493022742129676,1,1,1,1
789,50340,435.7,0,-0.6781740846457867,0,Random forest,0.02,-1.157278120670645,-4.381215133718726,0.02,-0.904332113642506,0,0,0,0
789,231978,8.0,1,0.20004316266048722,0,Random forest,0.055,-0.9973972069396864,-3.39350913122813,0.055,0.22112130025849397,0,0,0,0
789,23526,32.0,0,-1.097224935422893,0,Random forest,0.005,-1.2011276665041797,-3.039611043579178,0.005,-0.9144058045334138,0,0,0,0
789,270014,10.98,0,-0.5211648092248564,0,Random forest,0.18,-0.705964679906635,-1.3661100296311908,0.18,-1.2021745290432795,0,0,0,0
789,246013,42.0,0,-0.8563821507241673,0,Random forest,0.145,-0.8712473231361761,-1.8283424060403815,0.145,-0.9913538581176828,0,0,0,0
789,213092,22.47,1,0.15935702225131293,0,Random forest,0.395,-0.6683955673593169,-1.1242178880670353,0.395,0.45206683910313666,0,0,0,1
789,20140,9.99,0,-1.2170309696564328,0,Random forest,0.005,-1.219450925705104,-2.984221814018142,0.005,-1.7229662667369179,0,0,0,0
789,215043,11.5,0,-1.0811896143070652,0,Random forest,0.03,-1.3970989577417579,-2.257074324269793,0.03,-1.2450511052721345,0,0,0,0
789,119781,124.53,1,0.3194459689188929,0,Random forest,0.975,2.494851849937117,8.800393970936137,0.975,0.7501147596039812,1,1,1,1
789,22241,101.74,0,-0.8194974661380914,0,Random forest,0.005,-1.349358061813397,-3.4984535686377622,0.005,-0.9035752724001229,0,0,0,0
789,45293,84.95,0,-1.1698052383893922,0,Random forest,0.005,-1.4850544642279788,-3.025356092040502,0.005,-1.2295903228027514,0,0,0,0
789,99251,2.69,0,-0.9134737300041968,0,Random forest,0.005,-1.106984551644054,-1.9775901828400233,0.005,-1.6028174383418063,0,0,0,0
789,11585,5.0,0,-1.0458249448089323,0,Random forest,0.045,-1.1281622483004237,-2.641672647069785,0.045,-1.2719381952009226,0,0,0,0
789,238366,2.0,1,0.6762484785826045,1,Random forest,0.965,0.9238216313840908,4.598918475178244,0.965,0.8525376626928587,1,1,1,1
789,108248,89.98,0,0.038183563128982634,0,Random forest,0.025,-0.894331266837453,-5.000113644141937,0.025,-0.7016019033824201,0,0,0,0
789,255106,96.28,0,-0.6908927576348538,0,Random forest,0.015,-1.3960846810154754,-2.790742504934827,0.015,-0.3603312275465623,0,0,0,0
789,30100,60.6,1,0.6207063787144445,1,Random forest,0.955,1.9994631066319182,6.345521038733936,0.955,0.7848395046154633,1,1,1,1
789,198686,69.99,0,-0.4339449105099742,0,Random forest,0.385,-0.8926253207490771,-1.4817972292694281,0.385,0.07919546793728949,0,0,0,0
789,95597,1354.25,1,0.45922392526743294,1,Random forest,0.93,0.6826830976106294,-2.044705180215945,0.93,0.5457653500171767,1,0,1,1
789,275891,78.36,0,-0.11972634241658853,0,Random forest,0.32,-0.7533907997953,-0.7598359570247615,0.32,-0.4429758814092144,0,0,0,0
789,144308,1.29,0,-1.0388188481322944,0,Random forest,0.0,-1.093442947853161,-2.21428827059804,0.0,-1.6535428902652605,0,0,0,0
789,154697,7.59,1,0.5601852113251069,1,Random forest,0.975,1.900461298786454,13.606431430483992,0.975,0.5856007535926893,1,1,1,1
789,33705,1.49,0,-0.2274574203264711,0,Random forest,0.055,-0.7381056508889501,-3.1793101684714613,0.055,-0.23749518024540406,0,0,0,0
789,13100,18.0,0,-1.2087481203079233,0,Random forest,0.01,-1.2809872984612707,-3.0883400877936524,0.01,-0.6950043703345083,0,0,0,0
789,58818,91.0,0,-1.0014949443675292,0,Random forest,0.015,-1.4608675154250916,-3.3257250763834167,0.015,-0.5849560223786412,0,0,0,0
789,13239,45.9,0,-0.3282490520747945,0,Random forest,0.015,-0.9528073862226185,-2.1942429674051005,0.015,-0.4065973154811727,0,0,0,0
789,180872,3460.56,0,0.5564176458832574,1,Random forest,0.27,0.49433807015573605,-14.128133555296028,0.27,0.5464711855053103,1,0,0,1
789,42579,5.89,0,0.03536164227742555,0,Random forest,0.09,-1.1751748360260026,-7.007038468277798,0.09,-0.2616256771145059,0,0,0,0
789,100925,52.21,0,-0.30114636606303846,0,Random forest,0.04,-1.676840084177073,-4.311474872187842,0.04,-0.11266580061398468,0,0,0,0
789,124815,0.99,0,-0.7734987942649139,0,Random forest,0.025,-0.9815843402075146,-2.043666434764691,0.025,-0.8624483657831912,0,0,0,0
789,119714,29.95,1,-0.23637917899557082,0,Random forest,0.35,-1.042484160674505,-0.8052928480125647,0.35,-0.18795707166926712,0,0,0,0
789,143484,15.97,0,-0.9658904732330882,0,Random forest,0.135,-0.9084720017433476,-1.3192359814105439,0.135,-1.2281974408799305,0,0,0,0
789,152209,72.6,0,-1.1779729532240018,0,Random forest,0.0,-1.5573988980358762,-3.4782339140027214,0.0,-1.3804161772525003,0,0,0,0
789,257277,455.0,0,-0.3453082446163165,0,Random forest,0.055,-1.6130508033580357,-4.784890308915369,0.055,-0.8960446283988006,0,0,0,0
789,5287,35.96,0,0.29934185460602625,0,Random forest,0.41,-0.1902957227027413,-1.4974957688863721,0.41,0.1503430245387395,0,0,0,0
789,76929,1.0,1,0.7496239390003153,1,Random forest,0.995,2.1125785491312286,7.073383861842076,0.995,0.9832526082268368,1,1,1,1
789,192640,20.43,0,-0.8072047817077141,0,Random forest,0.005,-1.0889413747466439,-2.1276711027811817,0.005,-1.31094811666127,0,0,0,0
789,111367,22.0,0,-1.0848240008443413,0,Random forest,0.015,-1.1733844532928484,-2.5014795128234755,0.015,-1.0248109085325645,0,0,0,0
789,7236,7.11,0,0.31804907848244524,0,Random forest,0.34,-0.8428255796598123,-2.546307699402785,0.34,-0.36825301127729637,0,0,0,0
789,96656,39.0,0,-0.8354442353988398,0,Random forest,0.01,-1.0121668063204263,-2.069101020975544,0.01,-0.9134200847599641,0,0,0,0
789,99759,19.99,0,-1.0247857236588378,0,Random forest,0.03,-1.3247180818579436,-2.201372808862872,0.03,-0.8267899448177458,0,0,0,0
789,135829,196.5,0,-1.2347771224351112,0,Random forest,0.0,-1.5595424664835849,-3.0855877408769907,0.0,-1.024940802438486,0,0,0,0
789,210921,1.32,0,-1.0473324203903698,0,Random forest,0.11,-1.303395684378286,-2.519684090856852,0.11,-1.4912227254421317,0,0,0,0
789,176260,1.54,0,-1.0548590132507234,0,Random forest,0.0,-1.2748703861561712,-2.6183100031938573,0.0,-0.8498422809233583,0,0,0,0
789,229713,47.0,0,-1.0562683870241636,0,Random forest,0.0,-1.5306765550686,-3.6820018462334887,0.0,-0.6347730063315007,0,0,0,0
789,194940,49.2,0,-1.0264251647379405,0,Random forest,0.0,-1.1646651465580542,-2.1676072451997834,0.0,-1.1569415614335763,0,0,0,0
789,190368,175.9,1,0.7042750581842774,1,Random forest,0.94,1.372717695523242,4.7891978752432,0.94,0.7821284558465529,1,1,1,1
789,70515,127.12,0,-1.0263748377205244,0,Random forest,0.01,-1.403400588416517,-2.3905923688495707,0.01,-1.3244542700627777,0,0,0,0
789,132459,184.99,0,-0.9092048175495384,0,Random forest,0.02,-1.3468304842372325,-3.1309684011663066,0.02,-1.098666742702072,0,0,0,0
789,237558,115.56,0,0.1484429961666076,0,Random forest,0.12,-1.2216454779963402,-7.444470925290811,0.12,-0.17624293456644202,0,0,0,0
789,172800,8.34,0,0.16998830941181942,0,Random forest,0.095,-1.089189668264256,-2.818648809208708,0.095,-0.24903004805017404,0,0,0,0
789,55370,89.99,0,-0.5253253678970204,0,Random forest,0.38,-0.7000846500854083,-1.2640933612289598,0.38,-0.7447382498599566,0,0,0,0
789,156322,1962.02,0,0.23864940271376572,0,Random forest,0.155,-0.6330155926662442,-9.206753696175873,0.155,0.5440391617896152,0,0,0,1
789,235791,154.7,0,-0.4062131263148925,0,Random forest,0.0,-1.587191196847716,-4.972859657132955,0.0,-1.1809164339409095,0,0,0,0
789,65086,164.58,0,-0.9889851595446315,0,Random forest,0.035,-1.1500803254371832,-3.2988419114487963,0.035,-1.3584038583819853,0,0,0,0
789,150679,104.03,1,0.7228152156514874,1,Random forest,0.985,1.3032749539388746,24.17610290628751,0.985,0.6493022742129676,1,1,1,1
789,15506,99.99,1,0.8837261252956503,1,Random forest,0.925,0.6599229179369192,20.694949502370537,0.925,0.6663724171115795,1,1,1,1
789,21190,70.0,0,-1.1107336468993154,0,Random forest,0.045,-1.3270748307830014,-2.712257044736037,0.045,-0.8156748474034614,0,0,0,0
789,26656,72.96,0,-0.837327505939172,0,Random forest,0.04,-1.418992095618304,-4.095301860903217,0.04,-0.7354758765505209,0,0,0,0
789,42549,88.23,1,0.3890215289876119,1,Random forest,0.98,1.3838265011482382,22.437200044449405,0.98,0.613239009949666,1,1,1,1
789,27201,13.99,0,-0.8473574939031046,0,Random forest,0.02,-0.9242076959883081,-2.009787081204178,0.02,-1.2796129418487237,0,0,0,0
789,26281,56.0,0,-1.0719009853557075,0,Random forest,0.005,-1.1388591240003978,-2.618549442174355,0.005,-1.3216170239803133,0,0,0,0
789,269844,32.0,0,-1.0707486232024932,0,Random forest,0.015,-1.4376216390713739,-2.9088292279541093,0.015,-1.4330199689156584,0,0,0,0
789,108929,11.5,0,-0.9392605694920724,0,Random forest,0.005,-1.1635026425771005,-2.72170964364369,0.005,-1.1695495379150016,0,0,0,0
789,176049,2125.87,1,0.37207401823031017,1,Random forest,0.205,-0.4206100625273478,-11.906965070755735,0.205,0.5134492501593323,0,0,0,1
789,194670,17.7,0,-0.4571865595998772,0,Random forest,0.015,-1.08787408031695,-1.938405456325003,0.015,-0.9827664431347805,0,0,0,0
789,74496,0.83,1,0.8355701179699165,1,Random forest,0.995,2.9466814097098597,13.819311196582632,0.995,0.9282583446639563,1,1,1,1
789,241035,0.77,0,-1.105684510033227,0,Random forest,0.0,-1.2470874724415986,-3.2340378504870873,0.0,-1.200024124938916,0,0,0,0
789,263274,0.77,1,0.5333616379023947,1,Random forest,0.99,2.6142295333115184,12.847168383658886,0.99,0.8278622660032722,1,1,1,1
789,60611,5.76,0,-1.1465233269799353,0,Random forest,0.005,-1.2997962265089342,-3.155066000327466,0.005,-0.8089458454677296,0,0,0,0
789,154841,118.0,0,-0.34079750130669306,0,Random forest,0.005,-1.5634857209655941,-2.7934704657085843,0.005,-0.7268667792000463,0,0,0,0
789,216376,1.0,0,0.6348909355677197,1,Random forest,0.645,1.3102609304553832,1.2005740729842276,0.645,0.5175217165842818,1,1,0,1
789,84390,73.35,0,-1.0224854532138312,0,Random forest,0.005,-1.614168218896258,-3.994908056028485,0.005,-0.7502752518990359,0,0,0,0
789,202557,12.0,0,-1.062617980386979,0,Random forest,0.0,-1.2921437676775878,-3.034347958616594,0.0,-1.4895357221464227,0,0,0,0
789,15751,99.99,1,0.6850685340348566,1,Random forest,0.915,0.813730931598726,20.992404106767093,0.915,0.8285844013788255,1,1,1,1
789,17435,29.69,0,-1.0692805325885033,0,Random forest,0.0,-1.2236919361933494,-3.351806303471394,0.0,-1.3153087027198054,0,0,0,0
789,168658,1.23,0,-1.04686557769049,0,Random forest,0.0,-1.0686057142630923,-1.7835246147812414,0.0,-1.0940543970827172,0,0,0,0
789,42635,11.38,1,0.9882484562711331,1,Random forest,0.995,1.8297476837793718,21.875123236729717,0.995,0.6136519039026496,1,1,1,1
789,40966,22.4,0,-0.9928785401289684,0,Random forest,0.015,-1.1424436479177162,-2.6190105682458866,0.015,-0.7733483999764672,0,0,0,0
789,49653,435.7,0,-0.7553586244290971,0,Random forest,0.015,-1.2663852691800923,-3.838758551873563,0.015,-0.7981554755271065,0,0,0,0
789,252290,44.0,0,-0.8815890061815876,0,Random forest,0.0,-1.6306327237352225,-3.386637927818887,0.0,-1.1677528868626477,0,0,0,0
789,83564,14.98,0,-0.5406993311508173,0,Random forest,0.035,-1.0117474030858793,-2.2779111971126884,0.035,-0.7254359624723488,0,0,0,0
789,98200,64.49,0,-0.9861804324016246,0,Random forest,0.04,-1.056996802068887,-2.29875500185021,0.04,-1.7132651915984276,0,0,0,0
789,125357,330.0,0,-0.4854940050876384,0,Random forest,0.06,-1.1633741927296868,-3.3016509006867687,0.06,-1.1892665898272332,0,0,0,0
789,171964,0.05,0,-0.7268030673358741,0,Random forest,0.01,-1.7218042284365496,-3.200981384705179,0.01,-0.6079478860245604,0,0,0,0
789,186712,81.82,0,-0.7686792039512871,0,Random forest,0.11,-1.4411514076783718,-2.055114112569438,0.11,-0.7432757926581379,0,0,0,0
789,72690,102.9,0,-0.947139143742997,0,Random forest,0.0,-1.1378695007981519,-2.1741158485720864,0.0,-0.9904524626249902,0,0,0,0
789,156007,11.27,0,-1.1197644477382787,0,Random forest,0.0,-1.2531632691674226,-3.3211650296587334,0.0,-0.9460037986834613,0,0,0,0
789,30425,210.51,0,-0.5047107034035085,0,Random forest,0.115,-0.8193326544019321,-4.998212015807696,0.115,-0.977339982471048,0,0,0,0
789,280304,123.29,0,-0.8496520099097793,0,Random forest,0.005,-1.4240667257192163,-2.584313169917762,0.005,-1.6698853728321406,0,0,0,0
789,113017,12.32,0,-1.0265097913815149,0,Random forest,0.005,-1.1317834068740897,-3.0719738395236993,0.005,-1.2076512466031206,0,0,0,0
789,26000,143.03,0,-0.02761527535039776,0,Random forest,0.08,-1.1602491869407932,-3.3449986932110787,0.08,-0.11042823304884963,0,0,0,0
789,79321,16.99,0,-0.2768051295532803,0,Random forest,0.355,-0.6719617942518943,-2.305014688596674,0.355,-0.5458621019086383,0,0,0,0
789,70475,10.39,0,-0.9088668753787152,0,Random forest,0.025,-1.2438554106151563,-2.0345969705099973,0.025,-1.4556159361711098,0,0,0,0
789,6336,1.0,1,0.8431300631075718,1,Random forest,0.995,1.9692214241918342,8.759495856601886,0.995,0.8996117384908264,1,1,1,1
789,204237,75.63,0,-0.9120366415561572,0,Random forest,0.01,-0.9167427575282201,-1.9569493579350226,0.01,-0.3035790404911598,0,0,0,0
789,153897,19.99,0,0.605503262551335,1,Random forest,0.275,0.49805334485239405,-1.179751608199905,0.275,0.24216515890697715,1,0,0,0
789,163937,18.8,0,-1.159442900588136,0,Random forest,0.0,-1.4736129566842788,-3.106318547354681,0.0,-1.5400461379178534,0,0,0,0
789,61038,49.0,0,-0.8256695863816212,0,Random forest,0.045,-1.009918305540449,-1.5896573536259686,0.045,-1.113477237024839,0,0,0,0
789,264682,6.63,0,-0.9860713048486556,0,Random forest,0.0,-1.2146890218687514,-2.1598031131489566,0.0,-1.396667831598553,0,0,0,0
789,104294,9.99,0,-1.0463153970748467,0,Random forest,0.115,-0.944690849310468,-2.0305605745108135,0.115,-1.5074820334494317,0,0,0,0
789,122479,219.8,1,0.2496889242650932,0,Random forest,0.96,2.8597791384120264,8.878246115283268,0.96,0.7857986133433515,1,1,1,1
789,72757,1.79,1,-0.500893518695396,0,Random forest,0.14,-0.7861567834987977,-2.1522447787557657,0.14,-0.39539697128130824,0,0,0,0
789,193739,22.2,0,-0.7758753788444175,0,Random forest,0.01,-1.2426918623462504,-2.16568739162261,0.01,-0.9664924844365859,0,0,0,0
789,32894,32.18,0,-0.3729484527257979,0,Random forest,0.06,-1.2854461312528394,-2.4391791675299594,0.06,-0.652464079983462,0,0,0,0
789,44050,17.99,0,-0.8059933770923708,0,Random forest,0.225,-0.987465702943995,-2.27185872292578,0.225,-1.4097632767024282,0,0,0,0
789,16833,91.0,0,-0.8652496567838528,0,Random forest,0.005,-2.07259371877191,-5.145363441427763,0.005,-0.4506980666692564,0,0,0,0
789,22103,49.95,0,-0.9857969648238163,0,Random forest,0.01,-1.234768088205824,-2.7250949806373197,0.01,-0.9308218471542777,0,0,0,0
789,125382,115.71,0,-0.9765653580497902,0,Random forest,0.01,-1.3420562556699,-2.954764049846668,0.01,-1.6841819430693965,0,0,0,0
789,132659,32.06,0,-0.9292751424354806,0,Random forest,0.03,-1.0531023305005862,-2.505288482407612,0.03,-1.3976589877186871,0,0,0,0
789,116919,3.99,0,-0.9173331970169638,0,Random forest,0.01,-1.2198406818328176,-2.705677489222839,0.01,-1.4792926640304782,0,0,0,0
789,117355,10.9,0,-0.008616841658733887,0,Random forest,0.24,-0.8534334505006822,-2.0406673492771703,0.24,-0.6646963148414946,0,0,0,0
789,231129,165.24,0,-0.8570304684947978,0,Random forest,0.045,-1.3663748960300686,-3.2644635265544832,0.045,-1.0764403129108844,0,0,0,0
789,257520,10.78,0,-0.8056382559894648,0,Random forest,0.015,-1.1519038707923859,-2.6900494838095876,0.015,-0.33358654968651635,0,0,0,0
789,102445,1.0,1,1.0004106025743775,1,Random forest,0.99,1.000360866594925,4.81219783293634,0.99,0.9999359439402036,1,1,1,1
789,226991,130.54,0,-1.1216335509827744,0,Random forest,0.005,-1.45844264424348,-2.8626428590714084,0.005,-1.1587917386287017,0,0,0,0
789,112657,10.32,0,-0.9323462501422068,0,Random forest,0.0,-1.1935178250890666,-3.368329222419337,0.0,-1.387617370600868,0,0,0,0
789,21273,3.29,0,-0.7795186773916307,0,Random forest,0.03,-0.9389941925772505,-1.653559026278577,0.03,-0.5722360335619847,0,0,0,0
789,86396,284.25,0,-1.0285883922245376,0,Random forest,0.005,-1.476059538394826,-3.3730237383995387,0.005,-1.1675682527418478,0,0,0,0
789,104038,9.99,0,-0.698085192966593,0,Random forest,0.045,-1.0277799079720495,-3.1400485486067353,0.045,-0.9999068975193177,0,0,0,0
789,118308,30.14,1,-0.9429694828985713,0,Random forest,0.025,-1.0339891262583747,-2.502155471799771,0.025,-0.8865065972929127,0,0,0,0
789,256474,127.95,0,-1.1771637593173987,0,Random forest,0.01,-1.2378596819439862,-2.6274171794061587,0.01,-1.044534305443887,0,0,0,0
789,44602,34.0,0,-1.0249476272562765,0,Random forest,0.0,-1.2404431816131762,-3.128909868829279,0.0,-1.2075239964165898,0,0,0,0
789,239845,8.99,0,-1.0933367031667292,0,Random forest,0.0,-1.376270452242012,-2.765083892118183,0.0,-1.5542711343912168,0,0,0,0
789,160887,15.0,0,-1.0615414616680496,0,Random forest,0.055,-1.2458768868513446,-2.7974406371772047,0.055,-1.3147659484460859,0,0,0,0
789,20271,22.0,0,-1.0332054258084145,0,Random forest,0.0,-1.2274625430851531,-2.9122765250283784,0.0,-1.3192449612467272,0,0,0,0
789,18315,96.0,0,-0.8680703675082548,0,Random forest,0.06,-1.19692288697651,-2.595879243186595,0.06,-0.6631299362651617,0,0,0,0
789,97121,3.1,0,-1.1285868891187163,0,Random forest,0.02,-1.1865192723327553,-2.4390596084357217,0.02,-1.7252646951149186,0,0,0,0
789,280645,3.02,0,-0.7712083520179684,0,Random forest,0.31,-0.9731973908846199,-2.006798630284401,0.31,-0.4789544834081758,0,0,0,0
789,31508,2.18,0,-0.9918497398163106,0,Random forest,0.01,-1.1313293872569894,-1.9703114949731413,0.01,-1.650567649288548,0,0,0,0
789,57612,74.62,0,-0.38517069050987895,0,Random forest,0.04,-1.132599156536264,-2.177726884197326,0.04,-1.0649554055778734,0,0,0,0
789,42945,0.76,1,0.6144842920462386,1,Random forest,0.975,1.1637922149849387,23.0575341516071,0.975,0.6108337258818303,1,1,1,1
789,141258,0.0,1,0.6262681580050083,1,Random forest,0.98,2.31632944986866,15.251892845715497,0.98,0.8432273772487187,1,1,1,1
789,207174,99.43,0,-1.2290612777224486,0,Random forest,0.005,-1.7033995617943598,-3.6828847014173767,0.005,-1.8658939003129271,0,0,0,0
789,250636,1.79,0,-1.1176349015499851,0,Random forest,0.005,-1.700838622370456,-3.8346335500974775,0.005,-1.0354069989600092,0,0,0,0
789,81543,48.4,0,-0.637911853302592,0,Random forest,0.0,-1.4744587654705354,-4.51015728128564,0.0,-1.0013221709671318,0,0,0,0
789,54288,100.78,0,-1.038739997866318,0,Random forest,0.005,-1.4115370427864857,-2.930938084882113,0.005,-1.0818991197987842,0,0,0,0
789,54984,107.0,0,-1.1593485488170423,0,Random forest,0.005,-1.297454855698119,-2.5117704660918503,0.005,-1.6578445668261907,0,0,0,0
789,248763,21.0,0,-0.2700483983314641,0,Random forest,0.03,-1.3010007392056082,-3.4946161663448203,0.03,-0.8144231801824089,0,0,0,0
789,72165,337.6,0,-0.676011208548599,0,Random forest,0.07,-1.5830914772290818,-2.8840253883943667,0.07,-1.3039646656098318,0,0,0,0
789,251353,61.59,0,-0.9433738437950963,0,Random forest,0.005,-1.4219023214116338,-3.399287293657449,0.005,-0.5422596434787252,0,0,0,0
789,101140,1.0,0,-0.9602590183123645,0,Random forest,0.125,-1.4415976845334264,-3.090669309760866,0.125,-0.5851624781424758,0,0,0,0
789,7387,8.2,0,-0.012034514138751562,0,Random forest,0.525,-0.7835747315466348,-1.2586771722952754,0.525,0.15070563378877638,0,0,0,0
789,247995,51.37,1,0.6153318143261962,1,Random forest,0.995,1.2731224200077225,3.8512599724127727,0.995,1.0066192043193027,1,1,1,1
789,157049,6.95,0,-0.7776947783994572,0,Random forest,0.02,-1.402486361853707,-3.2990518383436562,0.02,-0.6460497592885712,0,0,0,0
789,8774,244.5,0,0.01462522770534358,0,Random forest,0.18,-1.593688655215438,-1.893880386855102,0.18,-0.15141970251463255,0,0,0,0
789,15458,2.68,0,-0.8990629986973995,0,Random forest,0.005,-1.2393335217938246,-1.9730854691027875,0.005,-1.5467750431363583,0,0,0,0
789,83417,5.91,1,0.4340784880887023,1,Random forest,0.98,1.529200378581091,6.874229462906111,0.98,0.8402744731060139,1,1,1,1
789,82682,103.88,0,-0.306878245889194,0,Random forest,0.235,-0.6305041861260727,-1.1943116355593737,0.235,-0.2858104166986709,0,0,0,0
789,239447,8.0,0,-0.8363520816032479,0,Random forest,0.0,-0.9621474563477215,-1.9258121929559344,0.0,-1.3052718319520167,0,0,0,0
789,33276,12.31,1,0.7184074227060423,1,Random forest,0.965,0.7851196878009542,3.151354843068681,0.965,0.5468801198527791,1,1,1,1
789,34082,176.0,0,-0.5571577329406907,0,Random forest,0.08,-1.3075119506654043,-2.4324520699419003,0.08,-0.8889807763493514,0,0,0,0
789,179048,7.53,0,0.4467273174999501,1,Random forest,0.245,-0.6392625675124999,-1.3650346906741275,0.245,0.41803465374396037,0,0,0,0
789,98346,18.4,0,-0.9232240590284311,0,Random forest,0.035,-1.3279191434130182,-2.193910212891311,0.035,-1.2241378339958773,0,0,0,0
789,105122,107.61,0,-0.64038821538449,0,Random forest,0.17,-1.2052551652081587,-1.8652542126979141,0.17,-0.7547184398417601,0,0,0,0
789,187872,1038.11,0,-0.04237344162503387,0,Random forest,0.24,-0.5355389289545587,-6.947821578616206,0.24,0.3514733323656381,0,0,0,0
789,14104,3.12,1,0.4663974453187021,1,Random forest,0.475,0.07329254626169024,-0.5618295395669017,0.475,-0.2080596070626668,0,0,0,0
789,12261,1.0,1,0.8276262715353778,1,Random forest,0.99,1.5422994983830691,29.636401762853314,0.99,0.8236157037703848,1,1,1,1
789,251682,10.62,0,0.2803717440097137,0,Random forest,0.43,-0.2906872326647616,-0.4533576371148565,0.43,-0.171546728186452,0,0,0,0
789,210033,0.76,0,-0.5169469850589028,0,Random forest,0.045,-0.7037604918775708,-1.2594781600649214,0.045,-0.6379260811030489,0,0,0,0
789,81522,90.0,0,-1.1662124314151519,0,Random forest,0.01,-1.3517914639298658,-2.2494672617075526,0.01,-1.2064801323641576,0,0,0,0
789,273364,30.0,0,-0.6395995311152907,0,Random forest,0.01,-1.1744005304104788,-3.6607127944281492,0.01,-0.6580878246426309,0,0,0,0
789,97392,30.39,0,-0.5326354663700243,0,Random forest,0.02,-0.7517191823689509,-1.4702769752541307,0.02,-0.8405764963206284,0,0,0,0
789,101686,835.0,0,0.5563009793107215,1,Random forest,0.085,-1.132190657952807,-5.504565339469651,0.085,0.4032686930083938,0,0,0,0
789,88341,0.77,0,-0.6441490428727517,0,Random forest,0.01,-0.925985832525803,-1.4908937012960424,0.01,-0.041129063338085636,0,0,0,0
789,2147,635.91,0,0.5241611211274234,1,Random forest,0.175,-0.06154515087578516,-7.232591998470062,0.175,-0.032413271380568376,0,0,0,0
789,273875,90.65,0,-1.132269670372582,0,Random forest,0.02,-1.3812996561928526,-3.1280313816395644,0.02,-1.2987211168055373,0,0,0,0
789,222972,18.0,0,-0.6310088349087617,0,Random forest,0.005,-1.434293294218657,-4.162800851600088,0.005,-1.7400668409749205,0,0,0,0
789,118277,1.0,0,-1.0837261889032201,0,Random forest,0.0,-1.2930225222053269,-2.6866320013179275,0.0,-1.577754630463073,0,0,0,0
789,34623,382.0,0,-0.67348675919193,0,Random forest,0.005,-1.0378048576834014,-4.518441431475229,0.005,-1.0348354035649703,0,0,0,0
789,9487,1.0,1,0.9147551097568278,1,Random forest,0.955,1.44898967311581,26.790341458901796,0.955,0.987343265717509,1,1,1,1
789,149828,11.29,0,0.012088914989849542,0,Random forest,0.415,-0.2230689579788001,-0.6060691776215685,0.415,-0.2901149858712271,0,0,0,0
789,46998,204.27,1,0.6395099140926004,1,Random forest,0.915,0.8153687018799942,3.171061949551072,0.915,0.4028673647347213,1,1,1,0
789,154676,2.28,1,0.412455957323279,1,Random forest,0.95,2.8870831008067164,15.255935414959898,0.95,0.6053684201192346,1,1,1,1
789,80760,113.92,1,0.41182030498589606,1,Random forest,0.955,1.136183560277527,6.0939294216676165,0.955,0.6665874810573387,1,1,1,1
789,277929,355.94,0,0.22188037222764978,0,Random forest,0.02,-1.3876991190308556,-3.1888523927392116,0.02,-0.10886201054217692,0,0,0,0
789,197183,0.76,0,-1.0477802889671954,0,Random forest,0.0,-1.2378856249739745,-2.211435135488654,0.0,-0.7686507130009705,0,0,0,0
789,110430,1.98,0,-1.0622458000938522,0,Random forest,0.0,-1.0687503494846828,-2.1490350040920907,0.0,-1.702978023684099,0,0,0,0
789,151462,1.63,1,0.5549278991572235,1,Random forest,0.975,0.9627016276633675,27.447254728534105,0.975,0.6084586520690209,1,1,1,1
789,17572,9.99,0,-0.8046026905992891,0,Random forest,0.135,-1.2180129891192408,-2.309782649006938,0.135,-0.7455264808399074,0,0,0,0
789,136087,1.5,0,-1.1471198671233271,0,Random forest,0.025,-1.0024397125761777,-2.270820656999343,0.025,-1.0459003422202966,0,0,0,0
789,16539,56.1,0,-0.9887381818906893,0,Random forest,0.05,-1.3899182214448829,-2.034861210942741,0.05,0.09438665192211931,0,0,0,0
789,102223,312.9,0,-0.6039744878576896,0,Random forest,0.05,-1.3596891523716306,-4.521674964853077,0.05,-0.5344042879394284,0,0,0,0
789,255403,4.97,1,0.802720361490644,1,Random forest,0.97,2.0780210804059194,6.513119566949118,0.97,1.0428030410300322,1,1,1,1
789,223051,1.98,0,-1.0425432809278818,0,Random forest,0.0,-1.300512661062822,-2.39788156604166,0.0,-1.4291592640499629,0,0,0,0
789,137028,1.0,0,-0.8333910163638116,0,Random forest,0.0,-1.0344547276317597,-2.4341219464177057,0.0,-1.3108362094146275,0,0,0,0
789,7327,0.0,0,0.04447379808108487,0,Random forest,0.06,-1.0624973073290402,-4.189958871647954,0.06,0.16164558713722982,0,0,0,0
789,108733,16.49,0,-0.7324244149213088,0,Random forest,0.03,-0.7860193922202046,-1.5000180263345677,0.03,-0.7588570111004809,0,0,0,0
789,96428,1.0,0,-0.8332965090362356,0,Random forest,0.03,-1.207017831349826,-3.3016968078951705,0.03,-0.2409086512597829,0,0,0,0
789,173006,266.95,0,-0.7051428108253166,0,Random forest,0.005,-1.926838316451372,-4.933505594924678,0.005,-0.7453561622586535,0,0,0,0
789,133010,5.47,0,-1.0104636390296426,0,Random forest,0.09,-1.118883065533215,-2.057258567376213,0.09,-1.181076137863754,0,0,0,0
789,132539,0.99,0,-1.0361270230259454,0,Random forest,0.0,-1.0844404153653102,-2.2020837356848717,0.0,-1.6229504285282164,0,0,0,0
789,246126,69.0,0,-1.0397994835536615,0,Random forest,0.0,-1.495544107957323,-2.9653547770997912,0.0,-1.289012409912237,0,0,0,0
789,102898,70.46,0,0.1593083610711894,0,Random forest,0.05,-0.7782827046093768,-3.261331443303944,0.05,0.5464699912965696,0,0,0,1
789,8615,1.0,1,0.47829605076954423,1,Random forest,0.935,1.1704323319586918,25.656408401648132,0.935,0.6260984953788341,1,1,1,1
789,120832,3.59,0,-0.9017803240234932,0,Random forest,0.005,-1.1397504537544514,-2.297805555517131,0.005,-1.720959849589545,0,0,0,0
789,249607,35.0,1,0.3623902990970653,1,Random forest,0.95,0.9816242612864488,5.530137543722026,0.95,0.5483592724497367,1,1,1,1
789,33609,21.0,0,-0.43739797641213296,0,Random forest,0.09,-0.8105148944116654,-1.7864059972580464,0.09,-0.6613499160707186,0,0,0,0
789,283927,4.99,0,-0.15965025376308928,0,Random forest,0.035,-1.1809827374526753,-3.912036945776436,0.035,-0.07523786093826823,0,0,0,0
789,258403,296.0,1,0.4098179645774617,1,Random forest,0.92,0.16091954049094048,4.415742602887355,0.92,0.5464165577942103,0,1,1,1
789,83173,9.95,0,-0.4168232804494534,0,Random forest,0.085,-0.9625875815937921,-1.6308470284585188,0.085,-0.6845085753197788,0,0,0,0
789,153408,113.79,0,0.44307834541828495,1,Random forest,0.55,-0.340182687523624,-0.40908114872891416,0.55,0.4650803304600853,0,0,0,1
789,17206,120.74,0,-1.267325545154591,0,Random forest,0.005,-1.436927881197706,-3.0760928153494613,0.005,-1.4831452657775022,0,0,0,0
789,131760,2.69,0,-1.0270521725718162,0,Random forest,0.0,-1.1419500300427414,-2.5569766990639224,0.0,-1.4640750572215104,0,0,0,0
789,58422,208.58,1,-0.3596530292865815,0,Random forest,0.0,-1.0296596128607265,-3.9596110673797638,0.0,-0.4036256318647693,0,0,0,0
789,187423,0.89,0,-0.48028201143087546,0,Random forest,0.355,-0.889802488560502,-2.1757827712576425,0.355,-0.3183335503226461,0,0,0,0
789,111304,8.05,0,-1.2532462579230055,0,Random forest,0.0,-1.3709381652958685,-3.041589561033824,0.0,-1.320895896960591,0,0,0,0
789,106873,12.99,0,-1.1899701200117205,0,Random forest,0.0,-1.3006267398312439,-3.3336921195945277,0.0,-1.6749173353533955,0,0,0,0
789,64021,27.84,0,-0.551143838582498,0,Random forest,0.045,-1.2760029394473709,-4.742898920457107,0.045,0.09319657931693992,0,0,0,0
789,86155,101.5,1,0.40647897697791724,1,Random forest,0.965,0.989690317476384,3.4055157944692023,0.965,0.4870790105501564,1,1,1,1
789,96454,7.99,0,-0.9571740963470872,0,Random forest,0.025,-1.12307816980045,-2.4419309486926664,0.025,-1.7293936700684496,0,0,0,0
789,37219,1.9,0,-0.39088438375681833,0,Random forest,0.175,-0.8540821058453612,-1.4401601311645877,0.175,-0.9330047221378233,0,0,0,0
789,106382,2.69,0,-0.9268203898580918,0,Random forest,0.005,-1.1178450916975742,-2.0008982695241078,0.005,-1.4462000217431403,0,0,0,0
789,223435,342.0,0,-0.07409560924462699,0,Random forest,0.035,-0.8149774093019764,-6.4376259969724225,0.035,0.4162753601111373,0,0,0,0
789,223366,1.0,1,0.679816308357493,1,Random forest,0.97,1.9091262406917726,5.83103197464622,0.97,0.9757976109294484,1,1,1,1
789,10497,3.79,1,0.3787928903503658,1,Random forest,0.405,-0.3322419891223911,-1.1205163767361572,0.405,-0.5415065629821934,0,0,0,0
789,154929,19.99,0,-1.0147959414659689,0,Random forest,0.0,-1.6212780826905206,-3.7096271139966888,0.0,-0.7965323286589561,0,0,0,0
789,219892,0.76,1,-0.08940756975882591,0,Random forest,0.37,-0.04896011359790475,0.6947955637052019,0.37,-0.04978014556273902,0,1,0,0
789,120978,14.99,0,-0.48390897979227,0,Random forest,0.02,-1.0152273934452343,-1.9471657803533196,0.02,-0.7598852610362787,0,0,0,0
789,196917,100.0,0,-0.8026946771450538,0,Random forest,0.025,-1.1780337745566423,-3.533707286936176,0.025,-0.8935831743157465,0,0,0,0
789,20773,1.0,0,-0.004175914538731118,0,Random forest,0.03,-0.8033703446126419,-4.8516216949491,0.03,-0.5737863577693905,0,0,0,0
789,61861,17.77,0,-0.9186403827010603,0,Random forest,0.01,-1.0046191573228758,-2.3540706424946256,0.01,-1.2445165353514842,0,0,0,0
789,224183,8.49,0,-1.0056931343183402,0,Random forest,0.0,-1.8030392379448312,-4.290419479136066,0.0,-0.9063595761917675,0,0,0,0
789,22210,344.54,0,-0.5114728921482545,0,Random forest,0.13,-1.0144175673231344,-3.069382210014282,0.13,0.07637554921633216,0,0,0,0
789,3415,1.0,0,-0.9998420906683871,0,Random forest,0.0,-1.4564981506930235,-3.7510048572884966,0.0,-0.7140317450345703,0,0,0,0
789,623,529.0,1,0.14211490436847118,0,Random forest,0.035,-1.4592213880113276,-3.2289252816920007,0.035,0.25695046788315357,0,0,0,0
789,205484,3.08,0,-1.1234270957610275,0,Random forest,0.0,-1.3287999128220254,-2.454631619530938,0.0,-1.5402429132299882,0,0,0,0
789,240330,104.9,0,-1.1079917560555999,0,Random forest,0.005,-1.5789493873140226,-3.2914016229992376,0.005,-1.201410186553209,0,0,0,0
789,147076,465.05,0,0.18687330098643562,0,Random forest,0.09,-1.801955980624988,-4.770673532136097,0.09,-0.35805043387810953,0,0,0,0
789,26934,43.5,0,-1.1067501989960833,0,Random forest,0.0,-1.3823041369055808,-2.803438642676384,0.0,-1.0203532186465822,0,0,0,0
789,12218,0.61,0,0.2674026957369429,0,Random forest,0.075,-0.23997154036371993,-0.9147880437945612,0.075,-0.28078800670880266,0,0,0,0
789,48822,49.0,0,-0.8866314550397474,0,Random forest,0.02,-1.1848394137611609,-2.8717709183569124,0.02,-0.9884607696604975,0,0,0,0
789,102444,1.0,1,1.0004106025743775,1,Random forest,0.99,1.000360866594925,4.81219783293634,0.99,0.9999359439402036,1,1,1,1
789,251184,0.89,0,-0.9578037422473309,0,Random forest,0.005,-1.132571740861786,-2.194278703651867,0.005,-1.421690717818281,0,0,0,0
789,134456,0.31,0,-0.4580497348044861,0,Random forest,0.13,-0.7584853663405291,-1.2898086262708521,0.13,-0.8792484873522859,0,0,0,0
789,241445,10.7,1,0.9513803164213179,1,Random forest,0.95,2.1996363816354867,7.953247339258261,0.95,0.9701853404186067,1,1,1,1
789,276696,21.9,0,0.3121274290392215,0,Random forest,0.435,-0.33944412209496977,-0.7786003314875893,0.435,-0.23159144295419054,0,0,0,0
789,275992,634.3,1,0.08384969392889896,0,Random forest,0.115,-0.9513082073954522,-5.243317193714514,0.115,-0.2902588687193095,0,0,0,0
789,8312,1.0,1,0.9829873048935414,1,Random forest,1.0,1.8234251866628006,9.182942818805465,1.0,0.9348036612733764,1,1,1,1
789,178757,35.8,0,-0.9286514626719582,0,Random forest,0.075,-1.0700922458283817,-2.7291809556059756,0.075,-0.98975756960531,0,0,0,0
789,94042,21.72,0,-1.1246710842055847,0,Random forest,0.0,-1.3773196189105879,-2.7576324593732395,0.0,-1.1844977669139134,0,0,0,0
789,45349,1.0,0,-1.0806379933527197,0,Random forest,0.0,-1.150973791097692,-3.0771230746242577,0.0,-1.405486251157404,0,0,0,0
789,270179,19.35,0,-0.97903898229477,0,Random forest,0.0,-1.0219710294455233,-2.1353377308003916,0.0,-0.9697043968108539,0,0,0,0
789,245218,19.95,0,-1.184159979494148,0,Random forest,0.015,-1.502708805885771,-2.80867945106401,0.015,-1.2550908198518416,0,0,0,0
789,73417,1.0,0,-1.0506273452855364,0,Random forest,0.0,-1.0063309773736304,-2.309403154575574,0.0,-1.206228789898203,0,0,0,0
789,241134,59.29,0,-1.0892819107412186,0,Random forest,0.0,-1.5648591161522323,-3.1424565623050627,0.0,-1.7156209653250158,0,0,0,0
789,144108,310.42,1,0.4377141545382882,1,Random forest,0.915,2.915404527004794,7.998380858779776,0.915,0.8629638309122512,1,1,1,1
789,15591,17.99,0,-0.763612490512064,0,Random forest,0.345,-0.9613468974763821,-2.1926519822492097,0.345,-1.0470033400176006,0,0,0,0
789,93214,200.0,0,-0.9088202954664404,0,Random forest,0.0,-1.3645930611266304,-4.109630010732232,0.0,-1.265981653123521,0,0,0,0
789,30234,39.8,0,-0.8878404364694974,0,Random forest,0.01,-1.1696240881625217,-2.2575247825602656,0.01,-0.9810564999860363,0,0,0,0
789,223572,1.0,1,0.5191176552151425,1,Random forest,0.985,2.422171589200806,9.503465987823734,0.985,0.8536346821536102,1,1,1,1
789,213360,5.28,0,-0.34578669038369325,0,Random forest,0.04,-1.4859587550431173,-4.158629293145189,0.04,-0.4284168134730376,0,0,0,0
789,37193,55.75,0,-0.9882778658128635,0,Random forest,0.235,-0.9399249688908597,-2.3247712718757234,0.235,-1.078071483582301,0,0,0,0
789,183291,120.0,0,-1.1487070082970199,0,Random forest,0.0,-1.3454609910400983,-3.2552797408427643,0.0,-1.6290230959459793,0,0,0,0
789,95341,0.89,0,-1.033127942688654,0,Random forest,0.005,-1.080290383649672,-2.1738680033100386,0.005,-1.6465098123963888,0,0,0,0
789,281575,0.99,0,-0.761966932678436,0,Random forest,0.0,-0.930888973423021,-2.2343286853465565,0.0,-0.8722001949905238,0,0,0,0
789,282562,1.98,0,-0.42477622118220615,0,Random forest,0.01,-0.927299754755093,-2.1125140700988836,0.01,-0.9230126012885838,0,0,0,0
789,7773,59.91,0,-0.26845098537758927,0,Random forest,0.175,-0.5588445489469607,-1.5237797091560652,0.175,-0.8848434261560763,0,0,0,0
789,174060,469.0,0,-0.5661964226925313,0,Random forest,0.105,-1.3131455206320457,-3.4931545443014325,0.105,-0.7113586499470215,0,0,0,0
789,245268,3.7,0,-0.11035396650304152,0,Random forest,0.045,-1.145807409795941,-2.711577383912192,0.045,-0.49613427090951157,0,0,0,0
789,154371,2.28,1,0.66054811038106,1,Random forest,0.965,0.5400572411090342,34.30457691965589,0.965,0.5465481480856749,1,1,1,1
789,13319,511.0,0,-0.405259097541944,0,Random forest,0.03,-1.3779186941491066,-3.8930265564078796,0.03,0.4138401592328229,0,0,0,0
789,216843,9.99,0,-1.1268660920257128,0,Random forest,0.0,-1.517005404970795,-3.427450515585472,0.0,-1.5118256282873204,0,0,0,0
789,43178,380.1,0,-0.5402420878900254,0,Random forest,0.11,-1.0786987094571743,-3.5656193596983807,0.11,-1.1761917498043946,0,0,0,0
789,140394,33.17,0,0.31436402737907376,0,Random forest,0.465,-0.8745982817222011,-1.2015764198813623,0.465,-0.10259462538518693,0,0,0,0
789,15736,99.99,1,0.6724829815344756,1,Random forest,0.905,0.7711741322312075,20.918075093480837,0.905,0.7836678377048906,1,1,1,1
789,22532,0.89,0,-0.0963450443906444,0,Random forest,0.035,-0.3035004112223476,-0.6528521053536891,0.035,-0.08485386642050308,0,0,0,0
789,42741,459.07,1,0.7576730223029958,1,Random forest,0.965,1.9218612502086574,20.776239102205924,0.965,0.5774541037447786,1,1,1,1
789,213999,74.99,0,-1.1400313607429475,0,Random forest,0.0,-1.7983248716652194,-3.734375880467275,0.0,-1.2975356696914193,0,0,0,0
789,158584,151.33,0,0.20732270679900744,0,Random forest,0.545,-1.2787186923490295,-0.5454933521178682,0.545,-0.01871345976655181,0,0,0,0
789,188100,216.98,0,-0.7045321995570564,0,Random forest,0.02,-1.4411205030740117,-2.500347612952918,0.02,-0.4899341471564236,0,0,0,0
789,144754,323.77,1,0.21544864581068635,0,Random forest,0.275,-1.38603507719939,-2.4504844427771917,0.275,-0.023078570754905603,0,0,0,0
789,123673,75.78,0,-1.014490962648454,0,Random forest,0.005,-1.1854482858617914,-2.6865666510635045,0.005,-1.4815360118734886,0,0,0,0
789,249239,1096.99,1,-0.16017559243680612,0,Random forest,0.24,-0.10115019303907702,-7.794629214332182,0.24,0.3351292320803357,0,0,0,0
789,215994,270.0,0,0.13253404495265564,0,Random forest,0.435,-0.6379431869995822,-2.8242864539657457,0.435,0.3890524631061927,0,0,0,0
789,39103,48.85,0,-1.230353121759008,0,Random forest,0.01,-1.2154877059074896,-2.990408417362558,0.01,-1.4274741234982902,0,0,0,0
789,151007,1.0,1,0.41584850437548615,1,Random forest,0.97,0.7049172642783773,30.721505385427687,0.97,0.5509931192054331,1,1,1,1
789,233667,4.49,0,-1.0605717602465166,0,Random forest,0.0,-1.281924215629455,-2.3552140854469132,0.0,-1.7288331402030597,0,0,0,0
789,124115,1.0,1,0.8110769347454886,1,Random forest,0.985,1.1376476904039652,3.4243634307777735,0.985,0.7772366776706346,1,1,1,1
789,193441,4.48,0,-1.0929043333160589,0,Random forest,0.0,-1.2394301557370977,-2.2409303635351825,0.0,-1.69717182587836,0,0,0,0
789,76555,153.46,1,0.8189704514990388,1,Random forest,0.945,3.1646633283904206,13.695340502910547,0.945,0.7445101157145959,1,1,1,1
789,74794,311.91,1,0.4523438084489641,1,Random forest,0.345,-0.47473130668690033,-4.572226575154317,0.345,0.531136209106517,0,0,0,1
789,83053,6.27,1,0.38566707719195403,1,Random forest,0.985,1.4550769929920724,3.1894856227286845,0.985,0.765972980974079,1,1,1,1
789,184836,6.82,0,0.07606308144418017,0,Random forest,0.285,-0.8945178202237349,-2.9043595557252186,0.285,0.051675559649867975,0,0,0,0
789,203675,20.51,0,-0.9752943069774271,0,Random forest,0.005,-1.5914351700295521,-3.3086696511983424,0.005,-1.2046042334923595,0,0,0,0
789,239167,1.98,0,-1.0817320122932688,0,Random forest,0.01,-1.2874314468143775,-2.1099099997824644,0.01,-1.3038396679953173,0,0,0,0
789,83900,161.94,0,-1.0343237808228338,0,Random forest,0.01,-1.665221749457012,-3.779200578211152,0.01,-0.711738089206712,0,0,0,0
789,17823,29.95,0,-1.0400608388812194,0,Random forest,0.07,-1.1017767444079622,-2.6703477785864775,0.07,-1.0647285383173795,0,0,0,0
789,34108,79.0,0,-0.9454581237794146,0,Random forest,0.0,-1.374215393734053,-3.015012363492434,0.0,-1.166047834713132,0,0,0,0
789,193662,259.99,0,-0.8009577438780369,0,Random forest,0.09,-1.1772086403647075,-2.8106419022425047,0.09,-0.4217235008800886,0,0,0,0
789,237603,17.99,0,-1.0178894427085674,0,Random forest,0.02,-1.1037426322429555,-2.341236596997114,0.02,-0.5351349109113592,0,0,0,0
789,275908,106.99,0,-1.0602069003576473,0,Random forest,0.0,-1.7669488439934222,-3.962742009771641,0.0,-1.0215002424780761,0,0,0,0
789,87246,217.47,0,-0.7128152955891569,0,Random forest,0.025,-1.2551663450802837,-2.187867136059353,0.025,-0.8739797313860371,0,0,0,0
789,164746,8.73,0,0.5153963305742811,1,Random forest,0.25,-0.8235854326415095,-3.3030317615810985,0.25,-0.3301182625246022,0,0,0,0
789,144001,50.85,0,-0.9785480733672898,0,Random forest,0.055,-1.0351069258063934,-3.0619622668170554,0.055,-1.1307295282779455,0,0,0,0
789,30314,7.61,1,0.7004518543359155,1,Random forest,0.98,2.9129518012343967,12.84942711616999,0.98,0.6869171011875306,1,1,1,1
1000,160638,2.49,0,-1.010532972989284,0,Logistic regression,-4.254871505482975,-1.741919222757505,-4.254871505482975,0.0,-1.4338812868480515,0,0,0,0
1000,115465,259.0,0,-0.6816041651702249,0,Logistic regression,-2.079815483633566,-1.256030970593458,-2.079815483633566,0.025,-1.265676306978186,0,0,0,0
1000,154693,1.0,1,0.7420738140460623,1,Logistic regression,24.661311940452812,2.1807709780893223,24.661311940452812,0.99,0.4973456286594646,1,1,1,1
1000,190626,86.3,0,-1.2546233860448888,0,Logistic regression,-2.265694736188583,-1.2921590941298087,-2.265694736188583,0.01,-1.2365640608460386,0,0,0,0
1000,46656,65.0,0,-0.709981804187398,0,Logistic regression,-2.477117614821559,-1.1249312732791,-2.477117614821559,0.075,-0.8069221946578954,0,0,0,0
1000,73231,12.27,0,-0.9460976076371075,0,Logistic regression,-2.18650580407688,-1.1809875774430916,-2.18650580407688,0.175,-1.161885668471148,0,0,0,0
1000,202370,1.29,0,-0.9309646352293144,0,Logistic regression,-2.221287942202088,-1.0613631314723406,-2.221287942202088,0.28,-0.6540487935353638,0,0,0,0
1000,42696,88.23,1,0.42162503324629874,1,Logistic regression,42.59945202592308,1.4781973511513975,42.59945202592308,0.995,0.7257830297879143,1,1,1,1
1000,44644,16.85,0,-0.8106836704758551,0,Logistic regression,-3.5112150913025273,-1.026748301845121,-3.5112150913025273,0.125,-1.0645915859332997,0,0,0,0
1000,42590,5.3,1,0.6672918783604094,1,Logistic regression,42.226716906728996,1.2381119476385622,42.226716906728996,1.0,0.6828767423098939,1,1,1,1
1000,260468,407.0,0,-1.10409113043333,0,Logistic regression,-4.901075495941767,-1.6121157845495198,-4.901075495941767,0.01,-0.9888345849331516,0,0,0,0
1000,14170,99.99,1,0.34829735520207866,1,Logistic regression,42.819350111968944,1.092369290758839,42.819350111968944,0.965,0.3313733155347424,1,1,1,1
1000,24298,91.0,0,-1.098469343942143,0,Logistic regression,-3.926033100594503,-1.2510715674959663,-3.926033100594503,0.025,-0.8946164141207401,0,0,0,0
1000,69851,23.08,0,-1.1348378664992584,0,Logistic regression,-3.8649292522656165,-1.222620816230723,-3.8649292522656165,0.16,-1.032468367778385,0,0,0,0
1000,221594,39.9,0,-1.2461815528399698,0,Logistic regression,-3.2712816428124087,-1.5217608637091482,-3.2712816428124087,0.0,-1.313996675737424,0,0,0,0
1000,149626,2.0,0,-0.802893143131783,0,Logistic regression,-3.386095060195548,-1.3536047348054083,-3.386095060195548,0.195,-0.32401459486029255,0,0,0,0
1000,207030,192.4,0,-1.3047637959465241,0,Logistic regression,-5.243997518300082,-1.9474856170008508,-5.243997518300082,0.01,-1.4578306694718175,0,0,0,0
1000,159534,456.0,0,-0.710168944669008,0,Logistic regression,-4.803640057835404,-1.8407867156669058,-4.803640057835404,0.005,-0.9619656289589936,0,0,0,0
1000,34834,24.99,0,-0.8970345533739066,0,Logistic regression,-2.249164666477034,-1.2111069597057025,-2.249164666477034,0.075,-1.401457755780875,0,0,0,0
1000,49379,671.9,0,-0.6618466524011437,0,Logistic regression,1.809271722122594,-0.8915680161705636,1.809271722122594,0.365,-0.05716501534630512,0,1,0,1
1000,256412,169.43,0,-1.189359548467501,0,Logistic regression,-4.053355960206905,-1.8759697952623542,-4.053355960206905,0.015,-1.7337185048185024,0,0,0,0
1000,193380,206.0,0,0.12171034517209958,1,Logistic regression,-1.487717968059587,-0.8723329678192339,-1.487717968059587,0.13,-0.2679034604992201,0,0,0,0
1000,158799,21.38,0,-0.8401655921354283,0,Logistic regression,-4.771421261665139,-2.0858808927410886,-4.771421261665139,0.135,-0.75940574571444,0,0,0,0
1000,192927,5.98,0,-1.346105765162484,0,Logistic regression,-2.5586482192535946,-1.2500069561286287,-2.5586482192535946,0.06,-0.901618498268291,0,0,0,0
1000,39034,5.76,0,-0.8047563721023399,0,Logistic regression,-3.837352422760074,-1.4246098095123543,-3.837352422760074,0.0,-1.3449934336062233,0,0,0,0
1000,166375,1.79,0,-1.1924953686994184,0,Logistic regression,-2.098467814117079,-1.0220464022313642,-2.098467814117079,0.015,-1.0375083019283262,0,0,0,0
1000,275426,30.0,0,-0.9981751183928043,0,Logistic regression,-1.5181000116528367,-0.9392818682242544,-1.5181000116528367,0.03,-0.8446007778567158,0,0,0,0
1000,10755,5.4,0,-1.37422378473442,0,Logistic regression,-3.4008686075337016,-1.5831655879584945,-3.4008686075337016,0.0,-0.9773812784220549,0,0,0,0
1000,24871,250.0,0,-1.2987663111301604,0,Logistic regression,-2.0482875567444,-1.4036273364861014,-2.0482875567444,0.01,-1.3986620458180572,0,0,0,0
1000,19707,0.89,0,-0.6823557147334021,0,Logistic regression,-0.1426023975685442,-0.6928999559506018,-0.1426023975685442,0.145,0.33506457520083144,0,0,0,1
1000,229684,0.62,0,-0.8087317892159773,0,Logistic regression,-3.0842674880039267,-0.7490886079105284,-3.0842674880039267,0.065,-0.5572154730980535,0,0,0,0
1000,13355,89.99,0,-0.8448825162456279,0,Logistic regression,-2.301412679797937,-1.2655326067340296,-2.301412679797937,0.165,-0.5187001095835048,0,0,0,0
1000,155811,6.95,0,-1.27747632929602,0,Logistic regression,-3.8145785837129704,-1.7068062545845768,-3.8145785837129704,0.025,-0.5274419410532749,0,0,0,0
1000,269132,121.28,0,-1.180378234685222,0,Logistic regression,-2.299139660270874,-1.0927229712276807,-2.299139660270874,0.01,-1.3554517847800132,0,0,0,0
1000,163798,105.04,0,-1.1363647799505128,0,Logistic regression,-2.153300808821591,-1.1821893991454147,-2.153300808821591,0.015,-1.165063475341445,0,0,0,0
1000,83053,6.27,1,0.3490370576245121,1,Logistic regression,9.475990336701853,1.333371321216731,9.475990336701853,0.93,0.6461650912421946,1,1,1,1
1000,207130,0.89,0,-1.0668555156455757,0,Logistic regression,-2.8939738159510737,-1.3008805185962,-2.8939738159510737,0.0,-1.2631638368489626,0,0,0,0
1000,62353,30.99,0,-0.9698741868487504,0,Logistic regression,-2.6067154577738902,-1.4290460097176272,-2.6067154577738902,0.01,-1.432253786465237,0,0,0,0
1000,56703,0.76,1,-0.9757572294030419,0,Logistic regression,-1.2103036629623507,-0.5878771099446841,-1.2103036629623507,0.14,-0.4392287875792259,0,0,0,0
1000,4960,96.27,0,-0.8394036842346133,0,Logistic regression,-2.1290364151500407,-0.5478163895460079,-2.1290364151500407,0.125,-0.29428549867397163,0,0,0,0
1000,280149,77.89,1,0.19642444039163154,1,Logistic regression,5.875309167807207,0.2351244387415249,5.875309167807207,0.895,0.4422430841666969,1,1,1,1
1000,92777,294.9,1,0.8563481044838777,1,Logistic regression,19.528470287153706,2.3146670714165185,19.528470287153706,0.99,0.4135943945732583,1,1,1,1
1000,72430,102.43,0,-1.1762545614817914,0,Logistic regression,-2.3096936044448304,-1.541328847667426,-2.3096936044448304,0.04,-1.2039172974779608,0,0,0,0
1000,11841,1.0,1,0.3831459302668594,1,Logistic regression,47.154172635120396,1.6930488391394256,47.154172635120396,0.96,0.12299542527141849,1,1,1,1
1000,186942,11.83,0,-0.8844960532145745,0,Logistic regression,-3.0533910323013655,-1.4041828667741099,-3.0533910323013655,0.025,-1.1613355131807432,0,0,0,0
1000,130709,101.94,0,-0.7517530119219116,0,Logistic regression,-3.4339742095222263,-1.2146081588844275,-3.4339742095222263,0.08,-0.21217763088703318,0,0,0,0
1000,167096,18.59,0,0.16121908845020033,1,Logistic regression,-2.1493081748166594,-1.0606852625863024,-2.1493081748166594,0.06,-0.8559918327360003,0,0,0,0
1000,17453,99.99,1,0.9795958164384919,1,Logistic regression,46.623820148001116,0.9789826385806724,46.623820148001116,0.925,0.9509856179107047,1,1,1,1
1000,281144,245.0,1,0.592184285811714,1,Logistic regression,11.46817295209211,1.6420460011925972,11.46817295209211,0.945,0.7315445680961727,1,1,1,1
1000,91009,1.98,0,-0.9457900977697458,0,Logistic regression,-3.0127413865053123,-1.3685977786239407,-3.0127413865053123,0.04,-1.302215025316867,0,0,0,0
1000,18635,0.68,0,-0.7497214420369107,0,Logistic regression,-3.083201580989832,-1.3115719349041366,-3.083201580989832,0.025,-0.9938435642079032,0,0,0,0
1000,87606,1.0,0,-1.043596158837405,0,Logistic regression,-3.066676844740141,-1.4793499315466754,-3.066676844740141,0.005,-1.085007660099735,0,0,0,0
1000,113393,0.89,0,-1.0115286377244301,0,Logistic regression,-5.883034781801545,-1.5409051011567905,-5.883034781801545,0.005,-1.1993417448649488,0,0,0,0
1000,232565,44.95,0,-0.7939606001540234,0,Logistic regression,-3.1265228097433884,-1.2362037604659628,-3.1265228097433884,0.01,-1.2341012596808654,0,0,0,0
1000,96762,9.98,0,-1.2977189845875179,0,Logistic regression,-3.237330481429158,-1.32916345095951,-3.237330481429158,0.005,-1.234974391535553,0,0,0,0
1000,193257,50.0,0,-0.9724995067399165,0,Logistic regression,-3.9668831876793096,-2.0534901531090206,-3.9668831876793096,0.125,-0.4980958066450146,0,0,0,0
1000,226517,4.99,0,-1.1360301549042506,0,Logistic regression,-1.9996463581347734,-1.2455033962152529,-1.9996463581347734,0.02,-1.2407046520728933,0,0,0,0
1000,283004,8.1,0,-1.3911418509126563,0,Logistic regression,-2.4947296869480775,-1.4822731297840877,-2.4947296869480775,0.085,-1.5870763624292565,0,0,0,0
1000,260505,1.98,0,-0.9784432599572621,0,Logistic regression,-2.844993867767201,-1.1186893437347667,-2.844993867767201,0.035,-1.0283208564191417,0,0,0,0
1000,267740,8.96,0,-1.1252602009234491,0,Logistic regression,-4.1926446987728445,-1.5080014624281777,-4.1926446987728445,0.01,-1.5217804414609966,0,0,0,0
1000,121068,14.1,0,-0.593557560557006,0,Logistic regression,-2.1550275524834532,-1.4351803815844408,-2.1550275524834532,0.2,-1.1782300495349867,0,0,0,0
1000,56051,11.9,0,-1.2986383939695814,0,Logistic regression,-3.503396671200429,-1.4207516714979214,-3.503396671200429,0.08,-1.453995851734958,0,0,0,0
1000,150473,15.99,0,-1.0316481028833189,0,Logistic regression,-2.371156451606068,-1.0323569294043997,-2.371156451606068,0.005,-0.5660302347131743,0,0,0,0
1000,39183,776.83,1,-0.31236830526239484,0,Logistic regression,0.30027462791410797,-0.4059471879336395,0.30027462791410797,0.415,-0.15217261157619139,0,0,0,0
1000,2906,16.15,0,-0.6666260030256663,0,Logistic regression,0.2273296017566906,-0.5010277843490075,0.2273296017566906,0.14,-0.8893525294743286,0,0,0,0
1000,197674,34.09,0,-1.2692021589625808,0,Logistic regression,-3.7624153954509962,-1.6451176647003711,-3.7624153954509962,0.015,-1.693171159594318,0,0,0,0
1000,8335,1.0,1,0.793132412028458,1,Logistic regression,40.641078831387816,0.9675535528291341,40.641078831387816,1.0,0.87836322419801,1,1,1,1
1000,38021,247.83,0,-0.8138622595200091,0,Logistic regression,-2.563120146721168,-1.194496223438605,-2.563120146721168,0.12,0.061657750365085154,0,0,0,1
1000,237093,544.0,0,-0.5141793203737794,0,Logistic regression,-4.556143629336077,-1.084964960661337,-4.556143629336077,0.075,-0.8276022159661792,0,0,0,0
1000,106104,37.79,0,-0.9600450923803094,0,Logistic regression,-2.1504284877373765,-1.24498528120587,-2.1504284877373765,0.01,-1.423180307119307,0,0,0,0
1000,116651,1.98,0,-1.0027003754588957,0,Logistic regression,-5.573394762380632,-1.3727895556028011,-5.573394762380632,0.005,-1.1506295683672136,0,0,0,0
1000,22825,22.7,0,-1.504290339997244,0,Logistic regression,-2.3727486378627054,-1.3982045251964408,-2.3727486378627054,0.005,-1.1719508234723992,0,0,0,0
1000,46909,1.0,1,0.6638866017792175,1,Logistic regression,25.828015795604255,2.3447185653872484,25.828015795604255,1.0,0.32825877958062716,1,1,1,1
1000,231567,10.8,0,-0.660219158278309,0,Logistic regression,-5.551143387726321,-1.185625325583361,-5.551143387726321,0.0,-0.7628941831222652,0,0,0,0
1000,11391,11.85,0,-1.3552872739703778,0,Logistic regression,-4.26846668704612,-1.797427190528193,-4.26846668704612,0.005,-0.8669335935933495,0,0,0,0
1000,80760,113.92,1,0.4053563276067485,1,Logistic regression,13.910279277063477,1.3219652395204702,13.910279277063477,0.91,0.5888580779372284,1,1,1,1
1000,150980,6.16,0,-0.7079364749556996,0,Logistic regression,-5.623361948792632,-1.9109431127476064,-5.623361948792632,0.03,-0.5979722275391527,0,0,0,0
1000,126063,1.98,0,-1.1343279534547681,0,Logistic regression,-1.9243486726861792,-0.8921989563324616,-1.9243486726861792,0.085,-1.2202668116318067,0,0,0,0
1000,154919,6.78,0,-1.0457406505401132,0,Logistic regression,-2.4419713012491604,-0.9887171605752475,-2.4419713012491604,0.15,-0.5326899914898859,0,0,0,0
1000,61691,269.95,0,-0.8305995595553375,0,Logistic regression,-4.5189055503255195,-1.7225348257000679,-4.5189055503255195,0.015,-1.090301038966154,0,0,0,0
1000,172460,64.17,0,-0.4562623914733887,0,Logistic regression,-1.1680157677939171,-0.998825518818851,-1.1680157677939171,0.165,-0.8924348981830422,0,0,0,0
1000,15166,99.99,1,0.4084204375034134,1,Logistic regression,43.486864163179405,0.9992615985823545,43.486864163179405,0.955,0.6469339255490196,1,1,1,1
1000,182392,1218.4,0,-0.34104054522743193,0,Logistic regression,0.4976641417005765,-0.6260855371066384,0.4976641417005765,0.1,-0.1873509309204568,0,1,0,0
1000,143334,0.0,1,0.3909269114195639,1,Logistic regression,28.9022857017387,2.579489804948389,28.9022857017387,1.0,0.47674355696587495,1,1,1,1
1000,225304,1.46,0,-0.6901889713148868,0,Logistic regression,-1.6819123009937724,-0.734539371132647,-1.6819123009937724,0.175,-1.1420240983824645,0,0,0,0
1000,193325,59.88,0,-1.2817238469445544,0,Logistic regression,-1.7031471613098146,-1.11669956022165,-1.7031471613098146,0.045,-1.1843680832880827,0,0,0,0
1000,65442,59.74,0,-1.355277803364622,0,Logistic regression,-3.2527827714326616,-1.413815667418631,-3.2527827714326616,0.005,-1.380744547446263,0,0,0,0
1000,11692,24.0,0,-1.3499020351800528,0,Logistic regression,-3.471907099890992,-1.4542965427983212,-3.471907099890992,0.005,-0.7169173924469634,0,0,0,0
1000,179151,17.02,0,-0.9314974143497612,0,Logistic regression,-4.091452476899015,-1.327990460226732,-4.091452476899015,0.06,-1.2764951336343036,0,0,0,0
1000,45732,1.0,1,0.5286153585310334,1,Logistic regression,14.171993295459789,2.1890090629632892,14.171993295459789,0.94,0.5680928553333984,1,1,1,1
1000,218760,1.98,0,-0.9981732068301954,0,Logistic regression,-1.9949483862559447,-1.0238353098676436,-1.9949483862559447,0.045,-1.3603328953377194,0,0,0,0
1000,206838,13.37,0,-1.2014615026885263,0,Logistic regression,-1.2898533356313846,-1.1755092853526143,-1.2898533356313846,0.01,-0.9450681813191909,0,0,0,0
1000,42218,11.5,0,-1.1817906654281525,0,Logistic regression,-3.497012255564944,-1.444363170033668,-3.497012255564944,0.0,-1.5223236973807182,0,0,0,0
1000,249239,1096.99,1,-0.5815082153446782,0,Logistic regression,-0.33920587798803203,-0.9306984619828172,-0.33920587798803203,0.13,-0.3647599790345043,0,0,0,0
1000,165175,77.71,0,0.30501776811120296,1,Logistic regression,-0.4839049559497479,-0.05005795895145304,-0.4839049559497479,0.22,-0.5469347354230251,1,0,0,0
1000,278123,15.0,0,-0.9782041786223259,0,Logistic regression,-5.075431020861919,-2.03487600085145,-5.075431020861919,0.045,-1.423013829231705,0,0,0,0
1000,234528,26.01,0,-1.2317205774530728,0,Logistic regression,-2.4382305685076027,-1.2994845755999096,-2.4382305685076027,0.035,-1.3157984695742253,0,0,0,0
1000,73015,41.5,0,-1.2847970101914703,0,Logistic regression,-3.483848899861856,-1.5369244652085037,-3.483848899861856,0.005,-1.5496466666056867,0,0,0,0
1000,177384,22.39,0,-0.18683421371325054,0,Logistic regression,-3.012566183026074,-1.233890384397251,-3.012566183026074,0.125,-0.4913397603116866,0,0,0,0
1000,241808,22.4,0,-1.2210145629839761,0,Logistic regression,-4.916431052727564,-1.553140997963403,-4.916431052727564,0.01,-1.1382457101308316,0,0,0,0
1000,48788,0.77,0,-1.3663149724421364,0,Logistic regression,-3.2516124585854316,-1.564423750622181,-3.2516124585854316,0.15,-0.27763507840342017,0,0,0,0
1000,114132,16.81,0,-1.1956655620438486,0,Logistic regression,-3.033527884202048,-1.3622577613340674,-3.033527884202048,0.0,-1.3088047622942642,0,0,0,0
1000,74794,311.91,1,-0.1849972079820451,0,Logistic regression,-2.6872222544596873,0.34038220547702747,-2.6872222544596873,0.415,0.1268889254356044,1,0,0,1
1000,17317,99.99,1,0.6554106622013041,1,Logistic regression,46.04018798758048,1.0314934363937076,46.04018798758048,0.975,1.0679594426501742,1,1,1,1
1000,33905,12.0,0,-1.2917543489998904,0,Logistic regression,-4.651856270194986,-1.4854307827612447,-4.651856270194986,0.0,-1.0063146475615663,0,0,0,0
1000,28156,234.0,0,-1.03054761563835,0,Logistic regression,-1.3088002527657732,-1.2176360620803512,-1.3088002527657732,0.07,-1.5025638801550203,0,0,0,0
1000,275357,21.68,0,-1.0138334823950987,0,Logistic regression,-4.684581063292519,-1.8462621926626226,-4.684581063292519,0.035,-1.4028791641671645,0,0,0,0
1000,183235,10.74,0,-1.0369322834139818,0,Logistic regression,-1.960466449305794,-1.0415060027989957,-1.960466449305794,0.045,-1.3816946850937943,0,0,0,0
1000,133622,0.76,0,-1.0082617779858785,0,Logistic regression,-4.811252023176235,-1.3811846520251763,-4.811252023176235,0.08,-1.0187607378121781,0,0,0,0
1000,13169,1.78,0,-1.2463776452277662,0,Logistic regression,-2.167434711084396,-1.0573892514283463,-2.167434711084396,0.015,-0.6905925218417375,0,0,0,0
1000,154234,1.0,1,0.2975274464892285,1,Logistic regression,51.99505531266138,0.6171089999707986,51.99505531266138,0.95,0.118301482782272,1,1,1,1
1000,29954,17.74,0,-1.2391753177134506,0,Logistic regression,-2.3600310825109707,-1.1139129484730308,-2.3600310825109707,0.0,-1.5324884750678187,0,0,0,0
1000,157918,635.1,1,-1.3645000574735717,0,Logistic regression,-2.85250404702251,-1.5615327320156829,-2.85250404702251,0.015,-0.08535905661328623,0,0,0,0
1000,108012,28.0,0,-0.39186354123500783,0,Logistic regression,-1.5315714225628303,-0.42639107623076355,-1.5315714225628303,0.095,-1.068803620162198,0,0,0,0
1000,279307,29.95,0,-0.9189405641636352,0,Logistic regression,-4.3246280946444475,-1.3647668976326512,-4.3246280946444475,0.04,-1.4721818443877719,0,0,0,0
1000,271984,0.99,0,-1.1310147295956412,0,Logistic regression,-4.732296763304913,-1.954785559296174,-4.732296763304913,0.02,-1.3575130840309375,0,0,0,0
1000,35382,235.0,0,-0.7629861457381775,0,Logistic regression,-6.156723097651565,-1.560904432898714,-6.156723097651565,0.005,-0.6365990089611223,0,0,0,0
1000,194442,7.59,0,-1.2080329482577894,0,Logistic regression,-2.331391834659036,-1.3902902585934056,-2.331391834659036,0.11,-0.9514792332784584,0,0,0,0
1000,82543,60.67,0,-1.313365344107161,0,Logistic regression,-3.4012053092217505,-1.7515775675266623,-3.4012053092217505,0.035,-1.1099306296551859,0,0,0,0
1000,80702,76.0,0,-1.1413751240777856,0,Logistic regression,-3.4414367420552585,-1.246042280874244,-3.4414367420552585,0.215,-0.5788027984529225,0,0,0,0
1000,216885,1.18,0,-0.9362745589325494,0,Logistic regression,-3.887746296499519,-1.9883885114098598,-3.887746296499519,0.045,-1.4240720621597749,0,0,0,0
1000,154371,2.28,1,0.29610399661828624,1,Logistic regression,58.9199438193828,0.48070672936173847,58.9199438193828,0.935,0.11799462709029632,1,1,1,1
1000,140786,1.0,1,0.4486624656646213,1,Logistic regression,21.89024717371312,2.633816105343112,21.89024717371312,0.995,0.7901683813868033,1,1,1,1
1000,205168,137.5,0,-1.3018536449895284,0,Logistic regression,-3.692823981020359,-1.5539885563219693,-3.692823981020359,0.0,-1.2524443868479067,0,0,0,0
1000,100967,138.87,0,-0.9402929963823992,0,Logistic regression,-0.666744691896717,-0.8909165193243086,-0.666744691896717,0.11,-1.242350647040962,0,0,0,0
1000,50799,535.54,0,-0.8903041090826913,0,Logistic regression,-0.3668854046852943,-0.8802299018379144,-0.3668854046852943,0.41,-1.066590067885564,0,0,0,0
1000,17366,99.99,1,0.8780183590503807,1,Logistic regression,46.23481076522417,1.0177125148010477,46.23481076522417,0.975,1.0389967856490625,1,1,1,1
1000,46998,204.27,1,0.48237516684923126,1,Logistic regression,7.370093656847111,0.7101443918297604,7.370093656847111,0.985,0.5491765229241281,1,1,1,1
1000,58464,24.99,0,-1.1565382979566567,0,Logistic regression,-1.2917672190713365,-1.0339635282798412,-1.2917672190713365,0.225,-0.9047117838913329,0,0,0,0
1000,149357,38.76,1,0.5180219298277906,1,Logistic regression,7.708059397828368,0.8996559228360629,7.708059397828368,0.86,0.3098133019906771,1,1,1,1
1000,131674,56.94,0,-1.1096058257652108,0,Logistic regression,-2.0493496918590663,-1.0822963358794766,-2.0493496918590663,0.095,-0.7260562712043244,0,0,0,0
1000,250083,49.35,0,-0.4258895728459878,0,Logistic regression,-2.5846548245958463,-0.5828178875859641,-2.5846548245958463,0.375,-0.5133545276306567,0,0,0,0
1000,156990,186.13,1,0.7991125654069511,1,Logistic regression,18.77446611664955,2.2212051207232895,18.77446611664955,0.99,0.6656469444693053,1,1,1,1
1000,269372,413.84,0,-0.5882238380719522,0,Logistic regression,-1.289155919418614,-1.0485665153843193,-1.289155919418614,0.115,-1.1603170960110483,0,0,0,0
1000,227974,20.64,0,-1.021687109863065,0,Logistic regression,-1.768262802941509,-1.0246993760441354,-1.768262802941509,0.04,-1.1791482055651448,0,0,0,0
1000,144662,9.99,0,-1.3317816389023156,0,Logistic regression,-2.033621615608265,-1.2315610091623181,-2.033621615608265,0.175,-1.2312573859000309,0,0,0,0
1000,150680,104.03,1,0.6355669193878843,1,Logistic regression,44.59278777403895,1.5290207362638366,44.59278777403895,0.91,0.3162777718373072,1,1,1,1
1000,118206,38.5,0,-0.885703364309389,0,Logistic regression,-5.37707144607557,-1.3564509603912929,-5.37707144607557,0.01,-0.9690060771497647,0,0,0,0
1000,273582,9.99,0,-1.0552910412962466,0,Logistic regression,-1.7944558267797082,-1.1376202634730808,-1.7944558267797082,0.005,-0.98133485402677,0,0,0,0
1000,275992,634.3,1,-0.6988588653461492,0,Logistic regression,-2.088779341985755,-0.949347029116956,-2.088779341985755,0.06,-0.7333294690304604,0,0,0,0
1000,56276,1.98,0,-1.1932619123450214,0,Logistic regression,-3.5562861042026377,-1.5567369856194206,-3.5562861042026377,0.005,-1.7631312954029184,0,0,0,0
1000,160373,0.89,0,-1.617743855988106,0,Logistic regression,-3.722617863255137,-1.5522857159160681,-3.722617863255137,0.015,-1.2474702074279385,0,0,0,0
1000,781,50.0,0,-1.0895586705394182,0,Logistic regression,-2.439090460812613,-1.2715634224369419,-2.439090460812613,0.02,-1.193272321008363,0,0,0,0
1000,4914,47.98,0,-1.1160632527432588,0,Logistic regression,-2.8400406125993216,-1.5609149909719964,-2.8400406125993216,0.035,-0.97748200454722,0,0,0,0
1000,110416,9.98,0,-1.028156687787852,0,Logistic regression,-1.7158040142086792,-0.9842350938595058,-1.7158040142086792,0.065,-1.1432426315511073,0,0,0,0
1000,205149,84.95,0,-1.1172939557545538,0,Logistic regression,-1.5736819368763817,-1.008813189661205,-1.5736819368763817,0.065,-0.8874599594666414,0,0,0,0
1000,42700,30.26,1,0.5072938089842608,1,Logistic regression,42.643685432790306,1.3728385200666975,42.643685432790306,1.0,0.6952729598211279,1,1,1,1
1000,196143,45.0,0,-0.9687159401758059,0,Logistic regression,-6.459557158573641,-1.77458187886897,-6.459557158573641,0.02,-0.9850436549029394,0,0,0,0
1000,16863,730.86,1,0.2210346715656854,1,Logistic regression,13.738740199670511,0.7034350911911792,13.738740199670511,0.875,0.08537272125544434,1,1,1,1
1000,192066,184.99,0,-1.2839046448542863,0,Logistic regression,-2.4755371408166225,-1.4686716802637623,-2.4755371408166225,0.035,-1.2208202363939251,0,0,0,0
1000,127133,1.0,0,-1.1899976996513097,0,Logistic regression,-2.386600860800943,-1.1597627444507035,-2.386600860800943,0.025,-0.7783789750949145,0,0,0,0
1000,71504,110.28,0,-1.3140521341985827,0,Logistic regression,-2.517324600402997,-1.4316047821935154,-2.517324600402997,0.0,-1.3377197922579505,0,0,0,0
1000,19716,1.79,0,-1.1377901104710064,0,Logistic regression,-2.2154119503346275,-1.042268869468689,-2.2154119503346275,0.04,-1.6084789458151971,0,0,0,0
1000,246558,29.76,0,-0.5178733753090519,0,Logistic regression,-3.188901192136057,-1.746267760528665,-3.188901192136057,0.175,-0.6378163482038065,0,0,0,0
1000,248317,238.62,0,-0.8397352407498708,0,Logistic regression,-3.3186659611791507,-1.6768793988344326,-3.3186659611791507,0.0,-1.415194682648253,0,0,0,0
1000,216094,12.57,0,-1.0650381115570156,0,Logistic regression,-6.27455798864236,-2.0638973300054753,-6.27455798864236,0.005,-1.5603537539200694,0,0,0,0
1000,190351,4.19,0,-0.16163672918241134,0,Logistic regression,-0.8219945214176014,-0.5129206638717018,-0.8219945214176014,0.11,-0.6150458793248893,0,0,0,0
1000,11146,11.85,0,-1.3841473453909707,0,Logistic regression,-3.435563095585727,-1.5741574979527977,-3.435563095585727,0.0,-0.8844572993798091,0,0,0,0
1000,53929,7.0,0,-1.1154544976685659,0,Logistic regression,-2.651135885893127,-1.2791227369646796,-2.651135885893127,0.095,-1.4219495087646408,0,0,0,0
1000,143158,7.56,0,0.11579927157187092,1,Logistic regression,-0.49588977504747755,-0.6439224598761991,-0.49588977504747755,0.44,-1.00695851271881,0,0,0,0
1000,218024,12.13,0,-1.216521382687741,0,Logistic regression,-2.7651481883667914,-1.2746198023267885,-2.7651481883667914,0.03,-0.6568093210363692,0,0,0,0
1000,12108,1.0,1,0.2964718994114875,1,Logistic regression,48.04102831657278,1.786423532066792,48.04102831657278,0.98,0.12140566961578644,1,1,1,1
1000,225879,36.0,0,-1.3225367620698045,0,Logistic regression,-3.6409135545493507,-1.7824010203799254,-3.6409135545493507,0.065,-1.5838933887471685,0,0,0,0
1000,237508,23.63,0,-1.0240571734944164,0,Logistic regression,-3.9121146506664646,-1.3774131047366245,-3.9121146506664646,0.035,-0.7535121813530903,0,0,0,0
1000,55401,1.0,1,-0.9967654432451909,0,Logistic regression,-1.6404878519683572,-1.1043055563201598,-1.6404878519683572,0.215,-1.1188452458117277,0,0,0,0
1000,33242,106.0,0,-1.070501516995638,0,Logistic regression,-2.6129352445145004,-0.8309376852960976,-2.6129352445145004,0.09,-0.787064015818799,0,0,0,0
1000,146647,52.06,0,-0.9345367598342735,0,Logistic regression,-3.504379073993836,-1.432426637231739,-3.504379073993836,0.05,-0.7524511550611108,0,0,0,0
1000,160631,1.0,0,-1.1138456456447252,0,Logistic regression,-6.806889080542935,-1.9627240704216642,-6.806889080542935,0.0,-1.2868769431690177,0,0,0,0
1000,56497,20.0,0,-1.0729761691980002,0,Logistic regression,-1.5007305164746294,-0.8786813446790943,-1.5007305164746294,0.08,-1.2594301747612133,0,0,0,0
1000,249637,12.0,0,-0.6996931468071279,0,Logistic regression,-3.749782116687199,-1.7377204124261239,-3.749782116687199,0.015,-1.4679106275176483,0,0,0,0
1000,276071,19.95,1,-1.2809734507801938,0,Logistic regression,-3.251628173444825,-1.6709449409863408,-3.251628173444825,0.035,-0.9979983416168842,0,0,0,0
1000,244792,105.9,0,-0.8913245157884255,0,Logistic regression,-4.936397206445227,-1.8057145186690988,-4.936397206445227,0.045,-0.6680486257743988,0,0,0,0
1000,41243,7.0,0,-1.276040400359629,0,Logistic regression,-1.5828100190389394,-1.3037179253418927,-1.5828100190389394,0.015,-0.9561720488623507,0,0,0,0
1000,208835,35.18,0,-0.7128020552729419,0,Logistic regression,-4.425341607886137,-1.7237972910894617,-4.425341607886137,0.03,-1.1587290711713776,0,0,0,0
1000,234369,14.34,0,-1.582809659825686,0,Logistic regression,-3.17136440102467,-1.7162168794625723,-3.17136440102467,0.015,-0.8837213932924016,0,0,0,0
1000,221335,90.0,0,-1.0447818722451039,0,Logistic regression,-3.1654658530929876,-1.6358247293320742,-3.1654658530929876,0.015,-1.322907384490068,0,0,0,0
1000,235574,318.0,0,-0.7083271132767399,0,Logistic regression,-2.7734793550442927,-1.1625056021231512,-2.7734793550442927,0.01,-1.1537239208902577,0,0,0,0
1000,150677,30.31,1,0.7528419579040626,1,Logistic regression,45.71630208766575,1.5729702500507599,45.71630208766575,0.82,0.23022280630951442,1,1,1,1
1000,60872,14.05,0,-1.1071117380313376,0,Logistic regression,-2.710025937052569,-1.3524353860268032,-2.710025937052569,0.01,-1.258120200079517,0,0,0,0
1000,103272,12.95,0,-0.732743708085746,0,Logistic regression,-1.5260364786366474,-0.7282656712846646,-1.5260364786366474,0.045,-1.3358992317144962,0,0,0,0
1000,77099,5.0,1,0.5945821074210338,1,Logistic regression,14.668867016237694,2.3974813566270172,14.668867016237694,0.985,0.8317196986601375,1,1,1,1
1000,102717,78.26,0,-1.0138087917945162,0,Logistic regression,-2.9479839911666046,-1.6066045469609316,-2.9479839911666046,0.015,-1.696811793870795,0,0,0,0
1000,206177,1.0,0,-1.1895406429373374,0,Logistic regression,-1.5413562118751722,-1.1509948393342748,-1.5413562118751722,0.12,-1.3502527718917758,0,0,0,0
1000,43477,25.79,0,-1.2870075885875543,0,Logistic regression,-4.219941457300545,-1.6393076895452188,-4.219941457300545,0.01,-1.3309056233378573,0,0,0,0
1000,132108,1.79,0,-1.0963847033839922,0,Logistic regression,-1.907184892784229,-1.01762222703152,-1.907184892784229,0.065,-1.3610306102466287,0,0,0,0
1000,37297,127.35,0,-1.0482538667286667,0,Logistic regression,-2.829572589069495,-1.1028486315477517,-2.829572589069495,0.06,-0.9341981779388134,0,0,0,0
1000,69381,12.99,0,-0.6813886600468149,0,Logistic regression,-2.184802858727755,-1.1363483400027388,-2.184802858727755,0.1,-1.4479355567890564,0,0,0,0
1000,151730,18.96,1,0.2708532776168558,1,Logistic regression,11.426434594916314,0.6973619101979424,11.426434594916314,0.8,0.21107143985117766,1,1,1,1
1000,212164,25.0,0,-0.8958754205894932,0,Logistic regression,-0.9450855721265883,-1.0387474997583244,-0.9450855721265883,0.17,-0.8440033176162983,0,0,0,0
1000,219371,10.0,0,-0.955139784424754,0,Logistic regression,-2.8920658000828245,-1.4252309546968966,-2.8920658000828245,0.065,-1.143889620728013,0,0,0,0
1000,9442,9.91,0,-0.7306557408717151,0,Logistic regression,-3.6338182450090697,-1.2286752770700264,-3.6338182450090697,0.03,-0.871866231597244,0,0,0,0
1000,57094,29.99,0,-0.5607486220506557,0,Logistic regression,-1.4020305291157926,-1.1395929879676219,-1.4020305291157926,0.445,-0.47680021142133266,0,0,0,0
1000,28390,64.95,0,-0.8677524298321138,0,Logistic regression,-2.855023141466721,-1.0866729918934253,-2.855023141466721,0.105,-0.901717607940529,0,0,0,0
1000,247747,38.53,0,0.2556208630022146,1,Logistic regression,-1.4758837891696766,-0.552574884929088,-1.4758837891696766,0.44,-0.460354578066718,0,0,0,0
1000,176060,201.23,0,-0.4063179199810579,0,Logistic regression,-0.9757605389233375,-1.1487183501450016,-0.9757605389233375,0.035,-0.8990012192501763,0,0,0,0
1000,107325,158.0,0,-0.5786246894360785,0,Logistic regression,-4.566610811484941,-1.5669723278771306,-4.566610811484941,0.025,-0.4742179488025836,0,0,0,0
1000,147181,12.99,0,-1.383632724807361,0,Logistic regression,-2.902497274832382,-1.4499535282865317,-2.902497274832382,0.0,-1.5476267674365864,0,0,0,0
1000,43516,12.0,0,-0.8637874814597974,0,Logistic regression,-2.159222986198235,-1.1447987508915007,-2.159222986198235,0.075,-1.4408185483108331,0,0,0,0
1000,163149,17.06,1,0.992941740163346,1,Logistic regression,11.519616961014233,1.2152214196801374,11.519616961014233,0.985,1.0554758669691477,1,1,1,1
1000,143883,20.99,0,0.01655904046179868,0,Logistic regression,-0.05153693222871358,-0.35493199923916297,-0.05153693222871358,0.18,-0.8362175213625431,0,0,0,0
1000,185318,74.42,0,0.056605949110235254,0,Logistic regression,-2.1053726240460984,-0.7177634551038626,-2.1053726240460984,0.095,-0.9289578838912796,0,0,0,0
1000,257583,26.0,0,-0.7473081441613747,0,Logistic regression,-4.55071334626567,-1.3352713458893906,-4.55071334626567,0.1,-0.9205834202742001,0,0,0,0
1000,6329,1.0,1,0.21417521569776743,1,Logistic regression,4.921899522993677,1.751260749963897,4.921899522993677,0.715,0.3803648758701085,1,1,1,1
1000,107637,824.83,1,0.10029418784520155,1,Logistic regression,12.58918880115319,1.0629109436063038,12.58918880115319,0.94,0.10953822640538917,1,1,1,1
1000,219461,4.98,0,-0.7751773414136773,0,Logistic regression,-1.2770152742874765,-1.0927986235462193,-1.2770152742874765,0.09,-0.8054387948069052,0,0,0,0
1000,177026,274.0,0,-1.4036380573684097,0,Logistic regression,-4.226392823692703,-1.6916097761287254,-4.226392823692703,0.01,-1.5149017099266844,0,0,0,0
1000,52854,0.89,0,-1.0630496891983758,0,Logistic regression,-2.567487422343314,-1.0609640716335758,-2.567487422343314,0.02,-1.2336283717105316,0,0,0,0
1000,102284,1.29,0,-1.1505996983620748,0,Logistic regression,-2.1705141253973883,-0.9910259677111578,-2.1705141253973883,0.02,-1.532996128815609,0,0,0,0
1000,623,529.0,1,-0.5320804617246124,0,Logistic regression,-1.346385313234834,-0.7377548154054924,-1.346385313234834,0.18,-0.18202546910620843,0,0,0,0
1000,120955,23.98,0,-1.2537338432456342,0,Logistic regression,-2.0969033359737654,-1.5229536440761535,-2.0969033359737654,0.04,-1.0395319899146156,0,0,0,0
1000,58422,208.58,1,-0.6747009659986376,0,Logistic regression,-2.445375779936491,-0.8826833598665761,-2.445375779936491,0.355,-0.820389519325885,0,0,0,0
1000,113573,104.45,0,-1.1703704217653665,0,Logistic regression,-5.337614705491003,-1.57133106003917,-5.337614705491003,0.01,-1.0908943498010555,0,0,0,0
1000,39057,7.26,0,-0.8038629083567876,0,Logistic regression,-1.2269684029262533,-0.8253718652103784,-1.2269684029262533,0.045,-1.2281419086514662,0,0,0,0
1000,90636,102.0,0,-1.3889848724532476,0,Logistic regression,-3.4471067691901425,-1.5450401905838866,-3.4471067691901425,0.0,-1.5117329486933526,0,0,0,0
1000,231288,0.99,0,-1.082081363453162,0,Logistic regression,-2.467767926193539,-1.3967282891009702,-2.467767926193539,0.085,-0.6410934921093223,0,0,0,0
1000,56287,20.0,0,-0.70245658299867,0,Logistic regression,-1.1418345230594926,-0.9049616321098072,-1.1418345230594926,0.015,-0.9276261175727208,0,0,0,0
1000,33889,200.0,0,-0.7893832771248332,0,Logistic regression,-4.3881288203293405,-1.3803152042201239,-4.3881288203293405,0.015,-1.0645895238189347,0,0,0,0
1000,43479,40.78,0,-0.86849380573224,0,Logistic regression,-2.00662828218566,-1.051759098495725,-2.00662828218566,0.055,-0.9682899285565373,0,0,0,0
1000,192763,8.99,0,-1.1699853069715664,0,Logistic regression,-2.716808763655245,-1.3548571382979295,-2.716808763655245,0.0,-1.3123027069681288,0,0,0,0
1000,114847,12.02,0,-0.646096509868868,0,Logistic regression,-0.4877104246982513,-0.7766011127454461,-0.4877104246982513,0.12,-0.706653540725741,0,0,0,0
1000,146716,80.0,0,0.18215911099738413,1,Logistic regression,-0.5545295672434263,-0.08860477214807438,-0.5545295672434263,0.285,-0.7166275968296671,1,0,0,0
1000,150678,30.31,1,0.7528419579040626,1,Logistic regression,45.71630208766575,1.5729702500507599,45.71630208766575,0.82,0.23022280630951442,1,1,1,1
1000,102566,10.0,0,-1.3015498651378694,0,Logistic regression,-2.6237008821810432,-1.2998756152521818,-2.6237008821810432,0.04,-1.5305041400867103,0,0,0,0
1000,178934,166.67,0,-0.5518576601956415,0,Logistic regression,-2.3130778976879443,-1.3915763434985076,-2.3130778976879443,0.01,-1.5105789871854878,0,0,0,0
1000,56787,100.0,0,-1.0503698807855866,0,Logistic regression,-1.8712704392153536,-0.9508519912850842,-1.8712704392153536,0.11,-0.8156623833247685,0,0,0,0
1000,101514,1.99,0,-1.1445407691027667,0,Logistic regression,-1.9130082504419932,-1.0567674403384633,-1.9130082504419932,0.05,-1.0083269682620215,0,0,0,0
1000,282586,1.98,0,-0.7428479128095695,0,Logistic regression,-1.956797136329883,-0.9030206883649335,-1.956797136329883,0.055,-0.9342712819294291,0,0,0,0
1000,228200,32.94,0,-1.1265425249400423,0,Logistic regression,-2.9791745944857064,-1.1002795810362453,-2.9791745944857064,0.025,-1.651970909596425,0,0,0,0
1000,43061,34.12,1,0.5675658019130673,1,Logistic regression,44.380322619097925,1.1591430276330659,44.380322619097925,0.985,0.3966085863500843,1,1,1,1
1000,189622,60.47,0,-0.8566946669669937,0,Logistic regression,-2.4912474444092734,-1.0544167487457257,-2.4912474444092734,0.1,-0.6544991404582421,0,0,0,0
1000,229712,1.18,1,0.7707260989817363,1,Logistic regression,15.970173075545091,2.7221709827025258,15.970173075545091,0.985,0.9085565505188884,1,1,1,1
1000,40085,1.0,1,1.3876979174938875,1,Logistic regression,1.8571737199097913,0.8088533712575546,1.8571737199097913,0.91,1.2130723328999913,1,1,1,1
1000,262024,1.79,0,-0.9590204798431168,0,Logistic regression,-2.249768226409148,-1.1106412217400266,-2.249768226409148,0.015,-1.0343784224357115,0,0,0,0
1000,278257,111.67,0,-0.5467994829807699,0,Logistic regression,-4.143758402209344,-1.467128961473164,-4.143758402209344,0.025,-1.1714575220453316,0,0,0,0
1000,36597,12.31,0,-0.531523661250626,0,Logistic regression,-1.166597964273986,-0.5394564073476563,-1.166597964273986,0.26,-0.7291627293138457,0,0,0,0
1000,18466,0.68,1,0.4120135917829242,1,Logistic regression,5.2926387807141735,2.1824423242708497,5.2926387807141735,0.87,0.7703908261630493,1,1,1,1
1000,167924,25.65,0,-0.08044985285603412,0,Logistic regression,-1.4694519691743866,-0.887624924318536,-1.4694519691743866,0.23,-0.733973978393697,0,0,0,0
1000,242041,136.0,0,-1.1737691936781705,0,Logistic regression,-4.1622738578718135,-1.776411031074601,-4.1622738578718135,0.055,-1.7503679927561142,0,0,0,0
1000,246588,0.23,0,-0.9768832482146736,0,Logistic regression,-4.901219129095081,-2.0100152967493283,-4.901219129095081,0.135,-0.2979592236900997,0,0,0,0
1000,166527,78.0,0,-0.6729480499968501,0,Logistic regression,-2.0256330484179808,-0.819136285314534,-2.0256330484179808,0.13,-1.3127362773923057,0,0,0,0
1000,116924,28.75,0,-1.1434738394599857,0,Logistic regression,-3.3108700618215288,-1.3673746328699385,-3.3108700618215288,0.14,-1.5282882274798566,0,0,0,0
1000,114784,63.82,0,-1.1963490092104483,0,Logistic regression,-3.214699762264905,-1.5122224879575041,-3.214699762264905,0.01,-1.9268731083652757,0,0,0,0
1000,133636,15.0,0,-1.2016803204306374,0,Logistic regression,-2.4397927278486167,-1.1693647607902342,-2.4397927278486167,0.035,-1.0090429740734845,0,0,0,0
1000,130305,6.44,0,-0.9289565921984593,0,Logistic regression,-3.157606833979502,-1.7909191693063518,-3.157606833979502,0.13,-0.5202722636788867,0,0,0,0
1000,142389,52.47,0,-0.8520651021835943,0,Logistic regression,-1.9922432063969946,-0.6140795887525287,-1.9922432063969946,0.155,-0.9077505468033779,0,0,0,0
1000,36408,14.2,0,-1.2663457176096715,0,Logistic regression,-3.2490309318634756,-1.4781638685685463,-3.2490309318634756,0.02,-1.6766468701874016,0,0,0,0
1000,150669,188.52,1,0.5623236353978736,1,Logistic regression,43.81742253833909,1.4474029896132437,43.81742253833909,0.995,0.4288638952569447,1,1,1,1
1000,158544,3.39,0,-0.6581696964932617,0,Logistic regression,-1.6746128912641247,-0.6950671553413307,-1.6746128912641247,0.15,-0.8983888665107597,0,0,0,0
1000,175782,17.93,0,-1.146644939247852,0,Logistic regression,-2.757965683843298,-1.2855733347026481,-2.757965683843298,0.0,-1.320710733201847,0,0,0,0
1000,151683,8.99,0,-0.8911720035836108,0,Logistic regression,-2.3014580430415936,-1.0183168199374961,-2.3014580430415936,0.18,-0.6541598588151539,0,0,0,0
1000,541,0.0,1,0.07646034520484407,0,Logistic regression,7.510376204929328,0.6104881226561077,7.510376204929328,0.925,0.9672887261373789,1,1,1,1
1000,111690,238.9,1,0.5169024268789038,1,Logistic regression,13.648949290313958,1.8454001120594157,13.648949290313958,0.97,0.6548676698825906,1,1,1,1
1000,15566,99.99,1,0.7766789168447562,1,Logistic regression,44.56116510279271,1.0234932310550295,44.56116510279271,0.985,1.067517251705373,1,1,1,1
1000,141259,512.25,1,0.9996878332359795,1,Logistic regression,30.64394484240715,1.452538266622033,30.64394484240715,1.0,1.0002184480234793,1,1,1,1
1000,23016,3.76,0,-0.9908935186097116,0,Logistic regression,-3.0116498295064993,-1.109681600143471,-3.0116498295064993,0.22,-0.9713881693680136,0,0,0,0
1000,53297,81.62,0,-1.1827139396001896,0,Logistic regression,-3.0174542330453304,-1.6008640650443908,-3.0174542330453304,0.01,-1.4145049306334665,0,0,0,0
1000,157324,29.7,0,-1.3734414399929435,0,Logistic regression,-4.594305178989603,-1.870021523156188,-4.594305178989603,0.01,-0.49063664752850256,0,0,0,0
1000,218494,91.9,0,-0.06411905338918744,0,Logistic regression,0.2697852976636559,-0.6066539953511468,0.2697852976636559,0.27,-0.981919825638098,0,0,0,0
1000,194385,3.8,0,-0.982792404912086,0,Logistic regression,-5.237828390360034,-1.8469690194554529,-5.237828390360034,0.01,-1.0222150330568545,0,0,0,0
1000,120144,0.89,0,-0.5654360873517785,0,Logistic regression,-7.097086560330589,-1.9055161716461102,-7.097086560330589,0.06,-0.0614715066446664,0,0,0,1
1000,279195,3.78,0,-1.1833374406838404,0,Logistic regression,-3.171314557805852,-1.5161363878558234,-3.171314557805852,0.0,-1.250734675183867,0,0,0,0
1000,88335,96.15,0,-0.332042969434921,0,Logistic regression,-2.198010834179925,-0.7073323604362843,-2.198010834179925,0.07,-0.4764342747910735,0,0,0,0
1000,96994,7.53,1,1.0728253788841298,1,Logistic regression,11.148715805015463,2.054068903872672,11.148715805015463,0.945,1.1028799976171941,1,1,1,1
1000,1939,5.0,0,-1.1762128405631267,0,Logistic regression,-2.3423697772697887,-1.0853207038241077,-2.3423697772697887,0.005,-1.0250877084382182,0,0,0,0
1000,4501,75.84,0,0.30861866304780516,1,Logistic regression,-0.857011111584568,0.14180523619743657,-0.857011111584568,0.395,-0.3377858820966979,1,0,0,0
1000,59871,155.24,0,-0.522349597071696,0,Logistic regression,-2.0237418619000813,-1.3094054563426276,-2.0237418619000813,0.045,-0.43824304341391696,0,0,0,0
1000,190368,175.9,1,0.7620164106359893,1,Logistic regression,11.779754544643282,1.8879351771658461,11.779754544643282,0.915,0.8335929387767637,1,1,1,1
1000,117159,0.89,0,-1.1985395423951282,0,Logistic regression,-1.716832888899339,-0.7424158881644923,-1.716832888899339,0.075,-0.89679301099487,0,0,0,0
1000,191544,80.9,1,0.6279549466494458,1,Logistic regression,8.702670743284857,0.9490945596087049,8.702670743284857,0.94,0.6682617522050052,1,1,1,1
1000,192179,1.0,0,-0.5759819449895767,0,Logistic regression,-1.4430849385086908,-0.8518968389228004,-1.4430849385086908,0.375,-0.7242184016170341,0,0,0,0
1000,134228,227.0,0,-0.48065081453368513,0,Logistic regression,-0.4004131573860914,-1.2176161354820345,-0.4004131573860914,0.05,-0.9080308596779948,0,0,0,0
1000,258118,45.0,0,-0.5503879130789096,0,Logistic regression,-4.194704291349104,-1.5292704811876847,-4.194704291349104,0.06,-0.47701062732641697,0,0,0,0
1000,176814,32.26,0,-0.7297097364183727,0,Logistic regression,-1.8151599240065204,-1.019703232031815,-1.8151599240065204,0.155,-0.654564558542582,0,0,0,0
1000,249607,35.0,1,0.5763634712556669,1,Logistic regression,8.791727770283357,0.8878978933431397,8.791727770283357,0.955,0.473997723459307,1,1,1,1
1000,30748,11.5,0,-0.8650767189150692,0,Logistic regression,-3.2924161778492333,-1.540060852376965,-3.2924161778492333,0.01,-1.4110105744067878,0,0,0,0
1000,180431,20.0,0,-0.9142642100584719,0,Logistic regression,-3.0416054315850145,-1.7758797884035946,-3.0416054315850145,0.105,-0.8445062375722804,0,0,0,0
1000,41395,1.0,1,0.558187752410457,1,Logistic regression,15.634712982214566,1.9907772668045691,15.634712982214566,0.99,0.37756819754325527,1,1,1,1
1000,151519,1.63,1,0.3568409647198039,1,Logistic regression,50.7064505362528,1.1563920504353407,50.7064505362528,0.96,0.6115674608252065,1,1,1,1
1000,279114,7.41,0,-0.6979741473340093,0,Logistic regression,-0.5154911712647985,-1.0528123720377174,-0.5154911712647985,0.125,-0.8033363147587039,0,0,0,0
1000,3431,1.0,0,-1.2366716600787178,0,Logistic regression,-3.800423442942887,-1.8900217820153014,-3.800423442942887,0.03,-1.1845341675898873,0,0,0,0
1000,109081,29.0,0,-0.8810925351036485,0,Logistic regression,-2.5344446853562266,-1.5462886759922405,-2.5344446853562266,0.05,-0.9719608073376745,0,0,0,0
1000,184379,25.0,1,0.5164945640505292,1,Logistic regression,7.7519181442901886,1.2204609190554327,7.7519181442901886,0.975,0.7958768576623801,1,1,1,1
1000,104891,425.0,0,-1.1258708748014243,0,Logistic regression,-0.09339541435993515,-0.9543308595082108,-0.09339541435993515,0.12,-0.7922368399240801,0,0,0,0
1000,161334,82.94,0,-1.1507293362728366,0,Logistic regression,-2.5885322769176184,-1.5705506881451061,-2.5885322769176184,0.02,-1.163558066374302,0,0,0,0
1000,227522,450.0,0,-0.9715551802813334,0,Logistic regression,-3.422472738699623,-1.6226437709646628,-3.422472738699623,0.2,-0.6022058652287612,0,0,0,0
1000,70798,22.63,0,-1.031783960462991,0,Logistic regression,-3.7256626001995725,-1.6202472498163933,-3.7256626001995725,0.035,-1.2066426546035465,0,0,0,0
1000,263324,127.14,1,0.5477953311683165,1,Logistic regression,13.854547508866357,1.4541944566173308,13.854547508866357,0.99,0.5896423612381073,1,1,1,1
1000,201098,0.0,1,0.9286155722310527,1,Logistic regression,13.217589078387729,2.648418443589001,13.217589078387729,0.985,1.099272284728729,1,1,1,1
1000,189014,4.99,0,-1.2655172865758182,0,Logistic regression,-5.019632904375351,-1.9775339818498363,-5.019632904375351,0.0,-1.5660599312542594,0,0,0,0
1000,260593,0.99,0,-0.8137421484993566,0,Logistic regression,-3.550041255145806,-1.7006930510074705,-3.550041255145806,0.05,-0.7780522601780561,0,0,0,0
1000,95664,141.0,0,-1.014904108589834,0,Logistic regression,-1.7550070797960615,-1.4291236968714278,-1.7550070797960615,0.06,-1.3375845783405227,0,0,0,0
1000,251919,26.08,0,-1.2428872055229527,0,Logistic regression,-2.8283994965110706,-1.2427303481689274,-2.8283994965110706,0.055,-1.5171740744593336,0,0,0,0
1000,110979,4.0,0,-0.9815322391769239,0,Logistic regression,-1.5681048168630494,-0.941077338843347,-1.5681048168630494,0.15,-1.2000808977286976,0,0,0,0
1000,191899,272.03,0,-0.8218446283789147,0,Logistic regression,-3.5494123836435048,-1.4978368487400329,-3.5494123836435048,0.065,-1.1584358360972258,0,0,0,0
1000,49105,25.69,0,-0.9948523375040226,0,Logistic regression,-1.927758332731251,-0.5201458146296679,-1.927758332731251,0.13,-0.8920565711623739,0,0,0,0
1000,109072,3.73,0,-1.0395171410421178,0,Logistic regression,-3.00803246136745,-1.921797688088267,-3.00803246136745,0.08,-1.290708958188537,0,0,0,0
1000,92507,286.87,0,-0.9487374509699187,0,Logistic regression,-0.5510456108703587,-1.0112995314514048,-0.5510456108703587,0.405,-0.8871782415254029,0,0,0,0
1000,211415,3.28,0,-1.0781576159331663,0,Logistic regression,-1.6732235642171653,-0.9498290718447827,-1.6732235642171653,0.015,-1.385347299448842,0,0,0,0
1000,259103,355.74,0,-1.0373288103982372,0,Logistic regression,-4.557292396923558,-1.3808608405518994,-4.557292396923558,0.235,0.017248609269404885,0,0,0,1
1000,25785,17.85,0,-1.0643834981910194,0,Logistic regression,-1.4684858815501036,-0.9587765343988756,-1.4684858815501036,0.13,-1.2273114872524857,0,0,0,0
1000,258339,2.69,0,-0.44289003490067186,0,Logistic regression,-1.6041788325240118,-0.30291131875697175,-1.6041788325240118,0.42,-0.3412838910619407,0,0,0,0
1000,151007,1.0,1,0.9999885102642521,1,Logistic regression,52.55800740924927,0.9996577771159952,52.55800740924927,1.0,1.0001990720504246,1,1,1,1
1000,260587,20.0,0,-1.2504257184993557,0,Logistic regression,-4.041629931471412,-1.7099990559882494,-4.041629931471412,0.045,-1.4514663946293023,0,0,0,0
1000,203328,925.31,1,0.21067479578121556,1,Logistic regression,11.644835739249215,0.513669980918646,11.644835739249215,0.765,0.11058538523258042,1,1,1,1
1000,217206,231.71,0,-0.7852008909248163,0,Logistic regression,-1.4399642319415824,-1.2342264653540713,-1.4399642319415824,0.195,-1.5516565076607955,0,0,0,0
1000,156964,47.19,0,-1.102912246263109,0,Logistic regression,-2.124210758768327,-1.1536786774064973,-2.124210758768327,0.045,-0.9436325806409706,0,0,0,0
1000,78700,7.3,0,-1.0774256056242602,0,Logistic regression,-2.0590626262002205,-1.2277853169566848,-2.0590626262002205,0.05,-1.0231671577422377,0,0,0,0
1000,145783,87.19,0,-0.9352516095275254,0,Logistic regression,-1.757698055094172,-1.0895895352956826,-1.757698055094172,0.155,-0.8846709942949439,0,0,0,0
1000,189334,21.53,0,-0.934027526004384,0,Logistic regression,-1.0718763215887106,-1.36460301944709,-1.0718763215887106,0.14,-0.9471742605138042,0,0,0,0
1000,111896,0.76,0,-1.203467918940123,0,Logistic regression,-2.306669355644847,-1.3284602019582072,-2.306669355644847,0.04,-1.2855547846946005,0,0,0,0
1000,152305,49.2,0,-0.8056645598611507,0,Logistic regression,-2.5504609370693023,-1.0860972860100313,-2.5504609370693023,0.145,-0.6912553773036563,0,0,0,0
1000,189764,23.0,0,-0.84569419188278,0,Logistic regression,-2.246981668248308,-1.218455411864766,-2.246981668248308,0.01,-1.3072087493330826,0,0,0,0
1000,120333,11.35,0,-0.5451514995506255,0,Logistic regression,-1.087401981383706,-0.6094737149435739,-1.087401981383706,0.055,-0.7049075514133377,0,0,0,0
1000,119006,2.66,0,-1.025812551727927,0,Logistic regression,-2.3639501208481306,-1.6573604442761205,-2.3639501208481306,0.085,-0.8515842033293456,0,0,0,0
1000,63708,0.76,0,-0.8978652172794652,0,Logistic regression,-1.0259421832331952,-0.5261670267133985,-1.0259421832331952,0.12,-0.5451532553904392,0,0,0,0
1000,226877,0.0,1,0.19616770237598596,1,Logistic regression,14.33715958657486,0.8231831658467562,14.33715958657486,0.94,0.21319437115152656,1,1,1,1
1000,106008,1.0,0,-1.3216139187072533,0,Logistic regression,-2.4059582439476115,-1.2489799723607105,-2.4059582439476115,0.0,-0.744056844704778,0,0,0,0
1000,80599,4.49,0,-1.1140380004402428,0,Logistic regression,-3.014537994001075,-1.258877727500538,-3.014537994001075,0.0,-1.6006705826071006,0,0,0,0
1000,189878,1.0,1,0.13353344802829742,1,Logistic regression,16.27135362217069,1.2684124780365573,16.27135362217069,0.905,0.06175800484525477,1,1,1,1
1000,165176,34.04,0,-1.146159819975654,0,Logistic regression,-6.093289420633686,-2.060970557483838,-6.093289420633686,0.005,-2.1080659865564284,0,0,0,0
1000,170270,13.01,0,0.5467492184796046,1,Logistic regression,1.952374868299839,0.6062418340397421,1.952374868299839,0.73,0.6958332865068972,1,1,1,1
1000,273839,10.0,0,-0.9325732989106135,0,Logistic regression,-3.4910040065827257,-1.574610896349098,-3.4910040065827257,0.115,-1.2325178178777696,0,0,0,0
1000,214100,1.98,0,-1.00892826903097,0,Logistic regression,-2.890633361865615,-1.1404318239634659,-2.890633361865615,0.05,-1.052425916265995,0,0,0,0
1000,117860,664.29,0,-0.33654936341783487,0,Logistic regression,-0.9763275896423396,-0.8139712383192909,-0.9763275896423396,0.2,-0.5441867292344312,0,0,0,0
1000,113095,4.95,0,-1.1947986805978257,0,Logistic regression,-0.6887915769471171,-0.4504023533865541,-0.6887915769471171,0.2,-0.028156345905578237,0,0,0,1
1000,92889,10.99,0,-0.9340316519590692,0,Logistic regression,-1.8966103643088206,-0.9879064335629327,-1.8966103643088206,0.06,-0.8704417792042908,0,0,0,0
1000,15539,99.99,1,0.9264840537066619,1,Logistic regression,44.36612529902899,1.0118858464810874,44.36612529902899,0.975,1.0385455698071195,1,1,1,1
1000,58189,12.31,0,-1.2216650504912074,0,Logistic regression,-5.463038036301079,-1.5613712562756228,-5.463038036301079,0.01,-0.965045618660907,0,0,0,0
1000,188897,17.7,0,-1.0709386382986779,0,Logistic regression,-2.9161251392819905,-1.4592297537912087,-2.9161251392819905,0.09,-1.4812539597019945,0,0,0,0
1000,180768,0.89,0,-1.2102244614685438,0,Logistic regression,-2.997872583297613,-1.5433578537132728,-2.997872583297613,0.055,-0.6374923037712533,0,0,0,0
1000,107100,9.12,0,-1.4203672842015078,0,Logistic regression,-2.2330103611849355,-1.2907756792992435,-2.2330103611849355,0.07,-1.1148410943208393,0,0,0,0
1000,259500,1.79,0,-0.9295198759015435,0,Logistic regression,-2.917969272353522,-1.1591098355053928,-2.917969272353522,0.135,-0.9906728098527621,0,0,0,0
1000,222511,6.02,0,-0.4230004421763797,0,Logistic regression,-2.1474520362008693,-1.5307924990885837,-2.1474520362008693,0.155,-0.7458809111703464,0,0,0,0
1000,196303,10.0,0,-0.35781679418977314,0,Logistic regression,-0.708005846017526,-0.6094382656954805,-0.708005846017526,0.25,-0.9154753469700369,0,0,0,0
1000,244333,1.0,1,0.7761586178509173,1,Logistic regression,21.01680568950234,1.874936651850355,21.01680568950234,0.93,0.2761206253383696,1,1,1,1
1000,175141,0.92,0,-0.9393922317390089,0,Logistic regression,-0.817653948124933,-0.9073236715596086,-0.817653948124933,0.155,-1.3497911426570937,0,0,0,0
1000,37464,52.5,0,-1.0009588319213902,0,Logistic regression,-3.875254450866046,-1.5776076503839311,-3.875254450866046,0.03,-1.0924171182287565,0,0,0,0
1000,229809,49.95,0,-1.3475773217700968,0,Logistic regression,-4.1142059172691905,-1.6617960431088425,-4.1142059172691905,0.005,-1.772012134347757,0,0,0,0
1000,106786,156.0,0,-1.3067422670334168,0,Logistic regression,-3.751634736346909,-1.7326278038416225,-3.751634736346909,0.03,-1.5869538983960618,0,0,0,0
1000,192529,1.0,1,0.8521245424140285,1,Logistic regression,14.501913599583267,2.152093000030413,14.501913599583267,0.91,0.6543179835929136,1,1,1,1
1000,107466,358.0,0,-0.4443232629923853,0,Logistic regression,-2.4117787083768096,-1.344274753897298,-2.4117787083768096,0.055,-1.2274303846325996,0,0,0,0
1000,70521,1.19,0,-1.2560722665864703,0,Logistic regression,-2.318299279735288,-1.4554624596336252,-2.318299279735288,0.04,-0.9778840504119323,0,0,0,0
1000,100107,2.0,0,-0.601842010337651,0,Logistic regression,-1.9551980198089447,-1.103178405032497,-1.9551980198089447,0.13,-1.0695811748724562,0,0,0,0
1000,51715,23.68,0,-1.1661462417677773,0,Logistic regression,-3.622443534388214,-1.6226982856111585,-3.622443534388214,0.015,-1.7165408894536098,0,0,0,0
1000,30100,60.6,1,-0.003144162255931282,0,Logistic regression,15.764659376585062,2.0641851173057026,15.764659376585062,0.9,0.40238905228697847,1,1,1,1
1000,22527,3.91,0,-1.240092220100361,0,Logistic regression,-5.143631009617966,-1.6836572458400778,-5.143631009617966,0.015,-1.4220443139086,0,0,0,0
1000,172553,1643.0,0,-0.06576621523572335,0,Logistic regression,-1.7204087431579291,-0.28936761337944217,-1.7204087431579291,0.505,0.1092033142849815,0,0,0,1
1000,258262,1.5,0,-1.4774684534354214,0,Logistic regression,-4.758946640479608,-1.9771656355967,-4.758946640479608,0.035,-1.458379342647852,0,0,0,0
1000,144754,323.77,1,-0.9462725151862725,0,Logistic regression,-0.5275703712404682,-1.263179854474851,-0.5275703712404682,0.275,-0.3217280415988294,0,0,0,0
1000,228487,82.25,0,-1.3547197975983152,0,Logistic regression,-2.8911383942867683,-1.2104099358462532,-2.8911383942867683,0.11,-1.0694945931312663,0,0,0,0
1000,153823,2.28,1,0.40464889403479587,1,Logistic regression,53.3236191300918,0.7533111870305416,53.3236191300918,0.985,0.18906112769911707,1,1,1,1
1000,191682,14.99,0,-1.3292381652669678,0,Logistic regression,-2.995874224451393,-1.5479590303036233,-2.995874224451393,0.045,-1.1955671915113006,0,0,0,0
1000,155522,407.98,0,-0.5554205549941413,0,Logistic regression,0.46368798827078894,-0.8343571210070154,0.46368798827078894,0.185,-0.17966461399306427,0,1,0,0
1000,167596,123.99,0,-0.9884899188904555,0,Logistic regression,-3.656592200676169,-1.4943223755736184,-3.656592200676169,0.02,-1.3763732770729085,0,0,0,0
1000,24733,16.0,0,-1.1019020964772626,0,Logistic regression,-3.0438587532800394,-1.3894640379592662,-3.0438587532800394,0.035,-0.9236086984254727,0,0,0,0
1000,17310,2.99,0,-1.4802182275236373,0,Logistic regression,-0.802138808776448,-0.9288813227503149,-0.802138808776448,0.225,-0.5563399000496138,0,0,0,0
1000,18821,1.98,0,-1.0807529181503792,0,Logistic regression,-2.0874826743861234,-0.9984804046486183,-2.0874826743861234,0.045,-1.4090869317575179,0,0,0,0
1000,29833,6.99,0,-0.7987084281781427,0,Logistic regression,-2.015268323113168,-1.1570315526285704,-2.015268323113168,0.035,-1.2497160631818607,0,0,0,0
1000,203324,1.0,1,0.6447959837170566,1,Logistic regression,10.19652129229948,1.3206456416209353,10.19652129229948,0.965,0.51744909258518,1,1,1,1
1000,249082,17.61,0,-0.06386193139804813,0,Logistic regression,-0.8736168551559029,-0.2315335786112359,-0.8736168551559029,0.16,-0.6546084547751854,0,0,0,0
1000,77072,1500.0,0,-0.2047832921114247,0,Logistic regression,0.1462686034698597,-0.4501881165865701,0.1462686034698597,0.29,-0.03670372116168531,0,0,0,1
1000,61180,3.68,0,-0.9799990212761107,0,Logistic regression,-2.403260453684471,-1.0646598909831813,-2.403260453684471,0.18,-0.9416528924583704,0,0,0,0
1000,227531,0.01,0,-1.2774575586292678,0,Logistic regression,-4.420203455308814,-1.8538656018004005,-4.420203455308814,0.015,-1.9350819710715685,0,0,0,0
1000,218446,1.98,0,-1.2684796521975223,0,Logistic regression,-1.7196677939961098,-0.9665564966412664,-1.7196677939961098,0.03,-0.9752269065112752,0,0,0,0
1000,147531,20.0,0,-0.6277414510286827,0,Logistic regression,-1.4541764786578637,-1.0277775789179913,-1.4541764786578637,0.08,-0.3929770859239209,0,0,0,0
1000,72113,27.8,0,-0.8562390840990477,0,Logistic regression,-2.7979763385953254,-1.054903293158529,-2.7979763385953254,0.095,-0.8106046548555976,0,0,0,0
1000,68320,0.76,1,1.0554595118118284,1,Logistic regression,0.11967401952840984,0.40469887117588244,0.11967401952840984,0.84,-0.16495978850678256,1,0,1,0
1000,226458,47.0,0,-0.9134963359001282,0,Logistic regression,-1.3603988080980025,-1.2587971652135717,-1.3603988080980025,0.07,-0.9506799321577984,0,0,0,0
1000,150921,141.0,0,-1.310722186693262,0,Logistic regression,-2.4440561608190317,-1.659895846753428,-2.4440561608190317,0.03,-0.6494971450342147,0,0,0,0
1000,18773,0.68,1,0.9643137794319261,1,Logistic regression,16.507427012573224,2.3509191484710903,16.507427012573224,0.98,0.4977063986791294,1,1,1,1
1000,234574,0.0,1,0.5723991705689087,1,Logistic regression,19.195262646321865,2.7389743902889285,19.195262646321865,0.985,0.5964413595478948,1,1,1,1
1000,147871,39.99,0,-1.0205802919835099,0,Logistic regression,-4.482507795825165,-1.6752611817620164,-4.482507795825165,0.0,-1.350520166577511,0,0,0,0
1000,40559,28.14,0,-0.8816932486363984,0,Logistic regression,-2.0959558879931697,-1.036080162722735,-2.0959558879931697,0.165,-0.7867432533132477,0,0,0,0
1000,174135,9.99,0,-1.2940703050119973,0,Logistic regression,-4.129502941133208,-1.795104510019991,-4.129502941133208,0.0,-1.695672704686072,0,0,0,0
1000,14992,8.99,0,-1.2978280868071845,0,Logistic regression,-3.0480194404785017,-1.3008573160792052,-3.0480194404785017,0.02,-1.3045695339371328,0,0,0,0
1000,151164,591.82,0,-0.9564715318892465,0,Logistic regression,-2.3843488405321844,-1.3166043361688873,-2.3843488405321844,0.03,0.043206404012136324,0,0,0,1
1000,86908,37.15,0,-1.0172817505664131,0,Logistic regression,-3.317870724981554,-1.4308576237886843,-3.317870724981554,0.105,-1.0933855271110522,0,0,0,0
1000,222634,18.0,0,-1.318575221384034,0,Logistic regression,-2.867331335488384,-1.6402862459683032,-2.867331335488384,0.04,-0.8000024519594281,0,0,0,0
1000,72321,9.95,0,-1.123226158992714,0,Logistic regression,-3.457285158083966,-1.8436368204535363,-3.457285158083966,0.03,-1.4291192364600878,0,0,0,0
1000,17480,99.99,1,0.9336592077049022,1,Logistic regression,46.81821773790216,0.9547403145809982,46.81821773790216,0.925,0.8919158538658002,1,1,1,1
1000,154684,0.01,1,0.30304471098903074,1,Logistic regression,59.47179744670287,0.45119919788502183,59.47179744670287,0.955,0.11799439139951909,1,1,1,1
1000,262560,4.69,1,0.6053055472886839,1,Logistic regression,20.766907369425006,2.598125983117903,20.766907369425006,1.0,0.9471831324864317,1,1,1,1
1000,277205,3.57,0,-0.765298975785212,0,Logistic regression,-3.9977078308745195,-1.227629998416898,-3.9977078308745195,0.05,-0.9257542996397082,0,0,0,0
1000,3165,6.24,0,-1.2032645656817378,0,Logistic regression,-2.075816922645971,-1.0702038935570268,-2.075816922645971,0.075,-0.9921518030457414,0,0,0,0
1000,163394,0.76,0,-0.9185274410605626,0,Logistic regression,-4.262588334023037,-1.7759380540342962,-4.262588334023037,0.14,-1.412367963930404,0,0,0,0
1000,93486,0.0,1,0.4786889436646411,1,Logistic regression,0.1133921731515477,-0.0450118851330944,0.1133921731515477,0.485,0.7698966403257639,1,0,0,1
1000,246942,6.99,0,-1.1890045603806543,0,Logistic regression,-2.3146756954424035,-1.028678283327631,-2.3146756954424035,0.005,-1.2817614749127917,0,0,0,0
1000,6336,1.0,1,0.9113146250088657,1,Logistic regression,16.15445001684189,2.2334594235932634,16.15445001684189,0.98,0.8296208145197537,1,1,1,1
1000,99705,150.0,0,-1.0559260291293715,0,Logistic regression,-4.442765971562958,-1.4141284738690327,-4.442765971562958,0.17,-0.6832109645608596,0,0,0,0
1000,175556,6.98,0,-1.0557641738194732,0,Logistic regression,-2.307975265176079,-1.2833175039983287,-2.307975265176079,0.02,-1.6357808169836452,0,0,0,0
1000,159229,18.2,0,0.047421011343814046,0,Logistic regression,3.9176142989063543,1.178475362374292,3.9176142989063543,0.905,0.31223874083035774,1,1,1,1
1000,83297,319.2,1,-0.11066413526773367,0,Logistic regression,2.4450494946279724,-0.8053003876337933,2.4450494946279724,0.755,0.08790618341300963,0,1,1,1
1000,221207,3.57,0,-0.819785670447557,0,Logistic regression,-2.046080718206385,-1.0630404339103032,-2.046080718206385,0.035,-1.0222495368329338,0,0,0,0
1000,224995,13.99,0,-0.9691647300376458,0,Logistic regression,-2.67073160457917,-1.2256686575966622,-2.67073160457917,0.04,-1.2242259123158328,0,0,0,0
1000,177818,9.0,0,-1.5166641693069123,0,Logistic regression,-3.6730565044705346,-1.6718581478759598,-3.6730565044705346,0.01,-1.6096778404182515,0,0,0,0
1000,54267,485.55,0,-0.7011240756170474,0,Logistic regression,1.358213800434386,-0.5030070607174372,1.358213800434386,0.535,-0.330289132069822,0,1,1,0
1000,166252,17.0,0,-1.148753454441793,0,Logistic regression,-4.59928764037339,-1.7819229366613412,-4.59928764037339,0.0,-1.5938410166810575,0,0,0,0
1000,12259,298.47,0,-1.4579361263860589,0,Logistic regression,-4.990807170115369,-2.0215918560358856,-4.990807170115369,0.01,-0.5730740457527865,0,0,0,0
1000,145176,1.18,0,-1.2055855995802545,0,Logistic regression,-5.093176343872942,-1.7599772883395217,-5.093176343872942,0.025,-1.2064100797877773,0,0,0,0
1000,276986,0.76,0,-0.7720049604339099,0,Logistic regression,-2.201152656074888,-1.096101042898562,-2.201152656074888,0.26,-0.525176108568057,0,0,0,0
1000,83417,5.91,1,0.5626872837061758,1,Logistic regression,13.23296432699026,1.7209157399291457,13.23296432699026,1.0,0.47136667533157256,1,1,1,1
1000,223578,8.9,1,0.25019292273923033,1,Logistic regression,11.672087538380806,0.7973712860713543,11.672087538380806,0.76,0.5144285298456505,1,1,1,1
1000,147881,22.07,0,-0.9741743476119253,0,Logistic regression,-2.3066884474300657,-1.2182824535134884,-2.3066884474300657,0.06,-0.8611645908984016,0,0,0,0
1000,79883,270.0,1,0.5156954126395317,1,Logistic regression,10.566416272502119,1.6406530086573907,10.566416272502119,0.905,0.6316391322185733,1,1,1,1
1000,130381,638.6,0,-0.7895602504032717,0,Logistic regression,-2.8488271726010614,-1.4711424649273486,-2.8488271726010614,0.205,-0.29272377177251635,0,0,0,0
1000,151702,4.9,0,-1.131387414043034,0,Logistic regression,-2.196407536292744,-0.7579242972209251,-2.196407536292744,0.015,-1.077462212366329,0,0,0,0
1000,250833,2.69,0,-1.025701974541319,0,Logistic regression,-1.8304944667451026,-0.9633173648780894,-1.8304944667451026,0.245,-0.5257322588081946,0,0,0,0
1000,78481,201.57,0,-1.1484196856429776,0,Logistic regression,-0.5273345390529085,-0.8652081473620993,-0.5273345390529085,0.095,-0.851810801446207,0,0,0,0
1000,95675,36.59,0,-1.2383119110261571,0,Logistic regression,-3.022671659416236,-1.5306367484900418,-3.022671659416236,0.09,-1.2793617300085003,0,0,0,0
1000,99466,40.06,0,-1.33485652551106,0,Logistic regression,-2.5906595332984805,-1.6214643984718373,-2.5906595332984805,0.105,-1.8313584004281072,0,0,0,0
1000,274545,1.79,0,-0.5502665884861795,0,Logistic regression,-0.6023983859511881,-0.48234896472298583,-0.6023983859511881,0.135,-1.0213075235148639,0,0,0,0
1000,158343,1.0,0,-1.5496112469029233,0,Logistic regression,-4.693052714527613,-1.8835304328256557,-4.693052714527613,0.01,-1.2407731767857308,0,0,0,0
1000,166088,35.5,0,-1.1883631218018538,0,Logistic regression,-2.7163875646401596,-1.4002428010806902,-2.7163875646401596,0.01,-1.466609639715006,0,0,0,0
1000,166021,9.99,0,-0.9491715710400563,0,Logistic regression,-2.6420162005487535,-1.2136908960867903,-2.6420162005487535,0.04,-1.122004628742902,0,0,0,0
1000,36258,14.0,0,-1.2274203182885983,0,Logistic regression,-3.6453207014509035,-1.7624815290787321,-3.6453207014509035,0.015,-1.3360357496942865,0,0,0,0
1000,201453,11.25,0,-0.7942880307388223,0,Logistic regression,-2.7213318317714945,-1.1325558602862706,-2.7213318317714945,0.26,-1.3335144743977767,0,0,0,0
1000,145968,6.92,0,-1.2486091593756548,0,Logistic regression,-3.2402792366278543,-1.5492683536743206,-3.2402792366278543,0.0,-1.1366450399442924,0,0,0,0
1000,214019,570.0,0,-0.8244415164915693,0,Logistic regression,-2.801100705221475,-1.282336105718156,-2.801100705221475,0.14,-0.15888744672626476,0,0,0,0
1000,143188,2.0,1,-0.3184872542662242,0,Logistic regression,8.374434942762736,0.4156408964412376,8.374434942762736,0.73,0.5975868093814103,1,1,1,1
1000,78331,18.4,0,-0.4730150362079864,0,Logistic regression,0.12158665889642783,-0.44676598045386473,0.12158665889642783,0.13,-0.963438285747977,0,0,0,0
1000,224433,44.34,0,-0.980437312025777,0,Logistic regression,-2.8582429301877923,-1.158560712557863,-2.8582429301877923,0.005,-1.2969821465566922,0,0,0,0
1000,76929,1.0,1,0.8232360491885424,1,Logistic regression,16.426368269503058,2.4429587807012596,16.426368269503058,0.99,1.0235848408861408,1,1,1,1
1000,261473,4.9,1,0.3084661946810418,1,Logistic regression,8.896314411172844,1.1479217402969661,8.896314411172844,0.84,0.41199526680197207,1,1,1,1
1000,125309,14.11,0,-0.953628565725068,0,Logistic regression,-2.1484493280617825,-1.0908700164278473,-2.1484493280617825,0.135,-0.8044457233071858,0,0,0,0
1000,182785,90.0,0,-0.8559225208424452,0,Logistic regression,-4.591040246642225,-1.4483384953129983,-4.591040246642225,0.01,-0.9678503424729882,0,0,0,0
1000,23308,0.0,1,0.35580384646602603,1,Logistic regression,10.13632417750843,1.5930844354263725,10.13632417750843,0.875,1.0224791864829887,1,1,1,1
1000,88542,146.0,0,-1.433425998076416,0,Logistic regression,-3.801194931201727,-1.5575727248999565,-3.801194931201727,0.0,-0.7621925229653862,0,0,0,0
1000,168066,69.0,0,-0.989107480750598,0,Logistic regression,-4.038766001233483,-1.3167670434068048,-4.038766001233483,0.055,-0.8006488316286078,0,0,0,0
1000,133157,4.99,0,-1.1332127994482801,0,Logistic regression,-3.993609602646927,-1.7092243655647996,-3.993609602646927,0.02,-1.1248572373350443,0,0,0,0
1000,160939,12.99,0,-1.0830590271787452,0,Logistic regression,-2.9656703044934423,-1.2306323368123087,-2.9656703044934423,0.055,-0.9062808708811788,0,0,0,0
1000,197553,22.8,0,-0.6016486934039751,0,Logistic regression,-7.073519580872964,-1.3869745986205748,-7.073519580872964,0.025,-0.7246947361067525,0,0,0,0
1000,146790,829.41,1,-0.5954370555502777,0,Logistic regression,-1.7972867064854567,-1.412292328324992,-1.7972867064854567,0.115,0.030604055739568883,0,0,0,1
1000,196979,23.75,0,-0.8476659102322042,0,Logistic regression,-4.25769547909145,-1.010079764624919,-4.25769547909145,0.08,-0.9049920570867781,0,0,0,0
1000,268295,7.56,0,-0.5213957352086678,0,Logistic regression,-4.094641097378382,-1.6931888078015134,-4.094641097378382,0.05,-0.3116384045648988,0,0,0,0
1000,205986,12.31,0,-0.5249499086440603,0,Logistic regression,-0.9085448603960165,-0.1400599898085798,-0.9085448603960165,0.18,-0.4783798885580175,0,0,0,0
1000,247149,76.63,0,-0.835324288717507,0,Logistic regression,-5.7223543883818015,-1.543097461138911,-5.7223543883818015,0.01,-0.7777334119053294,0,0,0,0
1000,102442,1.0,1,0.9999643201600918,1,Logistic regression,58.83093195502845,1.0000662904949023,58.83093195502845,0.98,1.0002052140203228,1,1,1,1
1000,256573,9.0,0,-1.1224256881269512,0,Logistic regression,-1.9716895401089756,-0.9687424710183351,-1.9716895401089756,0.21,-0.9750019359007157,0,0,0,0
1000,76410,25.9,0,-0.9756069331996899,0,Logistic regression,-2.71060488668374,-1.4268301349576102,-2.71060488668374,0.17,-1.795966344575578,0,0,0,0
1000,257740,10.88,0,-1.0331342120720866,0,Logistic regression,-2.8022907982420593,-1.2852062015033345,-2.8022907982420593,0.155,-1.3146703887007654,0,0,0,0
1000,223780,160.0,0,-0.5004301494308483,0,Logistic regression,-3.5876702684057706,-1.5892120844547084,-3.5876702684057706,0.02,-1.2588144726521975,0,0,0,0
1000,229664,69.0,0,-0.09890333365846965,0,Logistic regression,-8.253882962295675,-1.768029074712028,-8.253882962295675,0.04,-0.4785191577360488,0,0,0,0
1000,95394,63.42,0,-0.6037787652547957,0,Logistic regression,-6.259304114355227,-1.8785137809805734,-6.259304114355227,0.05,-1.333240352160965,0,0,0,0
1000,81928,1.98,0,-1.2712364325307537,0,Logistic regression,-2.8827315022280677,-1.2823065898987718,-2.8827315022280677,0.005,-1.0110599232618536,0,0,0,0
1000,277511,594.37,0,-0.3497909957492437,0,Logistic regression,-3.722499482103852,-1.2278902468488768,-3.722499482103852,0.03,-0.9645485871133382,0,0,0,0
1000,234632,1.59,1,0.7261882506374288,1,Logistic regression,11.094902324422643,2.4531146883113286,11.094902324422643,0.995,1.46403736125844,1,1,1,1
1000,156489,33.94,0,-1.0081335543970829,0,Logistic regression,-5.13444538446419,-1.7083907987114584,-5.13444538446419,0.025,-0.6783253731343599,0,0,0,0
1000,249337,12.99,0,-1.0216348605339016,0,Logistic regression,-1.8873632199647836,-1.0347564676183678,-1.8873632199647836,0.045,-1.3330650833521471,0,0,0,0
1000,224868,68.0,0,-1.0415701059407665,0,Logistic regression,-2.0989045419433774,-1.0067294880597242,-2.0989045419433774,0.005,-1.0598389322397805,0,0,0,0
1000,178225,177.0,0,-1.4038100374402034,0,Logistic regression,-4.23852607268413,-1.709698412040062,-4.23852607268413,0.005,-1.3139773694741146,0,0,0,0
1000,38382,19.4,0,-0.7903336953547633,0,Logistic regression,-0.6433778458336186,-0.9798654272500905,-0.6433778458336186,0.2,-0.7481701590039616,0,0,0,0
1000,223383,577.18,0,0.17896460917348622,1,Logistic regression,-3.818386107290406,-0.5108179191267666,-3.818386107290406,0.045,0.0411957602241646,0,0,0,1
1000,132502,1.0,0,-1.020184791592349,0,Logistic regression,-4.360279179773872,-1.8981299101013138,-4.360279179773872,0.085,-0.5253440954068851,0,0,0,0
1000,208656,65.54,0,0.34135976807061785,1,Logistic regression,-1.1458335405386462,-0.5566764342827665,-1.1458335405386462,0.105,-0.9132927804407457,0,0,0,0
1000,75511,170.92,1,0.11448429167006391,1,Logistic regression,9.335993031758939,1.1613026295039646,9.335993031758939,0.92,0.7786813317356095,1,1,1,1
1000,241254,9.29,1,0.42802437433444834,1,Logistic regression,5.239449289543803,0.24339008491726422,5.239449289543803,0.835,0.33510466494037766,1,1,1,1
1000,115032,9.99,0,-1.140227546138501,0,Logistic regression,-2.0956774820832917,-0.6421677869688737,-2.0956774820832917,0.175,-1.097622043664719,0,0,0,0
1000,273574,1.0,0,-1.1523315316940936,0,Logistic regression,-3.4432971463472386,-1.5949421650724167,-3.4432971463472386,0.02,-1.4294870293582158,0,0,0,0
1000,187997,19.99,0,-0.679050721587751,0,Logistic regression,-1.9522278406847267,-0.8713527359606007,-1.9522278406847267,0.205,-1.2101693804880604,0,0,0,0
1000,40622,14.4,0,-1.1433962541755103,0,Logistic regression,-3.5048811281502594,-1.4349381601277877,-3.5048811281502594,0.08,-1.752287983025439,0,0,0,0
1000,181267,18.97,0,-0.7176843912568229,0,Logistic regression,-1.155110459590109,-0.8413695273252529,-1.155110459590109,0.065,-0.8385217583015246,0,0,0,0
1000,36108,304.48,0,-0.8208360613263195,0,Logistic regression,-3.842054346585683,-1.3922598357068856,-3.842054346585683,0.095,-0.7452980653451512,0,0,0,0
1000,20215,1.98,0,-0.9134867892391998,0,Logistic regression,-1.308872958142935,-1.0281867748668727,-1.308872958142935,0.23,-0.9231578539425064,0,0,0,0
1000,200456,15.95,0,-1.0909382763411524,0,Logistic regression,-6.849052554803834,-1.8691832971374867,-6.849052554803834,0.0,-1.2325181248205213,0,0,0,0
1000,76336,15.35,0,-1.3787522799764127,0,Logistic regression,-3.284351613557604,-1.5455227333100936,-3.284351613557604,0.0,-1.2764253788879556,0,0,0,0
1000,132010,39.38,0,0.22418263191346038,1,Logistic regression,-6.348376692507531,-0.45638410639526805,-6.348376692507531,0.075,0.07279314378070517,0,0,0,1
1000,280118,25.0,0,-1.1968173135509044,0,Logistic regression,-4.29228730424479,-1.826439526098377,-4.29228730424479,0.02,-1.2119978737590484,0,0,0,0
1000,78496,16.0,0,-1.1923427244464353,0,Logistic regression,-1.9239290787177727,-1.0279112664569485,-1.9239290787177727,0.015,-1.2959960547550124,0,0,0,0
1000,4350,196.78,0,-0.994068104076935,0,Logistic regression,-4.40088154406632,-1.7325148037706213,-4.40088154406632,0.0,-0.5139320842681135,0,0,0,0
1000,90578,29.99,0,-1.5201480371110812,0,Logistic regression,-2.043761555599014,-1.336636911416746,-2.043761555599014,0.13,-1.1117847100377596,0,0,0,0
1000,253294,1.0,0,-1.2965594842281105,0,Logistic regression,-2.5249358350380637,-1.3699745670555812,-2.5249358350380637,0.13,-0.9369231690090877,0,0,0,0
1000,209135,0.89,0,-1.0503680518604996,0,Logistic regression,-2.9413062363823386,-1.1966451997886933,-2.9413062363823386,0.045,-0.8947615211403838,0,0,0,0
1000,196264,15.9,0,-1.2296967069714093,0,Logistic regression,-4.348543704027306,-1.989517208111308,-4.348543704027306,0.045,-1.769641015671949,0,0,0,0
1000,166034,16.99,0,-1.0697287759569738,0,Logistic regression,-2.0318219759425045,-1.055955161321827,-2.0318219759425045,0.035,-1.3625055626108193,0,0,0,0
1000,87354,19.04,1,-0.22514437268493298,0,Logistic regression,5.171010265848155,-0.322620359419865,5.171010265848155,0.75,-0.01723551129364699,0,1,1,1
1000,133108,80.49,0,-1.2895949012224779,0,Logistic regression,-3.134384622251109,-1.356836664696111,-3.134384622251109,0.0,-1.411127229097325,0,0,0,0
1000,230503,9.42,0,-1.3528001047730045,0,Logistic regression,-1.9171687055293678,-1.170185833428964,-1.9171687055293678,0.195,-0.6831465976428,0,0,0,0
1000,184027,81.71,0,-1.0235861819194403,0,Logistic regression,-2.280137365917823,-1.4573280732133602,-2.280137365917823,0.235,-0.8166915892423283,0,0,0,0
1000,64829,108.52,0,-1.1471701565499786,0,Logistic regression,-2.46467449374223,-1.562896535468696,-2.46467449374223,0.01,-1.4606676699742371,0,0,0,0
1000,27707,40.99,0,-1.1519480330517256,0,Logistic regression,-1.0168677046528318,-1.0362973994699507,-1.0168677046528318,0.195,-0.9829751564838131,0,0,0,0
1000,15225,99.99,1,0.664627058660805,1,Logistic regression,43.584432577534116,0.9763265229101387,43.584432577534116,0.975,0.8251834005077042,1,1,1,1
1000,119682,1.0,0,-0.9172353312947394,0,Logistic regression,-1.0898330547958934,-1.3377650156719474,-1.0898330547958934,0.08,-0.8293074903155421,0,0,0,0
1000,12681,41.36,0,-0.9025581539344547,0,Logistic regression,-6.031207044582118,-1.8715259599987442,-6.031207044582118,0.045,-0.8070660241162388,0,0,0,0
1000,60178,88.5,0,-0.9762324023438593,0,Logistic regression,-1.9535359038878208,-1.193279313098519,-1.9535359038878208,0.04,-1.2005239883237817,0,0,0,0
1000,14017,75.08,0,0.20856827871468245,1,Logistic regression,-0.5508181862965624,-0.14624541920135303,-0.5508181862965624,0.07,-0.3501143027874401,0,0,0,0
1000,258093,1.0,0,-1.001128848073497,0,Logistic regression,-2.1867268723080935,-1.271072943662337,-2.1867268723080935,0.025,-1.3184728962648564,0,0,0,0
1000,279570,97.0,0,-1.2254303541174727,0,Logistic regression,-2.4918106297181657,-1.3672064972530782,-2.4918106297181657,0.155,-1.2992782480162999,0,0,0,0
1000,100874,1.98,0,-1.2864307029899695,0,Logistic regression,-1.9157316401582263,-1.2285003441623656,-1.9157316401582263,0.09,-1.0673974567881512,0,0,0,0
1000,278472,9.99,0,-1.126073956008314,0,Logistic regression,-3.97444777045978,-1.5429557214271217,-3.97444777045978,0.07,-1.1798183705955285,0,0,0,0
1000,47115,196.0,0,-1.2285212135584371,0,Logistic regression,-3.844113606694447,-1.842359327016938,-3.844113606694447,0.005,-1.2908344847393725,0,0,0,0
1000,141258,0.0,1,0.4943670759568235,1,Logistic regression,29.5121331990681,1.9565368405403274,29.5121331990681,1.0,0.5978807004265345,1,1,1,1
1000,247995,51.37,1,0.9504774560053271,1,Logistic regression,8.947356388068346,1.41568131645582,8.947356388068346,0.955,1.2920523101707764,1,1,1,1
1000,142484,331.0,0,-1.2958742550732805,0,Logistic regression,-3.3288862076028503,-1.4949328042730619,-3.3288862076028503,0.06,-1.143034951286385,0,0,0,0
1000,13581,16.7,0,-0.608485935203571,0,Logistic regression,-2.7120891478447993,-1.11995753366425,-2.7120891478447993,0.125,-0.5278980577145262,0,0,0,0
1000,8296,1.0,1,0.29339731597662366,1,Logistic regression,48.53277840828729,0.6737413250778673,48.53277840828729,0.99,0.13121995421283603,1,1,1,1
1000,23158,0.69,0,-1.3478035387087461,0,Logistic regression,-2.7399137113607788,-1.012204745166275,-2.7399137113607788,0.06,-1.3693223607651261,0,0,0,0
1000,129599,134.85,0,-1.026637070008329,0,Logistic regression,-2.0565263278689327,-0.7578506430222579,-2.0565263278689327,0.1,-0.9761057372935616,0,0,0,0
1000,183415,9.99,0,-1.097879337212674,0,Logistic regression,-1.9580026712306016,-1.0329756474072243,-1.9580026712306016,0.04,-1.395602759831011,0,0,0,0
1000,124288,1.0,0,-1.1110732973850965,0,Logistic regression,-2.244966705988956,-1.082395333019818,-2.244966705988956,0.0,-0.7397607657838216,0,0,0,0
1000,271309,57.6,0,-1.4006343803646017,0,Logistic regression,-4.357049561042836,-1.7811661868438096,-4.357049561042836,0.01,-1.734828605405592,0,0,0,0
2024,221991,114.91,0,-1.1668912122234303,0,Random forest,0.015,-1.1528569006304057,-2.969508026956876,0.015,-1.2217705493721693,0,0,0,0
2024,222546,61.85,0,-0.8850129403205504,0,Random forest,0.65,-1.3420608633512687,-2.0680832522300303,0.65,-1.0836568110079716,0,0,1,0
2024,257915,11.5,0,-0.6620135179185663,0,Random forest,0.14,-0.5894882103128641,-0.7075020652701225,0.14,-0.8627998616743511,0,0,0,0
2024,51332,672.69,0,-0.4186319218109854,0,Random forest,0.05,-0.8760379444638583,-2.833407586209515,0.05,0.1164955064614202,0,0,0,1
2024,44147,1163.5,0,0.15339971960051674,1,Random forest,0.24,-0.42103535707563744,-9.401674925201815,0.24,0.18226287521698928,0,0,0,1
2024,11879,0.99,0,-1.1115644483564653,0,Random forest,0.065,-1.663904788527483,-2.310329806624471,0.065,-1.3465213684829966,0,0,0,0
2024,92777,294.9,1,0.6721369982883768,1,Random forest,0.99,1.938521518225338,11.084174568547548,0.99,0.27708758390035104,1,1,1,1
2024,68074,8.0,0,-1.18369679891042,0,Random forest,0.0,-1.7699277447973456,-3.9596917138251757,0.0,-1.7104275532569635,0,0,0,0
2024,224301,74.0,0,-0.8433963915313583,0,Random forest,0.005,-1.5119843271711133,-3.640462578203882,0.005,-1.133053596553666,0,0,0,0
2024,236087,70.0,0,-1.026324880685788,0,Random forest,0.0,-2.027285721812591,-4.82733004157632,0.0,-1.208342996702668,0,0,0,0
2024,9670,39.0,0,-1.1097795091879976,0,Random forest,0.03,-1.4707898976655365,-3.6136515304247943,0.03,-1.1597632927501604,0,0,0,0
2024,143503,19.99,0,-0.9995418651085382,0,Random forest,0.04,-0.8948422322072175,-2.6778166950860345,0.04,-0.9114656725125803,0,0,0,0
2024,132441,80.0,0,-1.0523947173679091,0,Random forest,0.03,-2.0496675643741282,-6.248433785064776,0.03,-0.9521388611418209,0,0,0,0
2024,76878,46.78,0,-0.9255416844641786,0,Random forest,0.04,-1.9868882473408727,-4.810526496728403,0.04,-1.2117521056067577,0,0,0,0
2024,2794,5.99,0,-1.0320415099464608,0,Random forest,0.01,-1.8095448501231974,-3.4783766956230373,0.01,-1.6094096989727038,0,0,0,0
2024,145483,282.69,0,-1.2784428439258562,0,Random forest,0.065,-0.9498249617935385,-2.2301248624488994,0.065,-1.309998313808648,0,0,0,0
2024,133865,2.15,0,-0.7593804949274134,0,Random forest,0.65,-1.4105514022617145,-1.7352429020928146,0.65,-1.196546074987297,0,0,1,0
2024,171437,54.0,0,-1.2987735080008727,0,Random forest,0.005,-1.4037474232590226,-3.426262189139875,0.005,-1.2526533550951746,0,0,0,0
2024,20944,567.13,0,-0.5480743675381428,0,Random forest,0.29,0.15396739327005415,1.4501910800852555,0.29,-0.2481151140610843,0,0,0,0
2024,166322,11.95,0,-1.0698640524783722,0,Random forest,0.1,-0.8012287956676712,-1.3962331927460423,0.1,-1.0668274020547923,0,0,0,0
2024,246134,15.9,0,-1.0480105894788658,0,Random forest,0.07,-1.8133692525177372,-3.975734487828675,0.07,-0.32251389805607367,0,0,0,0
2024,191267,7.18,1,0.0739862008558515,1,Random forest,0.255,-0.426676091694948,-5.463013559368451,0.255,0.06452011236816646,0,0,0,0
2024,199175,192.1,0,0.4266461607856654,1,Random forest,0.07,-0.6836743771555261,-1.7946453740736341,0.07,-0.8134961032056022,0,0,0,0
2024,244004,1.0,1,0.41926561989808386,1,Random forest,0.99,1.580775888304637,12.246220141619068,0.99,0.581322260744798,1,1,1,1
2024,30100,60.6,1,0.3430546179597841,1,Random forest,0.85,1.1019943351045844,7.14346595776213,0.85,0.3488077519365872,1,1,1,1
2024,75199,22.99,0,-0.9239008566417315,0,Random forest,0.0,-2.0158836939540725,-4.00100901259463,0.0,-1.381903372716174,0,0,0,0
2024,43204,106.55,1,0.3495686121457634,1,Random forest,0.97,0.9172113569303063,17.971271639428544,0.97,0.4613231226001918,1,1,1,1
2024,251653,9.99,0,-0.8197784177767873,0,Random forest,0.07,-1.9655961692299293,-6.024135656218329,0.07,-0.746971684224613,0,0,0,0
2024,238254,1.18,0,-1.271369527375728,0,Random forest,0.035,-1.8675541672798168,-4.51171037725027,0.035,-1.1165940846638727,0,0,0,0
2024,70493,0.75,0,-0.7679133110870784,0,Random forest,0.095,-1.6774547337806194,-4.550243275669092,0.095,-1.4563993978631984,0,0,0,0
2024,172787,144.62,1,0.9434852683180573,1,Random forest,0.99,2.3123083876363264,10.325498168760424,0.99,1.2553811131799892,1,1,1,1
2024,192051,45.0,0,-1.3638455777952474,0,Random forest,0.025,-2.0700149275445714,-5.035872002203336,0.025,-1.2757240491245903,0,0,0,0
2024,6932,314.55,0,-0.3131260787667447,0,Random forest,0.67,-0.1464841235509401,1.0205507599479684,0.67,-0.08442930445846572,0,0,1,0
2024,54182,160.5,0,-0.935313645413012,0,Random forest,0.02,-1.2018918181544356,-2.2521333114033912,0.02,-1.4453868483682304,0,0,0,0
2024,9179,1.0,1,0.030699773123908036,1,Random forest,0.955,0.6455268472624032,32.62725440341073,0.955,0.2248055970387518,1,1,1,1
2024,273979,33.18,0,-0.8215800406116096,0,Random forest,0.005,-2.1590896814382985,-4.7482028365610285,0.005,-1.790328188329276,0,0,0,0
2024,151009,1.0,1,-0.10334454905513915,0,Random forest,0.93,0.5556596615370016,14.7934297421473,0.93,0.18586310900842928,1,1,1,1
2024,62679,11.38,0,-1.0562823790757483,0,Random forest,0.1,-1.584045470811593,-2.261081828228061,0.1,-1.4708219194620373,0,0,0,0
2024,79835,1.75,1,0.4946215199068874,1,Random forest,0.99,2.902498166551165,10.83215516609849,0.99,1.4468669620948833,1,1,1,1
2024,182992,3.22,1,-0.7494072022572823,0,Random forest,0.28,-0.3292857517761111,-1.097423637003152,0.28,0.28540064542097643,0,0,0,1
2024,88459,321.42,0,-0.829150136328171,0,Random forest,0.06,-0.6882316731158155,-1.6708780303855075,0.06,-0.597694588034484,0,0,0,0
2024,161845,88.0,0,-0.9589785449633614,0,Random forest,0.04,-1.176284775224449,-2.719857918221598,0.04,-1.1101272311457102,0,0,0,0
2024,237691,4.46,0,0.17124066828793583,1,Random forest,0.265,-0.9311573311276361,-5.1655783739632035,0.265,-0.3758041229795589,0,0,0,0
2024,139402,36.39,0,-1.0811790362174976,0,Random forest,0.025,-0.8434176414131266,-0.9888933786158886,0.025,-1.4982101877415948,0,0,0,0
2024,105907,87.9,0,-0.8671980546125746,0,Random forest,0.035,-1.175808215383146,-2.712595354041291,0.035,-0.9999987134524331,0,0,0,0
2024,255007,21.15,0,-1.4319497576690954,0,Random forest,0.02,-1.365357992159618,-2.5261166588206274,0.02,-0.821558667955814,0,0,0,0
2024,154234,1.0,1,0.38757257841401693,1,Random forest,0.94,0.5798396417937399,19.191047369158245,0.94,0.1953680851960895,1,1,1,1
2024,137290,102.97,0,-1.107999906005208,0,Random forest,0.03,-1.090767949140072,-2.111572101542396,0.03,-1.3183714375885904,0,0,0,0
2024,188939,1.98,0,-1.2414541833978796,0,Random forest,0.055,-2.164309036699634,-4.760768299855015,0.055,-1.4162187568761342,0,0,0,0
2024,109137,20.0,0,-0.3151409026747839,0,Random forest,0.71,-1.6977497349149093,-3.651891931252127,0.71,0.18887344924282107,0,0,1,1
2024,170077,188.72,0,-0.7384361472558885,0,Random forest,0.135,-0.1809129395980501,-2.4107349669972846,0.135,-0.9997485191408224,0,0,0,0
2024,281144,245.0,1,0.8132553112088274,1,Random forest,0.97,2.663602793820905,10.182376624253902,0.97,0.741090336869472,1,1,1,1
2024,141258,0.0,1,0.4923223537264531,1,Random forest,1.0,1.7691534099356767,26.598933529069374,1.0,0.3094960290337697,1,1,1,1
2024,34439,11.5,0,-0.944114159098778,0,Random forest,0.025,-0.9009031972144957,-2.401934838248701,0.025,-1.0974231431825652,0,0,0,0
2024,174437,1.0,0,-1.0880807012035623,0,Random forest,0.01,-1.5241316575653663,-2.9420536355513383,0.01,-1.2630834775945359,0,0,0,0
2024,54433,234.91,0,-0.9380921639081734,0,Random forest,0.135,-0.47968635046160013,-1.3083460437136776,0.135,-0.5309269832398354,0,0,0,0
2024,247995,51.37,1,0.7263728131221091,1,Random forest,0.95,2.463101016515229,9.356083685650288,0.95,1.6680658572592557,1,1,1,1
2024,124087,1.0,1,0.8025372725419865,1,Random forest,0.92,0.5530787732573411,1.569496541385166,0.92,0.8357262828262262,1,0,1,1
2024,276009,29.0,0,-1.117285494792748,0,Random forest,0.045,-1.6209445036770642,-3.646814489590909,0.045,-1.3375594827332384,0,0,0,0
2024,238222,1.1,1,0.05982093809499492,1,Random forest,0.995,1.7569940286312815,13.18024681439281,0.995,0.35255753589039807,1,1,1,1
2024,84760,100.0,0,-0.39100206747471977,0,Random forest,0.245,-0.7208195097385736,0.7924848963604096,0.245,-0.7186320271242015,0,0,0,0
2024,147403,1.0,0,-0.3422544050961436,0,Random forest,0.145,-0.6808110390551184,-1.0840626308171148,0.145,-0.5017183711622836,0,0,0,0
2024,103004,91.55,0,-0.4302538468319651,0,Random forest,0.145,-2.4940500470393125,-9.2460333038783,0.145,-0.41677635735623986,0,0,0,0
2024,138328,139.9,0,-1.1574068436469402,0,Random forest,0.0,-1.8802058674315951,-3.5858082092193184,0.0,-1.414928227218416,0,0,0,0
2024,249731,69.0,0,-1.0016310722467907,0,Random forest,0.08,-1.8107307448859027,-4.2838978875888305,0.08,-0.7006240905331431,0,0,0,0
2024,277125,35.0,0,-0.9398322955761098,0,Random forest,0.01,-1.8454513017951673,-4.144526887361471,0.01,-1.3471622875616658,0,0,0,0
2024,173475,250.0,0,0.4165943867326358,1,Random forest,0.385,0.3221550312608993,0.5698899108172922,0.385,-0.09676507547010396,0,0,0,0
2024,114921,0.89,0,-1.0733695919456938,0,Random forest,0.075,-1.5175551544353754,-2.632745662360636,0.075,-1.1883439678246097,0,0,0,0
2024,10973,11.85,0,-0.9871963484166826,0,Random forest,0.0,-1.9659067277608209,-3.6601789695308686,0.0,-1.0384792596995047,0,0,0,0
2024,61046,1.0,0,0.8137694864318274,1,Random forest,0.77,0.04959808238300856,-0.2255839992320742,0.77,-0.28103194703748935,0,0,1,0
2024,163077,20.74,0,-0.924971494468094,0,Random forest,0.15,-1.0473466498188007,-2.5957946461720325,0.15,-0.9141934923923012,0,0,0,0
2024,154684,0.01,1,0.5924393821404376,1,Random forest,0.935,0.37384181318708637,20.010331941699956,0.935,0.18226263312551932,0,1,1,1
2024,126805,52.95,0,-0.8332519323536918,0,Random forest,0.075,-1.306153057287072,-1.9197966977741534,0.075,-0.960946302632957,0,0,0,0
2024,240244,8.95,0,-1.3362067031139957,0,Random forest,0.01,-1.7810313066603758,-3.3603070011316114,0.01,-1.1873678142765454,0,0,0,0
2024,91956,161.01,0,-1.3466273516384895,0,Random forest,0.005,-1.9833057856090237,-4.112082420362819,0.005,-0.939341218734653,0,0,0,0
2024,106014,15.3,0,-0.570029746330672,0,Random forest,0.175,-1.0825506332202828,-0.020516099163701805,0.175,-0.4323849383508046,0,0,0,0
2024,222421,120.0,0,0.21984636445863415,1,Random forest,0.625,0.3708352140581099,17.35827232101751,0.625,0.18226263312539961,0,1,0,1
2024,224592,5.0,0,-0.9587246725509111,0,Random forest,0.06,-1.6180413158745495,-3.46623496459618,0.06,-1.0815425337545368,0,0,0,0
2024,265871,1.29,0,-1.2782852865652652,0,Random forest,0.005,-2.1291334634154993,-4.599319304437477,0.005,-1.356193723094998,0,0,0,0
2024,158067,9.99,0,-1.3231634777079937,0,Random forest,0.005,-2.1615324003322574,-4.408611852020189,0.005,-1.2273115315614287,0,0,0,0
2024,213154,139.91,0,-0.27244418785933344,0,Random forest,0.095,-2.273369633108973,-5.296173162610854,0.095,-0.7742385437733604,0,0,0,0
2024,26621,1.0,0,-1.0384034263971234,0,Random forest,0.06,-1.5031776692132457,-2.5788902651466166,0.06,-1.123340208045526,0,0,0,0
2024,185734,45.0,0,-0.6425236624314439,0,Random forest,0.045,-1.5067106776308306,-2.2393183760930464,0.045,-1.5973748348666372,0,0,0,0
2024,243049,0.99,0,-1.2341171345765254,0,Random forest,0.135,-1.5872021432893488,-2.766043348856949,0.135,-1.6733853078679395,0,0,0,0
2024,187802,9.99,0,-0.12020869656376967,0,Random forest,0.155,-1.36127356331016,-4.355373496345159,0.155,-0.812851624339709,0,0,0,0
2024,157586,1.09,0,-0.8342398981465919,0,Random forest,0.005,-1.9649806711901059,-4.365597992779777,0.005,-1.3304701176188118,0,0,0,0
2024,38023,4.99,0,-0.7329260312594705,0,Random forest,0.075,-1.0099582084840462,-3.8571209854708957,0.075,-0.9265604369227067,0,0,0,0
2024,202225,16.1,0,-1.1406292258946737,0,Random forest,0.0,-2.1057655769282757,-5.001613191203615,0.0,-1.1115627826629193,0,0,0,0
2024,196650,47.96,0,-1.5695091219104702,0,Random forest,0.005,-1.4411163789263384,-3.2712289150892193,0.005,-1.7779489538162865,0,0,0,0
2024,184440,1.5,0,-1.1430033073025503,0,Random forest,0.01,-1.413555439501856,-3.049915121136569,0.01,-1.0793358818678518,0,0,0,0
2024,156990,186.13,1,0.6173085757443896,1,Random forest,0.99,2.3249308203342705,16.21641357372845,0.99,0.6096842337916422,1,1,1,1
2024,112070,210.0,0,-1.057552750784662,0,Random forest,0.045,-1.1160311495562008,-1.7171781408898374,0.045,-1.50568123627665,0,0,0,0
2024,42508,11.53,0,-1.0801599664409263,0,Random forest,0.05,-1.336422714289153,-2.633122130986917,0.05,-0.5907797302569187,0,0,0,0
2024,160970,1.0,0,-1.2811935592480495,0,Random forest,0.025,-1.935138103910056,-4.022282173581531,0.025,-1.3376240327851736,0,0,0,0
2024,8617,1.0,1,0.5635646660079343,1,Random forest,0.98,1.9178548789159162,13.071494909469733,0.98,0.4841887269373226,1,1,1,1
2024,50722,361.4,0,0.3705914792736843,1,Random forest,0.445,0.47359305800121343,0.5120065208877896,0.445,0.014886921105697198,1,0,0,0
2024,6472,1.0,1,0.21121201241615664,1,Random forest,0.955,0.32496627791347177,6.234154838080394,0.955,0.33481240148333663,0,1,1,1
2024,94425,1.79,0,-1.212314065606913,0,Random forest,0.0,-2.396415646712315,-6.097814357149111,0.0,-1.3304493728919426,0,0,0,0
2024,113924,1.23,0,-0.9657580888569328,0,Random forest,0.025,-1.45937853883561,-2.3507451979175986,0.025,-1.3643550383994796,0,0,0,0
2024,15736,99.99,1,0.9780168982702196,1,Random forest,0.995,0.9992965223362672,35.48958593046438,0.995,0.9933360060313915,1,1,1,1
2024,93627,62.0,0,-0.9814916677454906,0,Random forest,0.015,-2.2875900331125862,-5.330008466249202,0.015,-0.43480370854975303,0,0,0,0
2024,138195,0.89,0,-1.021983674166615,0,Random forest,0.0,-1.9201258412546238,-3.430389906452311,0.0,-1.5723231999860914,0,0,0,0
2024,141257,0.0,1,0.49232235372645305,1,Random forest,1.0,1.7691534099356767,26.598933529069374,1.0,0.3094960290337697,1,1,1,1
2024,137540,138.62,0,-1.1580789586962346,0,Random forest,0.005,-1.3386638230517773,-3.018960699158354,0.005,-1.2461903210718976,0,0,0,0
2024,101851,30.72,0,-0.640084357795976,0,Random forest,0.585,-1.7706190457259652,-3.5047202030249145,0.585,-0.6997498433132108,0,0,0,0
2024,41429,26.44,0,-0.4777970715013288,0,Random forest,0.05,-1.8701190562631327,-8.093111549401499,0.05,-0.28640513156030967,0,0,0,0
2024,253102,69.99,0,-1.0928768113525824,0,Random forest,0.01,-2.0475990195300113,-4.71116607712944,0.01,-1.7951085956930546,0,0,0,0
2024,111388,12.1,0,-0.9755686203190741,0,Random forest,0.605,-1.3186551687879788,-1.7926827833337131,0.605,-0.6916808281207466,0,0,0,0
2024,217670,1.98,0,-1.0527625571999228,0,Random forest,0.055,-2.1306076087496173,-7.416729328447073,0.055,-1.378845954355315,0,0,0,0
2024,241445,10.7,1,0.7099438027239855,1,Random forest,0.965,2.072157305092038,9.455113411544998,0.965,1.0018604478099922,1,1,1,1
2024,139508,2.69,0,-1.1397532551494516,0,Random forest,0.105,-1.7156535816620977,-3.8180538280956586,0.105,-1.4598593233422852,0,0,0,0
2024,77548,0.76,0,-0.6468244968365884,0,Random forest,0.095,-2.138204054059152,-7.080250568915932,0.095,0.09718375138529257,0,0,0,1
2024,263351,56.16,0,-1.190903970063895,0,Random forest,0.0,-1.4567935388232431,-2.7880292965755262,0.0,-1.4888107521459875,0,0,0,0
2024,89676,166.48,0,-0.8851513777756719,0,Random forest,0.035,-1.6181528460565007,-3.005918612685541,0.035,-1.356535305005459,0,0,0,0
2024,244333,1.0,1,0.4847223881772067,1,Random forest,0.99,1.6712565989210653,12.266714507527546,0.99,0.5637153853728031,1,1,1,1
2024,10568,1.0,1,0.45645190456776596,1,Random forest,0.98,1.016802007210842,40.62326250777449,0.98,0.34107602286895744,1,1,1,1
2024,64460,99.99,1,0.48575960171525606,1,Random forest,0.865,2.061305609444763,20.47609786973307,0.865,0.3035919239585142,1,1,1,1
2024,44168,105.0,0,-0.9878504714373062,0,Random forest,0.01,-1.2091783593061036,-1.9045782114367797,0.01,-1.2660717976887195,0,0,0,0
2024,132294,5.99,0,-1.3185607059447164,0,Random forest,0.01,-2.0979680208329627,-4.3803560625830995,0.01,-0.588017620827304,0,0,0,0
2024,8845,30.39,1,0.6268372130726685,1,Random forest,0.98,1.7718479377192393,14.2903221990481,0.98,0.6192752458486698,1,1,1,1
2024,59539,19.73,1,0.24964450231619975,1,Random forest,0.915,0.4092478396480522,3.778858388974758,0.915,0.49277454973453183,1,1,1,1
2024,186378,18.53,0,-0.8003140443182637,0,Random forest,0.05,-1.911595170959119,-8.813412286181219,0.05,-1.1670801357272544,0,0,0,0
2024,108258,0.76,1,-1.0394162197429209,0,Random forest,0.095,-0.5678795155565942,-0.4791678384831465,0.095,-0.48990225448647995,0,0,0,0
2024,176604,62.0,0,-0.7113160762642835,0,Random forest,0.125,-0.4036618228347598,-1.0372658091283264,0.125,-0.7986284768869009,0,0,0,0
2024,123971,15.0,0,-1.0270845868910734,0,Random forest,0.015,-2.526515530731446,-6.229510957921954,0.015,-0.8973604190038647,0,0,0,0
2024,39885,264.99,0,0.4452289285604225,1,Random forest,0.22,-0.052709177094155346,-0.3064175516270963,0.22,-0.6456295918056627,0,0,0,0
2024,42473,3.79,1,0.38670749616861744,1,Random forest,0.985,1.4147266684425985,35.52120498747817,0.985,0.4483158637397405,1,1,1,1
2024,69919,26.15,0,-0.10252407662119015,0,Random forest,0.06,-1.2616539838639507,-11.215189340090411,0.06,0.1820327375386566,0,0,0,1
2024,86155,101.5,1,0.1722590906322145,1,Random forest,0.96,0.5379582933529196,5.101724688641073,0.96,0.1910159742922489,1,1,1,1
2024,263603,0.92,0,-1.0486025944344715,0,Random forest,0.005,-2.0858715941523913,-4.712784947624256,0.005,-1.1749042133432448,0,0,0,0
2024,111013,0.77,0,-0.6146177010484739,0,Random forest,0.025,-2.400890219468833,-9.956332049897705,0.025,-0.8248709202544326,0,0,0,0
2024,259395,1.98,0,-1.3173061897153875,0,Random forest,0.005,-2.0665296568643576,-4.37065094146327,0.005,-1.793969729004929,0,0,0,0
2024,623,529.0,1,0.16448535692223715,1,Random forest,0.29,1.374932969625689,0.9533890841247205,0.29,0.3231771322494727,1,0,0,1
2024,119435,3.59,0,-1.058268434635232,0,Random forest,0.095,-1.429768876607528,-1.6571939027059397,0.095,-1.431193368464558,0,0,0,0
2024,40217,1.0,0,-1.1134904736042501,0,Random forest,0.055,-0.9215913238667318,-2.251989853402676,0.055,-0.2035906066335856,0,0,0,0
2024,182762,0.77,0,-0.01536969525188378,0,Random forest,0.235,-0.8980721829035044,-14.164353249260198,0.235,0.18219399959209906,0,0,0,1
2024,174727,1.98,0,-0.8248182119752141,0,Random forest,0.065,-1.8209431552828885,-3.8860390806981857,0.065,-0.3456204620757578,0,0,0,0
2024,88379,9.2,0,-0.9469161438775859,0,Random forest,0.005,-2.574961523175581,-7.553503637852954,0.005,-1.3196439469170462,0,0,0,0
2024,30582,4.9,0,-0.9981807670202882,0,Random forest,0.065,-1.5558217960108012,-2.6858450088695327,0.065,-1.5940557205677905,0,0,0,0
2024,231968,1.46,0,-0.4795764203134001,0,Random forest,0.67,-0.7064974826125122,-0.5801461539214706,0.67,-0.2131326502429076,0,0,1,0
2024,159446,25.19,0,-0.6686622490984931,0,Random forest,0.075,-1.333588121385601,-1.9732444140420573,0.075,-0.059218206254597505,0,0,0,0
2024,105301,0.76,0,-0.3913563296132663,0,Random forest,0.15,-0.450663807888099,-0.838474371227569,0.15,-0.8086127458845368,0,0,0,0
2024,62602,224.4,0,-0.6629927205249598,0,Random forest,0.02,-2.275923921646264,-6.1155885667204934,0.02,-0.6301007623427481,0,0,0,0
2024,84574,0.44,0,-0.6597369961610287,0,Random forest,0.035,-1.143697151809861,-2.455494659122803,0.035,-0.9087581626110002,0,0,0,0
2024,68522,0.76,1,0.380986132300162,1,Random forest,0.905,2.353352666003061,8.971442289476878,0.905,0.8569358824009743,1,1,1,1
2024,254344,187.11,1,-1.0607543742477896,0,Random forest,0.09,-0.8265176774812629,-2.6122682729248257,0.09,-1.0638943811276718,0,0,0,0
2024,120600,30.0,0,-1.0907375083253084,0,Random forest,0.035,-1.9467277936157332,-4.0943034638466305,0.035,-0.8623740431389011,0,0,0,0
2024,111441,23.88,0,-1.1279721784076326,0,Random forest,0.025,-1.3207248884430873,-2.482535076203082,0.025,-0.6174728326630279,0,0,0,0
2024,240608,16.99,0,-1.2794863077196088,0,Random forest,0.005,-2.028390645417134,-4.4354582331576,0.005,-1.453292094395263,0,0,0,0
2024,111709,154.0,0,-0.8424812758029412,0,Random forest,0.075,-0.7881954449793199,-1.6297871795315744,0.075,-0.8264768682751349,0,0,0,0
2024,231125,4.29,0,-1.099587099470226,0,Random forest,0.0,-2.0258400598784227,-4.326272450510906,0.0,-1.090153717838376,0,0,0,0
2024,5041,130.07,0,-0.45181932481892684,0,Random forest,0.035,-1.3421065956930764,-4.065139962272782,0.035,-0.4860999815815561,0,0,0,0
2024,168546,5.71,0,-0.8573012765590533,0,Random forest,0.135,-1.2785334481039214,-2.3771205424252178,0.135,-1.292771534988591,0,0,0,0
2024,42936,59.68,1,0.4001640049369336,1,Random forest,0.91,0.9246586574437966,22.205766605624138,0.91,0.3449345386206009,1,1,1,1
2024,12275,11.85,0,-1.0162975338220255,0,Random forest,0.01,-1.9235154242745782,-3.561196925928006,0.01,-0.902879129915052,0,0,0,0
2024,183257,26.58,0,-0.836718841422218,0,Random forest,0.035,-2.5200270058714267,-7.059377473991763,0.035,-1.282541783575282,0,0,0,0
2024,235950,79.95,0,-1.299474427063486,0,Random forest,0.0,-1.7827347747151467,-4.062216848393642,0.0,-1.528219758144802,0,0,0,0
2024,39677,43.87,0,-1.4274242299043878,0,Random forest,0.015,-1.2199379851490617,-2.119522628174006,0.015,-1.004747887902534,0,0,0,0
2024,283014,99.99,0,-1.3758100753423665,0,Random forest,0.0,-2.501002237171223,-5.73853010457532,0.0,-0.9697009569922952,0,0,0,0
2024,269762,0.76,0,-1.0386148425796187,0,Random forest,0.045,-1.7043544114309688,-4.301045283371371,0.045,-1.7050903736608285,0,0,0,0
2024,216000,30.0,0,-1.205558724093051,0,Random forest,0.05,-1.1188332905738099,-1.6047155592075102,0.05,-1.0858642538397194,0,0,0,0
2024,10265,1.98,0,-0.8438415313749315,0,Random forest,0.01,-1.7420809545381628,-2.592971280147988,0.01,-1.2387199995072151,0,0,0,0
2024,209899,1.0,0,-0.8864655315937211,0,Random forest,0.03,-1.313761748458358,-2.070425368836023,0.03,-0.5658545944116242,0,0,0,0
2024,182234,33.6,0,-0.9715752996287526,0,Random forest,0.01,-2.0255563827935417,-4.462668293265262,0.01,-1.4309724672932926,0,0,0,0
2024,267433,100.0,0,-1.332706335325514,0,Random forest,0.035,-1.3349264191526293,-2.4195398903097787,0.035,-1.2519989681644106,0,0,0,0
2024,96994,7.53,1,0.5787165822435556,1,Random forest,0.91,2.5351316277264697,9.297899371791912,0.91,0.9775483083342775,1,1,1,1
2024,27362,1.52,1,-1.075385391263866,0,Random forest,0.03,-1.2953563565150237,-2.025464373971603,0.03,-1.3631251465104697,0,0,0,0
2024,124525,15.97,0,-0.801041470130214,0,Random forest,0.01,-1.8428689753313474,-3.119068562098365,0.01,-1.3895007838875835,0,0,0,0
2024,13186,935.57,0,-0.13748262526699037,0,Random forest,0.24,0.7516021100369824,0.298589252767521,0.24,0.18158933206362118,1,0,0,1
2024,195532,307.68,0,-0.11457441630322743,0,Random forest,0.07,-1.044182905326128,-5.410208521904614,0.07,-0.8522846829471715,0,0,0,0
2024,43148,53.89,0,-1.1463903124671113,0,Random forest,0.05,-1.008925333102444,-1.611327546782864,0.05,-0.7204728171704557,0,0,0,0
2024,124610,20.0,0,-0.9164740386596417,0,Random forest,0.005,-2.5794578664888403,-6.285178251048898,0.005,-1.3209520868765112,0,0,0,0
2024,221052,0.74,0,-0.06439653497420647,0,Random forest,0.705,-0.20090890128595917,1.6015491863166182,0.705,-0.13668138734711907,0,0,1,0
2024,245066,3.99,0,-1.2984211092960503,0,Random forest,0.01,-1.562104891031444,-2.880408320939681,0.01,-1.5602363032847406,0,0,0,0
2024,58077,0.77,0,-0.40720630314014183,0,Random forest,0.08,-1.2152534275671143,-11.890288499967248,0.08,0.15101775854398103,0,0,0,1
2024,1857,15.98,0,-0.7855758890027045,0,Random forest,0.065,-1.669560789237603,-3.5870451237015204,0.065,-0.929084874226809,0,0,0,0
2024,275150,5.1,0,-1.3573064701824773,0,Random forest,0.005,-1.3396526283739334,-2.6698903630969455,0.005,-0.7207662905103815,0,0,0,0
2024,249607,35.0,1,0.21562887953993312,1,Random forest,0.915,1.839592021122395,8.274548296734391,0.915,0.18321908941185602,1,1,1,1
2024,50224,3.59,0,-0.9999895089725719,0,Random forest,0.275,-1.3343023461859644,-1.4496428884980381,0.275,-1.5672265824593985,0,0,0,0
2024,35043,246.5,0,-0.056196205679070604,0,Random forest,0.53,0.0518851520765341,-0.5160383165212464,0.53,-0.4821526724707823,0,0,0,0
2024,50537,1.0,1,-0.9066725872798527,0,Random forest,0.005,-1.9608871717085812,-4.180942540554916,0.005,-1.4157980857689567,0,0,0,0
2024,133355,12.99,0,-1.0535814114131012,0,Random forest,0.06,-1.3507142620952388,-2.421258250083296,0.06,-1.0271163189518957,0,0,0,0
2024,20198,104.81,1,-0.669794437634722,0,Random forest,0.085,-1.4806155199832833,-7.408106768103473,0.085,0.02326893768297289,0,0,0,0
2024,20232,91.28,0,-0.3727358084022545,0,Random forest,0.135,-0.9435105937996776,-0.9489095601996976,0.135,-1.0507234902670597,0,0,0,0
2024,42784,45.49,1,0.6456028011879407,1,Random forest,0.915,1.0445760752250544,27.147835672176363,0.915,0.33105970639311677,1,1,1,1
2024,61997,119.99,0,-1.0617327660028015,0,Random forest,0.11,-0.7829325718146193,-1.4026168942424575,0.11,-0.9414991571174258,0,0,0,0
2024,274126,60.0,0,-1.2630733494305124,0,Random forest,0.0,-1.8177780934455257,-3.788754557048706,0.0,-1.7032926592606576,0,0,0,0
2024,199896,1335.0,1,0.2178047813959164,1,Random forest,0.915,0.43265057080382946,18.339961639535,0.915,0.1865412116780641,1,1,1,1
2024,117421,1.0,0,-1.0441562494701295,0,Random forest,0.14,-0.460671819440411,-0.03286722119842405,0.14,-0.5226065528533436,0,0,0,0
2024,250744,0.0,0,-0.7764361269665248,0,Random forest,0.14,-1.7151332819464544,-3.3020781092490754,0.14,-1.0159350453090705,0,0,0,0
2024,221018,320.01,1,0.6511837469259505,1,Random forest,0.96,2.3828352515258566,11.879390685727019,0.96,0.35554904213367705,1,1,1,1
2024,265886,25.59,0,-1.0778476948693838,0,Random forest,0.0,-2.435495466904767,-7.26699011317209,0.0,-0.804535618834785,0,0,0,0
2024,25913,166.58,0,-1.054719621502891,0,Random forest,0.195,-1.022597410884063,-2.2129501632722235,0.195,-1.1931412416837741,0,0,0,0
2024,182239,467.6,0,-0.3677162717944181,0,Random forest,0.055,-2.425081249484978,-9.686834682688978,0.055,0.17763504682736958,0,0,0,1
2024,197427,59.75,0,-1.161517383944441,0,Random forest,0.055,-0.5823024660595201,-1.2325672484154226,0.055,-0.8819791008706017,0,0,0,0
2024,250161,9.78,0,-0.964384799162842,0,Random forest,0.285,-0.996311752627851,-0.4118352603599367,0.285,-0.7256385643104507,0,0,0,0
2024,190634,1.0,0,-0.2278745960849535,0,Random forest,0.2,-0.5380508368995417,-2.284273170961085,0.2,-0.3388688109017347,0,0,0,0
2024,71295,219.0,0,-0.7872570333635447,0,Random forest,0.12,-1.41929924575322,-3.316176722009794,0.12,-1.2412151814038335,0,0,0,0
2024,255317,15.33,0,-1.117590718237247,0,Random forest,0.085,-1.6614642141030584,-3.745512004062679,0.085,-1.4588367229671146,0,0,0,0
2024,107486,56.0,0,-1.121429490898253,0,Random forest,0.01,-1.5769007302283242,-2.7258243906713404,0.01,-0.9164711419018963,0,0,0,0
2024,159371,237.0,0,-0.26265507239701247,0,Random forest,0.095,-0.2921859361831388,-1.2573685899022875,0.095,-0.865891038559691,0,0,0,0
2024,180318,20.0,0,-1.0675266900129718,0,Random forest,0.035,-1.2605975258677589,-2.676319441625309,0.035,-0.36278327192960436,0,0,0,0
2024,133794,111.16,0,-1.4388552432490493,0,Random forest,0.02,-1.784349293987698,-3.7339210719846037,0.02,-1.4784923254408264,0,0,0,0
2024,38776,119.79,0,-0.8591374572637926,0,Random forest,0.07,-0.42461267006782577,-1.5067848481263675,0.07,-1.1750682818152398,0,0,0,0
2024,47821,1.0,0,-1.1442432808959957,0,Random forest,0.01,-1.392603183586707,-2.162849547499386,0.01,-1.5470004874493222,0,0,0,0
2024,114506,72.6,0,-1.3797936109387572,0,Random forest,0.035,-1.0692096827860897,-2.1370251923458006,0.035,-1.3322732707571616,0,0,0,0
2024,188334,46.0,0,-0.8218269460684069,0,Random forest,0.035,-2.595422815245744,-8.318458361643176,0.035,-0.8399376388820943,0,0,0,0
2024,57860,36.25,0,-1.2169177555318185,0,Random forest,0.005,-1.3201267968184176,-2.221978304911266,0.005,-1.228490635599033,0,0,0,0
2024,83543,168.0,0,-0.8659177944729735,0,Random forest,0.015,-0.749341497961156,-1.5623389083532628,0.015,-1.068844823224138,0,0,0,0
2024,17448,19.39,0,-1.0601639889678993,0,Random forest,0.01,-1.3283928499016024,-2.1389511428413353,0.01,-1.163674900532319,0,0,0,0
2024,72752,983.05,0,-0.13696379645107445,0,Random forest,0.915,2.017413200924134,3.293667167382831,0.915,0.15313750588166752,1,1,1,1
2024,92403,39.97,0,-1.0017721696170125,0,Random forest,0.02,-1.7894097434182283,-4.271758237584152,0.02,-0.8575657490896467,0,0,0,0
2024,89866,80.13,0,-1.0716615905599631,0,Random forest,0.13,-0.8903208555495795,-1.952082958054803,0.13,-1.5141974852608209,0,0,0,0
2024,50211,1.0,1,0.8029092686541676,1,Random forest,0.92,1.8146267898999429,10.923583562058834,0.92,0.6239810309053335,1,1,1,1
2024,224681,0.89,0,-1.2899381646840349,0,Random forest,0.0,-2.159107051677169,-4.659342523485974,0.0,-1.5029401822337562,0,0,0,0
2024,59087,584.7,0,-0.43913086171754245,0,Random forest,0.34,0.192544830981776,2.11481784195414,0.34,-0.27350220091950517,0,0,0,0
2024,55879,9.99,0,-0.14909868362235343,0,Random forest,0.03,-0.4652016460729066,-1.748092121646235,0.03,-0.8935134718593221,0,0,0,0
2024,57197,46.58,0,-1.275743106020797,0,Random forest,0.015,-1.542422336824341,-2.482062986668453,0.015,-1.3349761231888668,0,0,0,0
2024,275083,10.0,0,-0.645316288089279,0,Random forest,0.095,-0.4228209147090246,-1.0827125493618457,0.095,-0.5169614431190581,0,0,0,0
2024,258238,148.22,0,-0.1913972799762024,0,Random forest,0.07,-1.1744087209588665,-3.3952227362630656,0.07,-0.5506453023155007,0,0,0,0
2024,53263,22.47,0,-0.3034679701955558,0,Random forest,0.235,-1.010161849512765,-13.469426077372303,0.235,0.17949886536186915,0,0,0,1
2024,249239,1096.99,1,0.11403613925515957,1,Random forest,0.855,0.586162619616865,5.071136875558997,0.855,0.19888160671468952,1,1,1,1
2024,180515,1.98,0,-1.1305116731370366,0,Random forest,0.095,-1.339148633939871,-2.6259717950158357,0.095,-1.2231152730003585,0,0,0,0
2024,4632,49.99,0,-1.0251239511377825,0,Random forest,0.02,-1.9564804680973902,-3.4034495273854746,0.02,-1.3496955806936963,0,0,0,0
2024,163586,65.0,1,0.6477536650276774,1,Random forest,0.985,2.1654331887218587,10.947993370885348,0.985,1.2637338474668283,1,1,1,1
2024,108370,4.49,0,-1.1572712146244362,0,Random forest,0.025,-1.6212489242803114,-2.406036465360694,0.025,-1.50750840679156,0,0,0,0
2024,243547,57.73,1,0.814920464782753,1,Random forest,0.91,1.909333978534709,10.889129228453438,0.91,0.2522835104181818,1,1,1,1
2024,177620,5.42,0,-0.09519593260567996,0,Random forest,0.11,-1.6272164297252294,-3.437752862927128,0.11,-0.19309089551581124,0,0,0,0
2024,118957,10.75,0,-1.1706000392551705,0,Random forest,0.005,-1.6564527951703756,-2.721086373056405,0.005,-1.375254659034471,0,0,0,0
2024,165682,0.76,0,-0.7152695056951376,0,Random forest,0.15,-0.2237076857450936,-1.3105224126051653,0.15,-0.7688274276932425,0,0,0,0
2024,189945,38.96,0,-1.1046483153073337,0,Random forest,0.085,-1.2281175715095145,-2.674295067141287,0.085,-0.6985869836277294,0,0,0,0
2024,120215,10.88,0,-1.1520911025457465,0,Random forest,0.055,-1.514332807006869,-2.302111939861905,0.055,-1.7623366543601895,0,0,0,0
2024,270776,0.99,0,-1.0805207674591402,0,Random forest,0.01,-1.9330213005257981,-3.931332983850531,0.01,-1.5413414450452787,0,0,0,0
2024,36520,36.9,0,-0.5337002465988401,0,Random forest,0.06,-0.9155826633057734,-1.981551046254212,0.06,-1.0812763209629408,0,0,0,0
2024,278450,19.99,0,-1.268889490738854,0,Random forest,0.04,-1.2586155906145269,-2.4193712812949038,0.04,-1.7200907994938195,0,0,0,0
2024,10690,1218.89,1,0.11141172569641672,1,Random forest,0.925,0.37869045433790455,44.716369156048636,0.925,0.18226263312539961,0,1,1,1
2024,136529,78.1,0,-1.200001155689033,0,Random forest,0.06,-1.6027310383688702,-2.484704768370433,0.06,-1.66511019560004,0,0,0,0
2024,235644,122.68,1,0.6860412680751172,1,Random forest,0.98,2.508814134832825,12.632122758778094,0.98,1.231717646785998,1,1,1,1
2024,80852,34.85,0,-0.7903352237847687,0,Random forest,0.015,-1.8682212036961134,-4.759756647438746,0.015,-0.9492620245583365,0,0,0,0
2024,81186,45.64,1,0.16742973715035275,1,Random forest,0.835,-0.2317994300366818,4.053115572368791,0.835,0.21190281303161762,0,1,1,1
2024,253533,29.0,0,-1.0795549993290494,0,Random forest,0.025,-1.8741618284084387,-4.745078499489302,0.025,-1.2378029006946425,0,0,0,0
2024,160176,48.99,0,-0.7209696168404554,0,Random forest,0.21,-0.5887863889862971,-0.9138693345957624,0.21,-0.4703343151402146,0,0,0,0
2024,17050,299.23,0,-0.5046559245194411,0,Random forest,0.34,-0.23635338861977295,-0.5746453506454482,0.34,-0.5228688167245066,0,0,0,0
2024,94810,7.49,0,-1.25378916484512,0,Random forest,0.0,-1.8550792074732767,-3.374614251806733,0.0,-0.906497234932496,0,0,0,0
2024,213209,45.95,0,-1.0307686354186574,0,Random forest,0.02,-1.48960328753601,-3.57364352528542,0.02,-0.9735151370520254,0,0,0,0
2024,150804,36.0,0,-1.2258202132188267,0,Random forest,0.005,-1.355260646169972,-2.3938775964084473,0.005,-1.103082346229616,0,0,0,0
2024,55736,8.99,0,-1.2763246708692177,0,Random forest,0.06,-1.475098028045723,-2.5056923950802727,0.06,-1.1800191880730908,0,0,0,0
2024,15539,99.99,1,1.0631380906880348,1,Random forest,1.0,1.0063823196627975,35.39423864389514,1.0,1.010325190998555,1,1,1,1
2024,100097,1.0,0,-0.6494081590740883,0,Random forest,0.105,-1.196920536747772,-2.908100513901716,0.105,-0.8052642551563962,0,0,0,0
2024,89004,149.0,0,-1.1424575205522736,0,Random forest,0.0,-0.9997627827669396,-1.709649005547111,0.0,-1.5149508044170423,0,0,0,0
2024,49339,2.98,0,-1.1072061505797122,0,Random forest,0.04,-1.8576617965582098,-3.4936348172899736,0.04,-1.3874330334000995,0,0,0,0
2024,246191,2.85,0,-0.6957433403420438,0,Random forest,0.1,-2.0839938772295987,-4.385944891404314,0.1,-0.3151504784213638,0,0,0,0
2024,255850,0.89,0,-1.296829476253257,0,Random forest,0.0,-1.5285794215521449,-3.3112892079698857,0.0,-1.5427179189128777,0,0,0,0
2024,265300,29.74,0,-0.9498780868242716,0,Random forest,0.045,-1.7230681130883267,-3.3992206509623406,0.045,-0.8047143317387742,0,0,0,0
2024,149587,1.0,1,0.23568933818260152,1,Random forest,0.955,1.5656837707801818,3.1193677256514407,0.955,0.6772502614994063,1,1,1,1
2024,41943,0.76,1,0.7378969754442902,1,Random forest,0.985,0.827121293211581,39.83527434360757,0.985,0.5649889961832115,1,1,1,1
2024,23422,717.15,1,0.08544570952368916,1,Random forest,0.89,2.3034921296295936,8.774182164249225,0.89,0.24363367537622108,1,1,1,1
2024,235155,79.0,0,0.06025702267499303,1,Random forest,0.64,-0.7797580781801877,-5.090298157410411,0.64,-0.15837888623458204,0,0,0,0
2024,73681,0.76,0,-0.919178740556009,0,Random forest,0.01,-2.1290139936570416,-5.585650386051571,0.01,-1.2211390353234133,0,0,0,0
2024,236600,31.07,0,-1.1743250974700992,0,Random forest,0.045,-2.1369016782588917,-5.357308793924253,0.045,-1.3203912150152364,0,0,0,0
2024,14104,3.12,1,0.2300008614582182,1,Random forest,0.365,0.15328891604342954,0.31941268454521654,0.365,0.22027905184407495,0,0,0,1
2024,133678,125.1,0,-1.0232117771312346,0,Random forest,0.195,-1.4601043493811021,-3.856270819817749,0.195,-0.8365840638989883,0,0,0,0
2024,64544,1.0,0,-1.0155408447460816,0,Random forest,0.02,-1.5907113363458505,-2.7778168187231915,0.02,-1.2059765322833742,0,0,0,0
2024,154185,39.0,0,-0.9930257170909529,0,Random forest,0.0,-2.0036523401321595,-4.525929828714568,0.0,-1.2168886449856566,0,0,0,0
2024,32846,0.76,0,-0.9037078789523587,0,Random forest,0.025,-2.073345608325451,-5.3306282850470925,0.025,-1.1470867365040154,0,0,0,0
2024,9509,1.0,1,0.4661512949836436,1,Random forest,0.975,0.9557851665291149,40.58826778158163,0.975,0.340847509037891,1,1,1,1
2024,20069,10.0,0,-1.0390525790626766,0,Random forest,0.005,-1.7327164889715112,-2.759304095877768,0.005,-1.0843941085093007,0,0,0,0
2024,178525,17.07,0,-1.234574389641897,0,Random forest,0.01,-2.237693005402318,-5.6944775280345805,0.01,-0.8593059000937284,0,0,0,0
2024,97829,11.5,0,-1.271746220776567,0,Random forest,0.005,-1.5396010062958654,-2.695184439312321,0.005,-1.4750285027601182,0,0,0,0
2024,179542,0.0,0,-0.05879412192984143,0,Random forest,0.18,0.12364880289275437,-0.9270799560851718,0.18,0.04616895606269028,0,0,0,0
2024,153803,12.0,0,-0.944716904102769,0,Random forest,0.0,-2.505849694459818,-6.15714535892919,0.0,-1.0814788626605865,0,0,0,0
2024,148999,0.0,0,-0.915868158348391,0,Random forest,0.025,-1.931549182253712,-4.189857679987742,0.025,-0.5453832980002846,0,0,0,0
2024,150056,59.9,0,-1.2152839381289295,0,Random forest,0.035,-1.7323970719109862,-4.580984572937752,0.035,-1.1397929366598225,0,0,0,0
2024,201131,300.0,0,-0.6027614005738334,0,Random forest,0.02,-1.8740359446354127,-4.958311241891781,0.02,-0.6737969912574202,0,0,0,0
2024,280904,0.99,0,-1.3380390666739246,0,Random forest,0.0,-2.087107428413219,-4.409817220851012,0.0,-1.8195393520749554,0,0,0,0
2024,8972,179.66,1,0.2777946831422692,1,Random forest,0.815,-0.5223793564383453,-3.8674766467141857,0.815,0.17654509339821903,0,0,1,1
2024,268762,2.5,0,-1.157299206513181,0,Random forest,0.0,-2.0818447944264724,-4.530437745508249,0.0,-0.6001982398902284,0,0,0,0
2024,18432,1.29,0,-1.3244186815179095,0,Random forest,0.0,-1.828571355525928,-3.4035759728157524,0.0,-1.7050064405164613,0,0,0,0
2024,48094,24.9,1,0.7422639181019918,1,Random forest,0.995,1.206758051757241,7.001189685957629,0.995,0.8285477919644761,1,1,1,1
2024,153874,18.31,0,-0.7259977702924072,0,Random forest,0.025,-2.0963973049175637,-4.758364460336039,0.025,-0.365444282168806,0,0,0,0
2024,197724,157.75,0,-0.14298686198602337,0,Random forest,0.19,-0.8889654847399803,-1.0470349443886091,0.19,-0.5499289439344885,0,0,0,0
2024,212943,0.76,0,0.8260367446128409,1,Random forest,0.64,0.9816013837243652,0.7068909274339187,0.64,-0.10194188608943297,1,0,0,0
2024,89767,22.78,0,-0.5535211562905415,0,Random forest,0.19,-0.5842609936663806,-1.4548210024145916,0.19,-0.789007512529553,0,0,0,0
2024,172692,2.24,0,-0.5226434684335435,0,Random forest,0.32,-0.23806685705338448,0.45666409442433686,0.32,-0.7874772995230102,0,0,0,0
2024,246031,63.92,0,-1.1717332785251973,0,Random forest,0.0,-1.3426503090740969,-2.236501560854096,0.0,-0.9968530603537422,0,0,0,0
2024,102443,1.0,1,0.9999736307781133,1,Random forest,1.0,0.999639585792576,5.235311228630278,1.0,0.9999896115343708,1,1,1,1
2024,108062,1.0,0,0.6319266470803265,1,Random forest,0.7,0.22915498745075624,-0.15784345849155837,0.7,-0.11871803169843118,0,0,1,0
2024,88063,9.35,0,-0.8331121555133099,0,Random forest,0.005,-1.176624384177889,-3.9755890469648416,0.005,-0.9744815440009718,0,0,0,0
2024,63878,101.09,0,-0.46716665055933515,0,Random forest,0.125,-1.7347167457042918,-9.788411910578168,0.125,-0.007958593978471845,0,0,0,0
2024,150667,78.0,1,0.34341212618005096,1,Random forest,0.935,1.3449172252252728,27.56989744312234,0.935,0.2790437069463204,1,1,1,1
2024,42741,459.07,1,0.6494734794502097,1,Random forest,0.905,2.224576327503476,29.469857411235047,0.905,0.22889584914456118,1,1,1,1
2024,203700,0.0,1,0.6019560174819957,1,Random forest,0.995,3.153218844152439,11.975090134926699,0.995,1.0037078721792707,1,1,1,1
2024,56622,266.0,0,-1.4788107857342148,0,Random forest,0.04,-0.7337383340347036,-1.6224633062395437,0.04,-0.89446285001786,0,0,0,0
2024,151693,41.31,0,0.013350367533030982,1,Random forest,0.5,-0.26522451520723667,-1.4908822097038967,0.5,-0.2061767826235,0,0,0,0
2024,40104,85.8,0,-1.251858066519124,0,Random forest,0.0,-1.6466832219412026,-3.1731630843046883,0.0,-0.8441683657312844,0,0,0,0
2024,177195,11.0,1,1.0986175223180674,1,Random forest,0.94,0.9264654573882042,5.140655780765973,0.94,0.6273681429403147,1,1,1,1
2024,129678,9.03,0,-1.2572907148846781,0,Random forest,0.005,-1.629863300259319,-2.7767508055877905,0.005,-1.481386235212222,0,0,0,0
2024,172220,39.0,0,-1.4153538550865408,0,Random forest,0.015,-1.7107542504209041,-3.499596978598752,0.015,-1.382314112960469,0,0,0,0
2024,36036,149.97,0,-0.9944330491484141,0,Random forest,0.025,-1.0586113610743455,-2.7219500065674924,0.025,-0.5780172757563393,0,0,0,0
2024,120528,37.15,0,-0.7855394760385044,0,Random forest,0.11,-0.5931786052169626,-1.5158560376444867,0.11,-0.9761645434922646,0,0,0,0
2024,277197,24.62,0,-0.9948394477625522,0,Random forest,0.0,-1.7779197919374399,-3.6400138270326834,0.0,-1.25604572623825,0,0,0,0
2024,108100,23.42,0,-0.8852074594322015,0,Random forest,0.015,-1.054997993163676,-1.5245361193962506,0.015,-0.991025974184341,0,0,0,0
2024,195455,9.99,0,-1.0905773911904588,0,Random forest,0.0,-2.0506495455559897,-4.572701402087147,0.0,-1.6199580086934757,0,0,0,0
2024,160006,1.0,0,-1.2841734221181367,0,Random forest,0.0,-1.915692944047434,-4.410298369972757,0.0,-0.41123584089655674,0,0,0,0
2024,138019,1.98,0,-1.353403799661664,0,Random forest,0.0,-1.7781762770288516,-3.0589485542207475,0.0,-1.009355517364046,0,0,0,0
2024,74825,114.65,0,-0.8247544098310977,0,Random forest,0.015,-1.818610176530565,-5.106826799306633,0.015,-0.8164908117140348,0,0,0,0
2024,133796,37.6,0,-1.2060587156262301,0,Random forest,0.0,-1.2213716201525804,-2.013863658772233,0.0,-1.1667147369667779,0,0,0,0
2024,5973,231.48,0,-0.9268552543860453,0,Random forest,0.09,-1.0507796788119768,-3.644663930578749,0.09,-0.48715253059841646,0,0,0,0
2024,198313,59.95,0,-0.25755605854942676,0,Random forest,0.16,-0.6110125643671264,-9.890541843429652,0.16,0.18226263312342572,0,0,0,1
2024,50601,52.5,0,-0.5529224934129482,0,Random forest,0.09,-1.135395854017868,-2.32832555243638,0.09,-0.8654539719122849,0,0,0,0
2024,122645,11.57,0,-0.7506400567961711,0,Random forest,0.08,-1.671661123498711,-6.487734529188891,0.08,-1.1435654887903526,0,0,0,0
2024,248565,140.4,0,-1.0604778287712402,0,Random forest,0.005,-1.4784968909368086,-3.9701345881491625,0.005,-1.062386402978266,0,0,0,0
2024,246513,84.92,0,-0.9833615096740733,0,Random forest,0.02,-1.6209512634081236,-3.5336720340755847,0.02,-1.709342466679461,0,0,0,0
2024,195515,162.03,0,-1.0465174851829426,0,Random forest,0.115,-1.7200487460019351,-3.957195337322544,0.115,-0.6504215230307255,0,0,0,0
2024,169457,11789.84,0,0.5561343516453835,1,Random forest,0.78,0.3708948783940561,84.08704808978388,0.78,0.18226263312539961,0,1,1,1
2024,84179,296.0,0,-0.4286829656609248,0,Random forest,0.125,-1.3784231199467651,-2.8653971050484874,0.125,-0.7338536870000066,0,0,0,0
2024,226814,667.55,1,0.3456574468101381,1,Random forest,0.965,2.9744189861533554,12.146299318516071,0.965,0.24759879945431992,1,1,1,1
2024,171801,184.0,0,-1.0307186702096622,0,Random forest,0.095,-0.8496609172705217,-2.51176047240133,0.095,-1.1748140632225106,0,0,0,0
2024,184379,25.0,1,0.3509469508599853,1,Random forest,0.875,0.6607374890027026,4.414403430505206,0.875,0.6978641305434626,1,1,1,1
2024,219890,1.29,0,-0.9877896175114238,0,Random forest,0.035,-1.234408654236522,-2.611965168064997,0.035,-1.5442897574904142,0,0,0,0
2024,218442,195.66,1,0.8349679644448991,1,Random forest,0.97,2.4949757033599402,9.926849524068357,0.97,0.2396400178186121,1,1,1,1
2024,61161,15.17,0,-0.8440572704635847,0,Random forest,0.005,-1.7785394588087584,-4.060821019638328,0.005,-1.0401176587346264,0,0,0,0
2024,167673,14.02,0,-1.1027907800602113,0,Random forest,0.0,-2.2550647549365106,-5.278539369719631,0.0,-1.8260848995989345,0,0,0,0
2024,36142,12.0,0,-0.8965515208262962,0,Random forest,0.035,-1.6176336114614793,-3.294936843096739,0.035,-1.0324549349377512,0,0,0,0
2024,213533,26.89,0,-0.07398730261036598,0,Random forest,0.13,-1.2058412355844297,-5.637058084852352,0.13,-0.922590648594847,0,0,0,0
2024,39440,6.95,0,-0.8074466852148763,0,Random forest,0.05,-1.5394987103547244,-2.947840637358063,0.05,-1.1523612821455118,0,0,0,0
2024,64232,12.31,0,-1.1966389928677967,0,Random forest,0.0,-1.2261545056443035,-2.369124136025699,0.0,-1.310800589387204,0,0,0,0
2024,102442,1.0,1,0.9999736307781136,1,Random forest,1.0,0.999639585792576,5.235311228630278,1.0,0.9999896115343708,1,1,1,1
2024,260761,9.99,0,-1.0075301919975477,0,Random forest,0.01,-2.6502575313738337,-7.32866471684346,0.01,-1.1122986876525693,0,0,0,0
2024,225060,48.0,0,-0.9543950995808359,0,Random forest,0.03,-1.7771875357846527,-3.5088067285839775,0.03,-1.0058726047876592,0,0,0,0
2024,218737,19.98,0,-1.0679388357912605,0,Random forest,0.045,-1.4291460267486968,-3.1082827347643507,0.045,-0.6021670785277777,0,0,0,0
2024,73857,0.83,1,0.21389055606038054,1,Random forest,0.96,2.4241204144511634,20.690232929989904,0.96,0.40183285088564324,1,1,1,1
2024,202964,180.3,0,-1.076106602818116,0,Random forest,0.01,-1.3869213386512822,-4.142222126359298,0.01,-1.3636961195422919,0,0,0,0
2024,42549,88.23,1,-0.04450592149604385,0,Random forest,0.985,0.8112680893349757,35.287487552465514,0.985,0.4469175851066459,1,1,1,1
2024,68067,519.9,1,0.20911876549080344,1,Random forest,0.125,-0.4805883189044672,-1.8619958190319454,0.125,0.10435436891377023,0,0,0,1
2024,16932,12.99,0,-0.38080972006032465,0,Random forest,0.12,-1.4692585176982655,-2.312947140879188,0.12,-1.4501962604980343,0,0,0,0
2024,189419,25.9,0,-0.7449862559548986,0,Random forest,0.02,-1.6331712163475895,-3.198671329614215,0.02,-1.3707982377604202,0,0,0,0
2024,78281,25.97,0,-0.9204099397376226,0,Random forest,0.085,-1.9653795956980833,-5.792188402497304,0.085,-1.457146959979824,0,0,0,0
2024,42635,11.38,1,0.3851102247931951,1,Random forest,0.99,1.1428109329648186,31.463392549760062,0.99,0.680356464010192,1,1,1,1
2024,148180,118.8,0,-1.2323742251655787,0,Random forest,0.0,-1.9159521829292139,-4.371771320291484,0.0,-1.2251582301623578,0,0,0,0
2024,274585,0.0,0,-0.9427866404954348,0,Random forest,0.015,-1.2449339185465238,-2.839035568130215,0.015,-0.669152589602565,0,0,0,0
2024,248296,0.0,1,0.17508521379595482,1,Random forest,1.0,2.396133663120019,13.388599554236926,1.0,0.9331818772499989,1,1,1,1
2024,186933,185.0,0,-0.4681152015355782,0,Random forest,0.02,-1.0306055895846145,-3.429674101675417,0.02,-1.0068280102894127,0,0,0,0
2024,8615,1.0,1,0.4340264467616882,1,Random forest,1.0,0.8220066462862272,43.4775439326676,1.0,0.8986282493527717,1,1,1,1
2024,28458,810.62,0,0.34351766140729223,1,Random forest,0.455,0.15157791540714816,2.7177056781258218,0.455,0.19030223532842616,0,1,0,1
2024,42756,0.0,1,0.5171944860616625,1,Random forest,0.97,1.2079231030053712,29.92673277849901,0.97,0.35545870676237956,1,1,1,1
2024,237184,10.82,0,-0.9606719302213345,0,Random forest,0.0,-2.4219418950425506,-6.012852214833385,0.0,-0.6439615153127181,0,0,0,0
2024,27749,19.02,1,0.5161435652119974,1,Random forest,0.995,2.259152094664813,23.68287349708597,0.995,0.48573923137485864,1,1,1,1
2024,70258,49.25,0,-1.2619221734703776,0,Random forest,0.035,-1.1326482609308979,-1.5866805510418358,0.035,-1.4762108250932888,0,0,0,0
2024,164077,5.37,0,-0.813771762328537,0,Random forest,0.05,-1.1665302646432876,-1.9819278860775702,0.05,-0.3204368760069891,0,0,0,0
2024,5573,26.99,0,-0.322803973359036,0,Random forest,0.63,-0.5464143521989094,-0.22361919216707285,0.63,-1.0326697138320415,0,0,0,0
2024,47365,31.25,0,-1.281704905677148,0,Random forest,0.005,-1.8441745482270653,-3.6115047213999176,0.005,-1.5808508661995224,0,0,0,0
2024,146864,89.99,0,-0.6247864308864971,0,Random forest,0.27,0.31303699801091256,1.7358619181982469,0.27,-0.4434268125894778,0,0,0,0
2024,279863,390.0,1,0.4122191029136256,1,Random forest,0.99,2.65116693783917,11.997425897129366,0.99,0.5626761088397868,1,1,1,1
2024,267463,1.79,0,-1.31746933770874,0,Random forest,0.005,-2.145246022125181,-4.575692858638957,0.005,-1.5531384748611605,0,0,0,0
2024,157871,80.22,1,0.7590071337758135,1,Random forest,0.95,1.6554998983888556,7.773553310256683,0.95,0.7484567204058674,1,1,1,1
2024,255609,369.72,0,-0.1871635629724365,0,Random forest,0.165,0.07180054840151151,-3.629065772915108,0.165,-0.5884352710824042,0,0,0,0
2024,186885,9.0,0,-0.7256650309445591,0,Random forest,0.055,-1.1517646950700673,-2.5732033953359212,0.055,-1.167207332490002,0,0,0,0
2024,243589,15.0,0,-1.094848453850509,0,Random forest,0.0,-2.006068893517644,-4.214711774600543,0.0,-1.445228053467927,0,0,0,0
2024,184299,58.5,0,-1.0879090338549786,0,Random forest,0.015,-2.7622527866327182,-7.376871079283598,0.015,-0.49722407870559104,0,0,0,0
2024,210750,15.0,0,-1.1273016055507334,0,Random forest,0.115,-1.8350464852132875,-4.741225493167315,0.115,-1.2208907059949619,0,0,0,0
2024,100623,549.06,1,0.21472902699563653,1,Random forest,0.125,0.4049113947692252,-1.3436180767665071,0.125,0.2351671164404182,0,0,0,1
2024,238832,0.89,0,-1.168979707991386,0,Random forest,0.02,-2.010507661485919,-4.247281778236283,0.02,-1.1438392017179566,0,0,0,0
2024,143334,0.0,1,0.49491433936400187,1,Random forest,0.98,2.7051177894692437,21.616164344377307,0.98,0.2995682058334012,1,1,1,1
2024,231987,26.0,0,-1.0713243206612304,0,Random forest,0.005,-2.0015923214354734,-4.24149351362445,0.005,-1.4496390116589517,0,0,0,0
2024,105376,49.95,0,-1.014329728765996,0,Random forest,0.0,-2.4929507044097106,-6.577978695371875,0.0,-1.4565508199861437,0,0,0,0
2024,14338,3.76,1,0.6325753338117265,1,Random forest,0.71,0.9751494622038895,1.280917696183995,0.71,0.7987447709480152,1,0,1,1
2024,249201,8.59,0,-1.062804225878559,0,Random forest,0.03,-1.1402076175072793,-2.0245321305101247,0.03,-1.2319370519549295,0,0,0,0
2024,38192,28.75,0,-1.3606901874570767,0,Random forest,0.01,-1.7991494748442172,-3.2478743711835203,0.01,-1.4772707273950114,0,0,0,0
2024,128250,23.73,0,-0.7951048954996685,0,Random forest,0.125,-1.440993399704407,-3.0217596427838354,0.125,-1.0063437070887773,0,0,0,0
2024,57355,40.0,0,-1.2474630880821682,0,Random forest,0.015,-1.2269451912672755,-2.6445342722952305,0.015,-1.4440543619272606,0,0,0,0
2024,183206,17.6,0,-1.0648994877473972,0,Random forest,0.025,-1.860025094540335,-4.647357950919739,0.025,-1.5077604023994626,0,0,0,0
2024,145006,11.84,0,-0.8333306556659812,0,Random forest,0.13,-0.9224796347920846,-0.677872606254338,0.13,-0.971169114836546,0,0,0,0
2024,61062,6.99,0,-1.2782007263032034,0,Random forest,0.025,-1.4702515478935023,-2.3650716412051316,0.025,-1.373654642981996,0,0,0,0
2024,160309,11.5,0,-1.2043787708799076,0,Random forest,0.01,-2.0329892804616048,-4.950373865334629,0.01,-1.6847320076681522,0,0,0,0
2024,24948,10.0,0,-1.168434308812974,0,Random forest,0.06,-1.3632856533297648,-3.0785972111809263,0.06,-1.4801108397129985,0,0,0,0
2024,213474,104.0,0,-0.160550778615666,0,Random forest,0.095,-1.390189132216233,-3.2254796894786906,0.095,-0.8164755388725313,0,0,0,0
2024,27855,69.99,0,-1.4307062132740753,0,Random forest,0.01,-1.1576847937707182,-2.3118429392861963,0.01,-0.8093203073148806,0,0,0,0
2024,176831,9.99,0,-1.3871973995541755,0,Random forest,0.0,-1.9146479547879771,-3.5566264584993443,0.0,-1.2013403103934983,0,0,0,0
2024,219892,0.76,1,-0.8556736300838768,0,Random forest,0.71,-0.7386533881206353,-1.0522275231338665,0.71,-0.2732996549647356,0,0,1,0
2024,60255,12.85,0,-1.2751395569277806,0,Random forest,0.01,-1.562721704179812,-2.480816837486268,0.01,-1.541451570001226,0,0,0,0
2024,69550,41.0,0,-1.0662412109177004,0,Random forest,0.015,-1.6138073576413685,-2.4286086718301103,0.015,-1.2090135715886958,0,0,0,0
2024,227605,4.69,0,-0.1007363138322239,0,Random forest,0.375,0.35236776364125266,0.4278647381378732,0.375,-0.26204654510304104,0,0,0,0
2024,23751,85.89,0,-1.0995012156424646,0,Random forest,0.0,-2.1947724201356245,-6.116038720370643,0.0,-0.982301858727308,0,0,0,0
2024,30398,9.13,1,0.8998470741265508,1,Random forest,0.97,1.3938699120880567,19.137198055751902,0.97,0.9437254077569879,1,1,1,1
2024,73970,0.89,0,-1.1770576540737654,0,Random forest,0.005,-1.778209927024724,-3.303670531796358,0.005,-1.4934958390696282,0,0,0,0
2024,188686,0.76,0,-0.5626281943051646,0,Random forest,0.685,-1.1156656536073184,-1.6446430777674925,0.685,-0.8317570346334575,0,0,1,0
2024,242709,1.98,0,-1.1720357376275148,0,Random forest,0.05,-1.9475194523198436,-5.617582482096881,0.05,-1.604698493220181,0,0,0,0
2024,138077,11.5,0,-1.0751875640861128,0,Random forest,0.005,-2.513834933859636,-7.543053242745356,0.005,-1.3431291680984085,0,0,0,0
2024,34134,134.99,0,-0.7575253181306316,0,Random forest,0.185,-1.1124513159111693,-7.081011053285492,0.185,-0.5518062024398465,0,0,0,0
2024,30137,21.95,0,-0.8015269892935437,0,Random forest,0.095,-0.8267851792102076,-1.7260648845772772,0.095,-0.7518428918645649,0,0,0,0
2024,1973,5.0,0,-0.6086309630848472,0,Random forest,0.265,-0.4345165266465364,-1.2882716574643382,0.265,-0.6686277971382135,0,0,0,0
2024,195355,22.0,0,-1.10620944865056,0,Random forest,0.025,-1.9535239292445823,-6.838346375057938,0.025,-0.8093062584075235,0,0,0,0
2024,232046,708.99,0,-0.43778372640304086,0,Random forest,0.315,0.7186866298111309,0.057452911793138474,0.315,-0.17607953019151032,1,0,0,0
2024,107395,29.07,0,-0.6001523197307473,0,Random forest,0.06,-1.270511549738253,-2.2792764890443995,0.06,-1.0687702857154326,0,0,0,0
2024,242587,29.8,0,-0.7593712686503491,0,Random forest,0.035,-0.9919349065400195,-1.771736154016903,0.035,-1.0926385318430643,0,0,0,0
2024,14809,8.98,0,0.00551144833120365,0,Random forest,0.815,0.2680726008456601,2.5977964184120057,0.815,0.15453407581616188,0,1,1,1
2024,243749,1.0,1,0.3442067980097392,1,Random forest,0.99,1.3763168305307372,12.210083773060362,0.99,0.5865126456587075,1,1,1,1
2024,176455,152.65,0,-0.06480739803253652,0,Random forest,0.43,-1.138572955446155,-2.915779284425676,0.43,-0.5934799799483476,0,0,0,0
2024,9487,1.0,1,0.4700093375305238,1,Random forest,0.925,0.8975031982046987,40.55329196521884,0.925,0.3366366470697577,1,1,1,1
2024,237366,1.0,0,-1.1436223899842006,0,Random forest,0.005,-2.30043125423576,-7.216401207236259,0.005,-1.0945055820899592,0,0,0,0
2024,24420,1.29,0,-1.2728199868883006,0,Random forest,0.045,-1.5113383202856694,-3.0001016258022077,0.045,-1.5978680278272632,0,0,0,0
2024,216854,495.2,0,0.07389119572048067,1,Random forest,0.14,0.4737520303145294,-4.047263425457246,0.14,-0.3220521675150948,1,0,0,0
2024,18809,30.3,1,0.037290923595441144,1,Random forest,0.895,0.3838936213092482,3.029741027857227,0.895,0.2706308285616828,0,1,1,1
2024,206086,15.0,0,-0.9701690334066151,0,Random forest,0.06,-1.535930675625682,-2.7312016557851306,0.06,-1.0186827652396582,0,0,0,0
2024,245691,14.49,0,-1.1448766201096439,0,Random forest,0.0,-2.574452371361499,-7.781790386675886,0.0,-1.0999343955088638,0,0,0,0
2024,44556,1.0,1,0.9682619159262028,1,Random forest,0.96,2.2683682092113417,12.905271358598348,0.96,0.7215880055041288,1,1,1,1
2024,211362,138.0,0,-0.7162793732925047,0,Random forest,0.035,-1.9818913281468573,-8.058773937684183,0.035,-0.8378342866309152,0,0,0,0
2024,3197,1.0,0,-1.309641820945373,0,Random forest,0.0,-1.4757791718614923,-2.796828701762811,0.0,-0.6413466646938999,0,0,0,0
2024,2210,220.0,0,-1.1469711089522678,0,Random forest,0.02,-1.1700867591280675,-2.3743843969256524,0.02,-1.4033681251776464,0,0,0,0
2024,79240,11.99,0,-0.3150998373047883,0,Random forest,0.695,-1.426077096793522,-3.8212086419818894,0.695,-1.0020469622666395,0,0,1,0
2024,204176,0.89,0,-1.3416727647376918,0,Random forest,0.0,-1.4227649759277865,-3.172447253781923,0.0,-1.3117508814797556,0,0,0,0
2024,151201,0.89,0,-0.959807166540438,0,Random forest,0.075,-1.358533910510415,-3.6127398599211955,0.075,-0.924216989449268,0,0,0,0
2024,126118,24.99,0,-1.239022150343136,0,Random forest,0.04,-1.5376960175852856,-2.875930788699118,0.04,-1.0022311775511652,0,0,0,0
2024,65689,2.35,0,-0.7898332903870942,0,Random forest,0.595,-1.4626580044634974,-2.1546281229126847,0.595,-1.5563827798542813,0,0,0,0
2024,261409,42.81,0,-1.186304196469353,0,Random forest,0.165,-1.2170557270379891,-2.3638421315965323,0.165,-1.2456348019652586,0,0,0,0
2024,59506,44.0,0,-1.3860423267110313,0,Random forest,0.025,-1.6178902534054682,-3.5019804022012666,0.025,-1.182300201259647,0,0,0,0
2024,16415,23.36,1,0.2736723027023496,1,Random forest,0.955,1.3630552723824652,7.290628394015225,0.955,0.6941800969881671,1,1,1,1
2024,264735,249.0,0,-1.1176164583561192,0,Random forest,0.0,-1.5651022025169983,-3.393476682495477,0.0,-0.946668911812397,0,0,0,0
2024,199703,2.28,0,-0.7919317153354766,0,Random forest,0.015,-1.2453816103234683,-2.90360602812536,0.015,-0.7290978434504298,0,0,0,0
2024,212613,16.06,0,-1.1846950629995048,0,Random forest,0.19,-1.2364156487777977,-2.0800727843601883,0.19,-1.0436797551333694,0,0,0,0
2024,212242,24.99,0,-1.019615009825783,0,Random forest,0.005,-1.3334785734842836,-2.6359739199208527,0.005,-0.590792080617051,0,0,0,0
2024,105157,48.63,0,-0.9899225759477317,0,Random forest,0.005,-1.35242352227006,-2.172584067267921,0.005,-1.1821169073656188,0,0,0,0
2024,271347,6.48,0,-1.3425512003526199,0,Random forest,0.0,-2.098054109681021,-4.645249771003924,0.0,-1.49638518145623,0,0,0,0
2024,257467,72.0,0,-0.4872849594829005,0,Random forest,0.015,-1.6247894387196773,-5.035990642375159,0.015,-1.0940738883109058,0,0,0,0
2024,221983,9.72,0,-1.0938379268118599,0,Random forest,0.06,-1.5054647442329667,-2.765086898987446,0.06,-1.4444366291851125,0,0,0,0
2024,196495,314.3,0,-1.1174088845219776,0,Random forest,0.13,-0.37375304184730485,-0.6253104082250417,0.13,-0.907785800750794,0,0,0,0
2024,77916,51.09,0,-0.8603137284913882,0,Random forest,0.025,-1.843205885790483,-4.412032222750768,0.025,-1.1788820397635693,0,0,0,0
2024,77387,444.17,1,0.19257576069402035,1,Random forest,0.92,2.5913239028295587,12.004913769535001,0.92,0.6315432887631901,1,1,1,1
2024,88257,31.42,0,-1.3219220881727978,0,Random forest,0.01,-2.122659496996536,-4.810076102270182,0.01,-1.1506540107726806,0,0,0,0
2024,96677,21.9,0,-1.1308163555308153,0,Random forest,0.04,-2.0742986436510407,-8.048408808217305,0.04,-0.8184026071061685,0,0,0,0
2024,87130,9.99,0,-1.3263118830213652,0,Random forest,0.005,-1.5446294041947732,-2.762006630222429,0.005,-1.5619270779040402,0,0,0,0
2024,149411,45.9,0,-1.0209235757851076,0,Random forest,0.0,-2.349926981749724,-5.301456580066641,0.0,-0.6409298096040599,0,0,0,0
2024,157918,635.1,1,0.05962090343018839,1,Random forest,0.295,0.433745385159405,-5.044977975527262,0.295,0.1283419633496402,1,0,0,1
2024,55478,39.98,0,-1.246641341727889,0,Random forest,0.02,-1.5165582255058156,-2.847166906895047,0.02,-1.0291875085311253,0,0,0,0
2024,237241,60.0,0,-0.8971370078543768,0,Random forest,0.02,-1.0549175762747804,-1.9586007588675427,0.02,-1.019043823626833,0,0,0,0
2024,178392,25.0,0,-0.4588349342568112,0,Random forest,0.195,-0.6239949814991056,-1.765324312205576,0.195,-0.8357732695392452,0,0,0,0
2024,47800,6.99,0,-1.1085222339899157,0,Random forest,0.075,-1.633289065364175,-2.276794688523634,0.075,-1.5470538684760082,0,0,0,0
2024,51634,1.5,0,-0.8137832952999808,0,Random forest,0.03,-2.082266068841122,-5.1748381258275,0.03,-1.5699596239680136,0,0,0,0
2024,223366,1.0,1,0.4246645286472449,1,Random forest,0.945,2.556225011059182,10.499362112978393,0.945,1.1784418485001193,1,1,1,1
2024,151536,0.01,0,-0.854980851678272,0,Random forest,0.035,-2.2911315408771937,-5.63494146791698,0.035,-0.7692756635014123,0,0,0,0
2024,20813,2.49,0,-0.9867048904948899,0,Random forest,0.035,-0.6858956552390624,-1.5227753291682828,0.035,-1.0827037308095229,0,0,0,0
2024,193731,120.3,0,0.7087834310356316,1,Random forest,0.89,0.33607371006806297,2.022231608118643,0.89,0.07199200204456543,0,0,1,0
2024,116519,5.41,0,-0.9802079964991515,0,Random forest,0.18,-0.8678639406752574,-1.8552037181244438,0.18,-0.2302840640607818,0,0,0,0
2024,113563,30.0,0,-1.018314825682583,0,Random forest,0.0,-1.9544884714618123,-4.758289489773771,0.0,-1.2137557813249389,0,0,0,0
2024,58892,16.04,0,-1.0188252648265883,0,Random forest,0.01,-1.71873526545743,-2.9845871998468767,0.01,-1.208199985777296,0,0,0,0
2024,209312,3104.97,0,0.012498085989910257,1,Random forest,0.44,0.3709031207951256,-6.323155017306363,0.44,0.18226263312539961,0,0,0,1
2024,67472,62.95,0,-0.6019653383126884,0,Random forest,0.585,-0.879887238435133,-0.28061355566177104,0.585,-1.082746515263777,0,0,0,0
2024,206682,12.99,0,-1.145365038586787,0,Random forest,0.06,-1.0900248121938958,-2.022294334928364,0.06,-1.57830952890088,0,0,0,0
2024,262733,60.97,0,-1.1037817539444978,0,Random forest,0.04,-2.1407844774356226,-6.7063212341395,0.04,-1.167522403500892,0,0,0,0
2024,176785,141.78,0,-1.0604065414812889,0,Random forest,0.155,-1.1400422256683056,-1.9393279214964658,0.155,-0.7855702701587967,0,0,0,0
2024,263568,45.04,0,-0.9782236896428445,0,Random forest,0.025,-2.5569808310110993,-6.3467639059308665,0.025,-0.6797839542187417,0,0,0,0
2024,233258,996.27,1,0.47331230917433986,1,Random forest,0.925,0.7564654487600144,10.005514684955697,0.925,0.18881308513201825,1,1,1,1
2024,263809,253.05,0,-0.13280724256688217,0,Random forest,0.16,-1.2224453340631074,-3.508672004709354,0.16,-0.17763222134411552,0,0,0,0
2024,7533,31.1,0,-1.328557272161741,0,Random forest,0.025,-1.51480652906673,-2.8402608856068765,0.025,-1.1301911587026436,0,0,0,0
2024,80867,118.65,0,-1.256251805293455,0,Random forest,0.035,-1.354296744277713,-2.268166548308228,0.035,-1.446518944344085,0,0,0,0
2024,235176,449.64,0,0.40187520936296167,1,Random forest,0.065,-0.10790145745842838,-1.9093246115744338,0.065,-0.3377486710104165,0,0,0,0
2024,253018,16.0,0,-1.2110075011650343,0,Random forest,0.275,-0.666321166109272,-1.064414015865272,0.275,-0.601235022068173,0,0,0,0
2024,116404,311.28,1,0.13414133297768646,1,Random forest,0.83,1.3777421618267232,4.579074734453975,0.83,0.3227244141409942,1,1,1,1
2024,242149,9.99,0,-0.7477749987158793,0,Random forest,0.075,-1.9882969073029333,-3.5496444577601673,0.075,-1.2986414991548207,0,0,0,0
2024,88263,0.99,0,-0.896633034564575,0,Random forest,0.04,-1.7428193978397752,-2.837431849929868,0.04,-1.4233762710147515,0,0,0,0
2024,37116,160.0,0,-0.8229087440853338,0,Random forest,0.025,-1.064833766097884,-1.7522419346689013,0.025,-1.0323574895979095,0,0,0,0
2024,97266,8.99,0,-1.171640465901981,0,Random forest,0.015,-1.7376928544327725,-3.167112580522302,0.015,-1.358751211061288,0,0,0,0
2024,9897,0.0,0,-0.5930136359634957,0,Random forest,0.09,-0.809748452473343,-2.052425081506478,0.09,-0.3219653824141415,0,0,0,0
2024,219460,4.76,0,-0.7873736071493229,0,Random forest,0.0,-1.5554985630914313,-3.570000271124532,0.0,-0.8673856872383003,0,0,0,0
2024,62075,147.03,0,-0.3354186771305494,0,Random forest,0.06,-2.332694761152335,-6.179016620873187,0.06,-0.84653907726984,0,0,0,0
2024,182004,8.99,0,-0.9290819947465077,0,Random forest,0.065,-1.9300090628628164,-4.061422213152562,0.065,-1.0618622695198745,0,0,0,0
2024,70141,112.45,1,0.4876481005198293,1,Random forest,0.98,0.40288454917874195,4.403629757775695,0.98,0.41276429497288136,0,1,1,1
2024,35774,45.0,0,-1.1669769861677695,0,Random forest,0.035,-1.6102925660642295,-2.895077403202966,0.035,-0.8583286774542707,0,0,0,0
2024,4588,10.0,0,-1.1718175487780251,0,Random forest,0.005,-1.6985505697570105,-3.245344460364625,0.005,-0.9904603336112328,0,0,0,0
2024,231296,12.0,0,-0.504269045406943,0,Random forest,0.01,-2.0871772101938957,-8.02486533552561,0.01,-0.9189678696810133,0,0,0,0
2024,124703,13.26,0,-1.251426195881671,0,Random forest,0.0,-1.912716836332132,-3.782365887190549,0.0,-1.731452979062727,0,0,0,0
2024,153885,0.76,1,0.5764360393519237,1,Random forest,0.87,1.57192390710324,15.332251107935631,0.87,0.18849856368539167,1,1,1,1
2024,95597,1354.25,1,0.21858164793201385,1,Random forest,0.96,1.198806638611928,12.626167818106046,0.96,0.18228611097501154,1,1,1,1
2024,139127,24.99,0,-0.6308873633607673,0,Random forest,0.01,-1.71626792947922,-4.14869545251222,0.01,-1.247845497482883,0,0,0,0
2024,247673,247.86,1,-0.10779406698496866,0,Random forest,0.785,-0.73499767147586,0.3755090647211269,0.785,0.1677587497453784,0,0,1,1
2024,14170,99.99,1,0.4872780821715026,1,Random forest,0.95,1.4652520400564697,34.86702176354129,0.95,0.591769527097958,1,1,1,1
2024,143793,8.99,0,-0.7845474514077773,0,Random forest,0.13,-0.9951775869862968,-0.8614665489104946,0.13,-0.83692895520371,0,0,0,0
2024,214880,2.99,0,-0.7434057926403186,0,Random forest,0.06,-1.3256451177997715,-2.845137211494976,0.06,-1.334882580833294,0,0,0,0
2024,215132,723.21,1,0.4057783893665303,1,Random forest,0.92,0.405543307087057,18.350458161938317,0.92,0.19265392771250364,0,1,1,1
2024,39504,24.5,0,-0.9040029174104189,0,Random forest,0.005,-2.7715892760079424,-7.553615482555707,0.005,-0.9843612510745847,0,0,0,0
2024,146790,829.41,1,0.2795248244600512,1,Random forest,0.24,-0.8801587028354668,-8.329396247093277,0.24,0.17988637976480149,0,0,0,1
2024,151006,1.0,1,-0.10334454905513965,0,Random forest,0.93,0.5556596615370016,14.7934297421473,0.93,0.18586310900842928,1,1,1,1
2024,81908,2.69,0,-1.14037670440867,0,Random forest,0.04,-1.5555799301667834,-2.4201597266710606,0.04,-1.836408366834098,0,0,0,0
2024,126373,1.0,0,-1.304183546385953,0,Random forest,0.0,-1.8571151053768986,-3.425626512586953,0.0,-0.7914609790448559,0,0,0,0
2024,280995,8.98,0,-1.2796202921390947,0,Random forest,0.015,-1.854942904785955,-3.560294367592158,0.015,-1.3247071878656347,0,0,0,0
2024,220642,66.0,0,-0.8002883461275596,0,Random forest,0.015,-1.3367586960174895,-2.72809128779251,0.015,-1.496608661052022,0,0,0,0
2024,255269,31.52,0,-0.6316170659430884,0,Random forest,0.105,-0.6194098900904289,-3.7266966985661005,0.105,-0.31457625099080544,0,0,0,0
2024,235026,78.03,0,-0.056261790374569826,0,Random forest,0.095,-0.9483048215072002,-3.264229195041908,0.095,-0.8462301965380254,0,0,0,0
2024,18868,45.96,0,-1.0813989574622584,0,Random forest,0.035,-1.2791016890560973,-1.7314570194943932,0.035,-1.2326895862668341,0,0,0,0
2024,143642,3.0,0,-0.6046899930210368,0,Random forest,0.635,-1.2040421439339264,-2.6560618882993356,0.635,-0.7641685387855437,0,0,0,0
2024,106615,118.9,0,-1.0232850663557955,0,Random forest,0.01,-1.3471274736353989,-2.25779739277169,0.01,-1.143302001396808,0,0,0,0
2024,88900,1.98,0,-1.2039605526067445,0,Random forest,0.03,-1.8036355574793292,-3.022795588707004,0.03,-1.5524500921023456,0,0,0,0
2024,266984,49.22,0,-1.1452949380290105,0,Random forest,0.045,-1.187629423728537,-2.431473703349082,0.045,-1.0741643496086424,0,0,0,0
2024,185079,16.32,0,-0.9142484700826992,0,Random forest,0.07,-1.0173819957201502,-1.550912623639738,0.07,-1.0734775402718086,0,0,0,0
2024,249476,301.51,0,-0.020483421827085763,0,Random forest,0.05,-1.7086985088167062,-7.561672956833538,0.05,-0.3562123056683777,0,0,0,0
2024,174478,2.36,0,-0.9135096887826724,0,Random forest,0.005,-1.1825100984233643,-3.1693566185547013,0.005,-1.4265137727329782,0,0,0,0
2024,264612,4.99,0,-0.9052388266218065,0,Random forest,0.015,-1.3882752441495594,-2.596003643768873,0.015,-1.036094261511659,0,0,0,0
2024,53218,7.98,0,-1.0178283463661781,0,Random forest,0.11,-0.9935282228534214,-0.7300026421152566,0.11,-0.9868428360197818,0,0,0,0
2024,27342,9.99,0,-1.3467959244955305,0,Random forest,0.005,-1.4937875694131435,-2.991075800095932,0.005,-1.0089669511969512,0,0,0,0
2025,42528,340.11,1,0.5709825454298051,1,RBF-SVM,1.011256616050976,1.011256616050976,22.09459080183776,0.98,0.25732737904136044,1,1,1,1
2025,235222,2.69,0,-1.235121010184375,0,RBF-SVM,-1.6620297355252265,-1.6620297355252265,-2.672378464049849,0.0,-1.6470354617721439,0,0,0,0
2025,211119,166.13,0,-0.6827550599196857,0,RBF-SVM,-2.2342082105389265,-2.2342082105389265,-2.282589990583609,0.13,-0.4585504077321217,0,0,0,0
2025,171992,35.15,0,-1.2296133447322801,0,RBF-SVM,-1.6064506867899424,-1.6064506867899424,-2.5139652753370245,0.005,-1.5797676413243575,0,0,0,0
2025,91075,17.35,0,0.1262864335045792,0,RBF-SVM,-0.013801399341347498,-0.013801399341347498,-1.1581012365582355,0.485,-0.41668478169892625,1,0,0,0
2025,188159,6.97,0,-0.918076123489675,0,RBF-SVM,-1.2130921626801339,-1.2130921626801339,-2.6609666756580075,0.02,-1.2081310889025552,0,0,0,0
2025,43773,172.32,1,0.5272829702384567,1,RBF-SVM,2.0830590693329274,2.0830590693329274,5.737498260927858,0.87,0.5897946282276603,1,1,1,1
2025,222804,99.0,0,-0.8219365657955218,0,RBF-SVM,-2.3458099538516226,-2.3458099538516226,-3.6422197465941792,0.025,-0.7924829492477977,0,0,0,0
2025,78276,12.75,0,-1.3271052406057307,0,RBF-SVM,-1.3377176822737709,-1.3377176822737709,-1.7982591845856046,0.005,-1.6476492559801525,0,0,0,0
2025,54565,27.54,0,-0.883350679461389,0,RBF-SVM,-2.141523220373653,-2.141523220373653,-2.9751255204909555,0.0,-1.4591498049908431,0,0,0,0
2025,70298,35.61,0,-1.0432753146056681,0,RBF-SVM,-1.517654608302693,-1.517654608302693,-2.196821010045135,0.075,-0.5570764204132418,0,0,0,0
2025,15736,99.99,1,0.730357682152628,1,RBF-SVM,1.0187994974102614,1.0187994974102614,19.49615685518346,0.975,1.091228945673315,1,1,1,1
2025,42945,0.76,1,0.6003926212886875,1,RBF-SVM,0.9113178232545183,0.9113178232545183,10.994207479389008,0.945,0.23595264207561079,1,1,1,1
2025,150752,36.0,0,-0.47797299179689867,0,RBF-SVM,-0.5645849071851909,-0.5645849071851909,-2.007115677466288,0.165,-0.946544998441397,0,0,0,0
2025,146634,5.0,0,-0.8600932426650392,0,RBF-SVM,-0.8272207487593981,-0.8272207487593981,-0.8448862778796665,0.12,-1.0804005432990338,0,0,0,0
2025,30314,7.61,1,0.7095489979294004,1,RBF-SVM,2.221060323508734,2.221060323508734,12.038829906966663,0.995,0.7982688997444982,1,1,1,1
2025,100967,138.87,0,-1.2524593831514002,0,RBF-SVM,-1.6449484148786735,-1.6449484148786735,-2.456597203985365,0.0,-0.9936145184043119,0,0,0,0
2025,10325,100.0,0,-0.4441775925762472,0,RBF-SVM,-2.3512453320797913,-2.3512453320797913,-5.393374119755266,0.15,-0.7163647624129151,0,0,0,0
2025,29555,10.0,0,-0.6773310390208309,0,RBF-SVM,-1.1454791932397015,-1.1454791932397015,-1.3046923641747805,0.31,-0.9559123154136895,0,0,0,0
2025,124176,1.0,1,0.06884383847703984,0,RBF-SVM,0.2682680025829862,0.2682680025829862,0.21256447914123738,0.685,-0.3136860761652473,1,0,1,0
2025,131364,13.73,0,-1.0936887433582694,0,RBF-SVM,-2.049736409883204,-2.049736409883204,-4.339326665113381,0.015,-1.1395640878886255,0,0,0,0
2025,60551,40.0,0,-0.7916780314314229,0,RBF-SVM,-1.2996410961979428,-1.2996410961979428,-1.313002907196988,0.055,-1.4676922104136283,0,0,0,0
2025,225758,1.0,0,0.19544462759995873,0,RBF-SVM,-0.01044034361736168,-0.01044034361736168,-1.4579063825724148,0.635,0.10985848214729826,1,0,1,1
2025,195108,202.94,0,-0.2165248154601398,0,RBF-SVM,-1.46412972025685,-1.46412972025685,-3.749985183059603,0.03,-1.274414244209102,0,0,0,0
2025,238222,1.1,1,0.43632811433639423,1,RBF-SVM,1.4543176617113145,1.4543176617113145,4.324275121443739,0.955,0.13588327536056827,1,1,1,1
2025,15638,13.98,0,0.0418698465068536,0,RBF-SVM,0.5304242922415161,0.5304242922415161,0.13049740255095987,0.19,0.06853339309388065,1,0,0,1
2025,186611,1.0,0,-0.5728731575938848,0,RBF-SVM,-1.250719962256619,-1.250719962256619,-1.5252418958041938,0.065,-1.1749237895430087,0,0,0,0
2025,14900,275.2,0,0.39539002987171457,1,RBF-SVM,0.3335351320269956,0.3335351320269956,-10.507911474511385,0.195,0.11105385451212842,1,0,0,1
2025,115849,4.65,0,-1.1707067759937129,0,RBF-SVM,-1.5322432646614805,-1.5322432646614805,-2.135477226727405,0.005,-1.187732474108775,0,0,0,0
2025,76004,8.94,0,-0.9314112864849342,0,RBF-SVM,-1.7595139776174027,-1.7595139776174027,-1.6294726814722897,0.055,-1.4273437284473955,0,0,0,0
2025,58910,15.0,0,-0.8535417466145243,0,RBF-SVM,-1.0164068065752647,-1.0164068065752647,-1.5807175902616393,0.06,-1.1259285521931455,0,0,0,0
2025,9413,20.86,0,-0.6857761207738773,0,RBF-SVM,-1.1723975469414825,-1.1723975469414825,-2.431475523765258,0.005,-0.8300171838174772,0,0,0,0
2025,55401,1.0,1,-1.2870368414616848,0,RBF-SVM,-1.1412696516676606,-1.1412696516676606,-1.4566818801977288,0.0,-1.212899215738972,0,0,0,0
2025,117334,9.99,0,-0.4909283686835809,0,RBF-SVM,-1.1305111010303879,-1.1305111010303879,-1.7242571462427208,0.025,-1.055023145131676,0,0,0,0
2025,152363,2.83,0,-0.22582823154983755,0,RBF-SVM,-0.8819326111429024,-0.8819326111429024,-4.112668426498732,0.155,-0.2447152857460752,0,0,0,0
2025,44556,1.0,1,0.5415696268129446,1,RBF-SVM,2.2652528302421553,2.2652528302421553,6.384869268760433,0.935,0.6749542232281288,1,1,1,1
2025,37059,72.44,0,-1.0006167751412562,0,RBF-SVM,-2.0634236875504866,-2.0634236875504866,-2.3299193502866133,0.015,-1.4790384807440697,0,0,0,0
2025,204064,345.0,1,0.35681104737056446,1,RBF-SVM,0.9321641251842127,0.9321641251842127,1.4091870402225304,0.73,0.3236128981097345,1,0,1,1
2025,59150,19.47,0,-1.1750586000979486,0,RBF-SVM,-1.598765517367085,-1.598765517367085,-1.8735632192165812,0.0,-1.2600727864589605,0,0,0,0
2025,146790,829.41,1,0.3161284146262151,0,RBF-SVM,-1.025198303191659,-1.025198303191659,-7.897428456760739,0.105,0.08061578541851949,0,0,0,1
2025,65092,1.99,0,0.11248636354037955,0,RBF-SVM,-1.2683494292427784,-1.2683494292427784,-3.279204126500911,0.31,-0.7605877377210974,0,0,0,0
2025,108258,0.76,1,-0.8098223879876263,0,RBF-SVM,-0.6466257981007884,-0.6466257981007884,0.025851145703671252,0.335,-0.6063744131507406,0,0,0,0
2025,249743,0.79,0,-0.18579965900807993,0,RBF-SVM,-1.6170270550416976,-1.6170270550416976,-5.770181985359168,0.085,-0.38254118306795565,0,0,0,0
2025,167380,12.99,0,-0.8930375920587104,0,RBF-SVM,-1.518333343832618,-1.518333343832618,-3.17561443172128,0.0,-1.2465694626087633,0,0,0,0
2025,118923,194.23,0,-0.7998309555014178,0,RBF-SVM,-1.5929552017625817,-1.5929552017625817,-1.5649904253857991,0.02,-1.4227496578673158,0,0,0,0
2025,189992,20.7,0,-0.9588427449890122,0,RBF-SVM,-1.3343484803728476,-1.3343484803728476,-2.6685103866483604,0.055,-0.9471290189150214,0,0,0,0
2025,42958,9.99,1,0.6366312119851857,1,RBF-SVM,0.7816022323021456,0.7816022323021456,8.68516704689605,0.955,0.18710789906154768,1,1,1,1
2025,191836,31.86,0,-0.19701360890824893,0,RBF-SVM,-0.28320377663555485,-0.28320377663555485,-1.1187521425721216,0.35,-0.3235886179280199,0,0,0,0
2025,171437,54.0,0,-1.0844166986142403,0,RBF-SVM,-1.7126671830028775,-1.7126671830028775,-3.120660342835894,0.0,-1.403567442921886,0,0,0,0
2025,215644,30.0,0,-0.7854459777629028,0,RBF-SVM,-0.6962364083235353,-0.6962364083235353,-0.8269953013512465,0.305,-1.1522142285205554,0,0,0,0
2025,58487,119.0,0,-1.0158038039771489,0,RBF-SVM,-1.445399820654933,-1.445399820654933,-2.030700949461397,0.02,-1.4319320597463732,0,0,0,0
2025,235000,20.76,0,-1.025189711917733,0,RBF-SVM,-1.545788536449718,-1.545788536449718,-2.681052228471333,0.02,-1.2860719217035352,0,0,0,0
2025,188563,1.0,0,0.2166426585767971,0,RBF-SVM,0.7718046162319507,0.7718046162319507,-0.4145975337124382,0.39,-0.012362726145452904,1,0,0,1
2025,57123,8.93,0,-1.194495726108403,0,RBF-SVM,-1.6296049411159723,-1.6296049411159723,-1.6901885705745738,0.015,-1.5832202082123161,0,0,0,0
2025,106639,20.97,0,-0.5636963128696939,0,RBF-SVM,-0.624983567550756,-0.624983567550756,-1.0832156482370896,0.03,-0.9523886108850241,0,0,0,0
2025,163149,17.06,1,0.519327107462717,1,RBF-SVM,1.2474850966152693,1.2474850966152693,3.4252703402700604,0.945,0.8020697577634252,1,1,1,1
2025,58176,45.0,0,-1.0384229501615934,0,RBF-SVM,-1.7649150228591712,-1.7649150228591712,-1.9679800179134843,0.0,-1.2500079334211054,0,0,0,0
2025,37827,166.35,0,-0.9605249743597954,0,RBF-SVM,-2.3176487467366464,-2.3176487467366464,-3.1054535908445824,0.025,-1.3724227605535788,0,0,0,0
2025,76086,123.14,0,-0.31574051246161894,0,RBF-SVM,-0.8669546612053707,-0.8669546612053707,-0.7380128073282735,0.475,-0.6645530004806827,0,0,0,0
2025,31210,702.84,0,0.2982240264462215,0,RBF-SVM,-0.9178645768823221,-0.9178645768823221,-1.2724874756459976,0.415,-0.43883611878695766,0,0,0,0
2025,275627,5.73,0,-0.4744845341037274,0,RBF-SVM,-0.6413230907754617,-0.6413230907754617,-1.1072131856158198,0.035,-1.3033010491404453,0,0,0,0
2025,196857,500.0,0,-0.0703752925499116,0,RBF-SVM,-1.7102877262720737,-1.7102877262720737,-2.762984302459831,0.105,-0.5816543632178582,0,0,0,0
2025,124036,129.0,1,-0.8056375478754609,0,RBF-SVM,-2.0124646726167055,-2.0124646726167055,-1.9221284946558446,0.01,-1.0604901736232801,0,0,0,0
2025,226272,9.59,0,-0.9924952140548133,0,RBF-SVM,-0.6483391690856362,-0.6483391690856362,-0.2513760372605782,0.17,-0.9418315300790874,0,0,0,0
2025,27627,18.96,1,0.7019973007061678,1,RBF-SVM,2.462085426522935,2.462085426522935,6.175523218473421,0.925,0.9471075438171429,1,1,1,1
2025,108708,426.4,1,0.5968106016730962,1,RBF-SVM,2.4193803273284438,2.4193803273284438,7.265849234447417,0.88,0.6691771068808651,1,1,1,1
2025,269046,76.15,0,-0.9597795435833951,0,RBF-SVM,-2.121413352757532,-2.121413352757532,-4.119803311765677,0.015,-1.0399408281295228,0,0,0,0
2025,58761,1.0,1,-0.097410937187969,0,RBF-SVM,-0.4763609119143908,-0.4763609119143908,-1.152937355130958,0.565,-0.8966196354063698,0,0,0,0
2025,48586,1697.42,0,0.22105778683513605,0,RBF-SVM,-0.2113805380257332,-0.2113805380257332,-2.4656757025998104,0.065,0.10988865692388734,1,0,0,1
2025,205800,102.7,0,-0.7045898771634003,0,RBF-SVM,-0.5388638524054388,-0.5388638524054388,-0.6274392224895229,0.345,-0.7448680048310922,0,0,0,0
2025,189194,4.49,0,-1.0324684319700514,0,RBF-SVM,-1.085997902700452,-1.085997902700452,-1.3633993019177024,0.0,-1.4685753086756768,0,0,0,0
2025,150678,30.31,1,0.6182885539456926,1,RBF-SVM,0.8383039489105113,0.8383039489105113,9.652746308999584,0.93,0.14160777615931086,1,1,1,1
2025,6704,4.38,0,-0.46820653225570874,0,RBF-SVM,-0.8563142796209688,-0.8563142796209688,-1.7564681106141802,0.06,-0.7069773491373856,0,0,0,0
2025,212130,12.96,0,-0.49534279040821794,0,RBF-SVM,-0.9838767972746276,-0.9838767972746276,-1.178147276792633,0.225,-1.1167352856775539,0,0,0,0
2025,236167,184.0,0,-1.2737136296549159,0,RBF-SVM,-1.5734298969711742,-1.5734298969711742,-2.1464129688795643,0.055,-1.198429741446992,0,0,0,0
2025,52521,105.99,1,-0.5947082497324812,0,RBF-SVM,-1.095016930354987,-1.095016930354987,-1.1153770531152014,0.08,-0.8977550654259703,0,0,0,0
2025,70141,112.45,1,0.516284777998471,1,RBF-SVM,0.9299195323720999,0.9299195323720999,2.463690679147664,0.745,0.3118824810611541,1,1,1,1
2025,131697,1.98,0,-1.1893681875122828,0,RBF-SVM,-1.2507201526118918,-1.2507201526118918,-1.5749086850701186,0.005,-1.5532461425698938,0,0,0,0
2025,174449,61.2,0,-0.7935462933438568,0,RBF-SVM,-1.6969663627899991,-1.6969663627899991,-2.557049739878527,0.03,-1.0281323655081624,0,0,0,0
2025,73324,34.6,0,-0.799571819418792,0,RBF-SVM,-1.45860273977704,-1.45860273977704,-1.2940836756716017,0.265,-1.1484278730234414,0,0,0,0
2025,248296,0.0,1,0.43424563197901106,1,RBF-SVM,2.4625692331025664,2.4625692331025664,6.502234311939752,0.875,0.5406690906390728,1,1,1,1
2025,257007,14.95,0,-0.614852610214349,0,RBF-SVM,-1.603711813708387,-1.603711813708387,-3.456363816502572,0.055,-1.0984426558623364,0,0,0,0
2025,113285,1.98,0,-0.989047030540722,0,RBF-SVM,-1.4975326041386792,-1.4975326041386792,-2.792275754044366,0.01,-0.8802480640042735,0,0,0,0
2025,228047,15.17,0,-0.030886560071125557,0,RBF-SVM,-1.7086466938709859,-1.7086466938709859,-8.810344728488358,0.075,-0.3153931305419918,0,0,0,0
2025,42674,1.52,1,0.759575873027174,1,RBF-SVM,1.697486423130695,1.697486423130695,17.850982174578895,0.95,0.6579271273451038,1,1,1,1
2025,15566,99.99,1,0.6660788135950884,1,RBF-SVM,1.0211118733395677,1.0211118733395677,19.495410268355723,0.98,1.1146900310062597,1,1,1,1
2025,32967,4.0,0,-1.046506024639231,0,RBF-SVM,-1.4636557759057527,-1.4636557759057527,-1.5860903155571093,0.0,-1.475247443174553,0,0,0,0
2025,114556,31.03,0,-0.9351167006017389,0,RBF-SVM,-1.5589047475221807,-1.5589047475221807,-1.5552234709773043,0.085,-1.3001818659923878,0,0,0,0
2025,2546,1.0,0,-0.14646512370467812,0,RBF-SVM,-1.4252395103540194,-1.4252395103540194,-3.225022764040497,0.34,-0.5880697982061714,0,0,0,0
2025,192529,1.0,1,0.7943817264279768,1,RBF-SVM,1.9040831637702982,1.9040831637702982,4.570442704644306,0.82,0.6105109472258239,1,1,1,1
2025,38423,5.47,0,0.010221109000558226,0,RBF-SVM,-1.629269833891371,-1.629269833891371,-1.028467728966957,0.39,-0.7265677171979709,0,0,0,0
2025,63685,59.0,0,-0.4999771818415919,0,RBF-SVM,-1.2416403238093325,-1.2416403238093325,-1.8233814622324407,0.005,-0.8198919159167423,0,0,0,0
2025,39015,42.95,0,-1.1104408476667447,0,RBF-SVM,-1.5741225886369596,-1.5741225886369596,-1.8281799583520453,0.07,-1.4059043999301115,0,0,0,0
2025,92777,294.9,1,0.5160871519091276,1,RBF-SVM,1.3594261634948528,1.3594261634948528,4.069633216810557,0.95,0.1899039935601255,1,1,1,1
2025,247449,21.9,0,-0.1726303163603793,0,RBF-SVM,-1.450738283544656,-1.450738283544656,-2.244222852774301,0.285,0.10454818280670385,0,0,0,1
2025,113883,4.49,0,-1.1003560342852563,0,RBF-SVM,-1.402290522180571,-1.402290522180571,-1.5565838391209987,0.0,-1.3716408763051458,0,0,0,0
2025,191815,38.63,0,-0.8558098376350285,0,RBF-SVM,-1.6608904618269111,-1.6608904618269111,-2.4213297645351903,0.05,-0.8574230796955559,0,0,0,0
2025,272684,69.99,0,-0.479297339682508,0,RBF-SVM,-1.6539958243477355,-1.6539958243477355,-3.8500677798734593,0.01,-1.4442842887703908,0,0,0,0
2025,12786,9.44,0,-0.4629567372085531,0,RBF-SVM,-0.08357844977299411,-0.08357844977299411,-1.328430802451035,0.52,-0.7217346179035828,1,0,0,0
2025,183918,0.99,0,-0.013402452668852871,0,RBF-SVM,-1.6890478344805757,-1.6890478344805757,-7.335966772125254,0.155,-0.18610692317992028,0,0,0,0
2025,128053,0.89,0,-0.0752714177709568,0,RBF-SVM,-0.5033536739629421,-0.5033536739629421,-0.8321763149519041,0.13,-0.5491284357832855,0,0,0,0
2025,4005,8.99,0,0.10072017145034584,0,RBF-SVM,-1.2535659017276584,-1.2535659017276584,-2.1598826799107234,0.105,-0.9181981326213253,0,0,0,0
2025,203944,24.2,0,-0.8015891860342845,0,RBF-SVM,-1.3767876118986044,-1.3767876118986044,-2.2627650575797023,0.045,-1.1207294616241619,0,0,0,0
2025,283851,1.0,0,-1.2729585482160448,0,RBF-SVM,-1.7869946506908825,-1.7869946506908825,-2.7996384951206634,0.0,-1.3300303912381204,0,0,0,0
2025,155801,2.12,0,-0.8043013716469878,0,RBF-SVM,-1.4479034175341083,-1.4479034175341083,-3.5649245991653435,0.135,-1.255083713806957,0,0,0,0
2025,2182,80.0,0,-0.18823810731739177,0,RBF-SVM,-0.01935672235476482,-0.01935672235476482,-0.8630350184268176,0.065,0.06562926227636254,1,0,0,1
2025,203324,1.0,1,0.619613418318483,1,RBF-SVM,2.245806666913171,2.245806666913171,7.733799738178687,0.98,0.35157173982767037,1,1,1,1
2025,157918,635.1,1,0.3682338915581924,1,RBF-SVM,-1.6748913916498358,-1.6748913916498358,-5.525092408875265,0.065,-0.10957050432974648,0,0,0,0
2025,158176,11.34,0,-0.18913463009381792,0,RBF-SVM,-0.11473074437402087,-0.11473074437402087,-1.599768746683533,0.13,-0.22868487577570235,1,0,0,0
2025,61193,13.0,0,-0.8437049343863126,0,RBF-SVM,-1.184239329679356,-1.184239329679356,-1.8582947760166217,0.15,-0.6952339420837663,0,0,0,0
2025,116599,17.99,0,0.2771254595162391,0,RBF-SVM,-1.6897988508235708,-1.6897988508235708,-1.4845970082632032,0.29,-0.9375554988223258,0,0,0,0
2025,139438,12.1,0,0.6378760863213245,1,RBF-SVM,0.21160310665616944,0.21160310665616944,0.011687582229946869,0.51,-0.08088428996371454,1,0,0,0
2025,204503,84.28,1,0.34225297484261474,1,RBF-SVM,0.7777247228478905,0.7777247228478905,2.693175856246557,0.925,0.6470936725201056,1,1,1,1
2025,128944,233.41,0,-0.8208708421748001,0,RBF-SVM,-1.6714182742180221,-1.6714182742180221,-1.9485628221271194,0.01,-1.089970054059037,0,0,0,0
2025,5804,95.48,0,-1.1676235276016005,0,RBF-SVM,-1.4786342995942148,-1.4786342995942148,-1.7670240762087428,0.0,-0.975327109197901,0,0,0,0
2025,28530,33.8,0,-0.2609296210629215,0,RBF-SVM,-1.4506096509965487,-1.4506096509965487,-3.273196394155165,0.18,-1.0606091154090915,0,0,0,0
2025,151011,1.0,1,0.659692617272493,1,RBF-SVM,0.8037565377260235,0.8037565377260235,10.268630720762674,0.95,0.1346641998658014,1,1,1,1
2025,87599,205.33,0,-0.8982000955497202,0,RBF-SVM,-1.5111836563558367,-1.5111836563558367,-1.3152631326519328,0.26,-1.1340572704441825,0,0,0,0
2025,149081,17.82,0,-0.08052389549069816,0,RBF-SVM,-1.314421560934417,-1.314421560934417,-3.755102897880404,0.325,-0.49378680516894163,0,0,0,0
2025,185650,1199.42,0,0.14384704012775223,0,RBF-SVM,-0.7579258890267777,-0.7579258890267777,-1.8662211787727891,0.52,0.018794188026894323,0,0,0,1
2025,12070,1.0,1,0.6639107668800649,1,RBF-SVM,1.190853225354201,1.190853225354201,18.345502084503764,0.925,0.8800291060465089,1,1,1,1
2025,15204,99.99,1,0.8541842050420396,1,RBF-SVM,1.0010411927842044,1.0010411927842044,19.489011471262373,0.95,0.9344691444963166,1,1,1,1
2025,43061,34.12,1,0.604345894622544,1,RBF-SVM,0.908221118600867,0.908221118600867,12.160007686008402,0.94,0.1835768842546598,1,1,1,1
2025,75816,39.0,0,-1.1591112905494512,0,RBF-SVM,-1.337687727688777,-1.337687727688777,-2.0528926558628253,0.0,-1.3088007776157495,0,0,0,0
2025,197937,0.76,0,-0.5894107318267838,0,RBF-SVM,-0.7582523453877275,-0.7582523453877275,-0.7737172261191698,0.3,-0.7614941703443954,0,0,0,0
2025,191016,159.09,0,-1.2861199032214854,0,RBF-SVM,-1.6365561035777456,-1.6365561035777456,-2.1853097471195824,0.05,-1.3816132272286221,0,0,0,0
2025,196915,9.81,0,0.1410001492340821,0,RBF-SVM,0.0682171069063302,0.0682171069063302,1.5451921822920152,0.45,-0.11597264219066596,1,0,0,0
2025,246169,10.77,0,0.3207996568981605,0,RBF-SVM,-1.6431459898404475,-1.6431459898404475,-0.8099289102148322,0.12,-0.45553509532245157,0,0,0,0
2025,236918,5.99,0,-1.1549030989648275,0,RBF-SVM,-1.2325546432848236,-1.2325546432848236,-1.6987039612312311,0.015,-1.5776167314030112,0,0,0,0
2025,269619,1.0,0,-1.1742377280836207,0,RBF-SVM,-2.03918453129492,-2.03918453129492,-3.6536029425256014,0.005,-1.0056118901707851,0,0,0,0
2025,155008,215.12,0,-0.995555071521911,0,RBF-SVM,-2.0155395086087555,-2.0155395086087555,-3.773989434019594,0.02,-1.235652545128734,0,0,0,0
2025,278396,12.99,0,-1.2745767165346955,0,RBF-SVM,-2.069314455556645,-2.069314455556645,-3.5191381679062483,0.005,-0.9671901075763552,0,0,0,0
2025,182094,66.1,0,-0.9829740821261461,0,RBF-SVM,-1.3663591100115626,-1.3663591100115626,-2.558455843752508,0.005,-0.8265829090023739,0,0,0,0
2025,52221,6.26,0,-1.2415421200177876,0,RBF-SVM,-1.598487464999736,-1.598487464999736,-1.6004374924485545,0.005,-1.0160394758844955,0,0,0,0
2025,84133,105.42,0,-1.161602398723752,0,RBF-SVM,-1.7933236182365335,-1.7933236182365335,-2.445676193394173,0.025,-1.3342522105716357,0,0,0,0
2025,152295,9.82,1,0.23277878680764896,0,RBF-SVM,0.6421085626768953,0.6421085626768953,8.845883684374854,0.935,0.11214640620677856,1,1,1,1
2025,206763,267.79,0,-0.7737772596187149,0,RBF-SVM,-1.7416859700423593,-1.7416859700423593,-1.2049955933185286,0.23,-1.2047679391551585,0,0,0,0
2025,240291,20.16,0,-0.567377140465656,0,RBF-SVM,-1.8457748312696225,-1.8457748312696225,-5.521587047145268,0.035,-1.1957777598907808,0,0,0,0
2025,175828,309.98,0,-0.0884888292887025,0,RBF-SVM,-2.3167397068142312,-2.3167397068142312,-4.346949560541266,0.075,-0.7597318054411933,0,0,0,0
2025,117208,4.0,0,-0.9678995153767973,0,RBF-SVM,-1.2841600879798052,-1.2841600879798052,-1.589300655041004,0.005,-1.387773763918063,0,0,0,0
2025,145971,50.05,0,-1.1117214089954457,0,RBF-SVM,-1.885864226315182,-1.885864226315182,-2.181668370088659,0.005,-1.679538281566239,0,0,0,0
2025,223076,38.7,0,-0.5084188071775627,0,RBF-SVM,-1.2326316192314102,-1.2326316192314102,-1.5549273668564358,0.105,-0.7396257752858845,0,0,0,0
2025,29687,0.76,1,-0.579821542974962,0,RBF-SVM,-0.06441151045410853,-0.06441151045410853,-0.4853641451859346,0.145,-0.28833096949352377,1,0,0,0
2025,68538,22.99,0,-1.1065150660888317,0,RBF-SVM,-1.3576222203340564,-1.3576222203340564,-1.514808555242134,0.025,-1.3457530353976983,0,0,0,0
2025,156180,14.81,0,-0.4103304914663871,0,RBF-SVM,-1.274423837938798,-1.274423837938798,-2.556811500729191,0.105,-0.4021844435437943,0,0,0,0
2025,34897,12.96,0,-0.6411085636441285,0,RBF-SVM,-0.7690180895031462,-0.7690180895031462,-0.1451270593271323,0.295,-0.9880571185008857,0,0,0,0
2025,156231,7.55,0,-0.37962594848428455,0,RBF-SVM,-1.568204611299934,-1.568204611299934,-4.186851201825532,0.14,-1.0482574983946256,0,0,0,0
2025,154286,0.92,1,0.49348861545783623,1,RBF-SVM,0.5070169297462116,0.5070169297462116,-5.44656601648716,0.415,0.11105385451212842,1,0,0,1
2025,113771,107.49,0,-0.34971141298740005,0,RBF-SVM,-1.9653270071307904,-1.9653270071307904,-2.9034727856018736,0.15,-0.7601618082064711,0,0,0,0
2025,68468,9.0,0,-0.7164887589515183,0,RBF-SVM,-2.095512544951512,-2.095512544951512,-3.1262201801886387,0.06,-1.1920825983498542,0,0,0,0
2025,171775,9.12,0,-1.1371902597709485,0,RBF-SVM,-1.4981727581754507,-1.4981727581754507,-2.251819428997907,0.005,-1.6001590635337222,0,0,0,0
2025,268405,18.8,0,-0.9910331473836589,0,RBF-SVM,-1.5362166960317611,-1.5362166960317611,-2.2281747913628376,0.005,-1.1806398400386493,0,0,0,0
2025,101905,1.5,0,-0.8224132558220663,0,RBF-SVM,-0.9189545514548207,-0.9189545514548207,-0.8760046566068067,0.235,-0.9563002091860555,0,0,0,0
2025,116074,50.0,0,-0.9739687213913113,0,RBF-SVM,-2.4046400161261916,-2.4046400161261916,-3.3441631362545636,0.01,-1.3531147677763022,0,0,0,0
2025,141061,29.99,0,-0.9187342659922055,0,RBF-SVM,-1.1313767712345397,-1.1313767712345397,-2.1300921672862367,0.0,-1.4123686097258474,0,0,0,0
2025,281144,245.0,1,0.3345493584496743,1,RBF-SVM,0.6052646956209271,0.6052646956209271,4.654691649706164,0.935,0.744494384970967,1,1,1,1
2025,175963,12.6,0,-1.0748871729724434,0,RBF-SVM,-1.7110687100207733,-1.7110687100207733,-2.9044874772434777,0.09,-1.0827679301394666,0,0,0,0
2025,179262,1.0,0,-1.073580363806739,0,RBF-SVM,-1.399934662335279,-1.399934662335279,-2.240213272321526,0.015,-0.8625950378304793,0,0,0,0
2025,284030,1.99,0,-1.1198133045174383,0,RBF-SVM,-1.680816976275863,-1.680816976275863,-2.7476192274321387,0.015,-1.1406620013829256,0,0,0,0
2025,138015,25.0,0,-1.2457221259319398,0,RBF-SVM,-1.1454502033202463,-1.1454502033202463,-1.847323347803561,0.0,-1.1320527406720078,0,0,0,0
2025,144103,24.71,0,-0.5660304955488904,0,RBF-SVM,-1.663826836899827,-1.663826836899827,-2.608481232624863,0.09,-0.7150265897249793,0,0,0,0
2025,240211,5.25,0,-0.7037341287678867,0,RBF-SVM,-1.2700849682928297,-1.2700849682928297,-2.5939804829185378,0.005,-1.1806023322393808,0,0,0,0
2025,221148,0.0,0,0.0649723216554316,0,RBF-SVM,-1.593289026354007,-1.593289026354007,-3.139598809556731,0.055,-0.21724174454164868,0,0,0,0
2025,32809,34.9,0,-1.2125806851362628,0,RBF-SVM,-1.4499375160385037,-1.4499375160385037,-2.353032678078945,0.0,-0.9828423154716934,0,0,0,0
2025,40917,62.48,0,-0.7724931044072418,0,RBF-SVM,-1.3647187113767711,-1.3647187113767711,-1.2602896162407802,0.14,-1.4746206967384823,0,0,0,0
2025,94218,720.38,1,0.3149993437973776,0,RBF-SVM,0.25043401221256834,0.25043401221256834,-0.555484915940412,0.92,0.1109577483394805,1,0,1,1
2025,78018,19.49,0,-1.1222239607533742,0,RBF-SVM,-1.5318275543060587,-1.5318275543060587,-2.4318007025814676,0.02,-0.9608720811503388,0,0,0,0
2025,130958,29.56,0,-0.6235002320902663,0,RBF-SVM,-0.7858114537310574,-0.7858114537310574,-0.5164294060110928,0.19,-0.874827577096338,0,0,0,0
2025,249239,1096.99,1,0.2678607356848486,0,RBF-SVM,0.4809120644425943,0.4809120644425943,-3.015325913056568,0.49,0.010688420787011502,1,0,0,1
2025,38392,52.99,0,-0.8174761044187153,0,RBF-SVM,-2.2730446241652995,-2.2730446241652995,-3.519837801293854,0.005,-1.1607487393856113,0,0,0,0
2025,187393,11.96,0,-0.03806964851008976,0,RBF-SVM,-2.3905416831635447,-2.3905416831635447,-6.957869567949163,0.13,-0.8865628663823089,0,0,0,0
2025,77348,0.01,1,1.040439504399278,1,RBF-SVM,2.4983096106956704,2.4983096106956704,6.708042757960419,0.985,1.0285485974516886,1,1,1,1
2025,99962,66.07,0,-0.869975450775776,0,RBF-SVM,-1.0782730784545889,-1.0782730784545889,-1.8044929756330679,0.07,-0.8533284777730622,0,0,0,0
2025,26649,147.72,0,-0.44514918915607005,0,RBF-SVM,-2.1959978093100108,-2.1959978093100108,-4.614967640661,0.06,-1.010751351663747,0,0,0,0
2025,27254,1.0,0,-1.1509235308989274,0,RBF-SVM,-0.8972308330873551,-0.8972308330873551,-1.494269368799557,0.0,-1.367628850773098,0,0,0,0
2025,242797,1.0,0,-0.7052018285342554,0,RBF-SVM,-0.510051836587718,-0.510051836587718,-0.9600931164979769,0.32,-0.5888117030330644,0,0,0,0
2025,143188,2.0,1,0.7814182790720531,1,RBF-SVM,0.9929334816471764,0.9929334816471764,2.745997007761909,0.79,0.6551369411506586,1,1,1,1
2025,29495,61.55,0,-1.088224311121757,0,RBF-SVM,-1.362737521834608,-1.362737521834608,-1.3795002521630064,0.05,-1.18614220734023,0,0,0,0
2025,17480,99.99,1,0.5685748349068116,1,RBF-SVM,0.7711855291803624,0.7711855291803624,19.59041507532891,0.815,0.37276250434368674,1,1,1,1
2025,47022,22.06,0,-0.6198588598956798,0,RBF-SVM,-0.22678964061631968,-0.22678964061631968,-0.6893664592891238,0.275,-0.7754443210276506,1,0,0,0
2025,19457,25.0,0,-0.9831191698189534,0,RBF-SVM,-1.1194351417522816,-1.1194351417522816,-1.7226078781165142,0.005,-1.0480765630888222,0,0,0,0
2025,212516,0.01,1,0.6103251652578898,1,RBF-SVM,2.179555110501018,2.179555110501018,6.698052870634144,0.96,0.44292903960155533,1,1,1,1
2025,69395,35.0,0,-1.1521461145094793,0,RBF-SVM,-2.288880883322555,-2.288880883322555,-3.0488408681247203,0.065,-1.2752928895004398,0,0,0,0
2025,90523,61.66,0,-0.14938338449439925,0,RBF-SVM,-2.123390088964743,-2.123390088964743,-4.183628861273573,0.065,-1.0955682657384156,0,0,0,0
2025,103381,71.0,0,-0.8658315809969339,0,RBF-SVM,-1.4918339063567863,-1.4918339063567863,-1.1826503235376238,0.225,-1.590506182795566,0,0,0,0
2025,252919,9.99,0,-0.11453781600462987,0,RBF-SVM,-1.853569877573189,-1.853569877573189,-6.191352799620366,0.04,-0.8923214455509172,0,0,0,0
2025,109816,45.0,0,-1.1409192650394824,0,RBF-SVM,-1.8128058855165605,-1.8128058855165605,-2.5948174327221682,0.01,-1.3271260712219513,0,0,0,0
2025,95534,31.91,1,-0.7573436175707793,0,RBF-SVM,-1.0507758321614653,-1.0507758321614653,-0.9526001173580787,0.105,-0.7779787186248966,0,0,0,0
2025,18597,45.0,0,-1.1637479186216515,0,RBF-SVM,-1.6614922777388088,-1.6614922777388088,-2.193250467194069,0.0,-1.3345983716938485,0,0,0,0
2025,140721,27.62,0,-1.2769820737204625,0,RBF-SVM,-0.9210444836448723,-0.9210444836448723,-1.309589258890379,0.0,-1.3318890383472188,0,0,0,0
2025,61235,10.0,0,-1.2823642335379222,0,RBF-SVM,-1.1327702233943278,-1.1327702233943278,-1.6055729827751877,0.0,-1.400559506358783,0,0,0,0
2025,45732,1.0,1,0.4082042580582782,1,RBF-SVM,2.185367948490961,2.185367948490961,7.229066201339882,0.895,0.36327702772411086,1,1,1,1
2025,248146,110.9,0,-0.5151489960546869,0,RBF-SVM,-0.5430650654337206,-0.5430650654337206,-0.4734785208220642,0.2,-0.4635730123370902,0,0,0,0
2025,166048,160.0,0,-0.2226863194479971,0,RBF-SVM,-0.5866310282469192,-0.5866310282469192,-2.488560368560407,0.02,-0.5194689563752392,0,0,0,0
2025,253075,1.29,0,-0.5887851565844899,0,RBF-SVM,-0.5189441043026997,-0.5189441043026997,-0.10324003066586612,0.375,-0.8954152903704278,0,0,0,0
2025,146872,1.0,0,-0.06233921296493461,0,RBF-SVM,-0.4240063609743583,-0.4240063609743583,-0.6661254762116304,0.47,-1.2029869690190005,0,0,0,0
2025,263877,0.38,1,0.968863016384349,1,RBF-SVM,2.6165398898654466,2.6165398898654466,7.259381326417522,0.985,0.8837288203549253,1,1,1,1
2025,16473,24.99,0,-0.7866014020221397,0,RBF-SVM,-0.8858548771989101,-0.8858548771989101,-1.228116772604002,0.16,-1.2131648804833528,0,0,0,0
2025,134391,1.98,0,-0.565838238306376,0,RBF-SVM,-0.7816376400350227,-0.7816376400350227,-1.741748322683781,0.11,-1.0881112227767828,0,0,0,0
2025,111068,534.43,0,0.1115120561694003,0,RBF-SVM,-1.58028185872248,-1.58028185872248,-2.042539766190643,0.365,-0.8659924284396537,0,0,0,0
2025,106679,227.3,1,0.5452518561658393,1,RBF-SVM,2.3502894994592465,2.3502894994592465,7.618800885727455,0.925,1.070542103926988,1,1,1,1
2025,257031,572.84,0,-0.20699979797522816,0,RBF-SVM,-1.3770029624752465,-1.3770029624752465,-2.871087286421195,0.03,-0.784437627354832,0,0,0,0
2025,17525,310.0,0,-0.21573079052250121,0,RBF-SVM,-1.8328833454093112,-1.8328833454093112,-1.6661761965702175,0.245,-1.4512587318521883,0,0,0,0
2025,174964,39.0,0,-0.062235058387060005,0,RBF-SVM,-0.28853544829901856,-0.28853544829901856,0.3616296547250812,0.49,-0.12433174909160664,0,0,0,0
2025,18459,154.9,0,-0.7028705911501956,0,RBF-SVM,-1.5911772097740675,-1.5911772097740675,-1.5651776512528728,0.1,-1.207535450480216,0,0,0,0
2025,80669,110.0,0,-0.991719389651369,0,RBF-SVM,-1.5917806164889359,-1.5917806164889359,-1.6011442281113093,0.005,-1.2770290015987482,0,0,0,0
2025,242520,7.7,0,0.37720588093043983,1,RBF-SVM,-1.0550881749767225,-1.0550881749767225,-7.306646685965797,0.085,-0.22963355058367868,0,0,0,0
2025,257014,11.5,0,-1.0265324064992227,0,RBF-SVM,-1.9046704582901177,-1.9046704582901177,-2.6352829141390015,0.055,-1.4928387198032227,0,0,0,0
2025,201067,0.99,0,-1.097092723759734,0,RBF-SVM,-1.8191566039936249,-1.8191566039936249,-2.5959230153667816,0.005,-1.419930248573953,0,0,0,0
2025,93728,49.55,0,-0.40296955806229573,0,RBF-SVM,-0.9530541622406772,-0.9530541622406772,-0.7644453267415904,0.59,-0.6263137552196739,0,0,1,0
2025,29236,10.65,0,-0.5951608335862464,0,RBF-SVM,-1.1171134984579192,-1.1171134984579192,-1.3306144645075388,0.18,-0.9540163763141376,0,0,0,0
2025,230116,86.87,0,-1.0262337538559982,0,RBF-SVM,-1.9077136601924694,-1.9077136601924694,-3.9142673246890274,0.005,-0.9982755016953775,0,0,0,0
2025,76228,68.75,0,-0.6183181458582503,0,RBF-SVM,-1.399400517232162,-1.399400517232162,-1.2016763850772247,0.015,-0.9409309762953633,0,0,0,0
2025,123349,0.76,0,0.22824738513036102,0,RBF-SVM,-0.162835907006186,-0.162835907006186,-0.4847923800058617,0.39,-1.053080779514064,1,0,0,0
2025,42186,35.99,0,-0.6719050960143267,0,RBF-SVM,-1.1468673251167505,-1.1468673251167505,-1.4080083543028128,0.06,-0.10067292398559054,0,0,0,0
2025,127121,9.99,0,-1.2238931468828935,0,RBF-SVM,-1.490668927650188,-1.490668927650188,-2.3707308289630227,0.0,-1.391057159509676,0,0,0,0
2025,213711,74.95,0,-1.0651675460280248,0,RBF-SVM,-2.2511845076577806,-2.2511845076577806,-3.4251771537590985,0.005,-1.668148453000791,0,0,0,0
2025,106726,19.0,0,-0.8178022494989983,0,RBF-SVM,-1.1723541149230812,-1.1723541149230812,-2.2756119227281975,0.025,-1.0496573864254835,0,0,0,0
2025,260339,200.0,0,-0.574746006586339,0,RBF-SVM,-1.8963344417012982,-1.8963344417012982,-4.150469585036897,0.01,-0.39471493252011575,0,0,0,0
2025,11710,1.0,1,0.6638694678958661,1,RBF-SVM,1.36170381698106,1.36170381698106,18.11075265178872,0.925,0.6105839487186845,1,1,1,1
2025,190584,17.99,0,-1.1662536154896874,0,RBF-SVM,-1.8130120040665862,-1.8130120040665862,-2.617433297374741,0.005,-1.4390356223625727,0,0,0,0
2025,7958,39.0,0,-0.5903873542162179,0,RBF-SVM,-0.942801303168419,-0.942801303168419,-1.7770435665607507,0.075,-1.0464901458215945,0,0,0,0
2025,25635,159.0,0,-0.8908910800372123,0,RBF-SVM,-1.6573365242304585,-1.6573365242304585,-2.0953380668753327,0.11,-1.2580049912477618,0,0,0,0
2025,159133,8.98,0,-1.1943931900797722,0,RBF-SVM,-1.8096123165059206,-1.8096123165059206,-2.5610864004973135,0.005,-1.4593603335889898,0,0,0,0
2025,16894,1.98,0,-0.9145893661902065,0,RBF-SVM,-2.1041317353354496,-2.1041317353354496,-3.8063458890777406,0.0,-1.5212298316374262,0,0,0,0
2025,18620,90.0,0,-0.9279157115707175,0,RBF-SVM,-0.8287829204117547,-0.8287829204117547,-1.119432850450721,0.23,-1.3633570106316188,0,0,0,0
2025,51519,204.0,0,-0.19639231496711762,0,RBF-SVM,-2.0016706609532506,-2.0016706609532506,-2.091150112601797,0.0,-1.047268079048364,0,0,0,0
2025,89292,13.57,0,-1.0741795058942079,0,RBF-SVM,-1.9434588484208986,-1.9434588484208986,-2.3624900921576857,0.005,-0.7717874611693544,0,0,0,0
2025,1891,8.98,0,-1.1674481746202814,0,RBF-SVM,-1.4353612769757018,-1.4353612769757018,-1.4985883939092703,0.0,-1.3335980300425978,0,0,0,0
2025,12355,8.65,0,-0.9726909042595309,0,RBF-SVM,-1.1497751581520013,-1.1497751581520013,-2.21635439291851,0.0,-1.0893307671027603,0,0,0,0
2025,19148,1.54,0,0.13244296877574652,0,RBF-SVM,0.23542651880238474,0.23542651880238474,0.8526132151060417,0.375,-0.563752333362383,1,0,0,0
2025,83297,319.2,1,0.36640691619430443,1,RBF-SVM,-0.7926195103412654,-0.7926195103412654,-3.6885842893067964,0.665,0.043874648491777024,0,0,1,1
2025,90906,57.96,0,-1.1520850790929948,0,RBF-SVM,-1.5603762449222431,-1.5603762449222431,-2.345887660629891,0.0,-0.8587389331340597,0,0,0,0
2025,199211,5.48,0,-0.11710875713802937,0,RBF-SVM,-0.3909251566440206,-0.3909251566440206,-1.8152288751773638,0.225,-0.24223809898380266,0,0,0,0
2025,129925,21.3,0,0.03215635886475243,0,RBF-SVM,-2.669030316328569,-2.669030316328569,-3.997232885870859,0.085,0.08452088388723505,0,0,0,1
2025,232145,0.76,0,-0.9280406937650001,0,RBF-SVM,-1.1380976661817597,-1.1380976661817597,-1.6600531284313225,0.03,-0.9235382245594015,0,0,0,0
2025,108858,1.0,0,-0.5223509975660163,0,RBF-SVM,-1.1175808315789055,-1.1175808315789055,-2.4151039501494345,0.265,-0.8852945598542101,0,0,0,0
2025,93128,125.79,0,-0.4246748029582267,0,RBF-SVM,-1.635427015366671,-1.635427015366671,-2.6906736986947326,0.0,-0.9128043137908219,0,0,0,0
2025,35929,1.0,0,-0.8840322484207626,0,RBF-SVM,-0.82223934495864,-0.82223934495864,-1.6248926893527156,0.01,-1.3276991186798432,0,0,0,0
2025,229603,3.78,0,-1.1128160175925432,0,RBF-SVM,-1.5697598165827311,-1.5697598165827311,-2.220896261409592,0.01,-1.2893353770130085,0,0,0,0
2025,265313,82.2,0,-0.5940678125835144,0,RBF-SVM,-0.9592038774612992,-0.9592038774612992,-0.6823705534555236,0.385,-1.1125781067762353,0,0,0,0
2025,272800,8.99,0,-1.2892552472470504,0,RBF-SVM,-1.3401322754291223,-1.3401322754291223,-1.7554328286656962,0.0,-1.5130890059935511,0,0,0,0
2025,249741,69.85,0,-0.8525996706946453,0,RBF-SVM,-1.711888891267816,-1.711888891267816,-4.0382956907037295,0.01,-1.2381336223836454,0,0,0,0
2025,222810,1.49,0,-0.30059997341003997,0,RBF-SVM,0.3105549010184001,0.3105549010184001,-0.1726638949177872,0.43,0.01757872127469401,1,0,0,1
2025,106581,1.0,0,-0.737546856266829,0,RBF-SVM,-1.3978510848024106,-1.3978510848024106,-2.466059636112417,0.02,-0.9120937653312662,0,0,0,0
2025,73738,121.67,0,-0.6308204580563066,0,RBF-SVM,-2.325192401093558,-2.325192401093558,-3.213717079667826,0.02,-1.4097765804284146,0,0,0,0
2025,211368,1.98,0,-1.151873467750767,0,RBF-SVM,-1.4228061993813,-1.4228061993813,-1.6828682918222406,0.0,-1.5802888034205365,0,0,0,0
2025,191544,80.9,1,0.4320472543252728,1,RBF-SVM,1.4360191329098475,1.4360191329098475,3.526909769560567,0.995,0.5355264694669433,1,1,1,1
2025,149874,600.73,1,0.5044938548152522,1,RBF-SVM,0.03855436162329384,0.03855436162329384,-0.11181285396419915,0.765,0.13170424572972037,1,0,1,1
2025,172876,273.29,0,-0.7883533201406572,0,RBF-SVM,-2.0537195193637583,-2.0537195193637583,-2.0523286005932633,0.09,-1.247996291443699,0,0,0,0
2025,6334,1.0,1,0.6775219429064547,1,RBF-SVM,2.802932995440697,2.802932995440697,12.35118253441945,0.98,0.6747202308852029,1,1,1,1
2025,15451,99.99,1,0.9517414822579182,1,RBF-SVM,1.003546810544458,1.003546810544458,19.491575261532883,0.99,1.0524297891375745,1,1,1,1
2025,1479,0.85,0,-0.9206932798372556,0,RBF-SVM,-1.242716738128264,-1.242716738128264,-1.3558020525827024,0.015,-1.3500698586681068,0,0,0,0
2025,123238,1.0,1,0.4310641598945525,1,RBF-SVM,0.5415657978083268,0.5415657978083268,0.4543071952928828,0.71,0.4561725571412044,1,0,1,1
2025,266964,8.99,0,-1.0363153225963377,0,RBF-SVM,-1.4910963222445939,-1.4910963222445939,-1.6452383037548017,0.005,-1.3665527603430645,0,0,0,0
2025,134417,30.0,0,-1.0056444339605646,0,RBF-SVM,-1.397419169142856,-1.397419169142856,-1.8499521054240702,0.0,-1.2549308084829582,0,0,0,0
2025,224746,11.4,0,-0.8610025001075141,0,RBF-SVM,-1.4656424302217697,-1.4656424302217697,-2.598290152454997,0.08,-1.1029601022616498,0,0,0,0
2025,104581,500.0,0,0.18096829792322966,0,RBF-SVM,-0.4358471944295844,-0.4358471944295844,-1.7204554068619566,0.39,-0.6763658786898766,0,0,0,0
2025,175577,38.52,0,-0.7899991923982017,0,RBF-SVM,-1.2076300371277346,-1.2076300371277346,-1.020726340041946,0.36,-0.9157537303926979,0,0,0,0
2025,74648,18.81,0,-1.0300006376433746,0,RBF-SVM,-2.1043620400371044,-2.1043620400371044,-2.9661887119108603,0.0,-1.605812982271678,0,0,0,0
2025,54018,11898.09,0,0.3892416379884385,1,RBF-SVM,0.5073458878271184,0.5073458878271184,-2.043546253044103,0.785,0.11105385451212842,1,0,1,1
2025,124689,23.58,0,-0.2990266918890664,0,RBF-SVM,-1.1330838118102018,-1.1330838118102018,-1.8654649717159304,0.055,-1.0647507472159896,0,0,0,0
2025,153835,1.0,1,0.4702682238772695,1,RBF-SVM,0.6425313506767342,0.6425313506767342,12.012608838764551,0.895,0.11105391531782383,1,1,1,1
2025,128076,1.0,0,-0.8095310570108878,0,RBF-SVM,-1.3308008028274756,-1.3308008028274756,-1.9666177894453971,0.01,-1.1145209191199774,0,0,0,0
2025,215953,0.77,1,-0.07838542812130433,0,RBF-SVM,0.9498992749297988,0.9498992749297988,1.1470393340726763,0.71,0.27174156986875597,1,0,1,1
2025,276071,19.95,1,-0.9583391896527236,0,RBF-SVM,-1.655667900225187,-1.655667900225187,-2.541339745504657,0.025,-1.215792259510106,0,0,0,0
2025,234705,0.0,1,0.2018280049968929,0,RBF-SVM,0.8583577770450539,0.8583577770450539,4.108117012148635,0.925,0.33038361451940806,1,1,1,1
2025,219025,4.49,1,-0.8610486877087453,0,RBF-SVM,-1.442390492871637,-1.442390492871637,-1.9884578594065805,0.01,-1.3637550308701263,0,0,0,0
2025,181784,0.89,0,-0.012169349609688351,0,RBF-SVM,-0.6283711386090642,-0.6283711386090642,-1.2528342251352114,0.09,-1.0508823451037508,0,0,0,0
2025,196484,74.99,0,-0.7696635989493454,0,RBF-SVM,-2.378616335254347,-2.378616335254347,-4.372156603196118,0.025,-1.5090112816948298,0,0,0,0
2025,261656,6.28,0,-1.2285090773784941,0,RBF-SVM,-1.388022044439742,-1.388022044439742,-1.7366062113217946,0.02,-1.4980157933147307,0,0,0,0
2025,62062,498.59,0,-0.21631818425079574,0,RBF-SVM,-0.8423695398162654,-0.8423695398162654,-1.9508731289047456,0.21,-0.7651267427114086,0,0,0,0
2025,122626,6.99,0,-1.0678389515553746,0,RBF-SVM,-1.2000992837054363,-1.2000992837054363,-1.3024697507444452,0.035,-1.3353918151161812,0,0,0,0
2025,247128,25.0,0,-0.7794244392778786,0,RBF-SVM,-0.8710881274373055,-0.8710881274373055,-1.3028456929569778,0.085,-1.0570779801461485,0,0,0,0
2025,158792,626.01,0,0.484447943375684,1,RBF-SVM,0.3300333935423079,0.3300333935423079,-0.4581974694280434,0.475,0.20805188837357755,1,0,0,1
2025,161698,1.98,0,-1.0882820687375592,0,RBF-SVM,-1.4899493258647176,-1.4899493258647176,-2.232469326225731,0.0,-1.4965867840315576,0,0,0,0
2025,274382,0.0,1,0.5842254719730117,1,RBF-SVM,1.0329695572048483,1.0329695572048483,-0.3210630847221231,0.635,0.10804858563998403,1,0,1,1
2025,86514,55.0,0,-0.31106063950474705,0,RBF-SVM,-1.7267491073637822,-1.7267491073637822,-2.8696410313333214,0.055,-0.9616881517082516,0,0,0,0
2025,229730,2.22,1,0.32530111709239085,0,RBF-SVM,1.341485786024971,1.341485786024971,1.6612909454223455,0.695,1.387003389588732,1,0,1,1
2025,39977,67.99,0,-0.9397550237301098,0,RBF-SVM,-1.433886898877537,-1.433886898877537,-1.3628715624390737,0.0,-1.3389451054553303,0,0,0,0
2025,80526,75.97,0,-1.0053975843258574,0,RBF-SVM,-1.5085603058521078,-1.5085603058521078,-1.563980123252632,0.015,-1.1178890491639182,0,0,0,0
2025,137357,239.57,0,-0.6099031903076053,0,RBF-SVM,-1.7059832135303865,-1.7059832135303865,-2.7528407115539513,0.0,-1.2841133466553503,0,0,0,0
2025,50980,0.12,0,-1.077182744887827,0,RBF-SVM,-1.6358673703284827,-1.6358673703284827,-2.4946828007840764,0.0,-1.310029357816086,0,0,0,0
2025,230372,18.14,0,-1.229311493661873,0,RBF-SVM,-1.9960061891333312,-1.9960061891333312,-2.6214781579544355,0.0,-1.574334129009491,0,0,0,0
2025,127179,83.5,0,-0.5811291431946655,0,RBF-SVM,-1.5114355488155446,-1.5114355488155446,-2.7933538723363966,0.01,-1.1279863350818702,0,0,0,0
2025,14843,11.99,0,-1.2068451771031439,0,RBF-SVM,-1.9133305235043063,-1.9133305235043063,-2.688571186683686,0.0,-1.5778258793906201,0,0,0,0
2025,47802,88.0,1,0.3948760466169733,1,RBF-SVM,0.1531543255416563,0.1531543255416563,-0.592013673121307,0.87,0.2948530599735155,1,0,1,1
2025,215132,723.21,1,0.5078664687144727,1,RBF-SVM,1.3013943482519295,1.3013943482519295,8.669502071551003,0.84,0.1986571486133784,1,1,1,1
2025,158547,11.0,0,-0.38821747437898313,0,RBF-SVM,-1.591108902926663,-1.591108902926663,-4.361981289707268,0.025,-0.888329225000021,0,0,0,0
2025,145377,59.9,0,-0.1866180944978022,0,RBF-SVM,0.4337352715933367,0.4337352715933367,-0.26133998583171864,0.23,-0.7065896751310257,1,0,0,0
2025,31217,69.22,0,-1.0100056811350382,0,RBF-SVM,-1.3637473181671225,-1.3637473181671225,-2.3467386423520744,0.0,-1.078214288495844,0,0,0,0
2025,76252,12.95,0,-1.230424788723147,0,RBF-SVM,-1.4491068156731108,-1.4491068156731108,-1.8007920848989853,0.0,-1.633780805097982,0,0,0,0
2025,141259,512.25,1,0.7033593981250121,1,RBF-SVM,2.0183450652657795,2.0183450652657795,16.887680187241575,0.965,0.30089136507420156,1,1,1,1
2025,208113,309.06,0,-0.35067266005230435,0,RBF-SVM,-0.9186775025651628,-0.9186775025651628,-2.504902511530443,0.065,0.10444665485281607,0,0,0,1
2025,269278,56.4,0,-1.169617294590111,0,RBF-SVM,-2.1226254646491007,-2.1226254646491007,-3.498071916572219,0.02,-1.051877211258104,0,0,0,0
2025,52970,28.81,0,-0.4042152369451427,0,RBF-SVM,-1.4995388464872699,-1.4995388464872699,-1.4131576885130381,0.015,-1.4127091701730934,0,0,0,0
2025,160604,13.74,0,-1.1155728113498515,0,RBF-SVM,-1.421866330473506,-1.421866330473506,-2.015000066309673,0.005,-1.6462880516387872,0,0,0,0
2025,32825,105.0,0,-0.3692123470545099,0,RBF-SVM,-1.5023578486057199,-1.5023578486057199,-4.182746017973233,0.085,-0.6569135206946134,0,0,0,0
2025,159870,45.0,0,-1.189304350650521,0,RBF-SVM,-2.0474410380934054,-2.0474410380934054,-3.718032065821676,0.0,-1.25823025289508,0,0,0,0
2025,87922,427.41,0,0.15579222833486506,0,RBF-SVM,-1.2761913456962262,-1.2761913456962262,-0.7259431263816445,0.23,-0.6009488638946024,0,0,0,0
2025,8845,30.39,1,0.6674131639485217,1,RBF-SVM,1.8516075253374598,1.8516075253374598,6.069299465087985,0.945,0.24985494821889798,1,1,1,1
2025,196886,29.99,0,-0.90355327032244,0,RBF-SVM,-1.3099786088141965,-1.3099786088141965,-1.3440398636340105,0.275,-1.204749883427527,0,0,0,0
2025,217118,81.1,0,-1.0185724648852774,0,RBF-SVM,-1.7546853678812817,-1.7546853678812817,-2.6389109123222725,0.025,-1.0446960536514587,0,0,0,0
2025,96789,101.5,1,0.39554264092711217,1,RBF-SVM,0.4260858406181547,0.4260858406181547,1.495291035267393,0.775,0.1376303374072799,1,0,1,1
2025,145619,1.9,0,-0.9925467100998988,0,RBF-SVM,-2.3195678141987,-2.3195678141987,-4.007754780806612,0.0,-1.2367637486027774,0,0,0,0
2025,82076,37.87,0,-1.1686770771011086,0,RBF-SVM,-1.5763542385447264,-1.5763542385447264,-1.701929875388933,0.01,-1.425943257777033,0,0,0,0
2025,195145,50.0,0,-1.0583187772180214,0,RBF-SVM,-2.1557893942318267,-2.1557893942318267,-4.217535494394462,0.005,-1.213920212750386,0,0,0,0
2025,183898,59.9,0,-0.8117658496082207,0,RBF-SVM,-2.095655824259805,-2.095655824259805,-1.9484639363391336,0.045,-1.2069883915253037,0,0,0,0
2025,12116,11.85,0,-0.27026997773368067,0,RBF-SVM,-1.397826432307454,-1.397826432307454,-3.393627490137004,0.24,-0.9042562130983065,0,0,0,0
2025,135378,51.0,0,-0.9547751676084588,0,RBF-SVM,-1.3282629607493912,-1.3282629607493912,-1.4781255424192317,0.035,-1.67488610149574,0,0,0,0
2025,78253,14.2,0,-1.18505768613633,0,RBF-SVM,-0.8338574357995663,-0.8338574357995663,-1.3262678787019802,0.035,-0.7405034352526998,0,0,0,0
2025,70035,124.62,0,-0.8758736585551916,0,RBF-SVM,-1.8464052833025932,-1.8464052833025932,-2.7451005855185038,0.04,-1.1296396334397207,0,0,0,0
2025,6294,12.94,0,-0.4674762112659372,0,RBF-SVM,-2.220040287920637,-2.220040287920637,-5.2137673397422635,0.02,-1.017718208684756,0,0,0,0
2025,123141,254.76,1,0.7803600053698416,1,RBF-SVM,1.5010717487791743,1.5010717487791743,6.033745481815803,0.96,0.6290070881261387,1,1,1,1
2025,136723,41.88,0,-0.8474171612637094,0,RBF-SVM,-1.703298169332276,-1.703298169332276,-2.400826414506157,0.015,-1.7464856912809525,0,0,0,0
2025,89490,2.99,0,-1.1737454196347923,0,RBF-SVM,-1.3061593739034496,-1.3061593739034496,-1.6116714809183,0.0,-1.28421359578372,0,0,0,0
2025,191690,0.0,1,0.4795463226640459,1,RBF-SVM,2.8064181282852516,2.8064181282852516,7.118560607040056,0.925,0.8156755182720374,1,1,1,1
2025,132787,23.4,0,-0.5947023214590974,0,RBF-SVM,-1.0951614991828573,-1.0951614991828573,-1.4038398118594446,0.28,-0.4736814864556838,0,0,0,0
2025,181264,8.99,0,-1.3032844564291317,0,RBF-SVM,-1.6174983247410872,-1.6174983247410872,-2.5137428902775394,0.0,-1.5982099436670103,0,0,0,0
2025,275307,14.0,0,-0.7611467922135471,0,RBF-SVM,-0.8334474651019455,-0.8334474651019455,-1.906199131998302,0.105,-1.07889179214192,0,0,0,0
2025,204079,108.51,1,-1.4078582201865986,0,RBF-SVM,-1.6619069082519995,-1.6619069082519995,-2.515040967597962,0.0,-1.4119684984022707,0,0,0,0
2025,94639,46.98,0,-0.12140515455267342,0,RBF-SVM,-1.3532054029773324,-1.3532054029773324,-3.0291626388980526,0.16,-0.8511552045802668,0,0,0,0
2025,24959,436.2,0,0.08979181164414285,0,RBF-SVM,-0.6153882459738074,-0.6153882459738074,-2.843661635687911,0.075,-0.661961923160483,0,0,0,0
2025,192578,5.49,0,-1.1772334697992644,0,RBF-SVM,-1.4767768777564685,-1.4767768777564685,-2.5215614728196263,0.0,-0.4078068165793282,0,0,0,0
2025,80976,0.8,0,-0.98277985177599,0,RBF-SVM,-1.2853047855381998,-1.2853047855381998,-2.2947889521386826,0.005,-0.9878324269680703,0,0,0,0
2025,12488,7.6,0,-0.18760311101013083,0,RBF-SVM,-0.3962155919138559,-0.3962155919138559,-0.9770045610842433,0.41,-0.5808307644877224,0,0,0,0
2025,143731,240.77,1,0.6375058877320996,1,RBF-SVM,3.167781947607535,3.167781947607535,9.794345359911096,0.98,1.0251316862827764,1,1,1,1
2025,137199,0.99,0,-0.8660063370772664,0,RBF-SVM,-1.3531341019379899,-1.3531341019379899,-1.9175720990377532,0.0,-1.4599675909122156,0,0,0,0
2025,38706,39.95,0,-0.3502310689197943,0,RBF-SVM,-1.0626828016342462,-1.0626828016342462,-1.1357470004928476,0.005,-1.0871200011712177,0,0,0,0
2025,193374,15.94,0,-1.016441665134186,0,RBF-SVM,-1.9186890805893637,-1.9186890805893637,-3.8861140999341486,0.0,-0.9911060849677247,0,0,0,0
2025,42313,162.85,0,-0.39693894544590735,0,RBF-SVM,-1.9579217906194772,-1.9579217906194772,-1.8422000965080338,0.0,-0.8228116326446945,0,0,0,0
2025,255858,50.0,0,0.1201788676551766,0,RBF-SVM,-1.613882187409856,-1.613882187409856,-1.9791188787638856,0.06,-0.9713847207274475,0,0,0,0
2025,264636,635.21,0,-0.06878773194698207,0,RBF-SVM,-1.4580408247110506,-1.4580408247110506,-3.6983241708135846,0.06,-0.09642574791980958,0,0,0,0
2025,21942,0.01,0,-0.9294632661036109,0,RBF-SVM,-0.7787160764419507,-0.7787160764419507,-1.775377951394966,0.0,-0.9256326280378213,0,0,0,0
2025,171862,8.99,0,-1.1690365068523825,0,RBF-SVM,-1.8286080290841613,-1.8286080290841613,-2.550540049409075,0.01,-1.4136166377764725,0,0,0,0
2025,268140,56.0,0,-0.9679564001472931,0,RBF-SVM,-1.8116563439429343,-1.8116563439429343,-3.7188713346834508,0.045,-1.247170942914629,0,0,0,0
2025,67179,50.0,0,-1.1839053046452315,0,RBF-SVM,-1.8855830972019425,-1.8855830972019425,-2.388301604269577,0.005,-1.4802405401021037,0,0,0,0
2025,54926,12.83,0,-0.48679315101971143,0,RBF-SVM,-1.7596724337228595,-1.7596724337228595,-4.516947713813232,0.03,0.045709756485445174,0,0,0,1
2025,129511,199.0,0,-0.6290144487294691,0,RBF-SVM,-1.7068971068765078,-1.7068971068765078,-1.6451611736802259,0.01,-1.459801389089156,0,0,0,0
2025,131272,0.2,1,-0.5875663263251916,0,RBF-SVM,-0.4276142400694467,-0.4276142400694467,0.3628610226980618,0.58,-0.6064135193032597,0,0,0,0
2025,186240,607.29,0,0.16554560082167907,0,RBF-SVM,-1.6659063119624928,-1.6659063119624928,-7.411391857143473,0.085,0.06077074734082917,0,0,0,1
2025,68254,150.0,0,-0.9157421128699994,0,RBF-SVM,-1.5408604876389917,-1.5408604876389917,-1.5031012227236138,0.005,-1.0982314803658666,0,0,0,0
2025,93980,15.37,0,-0.8482617015419642,0,RBF-SVM,-1.5291460536424673,-1.5291460536424673,-1.622043556002067,0.015,-1.198873864743462,0,0,0,0
2025,282556,14.99,0,-1.206292976298363,0,RBF-SVM,-1.80850744804795,-1.80850744804795,-2.237592863877794,0.025,-1.448040270379439,0,0,0,0
2025,276703,284.8,0,-0.7340309447191955,0,RBF-SVM,-2.101738362302539,-2.101738362302539,-2.416384538574953,0.015,-1.7557234811076419,0,0,0,0
2025,199477,9.6,0,-0.8603700416220066,0,RBF-SVM,-2.0128118987887866,-2.0128118987887866,-3.281318802340838,0.02,-1.0821466833401425,0,0,0,0
2025,263274,0.77,1,0.6972122615732896,1,RBF-SVM,3.4003641059245973,3.4003641059245973,10.4975531271123,0.965,0.40297991014059203,1,1,1,1
2025,104598,9.99,0,-1.3052727001604583,0,RBF-SVM,-1.3791733320344615,-1.3791733320344615,-1.9453906052618368,0.0,-1.3155106361777127,0,0,0,0
2025,242679,66.52,0,-1.1208818577027746,0,RBF-SVM,-1.457450054224486,-1.457450054224486,-1.9630937527397183,0.115,-0.6582934114491842,0,0,0,0
2025,227795,79.95,0,-0.8670728217483574,0,RBF-SVM,-2.10492648291546,-2.10492648291546,-3.7718152668890452,0.02,-1.4942736189446244,0,0,0,0
2025,9014,125.26,0,-0.37773388275623265,0,RBF-SVM,-0.586647446194652,-0.586647446194652,-0.7348944786781716,0.25,-0.286795605073425,0,0,0,0
2025,228745,115.47,0,-1.007686239676526,0,RBF-SVM,-2.277463767377242,-2.277463767377242,-2.9991222597486678,0.045,-1.4427089491854335,0,0,0,0
2025,283681,174.98,0,-1.0164144090540297,0,RBF-SVM,-2.0730377738906793,-2.0730377738906793,-2.532760443513046,0.005,-0.8501440300520194,0,0,0,0
2025,176084,76.0,0,-1.120565357536825,0,RBF-SVM,-2.0731702253707796,-2.0731702253707796,-2.789884018828138,0.005,-1.2633507600323173,0,0,0,0
2025,87874,79.9,0,-1.1015238766449977,0,RBF-SVM,-1.4568145275388438,-1.4568145275388438,-1.7765001075320574,0.0,-1.378154608914912,0,0,0,0
2025,80723,346.23,0,-0.21697640392837236,0,RBF-SVM,-2.242542945885669,-2.242542945885669,-3.1988856769961385,0.015,-1.0074055586595365,0,0,0,0
2025,111793,110.0,0,-0.23761791636154594,0,RBF-SVM,-1.7663975194051216,-1.7663975194051216,-1.4471584274774483,0.21,-1.237420238845017,0,0,0,0
2025,105018,0.89,0,-1.2425164176183818,0,RBF-SVM,-1.2223692070108898,-1.2223692070108898,-1.5828218664032103,0.0,-1.5744846355109257,0,0,0,0
2025,190368,175.9,1,0.9178370106161571,1,RBF-SVM,1.483603892293722,1.483603892293722,4.345231943050404,0.975,0.8336190584552363,1,1,1,1
2025,8312,1.0,1,0.6389993141430892,1,RBF-SVM,3.124846612622968,3.124846612622968,9.607430332334914,0.965,0.5291469872187641,1,1,1,1
2025,158232,1.0,0,-0.17706283319001193,0,RBF-SVM,-1.0066310999132737,-1.0066310999132737,-3.6372504614578243,0.335,-0.8193992644414853,0,0,0,0
2025,19250,25.35,0,-0.8637590451265882,0,RBF-SVM,-1.5221550427401151,-1.5221550427401151,-2.4103170359770694,0.015,-0.5749942238176724,0,0,0,0
2025,44515,0.01,0,-0.07938253974713583,0,RBF-SVM,-0.1037813259382876,-0.1037813259382876,-0.7188674851161412,0.435,-0.9489609040367528,1,0,0,0
2025,76684,20.99,0,-0.6657904045366596,0,RBF-SVM,-0.7315703417781498,-0.7315703417781498,-1.3923286902451746,0.08,-0.818955785053809,0,0,0,0
2025,262560,4.69,1,0.8120356473593526,1,RBF-SVM,3.279538549028591,3.279538549028591,11.267880535725407,0.995,0.8405132475984909,1,1,1,1
2025,206930,34.38,0,-0.5034711791771256,0,RBF-SVM,-0.3043197198461458,-0.3043197198461458,-0.4778754775271082,0.46,-0.8893666631563439,0,0,0,0
2025,164808,6.66,0,-1.0869907975617024,0,RBF-SVM,-1.622653873015282,-1.622653873015282,-2.8189412250779182,0.005,-1.3712613470229789,0,0,0,0
2025,103377,2.9,0,-0.9306232562322181,0,RBF-SVM,-1.52039962695117,-1.52039962695117,-1.3900217734395248,0.005,-1.345417124880497,0,0,0,0
2025,261056,45.51,1,0.6930323802055158,1,RBF-SVM,1.6204155364260298,1.6204155364260298,4.356574669032212,0.915,0.43303854073783754,1,1,1,1
2025,129990,1.29,0,-1.0581280786605225,0,RBF-SVM,-1.560330381201867,-1.560330381201867,-2.545407204428885,0.005,-1.2911289487908875,0,0,0,0
2025,158417,2.36,0,-0.5556017465789234,0,RBF-SVM,-2.1236416556117717,-2.1236416556117717,-5.491723435420804,0.095,-0.46023836358248155,0,0,0,0
2025,11343,1.0,1,0.6088384842039158,1,RBF-SVM,1.406560588591013,1.406560588591013,18.036880296443265,0.945,0.5174473758300476,1,1,1,1
2025,154952,9.98,0,-0.44184863494819604,0,RBF-SVM,-0.25930301942315737,-0.25930301942315737,-1.2779369615878455,0.155,-0.8229045109804914,0,0,0,0
2025,42784,45.49,1,0.5510040000496577,1,RBF-SVM,1.3860237205148684,1.3860237205148684,14.337605281249816,0.92,0.32034417236931045,1,1,1,1
2025,110419,10.52,0,-1.0632214268086218,0,RBF-SVM,-0.9948496806283904,-0.9948496806283904,-1.3685171527825266,0.05,-1.3044524390327237,0,0,0,0
2025,134756,17.99,0,-0.2788349790731637,0,RBF-SVM,-1.2439659995631303,-1.2439659995631303,-2.6861577040925924,0.075,-0.6442451184697489,0,0,0,0
2025,274193,14.95,0,-1.1533295236494563,0,RBF-SVM,-1.5988710511059825,-1.5988710511059825,-2.1471518353771772,0.015,-1.5009473789935524,0,0,0,0
2025,174613,10.0,0,-0.8166160367248256,0,RBF-SVM,-1.6306765590841406,-1.6306765590841406,-3.8291997719204325,0.005,-0.9227915064850516,0,0,0,0
2025,28327,213.5,0,-0.5881327731166479,0,RBF-SVM,-1.4822603828809038,-1.4822603828809038,-1.187807148446331,0.23,-1.3370497582546552,0,0,0,0
2025,100399,4.0,0,-0.6601647824235226,0,RBF-SVM,-0.8267132953876883,-0.8267132953876883,-0.5441603509164802,0.225,-0.7362785207279676,0,0,0,0
2025,212592,150.0,0,-0.9363928693274866,0,RBF-SVM,-1.8387654550144257,-1.8387654550144257,-2.143799517613396,0.025,-0.8833215907993915,0,0,0,0
2025,150046,49.99,0,-0.08819828044423395,0,RBF-SVM,-1.5499222826595718,-1.5499222826595718,-5.9124583936532,0.05,-0.4013332993153393,0,0,0,0
2025,268815,421.21,0,-0.31373987178658735,0,RBF-SVM,-1.8632070794435718,-1.8632070794435718,-6.016353086693014,0.165,-0.05259074095959991,0,0,0,0
2025,6971,1809.68,1,0.3848787993528544,1,RBF-SVM,-0.9659299143387556,-0.9659299143387556,-1.7530312222538607,0.755,0.11105371292443854,0,0,1,1
2025,186153,237.42,0,-0.9228691452070006,0,RBF-SVM,-1.8169219148719997,-1.8169219148719997,-1.9016303957609282,0.03,-0.792198037268047,0,0,0,0
2025,25475,2.58,0,-1.1810506698011263,0,RBF-SVM,-1.5630384495999166,-1.5630384495999166,-2.1904933508825346,0.0,-1.5353648339825499,0,0,0,0
2025,108842,19.99,0,-1.112032144038847,0,RBF-SVM,-1.6634441494080519,-1.6634441494080519,-2.409761511985804,0.0,-1.2264958124197685,0,0,0,0
2025,196021,1.54,0,0.4979640188630906,1,RBF-SVM,0.3280341899947566,0.3280341899947566,3.2038351257468114,0.43,0.10985204183644796,1,1,0,1
2025,153343,49.0,0,-0.9682638809845199,0,RBF-SVM,-2.1600159223480015,-2.1600159223480015,-3.611369585844294,0.015,-0.981507961646076,0,0,0,0
2025,167566,19.8,0,0.1632689688170133,0,RBF-SVM,-0.819546958034828,-0.819546958034828,-4.312935989157645,0.18,-0.22014125041854693,0,0,0,0
2025,48094,24.9,1,0.44281984278250747,1,RBF-SVM,1.2120864956103545,1.2120864956103545,2.6680397507771856,0.825,0.5553112840822937,1,1,1,1
2025,8617,1.0,1,0.8986618169775481,1,RBF-SVM,2.513755212312419,2.513755212312419,6.406329958353371,0.985,0.32929095826206173,1,1,1,1
2025,263356,1.0,0,-0.6957835961922565,0,RBF-SVM,-1.1310886029783203,-1.1310886029783203,-2.812010897237766,0.045,-0.4016893672265362,0,0,0,0
2025,62452,27.31,0,-0.2336056913678961,0,RBF-SVM,-1.207004119482364,-1.207004119482364,-1.8517531025229748,0.04,-0.4355118953853249,0,0,0,0
2025,282167,10.0,0,-1.2132537573919346,0,RBF-SVM,-1.3147608559908495,-1.3147608559908495,-1.6975532072002475,0.01,-0.8329651754794019,0,0,0,0
2025,202981,9.99,0,-1.285937333878087,0,RBF-SVM,-1.757788163713752,-1.757788163713752,-2.6771925910843235,0.0,-1.4638945845944755,0,0,0,0
2025,158529,57.8,0,-0.37374999952216226,0,RBF-SVM,-1.3063766427953873,-1.3063766427953873,-3.2860627642860263,0.045,-0.28893094750316717,0,0,0,0
2025,100073,303.62,0,-0.6436980177249527,0,RBF-SVM,-1.624499493290696,-1.624499493290696,-1.548632788041612,0.215,-0.8655306668877039,0,0,0,0
2025,51864,2407.72,0,0.6739124227386798,1,RBF-SVM,0.4871317158181645,0.4871317158181645,-2.3142643794131788,0.55,0.11105255024928193,1,0,0,1
2025,180214,96.53,0,-0.10027249953310335,0,RBF-SVM,-0.6495068936024788,-0.6495068936024788,-0.44103059035817466,0.215,-0.8483979303830461,0,0,0,0
2025,113951,4.49,0,-1.1716758361193311,0,RBF-SVM,-1.2368742669282593,-1.2368742669282593,-1.3119411166857342,0.0,-1.5031389512158573,0,0,0,0
2025,156797,14.9,0,-0.14360174272518178,0,RBF-SVM,-1.0011396124028908,-1.0011396124028908,-2.7025425485430907,0.11,-0.6342345437897529,0,0,0,0
2025,61690,32.5,0,-0.8440326082447889,0,RBF-SVM,-1.148195530369314,-1.148195530369314,-1.208634788289868,0.13,-1.247293750754561,0,0,0,0
2025,114269,20.0,0,-1.1024241404680113,0,RBF-SVM,-1.805442935501611,-1.805442935501611,-2.224700895448378,0.0,-1.0322417207377084,0,0,0,0
2025,216140,6.25,0,-1.1390265615305624,0,RBF-SVM,-2.077478096894577,-2.077478096894577,-3.010627800879693,0.0,-1.3800457193671058,0,0,0,0
2025,157091,0.89,0,-0.6326328189464434,0,RBF-SVM,-1.3941970702048345,-1.3941970702048345,-3.15618780077183,0.01,-1.2231649224277916,0,0,0,0
2025,99358,45.87,0,-1.0635562600953976,0,RBF-SVM,-1.754610929847539,-1.754610929847539,-2.565492633951362,0.01,-0.8354046854956103,0,0,0,0
2025,130989,1.0,0,-1.1356326096876777,0,RBF-SVM,-1.883247359846683,-1.883247359846683,-2.808560545965792,0.005,-0.7712079076907432,0,0,0,0
2025,133577,240.8,0,-0.4867059610374357,0,RBF-SVM,-1.4472335532136766,-1.4472335532136766,-1.1507229599704167,0.215,-0.917249152695085,0,0,0,0
2025,221930,145.0,0,-0.5843164884570871,0,RBF-SVM,-1.4441657048288283,-1.4441657048288283,-3.3496835816470822,0.015,-1.0202915164630377,0,0,0,0
2025,84310,193.64,0,-0.4384956229191659,0,RBF-SVM,-2.173547901418027,-2.173547901418027,-5.168383277903737,0.07,-0.6439856204771026,0,0,0,0
2025,256373,321.78,0,-0.4412559907470509,0,RBF-SVM,-1.6632457146316728,-1.6632457146316728,-2.7492638527752273,0.03,-0.8197064776599785,0,0,0,0
2025,263735,9.99,0,-1.0802744629916716,0,RBF-SVM,-1.866368241232725,-1.866368241232725,-2.6093203501267594,0.02,-1.404473332624913,0,0,0,0
2025,46909,1.0,1,0.6984648077731073,1,RBF-SVM,2.4006889729437213,2.4006889729437213,13.212052329708106,0.975,0.26275636700551713,1,1,1,1
2025,161549,395.0,0,-0.5620619976055079,0,RBF-SVM,-1.4274220319582065,-1.4274220319582065,-2.6918577739428144,0.015,-0.7752210251692827,0,0,0,0
2025,27738,125.3,1,0.7917695817737667,1,RBF-SVM,1.160850146128071,1.160850146128071,3.2505187764022825,0.955,0.947910304342357,1,1,1,1
2025,245120,2.31,0,-0.4880304867119707,0,RBF-SVM,-2.7542523865766695,-2.7542523865766695,-4.093816752851466,0.015,-0.70612524852041,0,0,0,0
2025,162780,34.32,0,-0.8745409310591872,0,RBF-SVM,-1.330904178387021,-1.330904178387021,-1.3284904806527087,0.29,-1.1935822881653477,0,0,0,0
2025,12216,33.5,0,-0.6966720702927922,0,RBF-SVM,-1.483561113964413,-1.483561113964413,-3.1849961432440037,0.03,-0.8691597694210413,0,0,0,0
2025,245347,2.47,1,-0.6773807845475848,0,RBF-SVM,-1.421957150525539,-1.421957150525539,-2.710859926317316,0.1,-0.4353250922682475,0,0,0,0
2025,283650,2.58,0,-0.9920053611971891,0,RBF-SVM,-0.8861415097689544,-0.8861415097689544,-1.4218365472129513,0.02,-1.4405151970658985,0,0,0,0
2025,142405,12.31,1,0.7417118500370259,1,RBF-SVM,3.3770360878847505,3.3770360878847505,12.37088399279383,0.985,0.46700028272423016,1,1,1,1
2025,102717,78.26,0,-0.4296011408599034,0,RBF-SVM,-2.335297739236247,-2.335297739236247,-3.3572347267910914,0.135,-1.4221439877817417,0,0,0,0
2025,81609,1389.56,1,0.5652651872421757,1,RBF-SVM,0.574211801262422,0.574211801262422,5.811888429911583,0.805,0.10757364275983661,1,1,1,1
2025,35820,101.62,0,-1.2911173828343416,0,RBF-SVM,-1.031164452600673,-1.031164452600673,-1.4878071082980073,0.0,-0.8744819518587214,0,0,0,0
2025,215385,702.83,0,0.4156688266485066,1,RBF-SVM,0.03434396305262882,0.03434396305262882,-1.2084580582384095,0.465,-0.2155451479133002,1,0,0,0
2025,272216,1.79,0,-1.1294418800029524,0,RBF-SVM,-0.98135082995972,-0.98135082995972,-1.4080769314062318,0.015,-1.5191344279047474,0,0,0,0
2025,76993,80.0,0,-1.0286964319656577,0,RBF-SVM,-1.6327413130818558,-1.6327413130818558,-1.7895155835986505,0.0,-1.3634188745667386,0,0,0,0
2025,14211,99.99,1,0.6355429595394539,1,RBF-SVM,1.0519852313932017,1.0519852313932017,19.40070032937404,0.91,0.6978033009941599,1,1,1,1
2025,80280,108.0,0,-1.042172897865543,0,RBF-SVM,-1.7313163337513933,-1.7313163337513933,-2.014158548253584,0.005,-1.4894031043054776,0,0,0,0
2025,91671,290.18,1,-0.490538261245684,0,RBF-SVM,-1.2493547441572372,-1.2493547441572372,-2.7381134799453233,0.005,-0.5846181166298755,0,0,0,0
2025,4526,2.0,0,-0.23605253820479533,0,RBF-SVM,-1.052169478673394,-1.052169478673394,-3.2185191081363187,0.115,-0.42733687983789753,0,0,0,0
2025,28078,139.46,0,-0.7483443698495176,0,RBF-SVM,-1.392742943784869,-1.392742943784869,-1.7678123718055592,0.255,-0.7149319196465327,0,0,0,0
2025,218231,0.12,0,-0.3722484301224602,0,RBF-SVM,-0.7263346621822726,-0.7263346621822726,-0.6964264216506078,0.445,-0.13978949134158986,0,0,0,0
2025,234210,81.8,0,-0.7546401717828861,0,RBF-SVM,-2.556089852551477,-2.556089852551477,-4.398122862161846,0.12,-1.3661480757539837,0,0,0,0
2025,43204,106.55,1,0.6721751836850974,1,RBF-SVM,0.9616687066306615,0.9616687066306615,6.745043461406804,0.975,0.23653483551420706,1,1,1,1
2025,252774,0.77,1,0.5140622478675912,1,RBF-SVM,3.017801852415522,3.017801852415522,8.436257656096,0.91,0.37909957632783853,1,1,1,1
2025,95313,45.0,0,-0.28688703616052436,0,RBF-SVM,-1.4931238309904344,-1.4931238309904344,-4.141898586734782,0.025,-0.991465176982941,0,0,0,0
2025,189775,139.0,0,-0.36052956303602335,0,RBF-SVM,-0.9457941396209728,-0.9457941396209728,-1.2102205883186408,0.055,-0.6018532959435623,0,0,0,0
2025,258403,296.0,1,0.48427717381462076,1,RBF-SVM,0.12334970846211246,0.12334970846211246,0.7876776283631144,0.7,0.11169470716716481,1,0,1,1
2025,139839,250.0,0,-0.768390799068841,0,RBF-SVM,-1.5394614925381984,-1.5394614925381984,-1.6861884380166767,0.015,-1.4019222250043888,0,0,0,0
2025,14784,61.0,0,-1.2653426107864068,0,RBF-SVM,-1.023068000366841,-1.023068000366841,-1.3253033400957994,0.0,-1.4014275076433265,0,0,0,0
2025,76555,153.46,1,0.8071044192045502,1,RBF-SVM,2.433179671825746,2.433179671825746,8.809130655091524,0.93,0.3257326139013406,1,1,1,1
2025,186661,5.9,0,-0.9927581469621152,0,RBF-SVM,-2.362359094178455,-2.362359094178455,-3.467471641020953,0.0,-1.1456654243950117,0,0,0,0
2025,154571,0.0,0,-0.5012284405020567,0,RBF-SVM,-1.61700232285393,-1.61700232285393,-3.412866834173333,0.045,-1.2077196183771604,0,0,0,0
2025,140121,13.79,0,-1.1389743412214992,0,RBF-SVM,-1.6197291001186733,-1.6197291001186733,-2.7642792881477565,0.01,-1.2303801857564416,0,0,0,0
2025,228707,0.69,0,-1.1196178477947267,0,RBF-SVM,-1.0665062987779774,-1.0665062987779774,-1.3995275051711107,0.02,-1.3490066737494681,0,0,0,0
2025,120928,110.0,0,-0.9590981655587756,0,RBF-SVM,-1.082118797884541,-1.082118797884541,-1.6944121140699937,0.0,-0.702135821692418,0,0,0,0
2025,162823,4.4,0,0.07061949554527536,0,RBF-SVM,-0.05096857376988351,-0.05096857376988351,-0.8113547896253356,0.495,0.007431142676660771,1,0,0,1
2025,47567,596.39,0,0.18166546525669697,0,RBF-SVM,-1.0601039149924503,-1.0601039149924503,-1.2728235937983448,0.39,-0.6324174484688155,0,0,0,0
2025,199422,84.95,0,-1.214348338414132,0,RBF-SVM,-2.1120850294343976,-2.1120850294343976,-3.1064078152925156,0.0,-1.3369668250192166,0,0,0,0
2025,100896,6.45,0,-1.0327436641066203,0,RBF-SVM,-1.3424112446957288,-1.3424112446957288,-2.0241693526217657,0.01,-1.2376531053293165,0,0,0,0
2025,126756,88.79,0,-0.8381437520333161,0,RBF-SVM,-2.129831879221603,-2.129831879221603,-4.349174640681275,0.015,-1.3821207557741333,0,0,0,0
2025,214662,120.54,1,0.5939495141648048,1,RBF-SVM,2.710041239993121,2.710041239993121,8.133383438672496,0.95,0.3878509764555426,1,1,1,1
2025,268162,339.8,0,-0.17736071905941841,0,RBF-SVM,-2.7759548662611047,-2.7759548662611047,-3.150756970204222,0.03,-1.2963733800445805,0,0,0,0
2025,80760,113.92,1,0.31133590853691284,0,RBF-SVM,1.1078940468141325,1.1078940468141325,3.0207239334067384,0.915,0.17575604349409807,1,1,1,1
2025,196234,27.53,0,-1.15709055107118,0,RBF-SVM,-1.5907146669838568,-1.5907146669838568,-1.9723575764125638,0.06,-1.528933272269465,0,0,0,0
2025,73889,38.2,0,-0.9867544360469658,0,RBF-SVM,-1.2717036334072724,-1.2717036334072724,-1.613309244922551,0.0,-1.2409944463630946,0,0,0,0
2025,128940,68.28,0,-1.1684788763715332,0,RBF-SVM,-1.6479156798115078,-1.6479156798115078,-1.9517399954567851,0.0,-1.6836600144609337,0,0,0,0
2025,164074,9.99,0,-1.2133544282916042,0,RBF-SVM,-1.8029189228369513,-1.8029189228369513,-2.652961625326911,0.015,-1.661311411197067,0,0,0,0
2025,34393,159.0,0,-0.9438480485662464,0,RBF-SVM,-2.061713954678385,-2.061713954678385,-2.8869112551367095,0.01,-1.2322460588946236,0,0,0,0
2025,152930,4.06,0,-0.36396279884581006,0,RBF-SVM,-0.41791134187553114,-0.41791134187553114,-1.333353986240551,0.1,-1.003463331500126,0,0,0,0
2025,223366,1.0,1,0.37714488354165887,1,RBF-SVM,2.4074103600708026,2.4074103600708026,5.994493306027743,0.88,1.2015906331457196,1,1,1,1
2025,95780,116.87,0,-0.3806050166569256,0,RBF-SVM,-0.6426730493721946,-0.6426730493721946,-1.0525873284178233,0.195,-0.702655397410528,0,0,0,0
2025,269703,29.59,0,-1.1779420452697076,0,RBF-SVM,-1.6661593692141552,-1.6661593692141552,-2.843752531427985,0.05,-1.0694834022697954,0,0,0,0
2025,75061,4.39,0,-0.24425420937173836,0,RBF-SVM,-1.3718511126584363,-1.3718511126584363,-3.3277110770420486,0.055,-1.099336385523901,0,0,0,0
2025,84600,130.99,0,-0.7625004145067689,0,RBF-SVM,-1.3767252861597146,-1.3767252861597146,-1.1284982895708087,0.03,-1.0075677857650154,0,0,0,0
2025,1902,79.0,0,0.1580869095962925,0,RBF-SVM,0.6044436509278417,0.6044436509278417,0.05660235901998972,0.155,-0.3119374666099095,1,0,0,0
2025,38084,28.0,0,-0.2432508505762898,0,RBF-SVM,-1.0821959296958497,-1.0821959296958497,-1.5509222444720672,0.045,-0.7419015350543946,0,0,0,0
2025,176212,1.0,0,-0.3322538556038417,0,RBF-SVM,-0.19023170550445379,-0.19023170550445379,-0.3260620431751724,0.64,-0.3149217546635198,1,0,1,0
2025,62038,1.0,0,-0.713082381758241,0,RBF-SVM,-0.5875688351355253,-0.5875688351355253,-1.4029374953914553,0.11,-1.2616267771009022,0,0,0,0
2025,159521,60.0,0,-1.2434003117724521,0,RBF-SVM,-1.9158098768707772,-1.9158098768707772,-3.11810003577167,0.005,-1.5067122951763554,0,0,0,0
2025,56248,235.75,0,-0.7880957631931473,0,RBF-SVM,-2.05820927449341,-2.05820927449341,-4.038358202860391,0.015,-1.1812331230394746,0,0,0,0
2025,154697,7.59,1,0.4630640102555353,1,RBF-SVM,0.7758015031902358,0.7758015031902358,4.496168802785436,0.905,0.2255914205806758,1,1,1,1
2025,22514,86.1,0,-0.652832980122702,0,RBF-SVM,-0.9751679067055468,-0.9751679067055468,-1.2182451455453234,0.115,-0.8853188491369851,0,0,0,0
2025,146531,1.0,0,0.13872555301783734,0,RBF-SVM,-0.1335724807947294,-0.1335724807947294,0.7880693862219423,0.56,-0.8619538172682039,1,0,0,0
2025,54384,119.6,0,-0.3725042188557126,0,RBF-SVM,-1.9686572087905887,-1.9686572087905887,-1.8222203626642681,0.0,-0.9562926523893025,0,0,0,0
2025,238771,4.49,0,-1.000300707551668,0,RBF-SVM,-0.9314840544116478,-0.9314840544116478,-1.5053040995070313,0.03,-1.496236129308351,0,0,0,0
2025,73857,0.83,1,0.7404502705004846,1,RBF-SVM,3.460397460295424,3.460397460295424,11.885125714072988,0.97,0.4139370518757904,1,1,1,1
2025,38822,0.0,0,-0.5830045029620547,0,RBF-SVM,-0.8248556804768823,-0.8248556804768823,-1.11785420536052,0.255,-0.9936646032174787,0,0,0,0
2025,271428,0.77,0,-0.2607445527216389,0,RBF-SVM,-2.3560691521689887,-2.3560691521689887,-2.2053281962175886,0.085,-0.39567902130043736,0,0,0,0
2025,137793,1.98,0,-0.20662092335209492,0,RBF-SVM,-1.0724416075193157,-1.0724416075193157,-1.1738565222943442,0.09,-1.4739440452821966,0,0,0,0
2025,171861,176.0,0,-0.7938049013618325,0,RBF-SVM,-2.079464564318572,-2.079464564318572,-3.3715209237916692,0.01,-1.5578205775284053,0,0,0,0
2025,265156,296.0,0,-0.7607946793206237,0,RBF-SVM,-1.7505081919300567,-1.7505081919300567,-2.1219703394217633,0.01,-0.9394706167618496,0,0,0,0
2025,99565,20.0,0,0.20490538725136176,0,RBF-SVM,-1.0304707313497192,-1.0304707313497192,-3.1372409696415837,0.21,-0.029526209476796975,0,0,0,0
2025,19347,16.98,0,-0.37844375278992637,0,RBF-SVM,-0.4501250460887003,-0.4501250460887003,-0.21277783318891627,0.2,-1.1788573924555712,0,0,0,0
2025,84525,64.45,0,-1.0665054499955808,0,RBF-SVM,-1.5871950346254047,-1.5871950346254047,-2.21435058231616,0.0,-1.3651164278407022,0,0,0,0
2025,102444,1.0,1,0.9999081748632087,1,RBF-SVM,0.9999461195403323,0.9999461195403323,14.9593910417835,0.995,1.00046464152391,1,1,1,1
2025,53879,223.0,0,-0.360526320160078,0,RBF-SVM,-0.905985218289661,-0.905985218289661,-1.5689980896862084,0.285,-0.8312037840050428,0,0,0,0
2025,89190,1402.16,1,0.6362244564092054,1,RBF-SVM,-0.5414170944713574,-0.5414170944713574,1.1468307758045266,0.87,0.11106049683544973,0,0,1,1
2025,283484,11.93,0,-0.858110211274139,0,RBF-SVM,-1.255697763889926,-1.255697763889926,-1.554761568842899,0.025,-1.2055354597199528,0,0,0,0
2025,63421,99.99,1,0.5469061241649311,1,RBF-SVM,1.3857871461784625,1.3857871461784625,10.7775176949116,0.845,0.33498871910048733,1,1,1,1
2025,66399,507.25,0,-0.07449869818307886,0,RBF-SVM,-0.9218611144699054,-0.9218611144699054,-1.6886622074095092,0.275,-0.9043607832276881,0,0,0,0
2025,241728,1.98,0,-0.9021124318547022,0,RBF-SVM,-0.9353523440510414,-0.9353523440510414,-0.428787244035214,0.38,-0.6452666820735855,0,0,0,0
2025,261077,43.67,0,-1.0922803879378036,0,RBF-SVM,-1.482932333996963,-1.482932333996963,-2.2844085850980034,0.015,-1.0466599582608322,0,0,0,0
2025,26880,19.0,0,-0.6649113253523442,0,RBF-SVM,-1.3246812237771874,-1.3246812237771874,-2.4802617502428284,0.01,-0.9379088999940601,0,0,0,0
2025,248946,0.89,0,-1.1598790184921657,0,RBF-SVM,-1.4863717032915265,-1.4863717032915265,-2.1748487510733425,0.04,-1.4771669719826301,0,0,0,0
2025,253630,34.9,0,-0.8915936161451556,0,RBF-SVM,-1.6771007544676988,-1.6771007544676988,-3.565702231785905,0.005,-0.6842861045850647,0,0,0,0
2025,11708,55.95,0,-0.9499676542800057,0,RBF-SVM,-0.9794146234073589,-0.9794146234073589,-2.0946905261795723,0.0,-0.5452134520825221,0,0,0,0
2025,78114,5.0,0,-0.8981019016654359,0,RBF-SVM,-1.1671037787280243,-1.1671037787280243,-2.154180215486107,0.065,-1.2571572605560624,0,0,0,0
2026,272669,112.14,0,-0.9704053272443556,0,RBF-SVM,-1.0170246735500252,-1.0170246735500252,-1.0511712348243447,0.055,-0.853331065031082,0,0,0,0
2026,221188,189.66,0,-0.8564137343170608,0,RBF-SVM,-0.9542832407073454,-0.9542832407073454,-0.606964870095644,0.12,-0.8031162663926151,0,0,0,0
2026,95534,31.91,1,-0.8268390963884575,0,RBF-SVM,-1.2297100005409745,-1.2297100005409745,-1.4306169797445991,0.02,-0.7616887255892398,0,0,0,0
2026,89976,39.0,0,-0.625714054432059,0,RBF-SVM,-1.265349805761115,-1.265349805761115,-1.4350169701894258,0.045,-1.3371014316762206,0,0,0,0
2026,117157,29.57,0,-1.0180206427099374,0,RBF-SVM,-1.1101613438633882,-1.1101613438633882,-1.2667112382781576,0.025,-1.279265072074311,0,0,0,0
2026,89281,57.03,0,-0.2112600939657815,0,RBF-SVM,-0.5340556530180158,-0.5340556530180158,-0.4137716328266024,0.375,-0.5478848574889531,0,1,0,0
2026,279162,38.2,0,-1.1168335861326533,0,RBF-SVM,-1.1305399674270031,-1.1305399674270031,-1.0849713393434675,0.03,-0.007373053780643346,0,0,0,0
2026,171610,1.79,0,-1.1000197966747585,0,RBF-SVM,-1.1748207689119723,-1.1748207689119723,-1.1886700233790042,0.02,-1.4971536464172277,0,0,0,0
2026,112650,13.24,0,-0.8662509183010274,0,RBF-SVM,-1.2684336422878666,-1.2684336422878666,-1.2335793137294684,0.025,-0.8527669272923052,0,0,0,0
2026,151627,118.95,0,-0.86938978715204,0,RBF-SVM,-1.2826741978106517,-1.2826741978106517,-1.957051305838479,0.04,-0.2197095038181841,0,0,0,0
2026,46998,204.27,1,0.35870999317208063,0,RBF-SVM,0.1644286205092571,0.1644286205092571,0.08267076604823281,0.96,0.4235732346519157,0,1,1,0
2026,144108,310.42,1,1.0737276740875719,1,RBF-SVM,1.7011018564896068,1.7011018564896068,2.3399168535115398,0.99,1.003918523106602,1,1,1,1
2026,9257,27.49,0,-0.686510471628536,0,RBF-SVM,-1.2754985240165486,-1.2754985240165486,-1.6974373910797718,0.02,-0.4660679682411727,0,0,0,0
2026,10497,3.79,1,-0.3978670642002682,0,RBF-SVM,-0.15024930363065359,-0.15024930363065359,-0.7112382463470475,0.315,-0.4922890459212418,0,0,0,0
2026,38980,75.75,0,-1.136083035116449,0,RBF-SVM,-1.2214866857393125,-1.2214866857393125,-1.0885217570386,0.01,-1.2616466568475584,0,0,0,0
2026,228548,130.53,0,-0.5638580578455203,0,RBF-SVM,-0.8913055221260386,-0.8913055221260386,-0.9901914180556433,0.285,-0.2571382108397735,0,0,0,0
2026,59539,19.73,1,0.8446898017726172,1,RBF-SVM,0.7015211512919903,0.7015211512919903,0.5234766962003734,0.75,0.6156190519452778,1,1,1,1
2026,211313,100.0,0,-0.857928759191128,0,RBF-SVM,-1.1381189275500956,-1.1381189275500956,-1.5864681360621904,0.02,-0.9462996213332088,0,0,0,0
2026,188711,1.0,0,-0.5743593082326586,0,RBF-SVM,-0.7709359823524857,-0.7709359823524857,-0.8655418551781361,0.345,-0.667694162101436,0,0,0,0
2026,90704,1.46,0,-0.6424078613735418,0,RBF-SVM,-0.8551630711479383,-0.8551630711479383,-0.9775429126917226,0.32,-0.49011644393525355,0,0,0,0
2026,11841,1.0,1,0.9653009152633956,1,RBF-SVM,0.9949608559525897,0.9949608559525897,7.060004851906582,1.0,0.9632105560488612,1,1,1,1
2026,58229,12.31,0,-1.0220812031394257,0,RBF-SVM,-0.9032999164150315,-0.9032999164150315,-0.9319793622075385,0.035,-1.4418852217867055,0,0,0,0
2026,172115,1.0,0,-0.93062413354876,0,RBF-SVM,-1.1021464488721087,-1.1021464488721087,-1.2356547857321898,0.025,-1.1956612924109824,0,0,0,0
2026,13185,788.77,0,0.2892440376037605,0,RBF-SVM,0.03135822744982664,0.03135822744982664,-0.20299489545184018,0.225,0.4548194969727409,0,1,0,0
2026,134101,112.0,0,-1.2316482220837075,0,RBF-SVM,-1.2859484880728855,-1.2859484880728855,-1.0220253369980432,0.25,-0.8664668411889743,0,0,0,0
2026,129928,10.0,0,-1.0971441536081727,0,RBF-SVM,-1.1967784545088398,-1.1967784545088398,-1.2130553138169742,0.03,-1.7610554246832257,0,0,0,0
2026,269386,22.92,0,-0.7454253575700514,0,RBF-SVM,-0.6458196596704902,-0.6458196596704902,-0.7582610483137038,0.28,-0.6408126463126737,0,0,0,0
2026,112645,29.99,0,-1.0888329383093056,0,RBF-SVM,-1.1692210081877539,-1.1692210081877539,-1.121971093858831,0.085,-0.974510519560566,0,0,0,0
2026,134583,24.99,0,-1.0643922951764604,0,RBF-SVM,-1.1130715644155391,-1.1130715644155391,-1.49957606865974,0.035,-0.769990740723783,0,0,0,0
2026,187658,35.85,0,-1.0768658293223978,0,RBF-SVM,-1.1912006407036402,-1.1912006407036402,-1.127618136783681,0.03,-1.3615092875989068,0,0,0,0
2026,120377,24.95,0,-0.8759419514502209,0,RBF-SVM,-0.7012322397599298,-0.7012322397599298,-0.6922404209187198,0.29,-0.7406453155596043,0,0,0,0
2026,242900,0.89,0,-1.086703449313861,0,RBF-SVM,-1.157873583005726,-1.157873583005726,-1.1804911177490607,0.04,-1.607845378236362,0,0,0,0
2026,22094,92.42,0,-1.1705242201106654,0,RBF-SVM,-1.4197044310954574,-1.4197044310954574,-1.3171842753803684,0.1,-1.4698929009238393,0,0,0,0
2026,40348,10.0,0,-1.1772962448432769,0,RBF-SVM,-1.4380036612059146,-1.4380036612059146,-1.7311622695138549,0.0,-0.8264929956266772,0,0,0,0
2026,141257,0.0,1,0.7318896703159891,1,RBF-SVM,1.0888173836130988,1.0888173836130988,3.157470333879523,0.95,0.9206751888324547,1,1,1,1
2026,81186,45.64,1,0.7911316236714545,1,RBF-SVM,1.4501745376780337,1.4501745376780337,2.1956532634744312,0.915,0.728866574356649,1,1,1,1
2026,186980,18.0,0,-0.28063908855703135,0,RBF-SVM,-0.4230515884312338,-0.4230515884312338,-1.9540013788616286,0.105,-0.3048631202623344,0,0,0,0
2026,65401,25.82,0,-0.7649699861634078,0,RBF-SVM,-0.6220566402401597,-0.6220566402401597,-0.5516459537398366,0.315,-0.9279946126000868,0,0,0,0
2026,148101,48.72,0,-0.9491494624765797,0,RBF-SVM,-1.17958472287355,-1.17958472287355,-1.4677821986481134,0.05,-0.6621446482248962,0,0,0,0
2026,50537,1.0,1,-1.0553807992661048,0,RBF-SVM,-1.2843859358450187,-1.2843859358450187,-1.3764573679358176,0.01,-1.0354095968340369,0,0,0,0
2026,6331,1.0,1,0.9369321924192968,1,RBF-SVM,1.1661595963651117,1.1661595963651117,2.0161576857601986,0.995,0.8900537538892086,1,1,1,1
2026,32376,935.95,0,0.14421307397018912,0,RBF-SVM,0.19340231337255864,0.19340231337255864,-0.7351915355657537,0.36,0.2251934241204005,0,0,0,0
2026,15810,99.99,1,0.8373490221621457,1,RBF-SVM,0.9117363745909516,0.9117363745909516,5.982151813119776,1.0,0.8271200965889522,1,1,1,1
2026,44474,88.27,0,-1.1600885748850642,0,RBF-SVM,-1.2460249814616453,-1.2460249814616453,-1.1113955055425946,0.075,-1.0397345693757551,0,0,0,0
2026,144044,16.02,0,-1.0662451421027404,0,RBF-SVM,-1.181979839446351,-1.181979839446351,-1.1916424029404162,0.08,-1.288854814244643,0,0,0,0
2026,95617,16.9,0,-0.398493828867549,0,RBF-SVM,-0.46929320539978114,-0.46929320539978114,-0.6177023216339732,0.375,-0.6343574633563919,0,0,0,0
2026,45732,1.0,1,0.9134606633614007,1,RBF-SVM,1.5558123507763086,1.5558123507763086,1.642811358175696,0.925,1.0137232095871571,1,1,1,1
2026,132578,0.99,0,-1.0946798775280495,0,RBF-SVM,-1.051558478169944,-1.051558478169944,-0.9813192485090727,0.05,-1.2619378724442667,0,0,0,0
2026,42769,118.3,1,0.8327351192842134,1,RBF-SVM,0.9599742394221926,0.9599742394221926,5.61693420254546,0.985,0.7227114957220506,1,1,1,1
2026,87522,38.03,0,-1.1856338172579177,0,RBF-SVM,-1.2862924543170082,-1.2862924543170082,-1.2199666678853471,0.005,-1.100240984539386,0,0,0,0
2026,78896,26.5,0,-0.817372667817245,0,RBF-SVM,-1.256133139934506,-1.256133139934506,-1.4448217165305521,0.07,-1.1472304245622533,0,0,0,0
2026,146827,5.0,0,-0.9446835757451111,0,RBF-SVM,-0.8380391403338354,-0.8380391403338354,-0.8724938132591862,0.075,-0.8100386338635815,0,0,0,0
2026,250679,47.99,0,-0.9429276782223281,0,RBF-SVM,-0.9557546534329222,-0.9557546534329222,-0.9507713460783946,0.14,-1.448204705984844,0,0,0,0
2026,36545,458.84,0,-0.10880618543366793,0,RBF-SVM,-0.579021818699093,-0.579021818699093,-0.5869452316422907,0.32,-0.3625970670218459,0,0,0,0
2026,47821,1.0,0,-0.9838067719119132,0,RBF-SVM,-0.9187666416739557,-0.9187666416739557,-0.949979836350954,0.09,-1.404586435922619,0,0,0,0
2026,212621,185.0,0,-1.1016987151018678,0,RBF-SVM,-1.4080571510709117,-1.4080571510709117,-1.4595188224435092,0.08,-1.093630385000404,0,0,0,0
2026,229730,2.22,1,0.6333724083127542,1,RBF-SVM,1.3130642144340001,1.3130642144340001,-0.20813683267665417,0.635,0.8932380409070524,1,1,1,1
2026,82248,8.99,0,-1.0443006081928952,0,RBF-SVM,-0.9831367164241473,-0.9831367164241473,-1.036831721886495,0.06,-1.1849316409411355,0,0,0,0
2026,50211,1.0,1,1.1308322565825755,1,RBF-SVM,1.765410967722821,1.765410967722821,2.3302661200743784,0.985,1.0317950818693153,1,1,1,1
2026,23914,134.9,0,-0.8936414534950099,0,RBF-SVM,-0.9821487884787423,-0.9821487884787423,-1.123251228692396,0.085,-1.2025936860628907,0,0,0,0
2026,217083,10.0,0,-0.526720276907644,0,RBF-SVM,-0.5657148630803754,-0.5657148630803754,-1.2180933313903035,0.115,-0.36518604764736806,0,0,0,0
2026,41324,5.0,0,-0.8928838914073338,0,RBF-SVM,-1.4062761078188686,-1.4062761078188686,-1.6861728047627198,0.035,-0.4389854905631564,0,0,0,0
2026,215132,723.21,1,0.7541786402397066,1,RBF-SVM,0.715056034604336,0.715056034604336,2.6059688917156545,0.985,0.7161511767217148,1,1,1,1
2026,201154,28.34,0,-0.4338594047958344,0,RBF-SVM,-1.04015353001454,-1.04015353001454,-0.7672463697783947,0.1,-0.10922224157975913,0,0,0,0
2026,12629,2.69,0,-1.0827965104234427,0,RBF-SVM,-1.1073403750454327,-1.1073403750454327,-0.9140983022832951,0.2,-0.9136148587111831,0,0,0,0
2026,198660,4.26,0,-1.0192284836450787,0,RBF-SVM,-0.9845529466850977,-0.9845529466850977,-0.9614870322371167,0.115,-1.381949097742305,0,0,0,0
2026,230579,1.0,0,-0.3286886355316637,0,RBF-SVM,-0.7434987286783956,-0.7434987286783956,-0.927474766417828,0.11,0.004996978327014512,0,0,0,0
2026,100654,2.07,0,-1.0130889112077792,0,RBF-SVM,-1.1074657583092902,-1.1074657583092902,-1.5731449346823076,0.115,-0.6486517048836035,0,0,0,0
2026,15566,99.99,1,0.962145055041235,1,RBF-SVM,0.9697964762744132,0.9697964762744132,5.838091997350357,1.0,0.9554483109253302,1,1,1,1
2026,242066,16.0,0,-0.35079895944305084,0,RBF-SVM,-0.3307060228893004,-0.3307060228893004,-0.5634168147061197,0.53,-0.7200579024174057,0,0,0,0
2026,235616,0.76,1,0.7276487810013194,1,RBF-SVM,0.9323137941901881,0.9323137941901881,0.7391774413411463,0.99,0.8781966051345929,1,1,1,1
2026,184379,25.0,1,0.2869264682360237,0,RBF-SVM,0.18233184765968025,0.18233184765968025,0.07243845960389156,0.925,0.36691544396526415,0,1,1,0
2026,211970,20.0,0,-0.9707351653596592,0,RBF-SVM,-1.382684574849356,-1.382684574849356,-1.435692008676438,0.045,-0.9287405347218608,0,0,0,0
2026,144399,26.76,0,-0.1196955685380694,0,RBF-SVM,-0.2064615358358446,-0.2064615358358446,-0.5014529044205036,0.33,-0.2753779209223175,0,1,0,0
2026,234574,0.0,1,0.9435000049500334,1,RBF-SVM,1.6371338076425452,1.6371338076425452,2.000765460908447,0.99,0.9056165147023256,1,1,1,1
2026,280987,29.17,0,0.18332208156143065,0,RBF-SVM,-0.21240761342276537,-0.21240761342276537,-0.16946844594210658,0.52,-0.0619304615832611,0,1,0,0
2026,88436,30.38,0,-1.0725487069380484,0,RBF-SVM,-1.0154420681573844,-1.0154420681573844,-0.9852078575558658,0.025,-1.4474470914235704,0,0,0,0
2026,182737,0.89,0,-0.15259663676920676,0,RBF-SVM,0.02700782288995396,0.02700782288995396,-0.30072082377394227,0.79,-0.3277061590938487,0,1,1,0
2026,278783,30.0,0,-1.046495935225107,0,RBF-SVM,-1.2052611605369234,-1.2052611605369234,-1.1961697124005461,0.025,-1.4484497930369216,0,0,0,0
2026,93214,200.0,0,-1.1917815674560686,0,RBF-SVM,-1.2255558971073564,-1.2255558971073564,-1.0303634373360886,0.01,-0.7972406139564027,0,0,0,0
2026,263105,4.95,0,-0.941640213354138,0,RBF-SVM,-1.0508775909992136,-1.0508775909992136,-1.110084684554464,0.115,-1.4186610501140753,0,0,0,0
2026,234633,1.59,1,0.7231967391276397,1,RBF-SVM,1.2554799359177147,1.2554799359177147,0.7336594147445998,0.985,1.0148875713177947,1,1,1,1
2026,232776,63.56,0,-1.1383827629618053,0,RBF-SVM,-1.3530217298012641,-1.3530217298012641,-1.345200389146081,0.095,-1.363264041401436,0,0,0,0
2026,79503,1.98,0,-1.1522878240252061,0,RBF-SVM,-1.133723205222291,-1.133723205222291,-1.0359444908122837,0.085,-1.6041832339330857,0,0,0,0
2026,183392,135.0,0,-1.09397099447623,0,RBF-SVM,-1.220070905052196,-1.220070905052196,-1.0988433694555964,0.065,-0.7293129550141965,0,0,0,0
2026,57157,608.53,0,0.17129444973589103,0,RBF-SVM,-0.1816853848408222,-0.1816853848408222,-0.758298459646426,0.455,0.2530523603071937,0,0,0,0
2026,33108,192.4,0,-1.0426327305651852,0,RBF-SVM,-0.9513987448283125,-0.9513987448283125,-0.7403350472005474,0.295,-1.2522736625024242,0,0,0,0
2026,183491,124.61,0,-0.6853730687775337,0,RBF-SVM,-0.7764428891495312,-0.7764428891495312,-0.8736260886426246,0.3,-0.9902678849613461,0,0,0,0
2026,178858,22.0,0,-0.8597505336770515,0,RBF-SVM,-1.1667871145323996,-1.1667871145323996,-1.049275461857554,0.075,-0.8922185706299427,0,0,0,0
2026,222352,28.75,0,-1.0722960297531652,0,RBF-SVM,-1.161465606344787,-1.161465606344787,-1.1010857866239647,0.07,-0.9693418902212668,0,0,0,0
2026,148712,178.87,0,-0.9454053577046273,0,RBF-SVM,-1.0372422097770366,-1.0372422097770366,-0.8563747992460469,0.08,-0.44704477678105603,0,0,0,0
2026,245564,35.29,0,-0.2503560108843187,0,RBF-SVM,-0.853515449942909,-0.853515449942909,-1.7249463367311548,0.05,-0.1780445136032145,0,0,0,0
2026,170893,1.0,0,-1.0013548529766876,0,RBF-SVM,-1.1418037206187683,-1.1418037206187683,-0.9941102877147583,0.21,-0.17412131196740388,0,0,0,0
2026,130977,1.0,0,-1.1394806187821358,0,RBF-SVM,-1.3301379648345408,-1.3301379648345408,-1.1567849312872387,0.015,-0.8657200458141227,0,0,0,0
2026,79883,270.0,1,0.7157274554273012,1,RBF-SVM,0.7707165535052973,0.7707165535052973,0.8735381462232981,0.985,0.9324815883143591,1,1,1,1
2026,18032,45.5,0,-0.6298273084395536,0,RBF-SVM,-0.6527773612460697,-0.6527773612460697,-1.3151116574481598,0.04,-0.4385023096837647,0,0,0,0
2026,274697,1.0,0,-0.37750616896510225,0,RBF-SVM,-0.42931193755834385,-0.42931193755834385,-0.5390252789273013,0.58,0.44010071458867417,0,0,0,0
2026,36175,47.98,0,-0.8880981928852105,0,RBF-SVM,-0.9994784427006218,-0.9994784427006218,-0.8756255464766611,0.24,-1.1463766603905179,0,0,0,0
2026,210410,148.79,0,0.021710558063061436,0,RBF-SVM,-0.24804242603609583,-0.24804242603609583,-0.4830905244101709,0.46,-0.7220636082848936,0,1,0,0
2026,211907,6.0,0,-0.9450091747947638,0,RBF-SVM,-1.2337741721666151,-1.2337741721666151,-1.409583526293592,0.055,-0.9036816122146659,0,0,0,0
2026,68223,943.9,0,-0.02353007417280195,0,RBF-SVM,0.26015775369911576,0.26015775369911576,-0.7247401968993545,0.37,0.45247243317960695,0,0,0,0
2026,23422,717.15,1,0.8542401654032115,1,RBF-SVM,0.933728622947523,0.933728622947523,0.5288948207062973,0.92,0.6854940356355336,1,1,1,1
2026,33558,17.99,0,-1.015931742314988,0,RBF-SVM,-1.0181070949824196,-1.0181070949824196,-1.0051578828994936,0.08,-1.0514620483266808,0,0,0,0
2026,91450,144.0,0,-1.1520592815717878,0,RBF-SVM,-1.2443529324999094,-1.2443529324999094,-1.0216109718866173,0.015,-0.8207589582739782,0,0,0,0
2026,239622,0.99,0,-1.015696662610299,0,RBF-SVM,-1.0804838815040012,-1.0804838815040012,-1.1090973170278347,0.09,-1.6503028372357047,0,0,0,0
2026,119878,0.76,0,-1.0872298452642508,0,RBF-SVM,-1.3523651243809383,-1.3523651243809383,-1.7356153801211331,0.0,-1.0841355439027747,0,0,0,0
2026,219618,64.2,0,-1.2161593239073158,0,RBF-SVM,-1.3384860089267754,-1.3384860089267754,-1.2373401005875264,0.115,-1.1413311261443622,0,0,0,0
2026,135488,1.79,0,-1.1649308371885014,0,RBF-SVM,-1.1722605184519543,-1.1722605184519543,-1.0863283355476465,0.055,-1.2608158425876423,0,0,0,0
2026,198531,9.99,0,-0.9943988851763861,0,RBF-SVM,-1.2551619501492408,-1.2551619501492408,-1.6856541865855175,0.005,-1.3537058440045948,0,0,0,0
2026,261645,7.72,0,-1.2011249039606389,0,RBF-SVM,-1.5034879752778432,-1.5034879752778432,-1.8225359155479017,0.005,-0.9037531596299507,0,0,0,0
2026,93424,1.0,1,0.88148892340712,1,RBF-SVM,0.994361145580386,0.994361145580386,0.6253414284843171,0.955,0.9772316358620845,1,1,1,1
2026,76609,7.52,1,1.0949608138769782,1,RBF-SVM,1.9174466385554558,1.9174466385554558,3.149358406746393,0.995,0.774957910660057,1,1,1,1
2026,51355,42.8,0,-1.1080960420677302,0,RBF-SVM,-1.4614460105742726,-1.4614460105742726,-1.7842036159539054,0.02,-1.004330968611364,0,0,0,0
2026,36572,49.35,0,-1.1680661514161246,0,RBF-SVM,-1.1204773392958338,-1.1204773392958338,-0.8970712068349869,0.165,-1.0113206700670276,0,0,0,0
2026,623,529.0,1,0.25358477895735926,0,RBF-SVM,-0.06971487614415384,-0.06971487614415384,-0.5586593068188774,0.29,0.23401827045986762,0,0,0,0
2026,157019,5.49,0,-0.7924705686261693,0,RBF-SVM,-0.5507179004428508,-0.5507179004428508,-0.8505627201094694,0.18,-1.0524829631216477,0,0,0,0
2026,263348,2.69,0,-1.1226304002216434,0,RBF-SVM,-1.0740599115269691,-1.0740599115269691,-0.9483961303956079,0.02,-1.525843952850237,0,0,0,0
2026,253069,7.53,0,-0.992626585710848,0,RBF-SVM,-1.1367428680893235,-1.1367428680893235,-1.27378283143039,0.05,-0.5990971910710977,0,0,0,0
2026,233180,12.99,0,-1.0745969689140613,0,RBF-SVM,-1.406045702815313,-1.406045702815313,-1.5569641461439823,0.045,-1.530320177955736,0,0,0,0
2026,28772,69.0,0,-1.0174516138248877,0,RBF-SVM,-1.0643480596397952,-1.0643480596397952,-1.0418426882936576,0.09,-1.0304031129866686,0,0,0,0
2026,136927,4.49,0,-1.0071233072502657,0,RBF-SVM,-1.229330204484126,-1.229330204484126,-1.3386373251202897,0.03,-1.0425883599806927,0,0,0,0
2026,17695,17.99,0,-1.1297884452458988,0,RBF-SVM,-1.0808070468769184,-1.0808070468769184,-1.1059557029314981,0.08,-1.2147454926769345,0,0,0,0
2026,72751,60.0,0,-0.8776272401086969,0,RBF-SVM,-1.2478691665397614,-1.2478691665397614,-1.77114936952422,0.065,-0.7200382265434527,0,0,0,0
2026,34322,292.82,0,-1.0349765726996178,0,RBF-SVM,-1.0930863514334606,-1.0930863514334606,-1.0203827287497724,0.015,-0.7282228301055044,0,0,0,0
2026,8683,9.8,0,-0.6442098473368245,0,RBF-SVM,-0.7389971123365919,-0.7389971123365919,-1.3201356958894026,0.38,0.2574315930088738,0,0,0,0
2026,166763,91.74,0,-1.0506119656556085,0,RBF-SVM,-1.1771893567129221,-1.1771893567129221,-1.1211156336430215,0.03,-1.3179990056725344,0,0,0,0
2026,57876,0.99,0,-0.7961895015534097,0,RBF-SVM,-0.7482621201763291,-0.7482621201763291,-1.1664990826366048,0.1,-1.0983073590563097,0,0,0,0
2026,103471,119.88,0,-1.2093982043308578,0,RBF-SVM,-1.1578431924750945,-1.1578431924750945,-0.9302546034527963,0.095,-0.7687058280706761,0,0,0,0
2026,172652,44.87,0,-0.81654960862575,0,RBF-SVM,-0.7118366819176289,-0.7118366819176289,-0.7445376434458038,0.27,-1.0811668885286712,0,0,0,0
2026,84114,14.79,0,-0.4814749515092429,0,RBF-SVM,-0.5567657693768968,-0.5567657693768968,-0.8681092466119456,0.22,-0.6625063297989299,0,0,0,0
2026,265905,313.29,0,-0.9307027088102913,0,RBF-SVM,-1.080245023669237,-1.080245023669237,-1.0192402302957724,0.105,-0.3174645180127965,0,0,0,0
2026,8845,30.39,1,1.0925118162322516,1,RBF-SVM,1.5948243758402803,1.5948243758402803,1.9623022333397773,0.995,0.8664157674129007,1,1,1,1
2026,39372,3.6,0,-1.21300232751089,0,RBF-SVM,-1.2050514577647322,-1.2050514577647322,-0.9749712643699955,0.07,-0.8686203896142987,0,0,0,0
2026,215984,592.9,1,0.6710889767344147,1,RBF-SVM,0.8807711495044344,0.8807711495044344,2.5673867197455835,0.995,0.8533349581649124,1,1,1,1
2026,57814,99.0,0,-1.0794511741019115,0,RBF-SVM,-1.2080228854550041,-1.2080228854550041,-1.1095182301802227,0.015,-1.057195499619847,0,0,0,0
2026,97855,8.98,0,-1.0989754368483482,0,RBF-SVM,-1.006186934707081,-1.006186934707081,-0.8399632836222264,0.11,-1.3177782983454773,0,0,0,0
2026,164308,65.59,0,-0.42900608521031813,0,RBF-SVM,-1.2672995034926582,-1.2672995034926582,-0.8141706005559624,0.145,-0.6710061810262554,0,0,0,0
2026,161579,49.99,0,-1.1207685849147562,0,RBF-SVM,-1.1757752715451515,-1.1757752715451515,-1.0459627366218676,0.075,-1.074299722383123,0,0,0,0
2026,150666,78.0,1,0.8581407912838426,1,RBF-SVM,1.0663882369227933,1.0663882369227933,5.725591208456345,0.995,0.6549334577330093,1,1,1,1
2026,166114,931.32,0,0.44836136059331966,1,RBF-SVM,0.8228905192500092,0.8228905192500092,-1.1777755322908283,0.475,0.46809705831968174,1,0,0,0
2026,105041,1.98,0,-1.1519905286230905,0,RBF-SVM,-1.1957532417326333,-1.1957532417326333,-1.1694000120639712,0.005,-1.1012713331744899,0,0,0,0
2026,39552,11.35,0,-1.0103754625290442,0,RBF-SVM,-1.1307827939159838,-1.1307827939159838,-1.1875321392784226,0.06,-1.243915084305141,0,0,0,0
2026,142405,12.31,1,1.0462022518335181,1,RBF-SVM,1.8051404783990845,1.8051404783990845,3.162560977775231,0.965,0.8157170985753457,1,1,1,1
2026,42674,1.52,1,0.8431814865016866,1,RBF-SVM,0.9456886351729962,0.9456886351729962,4.901117674812626,0.995,0.7636372034152499,1,1,1,1
2026,78451,9.99,0,-0.9031252018293086,0,RBF-SVM,-0.9653460523549287,-0.9653460523549287,-1.217443955005719,0.125,-1.5356659647286963,0,0,0,0
2026,122860,345.29,0,-1.1101212823235542,0,RBF-SVM,-1.2893518406785476,-1.2893518406785476,-1.1976798092528926,0.075,-0.8216735463090609,0,0,0,0
2026,36360,39.95,0,-1.1890297427523513,0,RBF-SVM,-1.2605277980873197,-1.2605277980873197,-1.1541165692207205,0.04,-1.5473791311425136,0,0,0,0
2026,13670,176.77,0,-1.061034076119401,0,RBF-SVM,-1.1886073757875064,-1.1886073757875064,-1.254241166293483,0.06,-0.2008707273439584,0,0,0,0
2026,32005,0.0,0,-1.0327836526224687,0,RBF-SVM,-1.1296388001901698,-1.1296388001901698,-1.2071925063458806,0.04,-0.7725149448534504,0,0,0,0
2026,101767,1.0,0,0.1976168178847139,0,RBF-SVM,0.17308070559277944,0.17308070559277944,-0.4499180321082216,0.655,-0.2097635785924422,0,1,1,0
2026,251758,38.52,0,-0.6556323446437295,0,RBF-SVM,-1.0850588419284057,-1.0850588419284057,-1.4632819956781986,0.005,-0.9361786052507269,0,0,0,0
2026,114554,6.11,0,-0.6256778215892749,0,RBF-SVM,-0.8751770304022795,-0.8751770304022795,-0.7372273204614226,0.25,-0.691438249357465,0,0,0,0
2026,205657,66.8,0,-1.0967652065528524,0,RBF-SVM,-1.433923127863062,-1.433923127863062,-1.4547768389229816,0.0,-1.3187899583922222,0,0,0,0
2026,93843,7.49,0,-1.1392078807725645,0,RBF-SVM,-1.1509919630590841,-1.1509919630590841,-1.1122663192943232,0.05,-1.0935698064228827,0,0,0,0
2026,267145,29.0,0,-1.0886167978868362,0,RBF-SVM,-1.3413707406838724,-1.3413707406838724,-1.3653893403918114,0.01,-1.5701276621943467,0,0,0,0
2026,135718,7.57,1,0.8603886555081748,1,RBF-SVM,0.8505710114141174,0.8505710114141174,0.4836823704103664,0.95,0.6143220488084712,1,1,1,1
2026,244497,200.0,0,-0.9835661191336766,0,RBF-SVM,-0.9759210730452026,-0.9759210730452026,-1.2002780570492417,0.13,-1.1033529799119464,0,0,0,0
2026,209983,6.95,0,-1.054758801196652,0,RBF-SVM,-1.3289861344217009,-1.3289861344217009,-1.5968041402755606,0.025,-0.9131300593648971,0,0,0,0
2026,255403,4.97,1,1.075463921345747,1,RBF-SVM,1.8952679699822887,1.8952679699822887,1.2418325170676807,0.99,1.067625302642843,1,1,1,1
2026,267047,196.0,0,-0.5792248944807723,0,RBF-SVM,-1.0330926646912817,-1.0330926646912817,-0.8302710480393982,0.135,-0.7893188236849159,0,0,0,0
2026,108708,426.4,1,0.868629893961739,1,RBF-SVM,1.1002062672380575,1.1002062672380575,1.6986680721759073,0.98,1.0560874330186436,1,1,1,1
2026,64251,1.0,0,-1.0391428234664721,0,RBF-SVM,-0.9920231188239579,-0.9920231188239579,-1.0004639012891219,0.07,-1.3950002114312627,0,0,0,0
2026,199103,3.99,0,0.02610309347263351,0,RBF-SVM,-0.0667516176716827,-0.0667516176716827,-0.5701919796771922,0.395,-0.6508044834705872,0,0,0,0
2026,80760,113.92,1,0.6182175610787675,1,RBF-SVM,0.7545010256333642,0.7545010256333642,1.1315719126376977,0.735,0.7383857905229464,1,1,1,1
2026,231599,36.8,0,-1.0633868492451504,0,RBF-SVM,-1.1799107990187825,-1.1799107990187825,-1.2923379459570126,0.09,-1.4189390288068786,0,0,0,0
2026,260798,0.99,0,-1.0622495786760124,0,RBF-SVM,-1.0898595312782775,-1.0898595312782775,-1.004004133667024,0.1,-1.6910911178013728,0,0,0,0
2026,200225,23.78,0,-1.0409137166832667,0,RBF-SVM,-1.1842876621824656,-1.1842876621824656,-1.1281303332085193,0.035,-1.5472177018605624,0,0,0,0
2026,246703,1.0,0,-0.42321858147493474,0,RBF-SVM,-0.465640677450899,-0.465640677450899,-0.7102786202176903,0.335,-0.22899777668072752,0,0,0,0
2026,88525,14.48,0,-0.7760283384574231,0,RBF-SVM,-0.8371083562644586,-0.8371083562644586,-1.4570066199271572,0.12,-0.5856851257324142,0,0,0,0
2026,91552,4.26,0,-0.8615307975045645,0,RBF-SVM,-1.0141782931501995,-1.0141782931501995,-0.8921219287342037,0.195,-1.0285208962538843,0,0,0,0
2026,4342,82.91,0,-1.0676449557334948,0,RBF-SVM,-1.0280826881403389,-1.0280826881403389,-0.8823750598478466,0.09,-0.827171132907199,0,0,0,0
2026,146653,75.87,0,-0.8644134866241435,0,RBF-SVM,-1.1949163490271977,-1.1949163490271977,-1.420833333151492,0.06,-0.5665698978912189,0,0,0,0
2026,149145,6.99,1,0.42898592763222154,1,RBF-SVM,0.37130279856296766,0.37130279856296766,-0.18509199152653322,0.44,0.5740217552024776,1,1,0,1
2026,105954,159.06,0,-0.9438813021187638,0,RBF-SVM,-1.2020409909802865,-1.2020409909802865,-1.6901950983703828,0.04,-1.0477154026088358,0,0,0,0
2026,140851,277.0,0,-0.6569526027228556,0,RBF-SVM,-0.7759297245609149,-0.7759297245609149,-0.5706852698979679,0.44,-0.9242793278673614,0,0,0,0
2026,79417,57.97,0,-0.8174671612356297,0,RBF-SVM,-0.9283583057198992,-0.9283583057198992,-1.061844690998233,0.06,-0.5191460590048086,0,0,0,0
2026,103089,9.18,0,-0.9289035857344656,0,RBF-SVM,-1.0428393294239569,-1.0428393294239569,-1.0623833022113778,0.11,-0.7603574942448453,0,0,0,0
2026,93486,0.0,1,-0.14397303029234287,0,RBF-SVM,-0.08978581400707486,-0.08978581400707486,-0.546572848293069,0.445,0.6317408377943101,0,0,0,1
2026,52466,1.0,1,0.697590669091677,1,RBF-SVM,0.7267443922257746,0.7267443922257746,0.8895512667512337,0.965,0.9911565828015776,1,1,1,1
2026,141258,0.0,1,0.7318896703159891,1,RBF-SVM,1.0888173836130988,1.0888173836130988,3.157470333879523,0.95,0.9206751888324547,1,1,1,1
2026,145800,451.27,1,-0.4209857922976057,0,RBF-SVM,-0.5831211250575152,-0.5831211250575152,-0.9730517576210886,0.05,0.09099243063005413,0,0,0,0
2026,193298,10.64,0,-0.047746792487729284,0,RBF-SVM,-0.46974680628002363,-0.46974680628002363,-0.9090543914561111,0.055,-0.01698375601285984,0,0,0,0
2026,266735,45.49,0,-0.3158244331687441,0,RBF-SVM,-0.8414165522755375,-0.8414165522755375,-1.3874581018839907,0.055,-0.6600365135238412,0,0,0,0
2026,123946,15.0,0,-1.1275027435049247,0,RBF-SVM,-1.1068757173218429,-1.1068757173218429,-1.0021234929274316,0.025,-1.3830713478088206,0,0,0,0
2026,16415,23.36,1,0.4699247743969696,1,RBF-SVM,0.5871372960092498,0.5871372960092498,0.34575953284056665,0.98,0.5844622483419198,1,1,1,1
2026,28971,359.0,0,-0.7952562047986915,0,RBF-SVM,-1.1367085048991115,-1.1367085048991115,-1.0807513121610497,0.235,-0.5274404982200974,0,0,0,0
2026,147069,52.66,0,-1.0887225235466693,0,RBF-SVM,-1.1663692055697537,-1.1663692055697537,-1.1458126619991367,0.055,-1.1679058437138279,0,0,0,0
2026,204114,20.0,0,-1.1625522273485858,0,RBF-SVM,-1.3434040008117176,-1.3434040008117176,-1.262107019547506,0.015,-1.6311780199022485,0,0,0,0
2026,47802,88.0,1,0.9041311743102165,1,RBF-SVM,1.1046695348984117,1.1046695348984117,2.3270302236937876,0.985,0.6949321488536043,1,1,1,1
2026,229474,150.0,0,-0.19991444496953092,0,RBF-SVM,-0.4314106945786933,-0.4314106945786933,-0.37806880828855044,0.275,-0.5819769238282141,0,1,0,0
2026,188692,49.91,0,-0.8711548811151788,0,RBF-SVM,-0.926553217475921,-0.926553217475921,-1.1397046065971934,0.11,-0.12012954451415025,0,0,0,0
2026,115446,110.25,0,-0.8703859296145497,0,RBF-SVM,-0.859306064655653,-0.859306064655653,-0.6500070029249467,0.105,-0.6806756085689339,0,0,0,0
2026,156454,12.13,0,-0.8757815746820343,0,RBF-SVM,-0.9586842235578827,-0.9586842235578827,-0.9257268469350712,0.125,-0.22580624988212739,0,0,0,0
2026,77101,71.22,0,-1.0163031512017364,0,RBF-SVM,-1.3429148528434975,-1.3429148528434975,-1.1374033208224255,0.01,-1.103233711446948,0,0,0,0
2026,196227,97.29,0,-1.181269604474983,0,RBF-SVM,-1.2588441635467087,-1.2588441635467087,-1.2082536440077016,0.025,-0.7357814052586681,0,0,0,0
2026,196100,1.98,0,-0.9936842053703296,0,RBF-SVM,-0.8747648198265332,-0.8747648198265332,-0.9242041525133853,0.115,-1.3186131920331845,0,0,0,0
2026,208688,776.8,0,0.5642097506330948,1,RBF-SVM,0.4214294591450858,0.4214294591450858,0.026942383432740857,0.265,0.3103036675217038,1,1,0,0
2026,204587,120.32,0,-1.1525411485961392,0,RBF-SVM,-1.2167319230242897,-1.2167319230242897,-1.0584219140597957,0.055,-1.259350727437806,0,0,0,0
2026,252532,25.3,0,-0.8161925997329971,0,RBF-SVM,-0.876697597869353,-0.876697597869353,-1.3415913788956244,0.115,-0.5460554810788715,0,0,0,0
2026,2526,56.75,0,-0.8331134390542305,0,RBF-SVM,-1.351373237723093,-1.351373237723093,-1.2217312319952436,0.05,-0.9951251223739926,0,0,0,0
2026,277791,8.99,0,-1.1238093617361136,0,RBF-SVM,-1.1194712868699008,-1.1194712868699008,-0.9701031176945242,0.05,-1.624817438487696,0,0,0,0
2026,250536,0.76,0,-1.1165274498760187,0,RBF-SVM,-1.3547688145165298,-1.3547688145165298,-1.4187755979201395,0.025,-1.6562111452806723,0,0,0,0
2026,167434,48.42,0,-1.0219868332037927,0,RBF-SVM,-1.1587287299182472,-1.1587287299182472,-1.2049551453066951,0.015,-0.987642474602589,0,0,0,0
2026,79525,1.0,1,0.7389177160788123,1,RBF-SVM,1.4238934645882457,1.4238934645882457,2.0381751388522718,0.995,0.7327026206605752,1,1,1,1
2026,277927,0.92,0,-0.9899596868353826,0,RBF-SVM,-1.1151966089471164,-1.1151966089471164,-1.2552191151376604,0.07,0.2908955814809942,0,0,0,0
2026,141576,27.85,0,-1.1295527514031567,0,RBF-SVM,-1.2410620026959571,-1.2410620026959571,-1.2567764592679096,0.1,-0.8927112367806732,0,0,0,0
2026,224351,100.0,0,-1.113616267035066,0,RBF-SVM,-1.1175159334954612,-1.1175159334954612,-1.0365961465830962,0.01,-0.7826245216165467,0,0,0,0
2026,65960,1.98,0,-0.9448111215618011,0,RBF-SVM,-0.9258029012095839,-0.9258029012095839,-0.8412768197782734,0.145,-1.314166411099761,0,0,0,0
2026,9509,1.0,1,0.9782316022826384,1,RBF-SVM,1.0073562944945342,1.0073562944945342,6.109836970494982,0.99,1.0044572881873353,1,1,1,1
2026,102444,1.0,1,0.9997060015264527,1,RBF-SVM,1.0000054875089515,1.0000054875089515,4.961741113613472,0.995,0.9998557198420117,1,1,1,1
2026,48683,0.77,0,0.10314193940678862,0,RBF-SVM,-0.11391980709256577,-0.11391980709256577,-0.4996594731401613,0.225,0.10883942726823842,0,1,0,0
2026,52315,305.9,0,-1.158265822461202,0,RBF-SVM,-1.2695344010445673,-1.2695344010445673,-1.1747316306677353,0.03,-1.2692609622869702,0,0,0,0
2026,84388,9.85,0,-1.1585109670175564,0,RBF-SVM,-1.167067822602251,-1.167067822602251,-1.0084438067042154,0.04,-1.0992162486867723,0,0,0,0
2026,237921,59.99,0,-1.0134268862129105,0,RBF-SVM,-1.202655460139241,-1.202655460139241,-1.0780294846444183,0.015,-1.3365317417917004,0,0,0,0
2026,116502,40.19,0,-0.15150285852158585,0,RBF-SVM,-0.04321541227530301,-0.04321541227530301,-0.567202057779248,0.435,-1.0819162289291127,0,0,0,0
2026,151038,1.0,0,-1.0025898306243803,0,RBF-SVM,-1.1193598659347317,-1.1193598659347317,-1.2124974331792002,0.045,-0.8106367941215694,0,0,0,0
2026,94885,34.96,0,0.056014506661846486,0,RBF-SVM,-0.19418377089276273,-0.19418377089276273,-0.5467586468113681,0.7,-0.3402141922524421,0,0,1,0
2026,101047,614.55,0,-0.3707221198378141,0,RBF-SVM,-0.5543104474024774,-0.5543104474024774,-0.8091145653477594,0.165,-0.47073498721777984,0,0,0,0
2026,254877,163.0,0,-0.8035955498873362,0,RBF-SVM,-0.7538974659118782,-0.7538974659118782,-0.7488815707652914,0.14,-0.9695722202679925,0,0,0,0
2026,22708,17.07,0,-1.0430054376768776,0,RBF-SVM,-1.1795016640158087,-1.1795016640158087,-1.4115535298318072,0.035,-1.6021360749763902,0,0,0,0
2026,1989,107.69,0,-0.2356478066562424,0,RBF-SVM,-0.3237117983224671,-0.3237117983224671,-0.46044002616915786,0.625,-0.04734967494604103,0,1,0,0
2026,10737,283.5,0,-1.031824989570286,0,RBF-SVM,-1.4066214842120077,-1.4066214842120077,-1.327658578413767,0.07,-1.1433827565432124,0,0,0,0
2026,118847,1.5,0,-1.1913422859798943,0,RBF-SVM,-1.3455467200830475,-1.3455467200830475,-1.5668188052707122,0.005,-0.7232820881919132,0,0,0,0
2026,282891,25.99,0,-1.1255142988894946,0,RBF-SVM,-1.285945228682286,-1.285945228682286,-1.521983838476526,0.055,-0.9227784770909172,0,0,0,0
2026,68971,11.5,0,-0.9831853212860384,0,RBF-SVM,-1.103638306864775,-1.103638306864775,-1.0343543528831967,0.08,-1.5013301841121431,0,0,0,0
2026,7233,10.5,0,-0.916672360633108,0,RBF-SVM,-1.053373706357613,-1.053373706357613,-1.3522426806682444,0.245,-0.9245190250865499,0,0,0,0
2026,122701,260.15,0,-1.0551342604412433,0,RBF-SVM,-1.2398585019049855,-1.2398585019049855,-1.013480736021297,0.025,-1.4803794355724382,0,0,0,0
2026,8007,15.95,0,-0.6331895679269679,0,RBF-SVM,-1.1243598688873266,-1.1243598688873266,-1.1083382865872815,0.16,-0.8596409345785153,0,0,0,0
2026,210694,1.98,0,-1.0323101608596157,0,RBF-SVM,-1.0980205312822549,-1.0980205312822549,-1.0515514607594825,0.025,-1.644497329683059,0,0,0,0
2026,267525,20.94,0,-0.9698160063094221,0,RBF-SVM,-0.9949549597317486,-0.9949549597317486,-0.9441687538121855,0.05,-0.8140447946078874,0,0,0,0
2026,240222,1.0,1,0.25142105993388936,0,RBF-SVM,0.3748539533833153,0.3748539533833153,-0.536210404898978,0.635,0.5386741718150179,1,0,1,1
2026,12072,11.85,0,-0.3239363077385866,0,RBF-SVM,-0.6018360676020842,-0.6018360676020842,-0.831835970654885,0.22,-0.07746445264482282,0,0,0,0
2026,31403,217.46,0,-0.6502293655478655,0,RBF-SVM,-1.1805629885026436,-1.1805629885026436,-0.9054822050793319,0.155,-0.4945654978394193,0,0,0,0
2026,75890,12.93,0,-1.0082428023893337,0,RBF-SVM,-1.2379688522678551,-1.2379688522678551,-1.4745823432697527,0.185,-0.795254617054168,0,0,0,0
2026,46251,10.78,0,-1.0256294084457713,0,RBF-SVM,-0.9386074144376741,-0.9386074144376741,-0.8136493237392874,0.235,-1.028043556117344,0,0,0,0
2026,104171,31.0,0,-1.18638533782359,0,RBF-SVM,-1.1873932586473779,-1.1873932586473779,-1.0011454943106368,0.255,-1.242446193715102,0,0,0,0
2026,155243,2.0,0,-1.0747616374548798,0,RBF-SVM,-1.2186346857210464,-1.2186346857210464,-1.2483812236663738,0.075,-0.2779511720714213,0,0,0,0
2026,176270,59.99,0,-0.32937470938655933,0,RBF-SVM,-0.644121757388441,-0.644121757388441,-0.6439931551832903,0.155,-0.9646768740018675,0,0,0,0
2026,96234,8.39,0,-1.0378068922866457,0,RBF-SVM,-1.194095699460417,-1.194095699460417,-1.2326071080206238,0.01,-1.1101826803129002,0,0,0,0
2026,15204,99.99,1,0.9991621650643233,1,RBF-SVM,1.0556241450364245,1.0556241450364245,5.622182800325795,0.99,1.0169175344149783,1,1,1,1
2026,221281,8.78,0,-1.1810925869750495,0,RBF-SVM,-1.3132588485388357,-1.3132588485388357,-0.9601220747353962,0.05,-0.9160511310003016,0,0,0,0
2026,30314,7.61,1,1.0346695548160318,1,RBF-SVM,1.2375276384251999,1.2375276384251999,2.338624488477424,1.0,0.9773845822199321,1,1,1,1
2026,114129,14.21,0,-0.7561319084730755,0,RBF-SVM,-0.727522526927896,-0.727522526927896,-0.8661645977638359,0.215,-1.1386726263481353,0,0,0,0
2026,104657,125.15,0,-1.0150170557781866,0,RBF-SVM,-1.105644100716367,-1.105644100716367,-1.0829994941179915,0.055,-0.9805270462269567,0,0,0,0
2026,168211,1599.52,0,0.579836391562492,1,RBF-SVM,0.7675522779158039,0.7675522779158039,-0.8994625282168209,0.495,0.693562907773921,1,0,0,1
2026,219252,26.41,0,-0.740980382286903,0,RBF-SVM,-1.017474647434669,-1.017474647434669,-1.266217970122709,0.025,-0.5801477145280817,0,0,0,0
2026,131984,319.0,0,-0.9449870592691414,0,RBF-SVM,-0.9739991070863585,-0.9739991070863585,-0.6913994054062573,0.08,-0.8559672620658781,0,0,0,0
2026,268375,39.98,1,0.7618630077742685,1,RBF-SVM,1.058995219596068,1.058995219596068,1.627421504498457,0.9,0.6972538278194842,1,1,1,1
2026,63728,18.0,0,-1.0233667852429882,0,RBF-SVM,-1.074061595439436,-1.074061595439436,-1.1512169708212177,0.07,-1.1224527682672303,0,0,0,0
2026,158899,2.28,0,-1.050506018625564,0,RBF-SVM,-1.1714446156743687,-1.1714446156743687,-1.1504007471267057,0.06,-1.7165260339961437,0,0,0,0
2026,66007,194.65,0,-1.1260952963237518,0,RBF-SVM,-1.301381339348463,-1.301381339348463,-1.366568894377782,0.155,-0.6850919462124224,0,0,0,0
2026,9326,53.73,0,-0.8460211959029842,0,RBF-SVM,-1.1585673197165733,-1.1585673197165733,-1.2394529872614186,0.01,-0.9194756258359936,0,0,0,0
2026,30105,91.0,0,-1.1195215708404846,0,RBF-SVM,-1.2434565691085822,-1.2434565691085822,-1.1456759799622678,0.125,-1.3262682257850016,0,0,0,0
2026,124709,37.21,0,-0.9164427956829708,0,RBF-SVM,-0.9025184691243242,-0.9025184691243242,-0.5910874249785503,0.205,-0.5165587388467837,0,0,0,0
2026,30398,9.13,1,1.0303375454414783,1,RBF-SVM,1.185291911478998,1.185291911478998,2.286266067950671,0.995,0.9858845144858612,1,1,1,1
2026,157882,72.9,0,-0.6560472681114142,0,RBF-SVM,-1.1773712069852018,-1.1773712069852018,-2.052852677755289,0.03,-0.09658680917392726,0,0,0,0
2026,250336,42.81,0,-0.9937016208787959,0,RBF-SVM,-1.0753095739071745,-1.0753095739071745,-0.8921540210529593,0.185,-1.0817108437912117,0,0,0,0
2026,61657,59.96,0,-1.059133825739222,0,RBF-SVM,-0.8766231475584203,-0.8766231475584203,-0.8129049354311633,0.26,-0.6140775546513336,0,0,0,0
2026,259419,158.95,0,-0.16543475024391519,0,RBF-SVM,-0.613994733619661,-0.613994733619661,-0.5805324868897046,0.295,-0.6396794338544985,0,0,0,0
2026,174604,3.59,0,-1.022466448456138,0,RBF-SVM,-1.2001221597851448,-1.2001221597851448,-1.2916812419695758,0.05,-1.1349815509303096,0,0,0,0
2026,199419,3.59,0,-1.054486495637092,0,RBF-SVM,-1.1567959025826742,-1.1567959025826742,-1.3023548425942524,0.025,-1.4371677782303345,0,0,0,0
2026,215300,29.0,0,-0.8733418884774784,0,RBF-SVM,-1.382237141428249,-1.382237141428249,-2.1562249907842523,0.055,-0.8412980203487034,0,0,0,0
2026,160153,1.0,0,0.32082525308243515,0,RBF-SVM,0.4957735703518287,0.4957735703518287,-0.9603576125411284,0.21,0.6001630493120423,1,0,0,1
2026,33949,3202.91,0,0.639726866635256,1,RBF-SVM,0.5409568321086343,0.5409568321086343,0.5579441266894174,0.335,0.6007551552308775,1,1,0,1
2026,80257,40.0,0,-1.1115713646170566,0,RBF-SVM,-1.3038708125607563,-1.3038708125607563,-1.16292734697179,0.105,-0.7515374969846927,0,0,0,0
2026,38364,71.89,0,-1.220691283246209,0,RBF-SVM,-1.1725076462002548,-1.1725076462002548,-0.9591980795531502,0.13,-1.059634126131614,0,0,0,0
2026,178773,93.73,0,-1.0451807058467733,0,RBF-SVM,-1.3277582089108213,-1.3277582089108213,-1.4462370396935162,0.04,-0.9845047095659211,0,0,0,0
2026,59204,0.95,0,-0.30025969988357915,0,RBF-SVM,-0.24244675052499431,-0.24244675052499431,-0.5228155417647278,0.425,-0.49422898506047475,0,1,0,0
2026,12294,11.85,0,-0.3506837225691709,0,RBF-SVM,-0.7508765619926381,-0.7508765619926381,-0.6100377918614237,0.24,-0.11040605755219757,0,0,0,0
2026,229583,225.08,0,-0.5534115554648014,0,RBF-SVM,-0.6387340556013112,-0.6387340556013112,-1.2285729126512586,0.155,-1.0062643522509092,0,0,0,0
2026,196987,44.53,0,-0.518964974798064,0,RBF-SVM,-0.32826348073260103,-0.32826348073260103,-0.5526853770273676,0.305,-0.40431430507366917,0,0,0,0
2026,152295,9.82,1,0.910083597750043,1,RBF-SVM,0.9335457008422874,0.9335457008422874,4.119489020480007,0.92,0.8143568221869752,1,1,1,1
2026,102445,1.0,1,0.9997060015264527,1,RBF-SVM,1.0000054875089515,1.0000054875089515,4.961741113613472,0.995,0.9998557198420117,1,1,1,1
2026,90751,20.0,0,-0.802840473472316,0,RBF-SVM,-0.6893508020765842,-0.6893508020765842,-1.2841061119335726,0.14,-0.7910433961213744,0,0,0,0
2026,149600,261.22,1,0.497038992218533,1,RBF-SVM,0.4820930001517848,0.4820930001517848,1.2898013679415468,0.91,0.5872941397441812,1,1,1,1
2026,255779,1.98,0,-0.8376636386915322,0,RBF-SVM,-0.716287730076048,-0.716287730076048,-0.9583674876038688,0.07,-1.3709752104802093,0,0,0,0
2026,80942,29.0,0,-0.8188069095520416,0,RBF-SVM,-0.9736715241001286,-0.9736715241001286,-1.255977500864799,0.035,-0.910425459517039,0,0,0,0
2026,261424,376.25,0,-1.0716196197086276,0,RBF-SVM,-1.0576602105112545,-1.0576602105112545,-0.8588053665844538,0.225,-0.9089248573884782,0,0,0,0
2026,22354,25.69,0,-0.919477967189545,0,RBF-SVM,-1.29347498475345,-1.29347498475345,-1.1888755194405651,0.05,-1.0345466323238814,0,0,0,0
2026,197897,80.0,0,-1.0731610061488772,0,RBF-SVM,-1.0598054970236226,-1.0598054970236226,-0.8542700224299187,0.06,-1.609437502613663,0,0,0,0
2026,42700,30.26,1,0.849368842311972,1,RBF-SVM,0.9330713691626653,0.9330713691626653,5.39621488904172,1.0,0.7438118452503134,1,1,1,1
2026,135338,19.99,0,-0.26196572377757743,0,RBF-SVM,-0.5717083465048913,-0.5717083465048913,-0.6560997344128283,0.295,-0.17631871836144808,0,0,0,0
2026,217900,17.99,0,-0.937569768955981,0,RBF-SVM,-1.129328082309223,-1.129328082309223,-0.9779556019808711,0.33,-0.7478558740490252,0,0,0,0
2026,263488,5.2,0,-0.709728840031745,0,RBF-SVM,-1.24240161110796,-1.24240161110796,-0.6834143467012352,0.085,-0.48977914475006756,0,0,0,0
2026,43645,10.95,0,-1.024255337424904,0,RBF-SVM,-0.9152516517780964,-0.9152516517780964,-0.8726595276816855,0.085,-0.9701756049007574,0,0,0,0
2026,150669,188.52,1,0.7933454741237312,1,RBF-SVM,0.9329397600204207,0.9329397600204207,5.746452152583032,0.99,0.6584603749439084,1,1,1,1
2026,192416,210.08,0,-1.06155628698672,0,RBF-SVM,-1.1219792128845842,-1.1219792128845842,-0.7100402252752807,0.13,-0.672045442244421,0,0,0,0
2026,154530,470.6,0,-0.41873596400629687,0,RBF-SVM,-0.8941773562360325,-0.8941773562360325,-1.5384931475361991,0.245,-0.1450199794799174,0,0,0,0
2026,67978,1248.0,0,0.5208396179453001,1,RBF-SVM,0.6622173334061351,0.6622173334061351,-0.528869030077827,0.5,0.5386206680479207,1,0,0,1
2026,21787,1.0,0,-0.6468868349234729,0,RBF-SVM,-0.7232810920987265,-0.7232810920987265,-0.7905975918942445,0.315,-0.4362598961687493,0,0,0,0
2026,257632,1.96,0,-1.0249585312607195,0,RBF-SVM,-1.1996767678060145,-1.1996767678060145,-1.6982293252398595,0.035,-0.9511347476382445,0,0,0,0
2026,16863,730.86,1,0.5875285489790485,1,RBF-SVM,0.3138144582939223,0.3138144582939223,0.8134246909853013,0.74,0.7093249923010365,0,1,1,1
2026,280108,9.99,0,-0.8178230444062589,0,RBF-SVM,-1.0204681212272695,-1.0204681212272695,-1.240882760343681,0.045,-0.3548291221284362,0,0,0,0
2026,26653,400.0,0,-0.891709006146399,0,RBF-SVM,-0.8499337462985928,-0.8499337462985928,-0.8586983970865047,0.02,-0.5866000817382951,0,0,0,0
2026,77525,130.27,0,0.1597972818256208,0,RBF-SVM,-0.06783311404503412,-0.06783311404503412,-0.717677249865619,0.465,-0.8441519434502852,0,0,0,0
2026,69008,13.69,0,-0.6564613422305379,0,RBF-SVM,-0.6837123399168474,-0.6837123399168474,-0.8725363018509258,0.265,-0.9014974303351241,0,0,0,0
2026,274117,1.0,0,-1.1170773527158138,0,RBF-SVM,-1.272002489651904,-1.272002489651904,-1.1502726468998075,0.035,-1.460875164249158,0,0,0,0
2026,74822,5.68,0,-0.8384356992900022,0,RBF-SVM,-1.0141784870613297,-1.0141784870613297,-1.1098470488274672,0.055,-0.942116246212361,0,0,0,0
2026,135263,156.9,0,-0.8809115669258312,0,RBF-SVM,-0.8131264144330936,-0.8131264144330936,-0.9576910201336857,0.08,-1.0120828077104767,0,0,0,0
2026,138821,29.77,0,-1.1154026461487223,0,RBF-SVM,-1.327622373401368,-1.327622373401368,-1.515035250733882,0.005,-0.9725878297323772,0,0,0,0
2026,8633,45.39,0,-1.0177666883476988,0,RBF-SVM,-1.5532983313653874,-1.5532983313653874,-1.971073451120582,0.01,-0.3157701318625036,0,0,0,0
2026,134907,192.67,0,-0.8033555677047572,0,RBF-SVM,-0.8834709961583824,-0.8834709961583824,-1.1294381507576692,0.095,-1.1731769163911703,0,0,0,0
2026,61444,1.0,0,-0.17438810584737097,0,RBF-SVM,-0.0653268138086398,-0.0653268138086398,-0.5921221685197648,0.56,-0.3635800418058712,0,0,0,0
2026,150601,1.0,1,0.9205008212134456,1,RBF-SVM,0.8988878641232989,0.8988878641232989,5.175815915103305,0.995,0.6999592567496867,1,1,1,1
2026,266454,80.0,0,-1.10438679476888,0,RBF-SVM,-1.2381586960778788,-1.2381586960778788,-1.2449492869446752,0.01,-1.3406497334475036,0,0,0,0
2026,101432,0.89,0,-0.46373534621931123,0,RBF-SVM,-0.37492968933742166,-0.37492968933742166,-0.5514912977245915,0.27,-0.9712369264458035,0,0,0,0
2026,243796,18.49,0,-0.980418041724707,0,RBF-SVM,-1.171399556697259,-1.171399556697259,-1.0358805054695897,0.06,-1.0272208021142095,0,0,0,0
2026,256303,47.0,0,-0.8913210233121605,0,RBF-SVM,-0.9394920568406218,-0.9394920568406218,-0.9125330462687313,0.14,-1.2026866015547446,0,0,0,0
2026,220584,1.0,0,-0.7518714781462668,0,RBF-SVM,-1.1608438628957471,-1.1608438628957471,-1.1346407556389866,0.125,-0.9406218186208571,0,0,0,0
2026,157790,19.99,0,-0.9859938197451645,0,RBF-SVM,-1.3348429812437175,-1.3348429812437175,-1.5813034154999537,0.015,-0.8732714841708121,0,0,0,0
2026,249364,15.0,0,-0.9718758157360676,0,RBF-SVM,-1.1009485731530173,-1.1009485731530173,-0.9912193983133148,0.015,-1.0263093223128745,0,0,0,0
2026,43773,172.32,1,1.1176134497099357,1,RBF-SVM,1.3832031555026012,1.3832031555026012,2.1670184353616926,0.97,0.9624328397794093,1,1,1,1
2026,30454,15.0,0,-1.0753649579711957,0,RBF-SVM,-0.9948127010733971,-0.9948127010733971,-0.8552504440846003,0.155,-0.7963986330839107,0,0,0,0
2026,14332,3.59,0,-1.032723036179945,0,RBF-SVM,-1.1441417092939854,-1.1441417092939854,-1.0530052631160811,0.03,-0.9159615216066196,0,0,0,0
2026,251866,3.9,1,0.9760397997855678,1,RBF-SVM,1.7602102010582612,1.7602102010582612,1.6557087569752025,0.96,1.0628728038898456,1,1,1,1
2026,190094,46.03,0,-1.0702625359591176,0,RBF-SVM,-1.1638375970703358,-1.1638375970703358,-0.8673197324733264,0.03,-0.7777979630832906,0,0,0,0
2026,21077,1.29,0,-1.177384047405892,0,RBF-SVM,-1.221336830126171,-1.221336830126171,-1.1522658082803283,0.015,-1.428897235664703,0,0,0,0
2026,38017,214.0,0,-1.180699912035827,0,RBF-SVM,-1.3440612288946046,-1.3440612288946046,-1.1997177544213764,0.01,-0.5792371974731071,0,0,0,0
2026,102350,7.18,0,-1.0398106415841208,0,RBF-SVM,-1.0731648419012645,-1.0731648419012645,-1.0539488394735834,0.185,-1.2006694432387937,0,0,0,0
2026,60438,38.5,0,-1.07205580582638,0,RBF-SVM,-1.1062840854850027,-1.1062840854850027,-1.0247134688960104,0.29,-0.7856537178463351,0,0,0,0
2026,19311,17.99,0,-1.121904636725899,0,RBF-SVM,-1.0836727428531394,-1.0836727428531394,-0.8522124214869795,0.115,-0.6119998017566773,0,0,0,0
2026,79695,10.0,0,-1.0772570746366268,0,RBF-SVM,-1.3933545229059878,-1.3933545229059878,-1.4379300771338963,0.01,-1.0486934931926242,0,0,0,0
2026,248570,10.1,0,0.1969262529963603,0,RBF-SVM,-0.7405825929017695,-0.7405825929017695,-0.824503633594649,0.015,-0.5445750242071982,0,0,0,0
2026,7785,25.0,0,-0.7653559629857911,0,RBF-SVM,-1.144455662215116,-1.144455662215116,-1.4033200493442295,0.195,-1.0622738664915548,0,0,0,0
2026,268765,0.99,0,-1.0494748350119625,0,RBF-SVM,-1.2054417220438574,-1.2054417220438574,-1.2705046269461238,0.085,-1.2326861411117238,0,0,0,0
2026,172008,104.45,0,-1.1084486647397571,0,RBF-SVM,-1.438388832296277,-1.438388832296277,-1.4836131730670674,0.03,-0.7496538493123576,0,0,0,0
2026,103989,282.27,0,-0.4823254124215812,0,RBF-SVM,-0.9271050105546976,-0.9271050105546976,-1.6979487060729532,0.155,-0.761827802720665,0,0,0,0
2026,190212,18.75,0,-0.7072767171124845,0,RBF-SVM,-1.0839983197790453,-1.0839983197790453,-1.7196905066074737,0.045,-0.8324963316333275,0,0,0,0
2026,284593,60.38,0,-1.1534954991667181,0,RBF-SVM,-1.3744964292604334,-1.3744964292604334,-1.1868013372101718,0.025,-0.28401727710990443,0,0,0,0
2026,214662,120.54,1,0.8668448359489622,1,RBF-SVM,1.7142369638979194,1.7142369638979194,2.150364396820279,0.98,0.8016346996089636,1,1,1,1
2026,68996,8.54,0,-0.8686616535930316,0,RBF-SVM,-1.4170767165793985,-1.4170767165793985,-1.984937891189036,0.065,-1.0176995120471957,0,0,0,0
2026,125251,152.13,0,-0.38553617860191025,0,RBF-SVM,-0.9213259550161028,-0.9213259550161028,-1.501084197421186,0.135,0.1607181474539212,0,0,0,0
2026,205156,79.98,0,-1.0568880441254749,0,RBF-SVM,-1.2935248230047152,-1.2935248230047152,-1.4336833039549357,0.045,-1.5510174096943468,0,0,0,0
2026,280426,4.27,0,-1.2116278987130322,0,RBF-SVM,-1.2483712630163897,-1.2483712630163897,-0.9846607744758153,0.03,-1.4209219094269692,0,0,0,0
2026,119884,332.14,0,-0.4211202113621775,0,RBF-SVM,-0.7258968078510728,-0.7258968078510728,-0.6957942586188484,0.275,-0.3935585846313381,0,0,0,0
2026,84916,320.0,0,-0.7482055245543537,0,RBF-SVM,-1.1694841503905247,-1.1694841503905247,-0.9527954323556818,0.095,-0.6938737212074232,0,0,0,0
2026,163755,1.98,0,-0.6219179661326717,0,RBF-SVM,-0.7300643671386187,-0.7300643671386187,-1.6026074368590735,0.16,-0.7384010708609755,0,0,0,0
2026,128479,60.0,1,0.46512979099263385,1,RBF-SVM,0.3116717538760081,0.3116717538760081,0.771890038188001,0.985,0.6081546495457659,0,1,1,1
2026,17951,1.0,0,-1.228724071081875,0,RBF-SVM,-1.255650024645106,-1.255650024645106,-1.0108027627369822,0.075,-1.2043460818414626,0,0,0,0
2026,223669,0.77,0,-0.9640431602795974,0,RBF-SVM,-1.135294045124563,-1.135294045124563,-1.769827419174172,0.015,-0.8662771375758448,0,0,0,0
2026,114616,72.86,0,-1.168065336206912,0,RBF-SVM,-1.0895765885041375,-1.0895765885041375,-0.8339646674079018,0.075,-0.7265123120272824,0,0,0,0
2026,68518,472.18,0,-0.4090508113892162,0,RBF-SVM,-0.6164631563990426,-0.6164631563990426,-0.7331497353241285,0.15,-0.4250695568717845,0,0,0,0
2026,189701,93.35,1,0.43788129996021313,1,RBF-SVM,0.5542066663800989,0.5542066663800989,0.2758991696552077,0.9,0.6549261524324644,1,1,1,1
2026,242840,15.99,0,-0.5067713858418976,0,RBF-SVM,-0.6076189539288732,-0.6076189539288732,-0.759677779233494,0.24,-0.7843562946160932,0,0,0,0
2026,116159,196.01,0,-1.07956720784474,0,RBF-SVM,-1.1304981184631422,-1.1304981184631422,-0.8450494099606396,0.175,-1.3365308166106349,0,0,0,0
2026,181477,1.0,0,-1.1504833203876697,0,RBF-SVM,-1.4893193025095184,-1.4893193025095184,-1.6874853590036214,0.03,-1.1554449998702045,0,0,0,0
2026,272570,22.0,0,-1.0429235206064258,0,RBF-SVM,-1.2847101388190638,-1.2847101388190638,-1.5139624050156202,0.045,-1.3489525870640011,0,0,0,0
2026,83417,5.91,1,0.8598054748123874,1,RBF-SVM,1.5524359383765436,1.5524359383765436,2.085346929625761,0.98,0.9503561191324035,1,1,1,1
2026,220421,168.29,0,-0.8767815783060124,0,RBF-SVM,-1.1024422515177326,-1.1024422515177326,-0.8703726398569506,0.165,-1.1216413102240246,0,0,0,0
2026,10484,3.79,1,-0.619103320425566,0,RBF-SVM,-0.4544919475190441,-0.4544919475190441,-0.7834916639035376,0.155,-0.5008942018113302,0,0,0,0
2026,154286,0.92,1,0.5846818728979576,1,RBF-SVM,0.5445685404050361,0.5445685404050361,-0.3251435467728005,0.575,0.6007582605479382,1,1,0,1
2026,120102,104.9,0,-1.0667348795905671,0,RBF-SVM,-1.1269569570465219,-1.1269569570465219,-1.0011167292890044,0.115,-0.08749813930928674,0,0,0,0
2026,116139,76.94,1,0.4653116630658761,1,RBF-SVM,0.6463250200793644,0.6463250200793644,0.39201189438243705,0.965,0.8275185577239015,1,1,1,1
2026,11710,1.0,1,0.9269806703174197,1,RBF-SVM,0.9871759377461089,0.9871759377461089,7.028816228782299,0.995,0.936799922033572,1,1,1,1
2026,124176,1.0,1,0.23469853110595112,0,RBF-SVM,0.4480709487595722,0.4480709487595722,-0.12063975737704302,0.595,0.20116439252696927,1,1,0,0
2026,95267,42.0,0,-1.0081057111762164,0,RBF-SVM,-1.0426913281211392,-1.0426913281211392,-1.0214307004165086,0.09,-0.9640777975034206,0,0,0,0
2026,46016,35.57,0,-0.39959070039893074,0,RBF-SVM,-0.3192982416996448,-0.3192982416996448,-0.6404099874615239,0.37,-0.8898147316588262,0,0,0,0
2026,168481,60.2,0,-1.0814460271061468,0,RBF-SVM,-1.436317904713094,-1.436317904713094,-1.5525445900070673,0.03,-1.0240283631379614,0,0,0,0
2026,260506,9.99,0,-0.7505252429577949,0,RBF-SVM,-1.0309137685160004,-1.0309137685160004,-1.3412196124372124,0.04,-0.6361651608834468,0,0,0,0
2026,177170,2.69,0,-1.1228185104862862,0,RBF-SVM,-1.2034155800466702,-1.2034155800466702,-1.353135538837884,0.005,-1.4152614741862157,0,0,0,0
2026,143333,0.0,1,0.9983912553923304,1,RBF-SVM,1.283778015851694,1.283778015851694,3.7489150734374,1.0,0.8409519410087867,1,1,1,1
2026,7108,0.01,0,-0.0574294505779559,0,RBF-SVM,-0.364694962995572,-0.364694962995572,-0.8909465967438872,0.24,0.503135354533105,0,0,0,1
2026,211193,99.99,0,-0.4644292560516565,0,RBF-SVM,-0.6109692164229661,-0.6109692164229661,-1.30869917871368,0.18,-0.2351752179127815,0,0,0,0
2026,141259,512.25,1,0.9998817636893829,1,RBF-SVM,1.2690042479661534,1.2690042479661534,3.4257547598478797,1.0,0.9996845373844685,1,1,1,1
2026,159800,37.87,0,-0.5928627790254115,0,RBF-SVM,-0.6428466353677489,-0.6428466353677489,-0.9456216272803633,0.1,-0.030075683187590352,0,0,0,0
2026,166431,60.0,0,-1.0578097794632295,0,RBF-SVM,-1.237696783276951,-1.237696783276951,-1.4777287681097697,0.05,-1.4776127772719163,0,0,0,0
2026,126096,211.55,0,-1.161913919772169,0,RBF-SVM,-1.2979459994538285,-1.2979459994538285,-1.3388786913882185,0.015,-1.0298822871374842,0,0,0,0
2026,221187,1.0,0,0.2873893671586727,0,RBF-SVM,0.21483780261417618,0.21483780261417618,-0.6730921958936218,0.5,-0.6455978973361559,0,0,0,0
2026,159089,4.64,0,-0.37881746391806814,0,RBF-SVM,-1.0629958028777524,-1.0629958028777524,-1.7835053287223028,0.055,-0.46608597674637864,0,0,0,0
2026,2910,20.8,0,-1.2319673427531173,0,RBF-SVM,-1.4176525872162271,-1.4176525872162271,-1.4397490722927557,0.03,-0.4359479706993806,0,0,0,0
2026,27816,151.0,0,-1.0850545562822496,0,RBF-SVM,-1.1148859273191916,-1.1148859273191916,-0.8734027177615232,0.02,-1.0611345506358014,0,0,0,0
2026,151855,34.1,0,0.2832477594154708,0,RBF-SVM,0.6268594142535149,0.6268594142535149,-0.3392651323753553,0.53,0.09450921797479672,1,1,0,0
2026,260192,1.79,0,-1.0474801028419618,0,RBF-SVM,-1.131567986061929,-1.131567986061929,-1.113323451912243,0.05,-1.6777118537353894,0,0,0,0
2026,140336,76.82,0,-1.0247635126395216,0,RBF-SVM,-1.1870925851502676,-1.1870925851502676,-1.1150404986514555,0.03,-0.9032030238883798,0,0,0,0
2026,76072,8.96,0,-1.053482830376741,0,RBF-SVM,-1.0916140087015778,-1.0916140087015778,-1.0009292805747065,0.07,-1.195991515585073,0,0,0,0
2026,57615,0.76,1,0.7180077119728714,1,RBF-SVM,0.8709189896100127,0.8709189896100127,0.33972859516291404,0.945,0.6934334296428125,1,1,1,1
2026,145457,1.0,0,-0.8446247302892194,0,RBF-SVM,-0.8972352910877699,-0.8972352910877699,-1.01675992309914,0.29,-0.9594207401542515,0,0,0,0
2026,263274,0.77,1,1.1301145240692358,1,RBF-SVM,1.5260351877958396,1.5260351877958396,2.6456650355422,0.995,0.9654786205476078,1,1,1,1
2026,66144,12.52,0,-1.1391529737221022,0,RBF-SVM,-1.3368699688715941,-1.3368699688715941,-1.2015230458630695,0.01,-0.933897828961039,0,0,0,0
2026,219901,220.99,0,-1.0841086549246064,0,RBF-SVM,-1.3144999433081392,-1.3144999433081392,-1.0080857007578974,0.13,-0.8159621652656502,0,0,0,0
2026,150662,316.06,1,0.9638659391483695,1,RBF-SVM,0.9751565534652885,0.9751565534652885,5.188193496811836,1.0,0.7030824326931738,1,1,1,1
2026,73708,52.0,0,-1.2075510565143501,0,RBF-SVM,-1.2384057831458024,-1.2384057831458024,-0.8947163258453505,0.065,-1.018585162461242,0,0,0,0
2026,245477,1.0,0,-1.0171022853910436,0,RBF-SVM,-1.1654918649246278,-1.1654918649246278,-1.1631186641885063,0.02,-1.4169789322290973,0,0,0,0
2026,241445,10.7,1,0.7990958050270254,1,RBF-SVM,1.2928341197411144,1.2928341197411144,1.0765378071179377,0.965,1.0099281119410533,1,1,1,1
2026,204312,55.91,0,-1.0542244051257847,0,RBF-SVM,-1.186889181909447,-1.186889181909447,-1.2248941714717358,0.04,-1.609785704441459,0,0,0,0
2026,101049,38.5,0,-0.8104638117877219,0,RBF-SVM,-0.7441564261150748,-0.7441564261150748,-0.6888657999851826,0.105,-1.0648062153004578,0,0,0,0
2026,6386,105.28,0,-0.20036252316653813,0,RBF-SVM,-0.5260306311876395,-0.5260306311876395,-0.8076878814558621,0.215,-0.8652219592924933,0,0,0,0
2026,38000,32.64,0,-0.9641134452085831,0,RBF-SVM,-1.2211422205645377,-1.2211422205645377,-1.7218090940637276,0.01,-1.2915540386496942,0,0,0,0
2026,167184,105.89,1,0.5658550756615786,1,RBF-SVM,0.49147383013206103,0.49147383013206103,1.126999328992426,0.985,0.6322308317002171,1,1,1,1
2026,133356,116.0,0,-1.1737673910111046,0,RBF-SVM,-1.2995530529826174,-1.2995530529826174,-1.1488948969939936,0.01,-1.1218666001974151,0,0,0,0
2026,246370,362.1,0,-0.3765152164190222,0,RBF-SVM,-0.5507458302639319,-0.5507458302639319,-0.30856088221313993,0.33,-0.12275399622087801,0,1,0,0
2026,198860,226.32,0,-0.5823625766098794,0,RBF-SVM,-0.9028781691379417,-0.9028781691379417,-1.7414475425152622,0.135,-0.7562847859935488,0,0,0,0
2026,251797,5.47,0,-1.1251939080035225,0,RBF-SVM,-1.3808679672130006,-1.3808679672130006,-1.7377912543421548,0.0,-1.2336036011930607,0,0,0,0
2026,156990,186.13,1,1.0765954177886057,1,RBF-SVM,1.4920164772265125,1.4920164772265125,1.8040876474284333,0.995,0.9631917913578895,1,1,1,1
2026,283445,36.29,0,-1.114111479324148,0,RBF-SVM,-1.2044976210548746,-1.2044976210548746,-1.1648357102144127,0.005,-1.4157538853081864,0,0,0,0
2026,42887,37.32,1,0.8870075361582164,1,RBF-SVM,1.029961371024939,1.029961371024939,5.367926656031606,0.995,0.7641165615387719,1,1,1,1
2026,94311,15.99,0,-1.2070338004432495,0,RBF-SVM,-1.2742685870683141,-1.2742685870683141,-1.1194856597754974,0.01,-0.9522894188187835,0,0,0,0
2026,163783,52.95,0,-1.1607407216087378,0,RBF-SVM,-1.3515639931011232,-1.3515639931011232,-1.5507258417424303,0.075,-1.0721410405778826,0,0,0,0
2026,15751,99.99,1,0.9043953010851223,1,RBF-SVM,0.9402583591680308,0.9402583591680308,5.910112701916702,1.0,0.8948010816039469,1,1,1,1
2026,121744,47.47,0,-1.1145123320669383,0,RBF-SVM,-1.247811574852658,-1.247811574852658,-0.9364526726730648,0.085,-0.970449459242151,0,0,0,0
2026,162191,2.0,0,-1.0087964384824666,0,RBF-SVM,-1.2691635679087832,-1.2691635679087832,-1.4496622253012474,0.04,-0.6869710583342189,0,0,0,0
2026,145315,22.5,0,-0.5180580853504255,0,RBF-SVM,-0.9972256568214284,-0.9972256568214284,-1.8906441167558798,0.045,-0.25051180875556855,0,0,0,0
2026,195996,2.27,0,-0.18109749605426795,0,RBF-SVM,-0.4714000489010046,-0.4714000489010046,-0.6574131142146096,0.225,-0.9381661154645321,0,0,0,0
2026,6446,1.0,1,0.7477426621427272,1,RBF-SVM,1.1605672689783513,1.1605672689783513,1.0712391198081141,0.955,0.7524635305026881,1,1,1,1
2026,50145,56.0,0,-1.1178926016183441,0,RBF-SVM,-1.2845097991350043,-1.2845097991350043,-1.4495575965763123,0.065,-1.051214817772987,0,0,0,0
2026,102726,1.98,0,-1.1774432352503597,0,RBF-SVM,-1.2028139013615289,-1.2028139013615289,-1.1872266826632878,0.06,-1.1471562835700895,0,0,0,0
2026,184143,1.0,0,-1.1218523280478592,0,RBF-SVM,-1.2116914245608386,-1.2116914245608386,-1.1208526270164418,0.135,-1.295296666275454,0,0,0,0
2026,282575,12.0,0,-1.1040381747753631,0,RBF-SVM,-1.2653927594214092,-1.2653927594214092,-1.2387519156088311,0.1,-1.2565359055675782,0,0,0,0
2026,252124,0.77,1,0.8436564634151476,1,RBF-SVM,1.7314113358826086,1.7314113358826086,2.291776463357898,0.985,0.9375275383267472,1,1,1,1
2026,212922,18.98,0,-0.9328584385227037,0,RBF-SVM,-1.0910193729448,-1.0910193729448,-1.129555787208116,0.025,-0.25840830823025684,0,0,0,0
2026,175117,1.98,0,-1.06892459706686,0,RBF-SVM,-1.0777923754439755,-1.0777923754439755,-1.3960050398512251,0.05,-1.2189242667612836,0,0,0,0
2026,41097,1.0,0,-1.1690868312083116,0,RBF-SVM,-1.3437065662778394,-1.3437065662778394,-1.2527284264908851,0.02,-1.3932876789663178,0,0,0,0
2026,282434,58.01,0,-1.0632062830218807,0,RBF-SVM,-1.3223051936663646,-1.3223051936663646,-1.3702367329443492,0.04,-1.5688313027320802,0,0,0,0
2026,176996,2.69,0,-1.0473792050811221,0,RBF-SVM,-1.1724414601510544,-1.1724414601510544,-1.170110657790359,0.05,-1.7082463922005227,0,0,0,0
2026,156988,0.0,1,0.9233405156280985,1,RBF-SVM,1.7191419615407377,1.7191419615407377,1.7531606955759693,0.99,0.9333253530329785,1,1,1,1
2026,64125,200.0,0,-1.0668023903772814,0,RBF-SVM,-1.2493215199192134,-1.2493215199192134,-1.2406926443124389,0.07,-1.021256417449568,0,0,0,0
2026,123270,1.0,1,0.3732514449853814,0,RBF-SVM,0.6322496170116547,0.6322496170116547,-0.2236373753777881,0.87,0.7083045070795515,1,1,1,1
2026,53838,31.9,0,-0.903007333708884,0,RBF-SVM,-1.1911183602654631,-1.1911183602654631,-1.3942455406704628,0.05,-1.2601211395008947,0,0,0,0
2026,66914,139.0,0,-0.9260189018493425,0,RBF-SVM,-1.0634707652553115,-1.0634707652553115,-0.8961613472072422,0.07,-1.1202421084781813,0,0,0,0
2026,87354,19.04,1,0.22754735867685638,0,RBF-SVM,-0.06574561419826641,-0.06574561419826641,-0.09124352155892373,0.63,0.2093494204590471,0,1,1,0
2026,160474,32.66,0,-1.0155094160089895,0,RBF-SVM,-1.1443203039413832,-1.1443203039413832,-1.5150810433542752,0.035,-1.0066857575554193,0,0,0,0
2026,154454,147.87,1,0.897253484973014,1,RBF-SVM,1.4631436556538762,1.4631436556538762,1.0188768430554005,0.975,0.8224802376768842,1,1,1,1
2026,58572,0.92,0,-0.9622573851601595,0,RBF-SVM,-0.8380775892786239,-0.8380775892786239,-0.931643966326254,0.05,0.4719694680956631,0,0,0,0
2026,95415,14.98,0,-1.0338975093679057,0,RBF-SVM,-0.9927632149264702,-0.9927632149264702,-0.8783571807523756,0.13,-1.1147461821121398,0,0,0,0
2026,144104,1.0,1,1.04189130786113,1,RBF-SVM,2.0398261866309233,2.0398261866309233,2.505917542961022,0.99,1.1786095378432022,1,1,1,1
2026,100490,110.85,0,-0.6856972587811305,0,RBF-SVM,-0.5728062397409408,-0.5728062397409408,-0.5923265300155858,0.23,-0.5683887709529077,0,0,0,0
2026,15539,99.99,1,0.9841090744681869,1,RBF-SVM,0.9846850112935748,0.9846850112935748,5.802089660860606,1.0,0.9801065298744867,1,1,1,1
2026,50697,38.67,0,-1.1243620737040585,0,RBF-SVM,-1.3301065872493905,-1.3301065872493905,-1.3468606590638381,0.01,-1.3309256313264992,0,0,0,0
2026,128094,1.0,0,-0.6402326825980182,0,RBF-SVM,-1.0148249195992693,-1.0148249195992693,-1.8562300539620968,0.04,-1.065244002090119,0,0,0,0
2026,279603,85.52,0,0.35406954253888834,0,RBF-SVM,0.5676570884408465,0.5676570884408465,-0.3628220623376149,0.525,-0.6180625336216036,1,1,0,0
2026,77099,5.0,1,1.234254260637575,1,RBF-SVM,1.569864762693106,1.569864762693106,1.3011374970720182,0.985,0.9882605386102965,1,1,1,1
2026,204124,22.77,0,-1.1476316321714322,0,RBF-SVM,-1.114178844949192,-1.114178844949192,-0.8184487873619835,0.03,-1.0602218522269666,0,0,0,0
2026,185642,34.99,0,-0.7574927190240901,0,RBF-SVM,-1.0731431022966016,-1.0731431022966016,-0.7966137963682227,0.105,-0.8184664592058603,0,0,0,0
2026,186573,88.8,0,-1.0810130051484175,0,RBF-SVM,-1.1663790288242224,-1.1663790288242224,-1.5155362005894497,0.03,-1.0990506067335906,0,0,0,0
2026,131578,47.0,0,-0.9818860212428098,0,RBF-SVM,-0.9319534084408643,-0.9319534084408643,-0.8948681128780326,0.07,-0.795504773226661,0,0,0,0
2026,189671,20.0,0,-0.18903180874365355,0,RBF-SVM,-0.4763149827795279,-0.4763149827795279,-1.340150973710625,0.11,-0.43982666982527785,0,0,0,0
2026,156909,119.0,0,-0.869104223343308,0,RBF-SVM,-0.7219794495692304,-0.7219794495692304,-1.6301104620904867,0.145,0.013703669345644709,0,0,0,0
2026,82061,17.99,0,-0.7476386723101118,0,RBF-SVM,-1.0421195987698455,-1.0421195987698455,-1.7248469057028293,0.025,-0.8448541512289859,0,0,0,0
2026,50592,136.0,0,0.0830375623516707,0,RBF-SVM,-0.09676937155644527,-0.09676937155644527,-0.7059067088935143,0.41,-0.7095932743313181,0,0,0,0
2026,163353,28.82,0,-0.8696036907040638,0,RBF-SVM,-1.2981925438662605,-1.2981925438662605,-1.5047307017223472,0.06,-0.9921266604421676,0,0,0,0
2026,120385,5.0,0,-1.0421021251918021,0,RBF-SVM,-1.074071083266761,-1.074071083266761,-1.1150627448100745,0.065,-1.5019899038240574,0,0,0,0
2026,82376,246.46,0,0.23348825390895755,0,RBF-SVM,-0.043700067984434376,-0.043700067984434376,-0.37193134207285267,0.32,-0.16116090766882185,0,1,0,0
2026,79121,1.0,0,-1.0301372360310437,0,RBF-SVM,-1.0984654414149273,-1.0984654414149273,-0.984912677141925,0.04,-0.9923943750266758,0,0,0,0
2026,157496,11.27,0,-1.0578138148645877,0,RBF-SVM,-1.0183532940276994,-1.0183532940276994,-0.8324528968339898,0.07,-0.7981566417931872,0,0,0,0
2026,16492,12.0,0,-1.1874494510288822,0,RBF-SVM,-1.2006168574726774,-1.2006168574726774,-1.0537298936986792,0.015,-1.1079382419228634,0,0,0,0
2026,95030,12.69,0,-1.0130294798175217,0,RBF-SVM,-1.0728364523710192,-1.0728364523710192,-1.1119229832405142,0.035,-1.1059967308487852,0,0,0,0
2026,743,3.95,0,-1.2042254508293635,0,RBF-SVM,-1.247141178550476,-1.247141178550476,-1.1892494493513528,0.105,-1.3572713529762979,0,0,0,0
2026,27749,19.02,1,0.8859791724035491,1,RBF-SVM,1.381884457702489,1.381884457702489,2.8207917761389285,0.98,0.8904416883252185,1,1,1,1
2026,249828,6.74,1,0.9583403292804051,1,RBF-SVM,1.8532876238791174,1.8532876238791174,2.117544119818893,1.0,0.9840975684893876,1,1,1,1
2026,151006,1.0,1,0.7644955945349905,1,RBF-SVM,0.6092256523898758,0.6092256523898758,4.401353401897681,0.735,0.6070616057129286,1,1,1,1
2026,113986,10.5,0,-1.1190603512457882,0,RBF-SVM,-1.2701643390863562,-1.2701643390863562,-1.1660892836452148,0.03,-1.193797374930131,0,0,0,0
2026,182992,3.22,1,-0.7003375465857138,0,RBF-SVM,-0.7526284242209709,-0.7526284242209709,-1.0727749881075332,0.03,0.2520229563627303,0,0,0,0
2026,143731,240.77,1,1.1900386369851468,1,RBF-SVM,1.8820235143782522,1.8820235143782522,2.419178922201023,0.995,1.1337405690503601,1,1,1,1
2026,241254,9.29,1,0.2942187559018308,0,RBF-SVM,0.31425076715476497,0.31425076715476497,0.11749270705544007,0.745,0.5723109511087856,0,1,1,1
2026,85632,20.14,0,-0.9263990506714102,0,RBF-SVM,-0.6890987788399148,-0.6890987788399148,-0.7674257767570019,0.145,-1.251717792765842,0,0,0,0
2026,92903,11.99,0,-0.8792888158786685,0,RBF-SVM,-0.6603552091205418,-0.6603552091205418,-0.6537972522336484,0.22,-1.0917837280483065,0,0,0,0
2026,233592,17.75,0,-0.9447018860117293,0,RBF-SVM,-1.0174665494761035,-1.0174665494761035,-1.4319754179631854,0.045,-1.226774676799554,0,0,0,0
2026,185007,1.29,0,-1.0867494325175282,0,RBF-SVM,-1.1903761684764314,-1.1903761684764314,-1.1108936159199225,0.01,-1.6342090058862433,0,0,0,0
2026,118529,10.4,0,-1.1217587608045227,0,RBF-SVM,-1.351499271286169,-1.351499271286169,-1.3028993784789882,0.0,-1.083826919225685,0,0,0,0
2026,170515,104.0,0,-0.4939353053933426,0,RBF-SVM,-1.1337572922027097,-1.1337572922027097,-0.6894870020739257,0.04,-0.7634053211167148,0,0,0,0
2026,264131,16.0,0,-1.036547149003426,0,RBF-SVM,-1.3617767427382934,-1.3617767427382934,-1.7285939716079404,0.04,-0.9169968229129691,0,0,0,0
2026,30930,0.76,0,-1.073407280630111,0,RBF-SVM,-1.0017848008263042,-1.0017848008263042,-0.9387072560981935,0.03,-0.701042586467053,0,0,0,0
2026,155525,2.12,0,-1.0461663297373458,0,RBF-SVM,-1.1585616538445258,-1.1585616538445258,-1.179064837445129,0.05,-0.5042167187710961,0,0,0,0
2026,139667,13.7,0,-1.1236852208898696,0,RBF-SVM,-1.0823812881774644,-1.0823812881774644,-0.9935838014298195,0.03,-1.7732547638590743,0,0,0,0
2026,224744,0.99,0,-1.1155531130962848,0,RBF-SVM,-1.2172791766393176,-1.2172791766393176,-1.2457134465857875,0.0,-1.557845632040431,0,0,0,0
2026,131484,58.26,0,-0.6563834598696179,0,RBF-SVM,-1.1743264280483494,-1.1743264280483494,-1.196711641741991,0.22,-0.9616765602919631,0,0,0,0
2026,246200,5.0,0,-0.9236034188036693,0,RBF-SVM,-0.8846897200385997,-0.8846897200385997,-0.8402700803881273,0.355,-1.2948052216396087,0,0,0,0
2026,230927,1.98,0,-0.2877183567721402,0,RBF-SVM,-0.407794096881698,-0.407794096881698,-1.0614745077917456,0.26,0.029038844971194133,0,0,0,0
2026,244337,53.6,0,0.02124757124417498,0,RBF-SVM,-0.42087355739256127,-0.42087355739256127,-1.3660994071230625,0.205,0.34810111343307926,0,0,0,0
2026,241446,84.15,0,-0.9431203123912146,0,RBF-SVM,-1.406725867900871,-1.406725867900871,-1.6355406995398631,0.04,-1.5561440581430346,0,0,0,0
2026,41623,23.42,0,-1.0962512402347127,0,RBF-SVM,-1.0778221712483558,-1.0778221712483558,-1.0405060788013814,0.03,-1.5753281357433195,0,0,0,0
2026,151009,1.0,1,0.7644955945349905,1,RBF-SVM,0.6092256523898758,0.6092256523898758,4.401353401897681,0.735,0.6070616057129286,1,1,1,1
2026,187117,112.18,0,-0.056596297010954144,0,RBF-SVM,0.2937018311532062,0.2937018311532062,-2.213913177436598,0.1,0.5741852795043403,0,0,0,1
2026,145044,0.99,0,-1.0622391982364046,0,RBF-SVM,-1.1797688732777394,-1.1797688732777394,-1.1362208093959423,0.035,-1.6996295150820888,0,0,0,0
2026,72228,100.0,0,-1.1467432788913925,0,RBF-SVM,-1.1760201757049868,-1.1760201757049868,-1.0204627483236994,0.035,-1.2984742303112946,0,0,0,0
2026,197586,480.72,1,0.4337500660023406,1,RBF-SVM,0.29028484540447175,0.29028484540447175,-0.09426864139684948,0.36,0.09649719932562573,0,1,0,0
2026,18910,19.44,0,-1.189837684792191,0,RBF-SVM,-1.2435309003915447,-1.2435309003915447,-1.0818675844415113,0.165,-1.3046919474570018,0,0,0,0
2026,5954,8.95,0,-0.9662910688933932,0,RBF-SVM,-0.8644458688420622,-0.8644458688420622,-0.7840888338608749,0.045,-0.9808620300066552,0,0,0,0
2026,129237,3.6,0,-1.0350306236217581,0,RBF-SVM,-0.9170344001481854,-0.9170344001481854,-0.6241214218036113,0.305,-0.8675925091461404,0,0,0,0
2026,42007,0.76,1,0.7862007923546984,1,RBF-SVM,1.1639102216548323,1.1639102216548323,2.2745263477685524,0.99,0.9139472980860546,1,1,1,1
2026,155640,2.12,0,-1.0758297275984585,0,RBF-SVM,-1.0418373743132228,-1.0418373743132228,-0.8647136087102338,0.105,-0.8044748429439129,0,0,0,0
2026,2101,1.29,0,-0.8842478885181504,0,RBF-SVM,-0.9841093327182899,-0.9841093327182899,-0.8788218696479049,0.17,-1.0926829023707385,0,0,0,0
2026,42466,123.65,0,-1.009921517093868,0,RBF-SVM,-1.105362032890352,-1.105362032890352,-1.186241581320828,0.045,-0.5940476845433441,0,0,0,0
2026,4680,75.08,0,-0.9504295287517572,0,RBF-SVM,-0.9817806080770757,-0.9817806080770757,-1.0327640419312147,0.01,-0.7249287904002589,0,0,0,0
2026,149414,8.99,0,-0.944896056620252,0,RBF-SVM,-1.02478741520864,-1.02478741520864,-1.1615019425641464,0.1,-1.1189528401937876,0,0,0,0
2026,215771,15.0,0,-0.313793843151414,0,RBF-SVM,-1.0438999439895869,-1.0438999439895869,-0.6607426782772259,0.035,-0.7360488277300857,0,0,0,0
2026,211749,289.0,0,-1.1232152405723537,0,RBF-SVM,-1.2335117137756657,-1.2335117137756657,-0.9763180756473535,0.005,-0.8248915272444105,0,0,0,0
2026,124386,1.0,0,-1.1347104773158114,0,RBF-SVM,-1.327717062683416,-1.327717062683416,-1.2264165801413554,0.005,-0.820631722795299,0,0,0,0
2026,16844,0.89,0,-1.080014927933628,0,RBF-SVM,-1.1217907015986903,-1.1217907015986903,-1.0521642290398416,0.155,-1.5368082707684825,0,0,0,0
2026,79835,1.75,1,0.9693525532529349,1,RBF-SVM,1.4851415989938057,1.4851415989938057,0.9894999199349923,0.985,1.1187679764912852,1,1,1,1
2026,224723,22.0,0,-1.1488736273169085,0,RBF-SVM,-1.1700823858338898,-1.1700823858338898,-1.0680036914173425,0.145,-1.3977006592149746,0,0,0,0
2026,33568,25.48,0,-0.9357873059503659,0,RBF-SVM,-0.9220391234300513,-0.9220391234300513,-0.941502571039762,0.06,-0.6160633151140483,0,0,0,0
2026,141944,1.0,0,-1.1622667581607176,0,RBF-SVM,-1.3564994117522633,-1.3564994117522633,-1.0294818523887073,0.08,-0.8449460184307552,0,0,0,0
2026,138078,3.58,0,-0.9431956186816419,0,RBF-SVM,-0.8840062471581978,-0.8840062471581978,-0.8050502072464258,0.205,-1.0043725671797086,0,0,0,0
2026,34097,4.46,0,-0.978844619427294,0,RBF-SVM,-0.9499071414948514,-0.9499071414948514,-1.067201314516325,0.035,-1.1463704638458934,0,0,0,0
2026,181966,40.0,1,0.27313921610756253,0,RBF-SVM,0.3762508273564231,0.3762508273564231,-0.018645433269038836,0.94,0.3041274625821209,1,1,1,0
2026,42696,88.23,1,0.9159233986935941,1,RBF-SVM,0.9359982269125964,0.9359982269125964,5.242028086547007,1.0,0.7774017026834289,1,1,1,1
2026,262560,4.69,1,0.9293316561499597,1,RBF-SVM,1.7072178754363154,1.7072178754363154,2.192738574943845,0.995,1.0338692002260537,1,1,1,1
2026,252921,0.89,0,-1.0502424557910537,0,RBF-SVM,-1.1419762170953391,-1.1419762170953391,-1.2996790143503774,0.095,-1.5421319109792826,0,0,0,0
2026,58811,144.0,0,0.3233650087118888,0,RBF-SVM,0.5619765994870937,0.5619765994870937,-2.4838020704950896,0.345,0.6007582715509195,1,0,0,1
31415,31688,45.0,0,-1.3170483993998428,0,Classical (all features),-0.740667918824754,-0.9349060593100836,-3.687507035297148,0.09,-0.740667918824754,0,0,0,0
31415,245347,2.47,1,-0.8902631352715051,0,Classical (all features),-1.1214231786899016,-0.7968002800111539,-2.1622072846266693,0.185,-1.1214231786899016,0,0,0,0
31415,34755,204.98,0,-0.17015347493813038,0,Classical (all features),-0.592942448979296,0.08532205907513812,0.34292805973159346,0.525,-0.592942448979296,1,0,0,0
31415,30496,111.7,1,0.7443077855540474,1,Classical (all features),0.5829664707655345,2.2757884420419945,17.52455949053125,0.965,0.5829664707655345,1,1,1,1
31415,229843,10.02,0,-0.9285081525864955,0,Classical (all features),-1.8518473740173897,-1.2691778149195954,-2.1875391150021772,0.02,-1.8518473740173897,0,0,0,0
31415,192794,17.98,0,-0.27373792508328576,0,Classical (all features),-0.5409139635119073,-0.4960862059722392,-5.307619216708904,0.15,-0.5409139635119073,0,0,0,0
31415,72638,1500.0,0,-0.014675006768363863,1,Classical (all features),0.0042073407509304606,0.7603594087538907,1.1069155061752016,0.525,0.0042073407509304606,1,1,0,0
31415,259771,42.35,0,-1.0719955387691367,0,Classical (all features),-0.895569109892111,-0.989542939231627,-1.9984731063539765,0.01,-0.895569109892111,0,0,0,0
31415,87069,1.0,0,-0.8241816513839888,0,Classical (all features),-1.533069389100984,-0.772405031870259,-0.6971703287180809,0.085,-1.533069389100984,0,0,0,0
31415,256158,29.56,0,-1.0737742967756263,0,Classical (all features),-0.5836904895045998,-0.8454360667037416,-1.323934577552662,0.17,-0.5836904895045998,0,0,0,0
31415,252774,0.77,1,0.6715028124867026,1,Classical (all features),0.4459821858933342,1.6130494923848926,13.438876050902323,0.945,0.4459821858933342,1,1,1,1
31415,84630,1412.26,0,-0.03316953249324428,1,Classical (all features),-0.179116132869795,0.8391225015697996,1.392781840664591,0.635,-0.179116132869795,1,1,0,0
31415,127168,118.0,0,-1.299723378942839,0,Classical (all features),-1.7273256341688024,-1.007987615538823,-1.4097743073555304,0.035,-1.7273256341688024,0,0,0,0
31415,6774,1.0,1,0.27383530591506866,1,Classical (all features),0.8138449237328236,1.737512647788102,11.22213924552906,0.99,0.8138449237328236,1,1,1,1
31415,102812,2.5,0,-1.2259591882396428,0,Classical (all features),-1.459923147047026,-1.3393891593413487,-2.7599109615197057,0.01,-1.459923147047026,0,0,0,0
31415,67168,40.0,0,0.2504979319614893,1,Classical (all features),-0.9577874911708677,-0.024570985332763917,-0.07042227514283683,0.12,-0.9577874911708677,1,0,0,0
31415,135718,7.57,1,0.40369925891707165,1,Classical (all features),0.5016857412817253,1.0436397790670107,6.281044575185613,0.935,0.5016857412817253,1,1,1,1
31415,45516,5.0,0,-0.9377046280479109,0,Classical (all features),-1.2026154937604876,-0.6934423912953654,-1.4232746095837112,0.24,-1.2026154937604876,0,0,0,0
31415,129617,3.99,0,-1.067853712735248,0,Classical (all features),-1.8055099228092477,-0.8676605869722603,-0.6849422754268945,0.005,-1.8055099228092477,0,0,0,0
31415,44270,1.0,1,0.3283662743745705,1,Classical (all features),0.3802433724576456,0.9452423520439437,28.7403768641811,0.93,0.3802433724576456,1,1,1,1
31415,27736,82.0,0,-1.3237050367281664,0,Classical (all features),-1.6062197238246334,-1.346537804971423,-3.3389221721084996,0.005,-1.6062197238246334,0,0,0,0
31415,204109,3.98,0,-1.3388282719269462,0,Classical (all features),-1.0042700416956658,-1.0612302914600553,-1.6205850373748096,0.035,-1.0042700416956658,0,0,0,0
31415,275234,158.0,0,-1.062586467650996,0,Classical (all features),0.27268822940454146,-0.6203039826064379,-0.3275267612477374,0.305,0.27268822940454146,0,0,0,1
31415,257262,0.76,0,-0.7821947879472235,0,Classical (all features),-0.007781547965393737,-0.5678466285123437,-0.8980208733595144,0.24,-0.007781547965393737,0,0,0,0
31415,623,529.0,1,-0.05961701358422011,1,Classical (all features),0.14900325487210758,-0.11925138156329551,-0.38054742285386534,0.28,0.14900325487210758,0,0,0,1
31415,184020,49.18,0,-0.5318010233435256,0,Classical (all features),-0.9656886217079699,-0.8007160161830026,-1.5649479273837015,0.15,-0.9656886217079699,0,0,0,0
31415,148112,269.53,0,-1.0141770279517828,0,Classical (all features),-1.2874213454439738,-0.7789322817415752,-1.2462249824301992,0.14,-1.2874213454439738,0,0,0,0
31415,244362,14.3,0,-0.9283537305160547,0,Classical (all features),-0.8606070493588514,-1.3693336311493742,-2.629674077228177,0.04,-0.8606070493588514,0,0,0,0
31415,6338,1.0,1,0.27834658579693144,1,Classical (all features),0.773908512100598,1.9866279112666811,11.697730929895865,0.98,0.773908512100598,1,1,1,1
31415,116655,66.16,0,-0.8112256507985622,0,Classical (all features),-1.06505847869752,-0.9132537855831603,-0.5769386451598625,0.045,-1.06505847869752,0,0,0,0
31415,135018,18.43,0,-1.2340101758282565,0,Classical (all features),-1.6804512868274681,-0.9250442067451722,-1.3578732525453323,0.07,-1.6804512868274681,0,0,0,0
31415,138697,167.0,0,-0.12975416496580838,0,Classical (all features),-0.5541865125423893,-0.34885930598710846,-0.681002454953847,0.145,-0.5541865125423893,0,0,0,0
31415,167427,436.69,0,-0.8059286958903218,0,Classical (all features),-0.9184772831344021,-0.7198281986718217,-1.1408382137285162,0.13,-0.9184772831344021,0,0,0,0
31415,53591,1.0,1,0.5036057541993558,1,Classical (all features),0.45918531910433275,1.2085195976861633,7.735510790202514,0.915,0.45918531910433275,1,1,1,1
31415,246287,164.87,0,-0.9721617730036334,0,Classical (all features),-1.1134027907352664,-0.9210824233698519,-0.8821432234835743,0.15,-1.1134027907352664,0,0,0,0
31415,24318,95.86,0,-1.32721398895185,0,Classical (all features),-0.4526993017529653,-1.1693246564396285,-1.5110814232434042,0.05,-0.4526993017529653,0,0,0,0
31415,17966,134.99,0,-1.2008957117267243,0,Classical (all features),-1.3623097264515909,-1.239631945558569,-2.460014174038209,0.05,-1.3623097264515909,0,0,0,0
31415,114387,77.38,0,-0.8915214881821079,0,Classical (all features),-0.8781686008734502,-0.84272416785455,-1.9954024802887758,0.205,-0.8781686008734502,0,0,0,0
31415,106923,108.01,0,-0.47945988995025846,0,Classical (all features),-1.669202019709916,-0.8074031623701031,-0.8274171521431118,0.07,-1.669202019709916,0,0,0,0
31415,250287,1.0,0,-0.8405134586816889,0,Classical (all features),0.11476404584061785,-1.0219875690885591,-2.1825615591489633,0.075,0.11476404584061785,0,0,0,1
31415,4323,8.63,0,-0.976262933997905,0,Classical (all features),-1.417054526467682,-1.2880024621278046,-1.757040667927206,0.02,-1.417054526467682,0,0,0,0
31415,178164,150.0,0,-0.8237267920111631,0,Classical (all features),-1.1814736638920933,-1.2515414203060504,-2.4441811043370274,0.09,-1.1814736638920933,0,0,0,0
31415,19573,20.98,0,-0.6660292901487415,0,Classical (all features),-1.087143419150901,-1.2126937124383352,-2.2682175949492613,0.025,-1.087143419150901,0,0,0,0
31415,199896,1335.0,1,0.2470583374558471,1,Classical (all features),0.07950678309429432,0.5515553172230161,9.310926915416166,0.88,0.07950678309429432,1,1,1,1
31415,182656,47.0,0,-1.0921183881192762,0,Classical (all features),-1.2117561592643677,-0.6729705894696546,-0.7551091801011492,0.215,-1.2117561592643677,0,0,0,0
31415,92777,294.9,1,0.6141579585776896,1,Classical (all features),0.34857161355537125,2.0024637408203336,15.044294401349248,0.9,0.34857161355537125,1,1,1,1
31415,273769,2.49,0,-1.0844508681084233,0,Classical (all features),-0.721688141483543,-1.3933509871087275,-4.176453914289058,0.02,-0.721688141483543,0,0,0,0
31415,114162,12.98,0,-0.7886577120639522,0,Classical (all features),-1.2447691473346039,-0.9275101323181908,-2.1143277313870636,0.07,-1.2447691473346039,0,0,0,0
31415,25245,7.95,0,-1.2487263473807284,0,Classical (all features),-1.8050604870494837,-1.252871826664562,-1.7199266685066505,0.01,-1.8050604870494837,0,0,0,0
31415,250349,116.09,0,-1.14368163972016,0,Classical (all features),-1.205658152368454,-1.3182552365989193,-3.4953262479127036,0.055,-1.205658152368454,0,0,0,0
31415,178385,88.28,0,-1.1157746253961045,0,Classical (all features),-1.2547765648225533,-1.3210410501067038,-2.331750732128067,0.085,-1.2547765648225533,0,0,0,0
31415,214138,14.0,0,-0.2951038854611264,0,Classical (all features),-0.3134264896167886,-0.8268688482015588,-2.1885462483307623,0.45,-0.3134264896167886,0,0,0,0
31415,157444,6.03,0,-0.8603705846596974,0,Classical (all features),-0.41363787946746916,-1.4483901734838747,-4.128809446347205,0.04,-0.41363787946746916,0,0,0,0
31415,276698,3.57,0,-1.25680851737547,0,Classical (all features),-1.5413283286270696,-1.0942376769853568,-1.1227711686250723,0.005,-1.5413283286270696,0,0,0,0
31415,191267,7.18,1,-0.23858451822829485,0,Classical (all features),0.1402832477052445,0.15455690866253602,-1.7458065360017692,0.78,0.1402832477052445,1,0,1,1
31415,180572,220.82,0,-0.48299898233400385,0,Classical (all features),-0.8380383498730715,-0.4903847135669587,-2.7780275878583267,0.13,-0.8380383498730715,0,0,0,0
31415,204509,0.76,0,-0.84832339382931,0,Classical (all features),-0.09516994709697374,-0.9643748704944929,-2.5345400876195874,0.245,-0.09516994709697374,0,0,0,0
31415,12186,0.76,0,-1.0059310388917475,0,Classical (all features),-0.4621262497513606,-0.8450261397377353,-1.789445646999162,0.095,-0.4621262497513606,0,0,0,0
31415,132662,9.68,0,-0.6872673315339628,0,Classical (all features),-0.6635225645735574,-0.5824600679684754,-0.2545146062573792,0.1,-0.6635225645735574,0,0,0,0
31415,150678,30.31,1,0.2665437407589608,1,Classical (all features),0.2957193428464894,1.4953154807656333,29.24092339361475,0.945,0.2957193428464894,1,1,1,1
31415,263324,127.14,1,0.4916333250023646,1,Classical (all features),0.708892710248568,1.7994589076352336,10.645562464594727,0.985,0.708892710248568,1,1,1,1
31415,278178,11.99,0,-0.45168087672160606,0,Classical (all features),0.18905362605558182,-0.7533474293256296,-3.558083140669098,0.225,0.18905362605558182,0,0,0,1
31415,154693,1.0,1,0.37107823493211745,1,Classical (all features),0.36393713559449115,1.9469970842939115,16.119204386259526,0.975,0.36393713559449115,1,1,1,1
31415,125256,205.89,0,-1.1564968761915597,0,Classical (all features),-0.8225942605051999,-0.8438625413108337,-2.007256586081857,0.25,-0.8225942605051999,0,0,0,0
31415,250761,0.77,1,0.23586352975107033,1,Classical (all features),0.39336512018202036,1.3472383461524498,13.527334112841736,0.955,0.39336512018202036,1,1,1,1
31415,279536,124.37,0,-0.9429861871168175,0,Classical (all features),-1.0292289890151207,-1.2420098335537522,-3.8025096830036254,0.04,-1.0292289890151207,0,0,0,0
31415,189878,1.0,1,-0.21047905818313328,0,Classical (all features),0.1593792538384662,0.08338703181638296,7.306964203865886,0.745,0.1593792538384662,1,1,1,1
31415,83290,11.41,0,-0.8135147382175847,0,Classical (all features),-1.267572229491519,-1.19361585137045,-2.506003041239081,0.13,-1.267572229491519,0,0,0,0
31415,93788,0.0,1,1.0685807163748886,1,Classical (all features),0.025416400669216244,0.844839162704215,1.0616150050290143,0.965,0.025416400669216244,1,1,1,1
31415,270437,27.42,0,-1.0781795051510932,0,Classical (all features),-0.504453109842611,-1.2474866671961804,-2.4471709518735953,0.025,-0.504453109842611,0,0,0,0
31415,223804,17.45,0,-0.9993276042674952,0,Classical (all features),-0.8623821855630811,-0.7246741256500345,-0.568840224040034,0.25,-0.8623821855630811,0,0,0,0
31415,50535,32.0,0,-1.1714319805704476,0,Classical (all features),-0.843726739591141,-1.2310163029398802,-2.5614708365122723,0.13,-0.843726739591141,0,0,0,0
31415,278629,291.6,0,-1.0268197374704235,0,Classical (all features),0.4206481160897951,-0.6203082376435417,-1.027436047302149,0.28,0.4206481160897951,0,0,0,1
31415,105063,3.99,0,-0.5120228113469582,0,Classical (all features),-1.2833686525421772,-0.9974166687856177,-2.160851468242826,0.165,-1.2833686525421772,0,0,0,0
31415,98009,15.38,0,-1.3655474614850143,0,Classical (all features),-1.2841479184980074,-0.8759217595376262,-0.3693596452151645,0.03,-1.2841479184980074,0,0,0,0
31415,249501,18.25,0,-0.2133509982172469,0,Classical (all features),-0.6968228926891744,-0.5330317485671595,0.20801388017556344,0.33,-0.6968228926891744,0,0,0,0
31415,247673,247.86,1,0.3232357669065264,1,Classical (all features),0.1832918922341562,0.4519401976514086,8.067782700725958,0.76,0.1832918922341562,1,1,1,1
31415,177935,199.0,0,-1.1413133189605131,0,Classical (all features),-0.9302907847067652,-0.9075088035595787,-1.0363324246639372,0.06,-0.9302907847067652,0,0,0,0
31415,43204,106.55,1,0.5852274411561535,1,Classical (all features),0.5378488599057871,1.1227909509759857,26.898415060806897,0.975,0.5378488599057871,1,1,1,1
31415,216945,1.0,0,-1.0211326267070842,0,Classical (all features),-1.2113360995611657,-1.2584231858543382,-3.523552798711553,0.1,-1.2113360995611657,0,0,0,0
31415,279007,18.57,0,-1.175104242829804,0,Classical (all features),-0.5507483096141186,-0.9070272065296977,-3.062776003202247,0.115,-0.5507483096141186,0,0,0,0
31415,246837,82.2,0,-0.6951341180026656,0,Classical (all features),-0.9028700615989091,-0.9076797095817085,-1.573538434989877,0.3,-0.9028700615989091,0,0,0,0
31415,122612,94.95,0,-0.6600363743551303,0,Classical (all features),-0.9763778842747723,-0.96983463381829,-2.0364792511379957,0.205,-0.9763778842747723,0,0,0,0
31415,182008,9.0,0,-0.897003554916241,0,Classical (all features),-1.0960160025972097,-1.2759361468929766,-3.093252795870108,0.08,-1.0960160025972097,0,0,0,0
31415,207928,0.89,0,-1.256962114327216,0,Classical (all features),-1.5337090585399369,-1.32773325763984,-2.5185939007319535,0.0,-1.5337090585399369,0,0,0,0
31415,175067,0.0,0,-0.8707424912417028,0,Classical (all features),-1.1705056414601334,-0.8757193867469965,-2.0588859569501365,0.23,-1.1705056414601334,0,0,0,0
31415,243547,57.73,1,0.3287034330399311,1,Classical (all features),0.23576453614859263,0.6556637492204773,12.009518715322562,0.735,0.23576453614859263,1,1,1,1
31415,108435,5.0,0,-1.0756044788800652,0,Classical (all features),-1.2907889499991128,-1.116907530660534,-1.7394267385105024,0.065,-1.2907889499991128,0,0,0,0
31415,219025,4.49,1,-1.114189854425666,0,Classical (all features),-1.28487563312477,-0.8716366098524656,-1.061580237761611,0.095,-1.28487563312477,0,0,0,0
31415,156019,889.34,0,-0.4157392644751251,0,Classical (all features),0.020943054729905347,0.09480429845383109,-1.5597444736602246,0.265,0.020943054729905347,1,0,0,1
31415,105797,20.0,0,-0.9263530449048005,0,Classical (all features),-1.7693559236844434,-1.1176383607464966,-1.6052837111593208,0.065,-1.7693559236844434,0,0,0,0
31415,95578,1.79,0,-1.0809741425656418,0,Classical (all features),-1.4733716003719342,-0.8447893608231073,-1.4621192162499947,0.085,-1.4733716003719342,0,0,0,0
31415,8845,30.39,1,0.6022666209955505,1,Classical (all features),0.42066151930593854,1.9927820946985046,14.389197948990931,0.85,0.42066151930593854,1,1,1,1
31415,193063,19.0,0,-1.3035039235126546,0,Classical (all features),-0.748229243408951,-1.0558970242445023,-1.0238653059575338,0.025,-0.748229243408951,0,0,0,0
31415,60985,1.98,0,-1.1715679634882388,0,Classical (all features),-1.8572328155199784,-0.9246211652106621,-0.8271429054428644,0.025,-1.8572328155199784,0,0,0,0
31415,233343,17.99,0,-1.088978642617404,0,Classical (all features),-1.3674640411416792,-1.272455769907522,-2.740775886988042,0.075,-1.3674640411416792,0,0,0,0
31415,70649,5.0,0,-0.9009114557426845,0,Classical (all features),-1.4843136869262132,-1.3364236805393386,-2.334289156202651,0.02,-1.4843136869262132,0,0,0,0
31415,11841,1.0,1,1.02979417838028,1,Classical (all features),1.0381669545443164,1.1205361478095075,32.85678994792202,0.995,1.0381669545443164,1,1,1,1
31415,172463,79.55,0,-0.9026210628907183,0,Classical (all features),-1.002925595147779,-1.0564557594050843,-3.1249241843693163,0.05,-1.002925595147779,0,0,0,0
31415,223618,1.0,1,0.9906495250467389,1,Classical (all features),0.7217509314636421,1.892420716298107,13.445892571718277,0.95,0.7217509314636421,1,1,1,1
31415,161125,275.19,0,-1.1556705975665813,0,Classical (all features),-1.3043913904842246,-0.8202682305139378,-1.8947792782190533,0.12,-1.3043913904842246,0,0,0,0
31415,98392,31.15,0,-0.8533091950777805,0,Classical (all features),-1.301891442147072,-0.947205104968028,-1.7109306459976632,0.11,-1.301891442147072,0,0,0,0
31415,96509,70.99,0,-1.18000273069154,0,Classical (all features),-1.3695262350534563,-1.0133234335016552,-1.8678876639339586,0.015,-1.3695262350534563,0,0,0,0
31415,191284,22.0,0,-0.02880594142313675,1,Classical (all features),-0.18096044306211867,-0.37778594744494975,-1.4224363548436014,0.195,-0.18096044306211867,0,0,0,0
31415,76619,25.0,0,-1.3884200725511537,0,Classical (all features),-1.1629328402404298,-1.2799694217900108,-2.359112558329141,0.03,-1.1629328402404298,0,0,0,0
31415,111963,9.99,0,-1.3643477648728297,0,Classical (all features),-0.9476591373945336,-1.378329828004731,-2.188231756979907,0.03,-0.9476591373945336,0,0,0,0
31415,238461,3.57,0,-1.2516729458749332,0,Classical (all features),-1.0643602472439648,-1.1188432286253986,-1.5022848908987156,0.02,-1.0643602472439648,0,0,0,0
31415,241254,9.29,1,-0.1447865020845337,0,Classical (all features),0.6190579245250073,0.33822038029780416,3.807221113938135,0.87,0.6190579245250073,1,1,1,1
31415,225655,15.0,0,-1.4093237171160655,0,Classical (all features),-1.5403232516615297,-1.269463092934091,-3.10281690096861,0.12,-1.5403232516615297,0,0,0,0
31415,13099,6.79,0,-0.6853060625704466,0,Classical (all features),0.39595237739582945,-0.3228954266331213,-1.9532751883878992,0.285,0.39595237739582945,0,0,0,1
31415,1801,3.23,0,-1.1557991002410883,0,Classical (all features),-1.950854185469694,-1.2227746904283472,-2.3367850079409345,0.035,-1.950854185469694,0,0,0,0
31415,218174,31.23,0,-1.127236985209967,0,Classical (all features),-1.5057427458952517,-1.3548987886825778,-2.860581688819536,0.04,-1.5057427458952517,0,0,0,0
31415,19210,1.98,0,-1.3953103588151772,0,Classical (all features),-1.621033780339244,-0.7133523041481756,-0.11141368026291754,0.05,-1.621033780339244,0,0,0,0
31415,244371,68.4,0,-1.3245016683673874,0,Classical (all features),-1.1973208857478888,-1.2179002829609797,-2.4892994043008523,0.0,-1.1973208857478888,0,0,0,0
31415,257905,96.0,0,-1.2194489429141426,0,Classical (all features),-0.8715660308870812,-0.9095841271020767,-1.5413456374133818,0.06,-0.8715660308870812,0,0,0,0
31415,14450,175.1,0,-1.2476006835706017,0,Classical (all features),-1.4679795621578828,-1.1977542684528748,-1.8993224435310805,0.02,-1.4679795621578828,0,0,0,0
31415,92524,29.6,0,-0.7162616380745452,0,Classical (all features),-0.9916429120282138,-1.1689004089739368,-2.663564135155316,0.08,-0.9916429120282138,0,0,0,0
31415,23365,822.16,0,0.345417483217848,1,Classical (all features),-0.363036465963747,0.6516902356836771,1.1248930303297495,0.39,-0.363036465963747,1,1,0,0
31415,121701,3.99,0,-0.4393017931093115,0,Classical (all features),-0.4371282165727893,-0.6910165869053498,-0.2143508756041751,0.03,-0.4371282165727893,0,0,0,0
31415,276067,13.48,0,-1.140924977724946,0,Classical (all features),-1.569368598717739,-1.2222038795182693,-2.4751426127386966,0.115,-1.569368598717739,0,0,0,0
31415,70470,552.89,0,0.22727542821898378,1,Classical (all features),-0.14893357576513577,0.30640243578889026,0.9112839771311277,0.365,-0.14893357576513577,1,1,0,0
31415,150372,50.0,0,-1.0607193612624235,0,Classical (all features),-0.5909046065768215,-1.3653131728838699,-4.486384225476764,0.04,-0.5909046065768215,0,0,0,0
31415,97623,80.0,0,-1.183181516247591,0,Classical (all features),-1.4624521512277429,-1.1898793398363798,-1.9256358591442218,0.065,-1.4624521512277429,0,0,0,0
31415,196527,282.0,0,-0.8265708626437025,0,Classical (all features),-1.384404465243354,-0.8393063269615625,-1.3330197808483706,0.1,-1.384404465243354,0,0,0,0
31415,129397,86.9,0,-0.9317333881797352,0,Classical (all features),-0.555625772331473,-1.1982016007871485,-3.9632348763435705,0.025,-0.555625772331473,0,0,0,0
31415,122616,168.85,0,-1.3934703400525126,0,Classical (all features),-1.4364659953766667,-0.9174167251826141,-1.036770514575056,0.16,-1.4364659953766667,0,0,0,0
31415,271362,47.3,0,-0.8524651482994938,0,Classical (all features),-0.8763408789876379,-1.0434623574734267,-3.8882010707126127,0.14,-0.8763408789876379,0,0,0,0
31415,205597,1.0,0,-1.1430574137990377,0,Classical (all features),-1.613461842197444,-1.0179233897884044,-1.8540749892704174,0.01,-1.613461842197444,0,0,0,0
31415,77682,1.0,1,0.7680952418167684,1,Classical (all features),0.38934704422323074,2.3877035830070157,20.723316258180873,0.935,0.38934704422323074,1,1,1,1
31415,232831,0.89,0,-0.9376075656408345,0,Classical (all features),-0.1380799821462647,-0.6765309793248421,-2.1801834559404063,0.295,-0.1380799821462647,0,0,0,0
31415,137792,26.05,0,-0.45583376833103384,0,Classical (all features),-1.1707772655163289,-1.0698938284781923,-2.9793340604785543,0.09,-1.1707772655163289,0,0,0,0
31415,28289,195.96,0,-1.0522581316103043,0,Classical (all features),-1.4078985619755662,-0.8276602415712707,-0.7881058428429312,0.18,-1.4078985619755662,0,0,0,0
31415,224910,38.0,0,-1.051440680538093,0,Classical (all features),-0.8274644288445725,-1.0968854530581766,-3.200586728221417,0.065,-0.8274644288445725,0,0,0,0
31415,113689,119.0,0,-0.9641338811154083,0,Classical (all features),-1.5259091043765616,-1.3131577737775357,-3.1421365312555563,0.09,-1.5259091043765616,0,0,0,0
31415,216701,5.38,0,0.02030362620498566,1,Classical (all features),-0.3549251981599045,-0.027998360265693467,-2.4705165247986143,0.605,-0.3549251981599045,1,0,0,0
31415,166730,54.65,0,-0.12636138374046124,0,Classical (all features),-0.13726482603331952,-0.16561009952061023,-5.003777504875908,0.245,-0.13726482603331952,0,0,0,0
31415,217784,67.59,0,-1.2900218887753765,0,Classical (all features),-0.10505982767438488,-1.0471266385376174,-1.3024423308955924,0.035,-0.10505982767438488,0,0,0,0
31415,197212,60.76,0,-1.2669497770368052,0,Classical (all features),-1.4942791809241542,-1.2078080493277743,-3.4982769534094573,0.01,-1.4942791809241542,0,0,0,0
31415,99010,33.35,0,-1.1399564701485767,0,Classical (all features),-0.6756598546949539,-1.3544065927766282,-1.9511872279914408,0.025,-0.6756598546949539,0,0,0,0
31415,135390,51.24,0,-0.7038887575671693,0,Classical (all features),-1.4714345219887297,-1.2739460581662096,-1.8084582225537402,0.03,-1.4714345219887297,0,0,0,0
31415,170378,370.44,0,-0.30046098554272604,0,Classical (all features),-0.575909025375176,-0.445799238256143,0.016674852557710396,0.13,-0.575909025375176,0,0,0,0
31415,156430,12.13,0,-0.586720978537522,0,Classical (all features),-0.826391984098356,-1.144696542799934,-4.036526953441617,0.13,-0.826391984098356,0,0,0,0
31415,8615,1.0,1,0.45546786348880774,1,Classical (all features),0.18207696655659455,0.9607851487676274,34.61415344298235,0.965,0.18207696655659455,1,1,1,1
31415,6908,75.0,0,-1.5252293150130367,0,Classical (all features),0.04239503686024612,-1.5349162299633416,-2.884332339332037,0.025,0.04239503686024612,0,0,0,1
31415,169180,93.75,0,-1.2212706771140545,0,Classical (all features),-1.3950685856517049,-1.1587337031238123,-1.9690705488194622,0.05,-1.3950685856517049,0,0,0,0
31415,12866,9.99,0,-0.5234076013176796,0,Classical (all features),-0.5637599434525697,-1.1455747694003002,-4.014465438635798,0.03,-0.5637599434525697,0,0,0,0
31415,278163,36.83,0,-0.6283591775166653,0,Classical (all features),-0.25212625937912847,-0.45624056953827286,-3.5889252861361123,0.36,-0.25212625937912847,0,0,0,0
31415,73500,39.9,0,-1.1690483685168829,0,Classical (all features),-1.2422653334964422,-0.9230968761360684,-1.1993158453795574,0.06,-1.2422653334964422,0,0,0,0
31415,144754,323.77,1,-0.3012036670078131,0,Classical (all features),-0.1739211182062546,-0.25746804646143195,0.9415405224883823,0.705,-0.1739211182062546,0,1,1,0
31415,39913,12.39,0,-0.8641735994584108,0,Classical (all features),-0.9719919680765232,-0.23397010849647415,0.6967339870074838,0.42,-0.9719919680765232,0,0,0,0
31415,270929,15.6,0,-1.0753362486606595,0,Classical (all features),-1.7882166142351394,-1.4389881621508294,-2.8265393769382405,0.0,-1.7882166142351394,0,0,0,0
31415,213949,1.14,0,0.258804219859257,1,Classical (all features),0.17572615035901426,0.5224587707125631,2.009231659218487,0.445,0.17572615035901426,1,1,0,1
31415,104429,14.99,0,0.38986012555064486,1,Classical (all features),0.0380110556137262,-0.3067685620055586,0.11760757859498627,0.605,0.0380110556137262,0,0,0,1
31415,163149,17.06,1,0.41157998976090654,1,Classical (all features),0.9775162766488001,1.2000651450872342,7.269472301429943,0.95,0.9775162766488001,1,1,1,1
31415,169590,17.69,0,-1.1467745967731604,0,Classical (all features),-1.0403936608652904,-1.2559570166541087,-2.0214633244586797,0.0,-1.0403936608652904,0,0,0,0
31415,179600,1.46,0,-1.0717613575561333,0,Classical (all features),-1.0915269365805147,-1.0977758266901114,-1.2043766652350252,0.03,-1.0915269365805147,0,0,0,0
31415,241244,1.79,0,-1.1747557757761842,0,Classical (all features),-1.1818420464127732,-1.3317830843168736,-3.4969681025503294,0.035,-1.1818420464127732,0,0,0,0
31415,6719,1.0,1,0.6144216399149436,1,Classical (all features),0.7650900989809453,1.776696968741506,17.689912970424043,0.99,0.7650900989809453,1,1,1,1
31415,153324,287.38,0,-0.4635899401638468,0,Classical (all features),0.0891310073055026,-0.8422438037553194,-2.6007555133159,0.09,0.0891310073055026,0,0,0,1
31415,244333,1.0,1,0.8973565915010805,1,Classical (all features),0.2200448957734287,1.8832157774485596,14.555129014232543,0.91,0.2200448957734287,1,1,1,1
31415,49890,0.99,0,-1.1262725489269227,0,Classical (all features),-1.1513488101623581,-1.1489680821115602,-1.7526590430786086,0.03,-1.1513488101623581,0,0,0,0
31415,195952,10.0,0,-0.15737424998539418,0,Classical (all features),-0.41199639415728334,0.5585598085015476,-2.8146787535838023,0.68,-0.41199639415728334,1,0,0,0
31415,74507,130.44,1,0.6777963503905877,1,Classical (all features),0.6553008232751911,2.3290033337917095,21.267429095958416,0.97,0.6553008232751911,1,1,1,1
31415,90119,4.45,0,-1.0392957653678627,0,Classical (all features),-1.4965129474673307,-1.2863260406757409,-2.5158213238178813,0.025,-1.4965129474673307,0,0,0,0
31415,126348,1.0,0,-0.8661445196447806,0,Classical (all features),-0.9145693409029909,-0.9014337619955558,-0.9718257642469813,0.035,-0.9145693409029909,0,0,0,0
31415,274469,12.97,0,-1.2210863207507634,0,Classical (all features),-1.3014083921300847,-1.0430867523771,-1.2357187508016856,0.07,-1.3014083921300847,0,0,0,0
31415,194117,105.0,0,-1.1818247467875125,0,Classical (all features),-0.3898663687197131,-1.432575390215534,-2.7526952645360114,0.06,-0.3898663687197131,0,0,0,0
31415,276926,28.0,0,-0.7494212106855851,0,Classical (all features),-0.9761400239024973,-0.5628234531815522,-1.695890545185355,0.205,-0.9761400239024973,0,0,0,0
31415,111690,238.9,1,0.3277849475832377,1,Classical (all features),0.7983242132937689,1.9212592115823126,11.959141630911924,0.955,0.7983242132937689,1,1,1,1
31415,226877,0.0,1,0.12320114709172286,1,Classical (all features),0.28883885381761376,1.5450731288816524,11.31030334911513,0.95,0.28883885381761376,1,1,1,1
31415,153265,4.92,0,-0.8533503831784988,0,Classical (all features),-0.6772049529745248,-1.0595271724556068,-3.2596878916480407,0.095,-0.6772049529745248,0,0,0,0
31415,247048,99.97,0,-0.9418176235128422,0,Classical (all features),-1.026692152259734,-1.0391892539939565,-1.7944152696897975,0.065,-1.026692152259734,0,0,0,0
31415,279780,184.48,0,0.04849912496966935,1,Classical (all features),-1.0977463236985407,-0.4086924707200311,-0.7493375508755221,0.36,-1.0977463236985407,0,0,0,0
31415,119781,124.53,1,0.03736679575661994,1,Classical (all features),0.5702222455895647,2.2182037286398244,14.821982676850894,0.92,0.5702222455895647,1,1,1,1
31415,272566,7.74,0,-1.2314206555026113,0,Classical (all features),-1.2558671694686596,-1.3667558007473741,-3.5256425391526593,0.075,-1.2558671694686596,0,0,0,0
31415,210741,75.46,0,-1.17435474826391,0,Classical (all features),-0.8062934435070899,-1.0456454348169166,-1.2403907422876705,0.005,-0.8062934435070899,0,0,0,0
31415,130264,1.0,0,-1.161546784480304,0,Classical (all features),-1.1202994715529224,-1.3404757271403955,-2.367797062260382,0.025,-1.1202994715529224,0,0,0,0
31415,210166,73.08,0,-1.0766905928021353,0,Classical (all features),-1.320776992637665,-0.8428723191669755,-1.7720155724468016,0.175,-1.320776992637665,0,0,0,0
31415,264913,476.21,0,-0.5550574808846775,0,Classical (all features),0.15640904962030033,-0.5586239366118643,-0.9747044487472899,0.185,0.15640904962030033,0,0,0,1
31415,252720,44.76,0,-0.20689193229857816,0,Classical (all features),-0.06439140628639925,0.6615340364035535,0.4485903094772289,0.5,-0.06439140628639925,1,0,0,0
31415,17453,99.99,1,0.9471480177012591,1,Classical (all features),0.990297762077438,1.008542718965955,30.680092541857984,0.935,0.990297762077438,1,1,1,1
31415,120505,99.85,1,0.38172020998074546,1,Classical (all features),0.602237950024238,1.807583850161937,15.701251615608749,0.94,0.602237950024238,1,1,1,1
31415,13179,0.89,0,-0.8959552930692909,0,Classical (all features),-1.4856543010911258,-1.2994902876135863,-2.1419350086688502,0.01,-1.4856543010911258,0,0,0,0
31415,75715,0.0,0,-0.8948746737284086,0,Classical (all features),-0.36283480871339496,-1.0068907478097833,-1.2643380271739058,0.275,-0.36283480871339496,0,0,0,0
31415,11717,197.84,0,-0.6169983349547727,0,Classical (all features),-0.7444334762171285,-0.9607399838346106,-3.297304880133338,0.11,-0.7444334762171285,0,0,0,0
31415,83053,6.27,1,0.3420433667448868,1,Classical (all features),0.4803599861348185,1.1534746872894346,8.841629141998098,0.91,0.4803599861348185,1,1,1,1
31415,136083,319.0,0,-1.4091775688865733,0,Classical (all features),-1.1456545613754154,-1.2171158386563645,-2.452142496073028,0.055,-1.1456545613754154,0,0,0,0
31415,178862,22.0,0,-0.6388590711514528,0,Classical (all features),-1.0781788508952959,-1.3046141070754649,-2.855320471208375,0.05,-1.0781788508952959,0,0,0,0
31415,94218,720.38,1,0.6619977661014933,1,Classical (all features),0.17977339194837416,1.7878724143032179,10.760435936487754,0.985,0.17977339194837416,1,1,1,1
31415,228994,243.39,0,-1.1188191548609188,0,Classical (all features),-1.0984477200772838,-0.8446600947438688,-1.6285945406619073,0.165,-1.0984477200772838,0,0,0,0
31415,126489,1.0,0,-0.5742133522497866,0,Classical (all features),-1.254644725267425,-1.1392815270594845,-1.9366463301688683,0.04,-1.254644725267425,0,0,0,0
31415,263877,0.38,1,0.653571754138121,1,Classical (all features),0.909774508422974,1.753873754807302,12.19714344682254,0.97,0.909774508422974,1,1,1,1
31415,109748,38.03,0,0.560708303821886,1,Classical (all features),-0.9455219555891292,0.08138538063690637,0.18117617628378235,0.16,-0.9455219555891292,1,0,0,0
31415,617,1.48,0,-1.31112079823677,0,Classical (all features),-1.6748957823931931,-1.2719534357452527,-2.595662508024424,0.02,-1.6748957823931931,0,0,0,0
31415,169888,8.95,0,-1.068989303172073,0,Classical (all features),-1.3864915255264523,-1.335122294699647,-3.4157903644219156,0.02,-1.3864915255264523,0,0,0,0
31415,270241,11.99,0,-1.1509264024389685,0,Classical (all features),-0.7885544929337693,-0.966065742565125,-1.684663635556313,0.09,-0.7885544929337693,0,0,0,0
31415,72919,13.4,0,-1.2974055942996277,0,Classical (all features),-1.760969783449112,-1.1308318440402858,-1.7328589707925874,0.025,-1.760969783449112,0,0,0,0
31415,176548,50.0,0,-0.7308566794603364,0,Classical (all features),-0.5018184972858513,-1.168212697024027,-4.723854471493906,0.165,-0.5018184972858513,0,0,0,0
31415,130191,1.0,0,-0.7598848670381813,0,Classical (all features),-1.022789242926653,-1.1605949241763271,-1.5635344700917293,0.08,-1.022789242926653,0,0,0,0
31415,204340,24.74,0,-1.007156152267834,0,Classical (all features),-1.401162552081471,-1.2960193920202894,-2.688987444981953,0.195,-1.401162552081471,0,0,0,0
31415,269688,1.0,0,-1.194979092292835,0,Classical (all features),-1.5804942823663457,-1.3445478951034926,-2.251701533564387,0.015,-1.5804942823663457,0,0,0,0
31415,9252,1.0,1,0.4625427348139656,1,Classical (all features),0.182480853939021,1.0128109014553277,34.64023699604286,0.965,0.182480853939021,1,1,1,1
31415,157116,41.23,0,-0.8268620862891762,0,Classical (all features),-0.43312663343105756,-1.0956060160942678,-2.628294634405168,0.155,-0.43312663343105756,0,0,0,0
31415,185628,25.0,0,-1.0520360422979789,0,Classical (all features),-1.626081523481879,-1.4596053622252665,-3.110749704296262,0.01,-1.626081523481879,0,0,0,0
31415,154883,10.0,0,-0.828654580810436,0,Classical (all features),-0.20149894022093306,-1.1393276238458614,-4.485042797245642,0.085,-0.20149894022093306,0,0,0,0
31415,173982,84.0,0,-1.5068821371302685,0,Classical (all features),-1.2099121516617468,-1.2519866463832212,-2.3068481919481774,0.02,-1.2099121516617468,0,0,0,0
31415,261473,4.9,1,-0.051604277428646594,1,Classical (all features),0.2817058947376865,-0.2331647502438151,4.959106323898681,0.785,0.2817058947376865,0,1,1,1
31415,223050,31.26,0,-0.9448245946552829,0,Classical (all features),-0.9721065798360387,-1.1634191579177617,-2.565400616160305,0.04,-0.9721065798360387,0,0,0,0
31415,173448,40.0,0,-1.1133014844900824,0,Classical (all features),-0.4114377276646322,-1.4044738300116886,-2.8776902562927282,0.135,-0.4114377276646322,0,0,0,0
31415,18868,45.96,0,-1.198224834527644,0,Classical (all features),-1.5784180811662427,-1.1925233914665387,-1.3290559592500029,0.045,-1.5784180811662427,0,0,0,0
31415,195378,36.32,0,-1.0720298891324893,0,Classical (all features),-0.18564613740017805,-1.2490159713806124,-1.2528063798227138,0.15,-0.18564613740017805,0,0,0,0
31415,127009,14.95,0,-0.4525056084349842,0,Classical (all features),0.09923442855464724,-0.9792421283266811,-1.725957869998339,0.13,0.09923442855464724,0,0,0,1
31415,166844,15.14,0,-0.48994296490024203,0,Classical (all features),-0.9309302270976292,-0.6632051876205333,-1.673768520304014,0.325,-0.9309302270976292,0,0,0,0
31415,119631,2.69,0,-0.8820617220984222,0,Classical (all features),-1.680880346059455,-1.0118524018100383,-1.0905443405871327,0.025,-1.680880346059455,0,0,0,0
31415,6553,26.05,0,-1.0297392987332665,0,Classical (all features),-1.3627196156368364,-1.0980596552376798,-1.3229288605336862,0.135,-1.3627196156368364,0,0,0,0
31415,273142,16.99,0,-1.099134866510563,0,Classical (all features),-0.33894933432016877,-1.2925555721479403,-2.751070123651521,0.035,-0.33894933432016877,0,0,0,0
31415,57248,7.58,1,-0.6871737362089259,0,Classical (all features),-0.7290440286117548,-0.5413687710238894,-0.5986387029253005,0.04,-0.7290440286117548,0,0,0,0
31415,98807,0.1,0,0.4489372034024255,1,Classical (all features),-0.4942503034154862,-0.05353822439680467,-0.912732085341427,0.095,-0.4942503034154862,1,0,0,0
31415,243393,0.01,1,0.5257119241203922,1,Classical (all features),0.2121850904497884,1.1382238903260642,11.52812668535554,0.815,0.2121850904497884,1,1,1,1
31415,268040,1.0,0,-0.7167091141068729,0,Classical (all features),-1.3253556240646764,-1.0897571760792113,-1.5223507357045243,0.015,-1.3253556240646764,0,0,0,0
31415,235907,94.99,0,-0.8740420885994262,0,Classical (all features),-1.1617493008992867,-1.4009537234094553,-3.3528143482891752,0.01,-1.1617493008992867,0,0,0,0
31415,252500,15.0,0,-1.3083171083277374,0,Classical (all features),-1.286403663025222,-1.4338979749185978,-3.33211127649535,0.0,-1.286403663025222,0,0,0,0
31415,112501,0.89,0,-1.07294697474187,0,Classical (all features),-1.8003943056811027,-0.6567202785254885,-0.19335227895334817,0.065,-1.8003943056811027,0,0,0,0
31415,68132,142.98,0,-1.0971077294521743,0,Classical (all features),-0.5046301035949909,-1.1915772919908005,-2.919413809694119,0.09,-0.5046301035949909,0,0,0,0
31415,6446,1.0,1,0.7145436170127815,1,Classical (all features),0.9109196322961872,1.6183430401401258,9.185191747981785,0.945,0.9109196322961872,1,1,1,1
31415,61433,187.0,0,-1.0660862124592247,0,Classical (all features),-1.785223770693399,-1.122238920977392,-1.6389247410307624,0.065,-1.785223770693399,0,0,0,0
31415,142530,29.95,0,-0.6683025974889909,0,Classical (all features),-1.8837266854815207,-1.0521257983441688,-1.1822455810301178,0.03,-1.8837266854815207,0,0,0,0
31415,145934,342.98,0,0.14804673806024818,1,Classical (all features),-0.07863635812892772,-0.04159530002928946,2.0120815044143736,0.225,-0.07863635812892772,1,1,0,0
31415,270489,9.99,0,-0.8744892621336344,0,Classical (all features),-0.7430682292105577,-1.469225793011935,-3.9625978234682244,0.045,-0.7430682292105577,0,0,0,0
31415,137798,9.71,0,-0.6606054391026159,0,Classical (all features),-1.3553549750226714,-1.1026254844590389,-2.1784189232642706,0.085,-1.3553549750226714,0,0,0,0
31415,154454,147.87,1,0.7926198950955496,1,Classical (all features),0.982270507300165,0.7925364385817639,6.342353099673821,0.94,0.982270507300165,1,1,1,1
31415,134439,10.0,0,-0.8684681471446583,0,Classical (all features),-1.2634114561101832,-1.148409015798817,-3.774369180117224,0.01,-1.2634114561101832,0,0,0,0
31415,249686,103.06,0,-0.9216426471580523,0,Classical (all features),-1.3201655096660199,-1.4323313563946232,-2.948818265373889,0.02,-1.3201655096660199,0,0,0,0
31415,87260,1.18,0,-0.9672026638385347,0,Classical (all features),-1.0080204122662049,-0.9654119731654286,-0.6238287336670677,0.17,-1.0080204122662049,0,0,0,0
31415,213116,8.3,1,0.2801875923290156,1,Classical (all features),0.26932248613503224,1.6551956135190267,10.707873871511286,0.935,0.26932248613503224,1,1,1,1
31415,30473,14.46,1,0.4520974759435611,1,Classical (all features),0.5206691392405378,2.046822089449677,15.929256153746204,0.965,0.5206691392405378,1,1,1,1
31415,154286,0.92,1,-0.06594453032832259,1,Classical (all features),0.1794113858992224,0.6022046257859467,-8.302199927939142,0.445,0.1794113858992224,1,0,0,1
31415,77348,0.01,1,0.1622637275206308,1,Classical (all features),0.8216964781963123,1.3341257275438214,9.35472173104798,0.925,0.8216964781963123,1,1,1,1
31415,46590,27.0,0,-0.5254545934575691,0,Classical (all features),0.1746376776112368,-0.38801495262309305,-2.621756086490347,0.27,0.1746376776112368,0,0,0,1
31415,268443,43.24,0,-1.1809357580484365,0,Classical (all features),-1.1421730278496391,-1.2527017619745107,-2.4339959668278217,0.06,-1.1421730278496391,0,0,0,0
31415,150018,30.23,0,-0.8442935098483599,0,Classical (all features),-0.524783680612118,-0.9917939939259622,-3.6787301252286677,0.11,-0.524783680612118,0,0,0,0
31415,237880,117.9,0,-0.9904757063565071,0,Classical (all features),-0.873713385967986,-1.022485137809853,-2.889657611609141,0.035,-0.873713385967986,0,0,0,0
31415,154720,119.74,1,0.39294643143713115,1,Classical (all features),0.2882948741165877,1.3848541740374667,16.339530602997325,0.97,0.2882948741165877,1,1,1,1
31415,251891,7.06,1,0.5059611877188749,1,Classical (all features),-0.14751632568384843,0.901904508115965,1.0694337192650472,0.745,-0.14751632568384843,1,1,1,0
31415,127802,4.57,0,-0.8841451764433537,0,Classical (all features),-1.5074925702276905,-0.9234208543463903,-2.312371084105109,0.075,-1.5074925702276905,0,0,0,0
31415,150020,5.0,0,-1.0709063168458912,0,Classical (all features),-0.8852942706493148,-1.3266282355366292,-4.085537048843747,0.035,-0.8852942706493148,0,0,0,0
31415,44890,26.99,0,-0.6488262907601421,0,Classical (all features),-1.1623339604937941,-0.8965280043818454,-1.2309238406215868,0.625,-1.1623339604937941,0,0,0,0
31415,4010,9.99,0,-0.21042215037574075,0,Classical (all features),-0.7433760099188618,-0.7853069249822732,-4.0408353866890865,0.14,-0.7433760099188618,0,0,0,0
31415,224157,8.0,0,-1.0015363760917657,0,Classical (all features),-1.0485064366623313,-1.5351956495114347,-3.9813582726874226,0.03,-1.0485064366623313,0,0,0,0
31415,29687,0.76,1,-0.7731806288264877,0,Classical (all features),-0.5427042067438734,0.04732197718761899,1.1615500569514454,0.585,-0.5427042067438734,1,1,0,0
31415,44508,1.98,0,-1.1004084599011454,0,Classical (all features),-1.297336188294716,-1.0193550752250014,-1.8868629199571325,0.58,-1.297336188294716,0,0,0,0
31415,25231,7.95,0,-0.7319837864185166,0,Classical (all features),-1.4819161324867796,-1.1804294972516378,-1.8820938608361262,0.03,-1.4819161324867796,0,0,0,0
31415,70804,95.0,0,-1.0739780935977712,0,Classical (all features),-1.315173725024436,-1.3290183668429072,-1.9012429668544102,0.025,-1.315173725024436,0,0,0,0
31415,235127,16.8,0,-0.1700968441158215,0,Classical (all features),-1.0761956772980827,-0.14828220626901023,-0.6549283016654391,0.48,-1.0761956772980827,0,0,0,0
31415,238687,47.11,0,-1.093496791956188,0,Classical (all features),-1.3149042159872448,-1.6050679037536915,-3.7118900028251853,0.08,-1.3149042159872448,0,0,0,0
31415,178054,140.35,0,-1.2761593315568405,0,Classical (all features),-0.9582048909673937,-1.197447474214572,-2.4575360246419122,0.065,-0.9582048909673937,0,0,0,0
31415,116817,779.69,0,-0.171246429533643,0,Classical (all features),0.10231647947553944,-0.06109788478095146,-0.3270521705269488,0.165,0.10231647947553944,1,0,0,1
31415,274036,19.8,0,-1.0629189335852571,0,Classical (all features),-1.5400556377730135,-1.40373465698928,-3.0884791246165224,0.015,-1.5400556377730135,0,0,0,0
31415,71,11.45,0,-0.8377348108448075,0,Classical (all features),-1.2262417235947753,-0.8911897618992347,-2.016880327886103,0.07,-1.2262417235947753,0,0,0,0
31415,282449,199.0,0,-0.9717056473667138,0,Classical (all features),-0.9469725992924807,-1.2394753001627064,-2.6899722574811555,0.035,-0.9469725992924807,0,0,0,0
31415,17030,89.99,0,-0.8068220212032595,0,Classical (all features),0.1380957794848633,-0.7733309593925891,-1.2955362566064772,0.295,0.1380957794848633,0,0,0,1
31415,256084,19.99,0,-1.1365851290594324,0,Classical (all features),-1.3632349233898218,-1.350662483963517,-1.9789075878579596,0.0,-1.3632349233898218,0,0,0,0
31415,165953,101.16,0,-0.8655627977774385,0,Classical (all features),-1.7482695880609473,-1.1857892923150168,-1.4204141966671608,0.08,-1.7482695880609473,0,0,0,0
31415,182619,19.66,0,-1.140091981554387,0,Classical (all features),-0.5718627091902884,-1.2328284063098502,-2.9315194663846857,0.025,-0.5718627091902884,0,0,0,0
31415,138665,1.0,0,-1.0194855131446652,0,Classical (all features),-1.2560454440419384,-0.7707074130936568,-1.6592539628424694,0.21,-1.2560454440419384,0,0,0,0
31415,154676,2.28,1,0.5698039566261147,1,Classical (all features),0.3330365677897189,1.0782526269647703,16.145298110197384,0.955,0.3330365677897189,1,1,1,1
31415,216740,14.7,0,-0.5542959967393245,0,Classical (all features),-0.33632315861668655,-0.07709939380077624,-1.2366119334648178,0.63,-0.33632315861668655,1,0,0,0
31415,202731,6.15,0,-1.3671662772519164,0,Classical (all features),-0.9204221775369423,-1.2797031803067531,-3.5362675799022676,0.035,-0.9204221775369423,0,0,0,0
31415,169909,2.58,0,-1.1527535415649413,0,Classical (all features),-0.9991428194034297,-1.2252796326840327,-1.5687521250704481,0.0,-0.9991428194034297,0,0,0,0
31415,93436,34.03,0,-0.8509767444304377,0,Classical (all features),-1.3997501176496832,-1.1612921397143094,-2.394522588278488,0.045,-1.3997501176496832,0,0,0,0
31415,224965,69.22,0,-0.6176406997201873,0,Classical (all features),-0.5650570658319711,-1.0967537850793976,-2.2376195087038524,0.045,-0.5650570658319711,0,0,0,0
31415,155886,11.27,0,-0.9749775240207219,0,Classical (all features),-0.7405262360908949,-1.3054438056189541,-4.808892997929303,0.01,-0.7405262360908949,0,0,0,0
31415,121039,0.89,0,-0.6656504863298596,0,Classical (all features),-1.2627360460982509,-1.0082083800837331,-2.7154397568083612,0.06,-1.2627360460982509,0,0,0,0
31415,74149,11.94,0,0.023335255569673585,1,Classical (all features),-0.8979887380197829,-0.20733132489350725,0.08768676059642233,0.245,-0.8979887380197829,0,0,0,0
31415,213064,31.46,0,-1.197607752634342,0,Classical (all features),-1.0816163017241072,-1.0517064978526682,-1.6505737625641235,0.065,-1.0816163017241072,0,0,0,0
31415,80760,113.92,1,0.4225461473125874,1,Classical (all features),0.3880152135909617,2.1012696804388336,10.46873145348806,0.93,0.3880152135909617,1,1,1,1
31415,203700,0.0,1,0.42701710428277867,1,Classical (all features),0.8306316735733721,2.407700106595394,9.673128216069871,1.0,0.8306316735733721,1,1,1,1
31415,165357,150.99,0,-1.0486712617459881,0,Classical (all features),-0.8486126065522241,-1.1160113092621033,-2.2861733109014444,0.055,-0.8486126065522241,0,0,0,0
31415,256750,27.56,0,-0.9552402942889773,0,Classical (all features),-1.4102975124052022,-0.5679039535969589,-1.815657604779533,0.105,-1.4102975124052022,0,0,0,0
31415,156478,10.47,0,-0.6370679068254668,0,Classical (all features),-0.586762450748322,-1.028542960235665,-5.481875206541988,0.02,-0.586762450748322,0,0,0,0
31415,115959,1.0,0,-1.3313290898582888,0,Classical (all features),-1.1205009309696237,-1.251402857814262,-1.968376675198639,0.045,-1.1205009309696237,0,0,0,0
31415,187376,1.0,0,0.011727818388447386,1,Classical (all features),0.1794113858992119,0.22478833253017416,-6.6494051051152265,0.515,0.1794113858992119,1,0,0,1
31415,133672,182.68,0,-0.7363386999054722,0,Classical (all features),-1.2587566122396112,-0.6628379486313855,-0.5556758674077947,0.075,-1.2587566122396112,0,0,0,0
31415,221723,5.49,0,-1.2703900988569439,0,Classical (all features),-0.9802216407343014,-1.112388854912977,-2.7392323952539566,0.02,-0.9802216407343014,0,0,0,0
31415,146630,5.0,0,-0.965778436751304,0,Classical (all features),-1.0137009124599765,-1.1908887688095775,-2.828174905356636,0.02,-1.0137009124599765,0,0,0,0
31415,153885,0.76,1,0.40244984525865884,1,Classical (all features),0.19480305869647388,1.8643483205541003,12.349090729454959,0.945,0.19480305869647388,1,1,1,1
31415,73784,1.0,1,0.35317417652125355,1,Classical (all features),0.3478315912342425,1.7572114074736849,19.456832498967707,0.96,0.3478315912342425,1,1,1,1
31415,227854,40.23,0,-1.1378387258006477,0,Classical (all features),-0.9211188992198249,-0.8622728472814744,-2.088340912914659,0.125,-0.9211188992198249,0,0,0,0
31415,280149,77.89,1,0.09446345818854096,1,Classical (all features),0.21047477419187138,0.30022487451755736,4.3652662063248995,0.855,0.21047477419187138,1,1,1,1
31415,6336,1.0,1,0.2975920754244148,1,Classical (all features),0.9232715342161706,1.9142628743389833,12.192054249570514,0.975,0.9232715342161706,1,1,1,1
31415,5420,43.0,0,-0.8713068549049761,0,Classical (all features),-0.8981468969437985,-1.3210876783115344,-2.569622978355468,0.01,-0.8981468969437985,0,0,0,0
31415,86397,260.76,0,-0.9391315715555382,0,Classical (all features),-1.1855257465249376,-0.3189279217135611,-0.26586424243290885,0.25,-1.1855257465249376,0,0,0,0
31415,18773,0.68,1,0.42540675397998345,1,Classical (all features),0.8631931500219623,1.8422417400570041,13.998837960049205,0.99,0.8631931500219623,1,1,1,1
31415,253974,6.07,0,-1.1681285266338202,0,Classical (all features),-1.399165525914525,-1.220438126994566,-2.325158213147056,0.115,-1.399165525914525,0,0,0,0
31415,137211,6.26,0,-0.9410624287138412,0,Classical (all features),-0.5215844585794345,-1.2064081705681655,-1.4710916260929134,0.12,-0.5215844585794345,0,0,0,0
31415,34601,12.1,0,-1.1895225484781855,0,Classical (all features),-1.272756857530132,-0.753739805630807,-0.5627042150966471,0.085,-1.272756857530132,0,0,0,0
31415,247649,8.97,0,-1.3509973319418382,0,Classical (all features),-1.2292592285907349,-1.3488572821521192,-2.9944952411967622,0.125,-1.2292592285907349,0,0,0,0
31415,215149,1.18,0,-1.2893972435659622,0,Classical (all features),-0.8098711840056518,-1.4609851608431348,-2.6935110992921714,0.025,-0.8098711840056518,0,0,0,0
31415,228871,40.93,0,-0.4614830519147024,0,Classical (all features),-1.0819778571885226,-1.1053912016977692,-1.7862928704593846,0.18,-1.0819778571885226,0,0,0,0
31415,64241,1.0,0,-1.1016176402235767,0,Classical (all features),-1.4135890252749914,-1.3296400450026025,-2.0761579434196835,0.005,-1.4135890252749914,0,0,0,0
31415,272123,1.29,0,-1.3034904928818256,0,Classical (all features),-1.7118462595490418,-1.2978657319799973,-1.9818483763047614,0.095,-1.7118462595490418,0,0,0,0
31415,64849,804.43,0,0.06750972309382253,1,Classical (all features),-0.6336216814963165,0.2802766409333797,0.35322211472810505,0.185,-0.6336216814963165,1,0,0,0
31415,33648,5.5,0,-0.3787660976903934,0,Classical (all features),-1.3045559947039231,-0.569855551907075,-0.3685699709933744,0.105,-1.3045559947039231,0,0,0,0
31415,190632,340.0,0,-1.263199551638089,0,Classical (all features),-0.19537144760542607,-0.9438608130822447,-2.110036986346071,0.24,-0.19537144760542607,0,0,0,0
31415,100623,549.06,1,-0.6429786454338304,0,Classical (all features),-0.32986683292662283,-0.27934314923203407,-0.6438104949881037,0.255,-0.32986683292662283,0,0,0,0
31415,69432,47.46,0,-1.1749449350127892,0,Classical (all features),-0.5912060941483979,-1.2596251116509762,-2.847804185220545,0.06,-0.5912060941483979,0,0,0,0
31415,15506,99.99,1,0.5268015671857754,1,Classical (all features),0.3720546187414365,1.2869093261205364,30.22655806213948,0.985,0.3720546187414365,1,1,1,1
31415,251883,10.0,0,-0.8843566217176504,0,Classical (all features),-1.0524276688689154,-1.015115878103829,-3.313699439947358,0.08,-1.0524276688689154,0,0,0,0
31415,88307,180.0,1,0.7260068132904921,1,Classical (all features),0.7728008981473775,1.4075405002138293,8.076786962180991,0.955,0.7728008981473775,1,1,1,1
31415,64966,4.35,0,-1.3636610889102594,0,Classical (all features),-1.3373385795151864,-1.3232955317894972,-3.1294801087506623,0.07,-1.3373385795151864,0,0,0,0
31415,262733,60.97,0,-0.22977432433265288,0,Classical (all features),-1.0633132170098776,-0.6114808086398823,-3.2017778407257667,0.095,-1.0633132170098776,0,0,0,0
31415,156201,3.6,0,-0.591122016949857,0,Classical (all features),-0.6289008770930775,-1.0329883809859348,-4.111785201920589,0.185,-0.6289008770930775,0,0,0,0
31415,247944,6.99,0,-1.151572265990204,0,Classical (all features),-1.39916194095876,-1.226712722474883,-1.7325596651648718,0.065,-1.39916194095876,0,0,0,0
31415,56358,0.77,0,-1.1619341440271709,0,Classical (all features),-1.7472183890551138,-1.0708626214906296,-1.9354341922423686,0.09,-1.7472183890551138,0,0,0,0
31415,30495,125.9,0,-0.7360023643981071,0,Classical (all features),-0.7615718543043319,-0.951371380739899,-2.814809469504331,0.225,-0.7615718543043319,0,0,0,0
31415,136795,133.95,0,-0.6985097469613109,0,Classical (all features),-0.3934662399756181,-0.8583918459821697,-4.028027327433759,0.06,-0.3934662399756181,0,0,0,0
31415,541,0.0,1,0.370820171988258,1,Classical (all features),0.5363851859412259,0.9341278006845606,6.545455817644506,0.94,0.5363851859412259,1,1,1,1
31415,145095,1.52,0,-1.166896347939907,0,Classical (all features),-1.0543973746537545,-1.0859936550196707,-2.639339950417588,0.055,-1.0543973746537545,0,0,0,0
31415,29773,511.61,0,-0.349255405039846,0,Classical (all features),-0.4140726232977234,0.049395813486400986,-2.9595993679818373,0.315,-0.4140726232977234,1,0,0,0
31415,44195,111.18,0,-1.1039766178533779,0,Classical (all features),-1.3130252818922048,-1.143045342299084,-2.1140645551835897,0.005,-1.3130252818922048,0,0,0,0
31415,273121,9.58,0,-1.2945696295040487,0,Classical (all features),-0.763296353530782,-1.3631415497546682,-2.5290274383326046,0.05,-0.763296353530782,0,0,0,0
31415,35989,18.96,0,-1.3455115758284422,0,Classical (all features),-1.5771634993710986,-1.1408640853120708,-1.174997250221077,0.015,-1.5771634993710986,0,0,0,0
31415,153444,23.8,0,-0.41846929730644433,0,Classical (all features),-0.03565169493177542,-0.9278611218911227,-3.24709470946623,0.075,-0.03565169493177542,0,0,0,0
31415,216248,121.42,0,-0.8748150579603644,0,Classical (all features),-0.7348408079844924,-1.1152862977399112,-3.1945133795929466,0.02,-0.7348408079844924,0,0,0,0
31415,277623,8.93,0,-0.6597255611593256,0,Classical (all features),-0.584527662970241,-1.1582618696576463,-4.1624387253045825,0.005,-0.584527662970241,0,0,0,0
31415,26740,15.0,0,-1.1694610229351028,0,Classical (all features),-0.9094728411212754,-1.240465463494524,-3.6169493353894473,0.03,-0.9094728411212754,0,0,0,0
31415,146893,228.18,0,-1.4288947866850348,0,Classical (all features),-0.8242237248696549,-1.2624275723678289,-2.947342430744834,0.01,-0.8242237248696549,0,0,0,0
31415,137031,9.91,0,-0.8920549089952916,0,Classical (all features),-0.9437727875703679,-0.9012711712103979,-0.9294219350263336,0.08,-0.9437727875703679,0,0,0,0
31415,31098,96.0,0,-1.2082165764918449,0,Classical (all features),-1.2522843685468585,-0.9088620106579045,-1.9212956104288224,0.105,-1.2522843685468585,0,0,0,0
31415,158529,57.8,0,-0.39620213438356566,0,Classical (all features),-0.23913696547997998,-0.9750524931633816,-5.5018724131032855,0.035,-0.23913696547997998,0,0,0,0
31415,123238,1.0,1,0.7990253503068285,1,Classical (all features),0.7750523676950662,1.2111157990939951,1.6465371127672843,0.905,0.7750523676950662,1,1,1,1
31415,94735,39.99,0,-0.859333430993936,0,Classical (all features),-1.5734611521464872,-0.8732794247127161,-1.2921309742824874,0.03,-1.5734611521464872,0,0,0,0
31415,157497,2.21,0,-0.5377859945009998,0,Classical (all features),-0.38496984571295184,-0.704776321598681,-2.6832528783820244,0.19,-0.38496984571295184,0,0,0,0
31415,272578,7.56,0,0.23346904051924827,1,Classical (all features),-0.31649271120240474,-0.011370562971392717,-0.06294048494965832,0.44,-0.31649271120240474,1,0,0,0
31415,72771,0.23,0,-0.553219090423941,0,Classical (all features),-0.16231278601343296,-0.3531543476946365,-0.9193932171196165,0.235,-0.16231278601343296,0,0,0,0
31415,81662,12.99,0,-1.1315558520898994,0,Classical (all features),-1.446419588265093,-0.8061286937477817,-1.1111028690151206,0.17,-1.446419588265093,0,0,0,0
31415,79111,799.0,0,0.2412661196381561,1,Classical (all features),-0.6275807569788712,0.09893682785147762,0.48772770032667256,0.53,-0.6275807569788712,1,0,0,0
31415,88897,1.1,1,0.5266121663902932,1,Classical (all features),0.418014476783824,1.838048647453776,14.73152171166519,0.885,0.418014476783824,1,1,1,1
31415,239499,50.0,1,0.06507647989399479,1,Classical (all features),0.5155374801232311,0.17417193936886732,5.598502341813881,0.89,0.5155374801232311,1,1,1,1
31415,51305,48.42,0,-1.122669175437068,0,Classical (all features),-1.020874145949717,-1.3145713034765647,-2.66080999838053,0.0,-1.020874145949717,0,0,0,0
31415,30122,316.0,0,-0.17151674507973025,0,Classical (all features),-0.9614406102687743,-0.41254000313500094,-0.4291281896682294,0.255,-0.9614406102687743,0,0,0,0
31415,118867,118.0,0,-0.9021206604322263,0,Classical (all features),-0.9202229980510928,-1.4699600514286888,-4.2573841218154405,0.045,-0.9202229980510928,0,0,0,0
31415,188050,45.0,0,-1.3562153152422263,0,Classical (all features),-1.4305744754546963,-1.3680268163516889,-2.796659098547084,0.005,-1.4305744754546963,0,0,0,0
31415,44943,17.49,0,-0.6431633353268786,0,Classical (all features),-1.0565015566095428,-1.0417162981906896,-0.5882742965034301,0.675,-1.0565015566095428,0,0,0,0
31415,43061,34.12,1,0.44894816124894843,1,Classical (all features),0.381273777518667,1.420271443042799,29.60535584692118,0.935,0.381273777518667,1,1,1,1
31415,51901,43.06,0,-1.1634764904038384,0,Classical (all features),-1.2811861684879153,-1.1301895016873345,-1.2790146140752041,0.16,-1.2811861684879153,0,0,0,0
31415,142912,1.5,0,-0.9595981057042664,0,Classical (all features),-1.5820715341031615,-0.9837559967986368,-2.4261778205845035,0.03,-1.5820715341031615,0,0,0,0
31415,149357,38.76,1,-0.39182717608628903,0,Classical (all features),0.21713082741115317,-0.1980467421391997,3.597963439430041,0.775,0.21713082741115317,0,1,1,1
31415,42609,83.38,1,0.5077931787043474,1,Classical (all features),0.40705380889270765,1.5010000726020083,31.162223392033134,0.98,0.40705380889270765,1,1,1,1
31415,18127,66.4,0,-0.8589857634460594,0,Classical (all features),-1.5556809438234285,-1.3260913083179116,-2.850897264400106,0.11,-1.5556809438234285,0,0,0,0
31415,275624,177.87,0,-0.9828197031358017,0,Classical (all features),-0.9880952187501846,-1.2479542889891495,-2.239796844894887,0.045,-0.9880952187501846,0,0,0,0
31415,165978,10.0,0,-1.142078235861705,0,Classical (all features),-0.46136076546965904,-1.2993659265414759,-2.9539157419161155,0.1,-0.46136076546965904,0,0,0,0
31415,16560,43.99,0,-1.1152986135351641,0,Classical (all features),-1.6139485786491887,-1.222989229850342,-1.076650063473405,0.065,-1.6139485786491887,0,0,0,0
31415,27738,125.3,1,1.1313897140699494,1,Classical (all features),0.4969949154731196,1.7610058317219162,11.944849575362358,0.945,0.4969949154731196,1,1,1,1
31415,150399,29.98,0,-1.228381609584588,0,Classical (all features),-0.9592046578442188,-1.304772922033509,-3.844790627284524,0.02,-0.9592046578442188,0,0,0,0
31415,247547,234.57,0,-1.0952134018189348,0,Classical (all features),-0.281416781125367,-0.7248838517974051,-1.1841994211495783,0.22,-0.281416781125367,0,0,0,0
31415,246225,4.47,0,-0.827770696136543,0,Classical (all features),-1.3720901461937498,-1.0599817888130487,-1.4969285448708822,0.015,-1.3720901461937498,0,0,0,0
31415,143728,1.0,1,0.9145633418219744,1,Classical (all features),0.5396132744893578,2.036247804350282,14.51791287294833,0.96,0.5396132744893578,1,1,1,1
31415,21404,37.03,0,-1.2108208730296153,0,Classical (all features),-1.7048470931942261,-0.6506105156477823,-0.27667188970544,0.06,-1.7048470931942261,0,0,0,0
31415,151008,1.0,1,1.000301280188508,1,Classical (all features),1.0003590706502634,0.9995614408731718,31.26759635084988,0.975,1.0003590706502634,1,1,1,1
31415,31575,25.8,0,-0.07076206425475229,1,Classical (all features),-0.8184614660095411,-0.9224024333261173,-1.6359775421298663,0.25,-0.8184614660095411,0,0,0,0
31415,253646,164.0,0,-1.1577418894534843,0,Classical (all features),-1.1324487424660108,-0.8426079007988515,-0.33952029431092734,0.19,-1.1324487424660108,0,0,0,0
31415,49051,80.0,0,-0.20257557696000783,0,Classical (all features),-0.5682774296587796,-0.8489464181722713,-1.4695405545043658,0.2,-0.5682774296587796,0,0,0,0
31415,169966,200.0,0,-0.8508490535264914,0,Classical (all features),-0.6765521680889899,-0.7851642545251311,-2.224352620084106,0.195,-0.6765521680889899,0,0,0,0
31415,279105,22.78,0,-1.1445726455343164,0,Classical (all features),-1.6104003237441988,-1.2840879514896266,-3.400007000307411,0.065,-1.6104003237441988,0,0,0,0
31415,239886,7.98,0,-0.544352258049967,0,Classical (all features),-0.47191082257625266,-0.8946219889272949,-2.218432501130076,0.235,-0.47191082257625266,0,0,0,0
31415,189054,35.0,0,-0.6867209189064483,0,Classical (all features),-0.3908415805135031,-0.751941918127968,-4.042983215750484,0.205,-0.3908415805135031,0,0,0,0
31415,57470,0.76,1,0.3259503926443313,1,Classical (all features),0.5655266503217158,1.1110915501232124,7.823730237999928,0.885,0.5655266503217158,1,1,1,1
31415,260105,1.98,0,-1.202514051497253,0,Classical (all features),-0.6560792242653515,-1.0964013118530853,-1.3893679578044944,0.045,-0.6560792242653515,0,0,0,0
31415,280777,172.82,0,-0.4514546590981353,0,Classical (all features),-0.20917557830314648,-0.026939882927219272,-1.4105373880878123,0.825,-0.20917557830314648,1,0,1,0
31415,214662,120.54,1,0.5919131849606963,1,Classical (all features),0.3756014195553935,1.4519396297909335,11.272031184082254,0.935,0.3756014195553935,1,1,1,1
31415,12261,1.0,1,0.8362803005509385,1,Classical (all features),0.8954313615387726,1.1073789195767483,33.17843181909732,1.0,0.8954313615387726,1,1,1,1
31415,204064,345.0,1,0.712552691522848,1,Classical (all features),0.7168355780148543,1.7752941623896354,6.148108823353337,0.925,0.7168355780148543,1,1,1,1
31415,164442,211.78,0,-0.7809416255697861,0,Classical (all features),-1.3056294608323644,-0.6845044516600277,-2.307601137278389,0.15,-1.3056294608323644,0,0,0,0
31415,58749,161.19,0,-0.8682556959026126,0,Classical (all features),-1.617436940749956,-0.7065033915800921,-0.3716201919432073,0.435,-1.617436940749956,0,0,0,0
31415,21055,1.79,0,-1.1505344437382738,0,Classical (all features),-0.4611285734779745,-1.0189098155390317,-3.8542145463357254,0.22,-0.4611285734779745,0,0,0,0
31415,246006,17.0,0,-1.0245263787696117,0,Classical (all features),-1.50180555803308,-1.327029304272001,-2.3191690587679803,0.03,-1.50180555803308,0,0,0,0
31415,22208,103.98,0,-0.5105071813676806,0,Classical (all features),-0.940547538694247,-0.3759710577264016,0.14420733504401229,0.21,-0.940547538694247,0,0,0,0
31415,119074,30.0,0,-1.2222709473070106,0,Classical (all features),-1.3179174298548724,-0.6958554479502564,-1.1041674355641837,0.335,-1.3179174298548724,0,0,0,0
31415,26032,100.0,0,-0.8657924098844125,0,Classical (all features),-0.5789309344512752,-0.9559069257060319,-1.2589797038222748,0.295,-0.5789309344512752,0,0,0,0
31415,166934,1.98,0,-0.8652519153737883,0,Classical (all features),-1.17214888790714,-0.854625962515828,-0.49621096205586557,0.055,-1.17214888790714,0,0,0,0
31415,223366,1.0,1,0.421152163519477,1,Classical (all features),0.672530995575155,1.8614749819478837,8.357392466880503,0.975,0.672530995575155,1,1,1,1
31415,153095,5.0,0,-1.185532699652785,0,Classical (all features),-0.33287646617225203,-1.0551085680721113,-2.8499782304194623,0.0,-0.33287646617225203,0,0,0,0
31415,117621,99.98,0,-0.6127254562110143,0,Classical (all features),-0.8077664854232272,-1.1541006627287462,-1.910050026562764,0.055,-0.8077664854232272,0,0,0,0
31415,243699,1.0,1,0.2608212712963697,1,Classical (all features),0.22298290688160136,2.2513975252051868,15.137503465961139,0.995,0.22298290688160136,1,1,1,1
31415,207992,402.4,0,-0.8297970782310715,0,Classical (all features),-0.7082159471917957,-0.739090571578689,-1.6256440977697015,0.325,-0.7082159471917957,0,0,0,0
31415,245363,105.78,0,-0.42381842059861496,0,Classical (all features),-1.1046113063427851,-0.6362549184736915,-0.2203038537693548,0.285,-1.1046113063427851,0,0,0,0
31415,46186,199.1,0,-1.0469231118084452,0,Classical (all features),-1.2647736658478372,-0.9648952336243494,-1.7274904999384169,0.19,-1.2647736658478372,0,0,0,0
31415,64460,99.99,1,1.0529202639919557,1,Classical (all features),0.923542516303663,1.744209829183636,17.872536568264405,0.965,0.923542516303663,1,1,1,1
31415,136386,25.0,0,-1.2480971782140087,0,Classical (all features),-0.6370337926241874,-1.2360949091002778,-2.638019868293959,0.02,-0.6370337926241874,0,0,0,0
31415,34213,0.89,0,-1.2455409214402005,0,Classical (all features),-1.2063290452826851,-1.1894033989919146,-2.099135369841217,0.005,-1.2063290452826851,0,0,0,0
31415,4442,54.43,0,-0.828166178299977,0,Classical (all features),-1.5728563133355264,-1.2626761678706493,-1.8706745950435364,0.07,-1.5728563133355264,0,0,0,0
31415,61862,1534.0,0,0.3767481112597056,1,Classical (all features),0.1719008858119231,0.570580705568275,0.7950565688820906,0.43,0.1719008858119231,1,0,0,1
31415,76612,11.2,0,-1.1773027135595018,0,Classical (all features),-1.181347142285854,-1.1562902895189002,-3.597786844312862,0.065,-1.181347142285854,0,0,0,0
31415,53798,8.13,0,-1.0074519432978,0,Classical (all features),-1.4195735612080629,-1.04793227500687,-1.044380408253752,0.055,-1.4195735612080629,0,0,0,0
31415,109657,111.0,0,-0.5862979800459186,0,Classical (all features),-0.7114967301196511,-1.145070541259214,-2.500514222177496,0.06,-0.7114967301196511,0,0,0,0
31415,230071,3.79,0,-1.448593891186754,0,Classical (all features),-1.5111325839110101,-0.9989626914743023,-1.254143885759166,0.08,-1.5111325839110101,0,0,0,0
31415,223578,8.9,1,0.5142064144056053,1,Classical (all features),0.5409577335485725,0.827479026887001,7.603985028766312,0.92,0.5409577335485725,1,1,1,1
31415,102323,21.78,0,-1.3708520180684127,0,Classical (all features),-1.408834353147185,-1.1857085559163103,-2.6150017845862066,0.08,-1.408834353147185,0,0,0,0
31415,127979,35.99,0,-1.0849151523020413,0,Classical (all features),-1.6566679278733019,-1.1418788808539384,-2.893365524243572,0.085,-1.6566679278733019,0,0,0,0
31415,148364,4.49,0,-1.1743265244802303,0,Classical (all features),-1.3763020954050567,-1.3609811447768179,-3.2044090978183193,0.06,-1.3763020954050567,0,0,0,0
31415,249322,13.99,0,-0.8430458074672909,0,Classical (all features),-1.006693026924598,-1.2910408891966623,-2.133767742011424,0.125,-1.006693026924598,0,0,0,0
31415,15736,99.99,1,0.6507735932802041,1,Classical (all features),0.558586018951815,1.2141901846407122,30.327329157079863,0.985,0.558586018951815,1,1,1,1
31415,182160,29.0,0,-0.9989731919980502,0,Classical (all features),-1.349823404729224,-0.9644653320989386,-2.24039053108444,0.105,-1.349823404729224,0,0,0,0
31415,168383,18.88,0,-1.314288806094587,0,Classical (all features),-1.0983733005338283,-1.3196938457818002,-1.516910484862101,0.025,-1.0983733005338283,0,0,0,0
31415,27362,1.52,1,-0.7938857793423781,0,Classical (all features),-1.6884511357316738,-0.9151221198564036,-1.1222640627567642,0.33,-1.6884511357316738,0,0,0,0
31415,71656,20.17,0,-1.1005186868550758,0,Classical (all features),-0.9139253788512098,-1.0331655495495418,-1.1326542950752199,0.31,-0.9139253788512098,0,0,0,0
31415,6820,1.0,1,0.6536203375617498,1,Classical (all features),0.8190401378104202,1.8348445934326554,12.926496085944386,0.93,0.8190401378104202,1,1,1,1
31415,254209,2.0,0,-0.5326928739844203,0,Classical (all features),-1.12515833884332,-0.75317408253649,-1.792580086771237,0.215,-1.12515833884332,0,0,0,0
31415,108537,15.0,0,-1.2382974980935562,0,Classical (all features),-1.7366963634139727,-1.251687493680282,-2.2459097247584983,0.0,-1.7366963634139727,0,0,0,0
31415,192584,362.55,1,0.5155991019053395,1,Classical (all features),0.6069485505986978,1.824543809868132,11.785764015275285,0.95,0.6069485505986978,1,1,1,1
31415,230335,219.0,0,-0.9470847839621637,0,Classical (all features),-1.5852868764151036,-0.9476750896509089,-2.629318601522767,0.12,-1.5852868764151036,0,0,0,0
31415,208189,42.36,0,-0.7637514684936684,0,Classical (all features),-0.9831698188174871,-1.2774230136794165,-3.8072732933445006,0.23,-0.9831698188174871,0,0,0,0
31415,253516,10.0,0,-1.268330645297511,0,Classical (all features),-1.602532911305205,-1.3875999164326736,-2.6783371072159867,0.005,-1.602532911305205,0,0,0,0
31415,48094,24.9,1,0.843632700312052,1,Classical (all features),0.5113683782696384,1.251962175291116,6.184835459923668,0.93,0.5113683782696384,1,1,1,1
31415,100048,4.57,0,0.27809501875921866,1,Classical (all features),-0.8465570286653248,0.22981872510051216,-0.48675303269997927,0.46,-0.8465570286653248,1,0,0,0
31415,161935,9.99,0,-0.9290163469505683,0,Classical (all features),-1.2232857707218192,-1.4813932121791455,-3.5598823019810806,0.135,-1.2232857707218192,0,0,0,0
31415,100312,123.0,0,-1.3210775808756345,0,Classical (all features),-1.425517501530902,-0.9846441328112282,-1.76785444312744,0.125,-1.425517501530902,0,0,0,0
31415,142867,161.5,0,-1.0665255221111107,0,Classical (all features),-0.6426616109651071,-1.4281771646304633,-3.2561036159733505,0.03,-0.6426616109651071,0,0,0,0
31415,28621,1.52,0,-0.9753008271872887,0,Classical (all features),-0.9193023135877711,-1.1950183117769817,-2.0983218372407775,0.09,-0.9193023135877711,0,0,0,0
31415,10801,1.0,1,0.44686934950754126,1,Classical (all features),0.18893990560038745,1.0187272031654881,32.69074563423861,0.98,0.18893990560038745,1,1,1,1
31415,115268,14.99,0,-1.2290384466442419,0,Classical (all features),-0.7274626380290856,-1.3997185242443724,-4.182225824959765,0.0,-0.7274626380290856,0,0,0,0
31415,149145,6.99,1,-0.4954643715277772,0,Classical (all features),0.14761892477887067,-0.1735916493528401,-1.6682066462485037,0.66,0.14761892477887067,0,0,0,1
31415,168566,1.98,0,-0.5643153413381794,0,Classical (all features),-0.8165375095676957,-0.6796120762578294,-1.6119927223118187,0.07,-0.8165375095676957,0,0,0,0
31415,271210,1.0,0,-1.0834844513883595,0,Classical (all features),-0.5619335884537491,-1.301387242583762,-3.264002146273991,0.045,-0.5619335884537491,0,0,0,0
31415,283808,13.61,0,-0.38898097059739833,0,Classical (all features),-0.278149258327628,-0.6604820636704586,-3.9841528575982372,0.12,-0.278149258327628,0,0,0,0
31415,242589,13.7,0,-0.9086907474686343,0,Classical (all features),-0.9110897960984978,-1.381786669350753,-4.618418566285799,0.055,-0.9110897960984978,0,0,0,0
31415,131049,1.0,0,-0.7623537004715468,0,Classical (all features),-1.1626398071374744,-1.0800615570451924,-1.2927980563760264,0.06,-1.1626398071374744,0,0,0,0
31415,214735,1.0,0,-0.8566767659995953,0,Classical (all features),-1.0666414778667723,-1.2546833517898333,-2.5028822387472807,0.035,-1.0666414778667723,0,0,0,0
31415,3964,5.67,0,-1.0742705724392272,0,Classical (all features),-1.4012751967253598,-1.1828559759194044,-1.9501742014307437,0.09,-1.4012751967253598,0,0,0,0
31415,257236,106.07,0,-0.8855014947979856,0,Classical (all features),-0.7205120215967742,-1.0475881580946171,-2.225851927335993,0.115,-0.7205120215967742,0,0,0,0
31415,165805,3.59,0,-1.2953304458517407,0,Classical (all features),-1.6784842144386776,-1.1882450562073514,-1.6519047251108425,0.11,-1.6784842144386776,0,0,0,0
31415,202986,59.29,0,-1.0042158091252606,0,Classical (all features),-1.7670806073109542,-1.1773991647757507,-1.651155372904472,0.09,-1.7670806073109542,0,0,0,0
31415,70001,22.75,0,-1.2502217770246382,0,Classical (all features),-1.7515468071164497,-1.012692773728313,-1.9122777630203371,0.115,-1.7515468071164497,0,0,0,0
31415,108080,133.5,0,-1.2489813980614304,0,Classical (all features),-1.2234963527080767,-1.4030993062355632,-3.9713424745770385,0.0,-1.2234963527080767,0,0,0,0
31415,141207,1.98,0,-1.0211465601328904,0,Classical (all features),-1.05012558956647,-1.232474618668674,-2.9947480038954972,0.05,-1.05012558956647,0,0,0,0
31415,152223,8.64,1,0.6891185436689322,1,Classical (all features),0.5901567138895571,0.9927887327483302,32.557689052765454,0.95,0.5901567138895571,1,1,1,1
31415,21721,59.85,0,-0.2662081887613337,0,Classical (all features),-0.639187431129306,-0.6182741985944206,-3.0251867671425874,0.135,-0.639187431129306,0,0,0,0
31415,91840,79.8,0,-0.35922361845431783,0,Classical (all features),-0.8342941644928956,-0.3512397873896408,-2.196057916382029,0.365,-0.8342941644928956,0,0,0,0
31415,13376,105.0,0,-1.0285484841139871,0,Classical (all features),-1.1122533814628277,-1.289236056880854,-2.3183143104527035,0.045,-1.1122533814628277,0,0,0,0
31415,39973,1656.24,0,0.027760039249347612,1,Classical (all features),0.17941138549241506,0.9184044513755107,0.9725395902993174,0.63,0.17941138549241506,1,1,0,1
31415,48889,85.0,0,-1.1180785697537032,0,Classical (all features),-0.994334860546102,-1.0918164380844706,-2.9202319953528857,0.13,-0.994334860546102,0,0,0,0
31415,212516,0.01,1,0.7011702399982991,1,Classical (all features),0.5285049519664817,1.6891855283678159,10.666446353756827,0.955,0.5285049519664817,1,1,1,1
31415,69318,37.16,0,-0.9207937884112023,0,Classical (all features),-1.5543502639481204,-0.9706952298819395,-1.542830718045547,0.22,-1.5543502639481204,0,0,0,0
31415,15566,99.99,1,0.6161639736172952,1,Classical (all features),0.48838956117304166,1.2386943540481605,30.293783304972337,0.985,0.48838956117304166,1,1,1,1
31415,134444,12.67,0,-1.0445586742161876,0,Classical (all features),-0.6480781232758412,-0.9200557830154436,-3.598877924751933,0.135,-0.6480781232758412,0,0,0,0
31415,8335,1.0,1,0.42419510191698206,1,Classical (all features),0.22952616115907717,1.0654179328421132,28.69262518079215,0.97,0.22952616115907717,1,1,1,1
31415,11382,11.85,0,-1.0863228723345801,0,Classical (all features),-0.746877696519636,-1.4256537817426174,-3.5632585005596105,0.005,-0.746877696519636,0,0,0,0
31415,151248,7.58,0,-0.7881032783617179,0,Classical (all features),-0.05978031609811643,-1.1543776939512096,-5.023586455436467,0.015,-0.05978031609811643,0,0,0,0
31415,166624,77.0,0,-0.863124075269021,0,Classical (all features),-1.3718909933842531,-1.02843875495221,-3.0296950570097825,0.03,-1.3718909933842531,0,0,0,0
31415,131249,12.31,0,-1.0509735304463625,0,Classical (all features),-0.6953075129927044,-0.8177089100249525,-1.1699642923337268,0.01,-0.6953075129927044,0,0,0,0
31415,134465,280.0,0,-0.4118146816469366,0,Classical (all features),-1.0193049585282057,-0.5220711288614567,0.0323760972394006,0.305,-1.0193049585282057,0,0,0,0
31415,82087,108.72,0,-0.7149327813055504,0,Classical (all features),-0.9805143967137624,-0.46194559253955825,-2.317201151270366,0.245,-0.9805143967137624,0,0,0,0
31415,88767,4.79,0,-1.1621196984217714,0,Classical (all features),-1.3024999655806435,-1.1061691936729834,-1.7566959475620707,0.045,-1.3024999655806435,0,0,0,0
31415,39864,15.98,0,-1.0905384372126776,0,Classical (all features),-1.7894814238261916,-1.2450517661438596,-2.4285442212268347,0.005,-1.7894814238261916,0,0,0,0
31415,248778,16.45,0,-0.9970686220495162,0,Classical (all features),-1.0119668640452057,-0.925257962279402,-0.5594253488175119,0.05,-1.0119668640452057,0,0,0,0
31415,222542,19.6,0,-0.9320274885197333,0,Classical (all features),-1.6486590925040931,-1.4417519380567279,-3.2693312935368826,0.035,-1.6486590925040931,0,0,0,0
31415,155765,1.0,0,-0.9287458833761653,0,Classical (all features),-0.7459366618128567,-1.2261823432841954,-4.0357646372908444,0.03,-0.7459366618128567,0,0,0,0
31415,187407,25.0,0,-1.1646979968787623,0,Classical (all features),-0.914919313659589,-1.263996737042541,-3.050469535146809,0.13,-0.914919313659589,0,0,0,0
31415,80692,34.95,0,-1.0244079166596685,0,Classical (all features),-1.826563813992502,-0.9568909584088049,-1.5377977469817719,0.02,-1.826563813992502,0,0,0,0
31415,91961,461.0,0,-0.21134571975064553,0,Classical (all features),0.1614662269417404,0.30421225640360616,-5.185040461131283,0.265,0.1614662269417404,1,0,0,1
31415,254344,187.11,1,-1.0264604688397079,0,Classical (all features),0.30413720412103623,-1.2347609184440258,-2.4347114466216255,0.09,0.30413720412103623,0,0,0,1
31415,281534,9.21,0,-0.804103164427878,0,Classical (all features),-0.8722868427864527,-0.8681519716110094,-1.9768433211093615,0.275,-0.8722868427864527,0,0,0,0
31415,45267,1.0,0,-0.43821379471233435,0,Classical (all features),-1.0633850241874416,-0.8668021972545074,-1.8640833250141355,0.7,-1.0633850241874416,0,0,1,0
31415,10204,11.39,1,0.24970389904177098,1,Classical (all features),0.2106579431944188,0.7145757916734127,2.3169151951643157,0.925,0.2106579431944188,1,1,1,1
31415,23575,40.28,0,-0.652879811932954,0,Classical (all features),-1.5165400583297528,-0.5188254856632114,-0.4878469650726124,0.065,-1.5165400583297528,0,0,0,0
31415,182947,10.0,0,-0.59673112913342,0,Classical (all features),-1.214116724923561,-0.5835507197160318,-0.8650496186008735,0.055,-1.214116724923561,0,0,0,0
31415,114271,16.48,1,0.06991480472787276,1,Classical (all features),0.5527386229353275,0.4283288319040969,5.607301766459907,0.81,0.5527386229353275,1,1,1,1
31415,226819,14.99,0,-1.244741347283868,0,Classical (all features),-1.4287055332448164,-1.3556547613776662,-2.432202022560325,0.01,-1.4287055332448164,0,0,0,0
31415,249000,106.49,0,-1.2074147703862517,0,Classical (all features),0.01607077170046936,-0.6418455536509354,-1.067696758930651,0.305,0.01607077170046936,0,0,0,0
31415,242880,177.46,0,-0.6127067216179551,0,Classical (all features),-1.0730795273095544,-0.7347657836456011,-1.3268110012441894,0.205,-1.0730795273095544,0,0,0,0
31415,26738,5.0,0,-0.7349014913672411,0,Classical (all features),-1.3364876509759405,-1.3163434811823436,-3.0664966894598993,0.095,-1.3364876509759405,0,0,0,0
31415,33935,8.42,0,-1.201423442985996,0,Classical (all features),-1.0761169760078098,-0.98653576516059,-2.1326326333908554,0.065,-1.0761169760078098,0,0,0,0
31415,219250,11.98,0,-1.2320862481648112,0,Classical (all features),-1.7506870728914452,-1.3632331785478233,-2.77750910183922,0.09,-1.7506870728914452,0,0,0,0
31415,163872,4.49,0,-1.0255446462326374,0,Classical (all features),-1.7253125234207707,-1.2131276304224552,-1.6844026393862621,0.09,-1.7253125234207707,0,0,0,0
31415,42756,0.0,1,0.3112612756994049,1,Classical (all features),0.6171288992588835,1.2646382369842297,30.066004923750786,0.97,0.6171288992588835,1,1,1,1
31415,31971,171.68,0,-0.761387280493897,0,Classical (all features),-0.8004983980375124,-0.5471690952239866,-1.1278467546002506,0.145,-0.8004983980375124,0,0,0,0
31415,116403,9.99,0,-1.121987991207981,0,Classical (all features),-1.2554419896642222,-1.2392116967676468,-1.7949013295095528,0.015,-1.2554419896642222,0,0,0,0
31415,3856,5.55,0,-1.3855898569201224,0,Classical (all features),-1.572158953699045,-1.2006416575454053,-1.674182306006676,0.0,-1.572158953699045,0,0,0,0
31415,95377,4.99,0,-1.308854693081157,0,Classical (all features),-0.9249092231580098,-1.0676082068678219,-2.8015599515930876,0.02,-0.9249092231580098,0,0,0,0
31415,83417,5.91,1,0.42879516250200256,1,Classical (all features),0.4989251276557952,1.9380562974494038,10.760385138948232,1.0,0.4989251276557952,1,1,1,1
31415,147922,32.98,0,-1.1295090893121,0,Classical (all features),-0.5557844407594419,-1.180756918194898,-3.124867803133354,0.205,-0.5557844407594419,0,0,0,0
31415,154281,18.11,0,-0.8841998988462041,0,Classical (all features),-0.7482742388924926,-1.0418400343067917,-3.9453514914989394,0.015,-0.7482742388924926,0,0,0,0
31415,84265,2.99,0,-1.1461822085998141,0,Classical (all features),-1.7890832200232776,-1.0998343193353888,-1.8386194419718929,0.0,-1.7890832200232776,0,0,0,0
31415,246982,5.0,0,-0.12490344908006656,0,Classical (all features),-1.0461844183627096,-1.0124405897695228,-2.527633060546948,0.085,-1.0461844183627096,0,0,0,0
31415,132808,1.29,0,-1.0618027684602287,0,Classical (all features),-1.722092200248121,-0.8970779433668422,-1.1256169779455014,0.12,-1.722092200248121,0,0,0,0
31415,262383,7.98,0,-1.3230040638330727,0,Classical (all features),-1.452002252797476,-1.2773689538335424,-2.3638227198964645,0.02,-1.452002252797476,0,0,0,0
31415,244400,9.99,0,-1.394436085091811,0,Classical (all features),-0.9403133921393345,-1.230076442273186,-3.5109357650222157,0.095,-0.9403133921393345,0,0,0,0
31415,229977,1.29,0,-1.1120521444764555,0,Classical (all features),-1.1346550230606742,-1.2910037207496807,-2.1309324986398757,0.005,-1.1346550230606742,0,0,0,0
31415,56207,154.64,0,-0.6917957080703032,0,Classical (all features),-0.547095585637547,-0.6363744477206715,-2.790917732139313,0.615,-0.547095585637547,0,0,0,0
31415,186089,1073.62,0,0.5582478907871467,1,Classical (all features),-0.521922822074506,0.4770803630112648,0.0838423763783177,0.455,-0.521922822074506,1,0,0,0
31415,43364,1.0,0,-0.8949444621135454,0,Classical (all features),-0.4035331428280003,-0.7938766757797117,-1.2855884956356136,0.04,-0.4035331428280003,0,0,0,0
31415,52270,135.37,0,-1.1622619970366779,0,Classical (all features),-1.4452341072316683,-1.024122627350387,-1.3597515303762795,0.115,-1.4452341072316683,0,0,0,0
31415,123515,3.58,0,-1.1008573275378688,0,Classical (all features),-1.682637968156968,-1.1448225695813528,-1.4881697796615496,0.0,-1.682637968156968,0,0,0,0
31415,15751,99.99,1,0.6795905691765374,1,Classical (all features),0.6340788708064062,1.1896298375673613,30.36083573312333,0.99,0.6340788708064062,1,1,1,1
31415,79954,63.32,0,-1.3206377592907248,0,Classical (all features),-0.8502889940312763,-1.3994825873909864,-2.5419791864307504,0.04,-0.8502889940312763,0,0,0,0
31415,108818,58.63,0,-1.1401439635294142,0,Classical (all features),-0.9696845396062206,-1.3614063957330194,-2.322709163106698,0.005,-0.9696845396062206,0,0,0,0
31415,5801,17.99,0,-0.6256216155803207,0,Classical (all features),-0.7015930924739939,-1.0468852960764186,-4.543773633957578,0.055,-0.7015930924739939,0,0,0,0
31415,238382,128.6,0,-1.1101396562430828,0,Classical (all features),-1.3515301090589955,-1.2072351879187946,-3.718539623221362,0.12,-1.3515301090589955,0,0,0,0
31415,78670,50.0,0,-0.9526495357058842,0,Classical (all features),-0.9650644295398021,-1.277973994664268,-2.922144778160217,0.02,-0.9650644295398021,0,0,0,0
27182,260586,24.0,0,-1.300853819299514,0,Classical (all features),-0.5672176859176135,-1.2851941773280644,-4.55204276781554,0.14,-0.5672176859176135,0,0,0,0
27182,587,0.77,0,-1.4326810393679188,0,Classical (all features),-1.0644095381918033,-1.3356764797148368,-4.7768101452901375,0.015,-1.0644095381918033,0,0,0,0
27182,191505,65.0,0,-1.260292865621174,0,Classical (all features),-1.2367971539676743,-1.698079906674086,-5.642632950137173,0.0,-1.2367971539676743,0,0,0,0
27182,207405,3.59,0,-1.303051579173525,0,Classical (all features),-1.6389787984016158,-1.388105862999116,-4.1699984835122725,0.01,-1.6389787984016158,0,0,0,0
27182,233386,1.98,0,-1.2922160828077005,0,Classical (all features),-1.169908607580819,-1.4194056249818736,-4.947791897500493,0.055,-1.169908607580819,0,0,0,0
27182,194371,48.32,0,-1.4260400268934341,0,Classical (all features),-1.641293957979283,-1.6634493832788366,-4.764322388515358,0.0,-1.641293957979283,0,0,0,0
27182,42887,37.32,1,0.6271230879414822,1,Classical (all features),0.21855782492877854,0.6141314200367411,46.78904485491534,0.94,0.21855782492877854,1,1,1,1
27182,217439,80.03,0,-1.4396519121511733,0,Classical (all features),-1.0466080262529958,-1.1342350080930284,-2.2330685371790175,0.16,-1.0466080262529958,0,0,0,0
27182,143588,136.0,0,-0.6107464332239471,0,Classical (all features),-0.41514039489283483,-1.1311700637967834,-1.4530486676641692,0.09,-0.41514039489283483,0,0,0,0
27182,122349,2.5,0,-0.5650090673048356,0,Classical (all features),-0.9376460489733084,-0.7856474667746862,-4.200218540275787,0.255,-0.9376460489733084,0,0,0,0
27182,239395,9.99,0,-1.1985067763953174,0,Classical (all features),-1.4851168764760119,-1.4072861450201952,-3.95343767657038,0.05,-1.4851168764760119,0,0,0,0
27182,150737,13.99,0,-1.222211764336166,0,Classical (all features),-1.2689885135284085,-0.9649598987104708,-2.940777688188866,0.07,-1.2689885135284085,0,0,0,0
27182,184981,25.95,0,-1.5582099131928686,0,Classical (all features),-1.0864412952851255,-1.4534806094381012,-4.361117862247406,0.0,-1.0864412952851255,0,0,0,0
27182,273855,127.45,0,-1.392810826391051,0,Classical (all features),-1.2625712070436077,-1.4977677526037656,-3.747845061711145,0.0,-1.2625712070436077,0,0,0,0
27182,135291,14.66,0,-1.2477119113219168,0,Classical (all features),-0.3129644403518367,-1.6572539623549134,-6.0272735793564145,0.005,-0.3129644403518367,0,0,0,0
27182,80476,9.99,0,-1.357880801626457,0,Classical (all features),-1.6988338548091089,-1.586927348693059,-4.492325073794796,0.005,-1.6988338548091089,0,0,0,0
27182,165036,90.67,0,-1.2696411915661336,0,Classical (all features),-1.6955079426608048,-1.710867448537571,-5.330184192795196,0.0,-1.6955079426608048,0,0,0,0
27182,100623,549.06,1,-0.5533007308581832,0,Classical (all features),-0.6746750303368318,-0.006700730576740366,-3.495571779686592,0.09,-0.6746750303368318,0,0,0,0
27182,60404,1.79,0,-1.2577131783604818,0,Classical (all features),-1.2326884956881436,-1.2311352174219055,-4.371517317782449,0.005,-1.2326884956881436,0,0,0,0
27182,81716,87.48,0,-1.1857410663836223,0,Classical (all features),-1.5071244600870621,-1.5179334631661607,-5.401322252095964,0.005,-1.5071244600870621,0,0,0,0
27182,111706,0.12,0,-0.8310160039774653,0,Classical (all features),-0.9362946591464562,-1.3408707395847346,-7.05584773381571,0.04,-0.9362946591464562,0,0,0,0
27182,139966,19.8,0,-1.1995966571512375,0,Classical (all features),-0.742170537612458,-1.2560399681448309,-0.8055658717256741,0.05,-0.742170537612458,0,0,0,0
27182,84307,258.99,0,-1.0556518686748757,0,Classical (all features),-0.10888485571375803,-1.0782142155698318,-1.5624749454469669,0.255,-0.10888485571375803,0,0,0,0
27182,118603,709.0,0,0.08617947552140637,1,Classical (all features),-0.169028858702469,-0.039935957844834835,-1.0215718709031538,0.435,-0.169028858702469,0,0,0,0
27182,244114,7.86,0,-1.2200568975441524,0,Classical (all features),-1.2816344865933196,-1.5248838483346896,-5.632092473578038,0.05,-1.2816344865933196,0,0,0,0
27182,109557,319.99,0,-0.83448528502948,0,Classical (all features),-0.8618524782739055,-1.02673056758342,-1.6710338892407175,0.01,-0.8618524782739055,0,0,0,0
27182,259075,230.0,0,-1.366937425148612,0,Classical (all features),-1.3315282259438044,-1.3352665365809138,-5.313076464388144,0.05,-1.3315282259438044,0,0,0,0
27182,48762,34.5,0,-1.5272442009842324,0,Classical (all features),-1.6824091382560304,-0.7181554767703631,-2.0513644779296785,0.03,-1.6824091382560304,0,0,0,0
27182,276071,19.95,1,-1.4919624004605105,0,Classical (all features),-1.3182333549949048,-1.5536286931922634,-3.923288787974475,0.0,-1.3182333549949048,0,0,0,0
27182,50941,22.07,0,-1.004890314006917,0,Classical (all features),-1.266754399684234,-1.2349550331781358,-4.665473086871174,0.01,-1.266754399684234,0,0,0,0
27182,117421,1.0,0,-0.870967373950828,0,Classical (all features),-0.4408992968592029,-0.9818199363653841,0.05742398795123249,0.05,-0.4408992968592029,0,0,0,0
27182,10690,1218.89,1,0.34681877147367157,1,Classical (all features),0.21569323341252572,0.5137223370726558,50.75040710352045,0.915,0.21569323341252572,1,1,1,1
27182,248060,42.95,0,-1.2498294521230102,0,Classical (all features),-1.235780736099963,-1.0920515722863602,-3.6292428748601737,0.025,-1.235780736099963,0,0,0,0
27182,111095,50.0,0,-0.5169411684672233,0,Classical (all features),-1.1082979826978576,-0.978174958966102,-4.145135249013581,0.035,-1.1082979826978576,0,0,0,0
27182,274784,120.34,0,-1.6197879055609579,0,Classical (all features),-1.4381105817987925,-1.5650152085280586,-3.3380200483348754,0.0,-1.4381105817987925,0,0,0,0
27182,58561,0.77,0,-1.2326048851986213,0,Classical (all features),-1.3411826809305192,-1.534070874879668,-5.140924066140061,0.0,-1.3411826809305192,0,0,0,0
27182,16016,11.53,0,-1.0951918061167665,0,Classical (all features),-1.09501393582671,-1.0012161992635966,-2.8517545992027373,0.035,-1.09501393582671,0,0,0,0
27182,45883,304.98,0,-1.3766356312851324,0,Classical (all features),-1.1648013588514237,-1.329199480581572,-1.4211579874272897,0.01,-1.1648013588514237,0,0,0,0
27182,253137,52.0,0,-1.213133976162998,0,Classical (all features),-1.2678642450459179,-1.3948250889344218,-4.27512506812093,0.03,-1.2678642450459179,0,0,0,0
27182,76853,0.89,0,-1.226251101046282,0,Classical (all features),-1.428194651899249,-1.3779244958992973,-5.001099139811258,0.005,-1.428194651899249,0,0,0,0
27182,20301,6.46,0,-1.2266230064207706,0,Classical (all features),-1.4537167989187396,-1.3281403507730443,-3.8360288580576447,0.0,-1.4537167989187396,0,0,0,0
27182,11826,1.78,0,-0.815619964365658,0,Classical (all features),-1.2836440893023497,-1.1197261881991656,-4.251607135659019,0.0,-1.2836440893023497,0,0,0,0
27182,34246,0.89,0,-1.5568631769540033,0,Classical (all features),-1.7086091447285257,-1.3558487982726133,-3.492583054250359,0.0,-1.7086091447285257,0,0,0,0
27182,88862,260.0,0,-1.2659768931936317,0,Classical (all features),-0.9850599617683332,-1.57232480276818,-3.8180201400158142,0.02,-0.9850599617683332,0,0,0,0
27182,217730,1.0,0,-1.2398481156806835,0,Classical (all features),-2.0193031638528725,-1.5902521179102278,-3.2544144222160933,0.0,-2.0193031638528725,0,0,0,0
27182,74938,1.0,0,-1.4544718226488556,0,Classical (all features),-0.8797685421165847,-1.0541497215882658,-3.2347476518783185,0.005,-0.8797685421165847,0,0,0,0
27182,179976,50.0,0,-1.2502750012552952,0,Classical (all features),-0.9171213810800475,-1.6792610194674529,-5.417280679520221,0.0,-0.9171213810800475,0,0,0,0
27182,41289,40.0,0,-1.5219654079711251,0,Classical (all features),-1.389529871178387,-1.348997634922703,-2.454799107185567,0.04,-1.389529871178387,0,0,0,0
27182,8842,0.0,1,0.7021053605446663,1,Classical (all features),0.6924274713143085,1.6849368188561678,23.1622979133177,0.915,0.6924274713143085,1,1,1,1
27182,226969,97.9,0,-1.387799545259412,0,Classical (all features),-1.9910669503370104,-1.5698447944432292,-4.190844355283341,0.0,-1.9910669503370104,0,0,0,0
27182,119104,34.0,0,-0.9127205738499221,0,Classical (all features),-1.3806626552852155,-1.360464969125529,-5.161205181973856,0.005,-1.3806626552852155,0,0,0,0
27182,124087,1.0,1,0.540425846037289,1,Classical (all features),0.8896419744626469,0.679764312514857,-0.035428281748327906,0.83,0.8896419744626469,1,0,1,1
27182,263599,274.2,0,-1.165138673067152,0,Classical (all features),-1.488624051247871,-1.3171784524113814,-1.2078474761629878,0.035,-1.488624051247871,0,0,0,0
27182,2809,0.76,0,-0.46771730195112327,0,Classical (all features),-0.8380328846890747,-0.43076830593311577,-1.5292468983375467,0.375,-0.8380328846890747,0,0,0,0
27182,218094,15.0,0,-1.17479405981598,0,Classical (all features),-1.5034773059590543,-1.5351330471364975,-5.140755186973356,0.015,-1.5034773059590543,0,0,0,0
27182,74880,7.83,0,-0.9688025871902995,0,Classical (all features),-1.59364298172601,-1.3922542023557214,-3.9078157962480016,0.015,-1.59364298172601,0,0,0,0
27182,43204,106.55,1,0.5873642308285657,1,Classical (all features),0.21575137940894132,0.5382777640209687,45.55927041231366,0.935,0.21575137940894132,1,1,1,1
27182,117987,0.89,0,-1.5806377009047008,0,Classical (all features),-1.6480488356202327,-1.444894103296836,-4.677966885326384,0.0,-1.6480488356202327,0,0,0,0
27182,93498,12.31,0,-1.201249663038075,0,Classical (all features),-0.8792927031552155,-1.1383828538698615,-1.8739711353863004,0.11,-0.8792927031552155,0,0,0,0
27182,28187,1.0,0,-1.0362054636656053,0,Classical (all features),-1.2290599421282957,-1.1929235009380825,-2.277857582040395,0.0,-1.2290599421282957,0,0,0,0
27182,196482,12.5,0,-1.1428094415618215,0,Classical (all features),-1.4530229932673204,-1.609287184313302,-5.098075089694172,0.0,-1.4530229932673204,0,0,0,0
27182,93480,202.74,0,0.35117647295749876,1,Classical (all features),-0.40712432285342204,0.017918311326328595,-0.9654840076047543,0.1,-0.40712432285342204,0,0,0,0
27182,98940,12.99,0,-1.4948319789737359,0,Classical (all features),-1.0023822140455367,-1.3260105392123096,-3.403645864199666,0.025,-1.0023822140455367,0,0,0,0
27182,261191,8.36,0,-1.4478617160598133,0,Classical (all features),-0.8143525533636907,-1.5894690032074306,-5.54262093512501,0.005,-0.8143525533636907,0,0,0,0
27182,269678,9.99,0,-1.0309274312716976,0,Classical (all features),-1.3754642744584697,-1.153079982108678,-3.9168066173184486,0.0,-1.3754642744584697,0,0,0,0
27182,11841,1.0,1,0.8098011283085607,1,Classical (all features),0.9890475310709858,1.0132299535173324,58.77516354397361,0.995,0.9890475310709858,1,1,1,1
27182,222898,14.0,0,-0.7234808102981621,0,Classical (all features),-0.2936298194799696,-0.04988026534167511,-0.2663463402499927,0.065,-0.2936298194799696,0,0,0,0
27182,6329,1.0,1,0.6781625373659161,1,Classical (all features),0.418623217865426,0.7931387497326567,9.67125316793179,0.655,0.418623217865426,1,1,1,1
27182,282722,55.0,0,-1.5226792468489139,0,Classical (all features),-1.6406195168898197,-1.3377177688272983,-1.8287574303815775,0.0,-1.6406195168898197,0,0,0,0
27182,254722,5.0,0,-1.1572847682698448,0,Classical (all features),-1.7443735476014628,-1.5542161357301572,-6.588053707310626,0.0,-1.7443735476014628,0,0,0,0
27182,204500,25.17,0,-1.6654588260674457,0,Classical (all features),-1.5745855676823333,-1.4463511491049297,-2.915926224129087,0.005,-1.5745855676823333,0,0,0,0
27182,261925,156.0,1,0.37720177332303084,1,Classical (all features),0.5273764142468924,0.45361350916460697,5.226659038540967,0.87,0.5273764142468924,1,1,1,1
27182,260628,64.4,0,-1.3782188823704122,0,Classical (all features),-1.4111053601769459,-1.5159610715418435,-4.1899837238716895,0.025,-1.4111053601769459,0,0,0,0
27182,265209,36.44,0,-1.1470586736347612,0,Classical (all features),-1.7926121442953495,-1.6642948054024553,-6.297168222537127,0.02,-1.7926121442953495,0,0,0,0
27182,254837,22.45,0,-1.2028520502175417,0,Classical (all features),-1.6045320266944267,-1.6256240710961172,-4.721220291529241,0.0,-1.6045320266944267,0,0,0,0
27182,242351,1.0,0,-0.8679800003881616,0,Classical (all features),-0.4116037496167607,-0.24868788698824162,-0.025889776798827868,0.14,-0.4116037496167607,0,0,0,0
27182,239923,0.01,0,-0.562904711487443,0,Classical (all features),-0.8726039247334211,-1.2654070901721317,-4.70968625620396,0.15,-0.8726039247334211,0,0,0,0
27182,42007,0.76,1,0.5738099002162711,1,Classical (all features),0.592278006750419,1.6505396887264225,21.781645465053728,0.87,0.592278006750419,1,1,1,1
27182,238081,22.19,0,-0.73338551091047,0,Classical (all features),-1.2858281491432333,-1.4513379524897339,-8.463883315457952,0.02,-1.2858281491432333,0,0,0,0
27182,150474,28.63,0,-1.083654819181393,0,Classical (all features),-1.1788798583031483,-1.469578557063184,-4.832718872564674,0.02,-1.1788798583031483,0,0,0,0
27182,109759,160.25,0,-0.8866381795960195,0,Classical (all features),-0.15652504739735376,-0.8358583696301156,-2.5443381290178944,0.215,-0.15652504739735376,0,0,0,0
27182,280993,24.99,0,-0.8206561881426956,0,Classical (all features),-0.9805555845492869,-1.7795770956953643,-8.135428224684702,0.045,-0.9805555845492869,0,0,0,0
27182,268521,9.09,0,-1.4540431150287896,0,Classical (all features),-1.1130847586120225,-1.361471148260756,-3.525158026280629,0.02,-1.1130847586120225,0,0,0,0
27182,119255,8.76,0,-1.3570696487312297,0,Classical (all features),-0.9526318202665219,-1.6071773044969073,-7.981906151423011,0.015,-0.9526318202665219,0,0,0,0
27182,175231,1.98,0,-1.113679882458991,0,Classical (all features),-1.9132275077588705,-1.3777191073381936,-2.0378401912238076,0.0,-1.9132275077588705,0,0,0,0
27182,11343,1.0,1,0.10550837985764416,1,Classical (all features),0.9026065800954615,1.0090817681350934,58.67315654236491,0.995,0.9026065800954615,1,1,1,1
27182,58688,12.36,0,-0.9092947145987175,0,Classical (all features),-1.2836754816087423,-1.2869415765683596,-5.46887026148843,0.0,-1.2836754816087423,0,0,0,0
27182,264924,3.86,0,-0.8387551831234917,0,Classical (all features),-0.9505993985191036,-1.169808379579804,-8.67473947646545,0.01,-0.9505993985191036,0,0,0,0
27182,126416,54.12,0,-1.413081074971382,0,Classical (all features),-1.4630873779663918,-1.6008491735657921,-6.247356892366491,0.0,-1.4630873779663918,0,0,0,0
27182,166794,8.99,0,-1.4475648856862748,0,Classical (all features),-1.8802567219318047,-1.438040939372459,-3.208528056372739,0.0,-1.8802567219318047,0,0,0,0
27182,41931,30.0,0,-1.3229257520311934,0,Classical (all features),-1.0512662773894639,-1.5474190399847236,-8.15846651754726,0.025,-1.0512662773894639,0,0,0,0
27182,10498,3.93,1,-0.8007614816365872,0,Classical (all features),-0.6775115209903286,-0.6412455625641551,-3.5497372628304666,0.11,-0.6775115209903286,0,0,0,0
27182,14197,99.99,1,0.6311601687301858,1,Classical (all features),0.7133060909100871,0.8198882430128012,43.842399096494056,0.995,0.7133060909100871,1,1,1,1
27182,172256,20.6,0,-0.9769847646243576,0,Classical (all features),-1.5893709451428737,-1.6820798420877,-7.255410261603338,0.0,-1.5893709451428737,0,0,0,0
27182,214662,120.54,1,0.9399819185834803,1,Classical (all features),0.5818726840534159,1.105805390290119,20.597577216424803,0.84,0.5818726840534159,1,1,1,1
27182,10568,1.0,1,0.33739793567004167,1,Classical (all features),0.9473743297203403,1.0499694745855261,57.53157811823199,0.97,0.9473743297203403,1,1,1,1
27182,241946,10.0,0,-1.223625471425294,0,Classical (all features),-0.7212875983061635,-1.067669051702456,-2.288961014395617,0.1,-0.7212875983061635,0,0,0,0
27182,169600,4.49,0,-1.3422432953154222,0,Classical (all features),-1.6701884891398178,-1.4081008380872035,-3.2445309307424925,0.015,-1.6701884891398178,0,0,0,0
27182,31049,8.4,0,-0.9175636399700396,0,Classical (all features),-1.200555104960592,-1.465434611414199,-5.6978126913216425,0.0,-1.200555104960592,0,0,0,0
27182,154533,0.89,0,-1.4100987834422467,0,Classical (all features),-1.0380562084191314,-0.7480284700290585,-3.1989500151773558,0.04,-1.0380562084191314,0,0,0,0
27182,140404,25.0,0,-1.319291123795813,0,Classical (all features),-1.5864794252907088,-1.7345678253345538,-4.685128393579426,0.0,-1.5864794252907088,0,0,0,0
27182,274586,5.49,0,-1.408234721791883,0,Classical (all features),-1.2592651480035486,-1.29866732287408,-1.023434752063653,0.005,-1.2592651480035486,0,0,0,0
27182,281302,741.66,0,-0.09038325073862119,1,Classical (all features),-0.695042623040144,-0.18545614896411777,-1.745851202142786,0.25,-0.695042623040144,0,0,0,0
27182,16780,99.99,1,0.7811306945522382,1,Classical (all features),0.47443114507847206,0.6696262106171182,44.24945507003898,0.94,0.47443114507847206,1,1,1,1
27182,10484,3.79,1,0.3668301808666155,1,Classical (all features),-0.335604934375346,0.5654785023004464,-0.748586565712788,0.63,-0.335604934375346,1,0,1,0
27182,154676,2.28,1,0.6208088348049794,1,Classical (all features),0.5105549086432452,1.0960144905709606,34.3106675181471,0.985,0.5105549086432452,1,1,1,1
27182,279129,13.61,0,-1.2997319556189701,0,Classical (all features),-0.6883833256379485,-1.4724747772814402,-4.344827767875007,0.0,-0.6883833256379485,0,0,0,0
27182,280501,0.76,0,-1.299266220420415,0,Classical (all features),-1.3373445990792552,-1.254353538467232,-2.7006048417648456,0.005,-1.3373445990792552,0,0,0,0
27182,74365,6.05,0,-1.4267049503648748,0,Classical (all features),-0.756038903631814,-1.417283757345889,-5.776894638295151,0.06,-0.756038903631814,0,0,0,0
27182,179507,5.38,0,-1.5333515902916415,0,Classical (all features),-1.5662082453663748,-1.4062101411310401,-2.9266817676838195,0.0,-1.5662082453663748,0,0,0,0
27182,140438,178.94,0,-0.25649873809465673,0,Classical (all features),-0.8064762519571126,-1.0698681045681953,-0.586565968445497,0.045,-0.8064762519571126,0,0,0,0
27182,93756,1.0,0,0.05411718920936609,1,Classical (all features),0.49878377158316634,0.5080866115319955,0.02269730259706748,0.695,0.49878377158316634,1,0,1,1
27182,248296,0.0,1,0.28606814162209815,1,Classical (all features),0.9314036641477276,1.0576696719533303,17.6983963492276,0.935,0.9314036641477276,1,1,1,1
27182,73355,12.9,0,-1.212591442022155,0,Classical (all features),-1.2388525263540722,-1.2730285382730333,-4.257443110084195,0.04,-1.2388525263540722,0,0,0,0
27182,262826,0.77,1,0.7068467481425112,1,Classical (all features),0.8566434628232747,1.1555747800452962,26.578196608079033,0.975,0.8566434628232747,1,1,1,1
27182,107552,12.99,0,-1.579906312505595,0,Classical (all features),-1.1678101441467266,-1.1434691939252457,-3.718072995057773,0.03,-1.1678101441467266,0,0,0,0
27182,187705,70.65,0,-1.1799115092145032,0,Classical (all features),-1.6354826405795284,-1.4720256753204841,-2.376864020676058,0.0,-1.6354826405795284,0,0,0,0
27182,206816,33.28,0,-1.4228199569635405,0,Classical (all features),-1.3692756529743133,-1.0143887234032556,-2.1940402205748986,0.12,-1.3692756529743133,0,0,0,0
27182,155468,80.55,0,-1.2095204421961188,0,Classical (all features),-0.8314062560160757,-1.1814279089746154,-4.5578097041991095,0.065,-0.8314062560160757,0,0,0,0
27182,145800,451.27,1,0.6015347347263927,1,Classical (all features),-0.2316732647224781,0.7028914644787643,-0.5083538846809895,0.43,-0.2316732647224781,1,0,0,0
27182,6137,10.14,0,-0.5819089336736892,0,Classical (all features),-0.6674642181558544,0.2526048565957536,-2.519162229254172,0.28,-0.6674642181558544,1,0,0,0
27182,183875,30.71,0,-1.3972300723294193,0,Classical (all features),-1.0123667833007355,-1.608037095559978,-5.528127670006524,0.065,-1.0123667833007355,0,0,0,0
27182,155817,1.98,0,-0.4567247175239916,0,Classical (all features),-0.024053638556428558,0.6292026627020709,-0.42247077755294093,0.42,-0.024053638556428558,1,0,0,0
27182,210728,224.85,0,-1.3576812750719056,0,Classical (all features),-1.2600232759727887,-1.1661469712673629,-1.4465461710128604,0.01,-1.2600232759727887,0,0,0,0
27182,153535,9.99,0,-1.1552129087865795,0,Classical (all features),-0.7961460489427173,-1.0444060229855125,-2.316406744874936,0.065,-0.7961460489427173,0,0,0,0
27182,244138,1.0,0,-1.393384657982987,0,Classical (all features),-1.9982580382496704,-1.6253734979798828,-4.314473663634876,0.0,-1.9982580382496704,0,0,0,0
27182,150438,64.0,0,-0.6643940277204684,0,Classical (all features),-0.15209508849752193,-0.552092852133206,-3.3407761235054774,0.355,-0.15209508849752193,0,0,0,0
27182,170339,20.0,0,-1.0287450383890042,0,Classical (all features),-1.6672174721663569,-1.7191366385983917,-6.4968194917834055,0.0,-1.6672174721663569,0,0,0,0
27182,84543,454.82,1,0.41572359422066807,1,Classical (all features),0.4302766882290959,1.444818811929385,19.597502841856873,0.99,0.4302766882290959,1,1,1,1
27182,69740,47.3,0,-1.1165119284784564,0,Classical (all features),-1.1797160585764157,-1.5196025224312457,-3.6731333913333075,0.01,-1.1797160585764157,0,0,0,0
27182,67820,249.0,0,-0.504929557220248,0,Classical (all features),-0.6739940972211197,-0.844383874943599,-0.6107421472609352,0.01,-0.6739940972211197,0,0,0,0
27182,62234,14.45,0,-1.2255018289237571,0,Classical (all features),-1.13609126099925,-1.4107297175404419,-5.92505075507207,0.0,-1.13609126099925,0,0,0,0
27182,230725,125.4,0,-1.058991593490655,0,Classical (all features),-1.145144168520118,-1.419668513329744,-4.551222429302712,0.01,-1.145144168520118,0,0,0,0
27182,157427,1.0,0,-1.3568016539183163,0,Classical (all features),-1.2713961089048857,-1.6270129779791906,-4.4959352178701595,0.0,-1.2713961089048857,0,0,0,0
27182,106339,24.95,0,-1.0811808396453482,0,Classical (all features),-1.8311531938179955,-1.4292752891807847,-4.381944315841126,0.02,-1.8311531938179955,0,0,0,0
27182,251970,19.59,0,-1.2911483249492912,0,Classical (all features),-1.0088968978109336,-1.251436867578251,-2.166363360672943,0.015,-1.0088968978109336,0,0,0,0
27182,37529,50.0,0,-0.8869110879505161,0,Classical (all features),-1.3262227389468153,-1.3749186939060891,-4.816490992166178,0.005,-1.3262227389468153,0,0,0,0
27182,134946,64.65,0,-0.18774750227089199,0,Classical (all features),-0.8961086904976391,-0.9948000848103291,-1.6460174329408708,0.025,-0.8961086904976391,0,0,0,0
27182,282362,15.0,0,-1.0708824418176879,0,Classical (all features),-1.2875987072186141,-1.5485195557682516,-5.182697436994264,0.0,-1.2875987072186141,0,0,0,0
27182,77285,39.2,0,-0.7915910758781514,0,Classical (all features),-0.6803627913867233,-0.7552432951827897,-4.358380362835781,0.22,-0.6803627913867233,0,0,0,0
27182,277724,79.99,0,-0.9909833992632643,0,Classical (all features),-1.3601807379836774,-1.1572016083713696,-0.4760538209865147,0.08,-1.3601807379836774,0,0,0,0
27182,259635,7.83,0,-1.5516436776722409,0,Classical (all features),-1.878507359010102,-1.5092933486074136,-3.830046845190734,0.0,-1.878507359010102,0,0,0,0
27182,251821,248.0,0,-1.3139094791845976,0,Classical (all features),-0.795736278916877,-1.4486236054198676,-5.1755127641242895,0.055,-0.795736278916877,0,0,0,0
27182,34033,19.99,0,-1.6209807882145717,0,Classical (all features),-2.069181346440887,-1.4156197404662625,-2.8648303301247213,0.0,-2.069181346440887,0,0,0,0
27182,53033,74.7,0,-1.0661771803155626,0,Classical (all features),-1.6751586784879935,-1.369257144835355,-5.394557320539482,0.045,-1.6751586784879935,0,0,0,0
27182,251681,11.8,0,-1.53130692328675,0,Classical (all features),-1.4797800099776792,-1.2069252468512963,-1.9948485322592555,0.115,-1.4797800099776792,0,0,0,0
27182,75511,170.92,1,1.0136573389414423,1,Classical (all features),0.7868964471508226,1.07236738018554,8.63477106742186,0.955,0.7868964471508226,1,1,1,1
27182,251866,3.9,1,0.441070768271822,1,Classical (all features),0.9665957008290575,1.8387163924539265,19.340563073555487,0.93,0.9665957008290575,1,1,1,1
27182,275001,1.0,0,-0.8474065892290988,0,Classical (all features),-0.2183709481869802,-0.7735316849345009,-2.400227524700933,0.015,-0.2183709481869802,0,0,0,0
27182,260554,6.98,0,-0.9820379031510872,0,Classical (all features),-0.6300004826275806,-1.0077340970326067,-5.28022204784927,0.06,-0.6300004826275806,0,0,0,0
27182,89140,2.69,0,-1.0045938046948173,0,Classical (all features),-1.5020299737499203,-1.3527575996596406,-4.808562080094652,0.0,-1.5020299737499203,0,0,0,0
27182,144280,54.0,0,-1.4404951030991988,0,Classical (all features),-0.8242081291358828,-1.2829082237532055,-4.323360096016402,0.0,-0.8242081291358828,0,0,0,0
27182,225589,46.48,0,-0.02022956351357058,1,Classical (all features),-0.07725704117578333,-0.12862310125929888,-8.688842078346072,0.12,-0.07725704117578333,0,0,0,0
27182,154693,1.0,1,0.5766075544168556,1,Classical (all features),0.47138365087678435,1.1501471223727928,31.326032195783217,0.98,0.47138365087678435,1,1,1,1
27182,67344,99.99,0,-1.564238560882262,0,Classical (all features),-1.7250699691148463,-1.5054624070184834,-4.221090134072533,0.0,-1.7250699691148463,0,0,0,0
27182,200911,108.0,0,-0.06320892230729946,1,Classical (all features),-1.0329238491884905,-0.4572828393368731,-3.8068528729001634,0.065,-1.0329238491884905,0,0,0,0
27182,79067,59.2,0,-1.1931113085473912,0,Classical (all features),-1.4704449816520793,-1.5461810481044607,-5.093172240233095,0.0,-1.4704449816520793,0,0,0,0
27182,35399,69.9,0,-1.2089799546631692,0,Classical (all features),-1.4358262822833021,-1.6125992705446155,-5.045856340709687,0.0,-1.4358262822833021,0,0,0,0
27182,203364,576.3,0,-0.8046712847246541,0,Classical (all features),-0.08453764132926686,-0.42900256192633734,-0.14758407542627128,0.15,-0.08453764132926686,0,0,0,0
27182,42856,173.07,1,0.6818396458980496,1,Classical (all features),0.2188615171990413,0.5942053384359177,46.81818101234253,0.89,0.2188615171990413,1,1,1,1
27182,182652,1.79,0,-1.467509522883785,0,Classical (all features),-1.5574628970584916,-1.551929357204271,-3.9032250978882126,0.005,-1.5574628970584916,0,0,0,0
27182,92605,2.99,0,-1.0250731665429327,0,Classical (all features),-1.174316892749789,-1.3063961542012645,-6.060204653318105,0.01,-1.174316892749789,0,0,0,0
27182,171111,1.98,0,-1.4341290286210522,0,Classical (all features),-0.1816465053259261,-0.363771243719599,-2.0776594073285897,0.415,-0.1816465053259261,0,0,0,0
27182,273991,40.46,0,-0.6948567103035169,0,Classical (all features),-0.5233349435557743,-1.0151351973363392,-3.0193824214542504,0.58,-0.5233349435557743,0,0,0,0
27182,27278,4.92,0,-1.4268176962839232,0,Classical (all features),-1.7419892039337088,-1.3314040486888852,-3.9657016303325183,0.02,-1.7419892039337088,0,0,0,0
27182,106829,10.0,0,-1.6784724180109878,0,Classical (all features),-1.0558959076010024,-1.3331739368170736,-2.6012083133253654,0.0,-1.0558959076010024,0,0,0,0
27182,2470,0.76,0,-0.24682441708812408,0,Classical (all features),-0.2914337363832543,0.5653792160222064,-2.452293014781374,0.705,-0.2914337363832543,1,0,1,0
27182,147548,1.18,1,0.9201356856186779,1,Classical (all features),0.7751442564519884,0.9727724171678194,12.840475905630958,0.975,0.7751442564519884,1,1,1,1
27182,42609,83.38,1,0.7314355330272568,1,Classical (all features),0.5483316899438513,0.9008170952099417,48.404867587364116,0.935,0.5483316899438513,1,1,1,1
27182,251791,49.17,0,-1.5418820067730135,0,Classical (all features),-1.077827926088008,-1.400367396403376,-3.431823656386975,0.01,-1.077827926088008,0,0,0,0
27182,33210,707.09,0,0.5650408669820904,1,Classical (all features),-0.5993997475517536,-0.2205381297680158,-1.8071718309173264,0.185,-0.5993997475517536,0,0,0,0
27182,243333,0.89,0,-1.6580365112076652,0,Classical (all features),-1.3580428309949222,-1.516631802232833,-3.3400597533030587,0.05,-1.3580428309949222,0,0,0,0
27182,43895,53.9,0,-1.0123322449318208,0,Classical (all features),-1.1140754722324204,-1.3025213190939982,-2.017796066499207,0.055,-1.1140754722324204,0,0,0,0
27182,83686,186.33,0,-0.5647370423194744,0,Classical (all features),-0.9136217631776266,-0.8238190467324067,-2.5150480410037788,0.24,-0.9136217631776266,0,0,0,0
27182,23634,30.98,0,-1.2988980147333198,0,Classical (all features),-1.3568138248399666,-1.4046240451266114,-4.842804605410583,0.005,-1.3568138248399666,0,0,0,0
27182,71209,19.95,0,-1.2175267867624635,0,Classical (all features),-1.0138688820367656,-1.5039915322091635,-6.574394134655904,0.02,-1.0138688820367656,0,0,0,0
27182,157140,24.19,0,0.35638632540855353,1,Classical (all features),0.33560961586414445,0.905033328496748,1.1524398532063893,0.385,0.33560961586414445,1,0,0,1
27182,151008,1.0,1,0.42163810169649296,1,Classical (all features),0.21569323341260976,0.5280055177129519,52.77359495197952,0.83,0.21569323341260976,1,1,1,1
27182,162490,25.0,0,-1.4910831453512112,0,Classical (all features),-0.5574035601084278,-1.297923251690177,-6.028675588758772,0.04,-0.5574035601084278,0,0,0,0
27182,133666,1.29,0,-1.2679770656771416,0,Classical (all features),-1.598059516435492,-1.4748371101644457,-4.641959837075781,0.0,-1.598059516435492,0,0,0,0
27182,123646,15.73,0,-1.1539890587323391,0,Classical (all features),-1.8455356552234305,-1.384170701074959,-3.488999025412816,0.0,-1.8455356552234305,0,0,0,0
27182,94349,4.99,0,-0.7914959677836718,0,Classical (all features),-1.0415829902354823,-1.5723557561872354,-8.326204746899085,0.035,-1.0415829902354823,0,0,0,0
27182,72907,14.15,0,-1.1581884481882967,0,Classical (all features),-1.2806380811464713,-1.3288199098886222,-5.325735621212535,0.005,-1.2806380811464713,0,0,0,0
27182,189654,5.97,0,-1.1694906996196237,0,Classical (all features),-1.2740256801192396,-1.3930902493142165,-4.739102219475073,0.0,-1.2740256801192396,0,0,0,0
27182,44270,1.0,1,0.979290187521195,1,Classical (all features),0.21571059938903192,0.5689011610889576,47.298809028216546,0.945,0.21571059938903192,1,1,1,1
27182,239097,1.0,0,-0.7376838515514536,0,Classical (all features),-0.30741190872276813,-0.6222384118437629,-2.358488339614307,0.06,-0.30741190872276813,0,0,0,0
27182,271930,25.0,0,-0.9938618961078362,0,Classical (all features),-0.9754225941951887,-1.4695394913961253,-6.883095601299244,0.0,-0.9754225941951887,0,0,0,0
27182,265801,10.0,0,-1.43844128295894,0,Classical (all features),-1.983101994444695,-1.5748029702621809,-4.706440401023365,0.005,-1.983101994444695,0,0,0,0
27182,150680,104.03,1,0.34918964216999554,1,Classical (all features),0.21635303992034086,0.7216897095477086,50.92289899379265,0.93,0.21635303992034086,1,1,1,1
27182,228162,12.31,0,-1.0466191567229628,0,Classical (all features),-0.8781881022352759,-0.32788533243166673,-0.9862314621725751,0.175,-0.8781881022352759,0,0,0,0
27182,197114,142.37,0,-1.4850408516315978,0,Classical (all features),-1.1877268968319712,-1.5201966419835515,-4.496135448955176,0.0,-1.1877268968319712,0,0,0,0
27182,4490,118.56,0,-1.3059428593246256,0,Classical (all features),-1.1620029345161462,-1.0763424700548514,-3.530001562036366,0.0,-1.1620029345161462,0,0,0,0
27182,52017,262.5,0,-1.7888931056798625,0,Classical (all features),-1.7326811880409454,-1.2949282091316352,-0.5319917854821229,0.015,-1.7326811880409454,0,0,0,0
27182,76406,12.45,0,-0.9264960733221527,0,Classical (all features),-1.3494245922068588,-1.4956377316455116,-4.692908215185296,0.015,-1.3494245922068588,0,0,0,0
27182,51200,36.9,0,-1.111205944932773,0,Classical (all features),-1.406444769633019,-1.2677462094754295,-7.2105352901945015,0.0,-1.406444769633019,0,0,0,0
27182,186165,15.0,0,-1.0653467180496041,0,Classical (all features),-1.1646973275223935,-1.2050865759701486,-3.0143819816513227,0.0,-1.1646973275223935,0,0,0,0
27182,191359,4.87,1,0.9901764719730088,1,Classical (all features),1.0385657818173792,1.3608967045324825,15.049312607179585,0.99,1.0385657818173792,1,1,1,1
27182,119508,257.57,0,-0.7036309585385346,0,Classical (all features),-0.6912309890915402,-1.097681444683996,-0.17541768560686843,0.34,-0.6912309890915402,0,0,0,0
27182,90665,19.98,0,-1.2939018748460893,0,Classical (all features),-1.5162390320169188,-1.3876541635382296,-4.498429231251111,0.025,-1.5162390320169188,0,0,0,0
27182,274475,39.9,1,0.5521506046702025,1,Classical (all features),0.35691672682130693,0.5125755588031329,6.358072925746179,0.935,0.35691672682130693,1,1,1,1
27182,141258,0.0,1,0.2550624136209523,1,Classical (all features),0.6370508143740891,1.234125028205007,35.335607886778924,0.93,0.6370508143740891,1,1,1,1
27182,108258,0.76,1,-1.4281149481301263,0,Classical (all features),-0.4196338352886714,-1.0596513880545428,-2.351119105168977,0.19,-0.4196338352886714,0,0,0,0
27182,68067,519.9,1,0.048859497967059906,1,Classical (all features),-0.49041136465173174,0.7146174474947031,-1.7497068919226866,0.09,-0.49041136465173174,1,0,0,0
27182,252146,60.0,0,-1.111428897277615,0,Classical (all features),-1.4991838857951072,-1.441682226557118,-5.484792525043276,0.01,-1.4991838857951072,0,0,0,0
27182,218217,295.93,0,-0.726998289700025,0,Classical (all features),-0.8667958687821161,-1.0077463006054295,-3.447904038936428,0.025,-0.8667958687821161,0,0,0,0
27182,276766,36.06,0,-1.9091779611379938,0,Classical (all features),-1.9803525507026096,-1.6424699863542642,-4.268019582087831,0.025,-1.9803525507026096,0,0,0,0
27182,240001,104.65,0,-1.2680313647672863,0,Classical (all features),-1.6690718007287895,-1.5434974538909811,-5.936559822535612,0.0,-1.6690718007287895,0,0,0,0
27182,64699,474.79,0,-0.9448074039626416,0,Classical (all features),-0.8726383920128468,-0.8103495993235399,-0.9411458165573366,0.035,-0.8726383920128468,0,0,0,0
27182,215058,1.0,0,-1.0863269900041312,0,Classical (all features),-1.1822277512871875,-1.7213597505101368,-5.277177051604449,0.0,-1.1822277512871875,0,0,0,0
27182,52975,34.66,0,-1.3355475841169047,0,Classical (all features),-1.1606449595982684,-1.284619755827926,-2.611292916991591,0.285,-1.1606449595982684,0,0,0,0
27182,258403,296.0,1,0.7057208483923173,1,Classical (all features),0.2054208510392267,0.9216935243910326,12.720907508895277,0.97,0.2054208510392267,1,1,1,1
27182,10891,188.78,1,0.4669818070223906,1,Classical (all features),0.2491458150032985,0.5625346253090754,49.39427376409428,0.985,0.2491458150032985,1,1,1,1
27182,123786,0.79,0,-0.9673479862426243,0,Classical (all features),-1.0000511039722815,-1.1791951255207949,-4.8500874446156725,0.015,-1.0000511039722815,0,0,0,0
27182,7214,15.0,0,-0.8845168153257082,0,Classical (all features),-0.6736468028146165,-0.6731105004518672,0.6670789680810656,0.535,-0.6736468028146165,0,0,0,0
27182,212210,8.05,0,-1.263808676989671,0,Classical (all features),-1.424696502414979,-0.9656999861749913,-0.5518908637341294,0.075,-1.424696502414979,0,0,0,0
27182,180467,79.0,0,-1.0729274811089704,0,Classical (all features),-1.163522577262946,-0.46384089220026004,-1.059265579740388,0.155,-1.163522577262946,0,0,0,0
27182,137705,1.0,1,0.3612540376845728,1,Classical (all features),0.302401449317509,0.8411861168463968,8.728726334127453,0.93,0.302401449317509,1,1,1,1
27182,15537,25.82,0,-1.0319273514998137,0,Classical (all features),-1.62131443415094,-1.4344928491701006,-5.479526653422511,0.0,-1.62131443415094,0,0,0,0
27182,97702,15.0,0,-0.9733917839840939,0,Classical (all features),-0.9260098839658436,-1.1472384638833608,-5.165851274942658,0.365,-0.9260098839658436,0,0,0,0
27182,269940,29.45,0,-1.1925255754751034,0,Classical (all features),-1.111265813631415,-1.5743488037037885,-5.157836050197895,0.005,-1.111265813631415,0,0,0,0
27182,110839,7.68,0,-1.1599140791423754,0,Classical (all features),-1.647856555298378,-1.1995335627245183,-4.21422374462146,0.0,-1.647856555298378,0,0,0,0
27182,278621,1.79,0,-0.09302908441749264,1,Classical (all features),0.19917226014834255,0.38342570710497564,-9.20191512130711,0.16,0.19917226014834255,1,0,0,1
27182,193620,59.95,0,-1.2133099105440608,0,Classical (all features),-1.6787760922276265,-1.6100341004669119,-5.500477286401108,0.015,-1.6787760922276265,0,0,0,0
27182,157090,15.73,0,-0.7853743471849245,0,Classical (all features),-0.3061059421241563,-0.0189348152689639,-2.652692801948005,0.17,-0.3061059421241563,0,0,0,0
27182,100555,2.4,0,-1.0474183301666713,0,Classical (all features),-1.0679837129868577,-1.1855881333142384,-2.4947251308807687,0.01,-1.0679837129868577,0,0,0,0
27182,182156,28.37,0,-0.7400010677703669,0,Classical (all features),-0.699363696387398,0.18477787580808136,1.9508111811004722,0.275,-0.699363696387398,1,0,0,0
27182,147322,155.02,0,-1.2283502667322206,0,Classical (all features),-1.421664675015942,-1.5395437798071971,-4.3482884020369355,0.015,-1.421664675015942,0,0,0,0
27182,111690,238.9,1,0.7136268643063362,1,Classical (all features),0.9611367922073031,1.645793990856626,16.526752259120197,0.95,0.9611367922073031,1,1,1,1
27182,268437,41.72,0,-1.4558215093774423,0,Classical (all features),-0.9860760725110637,-1.4475275505896743,-4.0137747064750116,0.03,-0.9860760725110637,0,0,0,0
27182,130518,1.0,0,-1.1828389545082079,0,Classical (all features),-1.1448786813132452,-1.2190799368126444,-7.564510782634507,0.0,-1.1448786813132452,0,0,0,0
27182,135949,5.75,0,-1.420233715386742,0,Classical (all features),-1.6714547278629974,-1.5528816854587646,-3.8269232691202766,0.0,-1.6714547278629974,0,0,0,0
27182,141372,27.33,0,-1.67789776453851,0,Classical (all features),-1.7498019533898068,-1.362397974865763,-2.41580812989736,0.0,-1.7498019533898068,0,0,0,0
27182,212204,10.0,0,-1.6582877075718647,0,Classical (all features),-2.0516080645181396,-1.4454795874544617,-4.001375350479302,0.0,-2.0516080645181396,0,0,0,0
27182,152329,73.0,0,0.033955280612609384,1,Classical (all features),-0.5277748476063314,0.1676080468100023,-0.02640288376811717,0.225,-0.5277748476063314,1,0,0,0
27182,196563,15.85,0,-1.5804355510663028,0,Classical (all features),-0.9290460177190899,-1.4270430521094837,-4.1019784747854295,0.005,-0.9290460177190899,0,0,0,0
27182,36682,1.0,0,-1.0244394290581202,0,Classical (all features),-1.314294394483821,-1.080112789513891,-3.0033468012541467,0.32,-1.314294394483821,0,0,0,0
27182,12567,75.0,0,-1.2764339274177705,0,Classical (all features),-0.7935716837304706,-0.6125312485390408,-2.4405554009129395,0.105,-0.7935716837304706,0,0,0,0
27182,229730,2.22,1,1.0108015915796842,1,Classical (all features),0.9539233544238876,1.1294783622643698,5.8226172378453995,0.895,0.9539233544238876,1,1,1,1
27182,163785,11.98,0,-0.6856953232714053,0,Classical (all features),-0.6794684590866314,-0.9725962026785546,-0.5851023705064123,0.035,-0.6794684590866314,0,0,0,0
27182,220416,240.94,0,-1.4214300139083664,0,Classical (all features),-0.92807714524469,-0.9726396568752498,-5.210839334931431,0.005,-0.92807714524469,0,0,0,0
27182,53043,24.0,0,-1.2233014888648013,0,Classical (all features),-1.6493703793705288,-1.5752608468730247,-3.7532199831587945,0.0,-1.6493703793705288,0,0,0,0
27182,129092,17.99,0,-1.44148856068248,0,Classical (all features),-1.6353671536305197,-1.4651558659502144,-6.044323321751631,0.015,-1.6353671536305197,0,0,0,0
27182,220297,3.57,0,-1.3878592673325874,0,Classical (all features),-1.5686074009282671,-1.4397913735536572,-3.4685863613476005,0.025,-1.5686074009282671,0,0,0,0
27182,63421,99.99,1,0.6212018546802114,1,Classical (all features),0.3482076302667577,0.6870682885022719,24.79698782535417,0.885,0.3482076302667577,1,1,1,1
27182,128585,29.56,0,-1.3789207014323082,0,Classical (all features),-1.4815203530158798,-0.5068996112045299,-1.671719111363263,0.145,-1.4815203530158798,0,0,0,0
27182,43372,130.95,0,-1.051470690251235,0,Classical (all features),0.188148711433028,-1.5498572466192346,-7.530002266948518,0.155,0.188148711433028,0,0,0,1
27182,136147,9.99,0,-1.0791441383602254,0,Classical (all features),-1.274608676327422,-1.3650402777444288,-2.189999361422824,0.015,-1.274608676327422,0,0,0,0
27182,133004,19.0,0,-1.337098489342428,0,Classical (all features),-0.9373241432107481,-1.1202813695110563,-6.624984939330165,0.0,-0.9373241432107481,0,0,0,0
27182,249607,35.0,1,0.356184844638544,1,Classical (all features),0.2159871876807005,0.9686533149824442,16.22349086893523,0.95,0.2159871876807005,1,1,1,1
27182,11311,142.62,0,-0.45679408923858833,0,Classical (all features),-0.7350555434810759,-0.9447403052764201,-2.3955240767431323,0.035,-0.7350555434810759,0,0,0,0
27182,84848,127.65,0,-0.05101163548097676,1,Classical (all features),-0.880080666734247,0.19438479359541438,-4.291370023992553,0.05,-0.880080666734247,1,0,0,0
27182,157611,18.35,0,-0.9745318656877783,0,Classical (all features),-1.2523095783421285,-0.5535440814796497,-1.296659377957377,0.2,-1.2523095783421285,0,0,0,0
27182,59129,0.76,0,-0.8002137278841973,0,Classical (all features),-0.7436150922762624,-0.778536588190718,-1.7940341619615352,0.385,-0.7436150922762624,0,0,0,0
27182,278771,1.0,0,-0.9720917414419002,0,Classical (all features),-1.3291369767273833,-1.3052842936410554,-2.090984204691474,0.18,-1.3291369767273833,0,0,0,0
27182,282225,34.94,0,-1.2630899408938694,0,Classical (all features),-1.7072221045753766,-1.6230358853659896,-5.5977213516306845,0.005,-1.7072221045753766,0,0,0,0
27182,69498,8.0,1,0.6999751093623299,1,Classical (all features),1.0362778996623578,1.1403663800876616,10.153271527561161,0.845,1.0362778996623578,1,1,1,1
27182,244346,1575.5,0,0.29623652422374386,1,Classical (all features),0.14298164640934152,0.46542955834268795,4.529265002632269,0.485,0.14298164640934152,1,1,0,1
27182,84127,44.22,0,-1.242193518160959,0,Classical (all features),-1.4424109961224387,-1.393213173912659,-4.274744658002873,0.025,-1.4424109961224387,0,0,0,0
27182,171527,188.5,0,-1.5016031904353841,0,Classical (all features),-1.1939826745783193,-1.057137732648116,-3.3674658908470874,0.005,-1.1939826745783193,0,0,0,0
27182,213116,8.3,1,-0.052533938125645496,1,Classical (all features),0.3951180260682915,1.2417578478770692,18.27266477745232,0.935,0.3951180260682915,1,1,1,1
27182,33400,140.1,0,-1.6365841419217229,0,Classical (all features),-1.6061181867847714,-1.2607079545842033,-2.8400755515147944,0.0,-1.6061181867847714,0,0,0,0
27182,23422,717.15,1,0.17588582586012058,1,Classical (all features),0.2816374409558076,1.5001480540128318,11.10997469301458,0.96,0.2816374409558076,1,1,1,1
27182,18210,1.0,0,-1.0749045269293918,0,Classical (all features),-1.8094679485376948,-1.3918576495427042,-4.238331749302426,0.0,-1.8094679485376948,0,0,0,0
27182,180380,20.0,0,-1.3088320490128202,0,Classical (all features),-1.0241844588779276,-1.5096750630458482,-4.538438585261149,0.0,-1.0241844588779276,0,0,0,0
27182,17366,99.99,1,0.6909313161621595,1,Classical (all features),0.36677629085574087,0.6030934663214006,44.24452657702915,0.94,0.36677629085574087,1,1,1,1
27182,239967,97.96,0,-0.8763431306752553,0,Classical (all features),-1.1743691051504772,-1.180961022159686,-1.8181629387594596,0.12,-1.1743691051504772,0,0,0,0
27182,249660,1.98,0,-1.6785124510743583,0,Classical (all features),-1.8290160056877438,-1.460430756134806,-2.2667913128265504,0.0,-1.8290160056877438,0,0,0,0
27182,237181,10.59,0,-1.3623282275288022,0,Classical (all features),-0.756076595636303,-0.7184446441716876,-2.7536120765759198,0.09,-0.756076595636303,0,0,0,0
27182,256591,15.17,0,-1.6049212596592315,0,Classical (all features),-0.8710290393174928,-1.4472467417873662,-1.957303082816706,0.025,-0.8710290393174928,0,0,0,0
27182,30222,11.5,0,-0.6377191486562549,0,Classical (all features),-0.9475358855730157,-1.1071400032386631,-1.95588664403104,0.015,-0.9475358855730157,0,0,0,0
27182,46909,1.0,1,0.40195515577729013,1,Classical (all features),0.35514283931137736,1.0806128157152222,32.0071694929508,0.985,0.35514283931137736,1,1,1,1
27182,83053,6.27,1,0.20874191944743714,1,Classical (all features),0.9962646154697276,0.7914558706241084,9.769915008382705,0.825,0.9962646154697276,1,1,1,1
27182,79004,27.38,0,-1.3346671005454431,0,Classical (all features),-1.6395391241164188,-1.231787440887645,-3.061981413968088,0.0,-1.6395391241164188,0,0,0,0
27182,148165,2.28,0,-1.6452510711721926,0,Classical (all features),-1.8511263706767642,-1.4485388548900808,-2.0846288114676654,0.005,-1.8511263706767642,0,0,0,0
27182,165601,19.8,0,-1.1284100106256103,0,Classical (all features),-1.0016076393242568,-1.772464829602601,-7.1197546360536,0.03,-1.0016076393242568,0,0,0,0
27182,168204,89.8,0,-1.5819916937221712,0,Classical (all features),-0.9873657612792833,-1.0597314029797373,-1.941177430552103,0.11,-0.9873657612792833,0,0,0,0
27182,210797,9.99,0,-1.6079841861718531,0,Classical (all features),-1.3064581681806773,-1.629800813455359,-4.632674089679499,0.02,-1.3064581681806773,0,0,0,0
27182,118390,32.55,0,-1.018191595144906,0,Classical (all features),-1.348935263629267,-1.2456385030063464,-2.3917596710189915,0.025,-1.348935263629267,0,0,0,0
27182,263375,3.99,0,-1.6156810212549502,0,Classical (all features),-0.9466607965482153,-1.5423159522143166,-6.166622018020486,0.02,-0.9466607965482153,0,0,0,0
27182,215628,85.06,0,-1.4602746806837756,0,Classical (all features),-0.5587299410716947,-0.8857641689924456,-4.001680457011529,0.03,-0.5587299410716947,0,0,0,0
27182,112809,15.0,0,-1.7805386581363027,0,Classical (all features),-0.7215906703367939,-1.3503554070686914,-3.1276637909947413,0.015,-0.7215906703367939,0,0,0,0
27182,81609,1389.56,1,0.17051336503451775,1,Classical (all features),0.13993555344540415,0.3919058428732582,17.618588823589185,0.83,0.13993555344540415,1,1,1,1
27182,107637,824.83,1,0.441457901397131,1,Classical (all features),0.25971955527246826,0.9320309470420105,12.980322818758705,0.855,0.25971955527246826,1,1,1,1
27182,8972,179.66,1,0.22460882225149748,1,Classical (all features),0.23932657654350542,0.1941091951630165,3.6953679089207085,0.89,0.23932657654350542,1,1,1,1
27182,174311,5.5,0,-1.2437023762755257,0,Classical (all features),-1.1026821662335282,-1.1432440596304771,-4.519026896759376,0.005,-1.1026821662335282,0,0,0,0
27182,189809,29.02,0,-0.6502068398230173,0,Classical (all features),-0.5991318916026745,-0.8792232478666744,-8.259927307562947,0.265,-0.5991318916026745,0,0,0,0
27182,266339,1.0,0,-1.5016922787234672,0,Classical (all features),-1.5567718187675448,-1.2546784007466008,-3.0576316358551066,0.035,-1.5567718187675448,0,0,0,0
27182,72161,10.63,0,-1.653362095516941,0,Classical (all features),-2.0306946060912536,-1.465892289036014,-3.6812406176968486,0.0,-2.0306946060912536,0,0,0,0
27182,8544,5.21,0,-0.7198684391924827,0,Classical (all features),-0.6669641165810917,-0.38623934322961295,-0.7294445652342324,0.19,-0.6669641165810917,0,0,0,0
27182,126176,1.0,0,-1.050011896908575,0,Classical (all features),-1.3260663995538076,-1.1405444415403057,-7.999257990439991,0.0,-1.3260663995538076,0,0,0,0
27182,180255,24.99,0,-0.24337006422060947,0,Classical (all features),-1.020145067478951,-0.7123032647162306,-2.4000116939857317,0.015,-1.020145067478951,0,0,0,0
27182,154454,147.87,1,0.5598079578975699,1,Classical (all features),0.767314552552991,1.3363530429008303,12.919694426865824,0.925,0.767314552552991,1,1,1,1
27182,155941,18.91,0,-1.0164180157789722,0,Classical (all features),-0.58405332096246,-1.2973294740714056,-7.97189941458992,0.065,-0.58405332096246,0,0,0,0
27182,192687,276.17,1,-1.2419292353515679,0,Classical (all features),-0.9233246418786093,-1.3005840145318546,-1.3634985945936657,0.005,-0.9233246418786093,0,0,0,0
27182,171808,1.0,0,-1.5918985629315534,0,Classical (all features),-1.4816145156828735,-0.8946740279962531,-3.086275953652208,0.005,-1.4816145156828735,0,0,0,0
27182,176049,2125.87,1,-0.1773705535266853,0,Classical (all features),0.21417253576157266,0.5089897736922735,1.2866424848398954,0.51,0.21417253576157266,1,0,0,1
27182,6609,1.0,1,0.6590985600047068,1,Classical (all features),0.9858469177191943,1.4902313713265514,16.136877565264328,0.85,0.9858469177191943,1,1,1,1
27182,119537,5.81,0,-1.0920397092305545,0,Classical (all features),-1.4960028273197945,-1.3902431150645327,-4.490503230382142,0.0,-1.4960028273197945,0,0,0,0
27182,240471,990.0,0,-0.29168701534606223,0,Classical (all features),-0.42197538089610065,0.1725450135512232,2.2843426240693643,0.275,-0.42197538089610065,1,1,0,0
27182,43624,39.45,1,0.5421080981039907,1,Classical (all features),0.9094875331095917,1.2964473617882242,10.561261775436414,0.96,0.9094875331095917,1,1,1,1
27182,117462,96.0,0,-1.0478619209643627,0,Classical (all features),-0.7592688141061504,-1.3557066212102555,-1.6158274293989687,0.02,-0.7592688141061504,0,0,0,0
27182,144241,40.68,0,-1.2969320400037674,0,Classical (all features),-1.6784570567487351,-1.3746776437386985,-3.163484493544143,0.0,-1.6784570567487351,0,0,0,0
27182,145238,9.99,0,-1.599570278750798,0,Classical (all features),-1.551311592913176,-1.5681371012891834,-3.4283009816124195,0.005,-1.551311592913176,0,0,0,0
27182,36126,29.18,0,-1.1351247403584788,0,Classical (all features),-1.3863317816280263,-1.2779258007890737,-4.4189253788864,0.305,-1.3863317816280263,0,0,0,0
27182,146971,1.0,0,-1.1596085028028296,0,Classical (all features),-0.6606029867688219,-1.4623379889448702,-7.272593454721793,0.06,-0.6606029867688219,0,0,0,0
27182,8307,13.56,0,0.11623066916196478,1,Classical (all features),-0.6697766544457157,-0.22416905043922497,-0.15999375752468548,0.34,-0.6697766544457157,0,0,0,0
27182,255536,15.0,0,-1.0419609202198576,0,Classical (all features),-1.2586807161192284,-1.4340736459208288,-3.4341135433292895,0.005,-1.2586807161192284,0,0,0,0
27182,122865,17.12,0,-1.3360227112635137,0,Classical (all features),-1.7889463400588137,-1.3989727818344933,-2.8173292287893528,0.02,-1.7889463400588137,0,0,0,0
27182,72808,22.64,0,-1.419554526802612,0,Classical (all features),-1.0649367656023747,-1.3682548999800872,-2.7843410892755336,0.02,-1.0649367656023747,0,0,0,0
27182,40085,1.0,1,1.2776674523716742,1,Classical (all features),0.8623187132725043,1.0654794378922268,1.419400168608027,0.88,0.8623187132725043,1,0,1,1
27182,40525,1.0,1,0.33356937169570083,1,Classical (all features),0.7465172462399672,1.0415820328986458,7.726390822727851,0.74,0.7465172462399672,1,1,1,1
27182,135759,36.44,0,-1.002312735358617,0,Classical (all features),-1.3677957511067214,-1.378955784670829,-5.976266856066838,0.015,-1.3677957511067214,0,0,0,0
27182,34442,5.51,0,-1.3234286045156014,0,Classical (all features),-1.746768773636963,-1.3508610397313945,-5.492800412117432,0.015,-1.746768773636963,0,0,0,0
27182,251065,15.52,0,-1.6945012838260736,0,Classical (all features),-1.6796546027698394,-1.4811991826869721,-3.8002507207583,0.02,-1.6796546027698394,0,0,0,0
27182,10518,2.21,0,-1.3655440608755613,0,Classical (all features),-0.8606460651935025,-0.584274299438051,-1.9054778198970528,0.13,-0.8606460651935025,0,0,0,0
27182,46998,204.27,1,0.8599813176053215,1,Classical (all features),0.40881445038896735,1.094754965354856,9.59912261830088,0.96,0.40881445038896735,1,1,1,1
27182,261582,2.96,0,-0.8698706215238826,0,Classical (all features),-1.0661192197376332,-0.7821857431356547,-3.0621040780432947,0.08,-1.0661192197376332,0,0,0,0
27182,77411,360.25,0,0.306590373674871,1,Classical (all features),-0.36645630687031583,0.3800570140253918,-2.373311375318636,0.305,-0.36645630687031583,1,0,0,0
27182,91753,18.35,0,-0.23892701541026062,0,Classical (all features),0.2154671234660595,-0.03557309452953972,-6.911944861224946,0.19,0.2154671234660595,0,0,0,1
27182,92327,220.8,0,-0.10737679377732923,0,Classical (all features),-0.727076237400905,-0.4395064665237838,-4.695569862431575,0.03,-0.727076237400905,0,0,0,0
27182,221520,35.0,0,-1.3315143641354439,0,Classical (all features),-0.8885984079509296,-1.2980234934957342,-2.2361072773228248,0.005,-0.8885984079509296,0,0,0,0
27182,202189,1.98,0,-1.5549760517203186,0,Classical (all features),-1.573927456303729,-1.4017527738042057,-1.5884440504548656,0.01,-1.573927456303729,0,0,0,0
27182,197756,275.62,0,-0.9872754004679517,0,Classical (all features),-0.9982840036740926,-0.760503416233888,-0.06506267189703674,0.21,-0.9982840036740926,0,0,0,0
27182,221025,216.35,0,-1.2619232219057879,0,Classical (all features),-1.0028681400156048,-1.252732306609976,-2.1395185852894447,0.035,-1.0028681400156048,0,0,0,0
27182,47802,88.0,1,0.42630150394677707,1,Classical (all features),0.6369120153971437,1.1323975642295827,11.213902362078603,0.91,0.6369120153971437,1,1,1,1
27182,282391,9.99,0,-1.6335599496383684,0,Classical (all features),-1.7449279504731618,-1.423416327341816,-4.184337590150904,0.0,-1.7449279504731618,0,0,0,0
27182,262693,80.98,0,-1.405836881067461,0,Classical (all features),-1.4141775885892691,-1.5896120318566997,-6.060369076120285,0.0,-1.4141775885892691,0,0,0,0
27182,48094,24.9,1,0.23166194028617243,1,Classical (all features),0.7605293259209905,1.0626821239434987,8.379798498605265,0.97,0.7605293259209905,1,1,1,1
27182,241445,10.7,1,0.636056122264486,1,Classical (all features),0.8532203799738183,1.7715710463353567,18.256401090174066,0.99,0.8532203799738183,1,1,1,1
27182,42764,22.27,0,-1.1276799219216613,0,Classical (all features),-1.4186581000678329,-1.3224506468984862,-7.0808416766787925,0.0,-1.4186581000678329,0,0,0,0
27182,65888,88.0,0,-1.4872840451431535,0,Classical (all features),-1.3424937706228672,-1.3826936731720263,-3.919186645787564,0.005,-1.3424937706228672,0,0,0,0
27182,51879,12.1,0,-1.1671406091193708,0,Classical (all features),-1.6644162394970987,-1.459868257721924,-3.434449642636929,0.025,-1.6644162394970987,0,0,0,0
27182,48641,13.55,0,-1.4392985230842097,0,Classical (all features),-1.3017263465283924,-1.2051166756221283,-4.133325645239268,0.015,-1.3017263465283924,0,0,0,0
27182,88973,3.59,0,-1.3762588420964952,0,Classical (all features),-1.1989525198309063,-1.4969547216582222,-4.392255002893135,0.015,-1.1989525198309063,0,0,0,0
27182,180984,288.55,0,-1.461989895690167,0,Classical (all features),-1.2378273310360124,-1.2833179075223398,-2.6745335384571067,0.025,-1.2378273310360124,0,0,0,0
27182,157820,1.51,0,-0.22601398049876653,0,Classical (all features),-0.5360242393124361,-0.06371559464920007,-1.614933482496459,0.445,-0.5360242393124361,0,0,0,0
27182,58345,8.99,0,-1.4422493011176578,0,Classical (all features),-1.609998191297843,-1.4357089860926875,-5.248368452254213,0.005,-1.609998191297843,0,0,0,0
27182,182849,96.78,0,-1.1457885684922702,0,Classical (all features),-1.2676930810594738,-1.1748383003297456,-2.5732824271830013,0.0,-1.2676930810594738,0,0,0,0
27182,175412,1.51,0,-0.9051276654679697,0,Classical (all features),-1.019244197014743,-0.5667534643579633,-2.2798510674759993,0.075,-1.019244197014743,0,0,0,0
27182,204949,48.35,0,-0.7067215906520924,0,Classical (all features),-1.3287620349602232,-1.1698440279773852,-1.1452072246741647,0.0,-1.3287620349602232,0,0,0,0
27182,172570,1.29,0,-1.378918369068645,0,Classical (all features),-1.6846246953382247,-1.3043482141601757,-2.901560760344666,0.005,-1.6846246953382247,0,0,0,0
27182,177946,445.64,0,-0.7910631660384252,0,Classical (all features),-0.7759134250029068,-0.7594372764073294,-3.248263353381773,0.045,-0.7759134250029068,0,0,0,0
27182,44001,802.52,1,0.44282330885460774,1,Classical (all features),0.21799912568886232,1.2010767360403016,12.811051651260035,0.875,0.21799912568886232,1,1,1,1
27182,51585,3.75,0,-0.8214844336505452,0,Classical (all features),-1.2166065105136457,-1.3499003423956735,-4.410341437688103,0.02,-1.2166065105136457,0,0,0,0
27182,243699,1.0,1,0.3438170917854977,1,Classical (all features),0.6385796405035654,1.3265177137265982,23.013236768092195,0.885,0.6385796405035654,1,1,1,1
27182,750,9.99,0,-1.310718744271103,0,Classical (all features),-1.669118153354639,-1.5357657479430311,-5.388580001724951,0.0,-1.669118153354639,0,0,0,0
27182,150715,11.4,1,0.5937221580761602,1,Classical (all features),0.2174570880728619,0.7124615895505912,49.49276302168199,0.94,0.2174570880728619,1,1,1,1
27182,253530,44.4,0,-1.7990455241933478,0,Classical (all features),-1.1584095297147887,-1.4386598852311232,-3.0234035503280268,0.0,-1.1584095297147887,0,0,0,0
27182,42549,88.23,1,0.4252884164626303,1,Classical (all features),0.4053150432615999,0.6430553988539469,48.7323463558356,0.99,0.4053150432615999,1,1,1,1
27182,156104,29.99,0,-0.9881611042915982,0,Classical (all features),-1.056240471561875,-1.1751554783011502,-3.0289878242492203,0.005,-1.056240471561875,0,0,0,0
27182,145064,11.96,0,-0.8494621185356145,0,Classical (all features),-0.1890150098826803,-0.8420107032056714,0.4123685182146952,0.23,-0.1890150098826803,0,0,0,0
27182,154697,7.59,1,0.4522088292793969,1,Classical (all features),0.2740527767106615,1.316161686151835,27.6300345637267,0.98,0.2740527767106615,1,1,1,1
27182,150030,3.62,0,0.6311249796340515,1,Classical (all features),-0.02136508368613574,0.8948696506696369,0.8802887295058567,0.455,-0.02136508368613574,1,0,0,0
27182,75243,557.76,0,-0.38743523806300295,0,Classical (all features),0.17848558825494518,0.24821823208896654,-1.786840729503571,0.27,0.17848558825494518,1,0,0,1
27182,115833,29.33,0,-0.9881602226965104,0,Classical (all features),-1.7136234755560877,-1.473316965414457,-4.6578506391323975,0.0,-1.7136234755560877,0,0,0,0
27182,248183,1.0,0,-0.5359326265625355,0,Classical (all features),-1.1172061075486648,-0.7272287996456095,0.05995827047385538,0.14,-1.1172061075486648,0,0,0,0
27182,88921,11.5,0,-1.0923923986526543,0,Classical (all features),-1.7987783357226963,-1.3374122863999056,-2.33102726778504,0.0,-1.7987783357226963,0,0,0,0
27182,7835,153.7,0,-0.8547599668422116,0,Classical (all features),-1.1663720594361586,-1.1427834838527406,-2.472219129513701,0.06,-1.1663720594361586,0,0,0,0
27182,190368,175.9,1,0.2126511030758412,1,Classical (all features),0.6029094092897772,0.6927542810983909,14.39110261039949,0.865,0.6029094092897772,1,1,1,1
27182,100902,47.42,0,-0.5559478618427925,0,Classical (all features),-0.7408078852169901,-1.095166877466799,-0.7658615337134308,0.175,-0.7408078852169901,0,0,0,0
27182,141229,1.79,0,-1.3118356700128166,0,Classical (all features),-1.081489953469789,-1.447746918452331,-8.027431023361022,0.025,-1.081489953469789,0,0,0,0
27182,42936,59.68,1,0.592568263936117,1,Classical (all features),0.2166275737081188,0.5722073491819187,46.05216457279685,0.94,0.2166275737081188,1,1,1,1
27182,116326,42.81,0,-1.1526277513230552,0,Classical (all features),-1.1843240185279513,-1.5302679382211126,-4.329583542974144,0.015,-1.1843240185279513,0,0,0,0
27182,181899,92.0,0,-1.259357938380917,0,Classical (all features),-0.36425554774110613,-0.6268228857139668,-1.0926344675792818,0.255,-0.36425554774110613,0,0,0,0
27182,84218,69.0,0,-0.9897799308945484,0,Classical (all features),-1.1642445004230115,-1.3304056443117145,-5.260055535385064,0.0,-1.1642445004230115,0,0,0,0
27182,226227,1.29,0,-1.5629268374559322,0,Classical (all features),-1.571927997876812,-1.4297044104948278,-5.3364635971764915,0.005,-1.571927997876812,0,0,0,0
27182,36311,101.5,0,-1.045187806286609,0,Classical (all features),-0.9003049750218871,-1.41786284056323,-8.04264617639508,0.04,-0.9003049750218871,0,0,0,0
27182,53350,174.0,0,-1.1950612574203632,0,Classical (all features),-1.2930668248933135,-1.6333843860457034,-5.191527379967589,0.0,-1.2930668248933135,0,0,0,0
27182,64125,200.0,0,-1.3714058889709784,0,Classical (all features),-1.5028239306213376,-1.4812986970350706,-3.4501033229184306,0.0,-1.5028239306213376,0,0,0,0
27182,51611,4.99,0,-1.1173080767467085,0,Classical (all features),-1.5389704972308444,-1.2895680149184507,-5.131910232724751,0.0,-1.5389704972308444,0,0,0,0
27182,218522,9.99,0,-1.3243706928883778,0,Classical (all features),-1.5066301759223548,-1.204953124304868,-3.0009665359214446,0.005,-1.5066301759223548,0,0,0,0
27182,36943,646.98,0,-0.35997732276122896,0,Classical (all features),-0.4964945248818059,0.01603485900299839,-2.0285152168775684,0.09,-0.4964945248818059,0,0,0,0
27182,222599,23.77,0,-1.0352484941428464,0,Classical (all features),-1.1832420377207147,-1.5780696681401238,-6.94154471673417,0.005,-1.1832420377207147,0,0,0,0
27182,283167,133.55,0,-1.434441285156892,0,Classical (all features),-0.26617766084772265,-1.0961141378496808,-2.626778488646742,0.02,-0.26617766084772265,0,0,0,0
27182,116058,128.0,0,-1.472585285956729,0,Classical (all features),-1.5367740879118057,-1.5823108981253853,-4.078838925210796,0.0,-1.5367740879118057,0,0,0,0
27182,280576,0.81,0,-1.1831080672059007,0,Classical (all features),-1.4629575601819977,-1.3855308562281978,-6.6226858569111,0.015,-1.4629575601819977,0,0,0,0
27182,83949,130.16,0,-0.4285280433808145,0,Classical (all features),-0.810433361355945,-1.010410947620097,-3.960842758870084,0.1,-0.810433361355945,0,0,0,0
27182,1799,34.32,0,-1.6785923418890558,0,Classical (all features),-1.9559358150368369,-1.2745325044167384,-3.3361478850262976,0.025,-1.9559358150368369,0,0,0,0
27182,107067,318.11,1,0.8613502057798275,1,Classical (all features),0.5273847269907096,1.259963053320333,11.37692522660592,1.0,0.5273847269907096,1,1,1,1
27182,150692,37.93,1,0.5774891418552874,1,Classical (all features),0.22121355758708988,0.6702138809559648,49.0400685025792,0.87,0.22121355758708988,1,1,1,1
27182,17317,99.99,1,0.7481990556127808,1,Classical (all features),0.4184440193485697,0.6346286362170053,44.226698319388824,0.94,0.4184440193485697,1,1,1,1
27182,263080,1.0,1,-1.2845200812924449,0,Classical (all features),-0.5217486380487808,-1.0573644755408913,-2.4313151087155567,0.015,-0.5217486380487808,0,0,0,0
27182,130175,1363.0,0,0.23988987019810026,1,Classical (all features),0.22037312405976353,0.6095289203094544,3.679597350135943,0.41,0.22037312405976353,1,1,0,1
27182,83416,2.0,0,-0.9487638624494638,0,Classical (all features),-1.0708481196041606,-0.9714570628966719,-3.144802258838768,0.38,-1.0708481196041606,0,0,0,0
27182,106679,227.3,1,0.17271231143048985,1,Classical (all features),1.0957308931523997,1.4427853692955082,16.121418416201994,0.85,1.0957308931523997,1,1,1,1
27182,246798,3.75,0,-1.1928735126332137,0,Classical (all features),-1.4167316152407197,-1.2538973373915816,-1.9150196270548947,0.105,-1.4167316152407197,0,0,0,0
27182,62976,25.68,0,-1.0217216911280458,0,Classical (all features),-0.7273834926229579,-0.8964889386930914,-0.5835705511750061,0.11,-0.7273834926229579,0,0,0,0
27182,206960,116.97,0,-1.066460018993792,0,Classical (all features),-1.2561366587618432,-1.3538578190783968,-3.563344010578622,0.0,-1.2561366587618432,0,0,0,0
27182,70975,24.38,0,-1.0636947789138742,0,Classical (all features),-1.381372023310742,-1.4854601484159535,-5.491053324223528,0.005,-1.381372023310742,0,0,0,0
27182,13474,33.17,0,-1.1863587968711875,0,Classical (all features),-1.2739293865865444,-1.228663871955983,-3.297762305314657,0.015,-1.2739293865865444,0,0,0,0
27182,192382,2.0,1,0.9473152291926304,1,Classical (all features),0.6605020591109025,1.075194661873366,10.070339518999315,0.95,0.6605020591109025,1,1,1,1
27182,234645,36.5,0,-1.2856717406739318,0,Classical (all features),-1.542567990913961,-0.9154728396718048,-1.2735449242980037,0.065,-1.542567990913961,0,0,0,0
27182,213401,16.44,0,-0.8596027116062038,0,Classical (all features),-1.5291709033693819,-1.7915731766681877,-7.316268876787653,0.005,-1.5291709033693819,0,0,0,0
27182,244751,11.38,0,-1.0523942183273318,0,Classical (all features),-0.2760121152835331,-0.6540898865260991,-0.2130121869274414,0.46,-0.2760121152835331,0,0,0,0
27182,91671,290.18,1,-0.4594773796591153,0,Classical (all features),-0.8206225808191662,0.16781943273141953,-3.572822210355102,0.135,-0.8206225808191662,1,0,0,0
27182,17240,395.63,0,-0.9922349020244844,0,Classical (all features),-0.7165274188857415,-0.857247103988175,-5.615591756759249,0.11,-0.7165274188857415,0,0,0,0
27182,166050,5.37,0,-1.3882915290252633,0,Classical (all features),-1.785950665268703,-1.3575722437273716,-3.0891056814966595,0.005,-1.785950665268703,0,0,0,0
27182,216698,1.98,0,-1.8069027633623098,0,Classical (all features),-1.627969691349468,-1.4774301026284766,-3.7401195150038213,0.0,-1.627969691349468,0,0,0,0
27182,178705,69.0,0,-0.9046359705289763,0,Classical (all features),-0.665781838560895,-0.9529664957829191,-2.688400497413314,0.35,-0.665781838560895,0,0,0,0
27182,138825,51.35,0,-0.9573614144686761,0,Classical (all features),-0.7728510203063892,-0.5196308655918589,-1.9000853492200016,0.015,-0.7728510203063892,0,0,0,0
27182,274750,324.33,0,-0.9408055444628663,0,Classical (all features),-1.2943458331238964,-0.9341025039082465,-1.124741795295821,0.02,-1.2943458331238964,0,0,0,0
27182,157028,10.0,0,-1.5573618759350496,0,Classical (all features),-1.3293512259455194,-1.5865214879794078,-3.700295578108674,0.0,-1.3293512259455194,0,0,0,0
27182,265152,24.95,0,-1.2621403203629695,0,Classical (all features),-1.232070638232679,-0.9559235411517191,-4.65576803398113,0.045,-1.232070638232679,0,0,0,0
27182,4668,4.49,0,-0.7891951016672168,0,Classical (all features),-1.3045875930613218,-1.20028549182113,-4.526768796688201,0.0,-1.3045875930613218,0,0,0,0
27182,41943,0.76,1,0.9890558411670788,1,Classical (all features),0.2996309853783744,0.9015008767827837,47.22291715207905,0.96,0.2996309853783744,1,1,1,1
27182,204586,77.4,0,-0.959992301893294,0,Classical (all features),-0.6870206926959259,-1.2004224598751194,-1.4440329261185876,0.02,-0.6870206926959259,0,0,0,0
27182,167262,15.33,0,-1.1919236305357428,0,Classical (all features),-1.5679102808141463,-1.1985406517562103,-3.115319105835865,0.17,-1.5679102808141463,0,0,0,0
27182,223840,512.65,0,-0.7352910806153997,0,Classical (all features),-0.6268084657523272,-0.7223650346097534,-1.149200217355006,0.11,-0.6268084657523272,0,0,0,0
27182,53591,1.0,1,0.3181571545774903,1,Classical (all features),1.0076954789329613,0.7779118423536373,10.676701592754604,0.8,1.0076954789329613,1,1,1,1
27182,5824,79.0,0,-1.3611106077582953,0,Classical (all features),-0.6061983785549863,-0.3192964134564159,-6.265498056561038,0.145,-0.6061983785549863,0,0,0,0
27182,121060,140.0,0,-1.306557813116107,0,Classical (all features),-0.9195108078814273,-0.9823879529745168,-1.0877839497748063,0.285,-0.9195108078814273,0,0,0,0
27182,123030,72.64,0,-1.3196328976024225,0,Classical (all features),-1.3981310253746844,-1.6076587894376706,-4.578844502924496,0.0,-1.3981310253746844,0,0,0,0
27182,62151,11.5,0,-0.9423993010657511,0,Classical (all features),-1.9127578950624629,-1.1627598938085992,-1.7309274476050076,0.0,-1.9127578950624629,0,0,0,0
27182,251881,3.14,1,0.1436211384987465,1,Classical (all features),0.2639931259609294,1.367300967859687,2.33753758641194,0.895,0.2639931259609294,1,1,1,1
27182,234633,1.59,1,0.00972355460340213,1,Classical (all features),1.1691558945655314,1.6419238048214573,14.091918661072956,0.95,1.1691558945655314,1,1,1,1
27182,7149,0.01,0,-1.3913556392713287,0,Classical (all features),-1.1212994595452246,-0.4553072581698938,-1.171341067668357,0.14,-1.1212994595452246,0,0,0,0
27182,27362,1.52,1,-1.12895692789446,0,Classical (all features),-1.5765783285351411,-0.5395770834263309,-1.3094944033995586,0.325,-1.5765783285351411,0,0,0,0
27182,152552,15.95,0,-0.8109851449746986,0,Classical (all features),-0.5154935034680995,-1.4807668281299722,-8.410350620262403,0.07,-0.5154935034680995,0,0,0,0
27182,144373,31.0,0,-0.7232877659584428,0,Classical (all features),-0.8418672707027136,-1.1690715764391018,-5.267549093236889,0.03,-0.8418672707027136,0,0,0,0
27182,250810,9.32,0,-1.8216386382392185,0,Classical (all features),-1.6822492928990813,-1.3822889097683588,-2.0454530193396683,0.015,-1.6822492928990813,0,0,0,0
27182,196143,45.0,0,-0.8124824317593388,0,Classical (all features),-0.7702485049410219,-1.6468628124460958,-9.549246553655133,0.075,-0.7702485049410219,0,0,0,0
27182,81111,356.52,0,-1.1918184589954879,0,Classical (all features),-0.6911501486883171,-0.7394553525387115,0.613532722999606,0.185,-0.6911501486883171,0,0,0,0
27182,59980,12.91,0,-1.1269510445249993,0,Classical (all features),-1.5097734561359595,-1.738277413650838,-5.502864369047618,0.0,-1.5097734561359595,0,0,0,0
27182,115807,72.0,0,-1.2087161068115164,0,Classical (all features),-1.5076897751649359,-1.5417079747399525,-4.4887124452180025,0.0,-1.5076897751649359,0,0,0,0
27182,4252,19.63,0,-1.2253570314633908,0,Classical (all features),-0.8218202317668161,-1.3904682516018232,-3.7790301929299024,0.03,-0.8218202317668161,0,0,0,0
27182,43191,0.76,0,-1.3558430171354154,0,Classical (all features),-0.8340513264815356,-1.5080148275116128,-5.902940854340758,0.065,-0.8340513264815356,0,0,0,0
27182,118370,1.0,0,-1.2697045059079763,0,Classical (all features),-0.4297278716067757,-0.8645170067949579,-2.3657095300662285,0.05,-0.4297278716067757,0,0,0,0
27182,46116,0.76,0,-0.5038698113671636,0,Classical (all features),-0.9513865995148162,-0.3744109079704161,-1.4346315063486337,0.165,-0.9513865995148162,0,0,0,0
27182,253647,19.95,0,-0.9655038166336828,0,Classical (all features),-0.9325043778216145,-1.1014909686111678,-2.0896110076085943,0.15,-0.9325043778216145,0,0,0,0
27182,144108,310.42,1,0.21582916168355193,1,Classical (all features),0.7019171589831344,1.3373593045970689,22.938612490304735,0.96,0.7019171589831344,1,1,1,1
27182,35776,28.75,0,-1.5509866363788336,0,Classical (all features),-1.5575601424280172,-1.1811912421310367,-3.3881780385737374,0.0,-1.5575601424280172,0,0,0,0
27182,270347,1.38,0,-1.5341751104538237,0,Classical (all features),-1.2663806584476398,-1.5333907570518446,-3.5200593360823116,0.0,-1.2663806584476398,0,0,0,0
27182,279435,197.41,0,-0.6470898794916579,0,Classical (all features),-0.5312348201539339,-1.0338619491041914,-9.942989712235335,0.13,-0.5312348201539339,0,0,0,0
27182,102899,59.7,0,-1.4482976580308766,0,Classical (all features),-1.3264153070404223,-1.475337541908506,-5.148683094122389,0.0,-1.3264153070404223,0,0,0,0
27182,44117,443.59,0,-0.7099429469912356,0,Classical (all features),-1.1200865823902275,-0.6137728869768941,-1.5946037619571478,0.065,-1.1200865823902275,0,0,0,0
27182,49707,118.3,0,-1.23930499078243,0,Classical (all features),-1.3317536217397863,-1.607107897786273,-4.243682561439943,0.0,-1.3317536217397863,0,0,0,0
27182,194340,358.21,0,-0.872774747791719,0,Classical (all features),-0.2282269984058323,-0.8920213874261114,-2.498705499575242,0.04,-0.2282269984058323,0,0,0,0
27182,252459,124.8,0,-0.9367498083792417,0,Classical (all features),-1.167726583821104,-0.48409786777151564,0.920476498365834,0.25,-1.167726583821104,0,0,0,0
27182,80427,7.56,0,-0.8503405602769242,0,Classical (all features),0.034077308122751254,-0.8559312422786318,-1.9937995444666496,0.545,0.034077308122751254,0,0,0,0
27182,133890,41.64,0,-1.2144383180805263,0,Classical (all features),-1.6023570503235853,-1.5180689173949355,-5.358803041624228,0.005,-1.6023570503235853,0,0,0,0
27182,141083,11.5,0,-1.0063617796581892,0,Classical (all features),-0.8245751311099333,-1.306249505046784,-1.9389600923054036,0.07,-0.8245751311099333,0,0,0,0
27182,254344,187.11,1,-1.354138120537752,0,Classical (all features),-1.4598876848764997,-1.5539905902693443,-3.614799219573523,0.005,-1.4598876848764997,0,0,0,0
27182,280433,3.85,0,-0.9321024085670201,0,Classical (all features),-1.4809968560562914,-1.3531308472956187,-3.7416722036315373,0.025,-1.4809968560562914,0,0,0,0
27182,153467,80.0,0,-1.054117747536202,0,Classical (all features),-0.851783595146712,-0.1750439136208949,0.5765244504304803,0.275,-0.851783595146712,0,0,0,0
27182,84685,90.04,0,-1.1846878295003966,0,Classical (all features),-1.7732851333435327,-1.5472832038312037,-3.1582912668613967,0.0,-1.7732851333435327,0,0,0,0
27182,160288,1.0,0,-1.1402173336578576,0,Classical (all features),-1.542042210638645,-1.6472280248788396,-5.607151829642861,0.0,-1.542042210638645,0,0,0,0
27182,237694,1.29,0,-1.0764889570207532,0,Classical (all features),-1.3190157929196922,-1.2302684410055247,-4.93281133252218,0.0,-1.3190157929196922,0,0,0,0
27182,241714,89.9,0,-1.1348663510297499,0,Classical (all features),-1.5645723946610588,-1.3049173336801791,-3.0953545459144407,0.04,-1.5645723946610588,0,0,0,0
27182,251477,0.77,1,0.9067344337486424,1,Classical (all features),0.9768496882484345,1.1483354599722424,25.96383352049638,0.98,0.9768496882484345,1,1,1,1
27182,226675,10.98,0,-1.4302949286883018,0,Classical (all features),-1.929757138503403,-1.4558245816490403,-3.578654881258949,0.0,-1.929757138503403,0,0,0,0
27182,56703,0.76,1,-0.6473881278044353,0,Classical (all features),-0.7453588116377758,-0.5159511066750189,-1.5630937068855908,0.325,-0.7453588116377758,0,0,0,0
27182,206696,71.71,0,-0.8663859580220102,0,Classical (all features),-1.364504050228663,-1.6915462293072214,-8.230743944470909,0.055,-1.364504050228663,0,0,0,0
27182,226483,26.1,0,-1.5950713351271784,0,Classical (all features),-1.1873427543346031,-1.460867731034729,-2.6215577710324416,0.0,-1.1873427543346031,0,0,0,0
27182,45033,58.0,0,-1.0383650819479628,0,Classical (all features),-1.1754725762576685,-1.3334074310183204,-3.3007332043025293,0.015,-1.1754725762576685,0,0,0,0
27182,102444,1.0,1,1.000181674766112,1,Classical (all features),1.0001312515911387,0.9999237061365299,3.165143168640577,0.98,1.0001312515911387,1,1,1,1
27182,154286,0.92,1,-0.2572816248089481,0,Classical (all features),0.2156933117134881,0.5964650644203771,-0.2533748307100653,0.55,0.2156933117134881,1,0,0,1
27182,208425,82.86,0,-1.2037890376354135,0,Classical (all features),-1.7679563133473102,-1.683943644683331,-5.665010473513409,0.0,-1.7679563133473102,0,0,0,0
27182,42741,459.07,1,0.38725663973362767,1,Classical (all features),0.23249945762785662,0.5978653377480317,49.72889917576367,0.925,0.23249945762785662,1,1,1,1
27182,147672,10.98,0,-1.2476945046008696,0,Classical (all features),-1.203195935523751,-0.8736823540009266,-2.063397027179957,0.075,-1.203195935523751,0,0,0,0
27182,99204,11.5,0,-1.3330146447982636,0,Classical (all features),-1.965778937328321,-1.573034623802144,-3.667155173869776,0.0,-1.965778937328321,0,0,0,0
27182,242906,37.3,0,-1.4850031659677732,0,Classical (all features),-0.3931883855014038,-1.4701598508088105,-2.5758747141044647,0.025,-0.3931883855014038,0,0,0,0
27182,154718,0.0,1,0.4192842276656934,1,Classical (all features),0.3991248200746998,1.101523059344663,33.01940145556218,0.96,0.3991248200746998,1,1,1,1
27182,208070,70.81,0,-0.9242329854410635,0,Classical (all features),-1.1992534616479475,-1.1620139085195298,-1.5211520914335717,0.0,-1.1992534616479475,0,0,0,0
27182,72927,1.0,0,-0.5391030586568769,0,Classical (all features),-0.7854309379037779,-1.1647163364523663,-3.567545994162136,0.005,-0.7854309379037779,0,0,0,0
27182,213092,22.47,1,-0.35736785866590515,0,Classical (all features),0.09530921255095473,-0.12858305065567333,-1.3708342954523691,0.285,0.09530921255095473,0,0,0,1
27182,225202,119.0,0,-1.2028255327403592,0,Classical (all features),-1.2649064538975998,-0.8950865934136774,-4.042748833227166,0.04,-1.2649064538975998,0,0,0,0
27182,135089,137.45,0,-1.4079395770954233,0,Classical (all features),-0.9043804432974384,-1.3447627694320414,-4.175988813930372,0.0,-0.9043804432974384,0,0,0,0
27182,176266,1.0,0,-0.9825630922658862,0,Classical (all features),-0.9114091748286203,-1.6009554602732248,-7.929292549920785,0.025,-0.9114091748286203,0,0,0,0
27182,70617,168.0,0,-1.5960203566227675,0,Classical (all features),-1.2685190216319804,-1.3322315552027442,-3.0819850829139437,0.0,-1.2685190216319804,0,0,0,0
27182,3388,1.0,0,-0.923861129230393,0,Classical (all features),-1.2397743736704858,-1.394068608703564,-7.119306531612201,0.03,-1.2397743736704858,0,0,0,0
27182,245017,34.1,0,-1.2373626735621701,0,Classical (all features),-0.48489244916348817,-1.3500360494142822,-6.348403691834498,0.01,-0.48489244916348817,0,0,0,0
27182,204064,345.0,1,0.6029791569513446,1,Classical (all features),0.4375631865969195,0.5796201345636224,7.355465894150106,0.98,0.4375631865969195,1,1,1,1
27182,234678,0.76,0,-1.0342136317615687,0,Classical (all features),-0.6402679894739263,-0.413332508025787,-0.8717850656150025,0.185,-0.6402679894739263,0,0,0,0
27182,47716,198.73,0,-0.588717924292045,0,Classical (all features),-0.5468173460354078,-0.9223345924740924,-8.763637075731147,0.04,-0.5468173460354078,0,0,0,0
27182,192297,90.0,0,-1.1777146579159177,0,Classical (all features),-1.5599123420651586,-1.6543643915934947,-5.035767154295666,0.0,-1.5599123420651586,0,0,0,0
27182,15781,99.99,1,0.9401842687235233,1,Classical (all features),0.706917528119584,0.8148502921289469,44.11527827367598,0.97,0.706917528119584,1,1,1,1
27182,34780,71.63,0,-0.9809190292729332,0,Classical (all features),-0.6085804701352805,-1.3283182573191583,-7.225672906112699,0.005,-0.6085804701352805,0,0,0,0
27182,120837,99.9,1,0.4668308366463615,1,Classical (all features),0.9168030078768158,1.349232247462901,22.329542061150523,0.91,0.9168030078768158,1,1,1,1
27182,134315,1090.58,0,-0.4009792124166295,0,Classical (all features),0.20819917824014508,0.6855664107395956,2.2500119801157275,0.465,0.20819917824014508,1,1,0,1
27182,77387,444.17,1,0.19235011765383153,1,Classical (all features),0.6398845463912732,1.359686126387949,16.02268897949413,0.92,0.6398845463912732,1,1,1,1
27182,7500,22.06,0,-0.3911265023202334,0,Classical (all features),-0.4821930093507416,-0.20343816707039364,-5.294562170172129,0.29,-0.4821930093507416,0,0,0,0
27182,220226,25.0,0,-0.9217433368300086,0,Classical (all features),-1.1768803933212226,-1.7160282053555171,-7.289204142993883,0.01,-1.1768803933212226,0,0,0,0
27182,83037,6.89,0,-1.464820129269969,0,Classical (all features),-1.4850098783525132,-1.3431751950034942,-3.978488832251412,0.02,-1.4850098783525132,0,0,0,0
27182,27627,18.96,1,0.8888162361996087,1,Classical (all features),1.1872549311783187,1.0721472922147497,13.29463924218719,0.95,1.1872549311783187,1,1,1,1
27182,213714,1.0,0,-0.9997060527067502,0,Classical (all features),-0.5082344557215737,-0.8158238065293713,0.34926996012821154,0.15,-0.5082344557215737,0,0,0,0
27182,193458,75.0,0,-0.9170666646579547,0,Classical (all features),-0.6677830862390347,-1.1474084467323604,-8.772824379463472,0.05,-0.6677830862390347,0,0,0,0
27182,158627,3.0,0,-1.416400999803372,0,Classical (all features),-0.8113624246245604,-1.4810865632308803,-4.39730940775019,0.005,-0.8113624246245604,0,0,0,0
27182,13652,28.75,0,-1.066919231368003,0,Classical (all features),-0.6611056809383726,-1.0639613450377066,-0.7230878520786675,0.05,-0.6611056809383726,0,0,0,0
27182,226081,22.19,0,0.07087870647171857,1,Classical (all features),-0.8548845792292,-0.6410295148725238,-4.115040552722217,0.045,-0.8548845792292,0,0,0,0
27182,157868,0.76,1,0.40484685550072724,1,Classical (all features),0.5725727488281448,1.1711312642789828,19.628416645260177,0.985,0.5725727488281448,1,1,1,1
27182,219979,4.6,0,-1.4330925545999373,0,Classical (all features),-1.7709441747472696,-1.5469944091335077,-3.1453059716067426,0.0,-1.7709441747472696,0,0,0,0
27182,124176,1.0,1,-0.3416235375974396,0,Classical (all features),0.07315468846453996,0.19076115744425426,1.3411394503099414,0.8,0.07315468846453996,1,0,1,1
27182,153823,2.28,1,0.6600197182783234,1,Classical (all features),0.21569325276335946,0.5289299226148659,55.63023194218553,0.915,0.21569325276335946,1,1,1,1
27182,5368,48.6,0,-1.5121948047431335,0,Classical (all features),-0.49589714998085344,-1.50380270061856,-4.141006482772164,0.01,-0.49589714998085344,0,0,0,0
27182,102418,319.4,0,-1.5514531228832849,0,Classical (all features),-0.8380688614704498,-1.0704102554110126,-1.8035851613206,0.355,-0.8380688614704498,0,0,0,0
27182,91386,0.9,0,-1.55771106159303,0,Classical (all features),-0.9463200010705254,-1.5137298110444317,-3.121772628233298,0.01,-0.9463200010705254,0,0,0,0
27182,198934,335.22,0,-1.1721324771802326,0,Classical (all features),-0.7111040667272209,-0.9493042581229802,-5.552091914914377,0.06,-0.7111040667272209,0,0,0,0
27182,194396,43.56,0,-1.2048873355698584,0,Classical (all features),-0.9394052195698307,-1.141206796914783,-2.5420798431576577,0.03,-0.9394052195698307,0,0,0,0
27182,231900,49.99,0,-1.2276560585636527,0,Classical (all features),-1.3095741135544994,-1.3831020039624842,-5.159089540538757,0.015,-1.3095741135544994,0,0,0,0
27182,153811,618.87,0,-1.046804690012844,0,Classical (all features),0.1804876624837241,-0.5704137696559386,-2.3356414430991763,0.065,0.1804876624837241,0,0,0,1
