seed,row_id,amount,actual,quantum_score,quantum_prediction,best_classical_name,best_classical_score,score_RBF-SVM,score_Logistic regression,score_Random forest,score_Classical (all features),prediction_RBF-SVM,prediction_Logistic regression,prediction_Random forest,prediction_Classical (all features)
42,76552,5.9,0,-1.2553966091205426,0,Logistic regression,-2.3336469579122747,-1.191929819431793,-2.3336469579122747,0.0,-0.8027095226946939,0,0,0,0
42,122944,1.79,0,-1.1125741765694137,0,Logistic regression,-3.050747841262056,-0.5676648433158784,-3.050747841262056,0.0,-0.38367283283009057,0,0,0,1
42,119714,29.95,1,-1.146225211728972,0,Logistic regression,-2.542157588920014,-1.2222552152005346,-2.542157588920014,0.01,-0.4352765548081736,0,0,0,1
42,193884,104.0,0,-1.263899137130803,0,Logistic regression,-1.7302483257140164,-1.0467853691943017,-1.7302483257140164,0.0,-0.9004206656700563,0,0,0,0
42,177006,34.15,0,-0.9059629135790279,0,Logistic regression,-1.1646583962087798,-0.6938805667465633,-1.1646583962087798,0.01,-0.6357923104639515,0,0,0,0
42,273580,5.99,0,-1.152564000970715,0,Logistic regression,-2.757057722504903,-1.1465256467582225,-2.757057722504903,0.0,-0.7793209535218029,0,0,0,0
42,180523,2.58,0,-1.3207004640007387,0,Logistic regression,-2.296222241649927,-1.1809922968851123,-2.296222241649927,0.0,-1.0569936691608723,0,0,0,0
42,215953,0.77,1,-0.8116422304703952,0,Logistic regression,-0.7670642472273599,-0.024666740178818536,-0.7670642472273599,0.035,-0.38370170428207623,0,0,0,1
42,144739,4.64,0,-1.1746375944129404,0,Logistic regression,-2.7371379320168705,-1.2660584248139906,-2.7371379320168705,0.0,-0.8066589691517561,0,0,0,0
42,87853,64.99,0,-1.1721251265224868,0,Logistic regression,-3.0140053158695546,-1.2134452819221588,-3.0140053158695546,0.01,-0.904452091128472,0,0,0,0
42,201935,89.51,0,-1.1254128258521687,0,Logistic regression,-2.3408913826022104,-0.9217078641496463,-2.3408913826022104,0.005,-0.6499850180774245,0,0,0,0
42,154286,0.92,1,-0.8478845373388477,0,Logistic regression,-5.884761658835841,0.45466459721568236,-5.884761658835841,0.12,-0.38367237198646786,1,0,0,1
42,37343,39.5,0,-1.1572069237050522,0,Logistic regression,-2.751372779174668,-1.1976497604223615,-2.751372779174668,0.0,-0.7726221730257152,0,0,0,0
42,264050,11.5,0,-0.7772522733618891,0,Logistic regression,-2.1500910525884516,-0.7988784961187503,-2.1500910525884516,0.115,-0.6149979507533152,0,0,0,0
42,53591,1.0,1,-0.4712589991144638,1,Logistic regression,1.6972073271904837,0.719858388059665,1.6972073271904837,0.815,-0.38276822733083693,1,0,1,1
42,51081,7.95,0,-1.078727586986151,0,Logistic regression,-2.756665340077779,-1.2262759023484497,-2.756665340077779,0.0,-1.1322373479887942,0,0,0,0
42,39985,206.4,0,-0.7438945888352638,0,Logistic regression,-0.8850640237845466,-0.61600877521759,-0.8850640237845466,0.02,-0.5659525342930736,0,0,0,0
42,154676,2.28,1,-0.632122294493094,1,Logistic regression,6.971730110207171,0.639998058513033,6.971730110207171,0.88,-0.383530773111675,1,1,1,1
42,278988,0.89,0,-0.9333326585226753,0,Logistic regression,-3.760574643695267,-0.733711224799104,-3.760574643695267,0.0,-0.49848032487276883,0,0,0,0
42,196375,1.0,0,-1.2865349070738277,0,Logistic regression,-2.448581942209526,-1.2265967476096016,-2.448581942209526,0.0,-0.8676766756173815,0,0,0,0
42,90606,5.99,0,-1.205714317996943,0,Logistic regression,-2.449971917800828,-1.1321465080935282,-2.449971917800828,0.0,-0.9961913316741624,0,0,0,0
42,36326,10.62,0,-1.267836889523017,0,Logistic regression,-2.4048052085275944,-1.1655959657323407,-2.4048052085275944,0.0,-0.7851942648607884,0,0,0,0
42,30188,188.9,0,-1.1021230510276998,0,Logistic regression,-1.9239116900734874,-0.9365227994873249,-1.9239116900734874,0.0,-0.8385609313098298,0,0,0,0
42,105592,134.25,0,-1.2206523708315449,0,Logistic regression,-2.0700249610277477,-1.007706059299264,-2.0700249610277477,0.0,-0.6236308827312118,0,0,0,0
42,283178,1.29,0,-1.2944383478957802,0,Logistic regression,-2.4474122312495785,-1.2165176127864197,-2.4474122312495785,0.0,-0.9475535741215224,0,0,0,0
42,282107,15.89,0,-1.3024619975814709,0,Logistic regression,-1.941811224833701,-1.0312068182138454,-1.941811224833701,0.005,-0.8121417900869408,0,0,0,0
42,253768,0.76,0,-1.0113146931015193,0,Logistic regression,-2.395798385535686,-0.9466874955020059,-2.395798385535686,0.02,-0.5369650000227469,0,0,0,0
42,67434,9.49,0,-0.901925170087198,0,Logistic regression,-4.762209599011533,0.3260445120980164,-4.762209599011533,0.075,-0.3836723719864842,1,0,0,1
42,129783,1.0,0,-0.9928446826852905,0,Logistic regression,-2.1622612744001146,-1.0341131508563166,-2.1622612744001146,0.0,-0.7965787523690145,0,0,0,0
42,118583,179.9,0,-1.126296723946046,0,Logistic regression,-2.62011663928435,-0.8728152657861818,-2.62011663928435,0.005,-0.5879611609054756,0,0,0,0
42,50537,1.0,1,-1.0275941755865057,0,Logistic regression,-2.720974644295471,-1.00107990117349,-2.720974644295471,0.035,-0.859064274856997,0,0,0,0
42,254395,7.59,1,-0.9941604959906032,0,Logistic regression,-2.5319195335446905,-0.605915747839251,-2.5319195335446905,0.01,-0.5403235191051565,0,0,0,0
42,131787,1.0,0,-1.026763574888336,0,Logistic regression,-2.7638642116286984,-1.0118885421418133,-2.7638642116286984,0.02,-0.6640715801670223,0,0,0,0
42,228442,13.33,0,-0.8679176916384487,0,Logistic regression,-1.6715064303763418,-0.7623775172626259,-1.6715064303763418,0.035,-0.7626211432997421,0,0,0,0
42,151011,1.0,1,-0.7428810484305453,0,Logistic regression,15.747692513615913,0.4589995352922744,15.747692513615913,0.91,-0.38367237198646786,1,1,1,1
42,127185,1.0,0,-1.2668256552029042,0,Logistic regression,-2.496780541308787,-1.2333034927797712,-2.496780541308787,0.0,-0.9662686469711615,0,0,0,0
42,188713,3.59,0,-0.9201844972005508,0,Logistic regression,-2.6556180766645747,-0.8603201201436204,-2.6556180766645747,0.0,-0.45451426119307237,0,0,0,1
42,249828,6.74,1,-0.7765863585144147,0,Logistic regression,3.292144271234444,0.6195057695664549,3.292144271234444,0.87,-0.3836076291806651,1,1,1,1
42,51481,35.9,0,-1.3117249182375081,0,Logistic regression,-2.4563798700546036,-1.2287867984096745,-2.4563798700546036,0.0,-1.015426173547607,0,0,0,0
42,113215,22.0,0,-1.0542563535435994,0,Logistic regression,-2.8919299842428026,-1.2293061515978538,-2.8919299842428026,0.0,-0.7610719634832186,0,0,0,0
42,265632,241.81,0,-1.0776541684544645,0,Logistic regression,-0.5686428846088987,-0.5173118505944427,-0.5686428846088987,0.115,-0.46163693623937085,0,0,0,1
42,241143,1000.0,0,-0.7067872118654691,0,Logistic regression,0.7459918788253428,0.3287626877555125,0.7459918788253428,0.265,-0.3836728174356053,1,0,0,1
42,138473,84.92,0,-1.1807814710327074,0,Logistic regression,-2.037444200043016,-1.1157802152055125,-2.037444200043016,0.15,-1.1414731173917043,0,0,0,0
42,226871,15.95,0,-1.0387921217166363,0,Logistic regression,-1.536899786480276,-0.6699032939564851,-1.536899786480276,0.0,-0.7243721967711775,0,0,0,0
42,169991,45.0,0,-1.0747035468809576,0,Logistic regression,-2.7653180238402384,-1.1620463045557978,-2.7653180238402384,0.0,-1.0326289270939883,0,0,0,0
42,140823,101.98,0,-1.245985802016004,0,Logistic regression,-2.1877226116748316,-1.1234395753460005,-2.1877226116748316,0.0,-0.790340559446316,0,0,0,0
42,74324,18.34,0,-0.9378158582771687,0,Logistic regression,-2.592409117457902,-1.0656414925783273,-2.592409117457902,0.0,-0.4856277225507076,0,0,0,0
42,155641,136.5,0,-0.8523653603248063,0,Logistic regression,-2.565637838176295,-0.8792505740475804,-2.565637838176295,0.005,-0.40200648697262975,0,0,0,1
42,91295,42.81,0,-1.1714818313101718,0,Logistic regression,-2.298189228528318,-1.1460619176261724,-2.298189228528318,0.0,-1.070261265417765,0,0,0,0
42,247067,9.99,0,-0.9677206306774186,0,Logistic regression,-2.2845920869567347,-0.8915540181484911,-2.2845920869567347,0.015,-0.6314161223932404,0,0,0,0
42,116782,8.36,0,-1.1674740578846545,0,Logistic regression,-2.6262302751545588,-1.235528682334377,-2.6262302751545588,0.0,-1.0520368125291917,0,0,0,0
42,81596,202.39,0,-1.1058062334202623,0,Logistic regression,-1.4011648137349635,-0.8324176484564838,-1.4011648137349635,0.005,-0.19421142033335762,0,0,0,1
42,210216,0.0,0,-1.0773632227492929,0,Logistic regression,-2.594888808464484,-0.9302823422080027,-2.594888808464484,0.005,-0.48458697082786,0,0,0,0
42,154454,147.87,1,-0.8430097822885396,0,Logistic regression,2.2677030605899313,0.7940414918703649,2.2677030605899313,0.845,-0.38359640202555884,1,0,1,1
42,42227,12.31,0,-1.0990624639850588,0,Logistic regression,-2.0392688991019394,-0.9385959856986348,-2.0392688991019394,0.005,-0.9602485988112254,0,0,0,0
42,65559,1.98,0,-1.1847117839920012,0,Logistic regression,-2.2342674754504106,-1.0623429096330537,-2.2342674754504106,0.005,-0.890572120618279,0,0,0,0
42,209661,1.0,0,-1.0720758406199824,0,Logistic regression,-2.6380751444762436,-0.924892147017385,-2.6380751444762436,0.015,-0.7197428473667427,0,0,0,0
42,225745,41.91,0,-1.001200884089935,0,Logistic regression,-1.9315824763453044,-1.0402286244755024,-1.9315824763453044,0.0,-0.5015819720482755,0,0,0,0
42,118741,87.52,0,-1.0700670423181486,0,Logistic regression,-2.6779790208375456,-1.0704237900819957,-2.6779790208375456,0.0,-0.8168483736620997,0,0,0,0
42,237381,21.98,0,-1.0763731032515604,0,Logistic regression,-2.4275492495598185,-1.0964075868614689,-2.4275492495598185,0.0,-0.8461164338553631,0,0,0,0
42,209628,11.5,0,-1.0809344391309252,0,Logistic regression,-2.9104816243524567,-1.0814002257165063,-2.9104816243524567,0.01,-0.4966979644112227,0,0,0,0
42,6286,39.01,0,-0.9627671496049331,0,Logistic regression,-3.2763468807069804,-1.0123064252005014,-3.2763468807069804,0.025,-0.39520177793841377,0,0,0,1
42,34719,69.44,0,-1.1073994021754747,0,Logistic regression,-2.786072774323179,-1.2475818138970511,-2.786072774323179,0.0,-0.7263407353566558,0,0,0,0
42,204685,18.14,0,-0.8470269493097761,0,Logistic regression,-2.6657546569864436,-0.49072227460799694,-2.6657546569864436,0.035,-0.41578782899624983,0,0,0,1
42,274075,126.0,0,-0.9692142170892957,0,Logistic regression,-1.7878816468390166,-0.663997800880963,-1.7878816468390166,0.0,-0.5445999554254647,0,0,0,0
42,106581,1.0,0,-1.0490048651999961,0,Logistic regression,-2.4180800304793344,-1.0425146580567881,-2.4180800304793344,0.0,-0.4700149262223687,0,0,0,1
42,8335,1.0,1,-0.7170905540185295,0,Logistic regression,13.571025190423136,0.45908205179186873,13.571025190423136,0.89,-0.38367237198643084,1,1,1,1
42,118997,110.4,0,-1.1996131298065524,0,Logistic regression,-2.3857117063076068,-1.1985242234681242,-2.3857117063076068,0.0,-0.9172409768380141,0,0,0,0
42,123853,25.0,0,-1.1201688206939915,0,Logistic regression,-2.25071797297771,-1.0693302203031736,-2.25071797297771,0.1,-0.652434674275869,0,0,0,0
42,238434,20.0,0,-1.0936087504288299,0,Logistic regression,-2.5461804875123497,-1.0734796826385866,-2.5461804875123497,0.0,-0.8402798423169936,0,0,0,0
42,146589,9.08,0,-1.251240715733016,0,Logistic regression,-2.6286445764351036,-1.1589451723999709,-2.6286445764351036,0.0,-0.5696979331703622,0,0,0,0
42,170498,1.12,0,-1.174012414927605,0,Logistic regression,-1.9040321328727419,-1.0404053632132966,-1.9040321328727419,0.005,-0.5970936733864487,0,0,0,0
42,65005,16.0,0,-1.020019129757579,0,Logistic regression,-2.292800537410977,-1.0882701120527096,-2.292800537410977,0.005,-0.9472647404715989,0,0,0,0
42,188728,28.75,0,-0.8217829139317295,0,Logistic regression,-3.2604121424400194,0.4590570465087863,-3.2604121424400194,0.105,-0.38367237198646786,1,0,0,1
42,5546,2.45,0,-1.0217700097374889,0,Logistic regression,-2.5260168151790543,-1.165847409142856,-2.5260168151790543,0.0,-0.6284853785288511,0,0,0,0
42,170650,204.0,0,-1.084286180541884,0,Logistic regression,-1.751182736293021,-0.8159282034767883,-1.751182736293021,0.0,-0.8434011482868597,0,0,0,0
42,17480,99.99,1,-0.6786535927028209,1,Logistic regression,9.898282550323835,0.4589968444485573,9.898282550323835,0.84,-0.38367237198646786,1,1,1,1
42,142116,541.1,0,-0.897224370679979,0,Logistic regression,-0.3082482266138158,-0.14126573965274597,-0.3082482266138158,0.33,-0.5462279995007,0,0,0,0
42,25918,14.99,0,-1.0141384025827522,0,Logistic regression,-2.7117669553384776,-1.1828731048065726,-2.7117669553384776,0.0,-0.6979951882979776,0,0,0,0
42,30703,12.31,0,-1.0919813902254627,0,Logistic regression,-2.9064127820127363,-1.1713674569592207,-2.9064127820127363,0.0,-0.9182482442490602,0,0,0,0
42,150661,44.9,1,-0.7574963604094437,0,Logistic regression,14.317244937988061,0.4590108026732065,14.317244937988061,0.855,-0.38367237198646675,1,1,1,1
42,84459,3.58,0,-1.1513405526202574,0,Logistic regression,-2.465810169526587,-1.0991764078998059,-2.465810169526587,0.01,-1.026525021982291,0,0,0,0
42,47311,119.67,0,-1.0124275632580386,0,Logistic regression,-3.1109797353949658,-1.1584662386229394,-3.1109797353949658,0.005,-0.6941800714511415,0,0,0,0
42,48592,91.91,0,-1.155238556327456,0,Logistic regression,-2.8858882636509082,-1.1508384538028318,-2.8858882636509082,0.0,-0.837497729196468,0,0,0,0
42,51720,22.95,0,-1.1443958156361012,0,Logistic regression,-3.421022010762557,-1.2074753045065463,-3.421022010762557,0.0,-0.7588646767194421,0,0,0,0
42,204503,84.28,1,-0.7250318345745855,0,Logistic regression,3.0913995861473564,0.7868641806875996,3.0913995861473564,0.94,-0.3808498988811708,1,1,1,1
42,228904,1016.04,0,-0.8565915712847066,0,Logistic regression,2.1439255823320202,0.6546126264966464,2.1439255823320202,0.315,-0.3818339124214788,1,0,0,1
42,273100,25.0,0,-1.287862520265055,0,Logistic regression,-1.8509305319234215,-0.8618576424534128,-1.8509305319234215,0.0,-0.9072260107901735,0,0,0,0
42,165476,791.68,0,-1.0159953902957786,0,Logistic regression,-0.20611388420981092,0.0361511611252574,-0.20611388420981092,0.095,-0.40103843172233966,0,0,0,1
42,82837,20.5,0,-1.1608602470303668,0,Logistic regression,-2.7023573563538266,-1.2103041588863703,-2.7023573563538266,0.0,-1.090345624140122,0,0,0,0
42,95552,87.72,0,-1.211778111916908,0,Logistic regression,-2.2623311013061844,-1.1471379999691453,-2.2623311013061844,0.0,-0.9844824992039807,0,0,0,0
42,192584,362.55,1,-0.6337705926102731,1,Logistic regression,3.8472160514640628,0.8161021530763399,3.8472160514640628,0.885,-0.3836115155822767,1,1,1,1
42,108190,1.29,0,-1.064943039278565,0,Logistic regression,-2.1838212259091225,-0.7238769406536683,-2.1838212259091225,0.03,-0.5179795600707727,0,0,0,0
42,275854,71.01,0,-1.0709172127772386,0,Logistic regression,-1.792310619081728,-0.9205419115873463,-1.792310619081728,0.0,-0.7298075243299238,0,0,0,0
42,192830,1.29,0,-0.9487686680437938,0,Logistic regression,-1.642654911437559,-0.9023831725507983,-1.642654911437559,0.0,-0.7409947126432218,0,0,0,0
42,230076,0.77,1,-0.6586278749940316,1,Logistic regression,3.303228022234051,0.6280631351618596,3.303228022234051,0.865,-0.38367160639104175,1,1,1,1
42,154697,7.59,1,-0.3011381998403047,1,Logistic regression,6.543654312302379,0.7153761261929238,6.543654312302379,0.88,-0.3835271471497197,1,1,1,1
42,222025,25.9,0,-1.117810005258867,0,Logistic regression,-1.9531764396945155,-0.8516264548887995,-1.9531764396945155,0.005,-0.8517153958615051,0,0,0,0
42,180692,371.76,0,-0.8121348658436089,0,Logistic regression,-0.6056047070555035,-0.31073504727297546,-0.6056047070555035,0.235,-0.3924248975151863,0,0,0,1
42,119348,74.99,0,-1.1769489066887502,0,Logistic regression,-2.255580580895576,-1.0315411122816298,-2.255580580895576,0.005,-0.8436503627946446,0,0,0,0
42,6142,2.31,0,-1.2675249636837984,0,Logistic regression,-2.6085397192506203,-1.118088367290639,-2.6085397192506203,0.035,-0.5822733351795937,0,0,0,0
42,169745,1.0,0,-1.1739761835200886,0,Logistic regression,-1.9733223085975555,-1.0127368604996034,-1.9733223085975555,0.0,-0.71742116742437,0,0,0,0
42,178492,13.49,0,-1.2542280300166793,0,Logistic regression,-2.4129071873392207,-1.1979653237266845,-2.4129071873392207,0.0,-0.947901921081115,0,0,0,0
42,75670,13.47,0,-1.1154962601027085,0,Logistic regression,-2.6621684552405984,-1.198886659459198,-2.6621684552405984,0.0,-1.1530542614381183,0,0,0,0
42,192925,4.26,0,-1.1952854056344115,0,Logistic regression,-2.4856629728462294,-1.0269810298330815,-2.4856629728462294,0.0,-0.5059966402532338,0,0,0,0
42,49791,172.21,0,-1.109382003272085,0,Logistic regression,-1.921534068440719,-0.9461813151187053,-1.921534068440719,0.0,-0.6283163378779957,0,0,0,0
42,270224,1.98,0,-1.307351522681196,0,Logistic regression,-2.281452343077272,-1.1799438048770248,-2.281452343077272,0.0,-1.0419920293837412,0,0,0,0
42,5072,674.98,0,-0.38060930933204645,1,Logistic regression,0.05018890888759353,0.04321287856654715,0.05018890888759353,0.4,-0.41308308071167466,0,0,0,1
42,174943,61.0,0,-1.2404002007129633,0,Logistic regression,-2.014775139211219,-0.9934734574943749,-2.014775139211219,0.0,-0.4645533645808768,0,0,0,1
42,80074,27.85,0,-0.9399189137239414,0,Logistic regression,-2.1759101454931145,-1.1678774485556236,-2.1759101454931145,0.005,-0.8783458421979367,0,0,0,0
42,82580,12.31,0,-1.1787353738876787,0,Logistic regression,-2.7164398430675547,-1.2251308511152694,-2.7164398430675547,0.0,-0.9382036021020308,0,0,0,0
42,82028,137.28,0,-1.023409233427294,0,Logistic regression,-1.7910669849800485,-0.8509418768313373,-1.7910669849800485,0.0,-0.8756604166857626,0,0,0,0
42,142541,40.99,0,-1.1740888664549431,0,Logistic regression,-2.5445037442362106,-1.2453325279716552,-2.5445037442362106,0.0,-0.9013243783231473,0,0,0,0
42,152295,9.82,1,-0.771635731041162,0,Logistic regression,14.773925740439484,0.45899716990579736,14.773925740439484,0.85,-0.38367237198646786,1,1,1,1
42,81128,100.6,0,-1.115274460277034,0,Logistic regression,-2.238922739136998,-1.096022472729291,-2.238922739136998,0.0,-0.9800037956668073,0,0,0,0
42,246037,42.0,0,-1.185720583597179,0,Logistic regression,-2.5733819142109184,-1.2208281811427484,-2.5733819142109184,0.0,-1.0443945033112891,0,0,0,0
42,277006,394.68,0,-1.0976350495062612,0,Logistic regression,-0.7559864489750068,-0.43013486729188927,-0.7559864489750068,0.02,-0.7080668615270089,0,0,0,0
42,282398,1.59,0,-1.155144962872803,0,Logistic regression,-2.6157718103258514,-1.0544410361986574,-2.6157718103258514,0.005,-0.5884047889721405,0,0,0,0
42,3961,9.99,0,-1.0745399730051193,0,Logistic regression,-2.761632448720067,-1.190963684326634,-2.761632448720067,0.0,-1.1209090112993958,0,0,0,0
42,200287,27.9,0,-1.1663980304937476,0,Logistic regression,-2.079934543366609,-1.1381831115911716,-2.079934543366609,0.0,-0.8560921407949255,0,0,0,0
42,150660,44.9,1,-0.7574963604094437,0,Logistic regression,14.317244937988061,0.4590108026732065,14.317244937988061,0.855,-0.38367237198646675,1,1,1,1
42,79892,9.03,0,-1.0025794557276195,0,Logistic regression,-2.829606174826064,-1.0623285003354515,-2.829606174826064,0.0,-0.7484432659361873,0,0,0,0
42,80444,25.0,0,-1.043342081467027,0,Logistic regression,-2.8904655556265935,-0.7968680183272643,-2.8904655556265935,0.005,-0.554028699837412,0,0,0,0
42,262256,56.03,0,-0.9883776285426118,0,Logistic regression,-1.849335069631706,-0.6808538807025133,-1.849335069631706,0.01,-0.5229832631436526,0,0,0,0
42,154335,0.89,0,-1.1340668975627755,0,Logistic regression,-2.0539654413307677,-1.1232512799021832,-2.0539654413307677,0.005,-0.6100060793377202,0,0,0,0
42,263413,13.0,0,-1.1663514921171831,0,Logistic regression,-2.4879064646465903,-1.0343596532670243,-2.4879064646465903,0.0,-0.9935279923948489,0,0,0,0
42,77348,0.01,1,-0.7623775246957374,0,Logistic regression,2.3859602677503844,0.6739886050041692,2.3859602677503844,0.875,-0.37537153762522757,1,0,1,1
42,153911,7.6,0,-1.0514494600162316,0,Logistic regression,-2.290494072762109,-1.0459403734310826,-2.290494072762109,0.0,-0.4859717116803253,0,0,0,0
42,137233,11.87,0,-1.1214689078667028,0,Logistic regression,-2.7950485290087235,-1.1700184941081828,-2.7950485290087235,0.0,-1.1881441362107092,0,0,0,0
42,235108,15.0,0,-1.1138177004761352,0,Logistic regression,-2.381383968397154,-1.2139914987367055,-2.381383968397154,0.0,-0.7826843483915344,0,0,0,0
42,228712,22.94,0,-1.1584619362144908,0,Logistic regression,-2.5593228609155876,-1.0414774605434847,-2.5593228609155876,0.0,-0.6510318762544285,0,0,0,0
42,168400,200.0,0,-0.9599260430666294,0,Logistic regression,-1.3160664716409503,-0.8098281741152515,-1.3160664716409503,0.025,-0.6970371318978464,0,0,0,0
42,263682,60.0,0,-1.2862194675162342,0,Logistic regression,-1.9036423932228501,-1.0951999269924941,-1.9036423932228501,0.0,-0.8446377587661366,0,0,0,0
42,280332,25.0,0,-1.2319394180613799,0,Logistic regression,-2.624520126404389,-1.2264469419997215,-2.624520126404389,0.0,-0.8218825295603003,0,0,0,0
42,266376,76.38,0,-0.8890722421157962,0,Logistic regression,-1.9890589399379033,-0.7128211614516198,-1.9890589399379033,0.01,-0.43777450951563734,0,0,0,1
42,284638,430.0,0,-0.8957952097928845,0,Logistic regression,-0.422646945539483,-0.10299853553451538,-0.422646945539483,0.365,-0.37723603588274535,0,0,0,1
42,161550,69.99,0,-1.1125041227880976,0,Logistic regression,-1.9844624817489325,-1.0846490391547055,-1.9844624817489325,0.0,-0.759417487081637,0,0,0,0
42,68320,0.76,1,-1.1775285119585543,0,Logistic regression,-2.4174006087485767,-1.0359423004675785,-2.4174006087485767,0.0,-0.5487674683807496,0,0,0,0
42,1509,142.42,0,-0.9945954703183868,0,Logistic regression,-1.6454411198925163,-0.7363592510709678,-1.6454411198925163,0.265,-0.46866981045005746,0,0,0,1
42,30445,40.99,0,-1.0415775506101248,0,Logistic regression,-2.755807677876982,-1.0026022788096889,-2.755807677876982,0.01,-0.4403784686100696,0,0,0,1
42,212553,34.19,0,-1.1617089145874324,0,Logistic regression,-2.4575005686351705,-1.0432517298028428,-2.4575005686351705,0.0,-0.895724549037199,0,0,0,0
42,89363,1.79,0,-1.3662145420553171,0,Logistic regression,-2.010961151802049,-1.0291900718335494,-2.010961151802049,0.0,-0.7819323707638353,0,0,0,0
42,124176,1.0,1,-0.9858117829332571,0,Logistic regression,-2.545411601453151,-0.821493428598991,-2.545411601453151,0.055,-0.41971043201006575,0,0,0,1
42,229712,1.18,1,-0.6686876860637416,1,Logistic regression,3.1193344636935807,0.675794204227453,3.1193344636935807,0.885,-0.38362933926396314,1,1,1,1
42,72887,145.0,0,-1.1570360953814038,0,Logistic regression,-2.9166867553410207,-1.126221734193241,-2.9166867553410207,0.0,-0.49122671875975876,0,0,0,0
42,236649,380.0,0,-0.9919196106356637,0,Logistic regression,-0.4453401393556806,-0.11192039489833233,-0.4453401393556806,0.48,-0.4899414651407945,0,0,1,0
42,43153,16.94,0,-1.1767013809531193,0,Logistic regression,-2.598975045839627,-1.1032832292254027,-2.598975045839627,0.005,-0.8414583755059503,0,0,0,0
42,129673,103.99,0,-0.7933857374801809,0,Logistic regression,-1.9366917851744758,-0.5748242267434871,-1.9366917851744758,0.0,-0.44938736308487565,0,0,0,1
42,188338,8.99,0,-0.9759110797889441,0,Logistic regression,-2.328146834433499,-0.8831632659823785,-2.328146834433499,0.005,-0.6964702715082556,0,0,0,0
42,125552,14.95,0,-1.1019115044687324,0,Logistic regression,-3.0681279656232148,-1.1847102714850881,-3.0681279656232148,0.0,-0.7909175605955782,0,0,0,0
42,86029,10.0,0,-0.9962992354832625,0,Logistic regression,-2.54515227454928,-1.2254713549193437,-2.54515227454928,0.005,-0.8235384134001291,0,0,0,0
42,168171,362.65,0,-0.7929403995738955,0,Logistic regression,-0.7346380037104743,-0.42934449327274776,-0.7346380037104743,0.19,-0.45535725508984565,0,0,0,1
42,133087,1.0,0,-1.2956037487770582,0,Logistic regression,-2.4264711439201503,-1.2109755479235411,-2.4264711439201503,0.0,-0.963776913088442,0,0,0,0
42,235120,9.3,0,-1.2323566571338131,0,Logistic regression,-2.5979822190860014,-1.0829019175307926,-2.5979822190860014,0.0,-0.8383530110115838,0,0,0,0
42,85720,170.0,0,-1.0425274094748904,0,Logistic regression,-2.307934937416727,-0.7409947795997793,-2.307934937416727,0.005,-0.6124397484404757,0,0,0,0
42,162749,60.96,0,-1.2058810345924784,0,Logistic regression,-2.1407472630345614,-1.1197242664211193,-2.1407472630345614,0.0,-1.1671144521527697,0,0,0,0
42,251891,7.06,1,-0.9243396349708503,0,Logistic regression,-2.073453447905326,-0.5829387679341893,-2.073453447905326,0.015,-0.4592882559498155,0,0,0,1
42,203935,9.95,0,-1.0970494896314649,0,Logistic regression,-2.5448103138118463,-1.1830490069431099,-2.5448103138118463,0.0,-1.0276432957889259,0,0,0,0
42,94218,720.38,1,-0.46621184097819346,1,Logistic regression,5.219874385862909,0.5331646470102476,5.219874385862909,0.88,-0.3836723705294819,1,1,1,1
42,212432,1.0,0,-1.0861330613578823,0,Logistic regression,-1.3765687266689675,-0.7316088471468136,-1.3765687266689675,0.0,-0.38650185406925197,0,0,0,1
42,240665,9.42,0,-1.1117742812444087,0,Logistic regression,-2.4825910971784935,-1.0535859490068724,-2.4825910971784935,0.01,-0.9873152352793866,0,0,0,0
42,157712,0.0,0,-0.8405102184111641,0,Logistic regression,-2.6597764513016573,-1.0542314476418693,-2.6597764513016573,0.0,-0.4680030846711357,0,0,0,1
42,252253,5.43,0,-1.2335320969511652,0,Logistic regression,-2.926671126677011,-1.262506261565605,-2.926671126677011,0.0,-1.025629867352276,0,0,0,0
42,183037,20.0,0,-0.9411784911845242,0,Logistic regression,-1.1709168084430737,-0.537773013535489,-1.1709168084430737,0.015,-0.48021060306018465,0,0,0,0
42,35267,10.62,0,-0.9866460169742202,0,Logistic regression,-3.309519892482372,-1.0375156384288555,-3.309519892482372,0.0,-0.6423207953217585,0,0,0,0
42,271157,7.56,0,-0.9288813336115198,0,Logistic regression,-2.326689471529667,-0.8319633075938635,-2.326689471529667,0.39,-0.4557750250149919,0,0,0,1
42,253862,49.99,0,-0.9105633229964343,0,Logistic regression,-3.36318586736314,-0.8454361062990392,-3.36318586736314,0.01,-0.49186135880065307,0,0,0,0
42,253520,3.27,0,-0.8325581960669359,0,Logistic regression,-1.6121579811232905,-0.8311005727975687,-1.6121579811232905,0.0,-0.7927631879849826,0,0,0,0
42,123478,1.0,0,-1.1449064391452874,0,Logistic regression,-2.447469737712247,-1.1758831389744355,-2.447469737712247,0.0,-0.9988831822921029,0,0,0,0
42,43800,3.59,0,-0.9969852775675221,0,Logistic regression,-2.4820437506997344,-1.1324450144912273,-2.4820437506997344,0.0,-0.8731709734303585,0,0,0,0
42,275896,39.99,0,-1.1935327883174094,0,Logistic regression,-2.0544792119692596,-0.8842201002327104,-2.0544792119692596,0.005,-0.717253266479793,0,0,0,0
42,15736,99.99,1,-0.7832055903459973,0,Logistic regression,10.409848095227684,0.45899735895150695,10.409848095227684,0.84,-0.38367237198646786,1,1,1,1
42,55535,8.48,0,-1.0546988469924758,0,Logistic regression,-2.2166937046451856,-1.02343496543716,-2.2166937046451856,0.005,-0.8119731151292272,0,0,0,0
42,272034,4.57,0,-1.1189830674750079,0,Logistic regression,-1.893215838933761,-1.0120984365044787,-1.893215838933761,0.0,-0.8538068037418778,0,0,0,0
42,57619,2.37,0,-1.064868494483322,0,Logistic regression,-2.8444173466486458,-1.0345546608927063,-2.8444173466486458,0.0,-0.6561942377399557,0,0,0,0
42,280149,77.89,1,-0.7355201371658686,0,Logistic regression,1.547171054089223,0.48853306029925525,1.547171054089223,0.81,-0.38309344824003333,1,0,1,1
42,10891,188.78,1,-0.6814575177494198,1,Logistic regression,14.083723225265246,0.4590925681642354,14.083723225265246,0.845,-0.38367237198646786,1,1,1,1
42,256751,120.0,0,-0.8724472511143385,0,Logistic regression,-1.7274859066448176,-0.7950606818985004,-1.7274859066448176,0.005,-0.9582677370669254,0,0,0,0
42,144146,0.99,0,-1.1251062987100027,0,Logistic regression,-1.7780832363095238,-0.9357014600612883,-1.7780832363095238,0.015,-0.4583461215413702,0,0,0,1
42,7089,0.01,0,-1.1072981693026835,0,Logistic regression,-2.9805116278684944,-1.2378612701252072,-2.9805116278684944,0.0,-0.6144782914398623,0,0,0,0
42,154633,22.04,1,-0.7108263687738177,0,Logistic regression,1.8422077794850917,0.8392414632186693,1.8422077794850917,0.865,-0.3830903373496918,1,0,1,1
42,269730,1.0,0,-1.2977014902316912,0,Logistic regression,-1.9105101751648992,-1.0175024513199915,-1.9105101751648992,0.0,-0.7773694644235652,0,0,0,0
42,274085,45.14,0,-1.0867221288846205,0,Logistic regression,-2.504941689317421,-1.0828140344827424,-2.504941689317421,0.0,-0.8437216678553641,0,0,0,0
42,124915,16.99,0,-1.0630517543443359,0,Logistic regression,-2.0962653074181294,-0.9217872526543265,-2.0962653074181294,0.03,-0.7844563894525562,0,0,0,0
42,187665,28.0,0,-1.0572960848646893,0,Logistic regression,-2.334707966209575,-1.0084092117794579,-2.334707966209575,0.005,-0.788264591438246,0,0,0,0
42,32425,1.54,0,-1.0014939964781753,0,Logistic regression,-2.666426263463216,-0.9347473803630526,-2.666426263463216,0.0,-0.4142979672700593,0,0,0,1
42,9509,1.0,1,-0.6092934302391175,1,Logistic regression,13.373675996745721,0.45905657254609866,13.373675996745721,0.86,-0.3836723719864658,1,1,1,1
42,150663,316.06,1,-0.750520409213412,0,Logistic regression,14.648155544461819,0.45900902474792094,14.648155544461819,0.87,-0.3836723719864673,1,1,1,1
42,232515,29.0,0,-1.0681305976421416,0,Logistic regression,-1.990033771146585,-0.9348493948421757,-1.990033771146585,0.0,-0.523248358115358,0,0,0,0
42,215499,46.0,0,-1.0506967431190386,0,Logistic regression,-2.566124424146829,-1.1033618502402411,-2.566124424146829,0.005,-0.7059841768696296,0,0,0,0
42,154371,2.28,1,-0.6749585388836383,1,Logistic regression,16.78329608861347,0.4589969355655738,16.78329608861347,0.855,-0.38367237198646786,1,1,1,1
42,226814,667.55,1,-0.6493307407340041,1,Logistic regression,5.152055568128359,0.6186855769199959,5.152055568128359,0.88,-0.38300987089831645,1,1,1,1
42,40990,18.92,0,-1.09496770470163,0,Logistic regression,-2.4881643732767382,-1.1956915631342293,-2.4881643732767382,0.0,-1.130690409186009,0,0,0,0
42,165368,4.52,0,-1.088947454259698,0,Logistic regression,-2.583755491238006,-1.005727103097846,-2.583755491238006,0.02,-0.6960595311125266,0,0,0,0
42,263796,16.0,0,-1.1652244448609943,0,Logistic regression,-2.870799136188668,-1.1564648811405673,-2.870799136188668,0.0,-0.9018936322368745,0,0,0,0
42,199044,28.84,0,-1.3287210617615641,0,Logistic regression,-2.1777955033218475,-1.1509529884040213,-2.1777955033218475,0.0,-1.0198976107297404,0,0,0,0
42,31120,6.51,0,-1.0990175758154608,0,Logistic regression,-2.633473961901595,-1.1895273830671391,-2.633473961901595,0.0,-0.9689920092903126,0,0,0,0
42,214507,9.99,0,-1.052531813167998,0,Logistic regression,-2.509878181946717,-1.1836585692027644,-2.509878181946717,0.0,-1.0652519223945258,0,0,0,0
42,9252,1.0,1,-0.7359651818043479,0,Logistic regression,12.523020866903352,0.45912723349219814,12.523020866903352,0.86,-0.38367237198646664,1,1,1,1
42,93886,2.69,0,-1.181981594790055,0,Logistic regression,-2.239616045443609,-1.1518392611319603,-2.239616045443609,0.0,-0.9764489793964193,0,0,0,0
42,89875,250.0,0,-0.9578269073040737,0,Logistic regression,-2.275339128050472,-0.4341141684494994,-2.275339128050472,0.055,-0.38367419572677347,0,0,0,1
42,169319,1.79,0,-1.2397084614462726,0,Logistic regression,-2.5070124889459695,-1.1894231740386374,-2.5070124889459695,0.0,-1.0207839199949205,0,0,0,0
42,98727,5.0,0,-1.146095875245983,0,Logistic regression,-3.0980946697703944,-1.258524526444818,-3.0980946697703944,0.0,-0.6171028763447667,0,0,0,0
42,155137,99.0,0,-1.0430817070615093,0,Logistic regression,-2.334619529521052,-0.7610403807280537,-2.334619529521052,0.04,-0.4838234994146603,0,0,0,0
42,221516,3.08,0,-1.171398231809692,0,Logistic regression,-2.3393097426489504,-1.2170115746802037,-2.3393097426489504,0.0,-0.8582037520363826,0,0,0,0
42,103522,9.99,0,-1.0192164737425538,0,Logistic regression,-2.6596821859484665,-1.1937334037943939,-2.6596821859484665,0.005,-0.9399435189636184,0,0,0,0
42,157959,0.89,0,-1.0741815658334402,0,Logistic regression,-2.6110082859374892,-1.2206566406841173,-2.6110082859374892,0.0,-0.6848389585194947,0,0,0,0
42,139624,0.99,0,-1.2304741405725736,0,Logistic regression,-2.730153988675317,-1.2663412509927854,-2.730153988675317,0.0,-1.1935157956836908,0,0,0,0
42,254276,29.78,0,-1.1948509116130892,0,Logistic regression,-2.4600020077609375,-1.1088786393030023,-2.4600020077609375,0.0,-0.7580088587996548,0,0,0,0
42,9099,29.7,0,-1.0838409322968379,0,Logistic regression,-2.1250911455419623,-1.130612755900965,-2.1250911455419623,0.0,-0.5671956684480568,0,0,0,0
42,271361,0.9,0,-1.0204923280105471,0,Logistic regression,-1.8961459173126682,-0.7766142948968284,-1.8961459173126682,0.05,-0.5731700771123852,0,0,0,0
42,241787,245.9,0,-0.9836011110689182,0,Logistic regression,-1.0382773104851,-0.32071901917539997,-1.0382773104851,0.045,-0.3780362568254659,0,0,0,1
42,85083,1.0,0,-1.234968879389931,0,Logistic regression,-2.6032302835279633,-1.2428444309139048,-2.6032302835279633,0.0,-1.0344258316954178,0,0,0,0
42,263192,11.5,0,-1.155680728645202,0,Logistic regression,-2.675117097456924,-1.225755174067052,-2.675117097456924,0.0,-0.7837308077892416,0,0,0,0
42,134735,15.0,0,-1.160066864222272,0,Logistic regression,-2.9339769264094766,-1.2047264948465344,-2.9339769264094766,0.0,-0.7884115273906986,0,0,0,0
42,106385,45.0,0,-1.089532075769507,0,Logistic regression,-2.6463864612992127,-1.150846348321939,-2.6463864612992127,0.0,-0.9524317788090352,0,0,0,0
42,127847,3.48,0,-0.8687203277487343,0,Logistic regression,-1.767599032561013,-0.8476694374454716,-1.767599032561013,0.04,-0.4528939639406586,0,0,0,1
42,150668,188.52,1,-0.8293102033317898,0,Logistic regression,14.0534014186582,0.4590008446522497,14.0534014186582,0.855,-0.38367237198646786,1,1,1,1
42,262935,1.0,0,-0.9946653405937149,0,Logistic regression,-1.8812637938670003,-0.963724505659115,-1.8812637938670003,0.0,-0.7618509508342277,0,0,0,0
42,49896,20.0,0,-1.2546089454138658,0,Logistic regression,-2.3014479829696444,-1.2002036133777139,-2.3014479829696444,0.0,-1.0470646796503065,0,0,0,0
42,88375,79.99,0,-0.9917759809729818,0,Logistic regression,-2.249504310488812,-0.7955963171778087,-2.249504310488812,0.005,-0.5127227893013253,0,0,0,0
42,142405,12.31,1,-0.47971080797777577,1,Logistic regression,7.9279575761826,0.6545263529726967,7.9279575761826,0.875,-0.3804785372525353,1,1,1,1
42,78530,302.74,0,-1.0776790109754057,0,Logistic regression,-1.7625373232344415,-0.8040372577113579,-1.7625373232344415,0.0,-0.6548091956585812,0,0,0,0
42,152848,14.95,0,-1.043964113065904,0,Logistic regression,-2.6777095900306644,-1.0769742409251069,-2.6777095900306644,0.0,-0.6057362773875979,0,0,0,0
42,224436,0.89,0,-1.256753453356191,0,Logistic regression,-2.438021884756968,-1.1754796711408069,-2.438021884756968,0.0,-1.1073331584448578,0,0,0,0
42,28271,111.97,0,-1.053213201465705,0,Logistic regression,-2.0227766468860637,-1.1077046063857556,-2.0227766468860637,0.0,-0.7575901093760995,0,0,0,0
42,139100,69.37,0,-1.1955251110367175,0,Logistic regression,-2.5045653066469837,-1.167083107565492,-2.5045653066469837,0.005,-0.6331708067994227,0,0,0,0
42,149185,4.78,0,-0.899672999648945,0,Logistic regression,-2.366258181567069,-0.3546323342476096,-2.366258181567069,0.07,-0.38501595328480326,0,0,0,1
42,131849,100.13,0,-1.0925686452416754,0,Logistic regression,-2.4143136937061085,-1.1849525300560813,-2.4143136937061085,0.0,-0.9788625374555169,0,0,0,0
42,213057,1.0,0,-1.1309567083009955,0,Logistic regression,-1.952360959917603,-1.0434706889879015,-1.952360959917603,0.0,-1.0574717278165986,0,0,0,0
42,140437,3.99,0,-1.1491819498059197,0,Logistic regression,-3.105661850959298,-1.2160349501872971,-3.105661850959298,0.0,-0.9248385889905948,0,0,0,0
42,77099,5.0,1,-0.4087387275311746,1,Logistic regression,3.17432494651369,0.7285765354409846,3.17432494651369,0.88,-0.3812761329437625,1,1,1,1
42,272703,158.0,0,-0.7838890747368742,0,Logistic regression,-1.5989335168458974,-0.8044993925232868,-1.5989335168458974,0.0,-0.6006832363088863,0,0,0,0
42,130934,1.0,0,-0.9676918382245077,0,Logistic regression,-1.7294037367607888,-0.8798281704587694,-1.7294037367607888,0.0,-0.6067014288449832,0,0,0,0
42,178903,25.0,0,-1.086043911891258,0,Logistic regression,-2.0619156565694468,-1.1027391249282383,-2.0619156565694468,0.0,-1.1570076410036183,0,0,0,0
42,242396,622.0,0,-1.036368992286071,0,Logistic regression,0.3041321643236352,0.18622283200764622,0.3041321643236352,0.305,-0.4304588296512171,0,0,0,1
42,123529,44.9,0,-1.2843102211067094,0,Logistic regression,-2.4687551743901643,-1.2327877575676272,-2.4687551743901643,0.0,-0.9421363347094198,0,0,0,0
42,213092,22.47,1,-0.8994694714860026,0,Logistic regression,-2.41162503102719,-0.4443875919744404,-2.41162503102719,0.15,-0.3841493165075895,0,0,0,1
42,265708,11.5,0,-1.1096843973812158,0,Logistic regression,-1.2287909377721014,-0.6963936529179551,-1.2287909377721014,0.195,-0.38378100383916264,0,0,0,1
42,41000,0.23,0,-1.0037774825248018,0,Logistic regression,-3.1001480738167992,-1.1798665161534596,-3.1001480738167992,0.0,-0.8192548597936018,0,0,0,0
42,203700,0.0,1,-0.626169840974286,1,Logistic regression,1.654649196857787,0.5865620146446084,1.654649196857787,0.81,-0.38367785700832296,1,0,1,1
42,266824,5.0,0,-1.133448992536441,0,Logistic regression,-2.8494011754546187,-1.0738870235736273,-2.8494011754546187,0.0,-0.6219271999466398,0,0,0,0
42,10484,3.79,1,-1.1897089457513847,0,Logistic regression,-2.5223349352675264,-1.1934987940098107,-2.5223349352675264,0.0,-0.5112465605613503,0,0,0,0
42,12415,1.0,0,-1.0880032426537456,0,Logistic regression,-2.6905476399138015,-1.182752571763698,-2.6905476399138015,0.0,-0.5793193716647481,0,0,0,0
42,51746,4.99,0,-1.0433859307741147,0,Logistic regression,-2.498733099626915,-1.084521978703612,-2.498733099626915,0.0,-0.5851934217928868,0,0,0,0
42,83909,11.5,0,-1.0951343948910797,0,Logistic regression,-2.973362881504292,-1.2613787836493393,-2.973362881504292,0.0,-1.1671464832577527,0,0,0,0
42,141257,0.0,1,-0.6446697765342855,1,Logistic regression,7.151465607904279,0.6402150129242519,7.151465607904279,0.88,-0.38091861219597034,1,1,1,1
42,85395,40.0,0,-1.0948432267044417,0,Logistic regression,-1.9912985765642206,-0.9012654597617797,-1.9912985765642206,0.0,-0.5112856035099981,0,0,0,0
42,275069,0.89,0,-1.1894971368386702,0,Logistic regression,-2.351050234382887,-1.1798195059431191,-2.351050234382887,0.0,-1.1032637020988392,0,0,0,0
42,229006,89.02,0,-1.1155231760524305,0,Logistic regression,-1.961923152913086,-1.0392247877323693,-1.961923152913086,0.0,-0.6165706129824345,0,0,0,0
42,33049,2.68,0,-1.192862594215771,0,Logistic regression,-2.85286413683363,-1.2036092936444396,-2.85286413683363,0.0,-0.6045224571221692,0,0,0,0
42,87078,2.28,0,-0.8111318342232484,0,Logistic regression,-1.7766117407010442,0.3160357099046981,-1.7766117407010442,0.185,-0.38428976235787665,0,0,0,1
42,6014,12.99,0,-1.0187978617987459,0,Logistic regression,-2.5638203709361065,-1.203630536391233,-2.5638203709361065,0.0,-0.6213360757435298,0,0,0,0
42,140541,0.99,0,-1.1751387623333853,0,Logistic regression,-2.9284197717576244,-1.2475076776094178,-2.9284197717576244,0.0,-1.0142632367639488,0,0,0,0
42,239367,11.99,0,-1.1458150625766728,0,Logistic regression,-2.6214462153216638,-1.054311718115901,-2.6214462153216638,0.0,-0.44755923251863894,0,0,0,1
42,234829,100.5,0,-1.0413533015808185,0,Logistic regression,-1.5994174174750144,-0.7206285346645542,-1.5994174174750144,0.0,-0.7651306061181007,0,0,0,0
42,151006,1.0,1,-0.6315658672220208,1,Logistic regression,16.092061938999723,0.45899684426087717,16.092061938999723,0.945,-0.38367237198646786,1,1,1,1
42,254499,19.95,0,-1.232814367493812,0,Logistic regression,-2.1022292827008746,-1.1249320204292148,-2.1022292827008746,0.0,-0.8107660053510494,0,0,0,0
42,15238,8.99,0,-1.2143288041641862,0,Logistic regression,-2.3505110249243715,-1.1332945878112057,-2.3505110249243715,0.0,-0.9467044325323701,0,0,0,0
42,26926,112.71,0,-1.11371061610452,0,Logistic regression,-2.3675816925424815,-1.1950652494052063,-2.3675816925424815,0.0,-1.2163231397943437,0,0,0,0
42,243547,57.73,1,-0.801439138340743,0,Logistic regression,4.69334529269859,0.603661877786972,4.69334529269859,0.91,-0.3817829847677193,1,1,1,1
42,118319,130.0,0,-1.1814118412397172,0,Logistic regression,-2.5646873502459147,-1.092166605557015,-2.5646873502459147,0.005,-0.7923667357245814,0,0,0,0
42,149874,600.73,1,-0.6969719064300535,1,Logistic regression,4.091678893988238,0.7747425549561113,4.091678893988238,0.83,-0.38034746471381176,1,1,1,1
42,243848,1.0,1,-0.763861427323916,0,Logistic regression,5.5415901704392105,0.7413880569915845,5.5415901704392105,0.915,-0.38366802638887226,1,1,1,1
42,101942,32.65,0,-1.247334432665666,0,Logistic regression,-2.289708377527872,-1.0950164569396066,-2.289708377527872,0.0,-0.6397201742679582,0,0,0,0
42,77488,0.76,0,-1.120026152649583,0,Logistic regression,-2.6558925457764913,-1.2096504663916388,-2.6558925457764913,0.005,-0.8498403152532834,0,0,0,0
42,236552,108.0,0,-0.8055373537196403,0,Logistic regression,-1.3359585708156319,-0.5515272196782561,-1.3359585708156319,0.03,-0.6958095327184373,0,0,0,0
42,263278,65.89,0,-1.022120697264988,0,Logistic regression,-1.888464257703082,-0.8759978764238996,-1.888464257703082,0.0,-0.5503716637643283,0,0,0,0
42,94385,15.0,0,-1.0251702280650328,0,Logistic regression,-2.453186191074685,-1.2258985455786982,-2.453186191074685,0.0,-0.7290393944453373,0,0,0,0
42,89961,38.42,0,-0.9040235555610889,0,Logistic regression,-2.297035118339057,-1.0117185683373493,-2.297035118339057,0.0,-0.9874299743217965,0,0,0,0
42,117501,26.99,0,-1.1857003561557797,0,Logistic regression,-2.9416974118909702,-1.178270532560029,-2.9416974118909702,0.0,-0.8351612046069563,0,0,0,0
42,24066,0.76,0,-1.0016780581066387,0,Logistic regression,-2.221715584666084,-1.0466677614207436,-2.221715584666084,0.0,-0.6949933934029913,0,0,0,0
42,154694,346.94,1,-0.4863413668626739,1,Logistic regression,8.019750594287597,0.8357861960616441,8.019750594287597,0.86,-0.3803375695848123,1,1,1,1
42,88418,23.51,0,-1.1045934971880398,0,Logistic regression,-1.6535077739990485,-0.9644744175915192,-1.6535077739990485,0.015,-0.46011479151829654,0,0,0,1
42,90805,3.96,0,-1.1325314231936843,0,Logistic regression,-2.969396945331828,-1.2521456834403215,-2.969396945331828,0.0,-1.0935867393221617,0,0,0,0
42,265958,20.0,0,-1.0635374872639638,0,Logistic regression,-1.9273754934503473,-0.8255683093520663,-1.9273754934503473,0.01,-0.9262187829421921,0,0,0,0
42,254995,267.0,0,-0.9644430684005418,0,Logistic regression,-0.5579463893181114,-0.23157821317693733,-0.5579463893181114,0.075,-0.5368765508552231,0,0,0,0
42,203669,134.85,0,-0.9531276551533756,0,Logistic regression,-1.2952040928616488,-0.7200462354703747,-1.2952040928616488,0.045,-0.7960364787257478,0,0,0,0
42,49665,12.0,0,-1.2223878502197163,0,Logistic regression,-2.754489598394218,-1.2243068662301437,-2.754489598394218,0.0,-0.9557274796607557,0,0,0,0
42,77682,1.0,1,-0.5811191745240546,1,Logistic regression,8.398315089851256,0.7184151660224678,8.398315089851256,0.875,-0.38367068584716474,1,1,1,1
42,14058,1.29,0,-1.045971449471601,0,Logistic regression,-3.102633926338255,-1.199777478002734,-3.102633926338255,0.0,-0.66289913194468,0,0,0,0
42,150679,104.03,1,-0.8006231438222113,0,Logistic regression,14.722138202287589,0.45899797491727257,14.722138202287589,0.845,-0.38367237198646786,1,1,1,1
42,23422,717.15,1,-0.7823638982966958,0,Logistic regression,4.819007557011375,0.6889768834788788,4.819007557011375,0.86,-0.382653222641745,1,1,1,1
42,69440,66.0,0,-1.1555172618343799,0,Logistic regression,-1.8653938142750703,-1.0685149828182405,-1.8653938142750703,0.0,-0.6210621067159284,0,0,0,0
42,68370,2.73,0,-1.0048761296742739,0,Logistic regression,-3.127395131032354,-1.1299230689096487,-3.127395131032354,0.0,-0.8056496033348342,0,0,0,0
42,93788,0.0,1,-1.1546926287748998,0,Logistic regression,-2.2585505909127623,-0.9696632197967268,-2.2585505909127623,0.005,-0.5376775914387016,0,0,0,0
42,190970,104.0,0,-0.8022057741529505,0,Logistic regression,-1.808537908429447,-0.5217457622830457,-1.808537908429447,0.025,-0.6061658553650038,0,0,0,0
42,207821,1.18,0,-1.11458289354744,0,Logistic regression,-2.7031480016701708,-1.2145407779627448,-2.7031480016701708,0.0,-0.9527863801612338,0,0,0,0
42,26978,5.75,0,-1.014589911940914,0,Logistic regression,-2.2932664333309174,-0.3617086962673543,-2.2932664333309174,0.045,-0.40559378686676556,0,0,0,1
42,144104,1.0,1,-0.6658363266014584,1,Logistic regression,4.577800434890482,0.7502968652557708,4.577800434890482,0.87,-0.25116309453973795,1,1,1,1
42,251048,14.9,0,-1.1034276431380894,0,Logistic regression,-2.5779307308234998,-1.185694315037368,-2.5779307308234998,0.0,-1.1243026851059033,0,0,0,0
42,205289,366.9,0,-1.0918798943097294,0,Logistic regression,-1.4408858509358358,-0.7881223143031617,-1.4408858509358358,0.0,-0.5084956644024687,0,0,0,0
42,154511,624.7,0,-0.9414894630714837,0,Logistic regression,0.36313550811241946,0.1956230602213767,0.36313550811241946,0.32,-0.4204539814939177,0,0,0,1
42,143333,0.0,1,-0.6828878244515096,1,Logistic regression,7.611247783712577,0.5332379454862038,7.611247783712577,0.85,-0.38165965510865335,1,1,1,1
42,230004,32.39,0,-0.9741382890516382,0,Logistic regression,-2.1921283927481294,-0.7648149116984695,-2.1921283927481294,0.01,-0.49957833151386744,0,0,0,0
42,178862,22.0,0,-1.1220765579980845,0,Logistic regression,-2.5288072135537245,-1.0801254887023641,-2.5288072135537245,0.0,-0.7172286454318985,0,0,0,0
42,90295,4.0,0,-1.0990701427386251,0,Logistic regression,-2.4491171618814005,-1.186919635382133,-2.4491171618814005,0.0,-0.808827773429351,0,0,0,0
42,221041,2.0,1,-0.8519934821190798,0,Logistic regression,0.31731463830311224,0.5688049185063968,0.31731463830311224,0.72,-0.3836723725518273,1,0,1,1
42,255403,4.97,1,-0.7261108328930733,0,Logistic regression,1.216537424549199,0.5045172658555732,1.216537424549199,0.73,-0.38373605333777744,1,0,1,1
42,142132,1.0,0,-1.172230715016887,0,Logistic regression,-2.292935600111951,-1.0414147168802217,-2.292935600111951,0.0,-0.5057294862102167,0,0,0,0
42,212548,229.81,0,-0.5198576660743112,1,Logistic regression,-0.1453946333825087,-0.07805141219240669,-0.1453946333825087,0.475,-0.40565623930641137,0,0,1,1
42,34978,7.68,0,-0.9174919761938826,0,Logistic regression,-2.034251731205141,0.26111395278378247,-2.034251731205141,0.175,-0.3837074357012855,0,0,0,1
42,213198,10.9,0,-1.0362471726490419,0,Logistic regression,-1.9453313251397217,-1.060862869624216,-1.9453313251397217,0.005,-0.4968282822746915,0,0,0,0
42,44556,1.0,1,-0.6136888177778949,1,Logistic regression,5.774643699433989,0.8102788814912084,5.774643699433989,0.88,-0.2707663584355438,1,1,1,1
42,127211,40.0,0,-1.0790652747104583,0,Logistic regression,-2.4394243565385354,-0.9627335132913637,-2.4394243565385354,0.0,-0.7678924813228427,0,0,0,0
42,148341,25.99,0,-1.1640973222047184,0,Logistic regression,-1.6563971857451087,-0.9642579167218592,-1.6563971857451087,0.0,-0.9020359345051566,0,0,0,0
42,29456,194.0,0,-0.9385545611558928,0,Logistic regression,-1.817177267248855,-1.0445935136835713,-1.817177267248855,0.0,-0.5221352781487029,0,0,0,0
42,92777,294.9,1,-0.6274750559001597,1,Logistic regression,6.422269149672709,0.8436841080109129,6.422269149672709,0.95,-0.35304400262488506,1,1,1,1
42,240271,62.0,0,-1.1756084800737776,0,Logistic regression,-2.436348026492389,-1.0358857187035582,-2.436348026492389,0.0,-0.8470430886901748,0,0,0,0
42,6488,6.95,0,-0.9347090398382207,0,Logistic regression,-3.105355715143318,-0.9447244913045714,-3.105355715143318,0.01,-0.623172972397513,0,0,0,0
42,281542,383.69,0,-1.2043701911696736,0,Logistic regression,-1.8019136586949642,-0.9130732651050739,-1.8019136586949642,0.01,-0.45117108492529584,0,0,0,1
42,257696,214.67,0,-1.0196907596109848,0,Logistic regression,-2.2213704999267367,-0.9156352301183506,-2.2213704999267367,0.0,-0.44893456580588337,0,0,0,1
42,91247,1030.26,0,-0.8934802699203419,0,Logistic regression,1.7061747093460933,0.4059938082861895,1.7061747093460933,0.385,-0.3879958949133372,1,0,0,1
42,57748,1.0,0,-1.1369282274698718,0,Logistic regression,-3.193053349335753,-1.2151617053430974,-3.193053349335753,0.0,-0.511281839458622,0,0,0,0
42,44443,57.5,0,-0.9981787340529985,0,Logistic regression,-2.325151235548108,-1.1413296629576783,-2.325151235548108,0.0,-0.8310774752316514,0,0,0,0
42,238466,17.39,1,-1.0345471977930591,0,Logistic regression,-2.441855989482595,-0.8468870663000188,-2.441855989482595,0.0,-0.4794061933216047,0,0,0,0
42,18530,1.0,0,-0.9929240045257515,0,Logistic regression,-2.628999930081176,-0.9739850325721668,-2.628999930081176,0.01,-0.4188332647087201,0,0,0,1
42,155667,0.93,0,-1.084262898070843,0,Logistic regression,-2.2383468210913278,-0.826362324489877,-2.2383468210913278,0.025,-0.5635812689959273,0,0,0,0
42,9179,1.0,1,-0.7671167549735459,0,Logistic regression,13.415843903194425,0.4590753509848209,13.415843903194425,0.875,-0.38367237198632265,1,1,1,1
42,53604,4.25,0,-1.0026042666444366,0,Logistic regression,-2.8367189081432427,-0.8110499261407695,-2.8367189081432427,0.015,-0.39096425682104,0,0,0,1
42,17317,99.99,1,-0.7497494362227451,0,Logistic regression,10.093829183371113,0.4589968516456895,10.093829183371113,0.84,-0.38367237198646786,1,1,1,1
42,33866,49.8,0,-1.1480419506087325,0,Logistic regression,-1.657446167551755,-0.9525109061886003,-1.657446167551755,0.0,-0.5746933541840056,0,0,0,0
42,188948,285.51,0,-0.7838415699766768,0,Logistic regression,-1.2401459228926213,-0.42504616143074675,-1.2401459228926213,0.005,-0.5183906100665727,0,0,0,0
42,76609,7.52,1,-0.6346162336213444,1,Logistic regression,7.344903095352559,0.6419923238912538,7.344903095352559,0.86,-0.3810841934424194,1,1,1,1
42,275656,11.7,0,-1.2484772638643835,0,Logistic regression,-2.197624180079016,-1.0305858399642385,-2.197624180079016,0.005,-0.956788541010302,0,0,0,0
42,187958,45.5,0,-1.0489153660218857,0,Logistic regression,-2.289578506556938,-0.8495473576958832,-2.289578506556938,0.01,-0.6788674197889738,0,0,0,0
42,89190,1402.16,1,-0.6895660223897117,1,Logistic regression,7.178148476899932,0.6641227175563823,7.178148476899932,0.845,-0.38367022914215865,1,1,1,1
42,171769,6.28,0,-1.1814695270789328,0,Logistic regression,-2.4434638019238046,-1.080222127164443,-2.4434638019238046,0.0,-0.9042115720989777,0,0,0,0
42,23065,81.0,0,-1.1343757184360057,0,Logistic regression,-2.3057465172939127,-1.144965460916667,-2.3057465172939127,0.0,-1.013539069016461,0,0,0,0
42,151778,2.86,0,-1.0776493572367416,0,Logistic regression,-2.628260799437469,-1.1691241368724157,-2.628260799437469,0.0,-0.5360370396085709,0,0,0,0
42,157918,635.1,1,-0.774475403363114,0,Logistic regression,-0.28936395554159944,-0.21871462763962163,-0.28936395554159944,0.315,-0.38717093266096825,0,0,0,1
42,191309,4.4,0,-1.243176955910501,0,Logistic regression,-1.8011244937246094,-0.9890707940977566,-1.8011244937246094,0.0,-0.5010514946935016,0,0,0,0
42,33894,132.05,0,-1.122545260400438,0,Logistic regression,-2.2899584421341137,-0.9903454965078153,-2.2899584421341137,0.005,-0.771475551563972,0,0,0,0
42,148162,76.0,0,-1.070566652054434,0,Logistic regression,-1.5214951941634314,-0.849867668804299,-1.5214951941634314,0.0,-0.9209053812701983,0,0,0,0
42,284048,2.0,0,-1.1159403405592645,0,Logistic regression,-3.4362096847926225,-0.6751197917248877,-3.4362096847926225,0.005,-0.5788050982399071,0,0,0,0
42,47198,178.0,0,-0.7713563689855446,0,Logistic regression,-1.69260865494399,-0.7327164853588459,-1.69260865494399,0.0,-0.6827188310201339,0,0,0,0
42,43179,236.82,0,-0.9361305145545666,0,Logistic regression,-1.6436605326264706,-0.7908999979659477,-1.6436605326264706,0.005,-0.8146038852024515,0,0,0,0
42,162729,5.7,0,-1.0088908768168492,0,Logistic regression,-3.2488919986564064,-1.1136719117346467,-3.2488919986564064,0.0,-0.5409304305906568,0,0,0,0
42,166217,17.4,0,-1.385627033895572,0,Logistic regression,-2.076104620520634,-1.0065986340664215,-2.076104620520634,0.0,-0.817552300332966,0,0,0,0
42,209622,143.0,0,-0.7738360897891745,0,Logistic regression,-0.36374368997596473,-0.22141342705142936,-0.36374368997596473,0.355,-0.44039641315610445,0,0,0,1
42,69498,8.0,1,-0.8510113727772668,0,Logistic regression,0.9058863769896899,0.602886827060606,0.9058863769896899,0.835,-0.3828096592219225,1,0,1,1
42,210374,69.99,0,-1.2201693159942955,0,Logistic regression,-2.1249462132175214,-1.1317037517846666,-2.1249462132175214,0.0,-1.0525575020926987,0,0,0,0
42,40229,12.99,0,-1.2086744013404687,0,Logistic regression,-2.4740930653786717,-1.0915344044699409,-2.4740930653786717,0.0,-1.1058668469647093,0,0,0,0
42,91388,2.69,0,-1.1823722552700715,0,Logistic regression,-2.4078627684710856,-1.219032738445402,-2.4078627684710856,0.0,-1.0761617004365185,0,0,0,0
42,27458,38.42,0,-0.9006421813484332,0,Logistic regression,-2.194533949751373,-0.8183980483441975,-2.194533949751373,0.005,-0.6495483359202563,0,0,0,0
42,26618,9.81,0,-1.203069874037423,0,Logistic regression,-2.4777171805602816,-1.228459790161775,-2.4777171805602816,0.0,-1.0201132412860814,0,0,0,0
42,251866,3.9,1,-0.7336457411979351,0,Logistic regression,3.3547891553437053,0.6710769641232499,3.3547891553437053,0.885,-0.3824622060458174,1,1,1,1
42,71073,15.9,0,-1.1133073997893914,0,Logistic regression,-2.4013946450260453,-1.1936301091486088,-2.4013946450260453,0.005,-0.8684200043433445,0,0,0,0
42,37673,120.21,0,-1.1811366918252426,0,Logistic regression,-2.028538256739097,-1.0125328130523816,-2.028538256739097,0.005,-0.5510106701478384,0,0,0,0
42,30939,1548.98,0,-0.7180288647329954,0,Logistic regression,1.196552333671264,0.44750892296401334,1.196552333671264,0.185,-0.3836754760512339,1,0,0,1
42,56921,19.9,0,-1.0074369975413693,0,Logistic regression,-2.9164101057847045,-1.2482488376001317,-2.9164101057847045,0.0,-0.7496439401427188,0,0,0,0
42,254344,187.11,1,-1.2947828123556864,0,Logistic regression,-1.2292292520857748,-0.8052480710870835,-1.2292292520857748,0.0,-0.7757093773430406,0,0,0,0
42,260631,28.88,0,-1.0843306376815511,0,Logistic regression,-2.257208691712279,-1.164744379813913,-2.257208691712279,0.0,-0.6180517401676112,0,0,0,0
42,12779,519.79,0,-1.0143255254987291,0,Logistic regression,-0.7554541624951838,-0.32899070704182426,-0.7554541624951838,0.325,-0.44741264471975867,0,0,0,1
42,123042,0.89,0,-1.2393028000733914,0,Logistic regression,-2.467292235206193,-1.2321472425722348,-2.467292235206193,0.0,-1.0478995309216543,0,0,0,0
42,42674,1.52,1,-0.6931409055097238,1,Logistic regression,12.675681387897551,0.45900907819129133,12.675681387897551,0.86,-0.3836723719864666,1,1,1,1
42,167235,7.38,0,-1.1820957827951544,0,Logistic regression,-2.2457595757277207,-1.1459510007066218,-2.2457595757277207,0.0,-0.9256367319393961,0,0,0,0
42,64329,99.99,1,-0.6583343270226284,1,Logistic regression,5.9691876150675816,0.5506458193588321,5.9691876150675816,0.86,-0.3836528020395771,1,1,1,1
42,143698,39.95,0,-1.1532242233521741,0,Logistic regression,-3.0373418910449215,-1.2597489390889212,-3.0373418910449215,0.0,-0.9085224939415062,0,0,0,0
42,273363,69.99,0,-0.9150533016933796,0,Logistic regression,-2.1935396456917053,-1.0763339162638739,-2.1935396456917053,0.0,-1.0769664792112459,0,0,0,0
42,104220,19.62,0,-0.7617301452563999,0,Logistic regression,-3.1582227898463247,0.33416594018334544,-3.1582227898463247,0.175,-0.38367261808566494,1,0,0,1
42,189526,144.43,0,-0.9616935126364266,0,Logistic regression,-0.7463410830625752,-0.304968194354806,-0.7463410830625752,0.045,-0.3903296993410257,0,0,0,1
42,248925,25.0,0,-0.7720243844489154,0,Logistic regression,-1.95511548828686,-0.8075785288975132,-1.95511548828686,0.0,-0.5363786280445962,0,0,0,0
42,74745,33.75,0,-1.1921524346808243,0,Logistic regression,-2.8895541905476856,-1.2698830964655712,-2.8895541905476856,0.0,-1.0197213850623863,0,0,0,0
42,180626,14.5,0,-1.1080752204021662,0,Logistic regression,-2.101298097650436,-0.9654154172461833,-2.101298097650436,0.0,-0.3978005994441163,0,0,0,1
42,132917,1.78,0,-1.2830348186603484,0,Logistic regression,-2.235165920156891,-1.0770551441121374,-2.235165920156891,0.0,-0.984395528164715,0,0,0,0
42,140184,2.28,0,-1.2198381010433834,0,Logistic regression,-2.7968992844717038,-1.2224638729301904,-2.7968992844717038,0.0,-1.091785034282298,0,0,0,0
42,239430,9.86,0,-1.198155918554153,0,Logistic regression,-2.2880667836144157,-1.098849687337461,-2.2880667836144157,0.005,-1.06466486911957,0,0,0,0
42,201098,0.0,1,-0.6282100985335635,1,Logistic regression,1.5379242509615496,0.5256472610247689,1.5379242509615496,0.735,-0.38367568280634756,1,0,1,1
42,19302,250.0,0,-1.3433942407844346,0,Logistic regression,-1.5591039584621549,-0.9357174826314176,-1.5591039584621549,0.0,-0.9064414601476835,0,0,0,0
42,79883,270.0,1,-0.6345139295793704,1,Logistic regression,2.732198657463374,0.6228515590867999,2.732198657463374,0.855,-0.3823280859958616,1,1,1,1
42,63633,139.48,0,-1.192496992316796,0,Logistic regression,-2.2745420660840976,-1.1171273090085694,-2.2745420660840976,0.0,-0.6825431690035868,0,0,0,0
42,151250,13.0,0,-1.0784455523072527,0,Logistic regression,-2.7060941037262216,-1.142731468124589,-2.7060941037262216,0.0,-0.6148524584642137,0,0,0,0
42,130131,4.3,0,-1.0117292256804142,0,Logistic regression,-2.461747836866726,-1.182646139180214,-2.461747836866726,0.0,-0.8647295494748817,0,0,0,0
42,218106,9.99,0,-1.1525402461483272,0,Logistic regression,-2.488052554268717,-1.1103052282081796,-2.488052554268717,0.0,-0.907057316765323,0,0,0,0
42,230032,15.0,0,-1.1142476120558422,0,Logistic regression,-2.091818716858214,-1.0589878982878496,-2.091818716858214,0.0,-0.7878690590115394,0,0,0,0
42,68631,1.18,0,-0.7123402270447065,0,Logistic regression,-3.4941390438179916,0.10274163368838252,-3.4941390438179916,0.07,-0.38367237198646786,0,0,0,1
42,43683,17.68,0,-1.0400401617670294,0,Logistic regression,-2.3524940683744378,-1.0757496280173937,-2.3524940683744378,0.0,-0.7756281256900366,0,0,0,0
42,10670,6.99,0,-1.0866036693789354,0,Logistic regression,-3.157321444280294,-1.1585042019782352,-3.157321444280294,0.0,-0.6866887734758781,0,0,0,0
42,11868,1.79,0,-1.0447705710815631,0,Logistic regression,-2.775499950087046,-1.2436481735261649,-2.775499950087046,0.0,-0.6275087282327187,0,0,0,0
42,107637,824.83,1,-0.7803449693910653,0,Logistic regression,5.177323245949762,0.5162505847689023,5.177323245949762,0.805,-0.3835489383154438,1,1,1,1
42,236131,44.89,0,-1.0047804110046559,0,Logistic regression,-1.8810210037017534,-0.9545067382200314,-1.8810210037017534,0.0,-0.7922765632942522,0,0,0,0
42,218727,210.34,0,-0.6238815637559624,1,Logistic regression,-1.3990151239629554,-0.6980102827121228,-1.3990151239629554,0.0,-0.9792996847540048,0,0,0,0
42,88258,6.62,1,-0.49812995591464615,1,Logistic regression,1.912740197947548,0.6940743169764203,1.912740197947548,0.855,-0.3831605211349098,1,0,1,1
42,121291,8.98,0,-1.1866755892793672,0,Logistic regression,-2.6067455835025615,-1.2218557259832663,-2.6067455835025615,0.0,-0.9018217585928042,0,0,0,0
42,19003,2.58,0,-1.183635393798253,0,Logistic regression,-2.3710088566842447,-1.137862451402808,-2.3710088566842447,0.005,-0.857915535101343,0,0,0,0
42,78089,1.0,0,-1.2378119871786528,0,Logistic regression,-2.9601753250566163,-1.2164612823431138,-2.9601753250566163,0.0,-1.0134610354466416,0,0,0,0
42,67471,1.98,0,-1.0728883585069169,0,Logistic regression,-3.502009415168124,-0.9981669884241358,-3.502009415168124,0.005,-0.7551960604866119,0,0,0,0
42,122271,45.6,0,-1.3108434200335601,0,Logistic regression,-2.066452579572697,-1.1366595615727748,-2.066452579572697,0.0,-0.9448039915113406,0,0,0,0
42,219722,179.48,0,-1.2217236930510986,0,Logistic regression,-1.3510189527292353,-0.7003671189379377,-1.3510189527292353,0.0,-0.8967964324270321,0,0,0,0
42,65420,9.99,0,-1.0043974535627476,0,Logistic regression,-3.3000150759511255,-1.1032428002781913,-3.3000150759511255,0.01,-0.7370775888390564,0,0,0,0
42,212516,0.01,1,-0.6492173590520417,1,Logistic regression,3.574735854327539,0.6762400422056468,3.574735854327539,0.845,-0.3820298339322312,1,1,1,1
42,150680,104.03,1,-0.8006231438222113,0,Logistic regression,14.722138202287589,0.45899797491727257,14.722138202287589,0.845,-0.38367237198646786,1,1,1,1
42,16863,730.86,1,-0.6511659375398771,1,Logistic regression,5.431361022966123,0.7757865379691182,5.431361022966123,0.875,-0.3813989345206434,1,1,1,1
42,14833,14.13,0,-1.0376891149294085,0,Logistic regression,-2.7134632710647475,-1.1771048413765919,-2.7134632710647475,0.0,-1.0210142226425938,0,0,0,0
42,235866,49.0,0,-1.1928148352360555,0,Logistic regression,-1.88836300305033,-1.0391593592859174,-1.88836300305033,0.0,-0.9815745596046757,0,0,0,0
42,147683,1.79,0,-1.1493252863155088,0,Logistic regression,-1.9448073245980935,-1.0333793705407364,-1.9448073245980935,0.0,-1.0357595561504136,0,0,0,0
42,88897,1.1,1,-0.5878021688176579,1,Logistic regression,6.527547441448321,0.8640952182872506,6.527547441448321,0.95,-0.3501110441464125,1,1,1,1
42,23308,0.0,1,-0.4740272403524102,1,Logistic regression,1.4890722277651558,0.6684677327417563,1.4890722277651558,0.835,-0.38309701219122877,1,0,1,1
42,2013,1.0,0,-1.1654204289254697,0,Logistic regression,-3.2384396778654922,-1.2364238522291795,-3.2384396778654922,0.0,-0.8190112325061898,0,0,0,0
42,189701,93.35,1,-0.6511290306060422,1,Logistic regression,4.907373835394638,0.6177017806507924,4.907373835394638,0.87,-0.38324117432031846,1,1,1,1
42,263877,0.38,1,-0.6924105010166325,1,Logistic regression,4.412288196091848,0.7010516479072365,4.412288196091848,0.875,-0.3687062327590376,1,1,1,1
42,102445,1.0,1,-0.7564401468808389,0,Logistic regression,12.594170134305408,0.45899684413726355,12.594170134305408,0.135,-0.38367237198646786,1,1,0,1
42,15566,99.99,1,-0.782702663194875,0,Logistic regression,10.458489465675207,0.45899779632285853,10.458489465675207,0.84,-0.38367237198646786,1,1,1,1
42,146962,1.79,0,-1.2164260501461546,0,Logistic regression,-1.896900495408547,-1.0500620383539525,-1.896900495408547,0.0,-0.8191678542325423,0,0,0,0
42,95210,10.0,0,-1.1447543030120233,0,Logistic regression,-2.356220956405006,-1.1818236723258737,-2.356220956405006,0.0,-0.9255973441001667,0,0,0,0
42,37557,29.99,0,-1.0451827851204172,0,Logistic regression,-2.8693434622388456,-0.7942938241340303,-2.8693434622388456,0.005,-0.5541718472608488,0,0,0,0
42,133651,0.99,0,-1.0558835268336986,0,Logistic regression,-2.7210517664877183,-1.1534371911853298,-2.7210517664877183,0.0,-0.5569592960762297,0,0,0,0
42,58761,1.0,1,-1.1957603344809056,0,Logistic regression,-2.474702962096266,-1.1655889412775484,-2.474702962096266,0.0,-0.8270814987894851,0,0,0,0
42,267121,146.5,0,-1.1399987549963302,0,Logistic regression,-1.9685197074071543,-1.0387868243466747,-1.9685197074071543,0.0,-0.9253474782474941,0,0,0,0
42,151730,18.96,1,-0.7404550815606945,0,Logistic regression,1.9078447753786771,0.745067559599544,1.9078447753786771,0.91,-0.3836721999754461,1,0,1,1
42,28997,2.8,0,-1.1304107097613325,0,Logistic regression,-2.1657235882365677,-0.83278026960746,-2.1657235882365677,0.0,-0.7112081967369754,0,0,0,0
42,41395,1.0,1,-0.7033709725347854,0,Logistic regression,2.47282634926308,0.6718854356054529,2.47282634926308,0.875,-0.3836723696643977,1,0,1,1
42,15819,46.0,0,-1.0995532458038366,0,Logistic regression,-2.5172492379042017,-1.1842441946131088,-2.5172492379042017,0.0,-0.9349226244418201,0,0,0,0
42,165078,12.31,0,-1.27508619684667,0,Logistic regression,-2.371554089077275,-1.0933276496967443,-2.371554089077275,0.0,-0.7110194555668334,0,0,0,0
42,215782,44.35,0,-1.2058483418208508,0,Logistic regression,-2.890394494384972,-1.2525987080682806,-2.890394494384972,0.0,-0.7224096768525983,0,0,0,0
42,104559,269.55,0,-1.1693802917918878,0,Logistic regression,-1.236002393621268,-0.7257073108645278,-1.236002393621268,0.055,-0.18417030830162162,0,0,0,1
42,229782,16.99,0,-1.1002994255571528,0,Logistic regression,-1.9471010785807699,-1.0758263686488103,-1.9471010785807699,0.0,-0.9466310538809236,0,0,0,0
42,2818,4.95,0,-1.1308947896679238,0,Logistic regression,-2.6379908852025373,-1.2294031947028456,-2.6379908852025373,0.0,-0.9663209808890137,0,0,0,0
42,197649,49.46,0,-1.2358484577706084,0,Logistic regression,-2.2913352223312353,-1.0981040459837923,-2.2913352223312353,0.0,-0.8983133252043297,0,0,0,0
42,253224,54.99,0,-1.0712320297916378,0,Logistic regression,-2.0524229031272263,-1.102758506531561,-2.0524229031272263,0.0,-1.0025678370512243,0,0,0,0
42,6820,1.0,1,-0.3551114526503457,1,Logistic regression,4.203913814026723,0.7878247643546852,4.203913814026723,0.9,-0.3781341673728732,1,1,1,1
42,236151,0.99,0,-1.2260301853918936,0,Logistic regression,-2.110993602057974,-1.0140638971203193,-2.110993602057974,0.005,-0.9662900012761416,0,0,0,0
42,12813,2.99,0,-1.1279796771286692,0,Logistic regression,-2.9161004228132392,-1.2122610297132825,-2.9161004228132392,0.0,-0.6098226166148513,0,0,0,0
42,68522,0.76,1,-0.8494027803279117,0,Logistic regression,0.865327077688006,0.572038455655738,0.865327077688006,0.845,-0.38362195423663015,1,0,1,1
42,260655,75.0,0,-1.0994657893850377,0,Logistic regression,-2.202619821076211,-0.9401348909155727,-2.202619821076211,0.0,-0.552722631811051,0,0,0,0
42,164488,3.56,0,-0.7702830545194674,0,Logistic regression,-1.8741991286084037,-0.892653357142601,-1.8741991286084037,0.0,-0.913547847643199,0,0,0,0
42,22588,54.9,0,-1.2539752988001318,0,Logistic regression,-2.529080575231977,-1.2161525342739663,-2.529080575231977,0.0,-0.9134049766926866,0,0,0,0
42,32930,49.4,0,-1.2041435383069083,0,Logistic regression,-2.223668826975878,-1.1872000962369271,-2.223668826975878,0.0,-0.8887928283211206,0,0,0,0
42,53794,1.0,1,-0.7390171494685996,0,Logistic regression,1.5804093960128558,0.6605060661520709,1.5804093960128558,0.85,-0.382083596402173,1,0,1,1
42,39921,32.68,0,-0.8826163400782542,0,Logistic regression,-1.0684779923259273,-0.7138085829874095,-1.0684779923259273,0.015,-0.6169455408882052,0,0,0,0
42,135393,2.49,0,-1.0543708339382527,0,Logistic regression,-2.410718258179886,-1.1263299832823026,-2.410718258179886,0.0,-0.6761929412721102,0,0,0,0
42,55965,242.34,0,-1.0088560558541566,0,Logistic regression,-1.3742444018996594,-0.8055297107076085,-1.3742444018996594,0.13,-0.4826366482100394,0,0,0,0
42,81016,60.0,0,-1.0912361355731255,0,Logistic regression,-3.050983101532062,-1.210443977492842,-3.050983101532062,0.0,-0.5672181845868742,0,0,0,0
42,129268,17.85,0,-1.1393328838965937,0,Logistic regression,-2.528517265041336,-0.9669713101771502,-2.528517265041336,0.055,-0.4518015804219515,0,0,0,1
42,15781,99.99,1,-0.7807485812725752,0,Logistic regression,10.312364379668452,0.458996985416832,10.312364379668452,0.84,-0.38367237198646786,1,1,1,1
42,284766,95.63,0,-0.9935481813063305,0,Logistic regression,-1.7715381151173153,-0.6405117566668601,-1.7715381151173153,0.025,-0.5645462975090773,0,0,0,0
42,228060,260.0,0,-0.6999372430977882,0,Logistic regression,-1.4134926944807216,0.3690294264876916,-1.4134926944807216,0.035,-0.3836772190090547,1,0,0,1
42,172593,142.55,0,-0.9815675737648726,0,Logistic regression,-1.227858535108362,-0.840391709120353,-1.227858535108362,0.18,-0.6099455666356071,0,0,0,0
42,151168,15.13,0,-0.9148869196387084,0,Logistic regression,-3.1389357157217983,-0.8638610174090147,-3.1389357157217983,0.175,-0.4037715877188537,0,0,0,1
42,184898,10.52,0,-0.9826929859960083,0,Logistic regression,-2.7500157253281317,-1.0862551982008677,-2.7500157253281317,0.0,-0.7657665848207775,0,0,0,0
42,5106,55.39,0,-1.1321552897436153,0,Logistic regression,-3.0848394197448066,-1.2602946917873974,-3.0848394197448066,0.0,-0.5176314475202629,0,0,0,0
42,223435,342.0,0,-0.932351713902434,0,Logistic regression,-1.0913333198491408,0.2529380315169035,-1.0913333198491408,0.205,-0.383815631299523,0,0,0,1
42,66285,22.0,0,-0.9772049388951325,0,Logistic regression,-2.200469953908067,-1.058675673853853,-2.200469953908067,0.005,-0.6334569775816871,0,0,0,0
42,174288,77.05,0,-1.0569727502872466,0,Logistic regression,-2.1934938300875864,-0.8325136924455314,-2.1934938300875864,0.005,-0.6137563590803436,0,0,0,0
42,206884,10.61,0,-1.1254911122382933,0,Logistic regression,-2.1889119640668215,-1.105170533319565,-2.1889119640668215,0.0,-1.1524025202043038,0,0,0,0
42,7157,710.69,0,-0.9119978758373084,0,Logistic regression,0.1868527486237448,0.058812662745869715,0.1868527486237448,0.33,-0.4081506326570812,0,0,0,1
42,79549,98.96,0,-1.2887291265742247,0,Logistic regression,-1.8640696338702265,-1.0405109072495728,-1.8640696338702265,0.0,-0.7237216617830754,0,0,0,0
42,23582,28.0,0,-1.083140754797328,0,Logistic regression,-2.5019325727468003,-1.1027520416086007,-2.5019325727468003,0.0,-1.0194234817088665,0,0,0,0
42,164823,115.45,0,-1.0262230942026223,0,Logistic regression,-2.3663401805509388,-1.0071720478053132,-2.3663401805509388,0.0,-0.5440445160725011,0,0,0,0
42,8617,1.0,1,-0.4264748350460781,1,Logistic regression,2.428046848469946,0.6438915274058166,2.428046848469946,0.875,-0.3836723295860308,1,0,1,1
42,41655,78.0,0,-1.07393918503911,0,Logistic regression,-2.3020077316814023,-1.137700986333486,-2.3020077316814023,0.0,-0.7840037764344913,0,0,0,0
42,240222,1.0,1,-0.8993462678611875,0,Logistic regression,-1.8252287580195854,-0.5735098611889606,-1.8252287580195854,0.02,-0.4216903999717623,0,0,0,1
42,54814,1.0,0,-1.0463559969613176,0,Logistic regression,-2.766303859419004,-1.148802147149938,-2.766303859419004,0.0,-0.8995491705743166,0,0,0,0
42,217861,326.22,0,-0.6842016144277863,1,Logistic regression,-0.6521046246308628,-0.17138276002624847,-0.6521046246308628,0.09,-0.45245757689508576,0,0,0,1
42,264017,1.0,0,-1.0671393310524928,0,Logistic regression,-2.6071847981864744,-1.230151293280324,-2.6071847981864744,0.0,-0.5859292590571106,0,0,0,0
42,189587,67.9,1,-0.8052296528283287,0,Logistic regression,2.1478002043948052,0.711673041535632,2.1478002043948052,0.84,-0.38363198087285405,1,0,1,1
42,12070,1.0,1,-0.6212583667530389,1,Logistic regression,13.435319182600132,0.45900473739715114,13.435319182600132,0.86,-0.38367237198646786,1,1,1,1
42,217385,8.99,0,-1.2059595867576365,0,Logistic regression,-2.3440287412677856,-1.1463040506874662,-2.3440287412677856,0.03,-1.0946021074506727,0,0,0,0
42,234633,1.59,1,-0.8042395657736694,0,Logistic regression,1.05377398850105,0.5760380871419345,1.05377398850105,0.76,-0.38376141360341254,1,0,1,1
42,277471,54.99,0,-1.062535559566244,0,Logistic regression,-2.3011574759836546,-1.1239440719222518,-2.3011574759836546,0.0,-0.8844054751009804,0,0,0,0
42,115125,9.99,0,-1.0155753724304897,0,Logistic regression,-3.0715735977744565,-0.7760756727955509,-3.0715735977744565,0.005,-0.62647969238169,0,0,0,0
42,45872,1.0,0,-1.1553984964092068,0,Logistic regression,-2.647465220052638,-1.117829645938844,-2.647465220052638,0.0,-0.9471227217980724,0,0,0,0
42,243675,201.0,0,-0.8888959705017513,0,Logistic regression,-0.9398677427144282,-0.410760347363101,-0.9398677427144282,0.04,-0.5340761288796922,0,0,0,0
42,257101,1.29,0,-1.1915707733430094,0,Logistic regression,-2.1236829064291265,-1.1221878677001562,-2.1236829064291265,0.0,-1.0782174786694356,0,0,0,0
42,46902,8.99,0,-1.0696114824498608,0,Logistic regression,-3.334975064587997,-1.1805317430298559,-3.334975064587997,0.0,-1.0019571020571705,0,0,0,0
42,223863,61.85,0,-1.192084150387853,0,Logistic regression,-1.8235546039148325,-1.0117821988250497,-1.8235546039148325,0.0,-0.8752185668317385,0,0,0,0
42,158127,30.03,0,-1.0634593660404266,0,Logistic regression,-2.7124261382620642,-1.0712108587951512,-2.7124261382620642,0.0,-0.40622315053071195,0,0,0,1
42,30017,9.99,0,-1.0875814585690018,0,Logistic regression,-2.6666932981552782,-1.1943752264458114,-2.6666932981552782,0.0,-0.9917399531909342,0,0,0,0
42,247007,4.99,0,-1.25932109227703,0,Logistic regression,-1.941825848853774,-1.0286045766284404,-1.941825848853774,0.0,-0.8803587830254838,0,0,0,0
42,276601,29.9,0,-1.1218783571975384,0,Logistic regression,-1.943946415815169,-1.054182588712302,-1.943946415815169,0.0,-1.081025728086333,0,0,0,0
42,39937,67.49,0,-1.0486253408881319,0,Logistic regression,-2.5871866342809886,-0.9875866092678101,-2.5871866342809886,0.015,-0.6258501656555202,0,0,0,0
42,67332,29.56,0,-1.2241289758289886,0,Logistic regression,-2.508161195126413,-1.229822352000287,-2.508161195126413,0.005,-0.9853255298309616,0,0,0,0
42,106448,41.9,0,-0.9908635942612655,0,Logistic regression,-1.4827578359280806,-0.5462108256616252,-1.4827578359280806,0.38,-0.42276877660216833,0,0,0,1
42,51109,471.45,0,-0.567508205453574,1,Logistic regression,0.09628370596991642,0.06889678582374503,0.09628370596991642,0.205,-0.36070448004005495,0,0,0,1
42,71372,1.0,0,-1.2209938380542122,0,Logistic regression,-2.4899043553545024,-1.209816003671834,-2.4899043553545024,0.0,-0.9911579812815833,0,0,0,0
42,204932,50.96,0,-1.1461358388850438,0,Logistic regression,-2.0827735313001052,-1.0971965611120986,-2.0827735313001052,0.0,-0.604218726373252,0,0,0,0
42,99506,489.71,1,-0.7470767454448645,0,Logistic regression,3.5043470314901475,0.5941931594735022,3.5043470314901475,0.83,-0.3825300508148123,1,1,1,1
42,258433,1.79,0,-1.1322639097775402,0,Logistic regression,-2.6104913382867503,-1.168283126868648,-2.6104913382867503,0.0,-1.1020742008887938,0,0,0,0
42,50342,29.7,0,-1.1341436406023844,0,Logistic regression,-2.8722036952091474,-1.207302436784704,-2.8722036952091474,0.01,-0.9782847752715469,0,0,0,0
42,70618,10.0,0,-1.1016617526118722,0,Logistic regression,-2.7645180988617737,-1.1783662883622372,-2.7645180988617737,0.0,-1.0138426654334256,0,0,0,0
42,30384,1.0,1,-0.5652948258091048,1,Logistic regression,6.491866734116704,0.7490940740291826,6.491866734116704,0.885,-0.34959654051014805,1,1,1,1
42,75004,3.34,0,-1.1432318034967872,0,Logistic regression,-2.9319695447585445,-1.0568085462010917,-2.9319695447585445,0.01,-0.721618310883384,0,0,0,0
42,88248,59.06,0,-0.9973359370994749,0,Logistic regression,-1.636097492299016,-1.0002836812236557,-1.636097492299016,0.035,-0.7837073155398033,0,0,0,0
42,64460,99.99,1,-0.6962531314141641,1,Logistic regression,5.880013651542781,0.5131003704545058,5.880013651542781,0.865,-0.38367182516545784,1,1,1,1
42,222703,72.0,0,-1.0777338951391338,0,Logistic regression,-1.906303763210488,-0.995856813384733,-1.906303763210488,0.0,-1.0079200530910095,0,0,0,0
42,14338,3.76,1,-1.1253496222689294,0,Logistic regression,-2.3754977290017334,-0.9134313510853866,-2.3754977290017334,0.005,-0.5311460643813418,0,0,0,0
42,88876,1.0,1,-1.2079356832730712,0,Logistic regression,-2.15539868870075,-0.9731902564007826,-2.15539868870075,0.0,-0.4359836027782302,0,0,0,1
42,150692,37.93,1,-0.6236991779788454,1,Logistic regression,14.057831940714106,0.45900591583531797,14.057831940714106,0.865,-0.38367237198646786,1,1,1,1
42,249195,552.51,0,-0.2247140348328585,1,Logistic regression,0.22082491369462698,0.22690422061696103,0.22082491369462698,0.515,-0.4521362549839055,0,0,1,1
42,76007,32.67,0,-1.1422080710971394,0,Logistic regression,-2.866366046216087,-1.248250462879307,-2.866366046216087,0.005,-1.0986846142438735,0,0,0,0
42,41146,89.95,0,-1.2811167859781136,0,Logistic regression,-2.4622926291146343,-1.1582477751217495,-2.4622926291146343,0.005,-0.9299126269352854,0,0,0,0
42,185658,45.0,0,-1.2156715486962266,0,Logistic regression,-2.1477713940848235,-1.0226913150945127,-2.1477713940848235,0.005,-0.5581559255497122,0,0,0,0
42,112136,3.07,0,-1.0791871442883685,0,Logistic regression,-2.893151830058316,-1.1863008187797495,-2.893151830058316,0.01,-0.923801123119531,0,0,0,0
42,221283,56.89,0,-0.9654268468505123,0,Logistic regression,-2.0314944786391007,-0.6823150490380585,-2.0314944786391007,0.005,-0.4533731662667968,0,0,0,1
42,42700,30.26,1,-0.7201657869709869,0,Logistic regression,13.165367269347005,0.4590051794471922,13.165367269347005,0.855,-0.3836723719864632,1,1,1,1
42,88307,180.0,1,-0.5606403387089063,1,Logistic regression,2.399948592757468,0.6880253809732381,2.399948592757468,0.875,-0.38141276584950745,1,0,1,1
42,205944,354.0,0,-1.052746377104464,0,Logistic regression,-1.0187662100918058,-0.6753855485123823,-1.0187662100918058,0.105,-0.5903550097130256,0,0,0,0
42,1852,1.54,0,-0.8275175296315681,0,Logistic regression,-2.4963344855004994,-0.9591644458012991,-2.4963344855004994,0.0,-0.6975487223742975,0,0,0,0
42,266626,26.16,0,-0.7879207975158216,0,Logistic regression,-1.642411555699916,-0.7965670710414205,-1.642411555699916,0.2,-0.465501315026803,0,0,0,1
123,106998,3.79,1,-0.21421916499422156,1,Logistic regression,0.632319559273617,0.07223944918353221,0.632319559273617,0.425,-0.6751933137717455,1,0,0,1
123,243180,75.0,0,-1.2130438282573923,0,Logistic regression,-3.345407940901832,-1.0938638230853135,-3.345407940901832,0.0,-0.7462005507717951,0,0,0,0
123,6717,1.0,1,-0.5243106332421709,1,Logistic regression,5.702225762504668,0.3607705789647392,5.702225762504668,0.895,-0.6751490517925757,1,1,1,1
123,50793,9.99,0,-1.350802256046284,0,Logistic regression,-3.6528108108301227,-1.2663883160726679,-3.6528108108301227,0.015,-0.7783853077237982,0,0,0,0
123,200899,15.0,0,-0.9804323331508917,0,Logistic regression,-2.3654299405082235,-0.9873587748454427,-2.3654299405082235,0.01,-0.6900705452133739,0,0,0,1
123,74868,8.03,0,-1.0509279107257334,0,Logistic regression,-2.4845463264678544,-1.1551795736158597,-2.4845463264678544,0.045,-0.9074275792365205,0,0,0,0
123,131468,56.0,0,-1.1982450160727947,0,Logistic regression,-5.735421607430922,-1.0623104803112593,-5.735421607430922,0.0,-0.6791247687765501,0,0,0,1
123,253163,215.7,0,-0.9924741670739126,0,Logistic regression,-4.11532969458251,-1.2280979309973556,-4.11532969458251,0.0,-0.6812344873685222,0,0,0,1
123,118308,30.14,1,-1.3070039952017267,0,Logistic regression,-2.828745101075123,-1.0386250889286064,-2.828745101075123,0.02,-0.7971063319339142,0,0,0,0
123,242621,19.0,0,-1.0488936853490904,0,Logistic regression,-2.868599975342258,-1.1545129835197443,-2.868599975342258,0.0,-0.7801289439719011,0,0,0,0
123,42432,40.0,0,-1.079865634030078,0,Logistic regression,-1.7899066848601493,-0.7921160758378727,-1.7899066848601493,0.0,-0.6978646018831124,0,0,0,1
123,212516,0.01,1,-0.5692114326956064,1,Logistic regression,1.4264062990611,0.12162794652628747,1.4264062990611,0.52,-0.6751755651797897,1,1,1,1
123,218855,7.85,0,-0.9912496559404872,0,Logistic regression,-1.5539883570434276,-0.5423820246890003,-1.5539883570434276,0.0,-0.6954975869363722,0,0,0,1
123,255403,4.97,1,-0.43634485322709027,1,Logistic regression,2.6138773776195925,0.7664625160424354,2.6138773776195925,0.95,-0.5511482602150715,1,1,1,1
123,76339,112.5,0,-1.1598545622006962,0,Logistic regression,-3.5805948524189053,-1.199495438885122,-3.5805948524189053,0.005,-0.6860189592886315,0,0,0,1
123,175032,41.92,0,-1.2362634607062426,0,Logistic regression,-3.222119628178824,-1.0452476904328114,-3.222119628178824,0.0,-0.6851242186334972,0,0,0,1
123,51300,192.44,0,-1.1389875439592962,0,Logistic regression,-3.9461207027248704,-1.18970690089172,-3.9461207027248704,0.0,-0.7304398353739824,0,0,0,0
123,276853,37.61,0,-1.4447031335719478,0,Logistic regression,-2.520297144244835,-1.15277973461478,-2.520297144244835,0.025,-0.6949540545993245,0,0,0,1
123,88195,1278.98,0,-0.7854610302457636,0,Logistic regression,-5.108070422095647,0.17195470108888036,-5.108070422095647,0.195,-0.6751794274630167,1,0,0,1
123,126481,3.78,0,-1.0490390037002797,0,Logistic regression,-1.9671531694964601,-0.8586985578925541,-1.9671531694964601,0.04,-0.7153435351648892,0,0,0,1
123,15204,99.99,1,-0.09723738102813884,1,Logistic regression,6.377185026905732,0.7877542333899832,6.377185026905732,0.83,-0.675179074166074,1,1,1,1
123,195583,365.04,0,-0.6966888911424872,0,Logistic regression,-1.2249057891157347,0.1343101654365556,-1.2249057891157347,0.31,-0.675194041854929,1,0,0,1
123,152223,8.64,1,-0.4719088522542869,1,Logistic regression,10.481211333933535,0.2067160295130647,10.481211333933535,0.85,-0.675179074166074,1,1,1,1
123,69382,60.0,0,-1.240107245764793,0,Logistic regression,-2.8411119591734844,-1.0719711836485677,-2.8411119591734844,0.025,-0.6937312837906688,0,0,0,1
123,111299,399.0,0,-1.0091472091723528,0,Logistic regression,-6.186237051978965,-0.514765449781007,-6.186237051978965,0.085,-0.6833452035707821,0,0,0,1
123,41194,291.39,0,-1.1248552987172795,0,Logistic regression,-4.525689705769381,-0.9380755455991343,-4.525689705769381,0.005,-0.7068776034929098,0,0,0,1
123,52521,105.99,1,-1.0475535739978747,0,Logistic regression,-4.568961611755032,-0.9222190148620539,-4.568961611755032,0.0,-0.7357017780863561,0,0,0,0
123,31730,19.99,0,-1.1656465822291602,0,Logistic regression,-1.9275011341402826,-0.7313008697151302,-1.9275011341402826,0.005,-0.7033230631242573,0,0,0,1
123,51384,301.5,0,-1.1990072671528273,0,Logistic regression,-4.314166436309387,-1.1411806254918124,-4.314166436309387,0.0,-0.6865041604645594,0,0,0,1
123,27362,1.52,1,-1.3692229836564564,0,Logistic regression,-1.7891258817255733,-0.9910196203588466,-1.7891258817255733,0.125,-0.7928333566770097,0,0,0,0
123,216811,143.6,0,-0.8468686078340817,0,Logistic regression,-0.26977815434217556,0.094484662417593,-0.26977815434217556,0.19,-0.6751858890791878,1,0,0,1
123,130300,149.19,0,-0.8157411947608524,0,Logistic regression,-3.1744895843843253,-0.5873126625995475,-3.1744895843843253,0.005,-0.681281933160565,0,0,0,1
123,106679,227.3,1,-0.8500876002663706,0,Logistic regression,-0.25602615178328314,0.25110101525364414,-0.25602615178328314,0.66,-0.675176108620537,1,0,1,1
123,46578,6.99,0,-0.9511738858103368,0,Logistic regression,-2.851531342319957,-1.138018472586588,-2.851531342319957,0.005,-0.7000739074858149,0,0,0,1
123,174320,2.32,0,-0.9875320437018873,0,Logistic regression,-3.178262286090364,-0.9197113019125258,-3.178262286090364,0.0,-0.8814049830627548,0,0,0,0
123,125202,114.2,0,-1.2277598762914543,0,Logistic regression,-3.2859115527266276,-1.3520171500281,-3.2859115527266276,0.0,-0.7504502388311035,0,0,0,0
123,68234,0.77,0,-1.0522166821661842,0,Logistic regression,-1.637328787396117,-0.735252348362935,-1.637328787396117,0.0,-0.7092192903176884,0,0,0,1
123,200304,1.0,0,-0.8218812107657872,0,Logistic regression,-4.216435907801089,-0.617691940529596,-4.216435907801089,0.005,-0.6821416782695143,0,0,0,1
123,187692,127.87,0,-0.8311567044160864,0,Logistic regression,-0.4914910513006361,-0.27322989135242176,-0.4914910513006361,0.295,-0.6607981287669585,0,0,0,1
123,75510,72.0,0,-0.9691558488238258,0,Logistic regression,-4.7228039153750725,-0.9014003932712589,-4.7228039153750725,0.0,-0.6810135846526462,0,0,0,1
123,125597,4.99,0,-1.4863791447052197,0,Logistic regression,-1.992583804007634,-0.9293750614562251,-1.992583804007634,0.0,-0.7690050770758583,0,0,0,0
123,19359,87.0,0,-0.7469373657741425,0,Logistic regression,-5.812802156198396,0.04915474151449267,-5.812802156198396,0.07,-0.6751835552400397,1,0,0,1
123,213262,26.53,0,-1.1213269705189148,0,Logistic regression,-4.390883305628068,-0.9889269203800424,-4.390883305628068,0.01,-0.7276956807876359,0,0,0,0
123,49649,63.58,0,-1.0565438899409818,0,Logistic regression,-2.536901126571125,-1.0895409472566597,-2.536901126571125,0.015,-0.7258094889286195,0,0,0,0
123,279344,70.66,0,-1.167891739814853,0,Logistic regression,-1.9088322207220956,-0.8579634503712243,-1.9088322207220956,0.01,-0.7239786950131356,0,0,0,0
123,40731,39.02,0,-1.190853383867643,0,Logistic regression,-3.5204994019936238,-1.085634821828681,-3.5204994019936238,0.0,-0.7015199578079262,0,0,0,1
123,121995,74.9,0,-1.1166148629091894,0,Logistic regression,-2.9465948817607717,-1.2337688919385863,-2.9465948817607717,0.0,-0.9238479362467438,0,0,0,0
123,22610,9.99,0,-1.2378633653701865,0,Logistic regression,-2.978952291894505,-1.1863098549515882,-2.978952291894505,0.015,-0.844435612361087,0,0,0,0
123,109738,44.89,0,-1.0676206954035963,0,Logistic regression,-4.446328669409889,-0.9877760323470184,-4.446328669409889,0.055,-0.7017677156495974,0,0,0,1
123,279835,11.09,0,-0.9822152252568579,0,Logistic regression,-2.683576034335313,-1.0227658619156095,-2.683576034335313,0.015,-0.8529076067614156,0,0,0,0
123,34901,1.98,0,-1.2511683654300632,0,Logistic regression,-3.8960513836886763,-1.2396711749420795,-3.8960513836886763,0.0,-0.8450209765146233,0,0,0,0
123,60808,11.5,0,-1.1824376797825744,0,Logistic regression,-3.7247061984562864,-1.352476442654604,-3.7247061984562864,0.0,-0.7631560019759662,0,0,0,0
123,196301,44.05,0,-1.4911644616209667,0,Logistic regression,-3.2439665153464325,-1.1200653646399432,-3.2439665153464325,0.0,-0.7246331560340801,0,0,0,0
123,121321,2.69,0,-0.684069565815856,1,Logistic regression,-3.1685801077641633,-0.35088366421450673,-3.1685801077641633,0.205,-0.6751794017915366,0,0,0,1
123,167203,11.5,0,-1.0383712475400262,0,Logistic regression,-2.434954928017604,-0.8575814942614464,-2.434954928017604,0.0,-0.7992437148753258,0,0,0,0
123,94590,34.27,0,-0.7380875364574522,0,Logistic regression,-7.955018882873832,0.11363472038690413,-7.955018882873832,0.115,-0.675179074166074,1,0,0,1
123,46442,38.85,0,-0.9905851454095282,0,Logistic regression,-2.699906511020346,-1.139704442888171,-2.699906511020346,0.0,-0.7183457897948821,0,0,0,0
123,12743,380.39,0,-0.7800705101294952,0,Logistic regression,-4.972409960595231,-0.46598475397006417,-4.972409960595231,0.11,-0.6792642007047356,0,0,0,1
123,177903,20.0,0,-1.4129483369320583,0,Logistic regression,-2.338152721784488,-1.0743072544432983,-2.338152721784488,0.0,-0.7642049416909493,0,0,0,0
123,192769,87.38,0,-0.578107945846629,1,Logistic regression,1.0219504562707784,0.1630492057513256,1.0219504562707784,0.135,-0.675474768704929,1,1,0,1
123,102446,1.0,1,-0.6458460093570211,1,Logistic regression,14.543506351744504,0.1868961090805197,14.543506351744504,0.69,-0.675179074166074,1,1,1,1
123,162783,4.73,0,-1.5170727666713257,0,Logistic regression,-2.4648324153798025,-1.1646763070421045,-2.4648324153798025,0.0,-0.7023094541962511,0,0,0,1
123,43624,39.45,1,-0.7505704632117245,0,Logistic regression,0.014150297452654836,-0.08151776285163753,0.014150297452654836,0.41,-0.6751851035353854,0,0,0,1
123,257524,0.49,0,-1.0352719335176093,0,Logistic regression,-4.007548742028338,-1.0823416015594773,-4.007548742028338,0.0,-0.7099340140429496,0,0,0,1
123,191791,1.0,0,-1.1995697310210849,0,Logistic regression,-3.053208249623433,-1.1988290337463792,-3.053208249623433,0.0,-0.838125902894893,0,0,0,0
123,212644,727.91,1,-0.5752205717147505,1,Logistic regression,1.8874662014945316,0.18758730923454894,1.8874662014945316,0.56,-0.6751790719478363,1,1,1,1
123,249828,6.74,1,-0.4241599408994672,1,Logistic regression,4.314714976456976,0.6562833829418285,4.314714976456976,0.94,-0.6707251425493657,1,1,1,1
123,173766,25.0,0,-1.3886240467520454,0,Logistic regression,-3.60605261993807,-1.1844821394860665,-3.60605261993807,0.0,-0.7318210824438802,0,0,0,0
123,276698,3.57,0,-0.9926651192605132,0,Logistic regression,-0.6340481102382607,-0.5728639924194692,-0.6340481102382607,0.015,-0.8525281900909438,0,0,0,0
123,9179,1.0,1,-0.6062836102754302,1,Logistic regression,11.26252927196772,0.22914413584922483,11.26252927196772,0.79,-0.6751790741620188,1,1,1,1
123,120837,99.9,1,-0.6153067080919762,1,Logistic regression,0.909118201377527,0.41522712748959506,0.909118201377527,0.555,-0.6672639332573964,1,1,1,1
123,142926,55.77,0,-0.9460524319691911,0,Logistic regression,-4.164720973961028,-1.1356995057026782,-4.164720973961028,0.01,-0.8108586343135882,0,0,0,0
123,257037,0.77,0,-1.0940262837698485,0,Logistic regression,-1.5373545167161853,-0.8307453251609898,-1.5373545167161853,0.0,-0.8332314020290041,0,0,0,0
123,22762,7.44,0,-1.1150577751562478,0,Logistic regression,-2.5912716604115085,-1.2173435286907364,-2.5912716604115085,0.0,-0.7675420352679048,0,0,0,0
123,129407,2.58,0,-1.3205884505018903,0,Logistic regression,-3.3861555258548135,-1.271160387410778,-3.3861555258548135,0.005,-0.8646870357701133,0,0,0,0
123,36695,12.1,0,-0.8757501629921796,0,Logistic regression,-4.2765254626123,-1.0626117367949444,-4.2765254626123,0.01,-0.7100485691873288,0,0,0,1
123,202416,372.34,0,-0.9780051425464364,0,Logistic regression,-6.28758917491588,-0.5143598766955844,-6.28758917491588,0.025,-0.7001311112641349,0,0,0,1
123,75511,170.92,1,-0.591125630291259,1,Logistic regression,-0.09503052401503087,-0.06888884437064358,-0.09503052401503087,0.41,-0.6751757702190023,0,0,0,1
123,224885,89.68,0,-0.943152890300584,0,Logistic regression,-3.7420409632095737,-0.8175462459465781,-3.7420409632095737,0.0,-0.7438485224422274,0,0,0,0
123,140260,17.99,0,-0.8919608600004215,0,Logistic regression,-1.4132074002758717,-0.5362619904164985,-1.4132074002758717,0.065,-0.6883178192292717,0,0,0,1
123,217177,1.0,0,-0.9578008420626851,0,Logistic regression,-2.9708921384071947,-0.5518369012502156,-2.9708921384071947,0.005,-0.676528447744368,0,0,0,1
123,154272,14.95,0,-0.8190185885561995,0,Logistic regression,-1.3519816935559832,-0.5452085797959985,-1.3519816935559832,0.08,-0.6956256264540529,0,0,0,1
123,79134,10.08,0,-1.1414243445519103,0,Logistic regression,-3.0313219058273755,-1.057413914287625,-3.0313219058273755,0.0,-0.81790985624495,0,0,0,0
123,105554,43.44,0,-1.1208658211149949,0,Logistic regression,-4.5721129180244455,-0.6432688920188607,-4.5721129180244455,0.045,-0.6875033333856148,0,0,0,1
123,190368,175.9,1,-0.36948698577500316,1,Logistic regression,2.2217644684000466,0.15499962667926634,2.2217644684000466,0.45,-0.6751704464995766,1,1,0,1
123,231607,11.5,0,-0.9332644161222038,0,Logistic regression,-2.7325079883226437,-1.0967591606895706,-2.7325079883226437,0.0,-0.8223209993960858,0,0,0,0
123,191785,38.52,0,-1.259883572954685,0,Logistic regression,-3.167855981490689,-0.9663870287216421,-3.167855981490689,0.025,-0.6948159194367068,0,0,0,1
123,238222,1.1,1,-0.6605259464128531,1,Logistic regression,-1.4212473101569214,0.19170084906534715,-1.4212473101569214,0.705,-0.6751790735318082,1,0,1,1
123,112112,62.74,0,-1.0246481498928068,0,Logistic regression,-5.316884221671739,-0.10653481021856792,-5.316884221671739,0.11,-0.6751821886513579,0,0,0,1
123,127402,6.26,0,-0.9646058182602972,0,Logistic regression,-1.5212561284861046,-0.6415251464205312,-1.5212561284861046,0.005,-0.7119958592862056,0,0,0,1
123,75431,139.81,0,-1.1421033117239758,0,Logistic regression,-5.5626805207089625,-0.8461898884307397,-5.5626805207089625,0.0,-0.6925457299470681,0,0,0,1
123,210552,33.7,0,-1.056453215877694,0,Logistic regression,-3.6243973924875834,-1.0744447187597321,-3.6243973924875834,0.0,-0.8069909035824229,0,0,0,0
123,138917,65.72,0,-1.2034805886365703,0,Logistic regression,-3.5428625745858637,-1.2471653848116813,-3.5428625745858637,0.01,-0.6766364073777792,0,0,0,1
123,128216,76.06,0,-1.1619977219023165,0,Logistic regression,-3.9771948345817356,-1.0449544780933109,-3.9771948345817356,0.0,-0.7819644795745876,0,0,0,0
123,145274,1.98,0,-0.9651812625684357,0,Logistic regression,-3.6976070464413215,-1.0720805695405755,-3.6976070464413215,0.005,-0.7687154870776276,0,0,0,0
123,249127,120.0,0,-1.2595849920357147,0,Logistic regression,-2.7434298220874336,-0.8756200333655768,-2.7434298220874336,0.01,-0.6954651856531432,0,0,0,1
123,179767,15.09,0,-1.0026324489333374,0,Logistic regression,-2.044987506742589,-0.5642819643763306,-2.044987506742589,0.025,-0.7213831547041981,0,0,0,0
123,219025,4.49,1,-1.0796344334048098,0,Logistic regression,-1.4107530045492478,-0.9095872304078665,-1.4107530045492478,0.0,-0.8351900011219702,0,0,0,0
123,83957,5.92,0,-1.1085272549820429,0,Logistic regression,-3.182646417235693,-1.175490683047799,-3.182646417235693,0.0,-0.778281653783654,0,0,0,0
123,27160,60.0,0,-1.268816597586119,0,Logistic regression,-3.7046228672765067,-1.3379209384073192,-3.7046228672765067,0.005,-0.6870750979914991,0,0,0,1
123,95400,34.9,0,-1.1195093169416042,0,Logistic regression,-4.459239016645936,-1.2656913107142063,-4.459239016645936,0.0,-0.6944904376773118,0,0,0,1
123,62191,4.99,0,-1.452409620304991,0,Logistic regression,-2.8508914106263243,-1.2954597936122323,-2.8508914106263243,0.0,-0.8843872137345019,0,0,0,0
123,99394,135.94,0,-1.0762234379772297,0,Logistic regression,-3.692361094200484,-0.991187382171131,-3.692361094200484,0.005,-0.7200406556970916,0,0,0,0
123,105168,10.0,0,-1.4932245916067903,0,Logistic regression,-3.3950273896047505,-1.2984850106623131,-3.3950273896047505,0.0,-0.7465496979559387,0,0,0,0
123,95890,1.0,0,-0.9188948089457984,0,Logistic regression,-3.160883359448488,-1.2317057582286601,-3.160883359448488,0.0,-0.7760668096871222,0,0,0,0
123,6108,59.0,1,-0.6154007438786095,1,Logistic regression,-0.6370263848130726,0.2870150496452321,-0.6370263848130726,0.705,-0.6751099463920276,1,0,1,1
123,132659,32.06,0,-1.3121357034715846,0,Logistic regression,-2.663489194394716,-1.2343039429093186,-2.663489194394716,0.0,-0.7793194143874416,0,0,0,0
123,153835,1.0,1,-0.4186081419730316,1,Logistic regression,8.357458483768635,0.18690772089748464,8.357458483768635,0.7,-0.675179074166074,1,1,1,1
123,132913,1.79,0,-1.1714729413620337,0,Logistic regression,-4.520470728058079,-1.1608593999004249,-4.520470728058079,0.0,-0.7450542382208267,0,0,0,0
123,66494,158.0,0,-1.1526567066912659,0,Logistic regression,-3.7957506840133104,-1.3537835184312266,-3.7957506840133104,0.0,-0.805264689373274,0,0,0,0
123,69648,99.99,0,-0.6537111991047951,1,Logistic regression,-3.064234924797572,0.1684197446368841,-3.064234924797572,0.475,-0.6751791001045903,1,0,1,1
123,108868,24.0,0,-0.6752061654343631,1,Logistic regression,-7.2310566851207145,0.15308349853963693,-7.2310566851207145,0.06,-0.6751790838980878,1,0,0,1
123,103900,4.49,0,-1.1544727323500623,0,Logistic regression,-2.999383022411433,-1.128431216859736,-2.999383022411433,0.04,-0.860291028793411,0,0,0,0
123,41313,22.7,0,-0.9983096286723024,0,Logistic regression,-3.60067244328146,-1.3039115335833433,-3.60067244328146,0.0,-0.8102789157941066,0,0,0,0
123,255720,9.99,0,-0.8442082031550652,0,Logistic regression,-1.1061444315375852,-0.42182094344328985,-1.1061444315375852,0.17,-0.6809992495643774,0,0,0,1
123,12353,2.09,0,-1.2199983038853417,0,Logistic regression,-3.3730565874171665,-0.9932435322994959,-3.3730565874171665,0.01,-0.6800539069157435,0,0,0,1
123,234755,10.59,0,-0.7857366567452729,0,Logistic regression,-2.827646663151085,0.005197328998731737,-2.827646663151085,0.065,-0.6759150098307487,0,0,0,1
123,171542,37.83,0,-1.14723022869998,0,Logistic regression,-0.23715983462028545,0.06440228282064216,-0.23715983462028545,0.105,-0.6150588573349834,1,0,0,1
123,260841,644.79,0,-1.0289005591685663,0,Logistic regression,-7.028488746307626,-0.10824422698442232,-7.028488746307626,0.005,-0.675180022506616,0,0,0,1
123,30473,14.46,1,-0.7039108805680239,0,Logistic regression,3.746596707730767,0.49872621222888597,3.746596707730767,0.615,-0.6694772036861423,1,1,1,1
123,65131,6.8,0,-1.0518364737571149,0,Logistic regression,-3.589858856482504,-1.2481227897107157,-3.589858856482504,0.0,-0.7174505505762185,0,0,0,0
123,95597,1354.25,1,-0.778879125158953,0,Logistic regression,-12.387623453002941,0.18617092119420942,-12.387623453002941,0.41,-0.675179074166074,1,0,0,1
123,264162,19.99,0,-1.034301948886012,0,Logistic regression,-2.875528529369103,-1.2386343123641228,-2.875528529369103,0.0,-0.8636802764661622,0,0,0,0
123,193311,233.27,0,-0.9689540734118626,0,Logistic regression,-2.0480325400978985,-0.12608404225234998,-2.0480325400978985,0.0,-0.6758683263727087,0,0,0,1
123,27738,125.3,1,-0.3585293627251371,1,Logistic regression,1.3931393202277271,0.39534214631493214,1.3931393202277271,0.8,-0.6751788063466182,1,1,1,1
123,160338,9.99,0,-0.6345637612890497,1,Logistic regression,-0.9616895119883804,-0.036208078659410614,-0.9616895119883804,0.195,-0.6776286098479442,0,0,0,1
123,130428,0.89,0,-1.075409569812796,0,Logistic regression,-4.198368047458914,-1.1028512141021602,-4.198368047458914,0.055,-0.9001470302475223,0,0,0,0
123,164911,172.0,0,-1.051810895239516,0,Logistic regression,-2.549354452915478,-0.9285031725580974,-2.549354452915478,0.11,-0.7197872494218334,0,0,0,0
123,33642,27.95,0,-1.0336507663961334,0,Logistic regression,-1.5801351944938369,-0.7644029633397147,-1.5801351944938369,0.005,-0.8038048507976493,0,0,0,0
123,220438,118.0,0,-1.0596082218743583,0,Logistic regression,-4.428667634411824,-1.2334595121452945,-4.428667634411824,0.0,-0.694965348081365,0,0,0,1
123,137231,2.58,0,-1.2053492328302648,0,Logistic regression,-4.080528688855378,-1.2312052180113917,-4.080528688855378,0.0,-0.7781621204196154,0,0,0,0
123,222552,48.94,0,-1.155148585909647,0,Logistic regression,-1.3987908593389171,-0.7019968901736444,-1.3987908593389171,0.01,-0.8251158568715837,0,0,0,0
123,116257,30.9,0,-1.1041780427363763,0,Logistic regression,-2.9320242049242244,-1.2891888454678047,-2.9320242049242244,0.0,-0.8085909112079797,0,0,0,0
123,179257,81.0,0,-0.9311088563814108,0,Logistic regression,-2.273096773664686,-1.086065478477626,-2.273096773664686,0.11,-0.7362981117213964,0,0,0,0
123,144055,0.89,0,-0.8304976748571089,0,Logistic regression,0.6476145800965663,0.2128155112888967,0.6476145800965663,0.19,-0.6751790746245081,1,0,0,1
123,157178,15.95,0,-1.0456991357562027,0,Logistic regression,-2.7124275416225014,-1.0225843428545356,-2.7124275416225014,0.0,-0.6821161053715582,0,0,0,1
123,206253,209.52,0,-1.089362935154313,0,Logistic regression,-4.959866688888647,-0.9493124892307778,-4.959866688888647,0.005,-0.6969903479103372,0,0,0,1
123,269311,5.4,0,-1.0770053282472385,0,Logistic regression,-2.597582244401682,-1.1620638506140506,-2.597582244401682,0.0,-0.7429205206221812,0,0,0,0
123,83183,57.97,0,-0.991535782306695,0,Logistic regression,-5.994041025141378,-0.4727299829643313,-5.994041025141378,0.015,-0.6822791090242741,0,0,0,1
123,184379,25.0,1,-0.6734531068673579,1,Logistic regression,0.3057639554424476,-0.05447107854308192,0.3057639554424476,0.555,-0.6751913332679957,0,0,1,1
123,89762,171.64,0,-1.0627970356053065,0,Logistic regression,-4.478939878172554,-1.1165636870274493,-4.478939878172554,0.01,-0.8991288288628173,0,0,0,0
123,154454,147.87,1,-0.5838841557389627,1,Logistic regression,-0.5337931245346752,0.12762955441133803,-0.5337931245346752,0.55,-0.6751744732799793,1,0,1,1
123,90692,30.0,0,-1.159828880534906,0,Logistic regression,-3.2108714976788852,-1.2377873837937305,-3.2108714976788852,0.0,-0.7269010611369701,0,0,0,0
123,30496,111.7,1,-0.2751303270948681,1,Logistic regression,5.337449991655404,0.610415281483324,5.337449991655404,0.755,-0.6748346834107464,1,1,1,1
123,21515,105.55,0,-1.0972635914820938,0,Logistic regression,-3.788147946434088,-1.1265273303066967,-3.788147946434088,0.0,-0.7386656096941409,0,0,0,0
123,147462,729.34,0,-0.8203710337371449,0,Logistic regression,-7.85727271487821,-0.02001506079077786,-7.85727271487821,0.045,-0.675214633264962,0,0,0,1
123,15225,99.99,1,-0.28378443179515533,1,Logistic regression,6.280164364955517,0.7229801562387719,6.280164364955517,0.8,-0.675179074166074,1,1,1,1
123,145800,451.27,1,-0.8653286572865568,0,Logistic regression,-2.929530266518765,-0.17873397628482174,-2.929530266518765,0.035,-0.6754826116397187,0,0,0,1
123,165449,5.99,0,-1.0346631693393624,0,Logistic regression,-1.528939188961056,-0.8036932388870148,-1.528939188961056,0.0,-0.9246575725558835,0,0,0,0
123,102544,25.0,0,-1.1406151614161628,0,Logistic regression,-4.435102315520941,-0.9443591884351736,-4.435102315520941,0.0,-0.6813388247244471,0,0,0,1
123,241062,101.36,0,-1.0519167408025127,0,Logistic regression,-1.278660387377872,-0.35195753359089504,-1.278660387377872,0.005,-0.6751790741912074,0,0,0,1
123,263910,69.0,0,-1.0977391478382983,0,Logistic regression,-2.7794428615812072,-1.2611746842892397,-2.7794428615812072,0.0,-0.7005348450673433,0,0,0,1
123,229499,46.9,0,-1.0897847967984522,0,Logistic regression,-2.7924721886858657,-1.155070836732794,-2.7924721886858657,0.115,-0.8556237007806717,0,0,0,0
123,91671,290.18,1,-0.8448954866180112,0,Logistic regression,-5.763392212487749,-0.43222065303290974,-5.763392212487749,0.005,-0.6798593616664672,0,0,0,1
123,215274,12.95,0,-0.9597874113096255,0,Logistic regression,-0.8106858872098686,-0.5707923505668324,-0.8106858872098686,0.015,-0.7936297440182218,0,0,0,0
123,233937,49.48,0,-1.0776421367036355,0,Logistic regression,-2.9396505634036765,-1.1792109737242533,-2.9396505634036765,0.0,-0.710625929574428,0,0,0,1
123,273590,1.0,0,-1.2102771663663625,0,Logistic regression,-3.3698315466429714,-1.3270397363406903,-3.3698315466429714,0.0,-0.8051836552239392,0,0,0,0
123,159137,19.99,0,-1.3293764931989567,0,Logistic regression,-4.597854388666464,-1.1460253001178828,-4.597854388666464,0.0,-0.7696573946274001,0,0,0,0
123,157871,80.22,1,-0.4217341154986417,1,Logistic regression,2.722119614581238,0.36580394726130677,2.722119614581238,0.515,-0.6751688936807284,1,1,1,1
123,130035,1.0,0,-1.2249251352459944,0,Logistic regression,-4.964213084814828,-1.1009499805379603,-4.964213084814828,0.005,-0.6983456287504379,0,0,0,1
123,9035,1.0,1,-0.575131562574318,1,Logistic regression,13.179906673009068,0.3395885221187271,13.179906673009068,0.945,-0.6745807786717296,1,1,1,1
123,268838,15.13,0,-1.5123658078580042,0,Logistic regression,-2.1025932554892295,-1.030852921967752,-2.1025932554892295,0.015,-0.7399793462648423,0,0,0,0
123,72703,76.73,0,-1.502003112215153,0,Logistic regression,-2.3190005036916475,-1.1251848242473688,-2.3190005036916475,0.0,-0.7659474328771267,0,0,0,0
123,68633,1.18,1,-1.0243874495653784,0,Logistic regression,-4.575817569882641,-1.1264462295611715,-4.575817569882641,0.0,-0.80486351108996,0,0,0,0
123,240074,7.99,0,-0.9409957271312133,0,Logistic regression,-1.1970880859629847,-0.7882053870407759,-1.1970880859629847,0.045,-0.92845109417031,0,0,0,0
123,195756,115.97,0,-1.154973036969142,0,Logistic regression,-2.4951918238056723,-0.7876554214484082,-2.4951918238056723,0.025,-0.6864807069540525,0,0,0,1
123,64814,600.0,0,-1.0591252875536898,0,Logistic regression,-4.737003894428522,-0.08243762750958811,-4.737003894428522,0.015,-0.675474730991477,0,0,0,1
123,146787,1.0,0,-0.9223693889180604,0,Logistic regression,-1.3962547085198251,-0.7153553510705144,-1.3962547085198251,0.025,-0.7073379253194398,0,0,0,1
123,130571,1.0,0,-1.2305395314152787,0,Logistic regression,-3.6861126032091986,-1.1700577589242318,-3.6861126032091986,0.0,-0.7352386466550751,0,0,0,0
123,119969,19.99,0,-1.030072014204349,0,Logistic regression,-3.0484499064899024,-1.2694165813072076,-3.0484499064899024,0.0,-0.7948532032464712,0,0,0,0
123,238366,2.0,1,-0.5743188532529921,1,Logistic regression,1.3797806515383741,0.013860481531471458,1.3797806515383741,0.54,-0.6751765827307532,0,1,1,1
123,135072,7.5,0,-0.9640716467046704,0,Logistic regression,-3.0401958984978332,-1.2448321124157913,-3.0401958984978332,0.0,-0.8089173287555832,0,0,0,0
123,6334,1.0,1,-0.6933519749020536,1,Logistic regression,3.311447658254463,0.33757770287681294,3.311447658254463,0.86,-0.6745468578594946,1,1,1,1
123,42528,340.11,1,-0.6780286631162751,1,Logistic regression,7.438771683556821,0.24332309028470994,7.438771683556821,0.56,-0.675179065047801,1,1,1,1
123,62551,50.0,0,-1.5100876865026618,0,Logistic regression,-3.5985920437761667,-1.1822090649023582,-3.5985920437761667,0.0,-0.7392107617999879,0,0,0,0
123,4839,142.83,0,-0.854130143658128,0,Logistic regression,-5.512617341730891,-0.6394690563938223,-5.512617341730891,0.01,-0.675331440601813,0,0,0,1
123,130652,52.96,0,-0.9055684143769482,0,Logistic regression,-3.2079805081402513,-1.1854857610771634,-3.2079805081402513,0.01,-0.6840667603612625,0,0,0,1
123,116404,311.28,1,-0.7905568300363043,0,Logistic regression,-2.6462950485359067,0.14517478811607204,-2.6462950485359067,0.57,-0.6751791109689876,1,0,1,1
123,204578,10.62,0,-0.9402589591533415,0,Logistic regression,-1.3630223035144462,-0.215779202505397,-1.3630223035144462,0.03,-0.6770620053700667,0,0,0,1
123,276500,1.79,0,-1.0051112389443417,0,Logistic regression,-2.1038608111091954,-1.0913859001046367,-2.1038608111091954,0.0,-0.9960356806449435,0,0,0,0
123,43379,99.99,0,-0.8156599719105054,0,Logistic regression,-2.830984771395036,0.017860713245862803,-2.830984771395036,0.26,-0.6758340457802048,0,0,0,1
123,220179,86.51,0,-0.9714148149878845,0,Logistic regression,-1.3634298062327583,-0.20805193948022727,-1.3634298062327583,0.005,-0.6901529013101225,0,0,0,1
123,148499,1.79,0,-0.9606123707543563,0,Logistic regression,-3.196056321889085,-0.8757070606756592,-3.196056321889085,0.005,-0.8595129417785998,0,0,0,0
123,42473,3.79,1,-0.40958116860191873,1,Logistic regression,10.029098660405111,0.22616946485654255,10.029098660405111,0.81,-0.6751790725902704,1,1,1,1
123,143378,10.59,0,-0.8746209218322214,0,Logistic regression,-2.742699315291171,-1.0753585405694097,-2.742699315291171,0.01,-0.7549328362026873,0,0,0,0
123,154694,346.94,1,-0.3809268792875989,1,Logistic regression,4.334474394318056,0.7239483578639963,4.334474394318056,0.525,-0.6751652470792051,1,1,1,1
123,282941,25.0,0,-1.0877171447238565,0,Logistic regression,-2.969564482338799,-1.0324051950402886,-2.969564482338799,0.0,-0.717042888427764,0,0,0,0
123,66325,79.0,0,-1.15502034821416,0,Logistic regression,-4.069942500436268,-1.3187915435707822,-4.069942500436268,0.0,-0.7763131687979796,0,0,0,0
123,76942,360.0,0,-0.9425961298132641,0,Logistic regression,-5.967830188044019,-0.6870273936334637,-5.967830188044019,0.0,-0.6906959297717447,0,0,0,1
123,31587,3.49,0,-1.0163986862836039,0,Logistic regression,-2.3734470022875875,-0.9997541942845254,-2.3734470022875875,0.0,-0.6828062998106801,0,0,0,1
123,228997,91.75,0,-1.3461640357493905,0,Logistic regression,-2.9161385318676456,-1.2617027103009686,-2.9161385318676456,0.0,-0.9767247475696911,0,0,0,0
123,2271,2.27,0,-1.3333700325736428,0,Logistic regression,-2.2444359530880886,-1.0628103734589718,-2.2444359530880886,0.05,-0.7080098075625827,0,0,0,1
123,12770,67.58,0,-0.9417275979893995,0,Logistic regression,-3.2266070366862585,-1.3019955594759103,-3.2266070366862585,0.0,-0.6877037645553253,0,0,0,1
123,57951,498.59,0,-1.033822986779834,0,Logistic regression,-7.120036712766664,-0.3664347735847336,-7.120036712766664,0.005,-0.6842087434565476,0,0,0,1
123,15810,99.99,1,-0.7181902050708924,0,Logistic regression,5.401338081528891,0.19966455989131823,5.401338081528891,0.835,-0.675179074166074,1,1,1,1
123,232584,177.95,0,-1.1826742949603763,0,Logistic regression,-4.704988043191747,-0.9436714698340134,-4.704988043191747,0.015,-0.6784601736651741,0,0,0,1
123,77682,1.0,1,-0.7471293053591719,0,Logistic regression,2.714964534578096,0.5491231924909372,2.714964534578096,0.785,-0.6751790741660726,1,1,1,1
123,241254,9.29,1,-0.838886676500843,0,Logistic regression,-2.315553462652996,-0.3787156304287577,-2.315553462652996,0.015,-0.6752813717763565,0,0,0,1
123,195822,250.0,0,-1.0065718131884198,0,Logistic regression,-4.17937611060027,-0.9201383900062159,-4.17937611060027,0.005,-0.6802665230676722,0,0,0,1
123,18731,1.98,0,-0.8956936328899225,0,Logistic regression,-1.5391343109415798,-0.6400498203694087,-1.5391343109415798,0.045,-0.7266935988174724,0,0,0,0
123,64726,9.99,0,-1.4421053818109835,0,Logistic regression,-3.4645282597808813,-1.2231648656132454,-3.4645282597808813,0.0,-0.8850572167660664,0,0,0,0
123,76218,14.5,0,-1.0254311882551026,0,Logistic regression,-2.7405747088422823,-1.2841721612128718,-2.7405747088422823,0.015,-0.7740714379872977,0,0,0,0
123,40453,250.0,0,-1.2349030187296424,0,Logistic regression,-3.1880088759239538,-1.24088276108884,-3.1880088759239538,0.01,-0.6753148372032463,0,0,0,1
123,155023,5.49,0,-0.9888275533399604,0,Logistic regression,-1.5361188033361222,-0.7984424174126881,-1.5361188033361222,0.005,-0.7098521183366528,0,0,0,1
123,207174,99.43,0,-1.0668167207004098,0,Logistic regression,-4.300305445761482,-1.2813420115101897,-4.300305445761482,0.0,-0.8977876778377585,0,0,0,0
123,197503,991.01,0,-0.7575841539906634,0,Logistic regression,-8.875579756144626,0.03679291939486354,-8.875579756144626,0.045,-0.6751816116957952,1,0,0,1
123,7276,22.3,0,-0.9319832023948388,0,Logistic regression,-1.5514479847056362,-0.5421756510809979,-1.5514479847056362,0.005,-0.6836736095435582,0,0,0,1
123,172787,144.62,1,-0.7786521588709726,0,Logistic regression,-0.22802694132329515,0.11558287924712678,-0.22802694132329515,0.5,-0.675154833812756,1,0,1,1
123,58422,208.58,1,-1.0540816268850024,0,Logistic regression,-5.5205585257610235,-0.5046645865895776,-5.5205585257610235,0.13,-0.6778151492397007,0,0,0,1
123,211739,306.0,0,-1.0615302881101378,0,Logistic regression,-5.426882882289789,-0.9327195988225807,-5.426882882289789,0.035,-0.6834655796627609,0,0,0,1
123,54142,113.12,0,-1.2259723704394778,0,Logistic regression,-3.509537700887036,-1.1099596709930786,-3.509537700887036,0.025,-0.718876524175836,0,0,0,0
123,42394,26.35,0,-1.0423750955913957,0,Logistic regression,-1.9655527905891508,-0.5079222834775574,-1.9655527905891508,0.005,-0.6844171435334355,0,0,0,1
123,228203,120.61,0,-0.9639176092278012,0,Logistic regression,-5.729989478788065,-0.22658678678327093,-5.729989478788065,0.085,-0.6751794471291488,0,0,0,1
123,154587,0.0,1,-0.5578949787172914,1,Logistic regression,10.657969603504899,0.18689609563899706,10.657969603504899,0.835,-0.675179074166074,1,1,1,1
123,282002,46.0,0,-0.9786888248508598,0,Logistic regression,-2.736662334477078,-1.0205034107296527,-2.736662334477078,0.1,-0.6821743029650091,0,0,0,1
123,156990,186.13,1,-0.5698390631549181,1,Logistic regression,2.7750395058643744,0.34071640884231724,2.7750395058643744,0.8,-0.6751785806159528,1,1,1,1
123,38421,303.74,0,-0.9273483780955443,0,Logistic regression,-6.836654578684672,-0.2070035035417938,-6.836654578684672,0.095,-0.6761514538456769,0,0,0,1
123,139255,93.04,0,-1.1162120336290335,0,Logistic regression,-1.5323599550287321,-0.7739219520563563,-1.5323599550287321,0.065,-0.719999996121576,0,0,0,0
123,120339,46.86,0,-1.0760010247769691,0,Logistic regression,-2.483087516954188,-0.9900490363586103,-2.483087516954188,0.08,-0.7045874110691196,0,0,0,1
123,4345,12.0,0,-1.180565313732014,0,Logistic regression,-3.936913700624615,-1.1697286009497987,-3.936913700624615,0.0,-0.6912694858700704,0,0,0,1
123,214504,6.47,0,-1.0674263203856675,0,Logistic regression,-0.13223715391118018,-0.057224513027338414,-0.13223715391118018,0.05,-0.6751976041482093,0,0,0,1
123,18773,0.68,1,-0.7531901128461299,0,Logistic regression,2.6677553024984566,0.38605265823270174,2.6677553024984566,0.69,-0.6624946601224275,1,1,1,1
123,124087,1.0,1,-0.8583296708535294,0,Logistic regression,-1.9137960120025799,-0.479246202952149,-1.9137960120025799,0.065,-0.7005953180682156,0,0,0,1
123,149132,4.17,0,-1.1457657282990945,0,Logistic regression,-3.1267580479697195,-0.8238920009853492,-3.1267580479697195,0.0,-0.6819343278055878,0,0,0,1
123,199297,58.45,0,-1.1680749886748187,0,Logistic regression,-1.8713079832372972,-0.6984282979597303,-1.8713079832372972,0.015,-0.7130732172235026,0,0,0,1
123,2414,8.94,0,-0.8846133341334161,0,Logistic regression,-1.3565055127207177,-0.6756757311744785,-1.3565055127207177,0.08,-0.6751790741661234,0,0,0,1
123,271467,74.26,0,-0.9995925918656376,0,Logistic regression,-4.791324723363797,-0.6673994446419855,-4.791324723363797,0.02,-0.6791808638238258,0,0,0,1
123,62994,64.0,0,-1.0907595507451207,0,Logistic regression,-6.0729525833853835,-0.8096144771042924,-6.0729525833853835,0.0,-0.6910295454759816,0,0,0,1
123,151730,18.96,1,-0.6293737458184268,1,Logistic regression,0.5962148892364052,0.06790921943007228,0.5962148892364052,0.605,-0.6751790741724654,1,0,1,1
123,41288,198.0,0,-1.0883089272956887,0,Logistic regression,-4.6226566092616395,-1.0368011947845581,-4.6226566092616395,0.02,-0.7124197714718186,0,0,0,1
123,211896,1.29,0,-0.937925526757119,0,Logistic regression,-1.2948273103219692,-0.8025526265833984,-1.2948273103219692,0.13,-0.8775281258564406,0,0,0,0
123,150692,37.93,1,-0.6428119397563934,1,Logistic regression,11.359614538389481,0.2744478855361786,11.359614538389481,0.755,-0.6751773934431224,1,1,1,1
123,225553,1.79,0,-1.025355746530549,0,Logistic regression,-2.014552763361876,-1.0096704796959595,-2.014552763361876,0.0,-1.0208682970488385,0,0,0,0
123,77107,15.0,0,-1.1196495945861888,0,Logistic regression,-3.347069266741343,-0.9833924271534815,-3.347069266741343,0.0,-0.7330286456423805,0,0,0,0
123,16941,59.59,0,-0.5628750729834371,1,Logistic regression,-5.055281909675237,-0.2560168694460739,-5.055281909675237,0.03,-0.677300402870869,0,0,0,1
123,119203,30.0,0,-1.162902982110161,0,Logistic regression,-5.801058612214719,-0.8496369874341911,-5.801058612214719,0.005,-0.6866190641937517,0,0,0,1
123,7900,15.95,0,-1.3010814107175588,0,Logistic regression,-3.492283220357685,-1.2608082615319753,-3.492283220357685,0.0,-0.6855898886923616,0,0,0,1
123,141260,512.25,1,-0.8006220396292032,0,Logistic regression,2.4177036484903156,0.19578651626015675,2.4177036484903156,0.64,-0.6751790736874574,1,1,1,1
123,116653,3.99,0,-1.0595429757922064,0,Logistic regression,-2.396162274489029,-1.0556298881656976,-2.396162274489029,0.0,-0.9897193485787474,0,0,0,0
123,30248,30.7,0,-1.2637801508426039,0,Logistic regression,-5.251055763159819,-0.8002904792778596,-5.251055763159819,0.0,-0.8033670819226022,0,0,0,0
123,19374,54.46,0,-0.8161943759688116,0,Logistic regression,-2.474664832193153,-0.46688604679142215,-2.474664832193153,0.03,-0.67574626280166,0,0,0,1
123,20209,44.99,0,-1.0030673262978782,0,Logistic regression,-5.130636499044087,-0.6403219439945671,-5.130636499044087,0.005,-0.6922129151601326,0,0,0,1
123,189461,0.0,0,-1.0215818369212772,0,Logistic regression,-2.18488991625145,-0.8549337698195796,-2.18488991625145,0.015,-0.6871509252147527,0,0,0,1
123,1401,158.0,0,-1.1302928423415708,0,Logistic regression,-2.632775793034568,-0.6233264459605599,-2.632775793034568,0.14,-0.676083326571687,0,0,0,1
123,250433,7.99,0,-0.5471948063094869,1,Logistic regression,-0.7612427432085607,-0.18800964013303972,-0.7612427432085607,0.285,-0.723654343406663,0,0,0,0
123,191237,204.16,0,-1.331202046575465,0,Logistic regression,-2.8723537522468643,-1.1992302460842243,-2.8723537522468643,0.0,-0.699053518901175,0,0,0,1
123,159979,1.0,0,-0.9472212696955457,0,Logistic regression,-3.5380820462856555,-1.0318637870236003,-3.5380820462856555,0.0,-0.7810329133046997,0,0,0,0
123,150925,45.48,1,-0.47117406499373155,1,Logistic regression,7.493307484843781,0.2816318533264599,7.493307484843781,0.745,-0.675179074166074,1,1,1,1
123,58987,22.84,0,-1.4074399343920478,0,Logistic regression,-2.3661451960490116,-1.0214368790619197,-2.3661451960490116,0.0,-0.8043490524646927,0,0,0,0
123,125113,197.4,0,-1.2237381569765373,0,Logistic regression,-4.167229629871132,-1.3263162339844117,-4.167229629871132,0.0,-0.7336190482067465,0,0,0,0
123,244629,3.57,0,-0.9980464901894317,0,Logistic regression,-2.392529446178835,-1.0958555892022528,-2.392529446178835,0.025,-0.8560457126766134,0,0,0,0
123,194828,119.67,0,-0.9427351614774898,0,Logistic regression,-4.657914554719155,-0.22016454508726502,-4.657914554719155,0.14,-0.6755093070456318,0,0,0,1
123,1114,188.0,0,-1.1394831911469567,0,Logistic regression,-3.4839539317848494,-1.000947297161801,-3.4839539317848494,0.005,-0.6850502173521833,0,0,0,1
123,143731,240.77,1,-0.48023579789475973,1,Logistic regression,1.594477274933491,0.4787575995685998,1.594477274933491,0.51,-0.6677599549525842,1,1,1,1
123,191359,4.87,1,-0.21980280773147243,1,Logistic regression,3.137136961131771,0.8434025829402296,3.137136961131771,0.9,-0.548945099274746,1,1,1,1
123,70689,76.48,0,-1.3570870310870249,0,Logistic regression,-1.4378424342997862,-0.79060177867716,-1.4378424342997862,0.02,-0.723314805910955,0,0,0,0
123,6446,1.0,1,-0.5414097014623118,1,Logistic regression,4.897661994014117,0.3193629481052457,4.897661994014117,0.64,-0.6751787372850503,1,1,1,1
123,234580,1.0,0,-0.9720402995110068,0,Logistic regression,-3.2870630852355642,-0.8829607767269112,-3.2870630852355642,0.0,-0.8581605199521428,0,0,0,0
123,170856,156.2,0,-0.8849245367068664,0,Logistic regression,-4.094846499137849,-0.4063123156443705,-4.094846499137849,0.15,-0.6753706755019169,0,0,0,1
123,217190,144.0,0,-1.0179593162612264,0,Logistic regression,-3.913137848713446,-1.3116647740157432,-3.913137848713446,0.0,-0.8378047681760331,0,0,0,0
123,42958,9.99,1,-0.5246817319223389,1,Logistic regression,6.2541157212627105,0.3651663430902193,6.2541157212627105,0.85,-0.6745640265821206,1,1,1,1
123,31002,111.7,1,-0.2232731629244895,1,Logistic regression,4.060396617677265,0.5681112298605735,4.060396617677265,0.7,-0.6751482325702813,1,1,1,1
123,207141,79.95,0,-1.2058657732505869,0,Logistic regression,-2.3769811658298607,-1.0389799459803617,-2.3769811658298607,0.015,-0.7483917331565886,0,0,0,0
123,216123,73.77,0,-1.09117251495143,0,Logistic regression,-1.3755826731348553,-0.45290537626926014,-1.3755826731348553,0.09,-0.6788460461842253,0,0,0,1
123,220725,324.59,1,-0.7917029311323505,0,Logistic regression,-1.2983928414131474,-0.08391751190127544,-1.2983928414131474,0.315,-0.675187273464788,0,0,0,1
123,283257,0.99,0,-1.069236564816146,0,Logistic regression,-1.547569889057364,-0.910769206384406,-1.547569889057364,0.005,-0.8372613426141867,0,0,0,0
123,42549,88.23,1,-0.42115658025402364,1,Logistic regression,8.917529946418226,0.21698600368683008,8.917529946418226,0.56,-0.6751790729246553,1,1,1,1
123,178724,38.0,0,-1.0470114789056046,0,Logistic regression,-1.4611870706868595,-0.829826545102679,-1.4611870706868595,0.12,-0.7004196426129424,0,0,0,1
123,191997,25.15,0,-1.0268894569332248,0,Logistic regression,-1.4895646729247163,-0.386720842675324,-1.4895646729247163,0.005,-0.7049490929629937,0,0,0,1
123,262556,6.45,0,-0.893705714683011,0,Logistic regression,-2.210832860603763,-0.5144178241209565,-2.210832860603763,0.0,-0.6870223212419533,0,0,0,1
123,280613,9.0,0,-0.9346036521248057,0,Logistic regression,-2.464290935211647,-0.9906277787978226,-2.464290935211647,0.01,-0.7004902816880556,0,0,0,1
123,8631,99.99,0,-1.092131660386947,0,Logistic regression,-4.28219522100376,-1.2952742330042597,-4.28219522100376,0.0,-0.6804683222855578,0,0,0,1
123,2729,21.97,0,-1.0825573338760561,0,Logistic regression,-3.795475801808178,-1.1404980227582187,-3.795475801808178,0.03,-0.6803879432258836,0,0,0,1
123,29466,5.0,0,-0.9591040028766138,0,Logistic regression,-2.670591583661815,-1.1465853145154847,-2.670591583661815,0.015,-0.8040686692341855,0,0,0,0
123,96457,68.63,0,-1.425843693155259,0,Logistic regression,-2.8758974923151546,-1.3237305071267274,-2.8758974923151546,0.0,-1.0023983133696808,0,0,0,0
123,89313,14.32,0,-1.5501531990129678,0,Logistic regression,-2.5340453211062357,-1.0854347026984275,-2.5340453211062357,0.0,-0.8197860094869187,0,0,0,0
123,14135,50.0,0,-1.0576199944255262,0,Logistic regression,-3.236141872894189,-0.9326543522521156,-3.236141872894189,0.0,-0.6819847022720752,0,0,0,1
123,255556,0.77,1,-0.49902534344620975,1,Logistic regression,2.3211944308217505,0.5260784950634969,2.3211944308217505,0.655,-0.6694956845903284,1,1,1,1
123,18307,8.53,0,-0.9482951505483479,0,Logistic regression,-3.786067858672435,-1.2004612454635335,-3.786067858672435,0.0,-0.90771458294722,0,0,0,0
123,279258,82.2,0,-1.0063459212249595,0,Logistic regression,-1.916588575952897,-0.4499939948161144,-1.916588575952897,0.05,-0.6751790741684365,0,0,0,1
123,226814,667.55,1,-0.44613194907006803,1,Logistic regression,-2.6208620845565203,0.22753451521097118,-2.6208620845565203,0.59,-0.6751790121828323,1,0,1,1
123,117013,1.0,0,-1.2445943365428926,0,Logistic regression,-3.3322796293043986,-1.0682853996931867,-3.3322796293043986,0.115,-0.6757769895984443,0,0,0,1
123,269138,3.75,0,-0.8872441970455035,0,Logistic regression,-1.7180637202937725,-0.38748878046154206,-1.7180637202937725,0.145,-0.7419299238904483,0,0,0,0
123,273073,8.62,0,-1.0193540700372736,0,Logistic regression,-1.4254734938350992,-0.660439161783047,-1.4254734938350992,0.0,-0.8092125662502613,0,0,0,0
123,280143,0.76,1,-0.6635347309232644,1,Logistic regression,0.4066566040208226,0.09947002641019298,0.4066566040208226,0.425,-0.6752743373614684,1,0,0,1
123,74944,13.86,0,-1.1453956673675814,0,Logistic regression,-2.9469872387680964,-1.223095581175573,-2.9469872387680964,0.0,-0.7002486069179177,0,0,0,1
123,89190,1402.16,1,-0.694731086428043,0,Logistic regression,-8.52413010978623,0.18689141108524052,-8.52413010978623,0.665,-0.675179074166074,1,0,1,1
123,62381,4.0,0,-1.1996155168205567,0,Logistic regression,-4.677933093385329,-1.0769249939236178,-4.677933093385329,0.015,-0.8246344806973706,0,0,0,0
123,194197,0.76,0,-1.1436090107459722,0,Logistic regression,-2.6978864232591775,-1.0053939279938922,-2.6978864232591775,0.0,-0.6879202735725968,0,0,0,1
123,202996,8.42,0,-1.0235348851328256,0,Logistic regression,-1.385645635076168,-0.5771896813840935,-1.385645635076168,0.1,-0.710842556539364,0,0,0,1
123,198386,1.99,0,-0.6272217847643364,1,Logistic regression,-3.9587350263574668,-0.6347920832079053,-3.9587350263574668,0.065,-0.6767377309227756,0,0,0,1
123,174259,21.0,0,-1.0181301132124778,0,Logistic regression,-2.802849377203347,-0.891067499341154,-2.802849377203347,0.0,-0.8614661017961052,0,0,0,0
123,51705,1.29,0,-1.3963345015904156,0,Logistic regression,-2.889244048470172,-1.2161824280652451,-2.889244048470172,0.0,-0.9419459897584872,0,0,0,0
123,256341,0.89,0,-1.0490896190754346,0,Logistic regression,-2.3976316561282958,-1.1106484367603384,-2.3976316561282958,0.0,-0.7583212376677239,0,0,0,0
123,201845,1.79,0,-0.9146067331731994,0,Logistic regression,-1.5954025836835821,-0.8011178178150502,-1.5954025836835821,0.0,-0.7953400733996839,0,0,0,0
123,141259,512.25,1,-0.8006220396292032,0,Logistic regression,2.4177036484903156,0.19578651626015675,2.4177036484903156,0.64,-0.6751790736874574,1,1,1,1
123,76929,1.0,1,-0.674259906931011,1,Logistic regression,0.718914132689624,0.3434055301016652,0.718914132689624,0.655,-0.6751465534403214,1,0,1,1
123,43712,7.0,0,-1.1759397473952624,0,Logistic regression,-3.504984683249214,-1.1905929493600311,-3.504984683249214,0.045,-0.891105555508181,0,0,0,0
123,106875,11.37,0,-1.428470423165586,0,Logistic regression,-2.394198835209436,-1.1724495303422058,-2.394198835209436,0.0,-0.9227898788214989,0,0,0,0
123,215095,389.26,0,-0.8426101679095107,0,Logistic regression,-4.3054350879731205,-0.4934732070096855,-4.3054350879731205,0.18,-0.6753649051175473,0,0,0,1
123,131902,101.94,0,-0.9424339453161376,0,Logistic regression,-2.750088815499548,-1.0665646286343917,-2.750088815499548,0.0,-0.7756934787038456,0,0,0,0
123,15751,99.99,1,-0.5041949736757972,1,Logistic regression,5.597303751904217,0.23159709741273277,5.597303751904217,0.835,-0.675179074166074,1,1,1,1
123,223264,29.58,0,-1.010886545512902,0,Logistic regression,-1.6397060910739774,-0.7791289499964174,-1.6397060910739774,0.08,-0.7793355955683939,0,0,0,0
123,125635,35.0,0,-1.3102005020162428,0,Logistic regression,-3.1531342390264796,-1.3097306891193183,-3.1531342390264796,0.0,-0.8754745139768467,0,0,0,0
123,195638,12.95,0,-1.0210407796475451,0,Logistic regression,-2.646735684190912,-1.0228195011114993,-2.646735684190912,0.0,-0.7108430835332583,0,0,0,1
123,46346,64.0,0,-1.4858216839352787,0,Logistic regression,-3.3097453159097645,-1.2955903079094713,-3.3097453159097645,0.0,-0.7530368651355587,0,0,0,0
123,11340,243.1,0,-0.932805476363702,0,Logistic regression,-8.277532211092145,-0.34517730358049487,-8.277532211092145,0.01,-0.6766885582852609,0,0,0,1
123,17317,99.99,1,-0.8242928053740921,0,Logistic regression,5.317196269039584,0.18824643460062138,5.317196269039584,0.83,-0.675179074166074,1,1,1,1
123,46556,2.02,0,-1.1038948087226432,0,Logistic regression,-5.657721328224442,-0.9624305155999395,-5.657721328224442,0.0,-0.6955848626888046,0,0,0,1
123,92777,294.9,1,-0.39800057534870814,1,Logistic regression,-1.3784251927730793,0.24243778550778622,-1.3784251927730793,0.565,-0.6751762662118619,1,0,1,1
123,115602,1.79,0,-1.2336053030459024,0,Logistic regression,-4.056657055982999,-1.2459139990944397,-4.056657055982999,0.0,-0.7726354287568059,0,0,0,0
123,169955,144.0,0,-1.2543023219865446,0,Logistic regression,-4.12224507484736,-1.2009045494194979,-4.12224507484736,0.0,-0.7440249487711788,0,0,0,0
123,100413,7.59,0,-1.1001647816688265,0,Logistic regression,-2.6031620725737232,-1.1810451862174962,-2.6031620725737232,0.0,-0.7389824714902142,0,0,0,0
123,254777,5.6,0,-0.9497282161008136,0,Logistic regression,-2.775797641625044,-0.8941527299263319,-2.775797641625044,0.0,-0.7355002535014985,0,0,0,0
123,80757,275.99,0,-1.345672756094965,0,Logistic regression,-2.507218046205707,-0.6842327906805821,-2.507218046205707,0.005,-0.6758885257409557,0,0,0,1
123,51055,15.0,0,-1.2465951977649965,0,Logistic regression,-3.1285314777987168,-1.118707277216046,-3.1285314777987168,0.055,-0.6923465051564369,0,0,0,1
123,221274,1.5,0,-1.0084845610818591,0,Logistic regression,-4.813217793033877,-0.9303363213152809,-4.813217793033877,0.02,-0.7514025354716285,0,0,0,0
123,256003,12.28,0,-1.0931111605987507,0,Logistic regression,-4.604461606105451,-1.2204563536883108,-4.604461606105451,0.0,-0.6791167982138567,0,0,0,1
123,28346,23.88,0,-1.1043792486760422,0,Logistic regression,-1.8857731803542377,-0.7230269933085027,-1.8857731803542377,0.0,-0.6862083868496148,0,0,0,1
123,22341,23.0,0,-1.0724707449160331,0,Logistic regression,-3.8326868031999353,-1.3056961655584058,-3.8326868031999353,0.0,-0.7875005186388433,0,0,0,0
123,102592,0.89,0,-1.0387638526245984,0,Logistic regression,-3.961032121136796,-0.897604714082612,-3.961032121136796,0.08,-0.6751790745810321,0,0,0,1
123,22071,120.32,0,-0.9691326495510897,0,Logistic regression,-2.3129248264730173,-0.5148146911132871,-2.3129248264730173,0.145,-0.6767887924670763,0,0,0,1
123,29687,0.76,1,-0.8216382076041431,0,Logistic regression,-2.5489980105247136,-0.9054666260580928,-2.5489980105247136,0.01,-0.6751795402768346,0,0,0,1
123,42609,83.38,1,-0.3365368973392209,1,Logistic regression,9.223031854631284,0.28864194837848867,9.223031854631284,0.585,-0.6750088460809046,1,1,1,1
123,250331,7.07,0,-1.0186180340598268,0,Logistic regression,-1.2819163120057793,-0.6998018030376798,-1.2819163120057793,0.0,-0.7619303077603189,0,0,0,0
123,30611,34.55,0,-1.585451534918406,0,Logistic regression,-2.354672802251541,-1.0529493775682026,-2.354672802251541,0.0,-0.6795609904949594,0,0,0,1
123,204294,4.99,0,-1.3072091461587796,0,Logistic regression,-0.7950050287634247,-0.5074614267269475,-0.7950050287634247,0.22,-0.6751821833540584,0,0,0,1
123,10782,6.7,0,-1.1020225886342114,0,Logistic regression,-5.723331792105706,-0.8236031184432393,-5.723331792105706,0.0,-0.6810875004541304,0,0,0,1
123,109325,9.99,0,-0.6109506593097664,1,Logistic regression,-3.557924078015404,-0.2704857864054599,-3.557924078015404,0.06,-0.6751803703789332,0,0,0,1
123,262016,52.95,0,-1.212559480491148,0,Logistic regression,-2.6045204655265954,-0.6070946788252971,-2.6045204655265954,0.015,-0.6756769743057673,0,0,0,1
123,254456,6.47,0,-1.2108891096312107,0,Logistic regression,-2.4927332940213387,-0.8693551544954168,-2.4927332940213387,0.0,-0.7811291104456287,0,0,0,0
123,120087,1.49,0,-1.0475746756227517,0,Logistic regression,-1.1981421150191274,-0.5771735027263176,-1.1981421150191274,0.015,-0.679689417218706,0,0,0,1
123,126687,2.23,0,-1.1732498631995436,0,Logistic regression,-2.3209093836528907,-1.1110468788987509,-2.3209093836528907,0.0,-0.7347865365644652,0,0,0,0
123,214935,0.76,0,-1.1201620483365506,0,Logistic regression,-0.7104425038967239,-0.37017409906603777,-0.7104425038967239,0.015,-0.7168731913537634,0,0,0,0
123,224874,4.49,0,-1.039306151810617,0,Logistic regression,-1.8353674447997328,-1.0068718000809396,-1.8353674447997328,0.005,-0.9348316502001988,0,0,0,0
123,197659,597.8,0,-0.9183405122198031,0,Logistic regression,-6.44167323488144,-0.01329817640508038,-6.44167323488144,0.01,-0.6753151376113706,0,0,0,1
123,36510,24.95,0,-1.048716049373604,0,Logistic regression,-3.4394110093349437,-1.0014547207645592,-3.4394110093349437,0.05,-0.7027591524189457,0,0,0,1
123,245000,379.45,0,-0.9295292456776458,0,Logistic regression,-7.196227764350265,-0.42004265511287636,-7.196227764350265,0.0,-0.693748476981069,0,0,0,1
123,206734,10.59,0,-0.9921515444680801,0,Logistic regression,-1.8143140034060776,-0.5466099898852794,-1.8143140034060776,0.005,-0.6760693019643204,0,0,0,1
123,55432,125.9,0,-1.1902703996310895,0,Logistic regression,-4.259043024309714,-1.0911216861901731,-4.259043024309714,0.0,-0.6819802372672158,0,0,0,1
123,230142,27.31,0,-1.043447284043707,0,Logistic regression,-4.524968485279005,-0.9106421157764881,-4.524968485279005,0.005,-0.7137109609185168,0,0,0,1
123,244379,8.93,0,-1.1322828095911097,0,Logistic regression,-3.541180980381652,-0.8255282335214558,-3.541180980381652,0.09,-0.7100418603047922,0,0,0,1
123,16415,23.36,1,-1.0108909905943424,0,Logistic regression,-0.19011077325081205,-0.194207208727324,-0.19011077325081205,0.42,-0.6751888972963004,0,0,0,1
123,201430,680.46,0,-1.0765077415197881,0,Logistic regression,-4.024877394728668,0.06920125717159642,-4.024877394728668,0.005,-0.6762533826140841,1,0,0,1
123,77443,46.5,0,-1.3439361306741142,0,Logistic regression,-2.834030633130084,-1.0983720749379422,-2.834030633130084,0.02,-0.6812202939381183,0,0,0,1
123,93424,1.0,1,-0.3225201593279082,1,Logistic regression,1.2491173259533253,0.15490157588030773,1.2491173259533253,0.64,-0.6751790163666851,1,1,1,1
123,21870,50.9,0,-1.13656868999318,0,Logistic regression,-3.051910754596373,-1.0720165240445252,-3.051910754596373,0.04,-0.8602420311675557,0,0,0,0
123,126800,1.0,0,-1.0809380446996715,0,Logistic regression,-3.9898664535433914,-1.2753554065114814,-3.9898664535433914,0.0,-0.6864295214093686,0,0,0,1
123,75324,54.89,0,-1.3044008521120285,0,Logistic regression,-3.886500368352789,-1.3612428250729656,-3.886500368352789,0.0,-0.6856600133412379,0,0,0,1
123,107847,6.68,0,-1.0690491019005883,0,Logistic regression,-0.9881581388433189,-0.6155988709244269,-0.9881581388433189,0.07,-0.6891667243783676,0,0,0,1
123,97270,4.49,0,-1.0554848681855864,0,Logistic regression,-2.4292646695678197,-1.113863045326316,-2.4292646695678197,0.0,-1.000427489495809,0,0,0,0
123,256076,9.95,0,-1.1328836580927528,0,Logistic regression,-2.6512487410733114,-0.8986221444277718,-2.6512487410733114,0.005,-0.7029698270801025,0,0,0,1
123,252581,2.36,0,-1.1132996588977726,0,Logistic regression,-0.8471960198677606,-0.3754133822617011,-0.8471960198677606,0.025,-0.4019392408555452,0,0,0,1
123,235118,24.99,0,-0.9941636587154239,0,Logistic regression,-2.6888463431142524,-1.2508949651617294,-2.6888463431142524,0.0,-0.8373683614057263,0,0,0,0
123,120505,99.85,1,-0.6281782317496316,1,Logistic regression,1.0636553445533958,0.463078526728604,1.0636553445533958,0.495,-0.6509899213517212,1,1,1,1
123,264841,29.99,0,-1.1492030927409271,0,Logistic regression,-1.5953787725839401,-0.5562378931893119,-1.5953787725839401,0.0,-0.7251272102104341,0,0,0,0
123,243848,1.0,1,-0.6805336906906394,1,Logistic regression,1.6712778227232339,0.3443185628404197,1.6712778227232339,0.565,-0.6751790741632001,1,1,1,1
123,178607,0.77,0,-1.005923247702732,0,Logistic regression,-4.1866262942923935,-0.8562912550254338,-4.1866262942923935,0.02,-0.6759477243839149,0,0,0,1
123,259874,20.0,0,-0.8928141088968596,0,Logistic regression,-4.798373112894267,-0.9242692566110913,-4.798373112894267,0.0,-0.7101617679005903,0,0,0,1
123,209334,0.9,0,-1.075319823846553,0,Logistic regression,-1.6497488324915905,-0.7402707595525433,-1.6497488324915905,0.0,-0.775186193867345,0,0,0,0
123,90296,99.95,0,-0.99992244912878,0,Logistic regression,-3.023145942210184,-1.2583199138738073,-3.023145942210184,0.0,-0.7157664919890699,0,0,0,1
123,59808,9.51,0,-0.07004113540731738,1,Logistic regression,-0.5659562109109757,-0.15840810480208478,-0.5659562109109757,0.0,-0.6774827617135983,0,0,0,1
123,247434,19.99,0,-0.979361298708012,0,Logistic regression,-1.0774733349127419,-0.30787218737411537,-1.0774733349127419,0.005,-0.7072541150383918,0,0,0,1
123,100252,1.0,0,-0.9894063141875322,0,Logistic regression,-3.2400792985099125,-1.2528924572328382,-3.2400792985099125,0.0,-0.6909649392610171,0,0,0,1
123,18466,0.68,1,-0.7437427604950893,0,Logistic regression,0.11946022495612985,0.28184273825657025,0.11946022495612985,0.255,-0.6747632001075866,1,0,0,1
123,122698,67.18,0,-1.1648038957039164,0,Logistic regression,-2.9748634810658277,-1.3379155076777969,-2.9748634810658277,0.025,-0.7947048594306342,0,0,0,0
123,35931,23.97,0,-1.1011043612326232,0,Logistic regression,-2.6790887827341474,-1.2168564496643914,-2.6790887827341474,0.0,-0.6979410200077129,0,0,0,1
123,45391,1.99,0,-1.0832893876910366,0,Logistic regression,-3.860491373957972,-1.2765723180322062,-3.860491373957972,0.0,-0.7435711329653824,0,0,0,0
123,151807,33.59,1,-0.6989291080712309,0,Logistic regression,0.9678590298844898,0.17691123458030056,0.9678590298844898,0.34,-0.675179074166074,1,1,0,1
123,116559,41.61,0,-1.0443546559208705,0,Logistic regression,-1.9280963631515888,-1.0189332310276125,-1.9280963631515888,0.035,-0.7467012734082095,0,0,0,0
123,231906,21.45,0,-1.0451818487733384,0,Logistic regression,-3.252434933905569,-0.9816850507356112,-3.252434933905569,0.0,-0.8882876067861172,0,0,0,0
123,83448,40.0,0,-1.230528087727807,0,Logistic regression,-2.475710830561316,-1.1133512024386005,-2.475710830561316,0.01,-0.7275724503932948,0,0,0,0
123,131462,238.52,0,-1.2679467406829996,0,Logistic regression,-3.102816842794869,-1.2044744227146917,-3.102816842794869,0.08,-0.69299047855948,0,0,0,1
123,183106,0.0,1,-0.8871041909108537,0,Logistic regression,-0.24533666931084364,0.1947979602594695,-0.24533666931084364,0.24,-0.6751545358965898,1,0,0,1
123,79540,1.0,0,-1.1836163362349033,0,Logistic regression,-4.24719114656109,-0.877517275423592,-4.24719114656109,0.075,-0.6820910479639977,0,0,0,1
123,24965,12.21,0,-1.167774989021245,0,Logistic regression,-4.636282326989769,-1.18575069412834,-4.636282326989769,0.0,-0.7384991728327643,0,0,0,0
123,10977,44.99,0,-1.3345586137585692,0,Logistic regression,-2.7631733475184888,-1.0920425626350005,-2.7631733475184888,0.005,-0.6773288042080682,0,0,0,1
123,276409,1.98,0,-1.1008848422048578,0,Logistic regression,-3.9510796060861773,-1.0949099680509111,-3.9510796060861773,0.025,-0.7465754117426282,0,0,0,0
123,52892,296.99,0,-1.158548740879539,0,Logistic regression,-4.6807396243497585,-0.8045144079234556,-4.6807396243497585,0.005,-0.6810266743480093,0,0,0,1
123,253232,10.0,0,-0.8944660637601062,0,Logistic regression,-2.6921297053053577,-0.6912271078699752,-2.6921297053053577,0.01,-0.6752780035112621,0,0,0,1
123,36255,168.41,0,-1.260225005533262,0,Logistic regression,-3.1965651236028623,-1.107206499023814,-3.1965651236028623,0.005,-0.725136790662418,0,0,0,0
123,251143,0.76,0,-0.9422094960944293,0,Logistic regression,-2.3981159842449506,-1.043615640479285,-2.3981159842449506,0.02,-0.7334838832236986,0,0,0,0
123,281144,245.0,1,-0.8243636006960118,0,Logistic regression,0.36506008877530194,0.13933019642094718,0.36506008877530194,0.505,-0.6751782956194455,1,0,1,1
123,251989,18.95,0,-1.255957186302767,0,Logistic regression,-3.0567807602205184,-0.8813546742789642,-3.0567807602205184,0.0,-0.7000731964143971,0,0,0,1
123,46823,34.0,0,-1.1626505476468327,0,Logistic regression,-3.477351201426681,-1.0012178064859172,-3.477351201426681,0.0,-0.7564358577267094,0,0,0,0
123,70141,112.45,1,-0.9082302811771502,0,Logistic regression,-1.0018039960926548,-0.1626156839297408,-1.0018039960926548,0.41,-0.6751804350985048,0,0,0,1
123,25210,14.95,0,-1.3226086275765767,0,Logistic regression,-3.3902256584841037,-1.3486284569211235,-3.3902256584841037,0.0,-0.8356859603094692,0,0,0,0
123,101746,30.14,0,-0.9646730249710679,0,Logistic regression,-4.5192595672590805,-1.0627167883090765,-4.5192595672590805,0.0,-0.754065103527178,0,0,0,0
123,74561,66.8,0,-1.2956060860101597,0,Logistic regression,-3.362696467287968,-1.3220995759659675,-3.362696467287968,0.0,-0.686991515723648,0,0,0,1
123,8069,39.0,0,-1.286564941798614,0,Logistic regression,-2.442434300404755,-1.071157340656055,-2.442434300404755,0.0,-0.6974632217060851,0,0,0,1
123,59702,6.15,0,-1.035336122459662,0,Logistic regression,-3.449928695862806,-0.8181471187703264,-3.449928695862806,0.0,-0.6979090352978367,0,0,0,1
123,39023,3.79,0,-0.9948029052245134,0,Logistic regression,-2.0223974672533016,-0.818615942412021,-2.0223974672533016,0.015,-0.6797442550202981,0,0,0,1
123,223578,8.9,1,-0.7600894168378907,0,Logistic regression,-1.4730475496690105,0.16826901510291783,-1.4730475496690105,0.635,-0.6751790645071819,1,0,1,1
123,53127,0.0,0,-0.8369740453165037,0,Logistic regression,-3.224494466193803,0.18688952352526036,-3.224494466193803,0.275,-0.675179074166074,1,0,0,1
123,243749,1.0,1,-0.628355944065583,1,Logistic regression,1.572893108901535,0.360531941435028,1.572893108901535,0.565,-0.6751790741636626,1,1,1,1
123,6882,1.1,1,-0.7797220780449573,0,Logistic regression,0.9111639611068054,0.5225547323275899,0.9111639611068054,0.63,-0.6743821419733401,1,1,1,1
123,74794,311.91,1,-0.8796117420285603,0,Logistic regression,-7.679249013806929,0.1617387596200557,-7.679249013806929,0.055,-0.6751790741971638,1,0,0,1
123,153817,8.98,0,-1.0003380267136472,0,Logistic regression,-1.0428768086614575,-0.6822276278667725,-1.0428768086614575,0.0,-0.7182083284233,0,0,0,0
123,204809,190.0,0,-1.1948554573930767,0,Logistic regression,-4.048025170567252,-1.2068970184094527,-4.048025170567252,0.01,-0.7810014909926712,0,0,0,0
123,178036,40.85,0,-0.9644587618065871,0,Logistic regression,-1.8104807438748378,-0.6602496065987316,-1.8104807438748378,0.115,-0.7134272532204193,0,0,0,1
123,196835,16.55,0,-1.1753126064453752,0,Logistic regression,-2.218929300272496,-0.8496870070196709,-2.218929300272496,0.0,-0.7561925583649449,0,0,0,0
123,249963,0.77,1,-0.7301885901318366,0,Logistic regression,4.1241536933850504,0.4728148091647481,4.1241536933850504,0.69,-0.6751083332783039,1,1,1,1
123,30731,34.99,0,-0.8544125491692993,0,Logistic regression,-4.422539889612651,-0.6788607228139669,-4.422539889612651,0.0,-0.6910981990402475,0,0,0,1
123,146790,829.41,1,-0.887010280313748,0,Logistic regression,-6.100681809305209,0.11734030395638705,-6.100681809305209,0.205,-0.6751790798985645,1,0,0,1
123,35500,47.0,0,-1.0161797583556273,0,Logistic regression,-3.5126529570118095,-1.2386028470175536,-3.5126529570118095,0.0,-0.7531560599948851,0,0,0,0
123,136528,62.0,0,-0.9602874791551751,0,Logistic regression,-2.1210811625482697,-0.9874449098628986,-2.1210811625482697,0.0,-0.9161303704390216,0,0,0,0
123,9789,15.95,0,-1.0104985883362394,0,Logistic regression,-3.0157065193737767,-1.1359084057092672,-3.0157065193737767,0.0,-0.6974604934239008,0,0,0,1
123,60651,58.33,0,-0.9505448766386733,0,Logistic regression,-1.275793972759759,-0.6921921412517711,-1.275793972759759,0.0,-0.7846532046506758,0,0,0,0
123,213892,87.92,0,-0.9879256689328214,0,Logistic regression,-2.4714891083185826,-0.4706671486138451,-2.4714891083185826,0.0,-0.6782383918237007,0,0,0,1
123,83552,108.84,0,-1.346335957856023,0,Logistic regression,-3.0129188344532745,-1.1354698050556828,-3.0129188344532745,0.015,-0.7138116871768934,0,0,0,1
123,192749,9.99,0,-1.038115096757527,0,Logistic regression,-1.4663389733890366,-0.7929646176468457,-1.4663389733890366,0.01,-0.9269168351761852,0,0,0,0
123,133324,87.29,0,-1.2885004368265602,0,Logistic regression,-3.8541429088808834,-1.109207748644704,-3.8541429088808834,0.035,-0.6980685494480479,0,0,0,1
123,167184,105.89,1,-0.7216082289902961,0,Logistic regression,2.16276169153855,0.17472700377603714,2.16276169153855,0.54,-0.675179074166074,1,1,1,1
123,78140,20.0,0,-0.6526390704092796,1,Logistic regression,-8.854369219037086,0.1396206427214997,-8.854369219037086,0.015,-0.6751793762912772,1,0,0,1
123,22916,87.0,0,-0.9611827039250431,0,Logistic regression,-2.046848680210364,-0.4030193411180691,-2.046848680210364,0.005,-0.6792490994790711,0,0,0,1
123,120854,3.99,0,-0.9991641216946017,0,Logistic regression,-3.7845521208526396,-1.1384710498897843,-3.7845521208526396,0.0,-0.9547723408778792,0,0,0,0
123,156943,79.49,0,-0.9409279967502753,0,Logistic regression,-4.4956838780417545,-0.8175672302003423,-4.4956838780417545,0.0,-0.6806341702209702,0,0,0,1
123,74515,146.79,0,-1.1256848319868527,0,Logistic regression,-5.350717095693691,-1.1367903589299149,-5.350717095693691,0.0,-0.6792656230932206,0,0,0,1
123,151256,7.42,0,-1.0429039983567772,0,Logistic regression,-4.134811572239485,-0.43613883445357976,-4.134811572239485,0.0,-0.6787634721109643,0,0,0,1
123,23422,717.15,1,-0.48481219887509314,1,Logistic regression,-1.8173887679967646,0.15419448577351394,-1.8173887679967646,0.405,-0.6751790968750271,1,0,0,1
123,92412,0.01,0,-0.8586263601386913,0,Logistic regression,-5.088717464885658,-0.15501864329257337,-5.088717464885658,0.035,-0.6758639620462477,0,0,0,1
123,227260,568.47,0,-1.0207331406472862,0,Logistic regression,-6.212659035983095,-0.19664058530532175,-6.212659035983095,0.145,-0.6764278394253201,0,0,0,1
123,127842,11.86,0,-1.0102420381137476,0,Logistic regression,-3.542707555249341,-1.2634024239848711,-3.542707555249341,0.0,-0.8730751277543275,0,0,0,0
123,58905,7.59,0,-1.187303969966362,0,Logistic regression,-3.5451763452947427,-1.1702185216045167,-3.5451763452947427,0.0,-0.7160427392670151,0,0,0,0
123,190055,18.4,0,-1.3443555223616124,0,Logistic regression,-2.321419408043323,-1.0485988360047225,-2.321419408043323,0.0,-0.7407488678361401,0,0,0,0
123,132786,209.0,0,-0.9924115443828088,0,Logistic regression,-3.2014253237525843,-1.03882048933957,-3.2014253237525843,0.17,-0.7449223971942105,0,0,0,0
123,103628,1.46,0,-1.5410859822305356,0,Logistic regression,-1.8182294168059756,-0.8445235781460916,-1.8182294168059756,0.0,-0.8268490858483795,0,0,0,0
123,79282,28.33,0,-1.217483334452678,0,Logistic regression,-3.1639355756154948,-0.9844466787551378,-3.1639355756154948,0.015,-0.7688952804568191,0,0,0,0
123,198187,44.0,0,-1.0126367151271065,0,Logistic regression,-3.1740241359412886,-1.154647948816966,-3.1740241359412886,0.0,-0.6970279389442336,0,0,0,1
123,65425,10.17,0,-1.2337704515298347,0,Logistic regression,-5.170266615382122,-0.7059695467743077,-5.170266615382122,0.02,-0.6770343533904217,0,0,0,1
123,244198,27.59,0,-1.2462282902023563,0,Logistic regression,-3.964232049810911,-1.1069460511520732,-3.964232049810911,0.015,-0.7535888952912201,0,0,0,0
123,154693,1.0,1,-0.578209002697005,1,Logistic regression,3.6602621382187555,0.33491495513062663,3.6602621382187555,0.555,-0.6751706867429428,1,1,1,1
123,212678,28.73,0,-1.3365831573259295,0,Logistic regression,-3.094289695919282,-1.2911805532280325,-3.094289695919282,0.0,-0.7639221642509001,0,0,0,0
123,266745,70.49,0,-1.02149477088269,0,Logistic regression,-3.008003549678549,-1.1558891952727168,-3.008003549678549,0.0,-0.6888670871622995,0,0,0,1
123,185558,4.49,0,-1.194045308139133,0,Logistic regression,-1.8150644895687362,-0.8639685486707136,-1.8150644895687362,0.135,-0.6992055730937639,0,0,0,1
123,132079,1009.75,0,-0.9428444317946586,0,Logistic regression,-11.089959005002958,0.14832359966680203,-11.089959005002958,0.045,-0.675193616642505,1,0,0,1
123,106645,4.99,0,-1.1705637030272333,0,Logistic regression,-3.883367157082038,-1.1867218931801937,-3.883367157082038,0.0,-0.8714439764672638,0,0,0,0
123,187626,2.0,0,-0.7554657546330403,0,Logistic regression,-5.82333505486578,-0.10438608318522952,-5.82333505486578,0.005,-0.6751790775913633,0,0,0,1
123,45806,1.98,0,-1.006754681165205,0,Logistic regression,-2.551753593261307,-1.1689068233713198,-2.551753593261307,0.005,-0.8769307436704646,0,0,0,0
123,244220,7.86,0,-0.7222255790855159,0,Logistic regression,0.0921547305251873,0.1833159654344501,0.0921547305251873,0.08,-0.6604484180489154,1,0,0,1
123,105477,2.28,0,-1.1817956013792525,0,Logistic regression,-2.4328192312901655,-0.7642982328968038,-2.4328192312901655,0.01,-0.6810205608757391,0,0,0,1
123,104068,198.0,0,-1.075678492806863,0,Logistic regression,-5.284560836354183,-0.7666242606815186,-5.284560836354183,0.0,-0.6910735838558698,0,0,0,1
123,41395,1.0,1,-0.7850021336880442,0,Logistic regression,0.9267697843012113,0.28745763188682566,0.9267697843012113,0.57,-0.6749260288178507,1,1,1,1
123,65381,11.5,0,-1.039977708771843,0,Logistic regression,-3.5506122212411224,-1.3443132175947583,-3.5506122212411224,0.0,-0.8909255668198893,0,0,0,0
123,6336,1.0,1,-0.6490401438888709,1,Logistic regression,2.2164691549148974,0.4157343804887219,2.2164691549148974,0.68,-0.6650014686276767,1,1,1,1
123,7790,21.0,0,-0.9671755358114038,0,Logistic regression,-2.1862421085647927,-0.9853696025303216,-2.1862421085647927,0.03,-0.6821266022331153,0,0,0,1
123,281273,119.7,0,-1.0251946149049882,0,Logistic regression,-3.9944247281507472,-1.2176935999399041,-3.9944247281507472,0.0,-0.8239856088175855,0,0,0,0
123,185765,3.78,0,-1.077554969446724,0,Logistic regression,-0.7570015987194023,-0.4455600202760615,-0.7570015987194023,0.005,-0.6752948359438672,0,0,0,1
123,196825,79.95,0,-1.169984517352548,0,Logistic regression,-3.3013250091639867,-1.175674042915413,-3.3013250091639867,0.13,-0.7011035078653226,0,0,0,1
123,268906,500.0,0,-1.1317392414213012,0,Logistic regression,-6.078363331210748,-0.5831411743293726,-6.078363331210748,0.05,-0.6774760603575618,0,0,0,1
123,93507,1.98,0,-1.2284094857532972,0,Logistic regression,-2.3740296286904297,-1.185203305189163,-2.3740296286904297,0.02,-0.9569094388268959,0,0,0,0
123,147967,124.99,0,-0.9920327767915498,0,Logistic regression,-3.327393246186886,-1.2312381944803725,-3.327393246186886,0.06,-0.6826865378873904,0,0,0,1
123,23557,110.0,0,-1.199259858280442,0,Logistic regression,-3.813083993766109,-1.0180194675164933,-3.813083993766109,0.01,-0.6802457644237692,0,0,0,1
123,260989,1.0,0,-1.2173907154875176,0,Logistic regression,-2.964582147720501,-1.0785148802757007,-2.964582147720501,0.085,-0.6990620452970737,0,0,0,1
123,273238,115.95,0,-1.142566018752137,0,Logistic regression,-3.628985690506785,-1.262937041941108,-3.628985690506785,0.0,-0.8240040906264987,0,0,0,0
123,156842,925.66,0,-0.7603394406709075,0,Logistic regression,-5.987770696703073,-0.05091626092177465,-5.987770696703073,0.205,-0.6751790889623243,0,0,0,1
123,151196,571.48,1,-0.9490010991048001,0,Logistic regression,-3.4974449718488985,-0.7125526964764961,-3.4974449718488985,0.07,-0.6751806980375463,0,0,0,1
123,214662,120.54,1,-0.7330741439847721,0,Logistic regression,-0.07670558326370491,0.16208863691166944,-0.07670558326370491,0.55,-0.6751790111673286,1,0,1,1
123,268252,0.95,0,-1.28341852159982,0,Logistic regression,-1.3955109117903106,-0.5956356270122609,-1.3955109117903106,0.015,-0.738284225883367,0,0,0,0
123,23308,0.0,1,-0.2700075304956959,1,Logistic regression,0.9848802251617479,0.14628563885549561,0.9848802251617479,0.56,-0.6751921658652873,1,1,1,1
123,276071,19.95,1,-1.2805790681214417,0,Logistic regression,-1.6599616356098363,-0.7822417124390806,-1.6599616356098363,0.0,-0.7642348781188075,0,0,0,0
123,80062,899.0,0,-0.9093899811947841,0,Logistic regression,-6.740840107416871,0.09264264470110882,-6.740840107416871,0.025,-0.6752021941411497,1,0,0,1
123,214871,25.27,0,-0.9421361953846827,0,Logistic regression,-4.503587992916648,-1.0336433884316136,-4.503587992916648,0.01,-0.726971427265377,0,0,0,0
123,200209,35.95,0,-1.0743859944854737,0,Logistic regression,-2.5647014676292477,-0.9911391809351637,-2.5647014676292477,0.0,-0.7788073550374751,0,0,0,0
123,215197,33.36,0,-1.3567790996578415,0,Logistic regression,-4.008548059373291,-0.8317964335121277,-4.008548059373291,0.0,-0.6894902693171796,0,0,0,1
123,57128,16.71,0,-1.407747984228301,0,Logistic regression,-2.62131198661283,-1.1504760959434328,-2.62131198661283,0.005,-0.7569789041779554,0,0,0,0
123,23760,3.76,0,-1.2669515602791959,0,Logistic regression,-2.633174973614381,-1.1812657456674227,-2.633174973614381,0.0,-0.7285261521738549,0,0,0,0
123,222321,173.6,0,-1.1210683731519435,0,Logistic regression,-3.8831946160822293,-0.6753940436513879,-3.8831946160822293,0.025,-0.700941034557003,0,0,0,1
123,150679,104.03,1,-0.6916466883520721,1,Logistic regression,8.954582888529599,0.6137267564709716,8.954582888529599,0.74,-0.6751789817603309,1,1,1,1
123,131115,1.0,0,-1.2912627006468875,0,Logistic regression,-4.427366621721765,-1.2879082088443834,-4.427366621721765,0.0,-0.7028852714418005,0,0,0,1
123,62327,369.2,0,-1.1251702540990824,0,Logistic regression,-4.478494288559736,-1.034700546833141,-4.478494288559736,0.005,-0.7210312608548944,0,0,0,0
123,50442,5.0,0,-1.309915878542105,0,Logistic regression,-3.5966010189876414,-1.1602076744116914,-3.5966010189876414,0.0,-0.8335435085129934,0,0,0,0
123,196525,0.89,0,-0.9960896956724787,0,Logistic regression,-2.100315288773509,-1.089939071003603,-2.100315288773509,0.0,-0.9968905330006144,0,0,0,0
123,76712,63.0,0,-1.2094499964137992,0,Logistic regression,-4.647731493906861,-1.0520812895855187,-4.647731493906861,0.0,-0.8828440964815347,0,0,0,0
123,226877,0.0,1,-0.5110252117993133,1,Logistic regression,-2.0701047581999816,0.18480391354408954,-2.0701047581999816,0.495,-0.6751790741650074,1,0,1,1
123,44556,1.0,1,-0.6987998417114978,0,Logistic regression,2.832532448176057,0.41349808437982,2.832532448176057,0.495,-0.6738412235250899,1,1,1,1
123,271658,150.0,0,-1.0168959542134144,0,Logistic regression,-2.915098591692849,-0.7056047326379136,-2.915098591692849,0.025,-0.7089074390795408,0,0,0,1
123,151773,4.9,0,-0.7188266314528445,0,Logistic regression,-1.373834646615753,-0.4904717415576643,-1.373834646615753,0.0,-0.6816180562945319,0,0,0,1
123,87904,55.5,0,-1.213212993768875,0,Logistic regression,-3.6421604055021977,-1.0730427904064501,-3.6421604055021977,0.0,-0.769030152278234,0,0,0,0
123,114037,3.03,0,-1.0489858828520977,0,Logistic regression,-2.8335499335895173,-1.15907849907662,-2.8335499335895173,0.0,-0.800978898132208,0,0,0,0
123,261473,4.9,1,-0.6002785832406363,1,Logistic regression,-0.8549826667444531,-0.16458699822225775,-0.8549826667444531,0.5,-0.6752022965399236,0,0,1,1
123,271193,5.25,0,-0.9659138603936634,0,Logistic regression,-1.185899340401205,-0.7861827677622113,-1.185899340401205,0.03,-0.9411598399840321,0,0,0,0
123,175626,215.0,0,-1.1921370348584035,0,Logistic regression,-3.687993828828602,-1.112088521211316,-3.687993828828602,0.0,-0.7329747613493715,0,0,0,0
123,19313,3.0,0,-1.0671434698315982,0,Logistic regression,-3.297244437232876,-0.8223599693588082,-3.297244437232876,0.0,-0.7213926865230066,0,0,0,0
123,218515,26.0,0,-0.9495031286914535,0,Logistic regression,-5.3361457627764945,-0.5102519720634446,-5.3361457627764945,0.03,-0.6764742343946983,0,0,0,1
123,148030,25.0,0,-0.9717989730900953,0,Logistic regression,-1.128587683818039,-0.36566108496160915,-1.128587683818039,0.0,-0.6764692379333102,0,0,0,1
123,150688,1.0,0,-1.1808700890119859,0,Logistic regression,-4.157421502476685,-1.308770279776861,-4.157421502476685,0.0,-0.6776563463096802,0,0,0,1
123,100623,549.06,1,-1.004202803115955,0,Logistic regression,-7.659366120249059,-0.19952277778184724,-7.659366120249059,0.035,-0.6763362849944711,0,0,0,1
123,165551,15.0,0,-0.9698635931170682,0,Logistic regression,-3.4852201795468463,-0.9254129256683681,-3.4852201795468463,0.0,-0.6833673805617325,0,0,0,1
123,60536,59.9,0,-0.8290364999137032,0,Logistic regression,-3.9856189772037047,-0.9313519837543582,-3.9856189772037047,0.055,-0.7100935595282921,0,0,0,1
123,176120,85.55,0,-0.8358074877911295,0,Logistic regression,-4.346234401600608,-0.8887903520431977,-4.346234401600608,0.0,-0.7118333969920095,0,0,0,1
123,254452,1.98,0,-0.9896895039426581,0,Logistic regression,-1.6296136149514746,-0.932534464470459,-1.6296136149514746,0.01,-0.89365797343171,0,0,0,0
123,216406,134.0,0,-1.0930826940605507,0,Logistic regression,-3.244538013560866,-1.1500483323687563,-3.244538013560866,0.0,-0.6790626628764936,0,0,0,1
123,182223,70.0,0,-0.9646487598859949,0,Logistic regression,-3.228213981803261,-0.4629063058517649,-3.228213981803261,0.0,-0.6876523786442544,0,0,0,1
123,153416,41.2,0,-1.3608709807323716,0,Logistic regression,-5.402191757437912,-0.9382243101768222,-5.402191757437912,0.0,-0.6751890956096768,0,0,0,1
123,30282,318.0,0,-1.1846314625055792,0,Logistic regression,-6.517311372550854,-0.5234481264842192,-6.517311372550854,0.0,-0.7492080666213058,0,0,0,0
123,153948,15.95,0,-1.4919956139763246,0,Logistic regression,-2.0515632814274802,-0.7895494400167111,-2.0515632814274802,0.0,-0.6984687604686255,0,0,0,1
123,6441,33.0,0,-1.2129901430197387,0,Logistic regression,-2.6123396782663826,-1.1897084915447642,-2.6123396782663826,0.0,-0.6928206309469765,0,0,0,1
123,255974,0.77,0,-0.9318877216723027,0,Logistic regression,-3.09144847163753,-1.1191732197382696,-3.09144847163753,0.0,-0.7020194845843909,0,0,0,1
123,154666,390.0,0,-1.0081916457408675,0,Logistic regression,-4.897414881795431,-0.46174277453331464,-4.897414881795431,0.005,-0.675345028042693,0,0,0,1
456,239499,50.0,1,-0.6766371141392877,1,Random forest,0.92,0.908047907680917,13.402001304268008,0.92,-0.24324628836735532,1,1,1,1
456,276241,39.95,0,-1.102029216055384,0,Random forest,0.0,-1.1198079591148644,-2.999742352422414,0.0,-0.8370404025483329,0,0,0,0
456,276977,4.99,0,-1.1498019138976854,0,Random forest,0.0,-1.0423898094636315,-2.930765970241358,0.0,-1.1120114401009182,0,0,0,0
456,237606,37.95,0,-1.0549754461074201,0,Random forest,0.0,-0.9840212881343474,-3.470112677282435,0.0,-0.7033126176027682,0,0,0,0
456,251213,8.65,0,-1.2224433102342576,0,Random forest,0.0,-0.9915467886437926,-3.187706116024085,0.0,-0.8072399653503287,0,0,0,0
456,146039,8.99,0,-0.8495033682696758,0,Random forest,0.015,-0.7932028890445895,-0.9562084299420772,0.015,-0.7627586062062283,0,0,0,0
456,151807,33.59,1,-0.711761885655104,1,Random forest,0.74,0.2236135044852111,23.932902067280114,0.74,-0.4443411581516409,0,1,0,1
456,251803,20.0,0,-0.9706909929956263,0,Random forest,0.06,-1.0347975945814172,-2.518843090738056,0.06,-0.9621876831155812,0,0,0,0
456,66006,89.99,0,-1.094615180014466,0,Random forest,0.0,-0.9505817191379481,-2.4010626543862337,0.0,-0.8730909564744478,0,0,0,0
456,133965,25.48,0,-0.8305231950879358,0,Random forest,0.005,-0.9784029036532002,-4.055874811949767,0.005,-0.48289778969899844,0,0,0,1
456,138101,24.0,0,-1.089539901433787,0,Random forest,0.0,-0.9923007699122911,-3.3727539340189545,0.0,-0.605645464855655,0,0,0,0
456,35316,58.31,0,-1.0013512986515962,0,Random forest,0.005,-1.104634287034282,-3.66887346374307,0.005,-0.5811430099168404,0,0,0,0
456,1709,329.0,0,-0.9758027590433771,0,Random forest,0.02,-0.8506816782386292,-3.3262598760106443,0.02,-0.7447440242247069,0,0,0,0
456,152810,23.52,0,-0.9967083522929954,0,Random forest,0.005,-0.7671601378029432,-2.6300002245282483,0.005,-0.6373237044192743,0,0,0,0
456,77316,1.0,0,-1.0057883323105563,0,Random forest,0.0,-1.0341615842069982,-2.586261287006432,0.0,-0.9890477711871393,0,0,0,0
456,242289,181.4,0,-0.9796541149732603,0,Random forest,0.0,-0.7725845020394675,-6.6623273099752955,0.0,-0.4530290808838317,0,0,0,1
456,15810,99.99,1,-0.5247814677030448,1,Random forest,0.385,0.14937839775956083,54.02248512133851,0.385,-0.4443411581516409,0,1,0,1
456,229626,66.0,0,-1.0184678536933987,0,Random forest,0.005,-1.1695919723745278,-4.780457175149884,0.005,-0.7803904400169337,0,0,0,0
456,174909,40.0,0,-1.0584394600869955,0,Random forest,0.025,-0.9158289046126563,-2.2355372134138496,0.025,-0.7390425136189733,0,0,0,0
456,175559,1.98,0,-0.8466375422992553,0,Random forest,0.04,-0.9736903071280006,-3.207661736921275,0.04,-0.7195979234189094,0,0,0,0
456,205323,35.0,0,-1.1282816630302834,0,Random forest,0.0,-1.1551579766421376,-4.034246892360528,0.0,-0.6333991744407275,0,0,0,0
456,278803,173.28,0,-0.8772340831314331,0,Random forest,0.01,-0.6564987359405969,-2.3276259362524554,0.01,-0.6404579178875389,0,0,0,0
456,119862,19.27,0,-1.121571979383197,0,Random forest,0.0,-1.0177831848394532,-3.0061149206437325,0.0,-1.1320287481513467,0,0,0,0
456,150660,44.9,1,-0.6907749746354848,1,Random forest,0.78,0.1493961642911833,68.68830545777797,0.78,-0.4443411581516409,0,1,1,1
456,93788,0.0,1,-1.0133540851516853,0,Random forest,0.24,-0.7669047203160019,-0.9580910668573304,0.24,-0.6188796440069023,0,0,0,0
456,129048,75.3,0,-1.070192905428748,0,Random forest,0.005,-1.1264189305881243,-4.246477628869554,0.005,-0.8612680551750456,0,0,0,0
456,256723,1.29,0,-1.1069977591981779,0,Random forest,0.0,-1.1004921663686813,-4.686234347907401,0.0,-1.113886132337261,0,0,0,0
456,187507,143.25,0,-1.0201534869519797,0,Random forest,0.005,-1.004386757493523,-2.16601932338623,0.005,-0.9425055658786862,0,0,0,0
456,219025,4.49,1,-1.046469172228898,0,Random forest,0.0,-0.9313137570866793,-1.915978674120803,0.0,-0.9916658482220192,0,0,0,0
456,43540,150.0,0,-0.9673146300604405,0,Random forest,0.015,-1.046968483241317,-2.441720312470789,0.015,-1.0293977870494988,0,0,0,0
456,100575,1.99,0,-1.0149642052433498,0,Random forest,0.0,-0.7787738098369128,-2.13718134891237,0.0,-0.5168932959642578,0,0,0,0
456,281105,9.99,0,-1.0579811188333301,0,Random forest,0.0,-1.1191441130893458,-3.7241403407541327,0.0,-1.033026367145236,0,0,0,0
456,186748,206.0,0,-1.0636104714610113,0,Random forest,0.01,-1.1856281310096788,-4.019306613265526,0.01,-0.6546225034851756,0,0,0,0
456,48138,99.99,0,-1.1728687440560779,0,Random forest,0.0,-1.1999587579940911,-4.465175327746224,0.0,-1.1408290150162443,0,0,0,0
456,16415,23.36,1,-0.22605628095727426,1,Random forest,0.825,0.9840358774475381,14.465697451464479,0.825,-0.327986688980059,1,1,1,1
456,88146,71.69,0,-1.1356331536178996,0,Random forest,0.0,-0.9694166010995034,-2.2551403163964587,0.0,-0.4903712564084202,0,0,0,1
456,279209,1.79,0,-1.1279857855569477,0,Random forest,0.0,-1.0267295144771926,-3.49222507847747,0.0,-1.033139033024834,0,0,0,0
456,61888,99.0,0,-0.9155331577295385,0,Random forest,0.02,-0.7896015693104218,-0.4047915027917206,0.02,-0.6344322670463992,0,0,0,0
456,279444,377.4,0,-0.9211836252510859,0,Random forest,0.05,-0.8753456261386833,-2.7735803539310777,0.05,-0.548937420639473,0,0,0,0
456,11710,1.0,1,-0.6508218270584929,1,Random forest,0.765,0.1493895157189868,68.24074239391825,0.765,-0.4443411581516409,0,1,0,1
456,66169,33.72,0,-0.9885472810068838,0,Random forest,0.01,-0.9227353451493124,-3.853979841418548,0.01,-0.6527280635027757,0,0,0,0
456,7849,9.27,0,-1.090860242229042,0,Random forest,0.0,-1.1018897246426593,-4.2613526734173925,0.0,-0.6658212506424217,0,0,0,0
456,91278,286.23,0,-1.0985359299682038,0,Random forest,0.005,-1.0018553922877105,-4.821662810838449,0.005,-0.5705333799040417,0,0,0,0
456,260257,4.5,0,-1.1126304459435563,0,Random forest,0.0,-1.1138580569414007,-6.204170502736545,0.0,-0.7066131329163121,0,0,0,0
456,193854,1.5,0,-0.8558247231143601,0,Random forest,0.03,-0.8374686301406761,-5.778417296964648,0.03,-0.6274251624371288,0,0,0,0
456,42007,0.76,1,-0.6446584998554937,1,Random forest,0.9,0.6937790853842808,31.219711553474763,0.9,-0.4396463409047454,1,1,1,1
456,95935,7.57,0,-1.0131570010767428,0,Random forest,0.0,-1.109819320203925,-3.1683349391492532,0.0,-0.8958114105242064,0,0,0,0
456,126936,264.95,0,-0.9526856568958908,0,Random forest,0.03,-1.0271545801027127,-2.8868354875239786,0.03,-0.735166330214785,0,0,0,0
456,69786,1.29,0,-1.0136255423321434,0,Random forest,0.0,-1.13671492364214,-3.625804921712831,0.0,-1.0639655438995987,0,0,0,0
456,133812,58.95,0,-1.057785652771051,0,Random forest,0.075,-0.7019793969150381,-0.4555145161759899,0.075,-0.8750704622270469,0,0,0,0
456,175830,10.76,0,-1.0116647309541302,0,Random forest,0.0,-1.1659800530875377,-6.392310251654223,0.0,-0.48850348821455764,0,0,0,1
456,130609,1.0,0,-0.9284281126691738,0,Random forest,0.0,-1.0843412919346802,-3.8235072907387457,0.0,-0.7033414839690888,0,0,0,0
456,73784,1.0,1,-0.5745307627585834,1,Random forest,0.925,0.325253974240702,42.85066708240869,0.925,-0.44434094552949277,1,1,1,1
456,274594,1000.0,0,-0.9018621239236115,0,Random forest,0.175,-0.017444710172082656,1.6282421130474267,0.175,-0.46584673983492286,0,0,0,1
456,274382,0.0,1,-0.7502490068860806,0,Random forest,0.245,-0.06248066394625951,0.2112808533553059,0.245,-0.4443411583444973,0,0,0,1
456,189000,40.53,0,-1.0834990366810515,0,Random forest,0.025,-0.8262993395923236,-2.4970474370580904,0.025,-0.6283190705104167,0,0,0,0
456,100392,167.88,0,-0.9050241747154925,0,Random forest,0.245,-0.4442771975767196,-0.879698627557624,0.245,-0.439293809301034,0,0,0,1
456,212508,125.29,0,-1.0716132126786422,0,Random forest,0.0,-1.1940732028954455,-5.248765960774995,0.0,-1.12296877107064,0,0,0,0
456,265755,22.23,0,-0.9640810429191782,0,Random forest,0.0,-1.0782423020341765,-3.650738012337176,0.0,-1.0682831129197305,0,0,0,0
456,125123,1.79,0,-1.0240009033084485,0,Random forest,0.0,-1.1083268632400156,-3.415118295432834,0.0,-1.1273019058587996,0,0,0,0
456,152295,9.82,1,-0.8546750061362609,0,Random forest,0.74,0.14937839191325483,59.872401062556584,0.74,-0.4443411581516409,0,1,0,1
456,276731,1.98,0,-0.8466375422992551,0,Random forest,0.04,-0.9736903071280006,-3.207661736921275,0.04,-0.7195979234189094,0,0,0,0
456,247995,51.37,1,-0.4396276828790845,1,Random forest,0.73,0.9464551096379411,14.997393593378359,0.73,-0.38804975706272,1,1,0,1
456,95697,20.82,0,-1.091453212459154,0,Random forest,0.0,-0.9900712100607302,-2.0793227700125367,0.0,-0.840114422445402,0,0,0,0
456,151196,571.48,1,-0.9028220598687112,0,Random forest,0.235,-0.6648558711417915,0.6187985183069031,0.235,-0.450016692866103,0,0,0,1
456,226020,9.99,0,-1.0881612740915259,0,Random forest,0.0,-0.9521705279202605,-5.266680291969892,0.0,-0.849736435202465,0,0,0,0
456,52548,74.95,0,-1.1470189513501123,0,Random forest,0.0,-1.1845111505613741,-5.371687416975169,0.0,-1.019537883077201,0,0,0,0
456,150668,188.52,1,-0.7728579029151831,0,Random forest,0.78,0.14938034012759174,65.09234134534995,0.78,-0.4443411581516409,0,1,1,1
456,231512,17.47,0,-1.0953331032607438,0,Random forest,0.0,-1.1984667300132013,-5.9347788449889745,0.0,-0.98579938865902,0,0,0,0
456,28979,99.0,0,-0.9213139723945566,0,Random forest,0.02,-0.808027969261927,-2.703409675430546,0.02,-0.5466541024837892,0,0,0,0
456,252192,1.98,0,-1.1621311935199035,0,Random forest,0.0,-1.0271707949246447,-3.2781969592367206,0.0,-0.8608354863072338,0,0,0,0
456,22423,3.9,0,-1.0729812242028898,0,Random forest,0.005,-0.9166374940260419,-2.7755009989384796,0.005,-0.8303224706250554,0,0,0,0
456,117976,32.42,0,-1.058909212577147,0,Random forest,0.0,-1.1051421161992634,-4.9213865490266855,0.0,-0.9951032806875879,0,0,0,0
456,120837,99.9,1,-0.6910487734792501,1,Random forest,0.9,0.7472726135136407,34.472638471027466,0.9,-0.4433502989692353,1,1,1,1
456,246288,47.7,0,-1.012599495781858,0,Random forest,0.0,-0.8249754590161221,-1.3554311481917485,0.0,-0.6318742771194249,0,0,0,0
456,198848,273.31,0,-0.9429356219271702,0,Random forest,0.115,-0.7158466964847856,-3.181258213776456,0.115,-0.4458646550518655,0,0,0,1
456,17317,99.99,1,-0.5863017519860343,1,Random forest,0.385,0.1493783917307611,53.30666805934206,0.385,-0.4443411581516409,0,1,0,1
456,280149,77.89,1,-0.6577419988000776,1,Random forest,0.685,0.46313362548877923,10.211269124437582,0.685,-0.42422470361348824,1,1,0,1
456,181966,40.0,1,-0.7739795616194227,0,Random forest,0.655,0.7655594280987589,10.86174778801578,0.655,-0.4339743339815213,1,1,0,1
456,14367,4.45,0,-1.099925836122066,0,Random forest,0.0,-0.9987374349147599,-2.3766222648771307,0.0,-1.1245846454487052,0,0,0,0
456,64113,55.0,0,-1.0626987370524474,0,Random forest,0.015,-0.9465943532612692,-3.379666103198052,0.015,-0.8517380510773946,0,0,0,0
456,18347,116.0,0,-0.9241816940423344,0,Random forest,0.005,-1.0967123321851189,-4.256916750659813,0.005,-0.7683120977021549,0,0,0,0
456,51584,0.0,0,-1.0610299589530676,0,Random forest,0.0,-1.0571018997859485,-4.463636598042555,0.0,-0.9183472626750393,0,0,0,0
456,150004,90.0,0,-0.7985434679230291,0,Random forest,0.04,-1.0522833693430782,-3.8528813622763547,0.04,-0.5376424809308387,0,0,0,0
456,205633,0.0,0,-1.050031764519453,0,Random forest,0.005,-0.9510705675066405,-6.093718850379089,0.005,-0.5140408652484574,0,0,0,0
456,120219,36.84,0,-1.099285421488237,0,Random forest,0.0,-0.8889048447974691,-2.972008568584001,0.0,-0.812372016332783,0,0,0,0
456,6734,1.0,1,-0.5164741744689878,1,Random forest,0.925,0.9065299430061199,28.646569813329478,0.925,-0.44183631230276343,1,1,1,1
456,81177,400.0,0,-0.9827536854885698,0,Random forest,0.225,-0.6688612829036439,-1.2576600784644547,0.225,-0.6631960236375463,0,0,0,0
456,51892,89.85,0,-0.8959699013175415,0,Random forest,0.0,-0.999679625410295,-5.0528992509762665,0.0,-0.6911729997018942,0,0,0,0
456,169321,10.0,0,-1.0955486665267573,0,Random forest,0.005,-1.0955920756963793,-4.932401039185297,0.005,-0.6889381637011587,0,0,0,0
456,92732,1.29,0,-1.0195591207390005,0,Random forest,0.0,-1.1429622264192587,-3.5753987977462645,0.0,-1.1692449598642802,0,0,0,0
456,25776,38.42,0,-1.0525287292595529,0,Random forest,0.0,-1.1567505942489376,-4.296314562593393,0.0,-1.070938295048074,0,0,0,0
456,50588,104.73,0,-1.0810177720078045,0,Random forest,0.0,-0.8545587605282691,-2.710955003505201,0.0,-0.8123065067020012,0,0,0,0
456,42936,59.68,1,-0.6343870232957987,1,Random forest,0.79,0.1493961584629722,60.2036258785737,0.79,-0.4443411581516409,0,1,1,1
456,210504,319.99,0,-1.0943286114272022,0,Random forest,0.01,-0.8581181555702241,-2.568792050893997,0.01,-0.5250716830123396,0,0,0,0
456,201601,130.21,1,-0.4524074415708077,1,Random forest,0.895,0.6179993159216912,15.695749296134753,0.895,-0.43742352511018767,1,1,1,1
456,143731,240.77,1,-0.48192830056403246,1,Random forest,0.865,0.8086477523924773,33.462743435037794,0.865,-0.4206133289461194,1,1,1,1
456,102782,19.59,1,-1.028760371512266,0,Random forest,0.0,-1.134283864599917,-4.743680795986977,0.0,-0.739946103912867,0,0,0,0
456,263323,2.95,0,-1.0426466046342453,0,Random forest,0.0,-0.9657433689664955,-2.86963028310281,0.0,-0.8516279239261421,0,0,0,0
456,3250,1.0,0,-0.9875938370588118,0,Random forest,0.015,-0.884991214151362,-1.8689956336914626,0.015,-0.7323808216735728,0,0,0,0
456,162371,49.06,0,-0.8714809339365563,0,Random forest,0.095,-0.36239028914152827,1.6166326540120686,0.095,-0.6649813170572523,0,0,0,0
456,52556,81.91,0,-1.08823248946401,0,Random forest,0.0,-1.0440917928965427,-2.8090668197259863,0.0,-0.820779058869062,0,0,0,0
456,69285,47.0,0,-1.1705261749861,0,Random forest,0.0,-1.193126345977981,-4.99881413126406,0.0,-1.0919767964192313,0,0,0,0
456,176107,191.19,0,-0.9362562693831045,0,Random forest,0.04,-0.7726420357322288,-2.270546484007936,0.04,-0.566436061378041,0,0,0,0
456,122057,29.95,0,-1.0560474075123145,0,Random forest,0.005,-0.8245355110338727,-2.8507927480093818,0.005,-0.6353794044410452,0,0,0,0
456,42784,45.49,1,-0.653109174840536,1,Random forest,0.785,0.14940924910504244,63.877800455802,0.785,-0.4443411581516409,0,1,1,1
456,254756,29.0,0,-0.9808303779793417,0,Random forest,0.0,-1.1076709146254797,-5.914130859325572,0.0,-0.6763529988141825,0,0,0,0
456,280143,0.76,1,-0.5312284918743857,1,Random forest,0.91,0.9622635334335692,13.400649876177631,0.91,-0.413950735802862,1,1,1,1
456,50720,158.0,0,-1.0026500084009242,0,Random forest,0.01,-0.8967491941506237,-2.7082554788443476,0.01,-0.6320181134241714,0,0,0,0
456,160505,1.0,0,-0.9397869189746444,0,Random forest,0.0,-0.9143270639482793,-2.736230292026397,0.0,-0.7336579111804356,0,0,0,0
456,232759,11.99,0,-0.9744834746861304,0,Random forest,0.0,-0.8973245573439491,-3.6581537029097886,0.0,-0.5982650384687627,0,0,0,0
456,79507,121.66,0,-0.9429574204095608,0,Random forest,0.19,-0.6074307635946333,-0.5256818058897594,0.19,-0.7153254372678457,0,0,0,0
456,120532,1.54,0,-0.6073858581375603,1,Random forest,0.095,0.14546295898834427,7.633559244790342,0.095,-0.4443411912474156,0,0,0,1
456,112161,42.37,0,-1.0168845241148923,0,Random forest,0.0,-0.9636666336112093,-3.961107140456008,0.0,-0.6663772810059423,0,0,0,0
456,105178,1.0,1,-0.6541022377630092,1,Random forest,0.27,-0.41561319256855656,0.4483743891942744,0.27,-0.46009596089341326,0,0,0,1
456,145800,451.27,1,-0.788072665953074,0,Random forest,0.165,0.4040322642629064,3.871044911020511,0.165,-0.419767258221697,1,0,0,1
456,116815,1.0,0,-0.892887458519009,0,Random forest,0.235,-0.5306798030983891,0.6300293654012137,0.235,-0.519270662554357,0,0,0,0
456,61724,4.99,0,-1.0783669994784997,0,Random forest,0.0,-1.0444168625423826,-4.304028024650487,0.0,-0.9011362361238059,0,0,0,0
456,106484,1.49,0,-0.9743684275172628,0,Random forest,0.0,-0.8726411233322001,-4.550570831023338,0.0,-0.8158228423386762,0,0,0,0
456,249607,35.0,1,-0.45211500596391574,1,Random forest,0.96,1.013974929297506,15.777452997585929,0.96,-0.4443411610507551,1,1,1,1
456,91986,100.0,0,-1.0911940119392998,0,Random forest,0.005,-1.1268711001655545,-4.521481927092167,0.005,-0.7756217702988168,0,0,0,0
456,31376,17.99,0,-1.0052813820357636,0,Random forest,0.02,-0.8815775183865074,-1.8743371381623128,0.02,-1.1028733843878764,0,0,0,0
456,76897,1000.59,0,-0.8740924338490972,0,Random forest,0.06,-0.09404196323555508,-1.212888105960307,0.06,-0.4800089195727165,0,0,0,1
456,264886,19.34,0,-0.7744582847116336,0,Random forest,0.005,-0.8482138316755097,-1.7316672202888757,0.005,-0.7909499917921148,0,0,0,0
456,191374,137.76,0,-0.9773561516131368,0,Random forest,0.01,-0.9881925952708027,-1.9482754524607149,0.01,-0.8333351777936615,0,0,0,0
456,150281,249.0,0,-0.8084150611112474,0,Random forest,0.1,-0.9350166013010516,-2.0514125062835853,0.1,-0.6330907061571727,0,0,0,0
456,99820,1.98,0,-1.0681715016094373,0,Random forest,0.0,-1.1397922790136799,-4.252182326335781,0.0,-0.9509686717118301,0,0,0,0
456,79352,17.99,0,-1.0192251917809505,0,Random forest,0.0,-1.137657295860292,-3.3931066000233163,0.0,-1.13946361563181,0,0,0,0
456,150665,209.65,1,-0.6514085528091361,1,Random forest,0.785,0.14947743942109304,66.775660290347,0.785,-0.4443411581516409,0,1,1,1
456,76609,7.52,1,-0.6730996931585791,1,Random forest,0.805,0.2676820669014551,39.27656405793801,0.805,-0.44434115291696186,0,1,1,1
456,73811,6.18,0,-1.086576999753888,0,Random forest,0.04,-0.8406481675888221,-1.5872653009156963,0.04,-0.7276143703945823,0,0,0,0
456,134063,14.17,0,-1.0515386111714666,0,Random forest,0.0,-1.14916930552217,-3.4476866233975256,0.0,-0.9299962681485351,0,0,0,0
456,40525,1.0,1,-0.5323614447361394,1,Random forest,0.62,0.46685792897800915,4.482323507302714,0.62,-0.4336916443428185,1,0,0,1
456,187333,66.0,0,-1.0724792967773902,0,Random forest,0.0,-0.8826061313846051,-4.336368154038203,0.0,-0.7787470305486899,0,0,0,0
456,117729,39.95,0,-0.9537707394488731,0,Random forest,0.0,-1.1608592005911218,-3.5969170750163277,0.0,-1.0399007388050872,0,0,0,0
456,44223,139.9,1,-0.7718540474241885,0,Random forest,0.785,0.1493783993522479,56.4608190462922,0.785,-0.4443411581516409,0,1,1,1
456,246218,75.86,0,-1.1233981216202387,0,Random forest,0.0,-1.2210356178287878,-5.6837088472390125,0.0,-0.7560475302962038,0,0,0,0
456,274001,0.76,0,-0.8086424318599633,0,Random forest,0.015,-0.42737329662758305,-0.820354781525741,0.015,-0.4734653122084132,0,0,0,1
456,245215,17.99,0,-0.7897291796573054,0,Random forest,0.01,-0.4681517007720848,-3.2731597199530604,0.01,-0.4667660487088727,0,0,0,1
456,81822,1.98,0,-1.0277806592947134,0,Random forest,0.0,-1.0950640238332114,-3.208332146686591,0.0,-1.077070246553915,0,0,0,0
456,190955,11.56,0,-1.0610468300055809,0,Random forest,0.0,-0.9651947435800762,-2.9988587253524335,0.0,-0.6911566657507668,0,0,0,0
456,208868,95.0,0,-1.1284277213751448,0,Random forest,0.0,-1.1766699988907123,-4.84638723132926,0.0,-0.6485151782217916,0,0,0,0
456,270298,9.99,0,-1.0176961258836927,0,Random forest,0.0,-0.9249510448055273,-2.708124582820821,0.0,-0.8195367557027274,0,0,0,0
456,44270,1.0,1,-0.7495295715536611,0,Random forest,0.785,0.14937840152740098,54.91686884589608,0.785,-0.4443411581516409,0,1,1,1
456,102442,1.0,1,-0.7244473782470698,1,Random forest,0.215,0.14937839144509826,15.973625417808886,0.215,-0.4443411581516409,0,1,0,1
456,123393,21.0,0,-1.0069117908177123,0,Random forest,0.01,-0.8923065293176146,-3.1891462198782987,0.01,-0.5646501833536993,0,0,0,0
456,169476,7.8,0,-1.032638376151342,0,Random forest,0.0,-1.1305702619098363,-5.070412426798777,0.0,-0.9339767881328475,0,0,0,0
456,243547,57.73,1,-0.6972748540435486,1,Random forest,0.98,0.5191013270953382,22.531843343322,0.98,-0.44431457721745055,1,1,1,1
456,201581,6.03,0,-0.9878526705616442,0,Random forest,0.07,-0.9621240238953651,-2.6414019886806823,0.07,-0.7490552361976199,0,0,0,0
456,123270,1.0,1,-0.6870746508349593,1,Random forest,0.265,-0.4065453328378533,0.6830599646034683,0.265,-0.4615305209080941,0,0,0,1
456,110235,7.49,0,-1.1069346080869562,0,Random forest,0.0,-1.136497831621124,-3.152130432599664,0.0,-1.0064481732562665,0,0,0,0
456,153303,1.0,0,-0.9545902964366879,0,Random forest,0.025,-0.9390555388869303,-2.32784541002168,0.025,-0.5897980860677056,0,0,0,0
456,274337,37.22,0,-0.9964981354966536,0,Random forest,0.0,-1.1527395709269252,-4.185904714235766,0.0,-0.7938460296213555,0,0,0,0
456,107001,24.99,0,-1.1451142771344052,0,Random forest,0.025,-0.8823600126436711,-2.660792185580764,0.025,-0.7749110706910649,0,0,0,0
456,36982,0.89,0,-1.024813615199858,0,Random forest,0.0,-1.1662435577617756,-4.196002678631091,0.0,-0.9958469083906989,0,0,0,0
456,6508,1.54,0,-0.8355153714541808,0,Random forest,0.0,-0.9789257148855458,-4.068040324754912,0.0,-0.6153731887797734,0,0,0,0
456,260589,217.14,0,-0.5432179071398792,1,Random forest,0.14,0.1492989207802682,2.1358421386229907,0.14,-0.4443411581516409,0,0,0,1
456,52856,254.38,0,-1.0626805438662728,0,Random forest,0.025,-1.0313820493725279,-3.1817516420076917,0.025,-0.5815726873912526,0,0,0,0
456,234632,1.59,1,-0.6567567696157255,1,Random forest,0.695,0.8169704931420697,16.180183369265265,0.695,-0.43355231538540884,1,1,0,1
456,147605,9.21,1,-1.0779039815122424,0,Random forest,0.145,-0.9052743530773221,-2.4700271301515535,0.145,-0.5547699316996986,0,0,0,0
456,72672,4.56,0,-1.1370408997510593,0,Random forest,0.0,-1.0178302014000933,-2.477435403044305,0.0,-1.1705593779139791,0,0,0,0
456,6446,1.0,1,-0.2534374042830286,1,Random forest,0.975,0.9414890549542014,23.649370094526404,0.975,-0.44055465943646677,1,1,1,1
456,58225,1.0,0,-1.0727385156870863,0,Random forest,0.015,-0.7704524823572837,-1.0984340778996415,0.015,-0.9144728250222669,0,0,0,0
456,74753,24.3,0,-0.848708238151185,0,Random forest,0.0,-1.060958566018684,-4.914090215924306,0.0,-0.6569767388760919,0,0,0,0
456,154893,1.0,0,-1.0481596800383173,0,Random forest,0.0,-1.0130465140276657,-3.225879540356404,0.0,-0.5655862195133468,0,0,0,0
456,211801,1.55,0,-1.0452454474751454,0,Random forest,0.0,-1.0723014343989035,-5.069935993836729,0.0,-0.6809231991954424,0,0,0,0
456,25133,22.95,0,-1.0587031794225727,0,Random forest,0.0,-1.145693498148964,-3.63580484420845,0.0,-0.9327112954359726,0,0,0,0
456,78959,14.45,0,-1.179333529518408,0,Random forest,0.0,-1.1863853883248185,-4.4813482102781395,0.0,-0.8819250794247266,0,0,0,0
456,125896,1.98,0,-1.0421984299409948,0,Random forest,0.0,-1.0340647922605133,-2.645152695372321,0.0,-0.8562810812699906,0,0,0,0
456,256070,1.69,0,-1.0052109199702985,0,Random forest,0.0,-1.005636680411931,-4.259861618748644,0.0,-1.0164038305567629,0,0,0,0
456,240075,150.0,0,-0.9618033891483191,0,Random forest,0.0,-1.2358189075450885,-5.405647143688675,0.0,-0.9780230696656569,0,0,0,0
456,147176,22.78,0,-1.1634048176529972,0,Random forest,0.0,-1.2066294772463122,-5.5740399011516955,0.0,-1.0666509386324283,0,0,0,0
456,4596,1.41,0,-1.0340105679675728,0,Random forest,0.0,-0.9934114044072081,-4.972452771443317,0.0,-0.5476497414508377,0,0,0,0
456,169956,0.89,0,-1.10276468900201,0,Random forest,0.0,-1.0818228286084683,-4.525691523013566,0.0,-1.0605392397201174,0,0,0,0
456,202721,12.0,0,-1.018721186644152,0,Random forest,0.0,-1.0917546967343204,-5.0327697302453025,0.0,-0.6199236817165619,0,0,0,0
456,171427,18.0,0,-0.9426332796082959,0,Random forest,0.055,-0.5887979093062188,-4.355771724674348,0.055,-0.45795291392763554,0,0,0,1
456,56703,0.76,1,-1.056096781188533,0,Random forest,0.0,-0.9110849639623247,-2.0124901984685217,0.0,-0.9185598930198018,0,0,0,0
456,209456,0.0,0,-0.9502989891862426,0,Random forest,0.04,-0.5336407059648456,-0.8441781403559192,0.04,-0.5481583192956031,0,0,0,0
456,82400,18.98,1,-0.3170122451347307,1,Random forest,0.98,1.018802355389613,15.326165002681961,0.98,-0.4443410599314674,1,1,1,1
456,171755,4.99,0,-0.5013321458822296,1,Random forest,0.285,0.1502083711436191,-6.595974148516842,0.285,-0.4443411581516409,0,0,0,1
456,262873,25.9,0,-0.9439942229194564,0,Random forest,0.005,-1.0481109159171096,-6.011804783082204,0.005,-0.8749957490301661,0,0,0,0
456,133814,10.0,0,-1.0860516292460733,0,Random forest,0.0,-1.175270689277425,-3.63149773527073,0.0,-0.8978388989789103,0,0,0,0
456,56410,154.83,0,-1.0243132375146138,0,Random forest,0.035,-0.941973828695018,-2.7630330501192724,0.035,-0.529346686144127,0,0,0,0
456,82601,93.17,0,-1.1588784511219477,0,Random forest,0.0,-1.0567255082784068,-2.9532735286664717,0.0,-1.0469427711059835,0,0,0,0
456,153835,1.0,1,-0.8546750061362609,0,Random forest,0.74,0.14937839144518186,63.09317991972166,0.74,-0.4443411581516409,0,1,0,1
456,72545,90.0,0,-0.9337370725206575,0,Random forest,0.0,-0.6199273791335508,-1.3838567502621042,0.0,-0.7440671524604693,0,0,0,0
456,202883,2.69,0,-1.1207919397849198,0,Random forest,0.0,-0.9076977087703356,-3.054874070329287,0.0,-0.7800709040810032,0,0,0,0
456,149171,141.22,0,-0.745237933943228,0,Random forest,0.005,-1.0719439462882012,-4.309247237662746,0.005,-0.498293717265951,0,0,0,0
456,248288,3.99,0,-1.044698363527126,0,Random forest,0.0,-1.0595621383409797,-3.72495217067541,0.0,-1.1688650422326667,0,0,0,0
456,155580,3.79,0,-0.8965135048413759,0,Random forest,0.205,-0.4460090468080039,1.722793941043105,0.205,-0.45447388299631364,0,0,0,1
456,214999,151.33,0,-1.0418605560858893,0,Random forest,0.07,-0.9434668467865129,-5.584977186173081,0.07,-0.48492224016000013,0,0,0,1
456,15533,1.79,0,-1.1633073069840025,0,Random forest,0.0,-1.0527230037353235,-2.6440417789807005,0.0,-1.1263191800011316,0,0,0,0
456,68067,519.9,1,-0.6426564444383536,1,Random forest,0.18,0.16961937728635154,0.3568138633268063,0.18,-0.36103367673816095,0,0,0,1
456,173345,70.66,0,-0.972030130463176,0,Random forest,0.0,-1.1315542066282445,-6.2027916233001275,0.0,-0.7874698619647817,0,0,0,0
456,74593,71.99,0,-1.1864604623521575,0,Random forest,0.0,-1.1373956664412173,-3.85697114868658,0.0,-1.1482974026683879,0,0,0,0
456,186208,159.0,0,-0.9981101998611543,0,Random forest,0.04,-0.9342227452097372,-4.020192920357137,0.04,-0.9266669570224846,0,0,0,0
456,48404,9.99,0,-1.2215853051037928,0,Random forest,0.0,-1.1455109681839508,-4.819597526740498,0.0,-0.9893100142538888,0,0,0,0
456,96789,101.5,1,-0.5976437755476287,1,Random forest,0.95,0.8123948604559156,10.36620897633458,0.95,-0.4434040075774391,1,1,1,1
456,178053,152.65,0,-0.7977910312000589,0,Random forest,0.035,-0.20745322080260833,-9.108965724130645,0.035,-0.44434121486772216,0,0,0,1
456,96321,0.76,0,-0.723734876622174,1,Random forest,0.025,-0.6316729573547551,-1.3215686566481553,0.025,-0.5106549403126819,0,0,0,0
456,38111,546.47,0,-0.7834018918855458,0,Random forest,0.115,-0.26033026177974383,-3.4730298442849437,0.115,-0.446372211778331,0,0,0,1
456,90412,34.99,0,-1.00054017866933,0,Random forest,0.015,-0.8050245771405934,-2.7596927344167836,0.015,-0.5371108758042475,0,0,0,0
456,83417,5.91,1,-0.37836465570357164,1,Random forest,0.91,0.5995493266804719,27.671239824983363,0.91,-0.44388577757591857,1,1,1,1
456,104909,34.3,0,-1.022626346584938,0,Random forest,0.0,-1.0797470920827452,-3.4627893706208144,0.0,-0.5561976001032978,0,0,0,0
456,123521,0.0,0,-1.062580027571985,0,Random forest,0.02,-1.031481602354649,-4.052387879429409,0.02,-0.4525140766043224,0,0,0,1
456,197786,19.95,0,-1.1091653221199866,0,Random forest,0.0,-1.194704188518872,-6.062143705100247,0.0,-0.6298628268801452,0,0,0,0
456,41747,4.49,0,-0.984854634681912,0,Random forest,0.0,-0.7759453293002415,-1.62581018867101,0.0,-0.8627136651108606,0,0,0,0
456,74794,311.91,1,-0.817344307052752,0,Random forest,0.065,-0.14385330673695604,-7.592286945984667,0.065,-0.4443475248866499,0,0,0,1
456,261402,1.0,0,-1.0503576658722973,0,Random forest,0.0,-1.190119147998487,-4.270556385644806,0.0,-0.8862136717233855,0,0,0,0
456,170301,14.9,0,-0.9658379606407215,0,Random forest,0.0,-0.7785509734294653,-1.2886576922491835,0.0,-0.6840356869561532,0,0,0,0
456,22974,7.58,0,-0.9835187726440953,0,Random forest,0.0,-0.9606583054480703,-2.5086774995752386,0.0,-0.8149978577860248,0,0,0,0
456,36410,5.37,0,-1.0936785349948408,0,Random forest,0.0,-1.00733172698202,-2.2816600581137623,0.0,-1.0542331744995974,0,0,0,0
456,233258,996.27,1,-0.7452996522601538,0,Random forest,0.655,0.16623235138754194,20.22482669563673,0.655,-0.4443457605510955,0,1,0,1
456,223618,1.0,1,-0.1972632912100798,1,Random forest,1.0,0.9699511126817528,26.699155197850367,1.0,-0.34929817740157365,1,1,1,1
456,169047,19.16,0,-1.0829898663231985,0,Random forest,0.0,-1.1299918296246372,-4.909467522618584,0.0,-0.6990018306896606,0,0,0,0
456,176293,18.04,0,-0.9479067633260184,0,Random forest,0.0,-1.025651662386717,-5.011296554027126,0.0,-0.6564391149506297,0,0,0,0
456,43428,364.19,1,-0.5925812661317814,1,Random forest,0.785,0.14937996382878435,57.8722371068367,0.785,-0.4443411581516409,0,1,1,1
456,79249,25.17,0,-1.0980321878339072,0,Random forest,0.005,-0.8749265562483003,-2.2088121365738247,0.005,-0.6643217021128913,0,0,0,0
456,154670,104.0,1,-0.9291878451556073,0,Random forest,0.845,0.3729392953500432,44.083069235008956,0.845,-0.4443338332225791,1,1,1,1
456,257958,3.59,0,-0.978425916859865,0,Random forest,0.0,-1.0649602212070177,-4.296926623135869,0.0,-0.9447158535728509,0,0,0,0
456,170755,11.0,0,-1.0634947409196953,0,Random forest,0.0,-1.1735288621903832,-3.8569635782342298,0.0,-0.9034408977894182,0,0,0,0
456,277639,0.99,0,-1.1453107211674796,0,Random forest,0.0,-1.0362285440906154,-3.0344909613184563,0.0,-1.04920520925452,0,0,0,0
456,6144,110.0,0,-1.1788297011525277,0,Random forest,0.0,-1.1971795220305368,-5.203120198586431,0.0,-0.5918644623647262,0,0,0,0
456,79525,1.0,1,-0.5534059925554526,1,Random forest,0.86,0.6407021734759756,29.848045130250487,0.86,-0.4438162382609309,1,1,1,1
456,279256,9.99,0,-0.8845791509067157,0,Random forest,0.0,-1.2155940843108162,-4.577129680622108,0.0,-0.940734019612091,0,0,0,0
456,172532,286.0,0,-1.0724519051813726,0,Random forest,0.01,-0.9212581818766056,-2.24582226685539,0.01,-0.9167497014813745,0,0,0,0
456,269372,413.84,0,-0.8886682755206105,0,Random forest,0.125,-0.8460922871336655,-2.92136533905545,0.125,-0.7854691095234312,0,0,0,0
456,77497,13.16,0,-0.8235655403200554,0,Random forest,0.07,-0.8788149853263264,-2.7268815929845562,0.07,-0.8181455094574159,0,0,0,0
456,178951,2.99,0,-0.6998435155368512,1,Random forest,0.135,0.08735224102932547,-9.328420221900817,0.135,-0.44434300762708606,0,0,0,1
456,141,30.9,0,-0.9847506783021921,0,Random forest,0.0,-1.1281371610575768,-7.066561451330868,0.0,-0.6573847041270319,0,0,0,0
456,6820,1.0,1,-0.5767469755311911,1,Random forest,0.98,1.0026429442329272,27.973577235553257,0.98,-0.38402706811420173,1,1,1,1
456,111919,89.95,0,-1.1602835850178852,0,Random forest,0.0,-1.170715455370029,-4.223431548893842,0.0,-1.0040030497132906,0,0,0,0
456,182190,200.0,0,-1.0826744543567735,0,Random forest,0.005,-1.0399693850387504,-3.9011036495012124,0.005,-0.6518495636171775,0,0,0,0
456,154693,1.0,1,-0.43742260939452887,1,Random forest,0.8,0.377612587746023,41.98777188300504,0.8,-0.44433766357133553,1,1,1,1
456,96090,74.54,0,-1.066325500761888,0,Random forest,0.0,-1.2020371898755127,-4.00964683259141,0.0,-1.0017826287665024,0,0,0,0
456,270125,19.99,0,-1.0502412467298123,0,Random forest,0.0,-1.1015355157149864,-4.0433098721774545,0.0,-0.803311138282891,0,0,0,0
456,169382,276.0,0,-0.8438021144696926,0,Random forest,0.095,-0.7390473525768966,-1.7251638819286714,0.095,-0.5735851082058916,0,0,0,0
456,194979,5.0,0,-1.0169284391581264,0,Random forest,0.0,-0.9642470917251064,-2.7396931209599513,0.0,-0.8940740675330163,0,0,0,0
456,271021,114.0,0,-1.1504858396759925,0,Random forest,0.005,-1.1269172552225335,-4.724901350491248,0.005,-0.777576553108055,0,0,0,0
456,75528,58.0,0,-0.9907639654876927,0,Random forest,0.035,-0.905736352223062,-2.9554766944908177,0.035,-0.7592161832233127,0,0,0,0
456,61558,7.5,0,-1.0866565395754666,0,Random forest,0.0,-1.0511268332339037,-3.321080032902658,0.0,-0.7724011122766841,0,0,0,0
456,178967,100.0,0,-1.0331270251177935,0,Random forest,0.005,-1.0226169812506811,-5.302174484953673,0.005,-0.8339133946543247,0,0,0,0
456,261925,156.0,1,-0.6879728644145853,1,Random forest,0.99,0.7421935151928438,12.272096089195148,0.99,-0.44190819469612197,1,1,1,1
456,80808,115.8,0,-1.0377782898951757,0,Random forest,0.01,-1.1545649314410131,-3.38234233244004,0.01,-1.0884344247524873,0,0,0,0
456,181156,9.72,0,-1.172753842055824,0,Random forest,0.01,-0.941337749435771,-4.878981594319502,0.01,-0.838675828888443,0,0,0,0
456,258996,140.0,0,-1.0550984368697125,0,Random forest,0.055,-0.8019919633445846,-4.176644169156958,0.055,-0.5699482377770219,0,0,0,0
456,126198,31.5,0,-1.012597844209222,0,Random forest,0.0,-1.133918082033669,-3.4817593302012617,0.0,-0.9995222657330081,0,0,0,0
456,226815,9.99,0,-1.0479194203837605,0,Random forest,0.0,-1.2178621978832862,-5.198070664693809,0.0,-1.0943607951693188,0,0,0,0
456,221581,159.95,0,-0.9157987622348152,0,Random forest,0.005,-0.8262503215934802,-2.392629445125096,0.005,-0.7172634922727907,0,0,0,0
456,6971,1809.68,1,-0.6079711966040748,1,Random forest,0.51,0.30296995299889906,18.955202666161195,0.51,-0.444341158151455,1,1,0,1
456,281754,1.5,0,-0.9722881375559902,0,Random forest,0.0,-0.9725218481487642,-3.717793170722733,0.0,-0.7776887880747236,0,0,0,0
456,208016,12.13,0,-0.9370080471517581,0,Random forest,0.0,-1.0698221167106925,-5.140977710019271,0.0,-0.6102684028725656,0,0,0,0
456,8312,1.0,1,-0.6259033368915661,1,Random forest,0.92,0.7613832034891537,21.553963314761514,0.92,-0.4435561619138134,1,1,1,1
456,269535,286.0,0,-1.0244593659038164,0,Random forest,0.0,-0.9966656617984805,-2.1364567935254746,0.0,-0.75001630051296,0,0,0,0
456,170990,113.85,0,-1.0947287327377766,0,Random forest,0.045,-0.8570878855843059,-2.8564450461387736,0.045,-0.8347929656529716,0,0,0,0
456,115190,74.99,0,-0.9141373845198649,0,Random forest,0.01,-0.8098605716744048,-6.511071262421739,0.01,-0.4838900407924203,0,0,0,1
456,98360,150.04,0,-0.9365558316012913,0,Random forest,0.0,-1.005701793376128,-1.9159531199545767,0.0,-0.9833845279254231,0,0,0,0
456,253108,0.89,0,-1.005996848149135,0,Random forest,0.0,-1.1532727167255878,-4.119825305407299,0.0,-0.9761068821941411,0,0,0,0
456,114034,10.0,0,-1.1038919647222634,0,Random forest,0.005,-1.2074479786081407,-5.789289439802696,0.005,-0.48659095247973405,0,0,0,1
456,68554,25.0,0,-1.1623082547145607,0,Random forest,0.005,-1.0941875951247266,-3.113683101257808,0.005,-0.6360602209475703,0,0,0,0
456,111029,105.0,0,-1.062172893512194,0,Random forest,0.0,-1.2230480868084415,-5.088845347209098,0.0,-0.6896707883347808,0,0,0,0
456,165972,34.99,0,-1.1579474569914867,0,Random forest,0.0,-1.1385487029140855,-4.250977836686386,0.0,-0.873042598211017,0,0,0,0
456,192647,63.4,0,-0.9334983587144308,0,Random forest,0.115,-0.6069705082352289,-1.4986395685496667,0.115,-0.5410351572477157,0,0,0,0
456,65020,19.95,0,-0.9634456404702001,0,Random forest,0.02,-0.5800141866480039,-1.4848670757017994,0.02,-0.5978498850235616,0,0,0,0
456,106612,38.89,0,-0.8042445289652943,0,Random forest,0.0,-0.9818682700413836,-4.5910246431535295,0.0,-0.7245286443393997,0,0,0,0
456,250565,12.32,0,-0.9810489620877676,0,Random forest,0.0,-0.9202284176565522,-2.3925993617383288,0.0,-0.9043857410285367,0,0,0,0
456,150692,37.93,1,-0.7174905028472289,1,Random forest,0.785,0.14940130250321293,61.67816929478259,0.785,-0.4443411581516409,0,1,1,1
456,169074,65.0,0,-1.026888459061246,0,Random forest,0.0,-1.063676479994404,-4.89816315987769,0.0,-0.8895583349160321,0,0,0,0
456,87699,25.0,0,-1.0720946342904443,0,Random forest,0.03,-1.0435092346970671,-2.9174639807284244,0.03,-0.8927818303546313,0,0,0,0
456,173985,137.0,0,-1.1244439860797946,0,Random forest,0.005,-1.050367302073167,-4.434385792983974,0.005,-0.8578342227557612,0,0,0,0
456,173760,240.0,0,-1.0938293563490002,0,Random forest,0.005,-1.0888046829788378,-4.96342587456879,0.005,-0.7516583255356697,0,0,0,0
456,169842,0.76,0,-1.0009174257985747,0,Random forest,0.0,-1.121980466359213,-4.312211873962413,0.0,-0.8299905163861702,0,0,0,0
456,64989,249.0,0,-0.9985034859320788,0,Random forest,0.005,-1.122388164181457,-3.9418586701009533,0.005,-1.0694335536174977,0,0,0,0
456,11841,1.0,1,-0.7035187114268374,1,Random forest,0.775,0.14938901102089275,67.99927877218721,0.775,-0.4443411581516409,0,1,1,1
456,80455,300.0,0,-1.0680336358142548,0,Random forest,0.015,-0.6399387052761909,-1.9055724896359794,0.015,-0.5674928626662119,0,0,0,0
456,40209,1287.87,0,-0.9442593595157681,0,Random forest,0.1,0.11798472587168651,2.840249665298577,0.1,-0.4470116666829326,0,0,0,1
456,10801,1.0,1,-0.7840058687686123,0,Random forest,0.85,0.14938033786182353,68.98781949919605,0.85,-0.4443411581516409,0,1,1,1
456,241615,9.49,0,-0.8885428263226377,0,Random forest,0.0,-1.0003100819771993,-5.3603655554841225,0.0,-0.6755372591057153,0,0,0,0
456,234846,15.95,0,-1.0515236055322028,0,Random forest,0.02,-0.8809265525227356,-1.8936702582584317,0.02,-0.6552966302981797,0,0,0,0
456,85547,0.76,0,-0.9545903307903736,0,Random forest,0.015,-0.739057164430646,-2.214412575321976,0.015,-0.7370663668777644,0,0,0,0
456,211501,1.0,0,-0.962300570106215,0,Random forest,0.0,-0.8258400907573524,-1.7455971249623055,0.0,-0.6626597396884555,0,0,0,0
456,151519,1.63,1,-0.7803554460442123,0,Random forest,0.74,0.14937839304891729,63.98274283602406,0.74,-0.4443411581516409,0,1,0,1
456,183753,90.0,0,-0.8300966933734061,0,Random forest,0.01,-1.0316051323800868,-3.693172808542854,0.01,-0.8881740546575969,0,0,0,0
456,270483,8.98,0,-1.0862166837026472,0,Random forest,0.0,-1.085022647293951,-4.253873993253151,0.0,-1.1612423788433246,0,0,0,0
456,212987,45.0,0,-1.045265950004509,0,Random forest,0.0,-1.1414667591190573,-4.1889115765141876,0.0,-0.8745330148152483,0,0,0,0
456,279344,70.66,0,-1.1382614570103005,0,Random forest,0.005,-1.1435816682224929,-5.0894926763314565,0.005,-0.8111378973664451,0,0,0,0
456,181339,104.69,0,-1.0923675677562075,0,Random forest,0.005,-1.0448758615635585,-4.553562157139709,0.005,-0.7297864768900094,0,0,0,0
456,4365,18.0,0,-1.1232945547377378,0,Random forest,0.0,-1.0806456228459886,-3.523834414680764,0.0,-0.6417508083760552,0,0,0,0
456,194501,109.3,0,-1.0971883717055886,0,Random forest,0.025,-0.8669258184006042,-5.686760512011425,0.025,-0.45450640109497203,0,0,0,1
456,5788,136.0,0,-0.9984823970193399,0,Random forest,0.015,-0.7982046966470582,-2.4892562912812837,0.015,-0.46304278927536646,0,0,0,1
456,242485,20.0,0,-1.085407078710772,0,Random forest,0.0,-0.9295270091473139,-3.536569325808544,0.0,-0.6376738173526362,0,0,0,0
456,48951,29.9,0,-1.0656405532167204,0,Random forest,0.0,-1.192894243731046,-5.658669201860077,0.0,-0.8543268526555772,0,0,0,0
456,151785,211.35,0,-0.903679160751401,0,Random forest,0.0,-0.9895745436201687,-1.5126203138509762,0.0,-0.5584510364242922,0,0,0,0
456,6329,1.0,1,-0.6913911910413326,1,Random forest,0.54,0.4495924544991975,3.3896494273469555,0.54,-0.4150556769770385,1,0,0,1
456,140186,4.45,0,-0.7312039239530704,0,Random forest,0.07,-0.4705106829513719,-4.552602027425026,0.07,-0.45086376281985996,0,0,0,1
456,181154,111.9,0,-1.0872065207880535,0,Random forest,0.005,-1.0972669677165472,-4.014639088118202,0.005,-0.8988248122598235,0,0,0,0
456,163562,42.77,0,-1.0653035584763149,0,Random forest,0.015,-0.9976340289035129,-3.082746286745251,0.015,-0.959002210737996,0,0,0,0
456,10690,1218.89,1,-0.7939079782730238,0,Random forest,0.825,0.14937839144509826,56.67663481313162,0.825,-0.4443411581516409,0,1,1,1
456,82580,12.31,0,-1.0565974914070093,0,Random forest,0.0,-1.0771212031799806,-3.270509822125039,0.0,-0.9947646458897821,0,0,0,0
456,243848,1.0,1,-0.7190395673345157,1,Random forest,0.835,0.3088815322155425,31.459357030529883,0.835,-0.4443266399077854,1,1,1,1
456,127020,5.47,0,-1.06196996497681,0,Random forest,0.0,-0.8173566351054313,-0.6235857974765415,0.0,-0.7855821938080776,0,0,0,0
456,201418,1.98,0,-1.075957564743629,0,Random forest,0.0,-1.080441214572942,-4.13243807979423,0.0,-1.1217124003551322,0,0,0,0
456,238147,5.0,0,-0.9525827329548098,0,Random forest,0.05,-0.9835645808555639,-4.685770819172417,0.05,-0.7366478169310202,0,0,0,0
456,54657,40.0,0,-0.974615248871394,0,Random forest,0.02,-0.8537516768751089,-1.6793503194905015,0.02,-0.43985412173855426,0,0,0,1
456,284534,37.6,0,-1.0801071850808142,0,Random forest,0.0,-1.168388589179626,-6.220488350447928,0.0,-0.565568549058524,0,0,0,0
456,95383,70.0,0,-1.0678946077965885,0,Random forest,0.0,-1.1589562453679978,-3.2165545798924553,0.0,-0.6525994694899039,0,0,0,0
456,127600,45.53,0,-0.9792270874884575,0,Random forest,0.01,-1.0843126943188721,-2.7123588469882955,0.01,-0.962524532565901,0,0,0,0
456,104781,1.7,0,-1.115865069135181,0,Random forest,0.0,-1.1008286182094824,-2.718998784715566,0.0,-1.034315900805816,0,0,0,0
456,283454,47.22,0,-0.8380438202171754,0,Random forest,0.0,-1.0592610229855415,-5.654685859872144,0.0,-0.8177262506134526,0,0,0,0
456,283837,8.49,0,-1.1221281350049455,0,Random forest,0.0,-1.2309281862627592,-5.97276141980554,0.0,-0.6524628780719821,0,0,0,0
456,165790,85.75,0,-0.9086443980233452,0,Random forest,0.06,-0.7237537633959763,-2.921315835739972,0.06,-0.5214373342645383,0,0,0,0
456,74249,11.75,0,-1.1235950008311857,0,Random forest,0.0,-1.1521301898394152,-5.7822057921940315,0.0,-0.884871965595647,0,0,0,0
456,154694,346.94,1,-0.48687654462772645,1,Random forest,0.805,0.4093408723872348,40.71933038278878,0.805,-0.44433484228319037,1,1,1,1
456,243393,0.01,1,-0.6353523600809496,1,Random forest,0.93,0.5946421644981466,24.669759134092164,0.93,-0.44433741512093966,1,1,1,1
456,54980,155.94,0,-1.0287209979134802,0,Random forest,0.0,-1.1100625448207981,-2.9031286395539246,0.0,-0.6012629078882281,0,0,0,0
456,99506,489.71,1,-0.6013475330400136,1,Random forest,0.72,0.5130339690377552,17.747940646561613,0.72,-0.43863418178995983,1,1,0,1
456,82780,19.66,0,-1.0301667706891076,0,Random forest,0.0,-1.0799742522835658,-3.0181520954328303,0.0,-0.9557371842322135,0,0,0,0
456,264693,1.0,0,-1.0680787252236923,0,Random forest,0.0,-1.0838317335591652,-2.736831198307154,0.0,-0.9431204652525046,0,0,0,0
456,150601,1.0,1,-0.6769395966858741,1,Random forest,0.8,0.14938859091071574,72.63765442422799,0.8,-0.4443411581516409,0,1,1,1
456,172022,0.77,0,-0.7864380234400112,0,Random forest,0.18,0.050053019409701555,3.673379947181007,0.18,-0.4512797378030348,0,0,0,1
456,42958,9.99,1,-0.6361265415337948,1,Random forest,0.715,0.1493873368358153,57.720882126960426,0.715,-0.4443411581516409,0,1,0,1
456,58218,290.0,0,-0.7787542377887169,0,Random forest,0.06,-0.30056673838362635,0.7762993732629164,0.06,-0.39853640320226474,0,0,0,1
456,68825,27.57,0,-1.0549812093529738,0,Random forest,0.0,-0.9005286444789083,-1.9734898369854066,0.0,-0.8754273749629391,0,0,0,0
456,190730,48.0,0,-1.0156078534262778,0,Random forest,0.0,-1.0653777358349603,-4.406925191970608,0.0,-0.8320134758413307,0,0,0,0
456,80196,9.42,0,-1.0365016658959751,0,Random forest,0.025,-0.5565559634624394,-4.442217667714583,0.025,-0.496712973479328,0,0,0,0
456,197644,108.66,0,-0.9604558626818065,0,Random forest,0.0,-1.1479961100293483,-5.58037259776135,0.0,-0.745662249653618,0,0,0,0
456,4179,26.5,0,-1.1429789730935274,0,Random forest,0.0,-1.0592412649198484,-4.8475666543199845,0.0,-0.547940859851991,0,0,0,0
456,14342,21.43,0,-1.097948996670254,0,Random forest,0.005,-1.0209978217463602,-3.959097830099319,0.005,-0.48550070328719946,0,0,0,1
456,111690,238.9,1,-0.38999582004131683,1,Random forest,0.96,0.9522114551626946,25.513709436653222,0.96,-0.23315936044459315,1,1,1,1
456,149377,126.35,0,-1.0377366797022534,0,Random forest,0.14,-0.7185833769044492,-3.638373425999834,0.14,-0.5176886026989831,0,0,0,0
456,222419,0.0,1,-0.9487735288157528,0,Random forest,0.0,-0.8549131743240951,-2.9988316782079134,0.0,-0.6019199336479313,0,0,0,0
456,251891,7.06,1,-0.9707057678533418,0,Random forest,0.245,-0.6619945084590596,-0.5883885601354617,0.245,-0.5020579055005799,0,0,0,0
456,111010,121.71,0,-1.0287130255897385,0,Random forest,0.0,-1.0704271628196873,-4.492905039924582,0.0,-0.8111426595853752,0,0,0,0
456,255431,11.5,0,-0.7581402314294738,0,Random forest,0.045,-1.1028300297086595,-5.337891520906182,0.045,-0.7189261765307521,0,0,0,0
456,82017,1.78,0,-1.0368663776308709,0,Random forest,0.0,-0.9536472247660402,-2.161860301561193,0.0,-0.9742340466293061,0,0,0,0
456,119714,29.95,1,-1.0402931317179207,0,Random forest,0.12,-0.6659163824375253,-0.34717307331833025,0.12,-0.44496897062294594,0,0,0,1
456,150859,36.0,0,-1.0469060781020452,0,Random forest,0.015,-0.792304982321292,-2.3083073786092534,0.015,-0.5031986470300883,0,0,0,0
456,189306,1.0,0,-1.0831205004216797,0,Random forest,0.0,-0.9207497470434377,-4.345519745137506,0.0,-0.6954980669973242,0,0,0,0
456,95583,90.8,0,-0.8667026336236454,0,Random forest,0.155,-0.09519668915114762,-3.347378679965071,0.155,-0.44445953200668653,0,0,0,1
456,268196,14.29,0,-1.0211686435908702,0,Random forest,0.0,-0.981070398227006,-2.736894621137747,0.0,-0.7493670794082129,0,0,0,0
456,5204,424.49,0,-0.8507174941255864,0,Random forest,0.07,-0.7819772222820769,-3.0113972593942444,0.07,-0.44909583909954576,0,0,0,1
456,144925,20.0,0,-0.9884023376911781,0,Random forest,0.015,-0.696949425047775,-1.2528252304363958,0.015,-0.5448617090019975,0,0,0,0
456,253497,5.42,0,-1.114668714556517,0,Random forest,0.0,-1.1321710883819036,-5.264145612649206,0.0,-0.5316959274427917,0,0,0,0
456,62821,53.0,0,-0.8551494699276078,0,Random forest,0.0,-0.9842158343158317,-5.388485535917558,0.0,-0.6332243526686767,0,0,0,0
456,235101,189.16,0,-1.100257567658173,0,Random forest,0.005,-1.0317646165435561,-4.7564248164375185,0.005,-0.8046239794230241,0,0,0,0
456,29154,795.26,0,-0.9653989570783043,0,Random forest,0.04,-0.3887116265006477,-2.0301641240362533,0.04,-0.48369443673699697,0,0,0,1
456,272250,238.0,0,-0.8345093605696449,0,Random forest,0.095,-0.9518128772042552,-2.4174643283793724,0.095,-0.6771027332439297,0,0,0,0
456,243765,161.0,0,-1.0926677276518015,0,Random forest,0.005,-1.0992122592140567,-6.551652040906008,0.005,-0.8379067507605071,0,0,0,0
456,226814,667.55,1,-0.6561921179821841,1,Random forest,0.72,0.5308741172803269,27.296161954282745,0.72,-0.44353813027037026,1,1,0,1
456,230949,8.0,0,-1.053151350268863,0,Random forest,0.0,-1.1129732170417195,-4.079667444216293,0.0,-0.7817863228668164,0,0,0,0
456,251904,94.82,1,-0.5433446389355591,1,Random forest,0.935,1.0048641475623796,27.961029373121157,0.935,-0.41960306088910343,1,1,1,1
456,93015,1.98,0,-1.0402311570601137,0,Random forest,0.0,-1.1101557762257963,-3.2314581718669046,0.0,-1.1164684382719807,0,0,0,0
456,281167,1.89,0,-1.0980758360693115,0,Random forest,0.0,-0.9004320095166823,-2.9779494691691686,0.0,-0.7693193708480954,0,0,0,0
456,30314,7.61,1,-0.4405491322136767,1,Random forest,0.805,0.5548345363304477,40.94422790954813,0.805,-0.44434028631463335,1,1,1,1
456,265768,10.0,0,-1.0299204135189604,0,Random forest,0.0,-1.045929348713374,-4.223494423622775,0.0,-0.9550316436920541,0,0,0,0
456,137751,1.0,0,-0.9871385923044278,0,Random forest,0.03,-1.037134724567211,-2.843679158422837,0.03,-0.7956659022247603,0,0,0,0
456,148043,17.3,0,-0.9896887910244797,0,Random forest,0.01,-0.9874690955002975,-3.128947968881348,0.01,-0.46600671817860473,0,0,0,1
456,93486,0.0,1,-0.8806171539019676,0,Random forest,0.24,-0.6885858381114522,-0.7825529025926046,0.24,-0.5622768316699422,0,0,0,0
456,88876,1.0,1,-0.7302034899429907,0,Random forest,0.24,-0.4666573010978333,0.22742554681821225,0.24,-0.4671308402004114,0,0,0,1
456,44568,10.0,0,-1.0954340210345905,0,Random forest,0.0,-1.1614344390382925,-4.301669047608835,0.0,-0.859560696456962,0,0,0,0
456,168606,0.01,0,-1.052625606037525,0,Random forest,0.0,-1.1532159277319936,-5.065044839089666,0.0,-0.5874923772582946,0,0,0,0
456,274475,39.9,1,-0.9526080033030904,0,Random forest,0.63,0.27815454808798257,11.27981318270146,0.63,-0.4532361555725343,0,1,0,1
456,173325,4.0,0,-1.1896657564711266,0,Random forest,0.0,-1.1360501579951001,-4.588764170742897,0.0,-0.9084654963957286,0,0,0,0
456,278197,214.96,0,-0.7559662201799349,0,Random forest,0.02,-0.9396286589301136,-3.0746951534106746,0.02,-0.5285880747017867,0,0,0,0
456,18987,6.28,0,-1.111654283914954,0,Random forest,0.0,-1.1275903581620301,-4.184893236916375,0.0,-1.0039470188374444,0,0,0,0
456,61004,4.0,0,-1.162174614860676,0,Random forest,0.0,-1.1208670401769065,-4.658851518965111,0.0,-1.2086081371099873,0,0,0,0
456,284524,0.99,0,-1.105439399063781,0,Random forest,0.0,-1.1048910984277034,-4.7168278680381714,0.0,-1.1213825096835213,0,0,0,0
456,34267,56.97,0,-1.1527836098131208,0,Random forest,0.0,-1.1509051771572296,-4.535200349478428,0.0,-0.9220542727662284,0,0,0,0
456,237121,6.45,0,-0.955409842277709,0,Random forest,0.005,-0.771713774314459,-0.5827353666526829,0.005,-0.7953665484447373,0,0,0,0
456,208726,17.99,0,-0.7792396620078055,0,Random forest,0.055,0.03835042853178135,-4.16388467201046,0.055,-0.44456511770924817,0,0,0,1
456,162549,39.99,0,-1.1034537331270466,0,Random forest,0.005,-1.1798804785912231,-5.598783705660239,0.005,-0.7762161887532838,0,0,0,0
456,221188,189.66,0,-1.0632914472460977,0,Random forest,0.005,-1.0069557471029682,-2.418890274468884,0.005,-0.8355516587321212,0,0,0,0
456,60145,130.25,0,-1.075782293339188,0,Random forest,0.0,-1.185549965726292,-5.284738688979914,0.0,-0.7618943260614697,0,0,0,0
456,73975,11.38,0,-1.0070251418656129,0,Random forest,0.0,-0.8866139128039187,-2.289359257723081,0.0,-0.8715274863182569,0,0,0,0
456,34786,214.93,0,-1.0608344846975322,0,Random forest,0.15,-0.6702056573506655,-1.813038833617338,0.15,-0.5803403242296136,0,0,0,0
456,142019,1.0,0,-0.963889350978307,0,Random forest,0.0,-1.1687580959212345,-4.215779956057393,0.0,-0.8180352631079226,0,0,0,0
456,31713,66.28,0,-0.9346600613747277,0,Random forest,0.0,-1.097827835179207,-5.157450813244182,0.0,-0.7054174909266817,0,0,0,0
456,106735,84.55,0,-0.8811483526728769,0,Random forest,0.115,-0.44564563855472084,-0.9733599077222377,0.115,-0.639447156092481,0,0,0,0
456,109692,20.0,0,-0.6889614809102432,1,Random forest,0.12,-0.20988565469107393,-8.165611543391947,0.12,-0.444466513549257,0,0,0,1
456,105,9.47,0,-0.9241119262695761,0,Random forest,0.045,-0.4648330077801166,-2.3973463345804773,0.045,-0.5749914116625178,0,0,0,0
456,157868,0.76,1,-0.40105419450612334,1,Random forest,0.89,1.015622277954025,24.276711321142727,0.89,-0.44091931052127975,1,1,1,1
456,88636,322.0,0,-1.0224960307000497,0,Random forest,0.005,-1.028517813368856,-3.6351507801167564,0.005,-0.8544049328756484,0,0,0,0
456,163586,65.0,1,-0.461283723710359,1,Random forest,0.99,1.1149747697210186,19.918599405710403,0.99,-0.13098771664402575,1,1,1,1
456,176254,9.9,0,-1.0450885504505254,0,Random forest,0.0,-1.068270394473721,-3.622468614018204,0.0,-0.7595759442358065,0,0,0,0
456,155402,75.0,0,-0.8274754659521727,0,Random forest,0.01,-0.8388886508491511,-4.394388182062773,0.01,-0.5339860609657225,0,0,0,0
456,10497,3.79,1,-0.975354838511016,0,Random forest,0.0,-0.8614633958560184,-3.0034764016541415,0.0,-0.5910135403531479,0,0,0,0
456,204079,108.51,1,-1.0204403381525746,0,Random forest,0.0,-1.1415897997712925,-3.1821912729731925,0.0,-0.9297707859915891,0,0,0,0
456,76555,153.46,1,-0.6849880758139402,1,Random forest,0.805,0.30379903101863037,39.780699530795246,0.805,-0.44434111009816857,1,1,1,1
456,51104,25.0,0,-1.0099697894592472,0,Random forest,0.07,-0.8202915252106692,-2.256040081763455,0.07,-0.457820201199739,0,0,0,1
456,36973,45.0,0,-1.0461071526947183,0,Random forest,0.0,-1.204198616424361,-4.656469873724282,0.0,-0.7176658979040962,0,0,0,0
456,43681,53.95,1,-0.7656726052204672,0,Random forest,0.785,0.1493787734710026,56.797827001064505,0.785,-0.4443411581516409,0,1,1,1
456,219273,74.0,0,-0.9506727610796153,0,Random forest,0.02,-0.9981564541254225,-2.318580637164046,0.02,-0.8429349223087715,0,0,0,0
456,64027,28.0,0,-1.0058555821427682,0,Random forest,0.0,-1.1211587189358034,-3.314874403072087,0.0,-1.0783102482602203,0,0,0,0
456,271945,1923.95,0,-0.8436408215494583,0,Random forest,0.1,0.11656532826978096,1.21453785047711,0.1,-0.444341168521038,0,0,0,1
456,43204,106.55,1,-0.6346380826848628,1,Random forest,0.79,0.1493806902869399,55.3867044055257,0.79,-0.4443411581516409,0,1,1,1
456,172479,25.0,0,-0.8878574588751902,0,Random forest,0.0,-0.898632591171651,-4.111226637609034,0.0,-0.5785041438783203,0,0,0,0
456,128392,9.99,0,-1.0782829933759428,0,Random forest,0.0,-1.22664900238258,-5.013364282776083,0.0,-0.7828926384746675,0,0,0,0
456,97775,1.0,0,-0.9472804027052277,0,Random forest,0.0,-0.927001979424999,-1.6950786995715053,0.0,-0.9005551951921331,0,0,0,0
456,185251,223.94,0,-0.8484174698905134,0,Random forest,0.05,-0.537397249403386,-0.6948982226636091,0.05,-0.5589069087803819,0,0,0,0
456,261651,1.0,0,-1.0001959544191406,0,Random forest,0.0,-1.0035262742463593,-4.186923350768851,0.0,-1.0166949362992992,0,0,0,0
456,182931,18.9,0,-1.044742575939946,0,Random forest,0.0,-1.1062739252911664,-4.31198371998934,0.0,-0.7235664721614723,0,0,0,0
456,244333,1.0,1,-0.6921969193438001,1,Random forest,0.86,0.3191239717709886,30.988905986753213,0.86,-0.44432587589554967,1,1,1,1
456,33405,46.91,0,-1.1160346218596322,0,Random forest,0.0,-1.1130380465029723,-4.899118860405582,0.0,-0.7783916124530268,0,0,0,0
456,245235,5.0,0,-1.0031199982573198,0,Random forest,0.0,-1.0959831686757957,-3.381125439235509,0.0,-0.5799475477314711,0,0,0,0
456,214636,25.0,0,-1.1223369736664877,0,Random forest,0.0,-1.1397931517936668,-4.587455788658945,0.0,-0.7177060658077945,0,0,0,0
456,83658,1.0,0,-0.8936902751568933,0,Random forest,0.0,-0.8934706499645612,-1.5031058800169674,0.0,-0.8829735727146295,0,0,0,0
456,251798,813.45,0,-0.9148793090280404,0,Random forest,0.085,-0.34243845181896404,-1.0067038505663455,0.085,-0.46882535024067695,0,0,0,1
456,49908,2216.5,0,-0.7016485319451057,1,Random forest,0.07,0.126817396268103,5.314501189909131,0.07,-0.4443411731578321,0,0,0,1
456,82405,44.39,0,-1.0551617058889282,0,Random forest,0.0,-0.8985178593089317,-1.7247033776319995,0.0,-0.8868591334443641,0,0,0,0
456,63421,99.99,1,-0.4161413187583005,1,Random forest,0.74,0.35228257430190746,34.6262949601014,0.74,-0.44434106842998283,1,1,0,1
456,271393,4.86,0,-1.1129742687394006,0,Random forest,0.0,-0.9636665607069222,-2.189125727000653,0.0,-0.9927491918875013,0,0,0,0
456,11622,5.0,0,-1.1332447132178094,0,Random forest,0.085,-0.8660515189644044,-2.7498821041582775,0.085,-0.6102782529371304,0,0,0,0
456,134800,1.0,0,-0.7916996412728301,0,Random forest,0.16,0.13695838545770675,2.760090733619829,0.16,-0.4443411581516409,0,0,0,1
456,102444,1.0,1,-0.7244473782470698,1,Random forest,0.215,0.14937839144509826,15.973625417808886,0.215,-0.4443411581516409,0,1,0,1
456,43147,23.5,0,-1.1540395933480756,0,Random forest,0.01,-1.0102609534587712,-2.0438250039797303,0.01,-0.5685664857900969,0,0,0,0
456,24939,69.9,0,-0.9416140153093708,0,Random forest,0.0,-1.0764187085384207,-4.314740782592376,0.0,-0.8115303108479841,0,0,0,0
456,11376,39.95,0,-1.0862212106661835,0,Random forest,0.0,-1.0167424671814613,-3.2811224040805143,0.0,-0.6407326633005045,0,0,0,0
456,17936,140.0,0,-1.06166263507434,0,Random forest,0.01,-1.002798726014257,-2.4858410127908446,0.01,-0.9433360503225234,0,0,0,0
456,230524,16.01,0,-1.0982673147662387,0,Random forest,0.01,-1.0313741305945392,-4.139574458144925,0.01,-0.5974009471561718,0,0,0,0
456,216233,0.69,0,-1.103147877414032,0,Random forest,0.0,-0.7563894645298437,-2.6384496178103976,0.0,-0.8436123477996539,0,0,0,0
456,171498,10.0,0,-0.9275450871959637,0,Random forest,0.0,-1.105217502497669,-5.82535158367747,0.0,-0.8542613730153115,0,0,0,0
456,110287,14.32,0,-1.0020182655468797,0,Random forest,0.0,-1.104220952041173,-3.0935439021819637,0.0,-1.0992019886861628,0,0,0,0
456,237232,1.98,0,-1.0274114296257137,0,Random forest,0.0,-0.9176835200193799,-2.6850284079764277,0.0,-0.8280313413785461,0,0,0,0
456,37448,150.0,0,-0.9885887452543356,0,Random forest,0.0,-1.0036602019338934,-3.859003590952976,0.0,-0.71306377011674,0,0,0,0
456,73175,69.45,0,-1.0201692252504326,0,Random forest,0.0,-1.1503798506670517,-3.5658972464404095,0.0,-1.0956220052987775,0,0,0,0
456,101750,1148.8,0,-0.836797384637225,0,Random forest,0.095,0.17264353670095814,0.4955234974130205,0.095,-0.44497539732168073,0,0,0,1
456,193812,0.0,0,-0.9402693529110128,0,Random forest,0.035,-0.29497091211469795,1.8882552120141556,0.035,-0.46964398240072813,0,0,0,1
456,51273,13.48,0,-1.1825428339895474,0,Random forest,0.0,-1.0899762800052637,-4.035683821113244,0.0,-0.8632806724608261,0,0,0,0
456,136133,12.37,0,-0.9909764297271092,0,Random forest,0.0,-1.131560969592581,-4.685005489985832,0.0,-0.71071047375018,0,0,0,0
456,59971,9.21,0,-0.8861260605406519,0,Random forest,0.1,-0.2553904056087397,-2.1834007430107993,0.1,-0.49704351902066,0,0,0,0
456,172209,20.86,0,-1.131751012652312,0,Random forest,0.055,-0.7593048516943761,-0.35820624653794786,0.055,-0.5915298124843195,0,0,0,0
456,60693,2.0,0,-0.9836956987304855,0,Random forest,0.0,-1.0935133551638543,-4.247147026145742,0.0,-0.6411631004670616,0,0,0,0
456,59294,130.0,0,-1.0142559051020834,0,Random forest,0.0,-1.1020205126749547,-3.6750559103915097,0.0,-0.692220091878796,0,0,0,0
456,4588,10.0,0,-1.0736150151711419,0,Random forest,0.0,-1.2116189780085143,-4.959590954830725,0.0,-0.6200858298389363,0,0,0,0
456,185109,70.2,0,-1.1064392071055538,0,Random forest,0.005,-1.1497443584605758,-5.544364943292659,0.005,-1.0051668504977143,0,0,0,0
456,252196,15.0,0,-1.108808058417668,0,Random forest,0.0,-1.215064874136804,-5.0276597723598275,0.0,-0.8451714010454476,0,0,0,0
456,172258,15.0,0,-1.0856413265651872,0,Random forest,0.0,-0.9778277349959915,-2.4366476746420447,0.0,-0.7801022229116105,0,0,0,0
456,62074,15.0,0,-0.8557003339648754,0,Random forest,0.02,-0.8125136501995293,-4.630416253535824,0.02,-0.4892494497819483,0,0,0,1
456,252124,0.77,1,-0.5125609055808895,1,Random forest,0.93,0.8826605380342404,27.297045134736877,0.93,-0.3491884329736622,1,1,1,1
456,208855,500.0,0,-0.863688161745221,0,Random forest,0.1,-0.6131202158321207,-1.9850866445647914,0.1,-0.5946834131709593,0,0,0,0
456,220428,1.0,0,-0.9235392691599544,0,Random forest,0.0,-1.0260032274643194,-6.303989606203038,0.0,-0.6135849481385152,0,0,0,0
456,154587,0.0,1,-0.8546750061362609,0,Random forest,0.74,0.14937839144509826,70.27971523342006,0.74,-0.4443411581516409,0,1,0,1
456,19736,12.0,0,-1.0186052363266311,0,Random forest,0.045,-0.8912055105470341,-3.010461831614406,0.045,-0.7179767026977548,0,0,0,0
456,251006,6.24,0,-0.9070013705499371,0,Random forest,0.0,-1.248441367161983,-5.028866722560259,0.0,-1.031089882155611,0,0,0,0
456,249239,1096.99,1,-0.7771280609423232,0,Random forest,0.18,0.016429412997417986,1.9714181884244164,0.18,-0.4513620450766852,0,0,0,1
456,101292,9.0,0,-1.1555844567426807,0,Random forest,0.0,-1.0281794665659492,-3.2200592117218774,0.0,-0.501728067409941,0,0,0,0
456,46918,648.0,1,-0.6832619416044502,1,Random forest,0.805,0.21971433174591048,46.262416263117885,0.805,-0.44434113809192005,0,1,1,1
456,267661,54.95,0,-0.9960178216004886,0,Random forest,0.005,-1.0618594209885024,-4.170627845452503,0.005,-0.7755233051833808,0,0,0,0
456,39313,75.31,0,-1.1023387188543357,0,Random forest,0.0,-1.0362559433818601,-2.4434769893230737,0.0,-0.7034078097340729,0,0,0,0
456,268984,154.1,0,-0.9356538903727789,0,Random forest,0.02,-0.9455077638734458,-3.620109862744618,0.02,-0.4857879238033339,0,0,0,1
456,44332,23.0,0,-1.0191044284003683,0,Random forest,0.0,-1.1380455001323693,-3.716846593043314,0.0,-1.1237188433227443,0,0,0,0
456,48487,17.99,0,-1.020572126629715,0,Random forest,0.0,-0.9397663600880609,-1.8232606188536442,0.0,-0.8801806461040282,0,0,0,0
456,15373,219.52,0,-1.0186827328973629,0,Random forest,0.005,-1.017656576869624,-3.6223815545356617,0.005,-0.9016143025434451,0,0,0,0
456,164987,19.6,0,-1.1038173224258767,0,Random forest,0.0,-1.1604009708765655,-5.184901623553115,0.0,-0.893873409190871,0,0,0,0
456,221088,76.57,0,-1.1511606129668728,0,Random forest,0.05,-0.8327589527857396,-2.9597625125807108,0.05,-0.6625003973079815,0,0,0,0
456,56902,15.49,0,-1.1819917108992999,0,Random forest,0.02,-1.0637893313467708,-3.981532484692482,0.02,-1.057421803537959,0,0,0,0
456,13232,78.13,0,-1.086805384109367,0,Random forest,0.0,-1.1065616474579614,-4.35683955105706,0.0,-0.551325975832707,0,0,0,0
456,103609,339.0,0,-0.8113315175956524,0,Random forest,0.005,-0.6398493352801814,-2.580167747783085,0.005,-0.5635824458502465,0,0,0,0
456,215892,43.0,0,-1.0888249069422715,0,Random forest,0.0,-1.071957875658851,-3.8248454541223875,0.0,-1.044472585963461,0,0,0,0
456,128832,15.29,0,-1.1061851827390539,0,Random forest,0.0,-1.0959271193121156,-4.87604686995779,0.0,-1.0019604145576757,0,0,0,0
456,14240,15.0,0,-0.9203336709387564,0,Random forest,0.07,-0.6754321055241764,-2.6081153312598593,0.07,-0.5978653777516691,0,0,0,0
456,196757,11.5,0,-1.0711945018839015,0,Random forest,0.0,-1.2056350080729554,-5.601832955255427,0.0,-0.872170157180763,0,0,0,0
456,145925,1.0,0,-1.0830534229386939,0,Random forest,0.0,-1.099664328429162,-3.7685227239836077,0.0,-1.0337362846249079,0,0,0,0
456,263357,24.39,0,-0.9291582527758472,0,Random forest,0.01,-0.8551443517946432,-1.8728515900873153,0.01,-0.8463980809107665,0,0,0,0
456,75172,6.6,0,-0.9897458480515507,0,Random forest,0.02,-0.9529981594720808,-4.382107768302687,0.02,-0.6310949148195901,0,0,0,0
456,212318,27.1,0,-1.0351862498009818,0,Random forest,0.0,-1.1223950012247432,-4.188081734278667,0.0,-0.47529622173901775,0,0,0,1
456,4683,27.99,0,-1.1434077165913021,0,Random forest,0.0,-1.0818264081950226,-4.068224124829884,0.0,-0.8523182699734764,0,0,0,0
456,30442,4.56,1,-0.5446686111811929,1,Random forest,0.84,0.6679693584545228,38.97657252272291,0.84,-0.4443409470710044,1,1,1,1
456,278629,291.6,0,-0.43850324167085325,1,Random forest,0.17,-0.30269194835560054,0.20825908984572372,0.17,-0.519217754523515,0,0,0,0
456,86291,1.79,0,-1.0716922699995646,0,Random forest,0.0,-0.9128462803905911,-1.8548141921633623,0.0,-0.5742480541851572,0,0,0,0
456,154697,7.59,1,-0.6237581203269053,1,Random forest,0.77,0.5429288762596339,33.140495201555794,0.77,-0.4443411291866592,1,1,0,1
456,46394,89.99,0,-0.984275882433502,0,Random forest,0.105,-0.4732075418628311,0.23482613821438303,0.105,-0.46312856829206017,0,0,0,1
456,658,8.83,0,-1.1628464272050854,0,Random forest,0.0,-1.0079767668607318,-2.2574990106569373,0.0,-1.11881892332219,0,0,0,0
456,70339,109.47,0,-1.1425536732368795,0,Random forest,0.0,-1.0972971899359698,-4.8293947491968385,0.0,-0.9059952338824449,0,0,0,0
456,102750,8.99,0,-1.213616543364861,0,Random forest,0.0,-1.0715448757304882,-3.0245721865000443,0.0,-0.9436333311644511,0,0,0,0
456,151618,3.89,0,-0.9291804907395624,0,Random forest,0.285,-0.6655815615436173,-2.4825916831942987,0.285,-0.4567000265485736,0,0,0,1
456,203078,40.0,0,-1.1181613869162812,0,Random forest,0.0,-1.055446427971004,-3.208183423396286,0.0,-1.0514367744335766,0,0,0,0
456,23614,1456.08,0,-0.7804159163326858,0,Random forest,0.065,0.06459714379664373,1.8715148952405514,0.065,-0.4499681177180877,0,0,0,1
456,65775,15.36,0,-1.0395763659690673,0,Random forest,0.0,-1.1109760911401805,-3.3885421116133054,0.0,-1.0969260204910158,0,0,0,0
456,243699,1.0,1,-0.6544858378566321,1,Random forest,0.895,0.27845734373802133,31.44821558691063,0.895,-0.4443355389344157,0,1,1,1
456,10898,15.0,0,-0.8474213532694489,0,Random forest,0.0,-0.9667309885006959,-4.4324731382132585,0.0,-0.5270474733475556,0,0,0,0
456,207294,49.99,0,-1.1748229755455601,0,Random forest,0.0,-0.9716590466010929,-3.7647322400178913,0.0,-0.8317276025023463,0,0,0,0
456,277419,1.79,0,-1.0498388565876526,0,Random forest,0.0,-1.110851974599836,-4.022341961639404,0.0,-1.0816833623985136,0,0,0,0
456,45854,9.95,0,-1.0718517449529845,0,Random forest,0.05,-0.6532881591489291,-3.449349132681141,0.05,-0.527604139055893,0,0,0,0
456,72757,1.79,1,-1.0153050453514625,0,Random forest,0.0,-0.9217373338923808,-2.4454483360906467,0.0,-0.4816234371585186,0,0,0,1
456,204167,75.99,0,-0.9460833236904274,0,Random forest,0.0,-1.135008376686654,-6.300485336953104,0.0,-0.4706820168255742,0,0,0,1
456,10987,3.56,0,-1.029105096235857,0,Random forest,0.0,-0.9576124655265886,-2.4850772602608444,0.0,-0.743532734775864,0,0,0,0
456,9035,1.0,1,-0.8500411911137883,0,Random forest,0.785,0.1494435778668974,72.37548145716137,0.785,-0.4443411581516409,0,1,1,1
456,128892,357.0,0,-0.8769423954061011,0,Random forest,0.005,-0.8982131123122291,-1.6725073286437242,0.005,-0.49616615151334004,0,0,0,0
456,34634,11.46,0,-1.05777630264816,0,Random forest,0.045,-0.5391446958777484,-1.2106314063563337,0.045,-0.7009922330763099,0,0,0,0
456,112867,18.91,0,-1.0397882564000915,0,Random forest,0.0,-1.1526141338391385,-3.8103374393194467,0.0,-1.0174520270297538,0,0,0,0
456,134925,28.2,0,-0.974559655556029,0,Random forest,0.0,-1.1410418416067722,-3.3503612880713263,0.0,-0.7628903543090736,0,0,0,0
456,117176,2.49,0,-0.9472750389511018,0,Random forest,0.0,-0.9575166944983479,-2.8431028174386235,0.0,-0.8496357532121943,0,0,0,0
456,97014,1.79,0,-1.1687034638717877,0,Random forest,0.0,-1.0444799397130837,-3.8472869183447362,0.0,-0.8984777989855617,0,0,0,0
456,59539,19.73,1,-0.6174666180943896,1,Random forest,0.96,0.9303416075260019,13.432668944142009,0.96,-0.40769014300893497,1,1,1,1
456,206803,9.84,0,-1.1212070282349016,0,Random forest,0.015,-0.8916648665075867,-3.0999192195328544,0.015,-0.9546424101777997,0,0,0,0
456,136175,10.0,0,-0.9470901545936112,0,Random forest,0.0,-0.9198287379970423,-2.133532931023736,0.0,-0.8443049876379087,0,0,0,0
456,192592,24.86,0,-0.932799533193291,0,Random forest,0.0,-1.0976417215116117,-3.8064008822994864,0.0,-0.5925451165668053,0,0,0,0
456,246179,64.99,0,-1.145287091523747,0,Random forest,0.0,-1.1810986174860223,-5.398083096647655,0.0,-1.007803790702807,0,0,0,0
456,33276,12.31,1,-0.6297111023599318,1,Random forest,0.53,0.2077816437031761,11.111062912782511,0.53,-0.44434115815162084,0,1,0,1
789,280304,123.29,0,-1.3920138119269079,0,Logistic regression,-3.5502035829864416,-1.1995996634592474,-3.5502035829864416,0.0,-0.8973933494247904,0,0,0,0
789,231129,165.24,0,-1.1508267846450946,0,Logistic regression,-4.796992177156509,-1.2408642340678944,-4.796992177156509,0.0,-0.896692316643413,0,0,0,0
789,180872,3460.56,0,-0.9130155085325542,0,Logistic regression,-5.7571070345312965,0.2431507824620399,-5.7571070345312965,0.045,-0.8966596253570011,1,0,0,0
789,277414,52.0,0,-1.0711449934000725,0,Logistic regression,-3.9881667489680233,-1.2165799301372202,-3.9881667489680233,0.0,-0.8966598954747461,0,0,0,0
789,248216,28.0,0,-0.8810271588193902,1,Logistic regression,-2.030042895274993,-1.0019705387749582,-2.030042895274993,0.01,-0.8966596254908472,0,0,0,0
789,18809,30.3,1,-0.7237370280520785,1,Logistic regression,11.28789608707807,0.49340682928186536,11.28789608707807,0.34,-0.8966596253570011,1,1,1,0
789,112247,99.0,0,-1.343966784672701,0,Logistic regression,-3.1760311648672888,-1.172770754175355,-3.1760311648672888,0.005,-0.8966659215410219,0,0,0,0
789,135829,196.5,0,-0.9902188579831113,0,Logistic regression,-5.480754792957972,-1.1484824926993948,-5.480754792957972,0.0,-0.8966596933061669,0,0,0,0
789,15506,99.99,1,-0.8447829926774155,1,Logistic regression,27.43974885017748,0.2592028776317308,27.43974885017748,0.535,-0.8966596253570011,1,1,1,0
789,154088,15.95,0,-1.2946244890946024,0,Logistic regression,-0.15351160994184232,-0.5101402969264857,-0.15351160994184232,0.035,-0.8966597132925423,0,0,0,0
789,256516,10.0,0,-1.1322796525975867,0,Logistic regression,-3.7575360260215698,-1.2234859599730639,-3.7575360260215698,0.0,-0.8971105867235273,0,0,0,0
789,281144,245.0,1,-0.9076826907882679,0,Logistic regression,13.014671459844662,0.6958814515643275,13.014671459844662,0.54,-0.8966596253570011,1,1,1,0
789,8312,1.0,1,-0.7904752281577259,1,Logistic regression,16.77650541388876,0.42271090668794387,16.77650541388876,0.775,-0.8966596253570011,1,1,1,0
789,18315,96.0,0,-1.1875578003590428,0,Logistic regression,-3.459980043394968,-0.9090852017848463,-3.459980043394968,0.0,-0.8966596254554853,0,0,0,0
789,125567,64.11,0,-0.7814951663490054,1,Logistic regression,-6.140328076117488,-0.5433207039343144,-6.140328076117488,0.005,-0.8966596253573039,0,0,0,0
789,223366,1.0,1,-0.9073464507326957,0,Logistic regression,10.679759161035244,0.5200001212868499,10.679759161035244,0.845,-0.8966596253570011,1,1,1,0
789,187833,47.85,0,-1.3073250527216342,0,Logistic regression,-1.7973707473827765,-0.8819127490508587,-1.7973707473827765,0.005,-0.9012245262448904,0,0,0,0
789,21190,70.0,0,-1.4055411070105652,0,Logistic regression,-2.4044538408127103,-1.0814666139755853,-2.4044538408127103,0.0,-0.8966653238623898,0,0,0,0
789,150715,11.4,1,-0.7567805919362395,1,Logistic regression,41.499221902796194,0.2592308876581663,41.499221902796194,0.895,-0.8966596253570011,1,1,1,0
789,281340,209.9,0,-1.157218023920587,0,Logistic regression,-0.745936301944992,-0.5650665620576794,-0.745936301944992,0.035,-0.8966596941775089,0,0,0,0
789,265922,1.98,0,-0.9531764778902311,0,Logistic regression,-2.7415824810052216,-1.0068372128447245,-2.7415824810052216,0.175,-0.8966596518800206,0,0,0,0
789,54274,81.88,0,-1.531885091252906,0,Logistic regression,-2.49336232780762,-0.8748968653890852,-2.49336232780762,0.0,-0.8966596253570011,0,0,0,0
789,46998,204.27,1,-0.8602444772911783,1,Logistic regression,9.21868956235499,0.427121626077185,9.21868956235499,0.59,-0.8966596253570011,1,1,1,0
789,213718,19.89,0,-0.8463182824620951,1,Logistic regression,-3.0865730566422562,-0.9809128743806088,-3.0865730566422562,0.0,-0.8966604616681909,0,0,0,0
789,151454,0.01,0,-0.9430667164676962,0,Logistic regression,-0.74408070154267,-0.4333009503117801,-0.74408070154267,0.12,-0.8966596253570011,0,0,0,0
789,99759,19.99,0,-0.936210337322982,0,Logistic regression,-3.5615603508271665,-1.0991786993319008,-3.5615603508271665,0.0,-0.8966620175413322,0,0,0,0
789,196318,2.56,0,-0.6675941052962889,1,Logistic regression,-0.7829497049613341,-0.6245317565711814,-0.7829497049613341,0.335,-0.8966596959890945,0,0,1,0
789,253667,68.25,0,-1.0360526086396962,0,Logistic regression,-6.130333633957338,-1.228170742123426,-6.130333633957338,0.0,-0.8967120177692284,0,0,0,0
789,29596,6.03,0,-1.5207485582032205,0,Logistic regression,-2.6442011042803433,-1.1008281765153394,-2.6442011042803433,0.005,-0.8966607088600053,0,0,0,0
789,214463,23.99,0,-1.1930229064470288,0,Logistic regression,-2.988220906575874,-1.1285287729525912,-2.988220906575874,0.0,-0.8968377540755168,0,0,0,0
789,74496,0.83,1,-0.819252290260869,1,Logistic regression,28.681069817392505,0.44261399810256513,28.681069817392505,0.595,-0.8966596253570011,1,1,1,0
789,154234,1.0,1,-0.7651702526242103,1,Logistic regression,42.48930636877416,0.2592566293798908,42.48930636877416,0.665,-0.8966596253570011,1,1,1,0
789,117212,11.94,0,-1.3907489855458255,0,Logistic regression,-2.47019165099496,-0.9750823568697493,-2.47019165099496,0.05,-0.8969392906025643,0,0,0,0
789,111367,22.0,0,-1.2969797439048047,0,Logistic regression,-3.5759172465948703,-1.1069980273887765,-3.5759172465948703,0.005,-0.896665439524585,0,0,0,0
789,200104,200.0,0,-0.7846800223744531,1,Logistic regression,0.47178341540338886,-0.1829751336984965,0.47178341540338886,0.05,-0.8966596253585033,0,0,0,0
789,208456,8.36,0,-1.069996775899822,0,Logistic regression,-3.97554805794028,-1.2539267074952063,-3.97554805794028,0.0,-0.8966626879726007,0,0,0,0
789,13319,511.0,0,-0.9798806326131237,0,Logistic regression,-1.8974609734886823,-0.4789480883240637,-1.8974609734886823,0.01,-0.8966596253570011,0,0,0,0
789,98200,64.49,0,-0.9252992078587803,0,Logistic regression,-2.938169372138388,-1.1174616053152184,-2.938169372138388,0.02,-0.8972252754615224,0,0,0,0
789,156007,11.27,0,-1.098571532571331,0,Logistic regression,-1.5144510165240528,-0.7785065187794351,-1.5144510165240528,0.02,-0.8967820891506918,0,0,0,0
789,258923,130.47,0,-1.1909183269343921,0,Logistic regression,-2.452443577499606,-1.108567155003594,-2.452443577499606,0.0,-0.8966596312797636,0,0,0,0
789,71242,120.9,0,-0.9768007544101438,0,Logistic regression,-3.579037536380292,-1.1939973872473284,-3.579037536380292,0.0,-0.8968213202791919,0,0,0,0
789,22241,101.74,0,-0.9703342631554517,0,Logistic regression,-6.998915120300358,-0.9399437754482298,-6.998915120300358,0.0,-0.8966598944402816,0,0,0,0
789,101381,33.99,0,-1.0790606431563687,0,Logistic regression,-3.3212154156440397,-1.1927429552852786,-3.3212154156440397,0.0,-0.8967225116208066,0,0,0,0
789,26663,16.66,0,-1.2141878455119484,0,Logistic regression,-3.646447968961773,-1.2220467549664285,-3.646447968961773,0.0,-0.8970543479169831,0,0,0,0
789,264443,18.6,0,-1.4027660810433278,0,Logistic regression,-3.1398169521394337,-1.1631428605236789,-3.1398169521394337,0.0,-0.8966739464206329,0,0,0,0
789,10497,3.79,1,-1.0086231566422539,0,Logistic regression,-0.25858684586712366,-0.5342295337637144,-0.25858684586712366,0.015,-0.8970572477531304,0,0,0,0
789,80760,113.92,1,-0.7994057591308122,1,Logistic regression,17.801127168355297,0.6630658620052328,17.801127168355297,0.765,-0.8966596253570011,1,1,1,0
789,259326,20.0,0,-1.2667267590564015,0,Logistic regression,-3.8339627365653914,-1.233635795205919,-3.8339627365653914,0.0,-0.8968005565708795,0,0,0,0
789,32041,9.99,0,-1.1170855272874944,0,Logistic regression,-3.7367525061633176,-1.220702931707612,-3.7367525061633176,0.0,-0.902644504313518,0,0,0,0
789,83417,5.91,1,-0.8307833124443251,1,Logistic regression,18.214091419689247,0.5398075118570069,18.214091419689247,0.25,-0.8966596253570011,1,1,0,0
789,66385,185.87,0,-1.2614273973112262,0,Logistic regression,-5.006408403893541,-1.259320567557059,-5.006408403893541,0.0,-0.8966597567137624,0,0,0,0
789,176049,2125.87,1,-0.8044345939548632,1,Logistic regression,-3.75507949800343,0.04146325440997242,-3.75507949800343,0.04,-0.8966596253570013,1,0,0,0
789,4662,3.79,0,-1.4521396707415593,0,Logistic regression,-1.0357336116086486,-0.8070345095848852,-1.0357336116086486,0.0,-0.9083408266175316,0,0,0,0
789,116780,6.4,0,-1.0933775171486595,0,Logistic regression,-1.755859971072451,-0.8705732097434975,-1.755859971072451,0.06,-0.8966628751917619,0,0,0,0
789,61366,104.56,0,-1.130243495332432,0,Logistic regression,-4.326824433516055,-1.1999887778961125,-4.326824433516055,0.0,-0.896659625449807,0,0,0,0
789,115318,6.99,0,-1.0857737122297446,0,Logistic regression,-2.187076413100281,-1.006590879734145,-2.187076413100281,0.0,-0.8976075553174122,0,0,0,0
789,90549,19.98,0,-1.127992377192209,0,Logistic regression,-3.19926319019684,-1.1780997800451156,-3.19926319019684,0.0,-0.8977549724685024,0,0,0,0
789,109331,1.54,0,-0.6963664378585434,1,Logistic regression,-0.9527417961817894,-0.6218016525795174,-0.9527417961817894,0.03,-0.9004148685280575,0,0,0,0
789,32894,32.18,0,-1.1911372461741356,0,Logistic regression,-4.761084697038326,-0.987561405582037,-4.761084697038326,0.0,-0.8966600187632374,0,0,0,0
789,27350,50.0,0,-1.1466543824861761,0,Logistic regression,-3.667630451820033,-0.8895705091033304,-3.667630451820033,0.005,-0.8966616065315701,0,0,0,0
789,227375,3.03,0,-0.8852879333712727,1,Logistic regression,-5.274249286625416,-1.0457821516424786,-5.274249286625416,0.01,-0.8966622622588583,0,0,0,0
789,202098,15.0,0,-1.3436358076594903,0,Logistic regression,-1.634826500709949,-0.9447575227972995,-1.634826500709949,0.005,-0.8968898784193594,0,0,0,0
789,8917,200.05,0,-0.9514879742589609,0,Logistic regression,-2.0445315745450943,-0.620915054686249,-2.0445315745450943,0.01,-0.8966596253570012,0,0,0,0
789,101944,13.41,0,-1.2897907537087732,0,Logistic regression,-4.85412779375088,-1.2260726062008729,-4.85412779375088,0.0,-0.8966598516474765,0,0,0,0
789,121648,136.18,0,-1.4104759395275779,0,Logistic regression,-2.5293429153187548,-1.0748561773221403,-2.5293429153187548,0.0,-0.896670994483572,0,0,0,0
789,252290,44.0,0,-1.3280180393948844,0,Logistic regression,-3.5185596598449767,-1.1144439052153008,-3.5185596598449767,0.0,-0.896660545143185,0,0,0,0
789,239949,9.99,0,-1.03243919038464,0,Logistic regression,-2.756406875364986,-1.024983097874845,-2.756406875364986,0.0,-0.8966598325240472,0,0,0,0
789,257713,106.31,0,-1.1492868817891302,0,Logistic regression,-2.065846816384909,-0.9044410352655885,-2.065846816384909,0.0,-0.8966597442255667,0,0,0,0
789,135873,15.0,0,-1.120303633584264,0,Logistic regression,-2.910181393117207,-0.8630768206391248,-2.910181393117207,0.005,-0.8966597331756019,0,0,0,0
789,45474,4.0,0,-1.1453094949622464,0,Logistic regression,-2.701816506831522,-1.060393837608183,-2.701816506831522,0.0,-0.8966881426589303,0,0,0,0
789,258403,296.0,1,-0.8022836830660871,1,Logistic regression,6.661360374794084,0.25221231861237703,6.661360374794084,0.495,-0.8966596253570011,1,1,1,0
789,95597,1354.25,1,-0.7489793259681073,1,Logistic regression,12.977521651913541,0.37926301195789264,12.977521651913541,0.33,-0.8966596253570011,1,1,1,0
789,176794,7.55,0,-1.1776584671619836,0,Logistic regression,-2.2723068243307747,-1.0672639288081185,-2.2723068243307747,0.0,-0.8967439834551348,0,0,0,0
789,102445,1.0,1,-0.7209460652132791,1,Logistic regression,7.063581266811697,0.2592028776313519,7.063581266811697,0.445,-0.8966596253570011,1,1,1,0
789,253023,1.0,0,-1.0021160094366819,0,Logistic regression,3.1669506511263923,0.17691999730546557,3.1669506511263923,0.35,-0.8966596253569745,1,0,1,0
789,189918,50.0,0,-1.6326711574168762,0,Logistic regression,-2.605962860762329,-1.0406463496696092,-2.605962860762329,0.0,-0.8977762333820242,0,0,0,0
789,191359,4.87,1,-0.7782800509450811,1,Logistic regression,11.864433766548208,0.6001636611859666,11.864433766548208,0.775,-0.8966596253570011,1,1,1,0
789,30473,14.46,1,-0.880779116921501,1,Logistic regression,22.702646644733978,0.39100763788899395,22.702646644733978,0.565,-0.8966596253570011,1,1,1,0
789,247995,51.37,1,-0.854699788483946,1,Logistic regression,9.892637700651173,0.4863805743169569,9.892637700651173,0.735,-0.8966596253570011,1,1,1,0
789,144308,1.29,0,-0.8877566676690731,1,Logistic regression,-0.9420033761433215,-0.6938574564436719,-0.9420033761433215,0.015,-0.9446377254315987,0,0,0,0
789,12261,1.0,1,-0.9005785941171297,0,Logistic regression,47.734260932589706,0.25921409438142934,47.734260932589706,0.815,-0.8966596253570011,1,1,1,0
789,219892,0.76,1,-0.5233899242979294,1,Logistic regression,2.5982547568573726,0.03224344069833002,2.5982547568573726,0.68,-0.8966596253570027,0,0,1,0
789,215743,15.0,0,-1.2666296880002768,0,Logistic regression,-4.0247530574692325,-1.1043672473020496,-4.0247530574692325,0.0,-0.8966601050800858,0,0,0,0
789,284136,63.9,0,-1.1440591859424132,0,Logistic regression,-4.272289145532753,-1.0249437049816799,-4.272289145532753,0.0,-0.896792391659005,0,0,0,0
789,87509,95.77,0,-0.8632071462294364,1,Logistic regression,-7.798034203595737,-0.867188686021759,-7.798034203595737,0.005,-0.8966596253648395,0,0,0,0
789,243226,13.92,0,-1.434484920863064,0,Logistic regression,-2.365171633786345,-0.8718532620192445,-2.365171633786345,0.0,-0.8971868575305482,0,0,0,0
789,50340,435.7,0,-1.2170482826428854,0,Logistic regression,-3.8024419868006474,-1.1877844188852245,-3.8024419868006474,0.0,-0.8966785211398705,0,0,0,0
789,249239,1096.99,1,-1.0076424595981204,0,Logistic regression,-2.8646913129686413,-0.5950906856537992,-2.8646913129686413,0.04,-0.8966596253570863,0,0,0,0
789,105122,107.61,0,-1.008957640724891,0,Logistic regression,-3.0144706311635883,-1.1141374287581869,-3.0144706311635883,0.0,-0.8966598636452122,0,0,0,0
789,79087,10.31,0,-1.4567985927189477,0,Logistic regression,-2.9276602083858334,-1.0512623935978775,-2.9276602083858334,0.0,-0.9087535825733472,0,0,0,0
789,173006,266.95,0,-1.203755258380106,0,Logistic regression,-1.6961774884623948,-0.7684204405716188,-1.6961774884623948,0.1,-0.8966604927554389,0,0,0,0
789,98440,15.0,0,-1.2069485101257196,0,Logistic regression,-3.5966544442570996,-1.1828512975925325,-3.5966544442570996,0.0,-0.8974609546762213,0,0,0,0
789,181966,40.0,1,-0.7352534997696938,1,Logistic regression,9.251758179401968,0.47195992948544957,9.251758179401968,0.66,-0.8966596253570011,1,1,1,0
789,96121,5.99,0,-0.8731913013303559,1,Logistic regression,-2.4195447161673442,0.19748362096267827,-2.4195447161673442,0.355,-0.8966596253570011,1,0,1,0
789,126771,4.99,0,-1.1747697202659484,0,Logistic regression,-3.381339250132495,-1.0112147521419614,-3.381339250132495,0.0,-0.896660187736239,0,0,0,0
789,131357,19.99,0,-1.1527408642337813,0,Logistic regression,-3.6391509607009342,-1.1312541313968707,-3.6391509607009342,0.0,-0.9082280037193116,0,0,0,0
789,82502,150.87,0,-1.0797532434087607,0,Logistic regression,-6.448475981074134,-0.9997626177298227,-6.448475981074134,0.0,-0.8966596301197514,0,0,0,0
789,72985,61.98,0,-1.2392284117799013,0,Logistic regression,-3.5787615233427426,-1.1805729570281627,-3.5787615233427426,0.0,-0.896722569159667,0,0,0,0
789,72826,1200.02,0,-1.1756522920588268,0,Logistic regression,-1.1348115419933849,-0.2574810193066868,-1.1348115419933849,0.095,-0.8966596280384145,0,0,0,0
789,8392,78.1,0,-1.4391970447716118,0,Logistic regression,-1.3863916089241357,-0.7620729800328072,-1.3863916089241357,0.015,-0.8966596253743655,0,0,0,0
789,39335,15.18,0,-1.124197971583413,0,Logistic regression,-3.0196430773362337,-1.1804206695205595,-3.0196430773362337,0.0,-0.897410823760317,0,0,0,0
789,167184,105.89,1,-0.7301153098725777,1,Logistic regression,12.842653158880495,0.4192774393615534,12.842653158880495,0.455,-0.8966596253570011,1,1,1,0
789,84141,0.89,0,-1.5729808571971757,0,Logistic regression,-0.8053927334236195,-0.6758374984794053,-0.8053927334236195,0.0,-0.9127287366282648,0,0,0,0
789,283750,54.51,0,-1.3050402393788567,0,Logistic regression,-3.376393001810594,-1.1678435146865376,-3.376393001810594,0.0,-0.8966596319876111,0,0,0,0
789,42549,88.23,1,-0.6368221358089385,1,Logistic regression,44.08836076357781,0.25920794919186957,44.08836076357781,0.55,-0.8966596253570011,1,1,1,0
789,251904,94.82,1,-0.5057733109851108,1,Logistic regression,20.418248145802455,0.9784848679446017,20.418248145802455,0.835,-0.8966596253570011,1,1,1,0
789,180601,9.49,0,-1.0363928447480524,0,Logistic regression,-3.7495744964873228,-1.1721734086487283,-3.7495744964873228,0.0,-0.8966596751868106,0,0,0,0
789,80855,1299.0,0,-1.0257511492622013,0,Logistic regression,-1.3500501908556597,-0.1892639550652035,-1.3500501908556597,0.055,-0.896659708791152,0,0,0,0
789,154676,2.28,1,-0.6445769150166892,1,Logistic regression,28.278303148465387,0.573483433903304,28.278303148465387,0.89,-0.8966596253570011,1,1,1,0
789,61038,49.0,0,-1.2304148179487837,0,Logistic regression,-1.155962216180835,-0.7587928585397519,-1.155962216180835,0.0,-0.8969253969734391,0,0,0,0
789,234730,40.98,0,-1.0671615600272508,0,Logistic regression,-3.318572823362081,-1.1939775664184322,-3.318572823362081,0.0,-0.8966596739112522,0,0,0,0
789,130415,163.95,0,-0.9717365309078114,0,Logistic regression,-1.5159305078489678,-0.8634458295083121,-1.5159305078489678,0.0,-0.8966637600154255,0,0,0,0
789,32413,190.13,0,-1.030252657543558,0,Logistic regression,-2.854112859647578,-1.0346167554265775,-2.854112859647578,0.05,-0.8966596648642899,0,0,0,0
789,6734,1.0,1,0.4606456601603446,1,Logistic regression,25.462760831151392,0.9890351198053062,25.462760831151392,0.9,-0.09948692591135311,1,1,1,1
789,41781,29.0,0,-1.3094146993202898,0,Logistic regression,-3.1679934055715697,-1.1600523464740646,-3.1679934055715697,0.0,-0.89666217129846,0,0,0,0
789,88897,1.1,1,-0.987233361238957,0,Logistic regression,21.792801626676823,0.4470603824039521,21.792801626676823,0.595,-0.8966596253570011,1,1,1,0
789,240593,193.33,0,-1.0143925601634793,0,Logistic regression,-2.710132669034355,-1.0601240565286671,-2.710132669034355,0.0,-0.8966596253570038,0,0,0,0
789,241959,18.96,0,-1.1541004855100767,0,Logistic regression,-4.812457246837803,-1.2245744242490444,-4.812457246837803,0.0,-0.8966596253570084,0,0,0,0
789,205484,3.08,0,-1.4481503889204754,0,Logistic regression,0.0719327566866732,-0.4301837336380307,0.0719327566866732,0.065,-0.9054426593668738,0,0,0,0
789,42741,459.07,1,-0.7987554696241728,1,Logistic regression,40.37382822675057,0.25921933893210464,40.37382822675057,0.745,-0.8966596253570011,1,1,1,0
789,164180,1.29,0,-0.9705550938226065,0,Logistic regression,-1.798865973009403,-0.9015723984129753,-1.798865973009403,0.0,-0.9317676186907229,0,0,0,0
789,275758,59.95,0,-1.2558855556504986,0,Logistic regression,-4.466378720832088,-1.180660947289697,-4.466378720832088,0.0,-0.8966596959472029,0,0,0,0
789,44130,18.95,0,-1.313552564914374,0,Logistic regression,-3.4453802625277907,-1.1606489396527344,-3.4453802625277907,0.0,-0.8971655808103353,0,0,0,0
789,223572,1.0,1,-0.7636686476285808,1,Logistic regression,14.697196675049964,0.7942263464652906,14.697196675049964,0.91,-0.8966596251977735,1,1,1,0
789,126235,12.57,0,-1.2101558466632933,0,Logistic regression,-1.7847843943793702,-0.8021612004162273,-1.7847843943793702,0.005,-0.8967043451564997,0,0,0,0
789,41114,215.09,0,-0.96610133835032,0,Logistic regression,-7.04474575733034,-0.9358004642246838,-7.04474575733034,0.005,-0.8966596253683545,0,0,0,0
789,201207,45.0,0,-1.1767099942012753,0,Logistic regression,-3.9760666165023606,-1.2296536304708536,-3.9760666165023606,0.0,-0.8967192803028676,0,0,0,0
789,112868,26.0,0,-1.4459456839667029,0,Logistic regression,-2.157513424233221,-0.9217781667047411,-2.157513424233221,0.0,-0.8966798080108378,0,0,0,0
789,76870,0.77,0,-1.210589642501428,0,Logistic regression,-3.0051519841818393,-1.1202798404055074,-3.0051519841818393,0.0,-0.8969468087719137,0,0,0,0
789,21513,15.98,0,-1.3982457624583349,0,Logistic regression,-2.0098535273023153,-0.8133042367510062,-2.0098535273023153,0.0,-0.8967396198700929,0,0,0,0
789,102405,1.29,0,-1.0429532448836543,0,Logistic regression,-2.1134020219815,-0.9809654766993687,-2.1134020219815,0.005,-0.9085522392042857,0,0,0,0
789,33895,33.6,0,-1.557677739947717,0,Logistic regression,-1.6947348678938816,-0.8676281263336252,-1.6947348678938816,0.055,-0.8966596254225344,0,0,0,0
789,234980,66.0,0,-1.1275693277137617,0,Logistic regression,-3.290922861121939,-1.186964594584575,-3.290922861121939,0.0,-0.9183240969259626,0,0,0,0
789,253298,15.0,0,-1.071397152743322,0,Logistic regression,-3.6499318819706152,-1.1061335109430162,-3.6499318819706152,0.0,-0.8967382740404202,0,0,0,0
789,125357,330.0,0,-1.2485534064134458,0,Logistic regression,-3.145939515198873,-1.1736811334420822,-3.145939515198873,0.0,-0.8983871682871829,0,0,0,0
789,168658,1.23,0,-1.0930720534889589,0,Logistic regression,-3.737680551058313,-1.2102341819778122,-3.737680551058313,0.0,-0.896661819773999,0,0,0,0
789,17206,120.74,0,-1.2524110937326338,0,Logistic regression,-3.812931614326126,-1.03637669620902,-3.812931614326126,0.0,-0.8966617078924236,0,0,0,0
789,53794,1.0,1,-0.8341536403345078,1,Logistic regression,9.766860724505538,0.500325043212086,9.766860724505538,0.51,-0.8966596253570011,1,1,1,0
789,246013,42.0,0,-1.0191099930119214,0,Logistic regression,-2.5042113530520504,-0.8187153859820722,-2.5042113530520504,0.0,-0.9239497027858103,0,0,0,0
789,45599,0.76,0,-1.191406899990265,0,Logistic regression,-2.306621293444032,-1.0592726723907882,-2.306621293444032,0.0,-0.8933999948047966,0,0,0,0
789,275891,78.36,0,-1.210782297509366,0,Logistic regression,-2.4052788980014412,-0.6170795493014392,-2.4052788980014412,0.01,-0.8966596253640416,0,0,0,0
789,108733,16.49,0,-1.3664284959522646,0,Logistic regression,-1.772904646590895,-0.8996620418670331,-1.772904646590895,0.0,-0.8966695412294379,0,0,0,0
789,42702,13.28,0,-1.0963073880736456,0,Logistic regression,-4.294143498786479,-1.2248570985100744,-4.294143498786479,0.0,-0.8967186767092983,0,0,0,0
789,86396,284.25,0,-1.3389804026109378,0,Logistic regression,-3.6744292458440766,-1.1706646040212794,-3.6744292458440766,0.0,-0.8968365145903044,0,0,0,0
789,117355,10.9,0,-1.1134051590841783,0,Logistic regression,-3.3376330095177287,-1.0679633712565677,-3.3376330095177287,0.0,-0.896660718270182,0,0,0,0
789,30100,60.6,1,-0.7795210092403989,1,Logistic regression,17.39196428926265,0.4958836460212126,17.39196428926265,0.605,-0.8966596253570011,1,1,1,0
789,15736,99.99,1,-0.8897999215871519,1,Logistic regression,26.125766189153136,0.2592028776313535,26.125766189153136,0.535,-0.8966596253570011,1,1,1,0
789,98533,64.99,0,-1.5945539349266395,0,Logistic regression,-2.1764790364245066,-0.9168671850156955,-2.1764790364245066,0.0,-0.8992336276547697,0,0,0,0
789,198686,69.99,0,-0.8722547608572372,1,Logistic regression,1.026208038314301,0.015671560482677344,1.026208038314301,0.05,-0.8966596253627562,0,0,0,0
789,13239,45.9,0,-0.9893014311671517,0,Logistic regression,-0.5994700060981288,-0.4754143549872269,-0.5994700060981288,0.035,-0.8966596253701529,0,0,0,0
789,33705,1.49,0,-0.7563262537548162,1,Logistic regression,-6.208905180103464,0.0997976335374138,-6.208905180103464,0.165,-0.8966596253570011,1,0,0,0
789,13100,18.0,0,-0.7264777823065369,1,Logistic regression,-0.3641305650359825,-0.32466910416920164,-0.3641305650359825,0.025,-0.8966629587421251,0,0,0,0
789,58818,91.0,0,-1.1740446942555312,0,Logistic regression,-5.430494520581824,-1.21924971712284,-5.430494520581824,0.0,-0.8966636346042182,0,0,0,0
789,257277,455.0,0,-1.11159167638668,0,Logistic regression,-4.434970697697558,-1.126892375961422,-4.434970697697558,0.0,-0.8966637506410091,0,0,0,0
789,70475,10.39,0,-1.0057652528893064,0,Logistic regression,-1.5573279167902248,-0.8724635172430559,-1.5573279167902248,0.0,-0.9055443002372686,0,0,0,0
789,143484,15.97,0,-1.1699544946408675,0,Logistic regression,-3.6501382856705513,-1.2074396438152144,-3.6501382856705513,0.005,-0.896667837058192,0,0,0,0
789,154371,2.28,1,-0.9005284295882373,0,Logistic regression,51.378231612133696,0.25920694561184016,51.378231612133696,0.8,-0.8966596253570011,1,1,1,0
789,101509,320.0,1,-1.1119980238954594,0,Logistic regression,-4.499587077652831,-1.2021314681151591,-4.499587077652831,0.0,-0.8966596265252325,0,0,0,0
789,7327,0.0,0,-1.2684668178446625,0,Logistic regression,-3.423197821141887,-0.877049991185483,-3.423197821141887,0.0,-0.8966596253570011,0,0,0,0
789,90937,7.0,0,-1.2346457725010014,0,Logistic regression,-3.3339839946793317,-1.1822996907208572,-3.3339839946793317,0.0,-0.8973851757221952,0,0,0,0
789,72757,1.79,1,-0.9601210151018355,0,Logistic regression,-1.2966908537568087,-0.5751912336666942,-1.2966908537568087,0.0,-0.8966596253649198,0,0,0,0
789,127724,46.0,0,-1.1501856713298304,0,Logistic regression,-5.276798284860435,-1.251097930502296,-5.276798284860435,0.0,-0.8966600550945028,0,0,0,0
789,15566,99.99,1,-0.8776900208038136,1,Logistic regression,26.563682772837787,0.25920287763136485,26.563682772837787,0.535,-0.8966596253570011,1,1,1,0
789,194940,49.2,0,-1.0942534905153507,0,Logistic regression,-2.6019004931043304,-1.1099807173180574,-2.6019004931043304,0.0,-0.896752688726927,0,0,0,0
789,49120,365.26,0,-1.0757707734643887,0,Logistic regression,-3.89212998928648,-1.024415264974858,-3.89212998928648,0.035,-0.8966596274986142,0,0,0,0
789,70515,127.12,0,-0.8980252949923643,0,Logistic regression,-2.615974359356316,-1.090827941527205,-2.615974359356316,0.0,-0.8970189998540977,0,0,0,0
789,215043,11.5,0,-1.3945713091185956,0,Logistic regression,-3.1754773707069326,-1.1720163044820604,-3.1754773707069326,0.0,-0.8967170568753676,0,0,0,0
789,237558,115.56,0,-1.3809045469225163,0,Logistic regression,-4.442906718347473,-1.1993791380355383,-4.442906718347473,0.0,-0.8966596253570017,0,0,0,0
789,172800,8.34,0,-0.4597388086302181,1,Logistic regression,0.28540777301882825,-0.08840191797469782,0.28540777301882825,0.01,-0.8966596694375876,0,0,0,0
789,55370,89.99,0,-1.0274493378887246,0,Logistic regression,-5.582491641545312,-0.2849048381641814,-5.582491641545312,0.015,-0.896778907357836,0,0,0,0
789,203947,48.0,0,-1.0049013978023904,0,Logistic regression,-6.501295864531912,-1.1496118539117948,-6.501295864531912,0.0,-0.8966634956573746,0,0,0,0
789,15751,99.99,1,-0.9021887650336424,0,Logistic regression,25.687918108400954,0.25920287763135186,25.687918108400954,0.535,-0.8966596253570011,1,1,1,0
789,9805,15.95,0,-0.9978348841659748,0,Logistic regression,-0.2617603616891686,-0.5718941254083032,-0.2617603616891686,0.01,-0.8966612838025955,0,0,0,0
789,159753,400.75,0,-1.2740619286347388,0,Logistic regression,-3.0789587814898667,-1.1160459654123835,-3.0789587814898667,0.0,-0.8966723172278299,0,0,0,0
789,241035,0.77,0,-1.097452477141873,0,Logistic regression,-1.952042521589527,-0.7738611981461208,-1.952042521589527,0.01,-0.8966621678612159,0,0,0,0
789,160887,15.0,0,-1.2095103671009997,0,Logistic regression,-4.348109172101407,-1.1778009880045373,-4.348109172101407,0.0,-0.8968428395100599,0,0,0,0
789,12745,89.47,0,-1.326699406619659,0,Logistic regression,-3.0096601362903694,-1.058529672502225,-3.0096601362903694,0.0,-0.8966839879764166,0,0,0,0
789,211020,10.94,0,-1.5382411050913003,0,Logistic regression,-1.5929645105697527,-0.853008310955562,-1.5929645105697527,0.0,-0.8966599070871712,0,0,0,0
789,11585,5.0,0,-1.4412113330219312,0,Logistic regression,-2.667295942391509,-1.090833270248229,-2.667295942391509,0.0,-0.8966597328149667,0,0,0,0
789,241445,10.7,1,-0.7981091701182182,1,Logistic regression,14.808966287005502,0.7023762811683117,14.808966287005502,0.735,-0.8966596253570011,1,1,1,0
789,187727,1.0,0,-0.7650352653347405,1,Logistic regression,-3.4596773899791295,0.2559732295044673,-3.4596773899791295,0.045,-0.8966596253570011,1,0,0,0
789,42579,5.89,0,-1.180229553249137,0,Logistic regression,-5.297657395780738,-1.2381529828371243,-5.297657395780738,0.0,-0.8966596253578851,0,0,0,0
789,264382,1.29,0,-0.10903377970880768,1,Logistic regression,2.5517394347448197,0.23611875560158793,2.5517394347448197,0.585,-0.8966592218989066,1,0,1,0
789,83564,14.98,0,-1.507251044884419,0,Logistic regression,-2.3149262678860505,-0.9423947473177976,-2.3149262678860505,0.005,-0.896659963202948,0,0,0,0
789,163031,260.86,0,-1.2406041534458723,0,Logistic regression,-2.377221402505155,-0.9874090588209765,-2.377221402505155,0.0,-0.8966596253571172,0,0,0,0
789,13444,29.0,0,-1.1151464798372779,0,Logistic regression,-3.078785920815798,-1.1070543337104544,-3.078785920815798,0.0,-0.8966597698879141,0,0,0,0
789,249607,35.0,1,-0.772542980183642,1,Logistic regression,8.400873855841319,0.2550594193615486,8.400873855841319,0.48,-0.8966596253570011,1,1,1,0
789,17435,29.69,0,-1.3397908424989151,0,Logistic regression,-3.2304812720719998,-1.1854744979316032,-3.2304812720719998,0.0,-0.8971670705863923,0,0,0,0
789,194670,17.7,0,-0.9267215672956897,0,Logistic regression,-2.800025267541118,-1.1249942731752052,-2.800025267541118,0.0,-0.8966626279121765,0,0,0,0
789,73417,1.0,0,-1.1894618435757773,0,Logistic regression,-3.9118440992106134,-1.2346173844875654,-3.9118440992106134,0.005,-0.901722157205932,0,0,0,0
789,218653,1.29,0,-0.6763001526909442,1,Logistic regression,1.0011497801266116,-0.1573273742633765,1.0011497801266116,0.365,-0.7808722795343715,0,0,1,0
789,83173,9.95,0,-0.9478422352644521,0,Logistic regression,-1.4998849970539914,-0.730078307576965,-1.4998849970539914,0.01,-0.9025042628215646,0,0,0,0
789,118308,30.14,1,-0.9800748787979736,0,Logistic regression,-3.6512234243495127,-1.174337003448448,-3.6512234243495127,0.0,-0.8967428645345042,0,0,0,0
789,60611,5.76,0,-1.063448016688672,0,Logistic regression,-3.6429956820054317,-1.0380739159684802,-3.6429956820054317,0.0,-0.8966671927193822,0,0,0,0
789,154841,118.0,0,-1.0531363851633921,0,Logistic regression,-4.369631492807229,-1.0337838703677877,-4.369631492807229,0.005,-0.8966596258212133,0,0,0,0
789,216376,1.0,0,-0.8610505873466998,1,Logistic regression,0.13926127711170322,-0.19815362402813508,0.13926127711170322,0.195,-0.8966596253570011,0,0,0,0
789,84390,73.35,0,-1.2416070480368848,0,Logistic regression,-3.6410660478459036,-1.2022453525136185,-3.6410660478459036,0.0,-0.8966596559994456,0,0,0,0
789,141258,0.0,1,-0.4531924419989348,1,Logistic regression,31.283875204854173,0.42539457519130885,31.283875204854173,0.91,-0.8966596253570011,1,1,1,0
789,202557,12.0,0,-1.1084582921697512,0,Logistic regression,-2.7793599660691104,-1.0913218666631015,-2.7793599660691104,0.0,-0.8981744504932175,0,0,0,0
789,189081,96.0,0,-1.3304402893124392,0,Logistic regression,-2.120115158671949,-0.83917398315693,-2.120115158671949,0.0,-0.8967059028823713,0,0,0,0
789,149895,1.98,0,-0.8209872547482019,1,Logistic regression,-0.9035750536970864,-0.4920973342447698,-0.9035750536970864,0.015,-0.8966604335095356,0,0,0,0
789,30641,15.21,0,-1.2607061157006425,0,Logistic regression,-6.110416742543443,-0.8720493539532927,-6.110416742543443,0.005,-0.8966596253570546,0,0,0,0
789,44050,17.99,0,-1.2299840430344267,0,Logistic regression,-1.725863166339005,-0.9252703091137331,-1.725863166339005,0.0,-0.9017441656421809,0,0,0,0
789,45293,84.95,0,-1.319084444298881,0,Logistic regression,-3.1060950865862123,-1.1069459858769894,-3.1060950865862123,0.0,-0.8966966442944327,0,0,0,0
789,251410,26.95,0,-1.3670307324599489,0,Logistic regression,-3.0127419656933485,-1.080019169866426,-3.0127419656933485,0.0,-0.900690703366719,0,0,0,0
789,158940,19.99,0,-1.0653037392383395,0,Logistic regression,-4.841427221377245,-1.1740812331987391,-4.841427221377245,0.0,-0.8967067990102062,0,0,0,0
789,96454,7.99,0,-1.4933060193553134,0,Logistic regression,-2.3956990075724356,-1.0465036488839992,-2.3956990075724356,0.0,-0.9123371824401723,0,0,0,0
789,224135,8.98,0,-1.7295064131052544,0,Logistic regression,-0.6319900280306849,-0.6193110338648531,-0.6319900280306849,0.0,-0.9387812128855025,0,0,0,0
789,124211,8.99,0,-1.3447206305726191,0,Logistic regression,-2.6944224287486893,-0.994826468668996,-2.6944224287486893,0.0,-0.8983822791474366,0,0,0,0
789,269844,32.0,0,-1.3194504242117358,0,Logistic regression,-2.9563177377604912,-1.1352740075236432,-2.9563177377604912,0.0,-0.8972056158794328,0,0,0,0
789,231454,3552.96,0,-0.867913520366667,1,Logistic regression,6.707893147656696,0.25920287683355947,6.707893147656696,0.06,-0.8966596253570011,1,1,0,0
789,171964,0.05,0,-1.2943084729652428,0,Logistic regression,-1.5159070172573819,-0.6410668381861524,-1.5159070172573819,0.01,-0.8967250417696017,0,0,0,0
789,14104,3.12,1,-0.8078794477552146,1,Logistic regression,1.114447259015281,-0.2846822106938875,1.114447259015281,0.275,-0.8966606584844299,0,0,0,0
789,210921,1.32,0,-1.1685120084731164,0,Logistic regression,-3.5861254401972076,-1.2056652810274773,-3.5861254401972076,0.0,-0.9002394359387547,0,0,0,0
789,72690,102.9,0,-1.3823977840019959,0,Logistic regression,-0.14012364141479505,-0.4299149781807337,-0.14012364141479505,0.035,-0.9003123684496422,0,0,0,0
789,60669,18.58,0,-0.7400285178474841,1,Logistic regression,-1.9290099002246657,-0.8258264083314975,-1.9290099002246657,0.175,-0.8966596253874684,0,0,0,0
789,117168,1.29,0,-1.5159426335396735,0,Logistic regression,-1.761822592685332,-0.9109635408878842,-1.761822592685332,0.0,-0.9531600618803405,0,0,0,0
789,119714,29.95,1,-1.2066704485937938,0,Logistic regression,0.09930508065508414,-0.2630580152136242,0.09930508065508414,0.02,-0.8966596253570011,0,0,0,0
789,134456,0.31,0,-1.0602632819064928,0,Logistic regression,-4.2781812534768004,-0.9573965861837126,-4.2781812534768004,0.005,-0.8966596682314617,0,0,0,0
789,112657,10.32,0,-1.2283108354585686,0,Logistic regression,-3.2372948566032322,-1.164850341197678,-3.2372948566032322,0.0,-0.899721091015052,0,0,0,0
789,61888,99.0,0,-1.4379080023274875,0,Logistic regression,-2.1533931934337054,-0.8863346161259726,-2.1533931934337054,0.005,-0.8966596421448726,0,0,0,0
789,180936,1.39,0,-1.1431534537083736,0,Logistic regression,-3.133774214118868,-1.161947861110292,-3.133774214118868,0.05,-0.8985297366521312,0,0,0,0
789,135741,1.79,0,-1.2893454550890513,0,Logistic regression,-3.0029000438105116,-1.079347974275688,-3.0029000438105116,0.0,-0.8977592465072791,0,0,0,0
789,151596,12.99,0,-0.9165283334063259,0,Logistic regression,-3.5991615048932206,-0.9837304569086784,-3.5991615048932206,0.01,-0.8966596253666084,0,0,0,0
789,204237,75.63,0,-1.100195524078217,0,Logistic regression,-4.441028106192814,-1.1765339665054408,-4.441028106192814,0.0,-0.8966599877535196,0,0,0,0
789,153897,19.99,0,-1.3183051403075292,0,Logistic regression,-2.988790637318591,-0.9201597625090501,-2.988790637318591,0.01,-0.8966596253570011,0,0,0,0
789,75223,157.33,0,-1.2493839377716727,0,Logistic regression,-0.5791751358634172,-0.5657468404248818,-0.5791751358634172,0.035,-0.8967185789688658,0,0,0,0
789,180136,6.79,0,-1.125726706018089,0,Logistic regression,-2.021909983081245,-0.6853905110592304,-2.021909983081245,0.0,-0.8966596658001442,0,0,0,0
789,255106,96.28,0,-0.8680324894854882,1,Logistic regression,-5.24474025938205,-0.9464392524586145,-5.24474025938205,0.0,-0.8966596954637519,0,0,0,0
789,163937,18.8,0,-1.1635183248434995,0,Logistic regression,-3.9819042100523143,-1.2333446571066362,-3.9819042100523143,0.0,-0.8967372619617021,0,0,0,0
789,74794,311.91,1,-0.7657149182633978,1,Logistic regression,-3.9056300976044316,-0.021773198104949654,-3.9056300976044316,0.04,-0.8966596253570011,0,0,0,0
789,68522,0.76,1,-0.8545182613732685,1,Logistic regression,9.793389365299726,0.48163802783220433,9.793389365299726,0.695,-0.8966596253570011,1,1,1,0
789,49653,435.7,0,-1.2357273634387602,0,Logistic regression,-3.0710276529598746,-1.128038736430544,-3.0710276529598746,0.015,-0.8966602749561212,0,0,0,0
789,264682,6.63,0,-1.3264371580608056,0,Logistic regression,-3.0578876708017417,-1.1331078915262398,-3.0578876708017417,0.0,-0.8967216302144545,0,0,0,0
789,38041,22.9,0,-1.0155000043592248,0,Logistic regression,-5.8401768675333,-1.16054120251838,-5.8401768675333,0.0,-0.8966913012551774,0,0,0,0
789,104294,9.99,0,-1.3492736052691334,0,Logistic regression,-3.1328513374482423,-0.9547880754800171,-3.1328513374482423,0.005,-0.8968411627907031,0,0,0,0
789,20140,9.99,0,-1.5363947847017796,0,Logistic regression,-2.2350095911899617,-0.986669452510031,-2.2350095911899617,0.0,-0.8989576630495271,0,0,0,0
789,226480,150.0,0,-1.0762289377124072,0,Logistic regression,-1.0090356181273388,-0.6399908257748306,-1.0090356181273388,0.0,-0.8967323241253651,0,0,0,0
789,79321,16.99,0,-0.9966756549157573,0,Logistic regression,-1.3397771331012103,-0.605030970999207,-1.3397771331012103,0.015,-0.8966596292953171,0,0,0,0
789,190368,175.9,1,-0.852877757504138,1,Logistic regression,10.5966978608657,0.5191738128208712,10.5966978608657,0.85,-0.8966596253570011,1,1,1,0
789,193739,22.2,0,-1.349693586416108,0,Logistic regression,-2.9880439794509908,-1.1556997689424824,-2.9880439794509908,0.005,-0.8966596760702523,0,0,0,0
789,149828,11.29,0,-1.0107696330043292,0,Logistic regression,-1.173863447777611,-0.9152167204284107,-1.173863447777611,0.2,-0.8966596253923698,0,0,0,0
789,204064,345.0,1,-0.5311467571862988,1,Logistic regression,11.76417862596014,0.7432975302830866,11.76417862596014,0.785,-0.8966596253570011,1,1,1,0
789,52277,11.99,0,-1.2300695712819019,0,Logistic regression,-1.7727766276453176,-0.822368123244962,-1.7727766276453176,0.0,-0.897968625876463,0,0,0,0
789,100925,52.21,0,-1.055151551238633,0,Logistic regression,-3.846260170965122,-1.0066320123205839,-3.846260170965122,0.0,-0.8966596253580317,0,0,0,0
789,157049,6.95,0,-1.797102273948413,0,Logistic regression,-1.6570683195517257,-0.9151934513724742,-1.6570683195517257,0.0,-0.8966605040982122,0,0,0,0
789,91092,81.2,0,-1.0280679577701144,0,Logistic regression,-6.688625980356214,-0.6626744433062686,-6.688625980356214,0.025,-0.8966596253570011,0,0,0,0
789,16833,91.0,0,-1.2692477830929998,0,Logistic regression,-5.658840496869569,-1.2335413007038398,-5.658840496869569,0.0,-0.8968062495893704,0,0,0,0
789,22103,49.95,0,-1.3028605272339062,0,Logistic regression,-1.4167353770497824,-0.7167083250074351,-1.4167353770497824,0.005,-0.8968663547089432,0,0,0,0
789,125382,115.71,0,-1.2567251706393976,0,Logistic regression,-1.477631268177821,-0.8213634799984753,-1.477631268177821,0.0,-0.8986904212504803,0,0,0,0
789,132659,32.06,0,-0.7345586207467694,1,Logistic regression,-2.9072386869867697,-1.0357544512840848,-2.9072386869867697,0.04,-0.897189841072016,0,0,0,0
789,108258,0.76,1,-0.900589982463231,0,Logistic regression,-1.2680932782865553,-0.5952569078241023,-1.2680932782865553,0.01,-0.8966596253570014,0,0,0,0
789,160900,0.89,0,-1.1178595020363191,0,Logistic regression,-1.1443559883028263,-0.6883848876763612,-1.1443559883028263,0.0,-0.8977483017718595,0,0,0,0
789,5287,35.96,0,-1.488131505812407,0,Logistic regression,-2.450510490810271,-1.0143367399553735,-2.450510490810271,0.0,-0.8966596253953322,0,0,0,0
789,237461,7.36,0,-1.4366901908691254,0,Logistic regression,-1.6201750583846555,-0.9110404084086328,-1.6201750583846555,0.14,-0.8966621074414048,0,0,0,0
789,76929,1.0,1,-0.7091209694286791,1,Logistic regression,16.86577111263592,0.8826770408729137,16.86577111263592,0.955,-0.8966596232997193,1,1,1,0
789,257520,10.78,0,-0.949747096205619,0,Logistic regression,-2.450983756151247,-0.7171297763798541,-2.450983756151247,0.015,-0.8966596645015145,0,0,0,0
789,146874,12.29,0,-1.1767426912664494,0,Logistic regression,-4.289557773302236,-1.1992520630455645,-4.289557773302236,0.0,-0.8966617634345784,0,0,0,0
789,119781,124.53,1,-0.7756192778714153,1,Logistic regression,20.388053751965092,0.5379977719006769,20.388053751965092,0.57,-0.8966596253570011,1,1,1,0
789,21273,3.29,0,-1.0631886302301659,0,Logistic regression,-3.268658879520768,-1.18849479009554,-3.268658879520768,0.0,-0.8966596255484338,0,0,0,0
789,31508,2.18,0,-0.7773760010926756,1,Logistic regression,-1.2821872540105015,-0.797594095458928,-1.2821872540105015,0.005,-0.9418438081803373,0,0,0,0
789,223298,39.85,0,-0.9686417749947109,0,Logistic regression,-6.380085929087858,-1.0086680353966282,-6.380085929087858,0.005,-0.8966596255653125,0,0,0,0
789,44602,34.0,0,-1.2007803562328339,0,Logistic regression,-4.702906001369033,-1.2565121554839749,-4.702906001369033,0.0,-0.8968315334027605,0,0,0,0
789,238222,1.1,1,-0.8500262303055067,1,Logistic regression,18.19905969755386,0.6152548882227279,18.19905969755386,0.77,-0.8966596253570011,1,1,1,0
789,166642,11.09,0,-1.4841423917497245,0,Logistic regression,-1.1400550781922187,-0.7784465954479525,-1.1400550781922187,0.03,-0.8973321589318177,0,0,0,0
789,20271,22.0,0,-1.1925116086768164,0,Logistic regression,-4.723160710390664,-1.2615338544423327,-4.723160710390664,0.0,-0.8996295311829277,0,0,0,0
789,97121,3.1,0,-1.5799520995128828,0,Logistic regression,-1.207255144927828,-0.7452224553737268,-1.207255144927828,0.0,-0.918471096504432,0,0,0,0
789,151011,1.0,1,-0.8380449806573964,1,Logistic regression,43.06032580243178,0.2593050630898963,43.06032580243178,0.79,-0.8966596253570011,1,1,1,0
789,81543,48.4,0,-1.30349409486529,0,Logistic regression,-2.407412800555921,-0.829197086463987,-2.407412800555921,0.0,-0.8966599439233893,0,0,0,0
789,57612,74.62,0,-1.2957930477696062,0,Logistic regression,-2.1177175205347343,-1.0578258196235004,-2.1177175205347343,0.25,-0.8966701375377223,0,0,0,0
789,26281,56.0,0,-1.3470928134159919,0,Logistic regression,-2.947589356830756,-1.1863252520378478,-2.947589356830756,0.0,-0.9005009930164073,0,0,0,0
789,99251,2.69,0,-1.4328201105689196,0,Logistic regression,-1.0068390090198993,-0.7567693762551555,-1.0068390090198993,0.0,-0.9336037408632819,0,0,0,0
789,207174,99.43,0,-1.4378604725419517,0,Logistic regression,-2.9673874660241797,-1.0917183149190424,-2.9673874660241797,0.0,-0.8988535262680839,0,0,0,0
789,250636,1.79,0,-1.4221733010027615,0,Logistic regression,-1.5139410177785855,-0.8370152981377537,-1.5139410177785855,0.0,-0.8967010229997281,0,0,0,0
789,102898,70.46,0,-1.0333659460348936,0,Logistic regression,-1.4144850757963976,0.027425838161104943,-1.4144850757963976,0.02,-0.8966596253570011,0,0,0,0
789,54984,107.0,0,-1.3696093766872872,0,Logistic regression,-3.434668764965741,-1.203585531588417,-3.434668764965741,0.0,-0.8971078401810858,0,0,0,0
789,42945,0.76,1,-0.8486290656394507,1,Logistic regression,35.04558246257565,0.25921176288305037,35.04558246257565,0.66,-0.8966596253570011,1,1,1,0
789,251353,61.59,0,-1.321158965840871,0,Logistic regression,-2.771835880991457,-1.088812569532505,-2.771835880991457,0.005,-0.8966616005663056,0,0,0,0
789,238366,2.0,1,-0.8425818337552735,1,Logistic regression,13.641785299411524,0.8444634982538384,13.641785299411524,0.82,-0.8966596253570011,1,1,1,0
789,250761,0.77,1,-0.8164719337572088,1,Logistic regression,23.313791838059505,0.5596910805022963,23.313791838059505,0.765,-0.8966596253570011,1,1,1,0
789,151007,1.0,1,-0.8937983119594665,0,Logistic regression,41.74650656426301,0.25936520366247307,41.74650656426301,0.78,-0.8966596253570011,1,1,1,0
789,15458,2.68,0,-1.4275524390446133,0,Logistic regression,-1.740932983820215,-0.9278894770890844,-1.740932983820215,0.195,-0.9061109749208056,0,0,0,0
789,75511,170.92,1,-0.9097030288482475,0,Logistic regression,9.650092566255319,0.39212801951505893,9.650092566255319,0.575,-0.8966596253570011,1,1,1,0
789,239447,8.0,0,-0.812717793766931,1,Logistic regression,-2.3277523531670377,-0.9478883137076215,-2.3277523531670377,0.0,-0.9084016513426697,0,0,0,0
789,200701,31.5,0,-0.5048019679022502,1,Logistic regression,0.20744997507538487,-0.36324012152449286,0.20744997507538487,0.345,-0.8966596801168057,0,0,1,0
789,34082,176.0,0,-0.9688051798378606,0,Logistic regression,-4.394853991749739,-1.1198515501995203,-4.394853991749739,0.0,-0.8966768512027359,0,0,0,0
789,98346,18.4,0,-1.3108287980899784,0,Logistic regression,-3.2811085095874883,-1.1663992305533912,-3.2811085095874883,0.0,-0.8966598015811282,0,0,0,0
789,42635,11.38,1,-0.5740603349147526,1,Logistic regression,41.05256496879714,0.2592114641695145,41.05256496879714,0.555,-0.8966596253570011,1,1,1,0
789,240330,104.9,0,-1.1498155922883784,0,Logistic regression,-0.7793841318619747,-0.6231428985913956,-0.7793841318619747,0.0,-0.8966639451033261,0,0,0,0
789,156747,9.85,0,-1.2280556304408048,0,Logistic regression,-1.1925284439738053,-0.7954278222464797,-1.1925284439738053,0.0,-0.8966596259961918,0,0,0,0
789,251682,10.62,0,-1.068473227367745,0,Logistic regression,-4.777623436880424,-1.1949964428556474,-4.777623436880424,0.0,-0.8966596497352259,0,0,0,0
789,213092,22.47,1,-0.678445245043425,1,Logistic regression,-1.372684050811542,-0.3369513474501185,-1.372684050811542,0.12,-0.8966596253570011,0,0,0,0
789,81522,90.0,0,-1.1084604019308624,0,Logistic regression,-1.2006693754307702,-0.73131165283073,-1.2006693754307702,0.0,-0.8974191826600008,0,0,0,0
789,273364,30.0,0,-1.0783669631948953,0,Logistic regression,-5.645915274771131,-1.2586493369084397,-5.645915274771131,0.0,-0.8966614749477988,0,0,0,0
789,101686,835.0,0,-0.8467781083513074,1,Logistic regression,-4.9369418872314075,-0.49354628560168085,-4.9369418872314075,0.09,-0.8966596253570011,0,0,0,0
789,231978,8.0,1,-0.8286201253902384,1,Logistic regression,-6.709758291492955,0.21085681847928797,-6.709758291492955,0.2,-0.8966596253570011,1,0,0,0
789,124115,1.0,1,-0.8138334982303868,1,Logistic regression,8.522120426642894,0.3790856314475678,8.522120426642894,0.61,-0.8966596253570011,1,1,1,0
789,273875,90.65,0,-1.3288357423724628,0,Logistic regression,-4.599224915139863,-1.232717842649683,-4.599224915139863,0.0,-0.8967200016626025,0,0,0,0
789,222972,18.0,0,-1.1320769774261517,0,Logistic regression,-3.0986540498027084,-1.0805040119564415,-3.0986540498027084,0.0,-0.8969176018276801,0,0,0,0
789,34623,382.0,0,-1.265045259708884,0,Logistic regression,-2.5885224629952854,-1.0107503267564326,-2.5885224629952854,0.0,-0.8967192060689405,0,0,0,0
789,58329,14.26,0,-0.9273910870790086,0,Logistic regression,-3.5472185251615205,-0.9143275031111942,-3.5472185251615205,0.005,-0.8966598193222891,0,0,0,0
789,144754,323.77,1,-0.6968580026083209,1,Logistic regression,1.9293382014130978,0.12870934182983013,1.9293382014130978,0.035,-0.8966596253570011,1,0,0,0
789,6336,1.0,1,-0.7144365540506856,1,Logistic regression,16.691293202289806,0.44914542867916163,16.691293202289806,0.81,-0.8966596253570011,1,1,1,0
789,198384,4.0,0,-1.2310247333577649,0,Logistic regression,-4.12274806153053,-1.0910396510661944,-4.12274806153053,0.0,-0.8966598037997663,0,0,0,0
789,277929,355.94,0,-1.1867854001251228,0,Logistic regression,-4.546589556524506,-1.1239804134069848,-4.546589556524506,0.045,-0.8966596253570737,0,0,0,0
789,197183,0.76,0,-1.435226907738521,0,Logistic regression,-1.9551545670115291,-0.9274500294625818,-1.9551545670115291,0.005,-0.8966655834696786,0,0,0,0
789,110430,1.98,0,-1.223521456288187,0,Logistic regression,-2.9699051820904954,-1.1066467253585526,-2.9699051820904954,0.0,-0.9000669459680841,0,0,0,0
789,263370,1.0,0,-0.6169257262256409,1,Logistic regression,-1.2129384107192662,-0.7747931467324733,-1.2129384107192662,0.465,-0.8966596174370384,0,0,1,0
789,17572,9.99,0,-1.1811761470075974,0,Logistic regression,-3.756120587941782,-1.1810536841383639,-3.756120587941782,0.0,-0.8966785397644139,0,0,0,0
789,136087,1.5,0,-1.2127820116621857,0,Logistic regression,-3.843001592534401,-1.2293555514354773,-3.843001592534401,0.0,-0.896736930714613,0,0,0,0
789,141260,512.25,1,-0.6132358021240121,1,Logistic regression,31.136974215909685,0.40001190134666853,31.136974215909685,0.885,-0.8966596253570011,1,1,1,0
789,102223,312.9,0,-1.103415942089945,0,Logistic regression,-4.1769892739361225,-1.1059352370416928,-4.1769892739361225,0.0,-0.8966598210739457,0,0,0,0
789,97392,30.39,0,-1.3204116505349521,0,Logistic regression,-3.2481305230926365,-1.140386378299238,-3.2481305230926365,0.0,-0.8968956299035611,0,0,0,0
789,223051,1.98,0,-1.145467628470602,0,Logistic regression,0.16067482767625219,-0.4229687093070739,0.16067482767625219,0.015,-0.9198856278584253,0,0,0,0
789,143336,252.92,1,-0.80570246315239,1,Logistic regression,29.506332379385583,0.4536760993679223,29.506332379385583,0.79,-0.8966596253570011,1,1,1,0
789,96428,1.0,0,-1.140431943165371,0,Logistic regression,0.7955015856582528,-0.29285295328015243,0.7955015856582528,0.065,-0.8966596258401482,0,0,0,0
789,133010,5.47,0,-1.081698160104972,0,Logistic regression,-1.6719719168699076,-0.8625631288128179,-1.6719719168699076,0.115,-0.89778101360204,0,0,0,0
789,132539,0.99,0,-1.5873687710230278,0,Logistic regression,-0.8669783150100325,-0.6985040514772167,-0.8669783150100325,0.015,-0.9211067985165351,0,0,0,0
789,246126,69.0,0,-1.1156455689190476,0,Logistic regression,-3.5405498283610366,-1.1679612127107981,-3.5405498283610366,0.0,-0.8966660066479499,0,0,0,0
789,112383,1.29,0,-0.5430447849582754,1,Logistic regression,-1.376722980500118,-0.8539170035816199,-1.376722980500118,0.0,-0.9008498510599059,0,0,0,0
789,3415,1.0,0,-1.0744816727225228,0,Logistic regression,-4.547060276038652,-1.0345117178330137,-4.547060276038652,0.0,-0.8966601757940481,0,0,0,0
789,120832,3.59,0,-1.51274513753606,0,Logistic regression,-1.7930687829113219,-0.9194699170182283,-1.7930687829113219,0.0,-0.9506272786972589,0,0,0,0
789,270014,10.98,0,-1.0733111377209632,0,Logistic regression,-2.7381849891298033,-0.7592879176184422,-2.7381849891298033,0.005,-0.8966596270796738,0,0,0,0
789,33609,21.0,0,-1.3660646230928595,0,Logistic regression,-3.3151154392516844,-1.0450702681624848,-3.3151154392516844,0.0,-0.8966596286487625,0,0,0,0
789,123201,1.0,1,-0.8556798840831894,1,Logistic regression,1.6514386475629874,-0.2026329636907776,1.6514386475629874,0.305,-0.8966616075772782,0,0,0,0
789,153408,113.79,0,-0.9276888803608989,0,Logistic regression,2.783576434511778,0.23660042393417963,2.783576434511778,0.01,-0.8966596253570011,1,0,0,0
789,131760,2.69,0,-1.2281177011146893,0,Logistic regression,-1.7697367170301037,-0.8226089867730784,-1.7697367170301037,0.0,-0.8979609156567406,0,0,0,0
789,104038,9.99,0,-1.038131505262163,0,Logistic regression,-3.158422830277968,-1.1495114114074336,-3.158422830277968,0.0,-0.8966613402914324,0,0,0,0
789,187423,0.89,0,-1.1240950502678855,0,Logistic regression,-4.268134544822105,-1.0115327537479788,-4.268134544822105,0.005,-0.8966596259357796,0,0,0,0
789,111304,8.05,0,-1.3190806074988868,0,Logistic regression,-3.324921421399826,-1.1711739317693621,-3.324921421399826,0.0,-0.8966608931195716,0,0,0,0
789,106873,12.99,0,-1.1907551154633482,0,Logistic regression,-3.7064777504194795,-1.2225790688651124,-3.7064777504194795,0.0,-0.9347978885730915,0,0,0,0
789,255403,4.97,1,-0.9574427386885479,0,Logistic regression,11.908834326824417,0.5031800062134275,11.908834326824417,0.84,-0.8966596253570011,1,1,1,0
789,142405,12.31,1,-0.8694373173674245,1,Logistic regression,25.471810761897018,0.4069562443037712,25.471810761897018,0.555,-0.8966596253570011,1,1,1,0
789,37219,1.9,0,-0.9769868547812608,0,Logistic regression,-4.669246906687873,-0.6393559441691921,-4.669246906687873,0.005,-0.8966596254687316,0,0,0,0
789,278293,0.89,0,-0.9360865794542553,0,Logistic regression,-1.8062315263126232,-0.9103692439155338,-1.8062315263126232,0.005,-0.9186237768918445,0,0,0,0
789,223435,342.0,0,-0.8700930323809929,1,Logistic regression,-6.803850374352384,0.21086408627695188,-6.803850374352384,0.375,-0.8966596253570011,1,0,1,0
789,26000,143.03,0,-0.8481499355008827,1,Logistic regression,-6.953878415557167,-0.8688292999126506,-6.953878415557167,0.0,-0.8966596254024737,0,0,0,0
789,154929,19.99,0,-0.7270817722376004,1,Logistic regression,0.8952873888519837,-0.21077208867127833,0.8952873888519837,0.04,-0.8967702951158316,0,0,0,0
789,150881,1.5,0,-1.0745899901054006,0,Logistic regression,-3.6252565099040575,-1.2108754799044956,-3.6252565099040575,0.0,-0.8966596376070111,0,0,0,0
789,83053,6.27,1,-0.8503120501702844,1,Logistic regression,9.924632644855462,0.5127099941924671,9.924632644855462,0.645,-0.8966596253570011,1,1,1,0
789,20773,1.0,0,-1.3978585373595664,0,Logistic regression,-2.732140707102978,-0.9951572021551365,-2.732140707102978,0.0,-0.8966606079044621,0,0,0,0
789,263274,0.77,1,-0.6885376185805117,1,Logistic regression,24.95106864533609,0.699398042042666,24.95106864533609,0.755,-0.8966596253569152,1,1,1,0
789,224183,8.49,0,-1.4624251291614974,0,Logistic regression,-2.9397867003619775,-0.9496385870468285,-2.9397867003619775,0.0,-0.896661081851448,0,0,0,0
789,22210,344.54,0,-0.8109237332988938,1,Logistic regression,-2.0771576843307162,-0.6643480592036071,-2.0771576843307162,0.0,-0.8966596253585535,0,0,0,0
789,36289,57.12,0,-1.2358298946158375,0,Logistic regression,-3.2533936893457707,-1.1430526865049462,-3.2533936893457707,0.0,-0.8973278159683884,0,0,0,0
789,9487,1.0,1,-0.7676509880625512,1,Logistic regression,49.087899564261804,0.25920697027244755,49.087899564261804,0.6,-0.8966596253570011,1,1,1,0
789,26934,43.5,0,-1.1749886244163574,0,Logistic regression,-3.5448944094363144,-1.0312756773304874,-3.5448944094363144,0.0,-0.8966628815064003,0,0,0,0
789,30314,7.61,1,-0.8190647614112363,1,Logistic regression,24.35948216811734,0.40338069515579694,24.35948216811734,0.535,-0.8966596253570011,1,1,1,0
789,48822,49.0,0,-1.109667174661279,0,Logistic regression,-3.087362912710148,-0.9718862226954248,-3.087362912710148,0.0,-0.8970607736396368,0,0,0,0
789,251184,0.89,0,-0.9054422413297307,0,Logistic regression,-2.040402168684551,-0.9759480388244279,-2.040402168684551,0.15,-0.8969183926033644,0,0,0,0
789,283927,4.99,0,-1.0961630265008555,0,Logistic regression,-2.729747654422102,-1.003412743710101,-2.729747654422102,0.0,-0.8966596253602688,0,0,0,0
789,276696,21.9,0,-0.8173893660914988,1,Logistic regression,-1.0481999926115482,-0.23587236476249768,-1.0481999926115482,0.01,-0.8966596253570011,0,0,0,0
789,27201,13.99,0,-1.1880951992981996,0,Logistic regression,-4.232926046679934,-1.2570054516081193,-4.232926046679934,0.0,-0.896902061234888,0,0,0,0
789,178757,35.8,0,-1.1172754458999767,0,Logistic regression,-4.099400995646783,-1.106615669891327,-4.099400995646783,0.0,-0.8971750946216898,0,0,0,0
789,94042,21.72,0,-1.299722224598633,0,Logistic regression,-3.2316351403226653,-1.1779339400163868,-3.2316351403226653,0.005,-0.8967701143968058,0,0,0,0
789,45349,1.0,0,-1.0562570330331567,0,Logistic regression,-3.3934060127806163,-1.1501820991071643,-3.3934060127806163,0.0,-0.8967004919563443,0,0,0,0
789,270179,19.35,0,-1.567992038256813,0,Logistic regression,-1.6745303072178244,-0.952490555879673,-1.6745303072178244,0.0,-0.9479080940334492,0,0,0,0
789,245218,19.95,0,-1.098288148540336,0,Logistic regression,-1.8453651294847064,-0.9281524296955304,-1.8453651294847064,0.0,-0.8966600921227884,0,0,0,0
789,241134,59.29,0,-1.0909788554929394,0,Logistic regression,-3.6517586120780807,-1.1806634982233255,-3.6517586120780807,0.0,-0.9090528557310273,0,0,0,0
789,116919,3.99,0,-0.9535387332928589,0,Logistic regression,-4.449140383857856,-0.8546227628695882,-4.449140383857856,0.2,-0.896661078282158,0,0,0,0
789,15591,17.99,0,-1.3510191287213529,0,Logistic regression,-1.9131935870726007,-0.9030637620770614,-1.9131935870726007,0.16,-0.8966973415467403,0,0,0,0
789,93214,200.0,0,-1.3554446317985838,0,Logistic regression,-3.961850165902411,-1.195181330548201,-3.961850165902411,0.0,-0.8976625246826263,0,0,0,0
789,30234,39.8,0,-1.3770055961373877,0,Logistic regression,-0.6254828980931053,-0.515671193587484,-0.6254828980931053,0.045,-0.8967316875984672,0,0,0,0
789,213360,5.28,0,-1.052100788766387,0,Logistic regression,-4.597386340545009,-1.1592086585839512,-4.597386340545009,0.0,-0.8966599434092127,0,0,0,0
789,37193,55.75,0,-1.1532021908045045,0,Logistic regression,-3.480814312912581,-1.207039557645491,-3.480814312912581,0.0,-0.8967240183232355,0,0,0,0
789,183291,120.0,0,-1.5625213142908612,0,Logistic regression,-1.7827873096145472,-0.858799000381371,-1.7827873096145472,0.0,-0.8969771606186442,0,0,0,0
789,281575,0.99,0,-1.1237487262200854,0,Logistic regression,-3.726121365806641,-1.142548716350911,-3.726121365806641,0.005,-0.8967155840650092,0,0,0,0
789,282562,1.98,0,-1.031628903309385,0,Logistic regression,-4.03861057638225,-0.9912215017958887,-4.03861057638225,0.23,-0.8966596253577072,0,0,0,0
789,7773,59.91,0,-1.4341788210091722,0,Logistic regression,-2.0045458334361475,-0.9765226038906032,-2.0045458334361475,0.0,-0.8966601102563622,0,0,0,0
789,6719,1.0,1,-0.6041926490378753,1,Logistic regression,25.100018333870725,0.6199358651574893,25.100018333870725,0.845,-0.8966596253569995,1,1,1,0
789,245268,3.7,0,-1.0043121051195014,0,Logistic regression,-5.271829533639684,-1.017933677424916,-5.271829533639684,0.01,-0.8966596966270116,0,0,0,0
789,124815,0.99,0,-1.151073509492417,0,Logistic regression,-3.481778616332262,-1.00780888636033,-3.481778616332262,0.0,-0.8966648474842184,0,0,0,0
789,216843,9.99,0,-1.1486497823672257,0,Logistic regression,-3.663049677235704,-1.2145454820355246,-3.663049677235704,0.0,-0.9093071204769674,0,0,0,0
789,43178,380.1,0,-0.9756275309541916,0,Logistic regression,-3.7553020984647167,-1.2091746575558113,-3.7553020984647167,0.0,-0.8966603118813505,0,0,0,0
789,86155,101.5,1,-0.8128642585980757,1,Logistic regression,11.038659163574215,0.524875359597407,11.038659163574215,0.745,-0.8966596253570011,1,1,1,0
789,22532,0.89,0,-1.2869991298658625,0,Logistic regression,-0.46114044402853827,-0.668380086850475,-0.46114044402853827,0.43,-0.8966596447119953,0,0,1,0
789,213999,74.99,0,-1.5124877190470551,0,Logistic regression,-2.7900514740129596,-1.0154339746333685,-2.7900514740129596,0.0,-0.909100404871431,0,0,0,0
789,158584,151.33,0,-1.065889195382329,0,Logistic regression,1.0006842919542405,-0.1809005483367741,1.0006842919542405,0.06,-0.8966596253570011,0,0,0,0
789,188100,216.98,0,-1.1378165308144208,0,Logistic regression,-2.988594388553801,-1.1044727084286325,-2.988594388553801,0.0,-0.8966596457446032,0,0,0,0
789,123673,75.78,0,-1.1843779630808164,0,Logistic regression,-3.5035609592413732,-1.2294261634743022,-3.5035609592413732,0.0,-0.8966811452335666,0,0,0,0
789,215994,270.0,0,-0.9807489951867103,0,Logistic regression,-4.996094207512193,-0.3974293018160771,-4.996094207512193,0.025,-0.8966596253570011,0,0,0,0
789,39103,48.85,0,-1.5076022751351252,0,Logistic regression,-2.437563168193048,-1.0142215509339805,-2.437563168193048,0.0,-0.8984463083689403,0,0,0,0
789,233667,4.49,0,-0.9750468262529252,0,Logistic regression,-1.8207137141210965,-0.9127736127126695,-1.8207137141210965,0.0,-0.9223168366817682,0,0,0,0
789,193441,4.48,0,-1.0124683638289393,0,Logistic regression,-1.8551281382370237,-0.9329596402936091,-1.8551281382370237,0.0,-0.9112554958499197,0,0,0,0
789,184836,6.82,0,-0.84761087566878,1,Logistic regression,-8.633353556113791,-0.035737297335624696,-8.633353556113791,0.07,-0.8966596253570011,0,0,0,0
789,154697,7.59,1,-0.8222614629929981,1,Logistic regression,21.74701578122338,0.43982122186218836,21.74701578122338,0.6,-0.8966596253570011,1,1,1,0
789,239167,1.98,0,-1.2281964182780323,0,Logistic regression,-3.4799787870192107,-1.074797378001551,-3.4799787870192107,0.0,-0.8977796954775036,0,0,0,0
789,83900,161.94,0,-1.2795249230934609,0,Logistic regression,-3.0407186641510315,-1.1545492529185257,-3.0407186641510315,0.0,-0.896659628646667,0,0,0,0
789,17823,29.95,0,-1.101949616326874,0,Logistic regression,-4.607487943215968,-1.240400237180674,-4.607487943215968,0.0,-0.9036623524477951,0,0,0,0
789,34108,79.0,0,-1.0234400893557605,0,Logistic regression,-3.230237824971174,-1.0780871602395052,-3.230237824971174,0.005,-0.8966767976798374,0,0,0,0
789,275992,634.3,1,-0.6943368709596147,1,Logistic regression,-0.9696539393610251,-0.4993901555226487,-0.9696539393610251,0.08,-0.8966596253570257,0,0,0,0
789,76555,153.46,1,-0.5631082751600776,1,Logistic regression,26.341052335004406,0.45729534056756915,26.341052335004406,0.71,-0.8966596253570011,1,1,1,0
789,275908,106.99,0,-1.401115056773763,0,Logistic regression,-2.971549329919206,-1.1026783611500337,-2.971549329919206,0.0,-0.8966598075855889,0,0,0,0
789,87246,217.47,0,-1.2433971852381127,0,Logistic regression,-1.7030674090996099,-0.9150409865367326,-1.7030674090996099,0.0,-0.8966598991725545,0,0,0,0
789,164746,8.73,0,-1.1859431321304448,0,Logistic regression,0.3777468112830733,-0.20338601362951464,0.3777468112830733,0.305,-0.8966596707527805,0,0,0,0
789,144001,50.85,0,-1.5388695252865134,0,Logistic regression,-2.702742359424815,-1.0947314973846902,-2.702742359424815,0.0,-0.8966944105236185,0,0,0,0
789,106382,2.69,0,-1.1804361597407396,0,Logistic regression,-1.5317068573894728,-0.764194087947355,-1.5317068573894728,0.005,-0.9010758953447568,0,0,0,0
789,65086,164.58,0,-1.1897609911044706,0,Logistic regression,-3.8413906312233,-1.2232349708833166,-3.8413906312233,0.0,-0.9054003865321747,0,0,0,0
789,42856,173.07,1,-0.8478971315981427,1,Logistic regression,35.89858193456042,0.25923396729454506,35.89858193456042,0.685,-0.8966596253570011,1,1,1,0
789,149145,6.99,1,-0.8760793260719834,1,Logistic regression,-5.608175360477352,0.2570231119250871,-5.608175360477352,0.375,-0.8966596253570011,1,0,1,0
789,248763,21.0,0,-1.0784865239442012,0,Logistic regression,-4.009442626777537,-1.0664480010684403,-4.009442626777537,0.0,-0.8966599879851038,0,0,0,0
789,226991,130.54,0,-1.0005088920772778,0,Logistic regression,-1.0224244970513274,-0.6496157746449467,-1.0224244970513274,0.015,-0.8966819244152944,0,0,0,0
789,140400,98.5,0,-1.2973551066403683,0,Logistic regression,-4.490998736269768,-1.2160687207005008,-4.490998736269768,0.0,-0.8966628703584818,0,0,0,0
789,91671,290.18,1,-1.066974498270004,0,Logistic regression,-2.128920676596787,-0.7911619644480532,-2.128920676596787,0.03,-0.8966596406360311,0,0,0,0
789,83594,0.89,0,-1.2909892761511466,0,Logistic regression,-2.5497770938540456,-1.0835213584672543,-2.5497770938540456,0.0,-0.9045683619705959,0,0,0,0
789,2147,635.91,0,-0.9419258096265755,0,Logistic regression,-3.107216179441089,-0.861909040903815,-3.107216179441089,0.025,-0.8966596253604827,0,0,0,0
789,245130,7.02,0,-1.6851500963009176,0,Logistic regression,-1.1898671236932352,-0.7640407923465062,-1.1898671236932352,0.0,-0.8974166897507149,0,0,0,0
789,12218,0.61,0,-0.9990635757889998,0,Logistic regression,-2.2396319855027564,-1.040644150456518,-2.2396319855027564,0.0,-0.8966597212685857,0,0,0,0
789,150679,104.03,1,-0.8689383729461604,1,Logistic regression,40.920624925203626,0.2592033860813243,40.920624925203626,0.6,-0.8966596253570011,1,1,1,0
789,134845,2.46,0,-1.0679222743895382,0,Logistic regression,-2.461029787050235,-0.7497604138648601,-2.461029787050235,0.01,-0.8966596257934811,0,0,0,0
789,150680,104.03,1,-0.8689383729461606,1,Logistic regression,40.920624925203626,0.2592033860813243,40.920624925203626,0.6,-0.8966596253570011,1,1,1,0
789,202913,50.33,0,-1.30302723529956,0,Logistic regression,-2.1208623293491935,-1.061766154996638,-2.1208623293491935,0.0,-0.8966609213812364,0,0,0,0
789,186712,81.82,0,-0.8041354375166025,1,Logistic regression,-4.14309291841005,-0.9026393337179119,-4.14309291841005,0.0,-0.8966597668013582,0,0,0,0
789,122479,219.8,1,-0.8551265966583602,1,Logistic regression,20.250997087987766,0.5153994874505059,20.250997087987766,0.825,-0.8966596253570011,1,1,1,0
789,101140,1.0,0,-1.049800161106225,0,Logistic regression,-5.322725534202977,-1.1982990672146854,-5.322725534202977,0.0,-0.8997252634739953,0,0,0,0
789,110219,4.99,0,-1.2780629792638822,0,Logistic regression,-2.6981614838839647,-1.1063541739475342,-2.6981614838839647,0.0,-0.8999210477746004,0,0,0,0
789,253461,32.18,0,-0.9334671240093946,0,Logistic regression,-4.346906110104311,-1.112293426188574,-4.346906110104311,0.045,-0.8966918718890894,0,0,0,0
789,108929,11.5,0,-1.0059697245600532,0,Logistic regression,-4.9108565655653384,-1.1808173897324221,-4.9108565655653384,0.0,-0.8971413322083893,0,0,0,0
789,7236,7.11,0,-1.0719205356433514,0,Logistic regression,-4.538815648375545,-1.0091577559639846,-4.538815648375545,0.01,-0.8966596256808568,0,0,0,0
789,113017,12.32,0,-1.2899016183025056,0,Logistic regression,-3.800355878224818,-1.125852015713068,-3.800355878224818,0.0,-0.9115932982126734,0,0,0,0
789,147076,465.05,0,-1.4021442155856663,0,Logistic regression,-2.225947736321502,-0.9139040735258563,-2.225947736321502,0.035,-0.8966596254760527,0,0,0,0
789,174060,469.0,0,-0.9413762473377398,0,Logistic regression,-3.254836594091683,-0.995405765848907,-3.254836594091683,0.04,-0.8966609211704223,0,0,0,0
789,23526,32.0,0,-1.352692626627714,0,Logistic regression,-2.9228470523854875,-1.1447548573868962,-2.9228470523854875,0.0,-0.9169064635829257,0,0,0,0
789,26656,72.96,0,-1.341542198287345,0,Logistic regression,-3.465438110630047,-1.198577157629273,-3.465438110630047,0.005,-0.9119087201679117,0,0,0,0
789,193662,259.99,0,-1.4835065857434873,0,Logistic regression,-2.3012958601357774,-0.8681857649975437,-2.3012958601357774,0.0,-0.896659627407391,0,0,0,0
789,187872,1038.11,0,-1.005518120184104,0,Logistic regression,-4.691171549160394,-0.6548425590742286,-4.691171549160394,0.06,-0.8966596253570011,0,0,0,0
789,16539,56.1,0,-0.9515758221528059,0,Logistic regression,-7.301742738244402,-0.2010671401240769,-7.301742738244402,0.0,-0.8966596253570011,0,0,0,0
789,119588,2.58,0,-1.5414021823857516,0,Logistic regression,-1.6031630772687184,-0.8880427029843556,-1.6031630772687184,0.0,-0.942828013750349,0,0,0,0
789,33276,12.31,1,-0.8072525253395442,1,Logistic regression,13.963374322607736,0.3010325005000566,13.963374322607736,0.26,-0.8966596253570011,1,1,0,0
789,6278,94.12,0,-0.8940933593348641,0,Logistic regression,0.013120744944584484,-0.3681830646283814,0.013120744944584484,0.045,-0.8966600698569214,0,0,0,0
789,239845,8.99,0,-1.4382307555149085,0,Logistic regression,-0.5708173024760956,-0.603598066130522,-0.5708173024760956,0.0,-0.9520060475864649,0,0,0,0
789,196917,100.0,0,-1.360796986795361,0,Logistic regression,-3.4667556049617305,-1.196892228285818,-3.4667556049617305,0.0,-0.8966596373747108,0,0,0,0
789,144108,310.42,1,-0.5797552544309256,1,Logistic regression,18.028245152354863,0.708153820119183,18.028245152354863,0.69,-0.8966596253570011,1,1,1,0
789,118277,1.0,0,-1.102071788622318,0,Logistic regression,-3.5725150319864296,-1.1472163705868808,-3.5725150319864296,0.0,-0.9075093586098657,0,0,0,0
789,25292,9.95,0,-1.1184051249245446,0,Logistic regression,-3.5979361666974867,-1.1113031599199314,-3.5979361666974867,0.0,-0.8966881079266704,0,0,0,0
789,8864,8.99,0,-1.1994926288155998,0,Logistic regression,-2.3208548170173655,-0.8093804779734852,-2.3208548170173655,0.005,-0.8966596277233486,0,0,0,0
789,8482,43.9,0,-1.5357354774754506,0,Logistic regression,-1.4445001868162093,-0.8660382443020078,-1.4445001868162093,0.0,-0.8966597292155634,0,0,0,0
789,96656,39.0,0,-1.4952465148805314,0,Logistic regression,-1.4794469109512138,-0.8057104998733131,-1.4794469109512138,0.005,-0.8966816352381841,0,0,0,0
789,122174,124.5,0,-1.2988537568134642,0,Logistic regression,-3.588081171661353,-1.1907723170471907,-3.588081171661353,0.0,-0.8968869939247791,0,0,0,0
789,9035,1.0,1,-0.8321357429378358,1,Logistic regression,50.570054561489975,0.2592095625418329,50.570054561489975,0.795,-0.8966596253570011,1,1,1,0
789,147548,1.18,1,-0.9033877369270744,0,Logistic regression,20.323118822986626,0.5545942577829106,20.323118822986626,0.53,-0.8966596253570011,1,1,1,0
789,108248,89.98,0,-1.322792682658465,0,Logistic regression,-1.6055980162512902,-0.8134382289041264,-1.6055980162512902,0.03,-0.8966596256615863,0,0,0,0
789,69577,51.49,0,-1.1621926465379426,0,Logistic regression,-3.2799308403477,-1.120957361836025,-3.2799308403477,0.0,-0.8966596262939972,0,0,0,0
789,152209,72.6,0,-1.360963132761605,0,Logistic regression,-1.3751184154932197,-0.8315671782550953,-1.3751184154932197,0.0,-0.896762720735747,0,0,0,0
789,156322,1962.02,0,-0.9494827639988104,0,Logistic regression,1.6643212428059413,0.2282589875128841,1.6643212428059413,0.1,-0.8966596253570011,1,0,0,0
789,6669,9.8,0,-0.945390647599367,0,Logistic regression,0.012879863099966915,-0.15073385708909037,0.012879863099966915,0.02,-0.8966596253570011,0,0,0,0
789,229713,47.0,0,-1.0821056130148656,0,Logistic regression,-0.43961033129274063,-0.4645050083647712,-0.43961033129274063,0.05,-0.8966596265145677,0,0,0,0
789,27942,54.99,0,-1.1967663254503795,0,Logistic regression,-0.8559399873119953,-0.6737199977226411,-0.8559399873119953,0.0,-0.8968009796590006,0,0,0,0
789,623,529.0,1,-0.8680678811310191,1,Logistic regression,-2.3963742007913096,-0.19441044109588618,-2.3963742007913096,0.075,-0.8966596253570013,0,0,0,0
789,72165,337.6,0,-1.195303715949145,0,Logistic regression,-2.5746348126133847,-1.0755443513486596,-2.5746348126133847,0.0,-0.8983902082364039,0,0,0,0
789,82682,103.88,0,-1.4035602087393926,0,Logistic regression,-0.6926761047606547,-0.5896512042607085,-0.6926761047606547,0.065,-0.8966596591916487,0,0,0,0
789,132459,184.99,0,-0.9949072995416905,0,Logistic regression,-5.218366521067559,-1.138323885932458,-5.218366521067559,0.0,-0.8967490457930969,0,0,0,0
789,235791,154.7,0,-1.2892777193612368,0,Logistic regression,-3.949945146517975,-1.1886004339121292,-3.949945146517975,0.0,-0.8967552741733381,0,0,0,0
789,140394,33.17,0,-0.9463460428749959,0,Logistic regression,-5.451966006833466,-0.08386796085795878,-5.451966006833466,0.04,-0.8966596253570225,0,0,0,0
789,256474,127.95,0,-1.1429855355910263,0,Logistic regression,-3.232729120982932,-1.188240432416365,-3.232729120982932,0.0,-0.9105779402413757,0,0,0,0
789,264670,2.69,0,-0.8315068998291517,1,Logistic regression,-1.7655051963509194,-0.9367306588709998,-1.7655051963509194,0.0,-0.8966597027822595,0,0,0,0
789,64021,27.84,0,-0.9690897890772571,0,Logistic regression,-2.0041468559209914,-0.2584450450733489,-2.0041468559209914,0.01,-0.8966596253570011,0,0,0,0
789,210033,0.76,0,-1.1683718267381287,0,Logistic regression,-4.879885391420752,-1.1882589901842393,-4.879885391420752,0.0,-0.8966596294519065,0,0,0,0
789,54288,100.78,0,-1.1587778005203544,0,Logistic regression,-4.525218433327039,-1.1427759652732814,-4.525218433327039,0.0,-0.8967397019532806,0,0,0,0
789,176260,1.54,0,-0.9072451989329711,0,Logistic regression,-2.2146437269139456,-0.6812431078420329,-2.2146437269139456,0.005,-0.8966600172379605,0,0,0,0
789,102444,1.0,1,-0.7209460652132791,1,Logistic regression,7.063581266811697,0.2592028776313519,7.063581266811697,0.445,-0.8966596253570011,1,1,1,0
789,237603,17.99,0,-1.2032646559710838,0,Logistic regression,-2.760623984199047,-0.8917639242911255,-2.760623984199047,0.0,-0.8966596311872094,0,0,0,0
789,98702,4.99,0,-1.220361012045948,0,Logistic regression,-3.750680262298587,-1.2025808710686376,-3.750680262298587,0.0,-0.9185193328917192,0,0,0,0
789,153690,79.95,0,-1.0810936215067786,0,Logistic regression,2.0014720509418855,0.14606630889687067,2.0014720509418855,0.605,-0.8966596253572664,1,0,1,0
789,151462,1.63,1,-0.7624221412351666,1,Logistic regression,43.28874520571308,0.25933373421563555,43.28874520571308,0.715,-0.8966596253570011,1,1,1,0
789,85982,50.0,0,-1.0961816065290173,0,Logistic regression,-1.442196827729058,-0.7645633048373255,-1.442196827729058,0.01,-0.8966624810209408,0,0,0,0
789,253267,12.4,0,-1.0017702762664316,0,Logistic regression,-1.4801912620725663,0.12752505649003376,-1.4801912620725663,0.005,-0.8966596253570011,1,0,0,0
789,68633,1.18,1,-1.1314049614376978,0,Logistic regression,-3.6874515070003056,-1.0646793308031757,-3.6874515070003056,0.0,-0.9065485949885187,0,0,0,0
789,8615,1.0,1,-0.8119065856810818,1,Logistic regression,47.4272343295071,0.2592117137736731,47.4272343295071,0.82,-0.8966596253570011,1,1,1,0
789,10690,1218.89,1,-0.9205993473849987,0,Logistic regression,45.84006426313635,0.2592033105776938,45.84006426313635,0.235,-0.8966596253570011,1,1,0,0
789,200044,93.66,0,-0.9196586883077605,0,Logistic regression,-2.244494808247741,-0.921203957310756,-2.244494808247741,0.0,-0.9076411589897564,0,0,0,0
789,49055,153.67,0,-1.7035992789865568,0,Logistic regression,-2.568591407950967,-0.9238450857532483,-2.568591407950967,0.005,-0.8970024178557747,0,0,0,0
789,192640,20.43,0,-0.9532625725430153,0,Logistic regression,-2.3040350401499428,-0.9793546301666354,-2.3040350401499428,0.0,-0.8983437087151416,0,0,0,0
789,58761,1.0,1,-1.008162456277077,0,Logistic regression,-2.4699659477203895,-0.8282500520811256,-2.4699659477203895,0.005,-0.8966805253319706,0,0,0,0
789,137028,1.0,0,-1.1181495799890866,0,Logistic regression,-3.7309262798367464,-1.2153352546297955,-3.7309262798367464,0.0,-0.8996702595980071,0,0,0,0
789,7387,8.2,0,-0.7921738531481386,1,Logistic regression,-2.5541444943167337,-0.4788537814794915,-2.5541444943167337,0.27,-0.8966596253570011,0,0,0,0
789,95341,0.89,0,-0.8671037800734198,1,Logistic regression,-0.9468755082165747,-0.6991287468670067,-0.9468755082165747,0.015,-0.9335030708197408,0,0,0,0
789,193401,3.79,0,-1.5158311543419936,0,Logistic regression,-0.8047019372389483,-0.6443416291986255,-0.8047019372389483,0.0,-0.8967177181558151,0,0,0,0
789,30425,210.51,0,-1.3959077707109326,0,Logistic regression,-2.4384949172598716,-0.9602430390568901,-2.4384949172598716,0.0,-0.8966705327332585,0,0,0,0
789,120978,14.99,0,-0.7369857389929934,1,Logistic regression,-0.6722939699909705,-0.5676423812275808,-0.6722939699909705,0.01,-0.8966621327677037,0,0,0,0
789,58422,208.58,1,-1.0002497964659065,0,Logistic regression,-2.316837262958253,-0.8887809180690063,-2.316837262958253,0.005,-0.8966596259687637,0,0,0,0
789,270340,9.99,0,-1.3928522199130615,0,Logistic regression,-3.051569129606821,-1.076113051627034,-3.051569129606821,0.0,-0.8979751175065304,0,0,0,0
789,203675,20.51,0,-0.9633008858833931,0,Logistic regression,-4.706476919540151,-1.1931491607983402,-4.706476919540151,0.0,-0.8966596413959519,0,0,0,0
789,61861,17.77,0,-1.2717263796678702,0,Logistic regression,-3.026575904414421,-1.1111987533570793,-3.026575904414421,0.0,-0.8987182027176109,0,0,0,0
789,140786,1.0,1,-0.7576066923183735,1,Logistic regression,20.530066915998006,0.9133985403955813,20.530066915998006,0.89,-0.8966596253569986,1,1,1,0
789,252774,0.77,1,-0.8977650394369664,0,Logistic regression,22.239705744021098,0.6510544278216426,22.239705744021098,0.78,-0.8966596253570011,1,1,1,0
789,21549,29.85,0,-0.8844650795603982,1,Logistic regression,-1.1417075375161245,-0.7195553057186046,-1.1417075375161245,0.03,-0.896990758534881,0,0,0,0
789,195416,12.31,0,-1.5425829316958497,0,Logistic regression,-0.700513397552831,-0.8504299855702717,-0.700513397552831,0.25,-0.8966596755434065,0,0,0,0
789,23982,170.64,0,-1.139087404220644,0,Logistic regression,-2.330593944851816,-1.0092026445331699,-2.330593944851816,0.0,-0.8966754331554642,0,0,0,0
789,159240,23.88,0,-0.7450516005425322,1,Logistic regression,-0.8580918989729818,-0.2624597744486537,-0.8580918989729818,0.015,-0.8966596253570011,0,0,0,0
789,179048,7.53,0,-1.1049688607661263,0,Logistic regression,-6.735246100038118,-0.9806379816097053,-6.735246100038118,0.0,-0.8966596254619622,0,0,0,0
789,280645,3.02,0,-1.35823983877032,0,Logistic regression,-1.2952387203582805,-0.6058153844543164,-1.2952387203582805,0.01,-0.8967574748052306,0,0,0,0
789,234705,0.0,1,-0.8012054510599246,1,Logistic regression,11.35191655403538,0.37554904492237595,11.35191655403538,0.45,-0.8966596253570011,1,1,1,0
789,88341,0.77,0,-1.123202188283107,0,Logistic regression,-4.451256654876362,-0.7801895401108816,-4.451256654876362,0.01,-0.8966596253570014,0,0,0,0
789,40966,22.4,0,-0.8671379165155249,1,Logistic regression,-2.0323872476115934,-0.9181293637116894,-2.0323872476115934,0.19,-0.8966601058662258,0,0,0,0
789,8774,244.5,0,-0.9527503558741484,0,Logistic regression,0.8260370673586115,-0.03641789199553691,0.8260370673586115,0.115,-0.8966596257662651,0,0,0,0
789,58613,74.0,0,-1.4233610700247157,0,Logistic regression,-2.250526651969068,-0.9203481526863457,-2.250526651969068,0.0,-0.8966670263102067,0,0,0,0
789,108394,245.7,0,-1.1760470492405464,0,Logistic regression,-3.5513288216496735,-1.0105875455185402,-3.5513288216496735,0.0,-0.8966599223589704,0,0,0,0
789,97585,20.1,0,-1.0783585037312082,0,Logistic regression,-2.828593998775606,-1.0008137515357272,-2.828593998775606,0.0,-0.8966629443941873,0,0,0,0
789,39903,157.91,0,-1.4034366389735307,0,Logistic regression,-2.261071065481583,-1.0019271086162453,-2.261071065481583,0.01,-0.8966598350836068,0,0,0,0
1000,13355,89.99,0,-1.2785659263692613,0,Logistic regression,-7.733093989062697,-1.1088763172643996,-7.733093989062697,0.0,-0.7013467898962584,0,0,0,0
1000,207030,192.4,0,-1.3774131717295388,0,Logistic regression,-13.009610016341739,-1.1854180028191663,-13.009610016341739,0.0,-0.9198231604095706,0,0,0,0
1000,167924,25.65,0,-1.1527239700290002,0,Logistic regression,-16.66523457826981,-0.9723075731069664,-16.66523457826981,0.0,-0.5884503580041348,0,0,0,0
1000,50799,535.54,0,-0.790805962571188,1,Logistic regression,-19.78611410502935,-0.6612882505984379,-19.78611410502935,0.04,-0.5738559859869403,0,0,0,0
1000,207130,0.89,0,-1.1159321914254616,0,Logistic regression,-10.895655160039041,-1.205129970007416,-10.895655160039041,0.0,-1.1160449247119306,0,0,0,0
1000,247747,38.53,0,-1.0724466652415483,0,Logistic regression,-10.450819359178201,-1.2137588869282008,-10.450819359178201,0.0,-0.5732086559966598,0,0,0,0
1000,282586,1.98,0,-1.2390056365690316,0,Logistic regression,-10.838078194256958,-0.9703071631588991,-10.838078194256958,0.0,-1.110169471494344,0,0,0,0
1000,258118,45.0,0,-0.7866279338003463,1,Logistic regression,-18.00505817435488,-0.9484481721341966,-18.00505817435488,0.0,-0.37954492025890996,0,0,0,1
1000,113393,0.89,0,-0.8628439226364641,0,Logistic regression,-11.967568495433426,-1.0601802808652832,-11.967568495433426,0.0,-0.6185408165421455,0,0,0,0
1000,262560,4.69,1,-0.6673999020824044,1,Logistic regression,14.805813648452057,1.0024947256895913,14.805813648452057,0.53,-0.30062274596079036,1,1,1,1
1000,226517,4.99,0,-1.15338325981878,0,Logistic regression,-8.49008783698909,-1.1017878740238358,-8.49008783698909,0.0,-0.9652277364018822,0,0,0,0
1000,247995,51.37,1,-0.5769394725937784,1,Logistic regression,4.880317886071635,0.28735789540340007,4.880317886071635,0.525,-0.3102274699241055,0,1,1,1
1000,278472,9.99,0,-1.2018878929886057,0,Logistic regression,-7.016957245510287,-0.413809165196783,-7.016957245510287,0.01,-0.5000921843051549,0,0,0,0
1000,623,529.0,1,-0.8859634038379336,0,Logistic regression,-4.844803461967015,0.6862059172579908,-4.844803461967015,0.005,-0.33635954745275937,1,0,0,1
1000,275426,30.0,0,-1.1272941482981824,0,Logistic regression,-10.486666704287323,-1.1343505879309557,-10.486666704287323,0.0,-1.0190029943453036,0,0,0,0
1000,43516,12.0,0,-1.280788853155865,0,Logistic regression,-12.641124880672827,-1.2776259565262498,-12.641124880672827,0.0,-1.1280533217321576,0,0,0,0
1000,4960,96.27,0,-1.2558899058533262,0,Logistic regression,-19.84269230838597,-1.308405274269191,-19.84269230838597,0.0,-0.44660882675241914,0,0,0,1
1000,57094,29.99,0,-0.7923047068792148,1,Logistic regression,-21.172230394877396,0.22128385986754506,-21.172230394877396,0.22,-0.3124226632787462,0,0,1,1
1000,154684,0.01,1,-0.5753582326389872,1,Logistic regression,104.36106855632862,0.5589042638906663,104.36106855632862,0.725,-0.3022413622538253,1,1,1,1
1000,44644,16.85,0,-1.1159562052772156,0,Logistic regression,-14.065902036938837,-1.0744591988095669,-14.065902036938837,0.0,-0.7606038484561206,0,0,0,0
1000,58464,24.99,0,-1.2483007929613983,0,Logistic regression,-2.0092065462071442,-0.6412137180356736,-2.0092065462071442,0.04,-0.8318871121392903,0,0,0,0
1000,226877,0.0,1,-0.7485925740454817,1,Logistic regression,-1.5643431325473074,0.7142524377814005,-1.5643431325473074,0.81,-0.3015719215943441,1,0,1,1
1000,179151,17.02,0,-1.1416771693857661,0,Logistic regression,-15.295103406574812,-1.2165090627378667,-15.295103406574812,0.0,-0.8538769383117737,0,0,0,0
1000,1939,5.0,0,-0.8244054288818773,1,Logistic regression,-18.819612648875008,-1.1114193957668312,-18.819612648875008,0.0,-1.006637653856657,0,0,0,0
1000,102442,1.0,1,-0.7093248271401402,1,Logistic regression,28.01928447196432,0.5586807562281058,28.01928447196432,0.75,-0.3022413622538253,1,1,1,1
1000,150680,104.03,1,-0.47373550683385973,1,Logistic regression,53.84779885733348,0.7739880770383649,53.84779885733348,0.8,-0.30223950041752234,1,1,1,1
1000,127133,1.0,0,-1.2797163124632704,0,Logistic regression,-4.600925994059082,-0.7055773731352324,-4.600925994059082,0.0,-1.0061994179029259,0,0,0,0
1000,133622,0.76,0,-1.0211728456011762,0,Logistic regression,-7.386051645451662,-0.7442779186775552,-7.386051645451662,0.0,-0.6549590707156772,0,0,0,0
1000,191682,14.99,0,-1.102740935472136,0,Logistic regression,-14.193008380477455,-1.2836454333844534,-14.193008380477455,0.0,-0.9890948432164008,0,0,0,0
1000,234528,26.01,0,-1.2003702049879041,0,Logistic regression,-13.43950647054959,-1.273758497541231,-13.43950647054959,0.005,-1.056522784720606,0,0,0,0
1000,206838,13.37,0,-1.234502310356131,0,Logistic regression,-6.105554429265726,-0.9263343264777408,-6.105554429265726,0.0,-0.7925593177746781,0,0,0,0
1000,71504,110.28,0,-1.2715900778138356,0,Logistic regression,-11.250449210924907,-1.2559977739839756,-11.250449210924907,0.0,-1.0608807951990693,0,0,0,0
1000,216094,12.57,0,-1.349225822467671,0,Logistic regression,-9.169846154274971,-1.1406094940155593,-9.169846154274971,0.0,-0.7335986998979322,0,0,0,0
1000,221594,39.9,0,-1.0888118667978357,0,Logistic regression,-8.121919991306445,-1.1817845061693102,-8.121919991306445,0.0,-0.8669977004771392,0,0,0,0
1000,33905,12.0,0,-1.1062052725442517,0,Logistic regression,-8.892349227886475,-1.080718174575969,-8.892349227886475,0.0,-0.559109532676511,0,0,0,0
1000,235574,318.0,0,-1.0386817866314904,0,Logistic regression,-18.289853418906738,-0.8569616010190659,-18.289853418906738,0.005,-0.8942206668974493,0,0,0,0
1000,95664,141.0,0,-1.3010120635557456,0,Logistic regression,-11.30577998592183,-1.1827336842576543,-11.30577998592183,0.0,-0.8521519386113716,0,0,0,0
1000,14170,99.99,1,-0.4058169660355595,1,Logistic regression,4.97230763706124,0.5605484618590145,4.97230763706124,0.62,-0.3022413580418802,1,1,1,1
1000,10755,5.4,0,-1.2785251059147136,0,Logistic regression,-11.37670988847313,-1.2842331133466875,-11.37670988847313,0.0,-0.531864567343365,0,0,0,0
1000,15539,99.99,1,-0.6093333276732306,1,Logistic regression,-2.9534360215797424,0.5586852597210035,-2.9534360215797424,0.6,-0.3022413622538253,1,0,1,1
1000,275357,21.68,0,-1.2526476096235168,0,Logistic regression,-14.916211657559176,-1.3045817692055186,-14.916211657559176,0.0,-1.0928875482709992,0,0,0,0
1000,165176,34.04,0,-1.310089565494866,0,Logistic regression,-6.727996124913532,-0.9218222693881564,-6.727996124913532,0.0,-0.9771027865595918,0,0,0,0
1000,225879,36.0,0,-1.009990175387868,0,Logistic regression,-9.38083700803739,-1.1408097344456891,-9.38083700803739,0.0,-1.1165220659778456,0,0,0,0
1000,214100,1.98,0,-1.1995547141138672,0,Logistic regression,-11.027984791195069,-1.060649932643966,-11.027984791195069,0.0,-1.0909340222588695,0,0,0,0
1000,116651,1.98,0,-1.1403069393304115,0,Logistic regression,-11.998696696756884,-1.1120519822492785,-11.998696696756884,0.0,-0.6894119914197713,0,0,0,0
1000,11692,24.0,0,-1.241034952752469,0,Logistic regression,-9.911291041082496,-1.2251731610937937,-9.911291041082496,0.0,-0.7325477332306136,0,0,0,0
1000,218024,12.13,0,-1.19095279841128,0,Logistic regression,-15.001435244010146,-1.273628675793385,-15.001435244010146,0.0,-0.5622690070498122,0,0,0,0
1000,269132,121.28,0,-0.984210774738512,0,Logistic regression,-1.7278573119770737,-0.0049877144943236695,-1.7278573119770737,0.03,-0.7661897920624057,0,0,0,0
1000,24298,91.0,0,-1.1265736105328206,0,Logistic regression,-16.61487005209819,-0.9071863613024733,-16.61487005209819,0.0,-0.670043525478786,0,0,0,0
1000,96762,9.98,0,-1.3241409701293163,0,Logistic regression,-5.427158144785778,-0.7743484187769378,-5.427158144785778,0.0,-0.9178244191686928,0,0,0,0
1000,166252,17.0,0,-1.1013683306864943,0,Logistic regression,-13.59491225656166,-1.0642423625567445,-13.59491225656166,0.0,-0.9843442502637929,0,0,0,0
1000,244333,1.0,1,0.6474655312924322,1,Logistic regression,53.38962024580031,1.0015468205029356,53.38962024580031,0.87,0.9197561651492818,1,1,1,1
1000,192927,5.98,0,-1.165190515273617,0,Logistic regression,-14.907590763983073,-1.2408916968328036,-14.907590763983073,0.0,-1.0855658086970108,0,0,0,0
1000,142484,331.0,0,-1.3986418806187189,0,Logistic regression,-15.753837940214261,-0.8740424795801098,-15.753837940214261,0.005,-0.8384742369186557,0,0,0,0
1000,56787,100.0,0,-1.2350937369722872,0,Logistic regression,-16.474974470680497,-0.9585686152914321,-16.474974470680497,0.0,-0.6121121731779458,0,0,0,0
1000,183415,9.99,0,-1.1417150783518526,0,Logistic regression,-10.544646810491983,-1.09980829401367,-10.544646810491983,0.0,-1.203888343012979,0,0,0,0
1000,119006,2.66,0,-1.3518904036281434,0,Logistic regression,-5.961522401616749,-0.5306616814373635,-5.961522401616749,0.02,-0.4657555064557175,0,0,0,1
1000,131674,56.94,0,-1.2109422578089246,0,Logistic regression,-14.74313649186633,-1.2170844148298372,-14.74313649186633,0.0,-0.8359772795063156,0,0,0,0
1000,18635,0.68,0,-0.8094784332421899,1,Logistic regression,-5.188551486998501,-0.3954070358658588,-5.188551486998501,0.095,-0.44276442700973384,0,0,1,1
1000,46656,65.0,0,-1.1684053769506062,0,Logistic regression,-14.420531661764283,-1.0550511549508028,-14.420531661764283,0.0,-0.6973564520026885,0,0,0,0
1000,203324,1.0,1,-0.535543709867026,1,Logistic regression,15.512732795124657,1.0333647143368434,15.512732795124657,0.555,-0.2999090530225606,1,1,1,1
1000,144662,9.99,0,-1.2059542437313473,0,Logistic regression,-7.857936689090298,-1.2171553215528366,-7.857936689090298,0.0,-0.895349184204107,0,0,0,0
1000,38021,247.83,0,-0.9385016994417918,0,Logistic regression,-13.835881190435817,0.12351805444112873,-13.835881190435817,0.02,-0.3039510713953674,0,0,0,1
1000,163798,105.04,0,-1.1808101790877767,0,Logistic regression,-12.534025303438451,-1.1389405301585942,-12.534025303438451,0.0,-0.8037318960508388,0,0,0,0
1000,49379,671.9,0,-0.8684482016155344,0,Logistic regression,-13.074788787563737,0.2668757774852563,-13.074788787563737,0.005,-0.33338641963904747,0,0,0,1
1000,256412,169.43,0,-1.3798712885535886,0,Logistic regression,-9.568901488647949,-1.0466564443224653,-9.568901488647949,0.0,-1.0521976457106161,0,0,0,0
1000,241254,9.29,1,-0.7316749382514012,1,Logistic regression,7.7087994792298975,0.5235146887597467,7.7087994792298975,0.17,-0.30054124236988106,1,1,1,1
1000,234369,14.34,0,-1.0018135216769486,0,Logistic regression,-21.05396433366724,-0.8911337940409023,-21.05396433366724,0.005,-0.5710655710625236,0,0,0,0
1000,260505,1.98,0,-1.1871707539427354,0,Logistic regression,-11.329692844304077,-1.039789845277997,-11.329692844304077,0.0,-1.0573243886800576,0,0,0,0
1000,150473,15.99,0,-1.1376541751572675,0,Logistic regression,-12.69747893862947,-1.2558752398729514,-12.69747893862947,0.0,-0.6861780285759621,0,0,0,0
1000,146790,829.41,1,-0.886933878840317,0,Logistic regression,-17.161406026166773,-0.2591759541287677,-17.161406026166773,0.0,-0.30317556462482964,0,0,0,1
1000,158544,3.39,0,-0.8026166817454036,1,Logistic regression,-7.711748682643705,-0.28532775299364654,-7.711748682643705,0.425,-0.46609729072255845,0,0,1,1
1000,205149,84.95,0,-1.1222718530708629,0,Logistic regression,-14.012900201270089,-0.9718458206060521,-14.012900201270089,0.0,-0.6856553608765895,0,0,0,0
1000,160631,1.0,0,-1.1023988112305911,0,Logistic regression,-8.80048280194147,-1.181077943623744,-8.80048280194147,0.0,-0.6068928174621329,0,0,0,0
1000,192066,184.99,0,-1.0819227168351846,0,Logistic regression,-12.216667728770958,-1.13969736993539,-12.216667728770958,0.0,-1.0018243113048133,0,0,0,0
1000,22825,22.7,0,-1.208286347724075,0,Logistic regression,-8.116517380349247,-1.0057423715640696,-8.116517380349247,0.0,-1.0811188208559412,0,0,0,0
1000,53929,7.0,0,-1.0759673801493415,0,Logistic regression,-3.0747150997390253,-0.42920762460569784,-3.0747150997390253,0.0,-0.6941699648399332,0,0,0,0
1000,190368,175.9,1,-0.49823503880239284,1,Logistic regression,-0.8956055168772536,0.4242894162330892,-0.8956055168772536,0.62,-0.30215883379305825,1,0,1,1
1000,249637,12.0,0,-1.2891184828514854,0,Logistic regression,-9.007770114478772,-1.1009411496056072,-9.007770114478772,0.06,-0.6506888706457713,0,0,0,0
1000,206177,1.0,0,-1.2442422480384476,0,Logistic regression,-5.886384113930453,-0.9845998507121962,-5.886384113930453,0.0,-0.8499745997375951,0,0,0,0
1000,91009,1.98,0,-1.368156489296137,0,Logistic regression,-11.340021993199631,-1.1463329068335397,-11.340021993199631,0.005,-1.0967656363473322,0,0,0,0
1000,92889,10.99,0,-0.9847034384190396,0,Logistic regression,-11.752971161563805,-0.9886757004412103,-11.752971161563805,0.005,-0.9593283869542204,0,0,0,0
1000,18466,0.68,1,-0.6589986389298491,1,Logistic regression,9.606355803002158,0.931823084659194,9.606355803002158,0.735,-0.30092209945984705,1,1,1,1
1000,248317,238.62,0,-1.2125543111551629,0,Logistic regression,-17.139993944920768,-1.3205268287482002,-17.139993944920768,0.0,-1.1089973766399837,0,0,0,0
1000,6329,1.0,1,-0.8206377087874275,1,Logistic regression,9.452849822290547,1.0474731704310196,9.452849822290547,0.74,-0.30167439417438935,1,1,1,1
1000,216885,1.18,0,-1.1907880085965161,0,Logistic regression,-11.483145517655744,-1.0109045511247052,-11.483145517655744,0.0,-0.4942066226526653,0,0,0,0
1000,257583,26.0,0,-1.0371158635008986,0,Logistic regression,-20.632490307381566,-1.1420112724516136,-20.632490307381566,0.005,-0.8246284231080909,0,0,0,0
1000,150921,141.0,0,-0.9520311042869156,0,Logistic regression,-13.547898933087028,-1.157750991775866,-13.547898933087028,0.0,-0.6488062723491137,0,0,0,0
1000,262024,1.79,0,-1.023485675848865,0,Logistic regression,-16.93631112673596,-1.2342524557797296,-16.93631112673596,0.0,-1.0868175827713606,0,0,0,0
1000,29833,6.99,0,-1.231439130679945,0,Logistic regression,-3.964132288611,-0.6645280665701891,-3.964132288611,0.0,-0.785301830972333,0,0,0,0
1000,118206,38.5,0,-1.1681518784096285,0,Logistic regression,-13.751174443781693,-1.179050182197387,-13.751174443781693,0.06,-0.6963012578157839,0,0,0,0
1000,130709,101.94,0,-0.9289437096695752,0,Logistic regression,-25.45681375346571,-0.16992776095339823,-25.45681375346571,0.0,-0.40302986543900127,0,0,0,1
1000,130305,6.44,0,-0.5151729843005938,1,Logistic regression,13.663056873441521,0.4825145313447707,13.663056873441521,0.455,-0.3035253931452206,1,1,1,1
1000,15566,99.99,1,-0.5866128731147459,1,Logistic regression,-3.889283283939216,0.5586829376017415,-3.889283283939216,0.6,-0.3022413622538253,1,0,1,1
1000,217206,231.71,0,-1.3601363449483945,0,Logistic regression,-8.148952612813193,-0.7645698200759965,-8.148952612813193,0.0,-0.8827860316873091,0,0,0,0
1000,4914,47.98,0,-1.1212454263438785,0,Logistic regression,-6.726677251278482,-1.1116335038206824,-6.726677251278482,0.0,-0.7750885192732059,0,0,0,0
1000,93486,0.0,1,-1.2746715343502744,0,Logistic regression,-6.39860224998321,-0.13398598191987598,-6.39860224998321,0.07,-0.5367856472473403,0,0,0,0
1000,193257,50.0,0,-0.2638274114307221,1,Logistic regression,4.91447572189564,0.44533994538960914,4.91447572189564,0.025,-0.3441511164036336,1,1,0,1
1000,41395,1.0,1,-0.6191611813027512,1,Logistic regression,18.171365485753654,0.7363527289931209,18.171365485753654,0.775,-0.3022365359041675,1,1,1,1
1000,222511,6.02,0,-0.8214316433795406,1,Logistic regression,5.865180841341166,-0.1533283294997262,5.865180841341166,0.12,-0.3157677408770622,0,1,1,1
1000,192763,8.99,0,-1.181529862954196,0,Logistic regression,-15.06967042205945,-1.3095730186494965,-15.06967042205945,0.0,-1.2080597242650817,0,0,0,0
1000,35382,235.0,0,-1.3626424354899696,0,Logistic regression,-10.459159397072904,-1.1130881572644076,-10.459159397072904,0.0,-0.4289533786107054,0,0,0,1
1000,56051,11.9,0,-0.9173533580622995,0,Logistic regression,-14.393512857577129,-1.2096244914167087,-14.393512857577129,0.0,-1.1000730790738025,0,0,0,0
1000,48788,0.77,0,-0.8723392042819098,0,Logistic regression,-16.567601970942064,-0.08783069436235269,-16.567601970942064,0.06,-0.32866992195289857,0,0,0,1
1000,175782,17.93,0,-1.1311564317678595,0,Logistic regression,-11.299042665122693,-1.230390247058841,-11.299042665122693,0.0,-1.1821184457029708,0,0,0,0
1000,77072,1500.0,0,-0.8804613942183952,0,Logistic regression,-37.8088173016481,0.28807903215016223,-37.8088173016481,0.01,-0.32309486234308504,0,0,0,1
1000,170270,13.01,0,-0.9629154880914783,0,Logistic regression,-9.09618222462261,-0.41184296082535987,-9.09618222462261,0.0,-0.4082337494489107,0,0,0,1
1000,11841,1.0,1,-0.5863218769588815,1,Logistic regression,23.295415471386768,0.5711613132119507,23.295415471386768,0.745,-0.3022413622488158,1,1,1,1
1000,82543,60.67,0,-0.1628590473693639,1,Logistic regression,1.1671322736465157,0.7307178402892984,1.1671322736465157,0.41,-0.3240216588310842,1,0,1,1
1000,159534,456.0,0,-0.9245567896453719,0,Logistic regression,-28.931914941923857,-0.9672601223920883,-28.931914941923857,0.015,-0.5328557329335637,0,0,0,0
1000,117159,0.89,0,-1.276120653843472,0,Logistic regression,-7.239642216672644,-0.4212766332172918,-7.239642216672644,0.01,-0.7372049540370821,0,0,0,0
1000,247149,76.63,0,-1.0998925372035446,0,Logistic regression,-11.902633238757158,-1.1119889852501736,-11.902633238757158,0.0,-0.4020143443691856,0,0,0,1
1000,189622,60.47,0,-1.1559109688230629,0,Logistic regression,-21.08025009569704,-1.129083374320052,-21.08025009569704,0.025,-0.7864393100422451,0,0,0,0
1000,95394,63.42,0,-1.0324337434110624,0,Logistic regression,-5.137281922866928,-0.900144757851312,-5.137281922866928,0.0,-0.5740958685267827,0,0,0,0
1000,165175,77.71,0,-1.193287293757585,0,Logistic regression,-7.274800254695095,-0.7181451787118898,-7.274800254695095,0.0,-0.4133064740590858,0,0,0,1
1000,28156,234.0,0,-1.1827742827683416,0,Logistic regression,-14.031215039085332,-1.0702628093474102,-14.031215039085332,0.0,-0.9929490914895962,0,0,0,0
1000,278257,111.67,0,-1.2388848070835055,0,Logistic regression,-14.0282466855711,-1.2711544543869355,-14.0282466855711,0.0,-0.6676581343186992,0,0,0,0
1000,234574,0.0,1,-0.650466742115758,1,Logistic regression,12.776818268049789,0.824865931284668,12.776818268049789,0.49,-0.30222212697013817,1,1,1,1
1000,201453,11.25,0,-1.1556163491239753,0,Logistic regression,-1.715221580547846,-0.5802136326438787,-1.715221580547846,0.0,-0.7858903120546368,0,0,0,0
1000,73231,12.27,0,-1.2956168714852496,0,Logistic regression,-12.145104771072832,-1.1147413886227129,-12.145104771072832,0.0,-1.153163277663306,0,0,0,0
1000,83417,5.91,1,-0.3114763841336689,1,Logistic regression,3.2698435063197273,0.973372107274389,3.2698435063197273,0.665,-0.2919356087598799,1,1,1,1
1000,53297,81.62,0,-1.2529900925393926,0,Logistic regression,-9.663418081135116,-1.1127966032042595,-9.663418081135116,0.0,-0.9995054025586323,0,0,0,0
1000,280149,77.89,1,-0.6359318758346653,1,Logistic regression,-5.628529467977199,-0.02870048580513096,-5.628529467977199,0.525,-0.32184137925032924,0,0,1,1
1000,273582,9.99,0,-1.340231828021381,0,Logistic regression,-12.01990430224555,-1.1188452658415595,-12.01990430224555,0.0,-1.089577794274167,0,0,0,0
1000,191544,80.9,1,-0.46829939295803824,1,Logistic regression,7.378602444240082,0.5418754708879326,7.378602444240082,0.525,-0.30041089243311736,1,1,1,1
1000,144754,323.77,1,-0.9673626835141723,0,Logistic regression,-9.542494454033557,-0.24766132659088425,-9.542494454033557,0.0,-0.29855242816816707,0,0,0,1
1000,101514,1.99,0,-1.2460520858212774,0,Logistic regression,-11.791478793200193,-0.9819791564952793,-11.791478793200193,0.0,-1.2420053748744568,0,0,0,0
1000,281144,245.0,1,-0.9785075140492994,0,Logistic regression,-8.376279358999792,0.642896866062939,-8.376279358999792,0.795,-0.2846232963420949,1,0,1,1
1000,231288,0.99,0,-1.1640674384002763,0,Logistic regression,-12.41953549240463,-1.1265515719587582,-12.41953549240463,0.0,-0.9686750060611764,0,0,0,0
1000,107325,158.0,0,-1.076356278396762,0,Logistic regression,-6.6099710135717835,-0.31121393270447084,-6.6099710135717835,0.015,-0.36620655916153666,0,0,0,1
1000,121068,14.1,0,-1.2665200300991282,0,Logistic regression,-4.939664869322578,-0.8193325024588363,-4.939664869322578,0.07,-0.5203894880593204,0,0,0,0
1000,15166,99.99,1,-0.3961902235427962,1,Logistic regression,4.06213057772683,0.5588927657932535,4.06213057772683,0.61,-0.3022413622525491,1,1,1,1
1000,192179,1.0,0,-1.0571361336370608,0,Logistic regression,-5.332913483205909,-0.9873740503736259,-5.332913483205909,0.0,-0.8834768611455064,0,0,0,0
1000,157324,29.7,0,-1.036112175581592,0,Logistic regression,-15.99851821142536,-1.1078528338910307,-15.99851821142536,0.005,-0.6066621380982967,0,0,0,0
1000,168066,69.0,0,-1.1012534796721605,0,Logistic regression,-13.87511536533485,-1.1437886718049246,-13.87511536533485,0.0,-0.4669794146656666,0,0,0,1
1000,218494,91.9,0,-1.2327022960572798,0,Logistic regression,-9.299266676644974,-0.7850566203404545,-9.299266676644974,0.01,-0.6276752992718582,0,0,0,0
1000,246558,29.76,0,-1.184384202655504,0,Logistic regression,-13.161439755085302,-1.148544792341436,-13.161439755085302,0.0,-0.6625682749110933,0,0,0,0
1000,69381,12.99,0,-1.304077453034438,0,Logistic regression,-14.656856226337302,-1.343526729391106,-14.656856226337302,0.0,-1.0796076574520714,0,0,0,0
1000,278123,15.0,0,-0.9595186319383051,0,Logistic regression,-3.4885867179294046,-0.8609176618108922,-3.4885867179294046,0.0,-0.8135443332062549,0,0,0,0
1000,6336,1.0,1,-0.6560169806018405,1,Logistic regression,15.421529934108806,0.8146560144087693,15.421529934108806,0.47,-0.302235115317517,1,1,1,1
1000,88335,96.15,0,-1.019057064167561,0,Logistic regression,-16.156439408333796,-1.019056490692354,-16.156439408333796,0.005,-0.44365200470028343,0,0,0,1
1000,193380,206.0,0,-1.257252632695384,0,Logistic regression,-20.57638863050495,-1.053580417512411,-20.57638863050495,0.045,-0.3731891759554834,0,0,0,1
1000,40085,1.0,1,-0.7813824865955264,1,Logistic regression,-2.9980549901538662,0.030838364261981166,-2.9980549901538662,0.125,-0.3725037372850489,0,0,1,1
1000,56276,1.98,0,-1.2973862139507286,0,Logistic regression,-10.816832651031321,-0.9952083822251487,-10.816832651031321,0.0,-1.2232176623735633,0,0,0,0
1000,39183,776.83,1,-0.9250695994128681,0,Logistic regression,-6.260773109039629,0.4436852521510462,-6.260773109039629,0.155,-0.33734056270942303,1,0,1,1
1000,151730,18.96,1,-0.764744220993205,1,Logistic regression,8.348160338471677,0.5059253930387908,8.348160338471677,0.475,-0.3022254217861332,1,1,1,1
1000,149626,2.0,0,-1.0281416046287364,0,Logistic regression,-5.625224347337153,-1.0267331388371301,-5.625224347337153,0.0,-0.5052432313160985,0,0,0,0
1000,177384,22.39,0,-1.3249221482598545,0,Logistic regression,-17.438872649162967,-1.2186343900194225,-17.438872649162967,0.01,-0.4151703899555297,0,0,0,1
1000,147181,12.99,0,-1.0244348678349604,0,Logistic regression,-7.586282674783105,-1.15977940266211,-7.586282674783105,0.0,-1.1565582332207565,0,0,0,0
1000,29954,17.74,0,-1.0110525592045985,0,Logistic regression,-10.90116159508165,-1.1873917651417207,-10.90116159508165,0.0,-1.2146484984219164,0,0,0,0
1000,152305,49.2,0,-1.3357817049689462,0,Logistic regression,-15.198819046213153,-1.2641749347632885,-15.198819046213153,0.0,-0.5655960245569974,0,0,0,0
1000,83053,6.27,1,-0.5435021686052222,1,Logistic regression,2.5456015729068007,0.30645588147694736,2.5456015729068007,0.58,-0.299200098399825,0,0,1,1
1000,234632,1.59,1,-0.8323337950068683,0,Logistic regression,8.22900109333787,0.5285446518377903,8.22900109333787,0.455,-0.29801088895636796,1,1,1,1
1000,114132,16.81,0,-1.3026961639849008,0,Logistic regression,-5.245222160190341,-0.8001491788304937,-5.245222160190341,0.0,-1.0372702374594112,0,0,0,0
1000,68320,0.76,1,-0.8629014875100387,0,Logistic regression,-11.287061190702167,-0.9095679763130096,-11.287061190702167,0.0,-0.5003374352354925,0,0,0,0
1000,237508,23.63,0,-0.974767822780888,0,Logistic regression,-19.912685724803197,-1.1959066348644167,-19.912685724803197,0.0,-1.004978201422918,0,0,0,0
1000,16863,730.86,1,-0.7312435235467407,1,Logistic regression,-8.718477527718932,0.3535551302340313,-8.718477527718932,0.515,-0.3009517118993486,0,0,1,1
1000,189334,21.53,0,-1.00675566249507,0,Logistic regression,-15.338805963372987,-1.178764397826679,-15.338805963372987,0.0,-0.5421146211666534,0,0,0,0
1000,263324,127.14,1,-0.4607835402505409,1,Logistic regression,18.88259104443636,1.04568384908756,18.88259104443636,0.605,-0.2627056375424301,1,1,1,1
1000,11146,11.85,0,-1.239600656141222,0,Logistic regression,-10.834153887167167,-1.2351857521068055,-10.834153887167167,0.0,-0.5053915749091109,0,0,0,0
1000,109081,29.0,0,-1.159149847368875,0,Logistic regression,-2.3875612354575075,-0.8137953216082974,-2.3875612354575075,0.015,-0.921080521303332,0,0,0,0
1000,244792,105.9,0,-1.1403759587457625,0,Logistic regression,-16.479335149738453,-1.297594530889239,-16.479335149738453,0.0,-0.4220157822650581,0,0,0,1
1000,227522,450.0,0,-0.9344442081578388,0,Logistic regression,-13.703066592456397,-0.7682627063011902,-13.703066592456397,0.0,-0.49487897442460715,0,0,0,0
1000,41243,7.0,0,-0.9520198228084672,0,Logistic regression,-7.156827433451014,-1.1569302604980825,-7.156827433451014,0.0,-0.8768967412028519,0,0,0,0
1000,156990,186.13,1,-0.5151209699018752,1,Logistic regression,13.296580939606978,0.9600813901582692,13.296580939606978,0.48,-0.3018424097549361,1,1,1,1
1000,4501,75.84,0,-1.1026442970170742,0,Logistic regression,-18.026545832002345,-1.175658359563535,-18.026545832002345,0.025,-0.39777325572761485,0,0,0,1
1000,219461,4.98,0,-1.0865946724172768,0,Logistic regression,-16.454598673964945,-1.1519784102678965,-16.454598673964945,0.0,-0.6305601668412214,0,0,0,0
1000,201098,0.0,1,-0.7331528333804583,1,Logistic regression,10.917225129618116,0.8501404906002453,10.917225129618116,0.495,-0.3017726232509791,1,1,1,1
1000,212164,25.0,0,-0.7637524675517215,1,Logistic regression,-7.326634957381129,-0.7225412109230751,-7.326634957381129,0.095,-0.7768983671927598,0,0,1,0
1000,194385,3.8,0,-1.1168957982141883,0,Logistic regression,-13.359658897905284,-1.1286079129192381,-13.359658897905284,0.0,-0.7792227592864382,0,0,0,0
1000,133636,15.0,0,-1.1874250525144217,0,Logistic regression,-4.017035861752085,-0.8088009443342783,-4.017035861752085,0.0,-0.6437832228371868,0,0,0,0
1000,189014,4.99,0,-1.1011120075794503,0,Logistic regression,-10.39367569075969,-1.1878914442716013,-10.39367569075969,0.0,-1.0341087421203383,0,0,0,0
1000,260593,0.99,0,-0.8461947780394218,0,Logistic regression,-15.178619152602767,-0.4192336030146889,-15.178619152602767,0.0,-0.5754486077239085,0,0,0,0
1000,109072,3.73,0,-0.7321713951340504,1,Logistic regression,1.1401803381911577,-0.8324974597249335,1.1401803381911577,0.145,-0.3847632792099219,0,0,1,1
1000,65442,59.74,0,-1.2791932003372777,0,Logistic regression,-8.649542068994755,-0.8603380420911559,-8.649542068994755,0.0,-1.1458307415250806,0,0,0,0
1000,154919,6.78,0,-1.0652995955079172,0,Logistic regression,-11.912106630969346,-1.2149417709191415,-11.912106630969346,0.0,-0.6243879684407404,0,0,0,0
1000,237093,544.0,0,-1.3436232412136913,0,Logistic regression,-20.948208192632443,-0.6274326387731626,-20.948208192632443,0.005,-0.6259353645932964,0,0,0,0
1000,251919,26.08,0,-1.0788944462138648,0,Logistic regression,-8.88586467830324,-1.0913291961318654,-8.88586467830324,0.0,-1.0961881824798008,0,0,0,0
1000,72113,27.8,0,-1.642282430105817,0,Logistic regression,-10.300722367441107,-0.4332357434717192,-10.300722367441107,0.0,-0.5547064420070613,0,0,0,0
1000,159229,18.2,0,-0.9842170717557122,0,Logistic regression,0.41650712024001457,1.096108038697349,0.41650712024001457,0.415,-0.30063735204292225,1,0,1,1
1000,63708,0.76,0,-1.2891185303298454,0,Logistic regression,-6.612171517866734,-0.17068397956658798,-6.612171517866734,0.015,-0.7231059348770786,0,0,0,0
1000,229684,0.62,0,-1.0940165840047853,0,Logistic regression,-4.473605520937193,-0.444729399960925,-4.473605520937193,0.11,-0.4836978192653695,0,0,1,0
1000,61691,269.95,0,-1.368191650530606,0,Logistic regression,-17.073281447160472,-1.1452629619487298,-17.073281447160472,0.005,-0.535392118975383,0,0,0,0
1000,76336,15.35,0,-1.2079418490341278,0,Logistic regression,-6.4308615869969845,-1.01064472762575,-6.4308615869969845,0.0,-1.0923819665416623,0,0,0,0
1000,92507,286.87,0,-1.0313084411183073,0,Logistic regression,-13.99128104090643,-1.038891921295884,-13.99128104090643,0.0,-0.9104272623566299,0,0,0,0
1000,211415,3.28,0,-1.4938051824340373,0,Logistic regression,-5.652147081326479,-0.5491771024253549,-5.652147081326479,0.0,-0.9942021480324852,0,0,0,0
1000,25785,17.85,0,-1.2971434359336744,0,Logistic regression,-12.221924505243088,-1.3086463942311601,-12.221924505243088,0.0,-0.922892709576703,0,0,0,0
1000,60872,14.05,0,-1.241330834411988,0,Logistic regression,-7.727783574587433,-0.9672877770887238,-7.727783574587433,0.0,-0.8302407264105085,0,0,0,0
1000,19707,0.89,0,0.10330211830522595,1,Logistic regression,-3.692036761347354,0.0038365318743694976,-3.692036761347354,0.165,-0.41169494813346463,0,0,1,1
1000,76929,1.0,1,-0.349537217123767,1,Logistic regression,9.78273869334136,0.8592015819467889,9.78273869334136,0.525,-0.2983786090111211,1,1,1,1
1000,223383,577.18,0,-0.9095319236265558,0,Logistic regression,-24.857958446137758,-0.657711428559467,-24.857958446137758,0.005,-0.3435320890814035,0,0,0,1
1000,260587,20.0,0,-1.1097930627696475,0,Logistic regression,-12.128175725825805,-1.1994206251569532,-12.128175725825805,0.0,-1.1222750955274472,0,0,0,0
1000,249337,12.99,0,-1.1164187511548653,0,Logistic regression,-11.217562006297861,-1.1269880214888,-11.217562006297861,0.0,-1.2347898023773194,0,0,0,0
1000,69851,23.08,0,-1.5580465501520127,0,Logistic regression,-9.474282018274472,-0.6524502188165533,-9.474282018274472,0.0,-0.656376192614991,0,0,0,0
1000,114847,12.02,0,-1.0893181511534935,0,Logistic regression,-10.528020399113576,-1.1931855594433367,-10.528020399113576,0.03,-0.5271064374799468,0,0,0,0
1000,116924,28.75,0,-0.9576795669014673,0,Logistic regression,-14.558186243160096,-1.2418224869217231,-14.558186243160096,0.01,-1.128574496766499,0,0,0,0
1000,150678,30.31,1,-0.3741640870323473,1,Logistic regression,45.52365596205631,0.7659563995209411,45.52365596205631,0.84,-0.3022412363887179,1,1,1,1
1000,145783,87.19,0,-1.1850832134377147,0,Logistic regression,-11.810638808059284,-1.0631630282136681,-11.810638808059284,0.0,-1.1072846997235737,0,0,0,0
1000,100967,138.87,0,-1.0136003131374405,0,Logistic regression,-13.602277252667776,-1.0183171011115761,-13.602277252667776,0.0,-0.7617042007128453,0,0,0,0
1000,11391,11.85,0,-1.0948592178007686,0,Logistic regression,-11.566008107126324,-1.1785250200881199,-11.566008107126324,0.0,-0.5659255235988281,0,0,0,0
1000,222634,18.0,0,-1.1608533431018464,0,Logistic regression,-2.4904086496221733,-0.9333100639393823,-2.4904086496221733,0.02,-0.593282524479718,0,0,0,0
1000,17366,99.99,1,-0.7645229009219114,1,Logistic regression,-10.772777646885379,0.5586807585665597,-10.772777646885379,0.575,-0.3022413622538253,1,0,1,1
1000,3431,1.0,0,-1.2547063895691377,0,Logistic regression,-12.094573020877156,-1.2788079394141039,-12.094573020877156,0.0,-0.7691621329160458,0,0,0,0
1000,189764,23.0,0,-1.0989764715519041,0,Logistic regression,-13.678359796097038,-1.098467734906607,-13.678359796097038,0.0,-0.9551496686751011,0,0,0,0
1000,132108,1.79,0,-1.3209554423367913,0,Logistic regression,-13.156307592783563,-1.110740099733747,-13.156307592783563,0.005,-1.1639599407962713,0,0,0,0
1000,42218,11.5,0,-1.2010899216048374,0,Logistic regression,-13.36220249328463,-1.3010925956046338,-13.36220249328463,0.0,-1.176061046007543,0,0,0,0
1000,78700,7.3,0,-1.1868006467657684,0,Logistic regression,-9.653444102064585,-1.0464150997794728,-9.653444102064585,0.0,-0.9878644758323911,0,0,0,0
1000,80702,76.0,0,-1.137524971659834,0,Logistic regression,-11.81366704434168,-0.9421018988886112,-11.81366704434168,0.045,-0.42025957129366087,0,0,0,1
1000,70798,22.63,0,-1.057426142326518,0,Logistic regression,-14.261606694285444,-1.1404410429326164,-14.261606694285444,0.0,-0.8606340486592217,0,0,0,0
1000,182785,90.0,0,-0.24920392255872242,1,Logistic regression,1.4365921112252114,0.19167737488351222,1.4365921112252114,0.09,-0.4308738824608934,0,0,1,1
1000,83297,319.2,1,-0.6273701916544898,1,Logistic regression,-25.133864390163602,0.42372815810507636,-25.133864390163602,0.42,-0.3023833326447602,1,0,1,1
1000,30100,60.6,1,-0.6694073757556065,1,Logistic regression,11.990687086599975,0.9472786065926655,11.990687086599975,0.475,-0.299868702017393,1,1,1,1
1000,166375,1.79,0,-1.1534666373247693,0,Logistic regression,-17.057658604618748,-1.28910511467721,-17.057658604618748,0.0,-1.0856602293541253,0,0,0,0
1000,106008,1.0,0,-1.2863076879386324,0,Logistic regression,-5.841424911180913,-0.6821362392625199,-5.841424911180913,0.0,-1.0670261088316282,0,0,0,0
1000,161334,82.94,0,-1.0421913206987918,0,Logistic regression,-9.201313458543188,-1.0044413733516517,-9.201313458543188,0.0,-0.9398846445420748,0,0,0,0
1000,80599,4.49,0,-1.3615052357018218,0,Logistic regression,-12.788976383802947,-1.0514082658628074,-12.788976383802947,0.01,-1.257600186348626,0,0,0,0
1000,43479,40.78,0,-0.952238050111128,0,Logistic regression,-15.734986259129345,-1.2579744210692854,-15.734986259129345,0.01,-0.8474454280860939,0,0,0,0
1000,182392,1218.4,0,-0.7917070983511625,1,Logistic regression,-36.42605813194195,0.1667638905169498,-36.42605813194195,0.015,-0.349872939538169,0,0,0,1
1000,249239,1096.99,1,-0.9183011757770171,0,Logistic regression,-27.769995285818162,-0.014152341526900925,-27.769995285818162,0.02,-0.3489662443179641,0,0,0,1
1000,43477,25.79,0,-1.183724840471574,0,Logistic regression,-10.136657395594277,-1.0658783795986815,-10.136657395594277,0.0,-0.7767988082308022,0,0,0,0
1000,273839,10.0,0,-1.1433254388981684,0,Logistic regression,-12.36795880362916,-1.0331628664592907,-12.36795880362916,0.0,-0.9582328046158786,0,0,0,0
1000,62353,30.99,0,-1.2209393734832987,0,Logistic regression,-3.674231682231545,-0.7018130086788308,-3.674231682231545,0.0,-0.7973722824105822,0,0,0,0
1000,106104,37.79,0,-1.2553003974115438,0,Logistic regression,-13.514573453336201,-1.2885242029865926,-13.514573453336201,0.0,-1.080856827896799,0,0,0,0
1000,249607,35.0,1,-0.44493303049397726,1,Logistic regression,-15.651495418914259,0.5474448717788777,-15.651495418914259,0.295,-0.30224158549804675,1,0,1,1
1000,115465,259.0,0,-1.1330166265354262,0,Logistic regression,-12.79544796009403,-0.9543601022964419,-12.79544796009403,0.01,-0.8332424977405906,0,0,0,0
1000,113095,4.95,0,-1.3712830012272323,0,Logistic regression,-9.478156170417803,-0.44999466404609123,-9.478156170417803,0.03,-0.3387447078956582,0,0,0,1
1000,23016,3.76,0,-1.2321634727624153,0,Logistic regression,-10.974291547748612,-0.870152403867299,-10.974291547748612,0.0,-0.919480692298976,0,0,0,0
1000,58189,12.31,0,-1.0054557499778367,0,Logistic regression,-18.174816999579505,-1.1541612799858143,-18.174816999579505,0.005,-0.6183781827154802,0,0,0,0
1000,154371,2.28,1,-0.4329944339964621,1,Logistic regression,86.26985003924862,0.5653113964222439,86.26985003924862,0.36,-0.3022413622538253,1,1,1,1
1000,188897,17.7,0,-1.0799563337406293,0,Logistic regression,-13.443335496496513,-1.0841127655272527,-13.443335496496513,0.0,-1.071311132023597,0,0,0,0
1000,37297,127.35,0,-1.1239817826878082,0,Logistic regression,-17.385621134404584,-1.250384346473969,-17.385621134404584,0.0,-0.7333089345754856,0,0,0,0
1000,107637,824.83,1,-0.6698243190718587,1,Logistic regression,4.669081688562949,0.5247238056289341,4.669081688562949,0.44,-0.3023007011447889,1,1,1,1
1000,242041,136.0,0,-1.3720971590305235,0,Logistic regression,-12.99891916529926,-1.1450697914295267,-12.99891916529926,0.0,-0.9859864299073278,0,0,0,0
1000,218760,1.98,0,-1.1341506032616926,0,Logistic regression,-10.51996926437404,-1.1081545799931527,-10.51996926437404,0.0,-1.214309801226909,0,0,0,0
1000,143158,7.56,0,-1.2242886406050144,0,Logistic regression,-12.36499259963428,-1.2454635995448748,-12.36499259963428,0.0,-0.9472337625109359,0,0,0,0
1000,108012,28.0,0,-1.1955379003642372,0,Logistic regression,-14.115835096794527,-1.2669634782474217,-14.115835096794527,0.0,-0.8758842709373544,0,0,0,0
1000,176060,201.23,0,-0.9110013341410196,0,Logistic regression,-9.76306402114789,-0.5709050978000509,-9.76306402114789,0.0,-0.528758505110449,0,0,0,0
1000,196303,10.0,0,-1.0206959073313753,0,Logistic regression,-8.022288462501228,-1.080422997132083,-8.022288462501228,0.0,-0.49492566742467614,0,0,0,0
1000,111896,0.76,0,-1.2753298575761323,0,Logistic regression,-5.941347540616151,-0.6073184780328869,-5.941347540616151,0.0,-0.9659965450855732,0,0,0,0
1000,241808,22.4,0,-1.1237187040585994,0,Logistic regression,-11.072679507411024,-1.172690769399811,-11.072679507411024,0.0,-0.5569398307708548,0,0,0,0
1000,208835,35.18,0,-0.8850315270790643,0,Logistic regression,-16.744525041182854,-1.1798670237146338,-16.744525041182854,0.0,-0.7919459419045729,0,0,0,0
1000,158799,21.38,0,-0.9039977650702211,0,Logistic regression,-4.609813204099385,-0.6072434487557294,-4.609813204099385,0.0,-0.5303877706897816,0,0,0,0
1000,175141,0.92,0,-1.2259253622135426,0,Logistic regression,-8.653995142473127,-0.631607283063145,-8.653995142473127,0.0,-0.4931307111161206,0,0,0,0
1000,37464,52.5,0,-1.0045589926148704,0,Logistic regression,-13.683148423209474,-1.13935883994605,-13.683148423209474,0.0,-0.5654754015123697,0,0,0,0
1000,283004,8.1,0,-1.2467849011183578,0,Logistic regression,-5.034432392581151,-0.8405742013471236,-5.034432392581151,0.0,-0.9562266206601351,0,0,0,0
1000,229809,49.95,0,-1.2119786447487186,0,Logistic regression,-11.53190751807834,-1.2961282119673945,-11.53190751807834,0.0,-1.1642772146105893,0,0,0,0
1000,106786,156.0,0,-1.2091970929073992,0,Logistic regression,-14.155150757353862,-1.189679398798825,-14.155150757353862,0.0,-0.9872244133941779,0,0,0,0
1000,156964,47.19,0,-1.0247819601494408,0,Logistic regression,-14.101519425315907,-1.2407465795409751,-14.101519425315907,0.0,-0.528783154807284,0,0,0,0
1000,183235,10.74,0,-1.1328670879673841,0,Logistic regression,-10.621169577395127,-1.1116278360936156,-10.621169577395127,0.0,-1.2144123227250474,0,0,0,0
1000,110416,9.98,0,-1.3005044387012,0,Logistic regression,-11.688198224536084,-0.9875235527663162,-11.688198224536084,0.0,-1.2279373908304576,0,0,0,0
1000,107466,358.0,0,-1.276070485547185,0,Logistic regression,-12.988860846568242,-0.7274159389069657,-12.988860846568242,0.01,-0.8132252327193858,0,0,0,0
1000,70521,1.19,0,-1.0021438875327449,0,Logistic regression,-8.974643265744795,-0.9593610760103308,-8.974643265744795,0.0,-0.8281738355327015,0,0,0,0
1000,100107,2.0,0,-1.2590727878702268,0,Logistic regression,-14.631553727651818,-1.2432068918478238,-14.631553727651818,0.0,-0.5869564865759787,0,0,0,0
1000,96994,7.53,1,-0.5821727985849291,1,Logistic regression,0.11247409632919592,0.22681428920303048,0.11247409632919592,0.59,-0.29748719951471403,0,0,1,1
1000,46909,1.0,1,-0.5686297454114678,1,Logistic regression,7.6352436411475555,0.769254898563065,7.6352436411475555,0.905,-0.30220822719847884,1,1,1,1
1000,104891,425.0,0,-1.0611887391252313,0,Logistic regression,-16.71719725949621,-0.513261420730823,-16.71719725949621,0.005,-0.6113699013226326,0,0,0,0
1000,22527,3.91,0,-1.2162245972914492,0,Logistic regression,-9.708718073003585,-1.1640147638382954,-9.708718073003585,0.0,-0.9018773143321437,0,0,0,0
1000,172553,1643.0,0,-0.8609860517785909,0,Logistic regression,-30.185728067462698,0.32446329066383794,-30.185728067462698,0.01,-0.30424053442746146,0,0,0,1
1000,72430,102.43,0,-1.331776060409714,0,Logistic regression,-13.443981407113945,-1.2880856007603538,-13.443981407113945,0.04,-0.7543458311568818,0,0,0,0
1000,228487,82.25,0,-1.303139678101094,0,Logistic regression,-13.860855712029153,-1.0359506276550439,-13.860855712029153,0.0,-0.8058144918220769,0,0,0,0
1000,172460,64.17,0,-1.08981515043119,0,Logistic regression,-19.32450792137961,-1.0731288070530878,-19.32450792137961,0.0,-0.5904534009023021,0,0,0,0
1000,155522,407.98,0,-0.49837687611766646,1,Logistic regression,-3.4931893008702435,0.5783785116111506,-3.4931893008702435,0.165,-0.3185480795759297,1,0,1,1
1000,111690,238.9,1,-0.5043978770231512,1,Logistic regression,-5.702434039033919,0.8139617083915744,-5.702434039033919,0.645,-0.29808365307245316,1,0,1,1
1000,24733,16.0,0,-1.233459886661128,0,Logistic regression,-15.622656701689449,-1.1012729461347652,-15.622656701689449,0.0,-0.9427656416839743,0,0,0,0
1000,17310,2.99,0,-0.0586299226991428,1,Logistic regression,-0.36727022619720806,0.2964304121853576,-0.36727022619720806,0.255,-0.4383902808244813,0,0,1,1
1000,103272,12.95,0,-1.1303280377608975,0,Logistic regression,-11.449020660712964,-1.1328113920867893,-11.449020660712964,0.0,-1.200727351344453,0,0,0,0
1000,77099,5.0,1,-0.21800205092905678,1,Logistic regression,5.593588512767974,0.8388802719170516,5.593588512767974,0.59,-0.23785284489063407,1,1,1,1
1000,249082,17.61,0,-1.0225581516892186,0,Logistic regression,-8.587623999916174,-0.38826856988683967,-8.587623999916174,0.015,-0.5510650327965072,0,0,0,0
1000,227531,0.01,0,-1.281519309175343,0,Logistic regression,-12.95834630741855,-1.2803546633872736,-12.95834630741855,0.0,-1.1635119122121322,0,0,0,0
1000,227974,20.64,0,-1.125379430590817,0,Logistic regression,-12.183927076724526,-1.1277592655984257,-12.183927076724526,0.0,-1.1571407343762001,0,0,0,0
1000,218446,1.98,0,-1.2379243936704563,0,Logistic regression,-11.903923078015056,-1.0067448671501142,-11.903923078015056,0.0,-0.8421951154438114,0,0,0,0
1000,147531,20.0,0,-1.280176143880921,0,Logistic regression,-18.034539487645535,-1.3029649827595624,-18.034539487645535,0.0,-0.40148336406723434,0,0,0,1
1000,226458,47.0,0,-0.959894042749904,0,Logistic regression,-17.177422150418177,-0.8570722473061452,-17.177422150418177,0.005,-0.555684600556682,0,0,0,0
1000,8335,1.0,1,-0.45010126132085304,1,Logistic regression,29.820971379223245,0.8702006426044953,29.820971379223245,0.825,-0.30191232647534955,1,1,1,1
1000,147871,39.99,0,-1.0145666776476578,0,Logistic regression,-15.925357456379565,-1.240375300144967,-15.925357456379565,0.0,-1.0227479927430176,0,0,0,0
1000,40559,28.14,0,-1.251029147395027,0,Logistic regression,-6.339908167356089,-0.8972565085410511,-6.339908167356089,0.0,-0.9552816726334574,0,0,0,0
1000,14992,8.99,0,-1.2253334295028213,0,Logistic regression,-10.892465666272763,-1.0590165024578837,-10.892465666272763,0.0,-1.2051817214647298,0,0,0,0
1000,151164,591.82,0,-1.0550846273686068,0,Logistic regression,-25.57582865879715,-1.04321375938265,-25.57582865879715,0.02,-0.30612996273915277,0,0,0,1
1000,56703,0.76,1,-1.094591639203625,0,Logistic regression,-4.688073641158528,-0.434559180391658,-4.688073641158528,0.035,-0.9983275493435271,0,0,0,0
1000,72321,9.95,0,-1.1912265295726958,0,Logistic regression,-3.8253134639653705,-0.5430388824130319,-3.8253134639653705,0.0,-0.9620480559556752,0,0,0,0
1000,3165,6.24,0,-1.2636277603695782,0,Logistic regression,-8.367643397822167,-0.9616279024634986,-8.367643397822167,0.0,-1.128234406386366,0,0,0,0
1000,51715,23.68,0,-1.2733239170619275,0,Logistic regression,-13.370915022286852,-1.1753426426296638,-13.370915022286852,0.0,-1.0230351564677067,0,0,0,0
1000,18773,0.68,1,-0.6821891835305065,1,Logistic regression,17.11702037301918,0.8084418191997943,17.11702037301918,0.465,-0.3022478754443253,1,1,1,1
1000,47115,196.0,0,-1.1981498672602346,0,Logistic regression,-13.79549490272927,-1.132878395990169,-13.79549490272927,0.0,-0.8476661240753847,0,0,0,0
1000,229712,1.18,1,-0.5912861871942505,1,Logistic regression,9.032642216700387,0.7399526901985484,9.032642216700387,0.52,-0.3014629533398086,1,1,1,1
1000,202370,1.29,0,-1.1563673294804595,0,Logistic regression,-10.07245006945891,-1.1205618306503486,-10.07245006945891,0.0,-1.0333064806769512,0,0,0,0
1000,175556,6.98,0,-1.3127232324447182,0,Logistic regression,-9.169890429010659,-0.9878199771671285,-9.169890429010659,0.0,-1.1506958257581061,0,0,0,0
1000,39057,7.26,0,-1.09986432060045,0,Logistic regression,-13.58713511308023,-1.219280749921311,-13.58713511308023,0.0,-0.9319270642619251,0,0,0,0
1000,17317,99.99,1,-0.7368203495558661,1,Logistic regression,-9.835123139069664,0.5586807624528557,-9.835123139069664,0.575,-0.3022413622538253,1,0,1,1
1000,224995,13.99,0,-1.155424911719528,0,Logistic regression,-12.759306797569378,-1.204239123983086,-12.759306797569378,0.0,-1.1328289907703446,0,0,0,0
1000,177818,9.0,0,-1.1703060577830429,0,Logistic regression,-10.69274229543298,-1.2440253130419185,-10.69274229543298,0.0,-0.9420673682817413,0,0,0,0
1000,54267,485.55,0,-0.8504823457975585,0,Logistic regression,-6.688359167869687,0.33483980875380126,-6.688359167869687,0.0,-0.3689190702166027,0,0,0,1
1000,12259,298.47,0,-0.9869836476455732,0,Logistic regression,-23.5215540987774,-1.1882383184072278,-23.5215540987774,0.03,-0.42756300846334006,0,0,0,1
1000,17453,99.99,1,-0.7202201448767444,1,Logistic regression,-12.649110151637084,0.5586807564769215,-12.649110151637084,0.575,-0.3022413622538253,1,0,1,1
1000,276986,0.76,0,-1.092681417128713,0,Logistic regression,-1.9072450256230251,-0.5803552767544422,-1.9072450256230251,0.01,-0.4352340250313307,0,0,0,1
1000,155811,6.95,0,-0.9693932612294807,0,Logistic regression,-13.076961640329763,-1.0062646797702988,-13.076961640329763,0.0,-0.5240488401250378,0,0,0,0
1000,178934,166.67,0,-1.3025196336554308,0,Logistic regression,-11.843901196225376,-0.9756490508990439,-11.843901196225376,0.0,-0.8256369320815091,0,0,0,0
1000,147881,22.07,0,-1.2044927611751113,0,Logistic regression,-12.741852592266133,-1.1533957607230485,-12.741852592266133,0.0,-1.058343591599149,0,0,0,0
1000,185318,74.42,0,-1.2133442106041255,0,Logistic regression,-14.842451758838852,-1.3270521423348713,-14.842451758838852,0.0,-0.555712444898119,0,0,0,0
1000,130381,638.6,0,-1.1364860691093637,0,Logistic regression,-16.88292678238049,-0.5241561770871273,-16.88292678238049,0.005,-0.3427370710533883,0,0,0,1
1000,151702,4.9,0,-1.2029501894643384,0,Logistic regression,-11.06597428125759,-1.2490667585965198,-11.06597428125759,0.0,-0.7360851927670051,0,0,0,0
1000,192529,1.0,1,-0.6222527918093299,1,Logistic regression,17.870483649557777,0.8551799355311162,17.870483649557777,0.45,-0.30215004066087725,1,1,1,1
1000,95675,36.59,0,-0.9662828445335361,0,Logistic regression,-16.43002420196124,-1.2413111557819119,-16.43002420196124,0.0,-0.6240026842537432,0,0,0,0
1000,274545,1.79,0,-1.1519138881300353,0,Logistic regression,-13.077489958445979,-0.7594752131115099,-13.077489958445979,0.0,-0.7933090722998102,0,0,0,0
1000,158343,1.0,0,-1.1321346753602495,0,Logistic regression,-9.936376796694379,-1.2360574454767956,-9.936376796694379,0.0,-0.7343885737834868,0,0,0,0
1000,166088,35.5,0,-1.0472254375457968,0,Logistic regression,-14.48484785335069,-1.1542789243958222,-14.48484785335069,0.0,-1.0040601363033035,0,0,0,0
1000,166021,9.99,0,-1.1360739910439812,0,Logistic regression,-13.119301496341345,-1.1979644244530248,-13.119301496341345,0.0,-1.0786404496536226,0,0,0,0
1000,36258,14.0,0,-1.1885465322792403,0,Logistic regression,-9.121706421686415,-1.2304536207131653,-9.121706421686415,0.0,-0.8674559033603484,0,0,0,0
1000,145968,6.92,0,-1.1954991292242485,0,Logistic regression,-12.032600538926241,-1.2349009826614024,-12.032600538926241,0.0,-0.8828582933463183,0,0,0,0
1000,214019,570.0,0,-1.0015813778019793,0,Logistic regression,-23.369333173953414,-0.29639099714133177,-23.369333173953414,0.025,-0.34327708812735874,0,0,0,1
1000,149357,38.76,1,-0.6438229249469719,1,Logistic regression,-3.6921771550148277,-0.1926603359729464,-3.6921771550148277,0.175,-0.3040902369064251,0,0,1,1
1000,78331,18.4,0,-1.2025633864099636,0,Logistic regression,-16.54189198964703,-1.3131328271029992,-16.54189198964703,0.0,-0.6067706316550587,0,0,0,0
1000,23308,0.0,1,-0.5497288578773162,1,Logistic regression,0.6931652250554361,0.19808404968902538,0.6931652250554361,0.585,-0.29119573505676855,0,0,1,1
1000,125309,14.11,0,-1.3463126591422556,0,Logistic regression,-9.803791508343188,-0.8508204657242264,-9.803791508343188,0.0,-0.648503571774522,0,0,0,0
1000,133157,4.99,0,-1.0281460460441667,0,Logistic regression,-12.93843272721732,-1.1806876840004497,-12.93843272721732,0.0,-0.9089697093397171,0,0,0,0
1000,160939,12.99,0,-1.1716788148191852,0,Logistic regression,-10.93679352719099,-1.12870431763484,-10.93679352719099,0.0,-1.113967963373665,0,0,0,0
1000,197553,22.8,0,-0.958163405515355,0,Logistic regression,-12.954702954313706,-1.0890359529896445,-12.954702954313706,0.0,-0.46995456369494815,0,0,0,1
1000,196979,23.75,0,-0.9411880280147921,0,Logistic regression,-10.893554241516377,-1.14809850571557,-10.893554241516377,0.0,-0.5299677801945025,0,0,0,0
1000,268295,7.56,0,-0.7372019063075742,1,Logistic regression,-4.288518752632596,0.2396700101399511,-4.288518752632596,0.0,-0.3115876010331262,0,0,0,1
1000,205986,12.31,0,-1.2318476070559181,0,Logistic regression,-5.790192636082756,-0.40054999328747254,-5.790192636082756,0.035,-0.6788673878738656,0,0,0,0
1000,55401,1.0,1,-0.40144996128193106,1,Logistic regression,-2.053274014753425,-0.08082986348818388,-2.053274014753425,0.0,-1.0148022976449667,0,0,0,0
1000,76410,25.9,0,-0.9231792406781749,0,Logistic regression,-5.831155408288127,-0.6483976697965794,-5.831155408288127,0.115,-0.9178738072346679,0,0,1,0
1000,257740,10.88,0,-1.1428244985561464,0,Logistic regression,-11.599066309806627,-1.219772769990757,-11.599066309806627,0.0,-1.1852370215709875,0,0,0,0
1000,223780,160.0,0,-1.1679974282935106,0,Logistic regression,-18.19559141996345,-1.2370264190069948,-18.19559141996345,0.005,-0.8264163353942482,0,0,0,0
1000,229664,69.0,0,-0.9108417625997451,0,Logistic regression,-3.961033968937662,-0.9520786402578154,-3.961033968937662,0.0,-0.3527437696207224,0,0,0,1
1000,81928,1.98,0,-1.2541059594418729,0,Logistic regression,-9.387061080903187,-1.0315740963010607,-9.387061080903187,0.0,-1.115859418513636,0,0,0,0
1000,80760,113.92,1,-0.4943332057641099,1,Logistic regression,2.988741822594747,0.8035971008918903,2.988741822594747,0.615,-0.3015480563712185,1,1,1,1
1000,156489,33.94,0,-1.058842130543712,0,Logistic regression,-16.575431662150947,-0.9650600517295955,-16.575431662150947,0.0,-0.4551371094301666,0,0,0,1
1000,224868,68.0,0,-1.2391802371459861,0,Logistic regression,-8.873768265613316,-0.9725124404631085,-8.873768265613316,0.0,-0.9210265705681775,0,0,0,0
1000,178225,177.0,0,-1.21915436009192,0,Logistic regression,-17.289000747371,-1.2799626710685914,-17.289000747371,0.0,-0.915491546502311,0,0,0,0
1000,38382,19.4,0,-1.1290042477668543,0,Logistic regression,-13.997054844192972,-1.2203698578088369,-13.997054844192972,0.0,-0.777660131000169,0,0,0,0
1000,79883,270.0,1,-0.6112829612916367,1,Logistic regression,5.692436551388612,0.5529091697745724,5.692436551388612,0.47,-0.3009786201307285,1,1,1,1
1000,208656,65.54,0,-0.825487402353207,1,Logistic regression,-7.9365456073337395,-0.9760969554204204,-7.9365456073337395,0.0,-0.6320081375361661,0,0,0,0
1000,781,50.0,0,-1.1722149835655427,0,Logistic regression,-4.643746176952876,-0.6533004498544552,-4.643746176952876,0.0,-0.8674423765208246,0,0,0,0
1000,151519,1.63,1,-0.5026728017344059,1,Logistic regression,65.98193185417405,0.8196561803657696,65.98193185417405,0.655,-0.3022413622538253,1,1,1,1
1000,273574,1.0,0,-1.0677293474110456,0,Logistic regression,-10.9967403787491,-1.0605890603534185,-10.9967403787491,0.005,-0.9040937233540791,0,0,0,0
1000,187997,19.99,0,-1.2672063559486328,0,Logistic regression,-6.972631792308581,-0.7732907757643128,-6.972631792308581,0.0,-0.6586094143141635,0,0,0,0
1000,157918,635.1,1,-1.1992841316595024,0,Logistic regression,-17.217130635964338,-0.48787964236732306,-17.217130635964338,0.005,-0.3117216823903924,0,0,0,1
1000,181267,18.97,0,-0.9313480784042949,0,Logistic regression,-17.989751937048077,-1.2202720414560748,-17.989751937048077,0.0,-1.0081744071707142,0,0,0,0
1000,150669,188.52,1,-0.5543283165835071,1,Logistic regression,56.3609274793857,0.7977463613992373,56.3609274793857,0.735,-0.29657894654239214,1,1,1,1
1000,20215,1.98,0,-1.2290271037435732,0,Logistic regression,-12.47288301456933,-1.1209591679799573,-12.47288301456933,0.04,-0.533288347063772,0,0,0,0
1000,200456,15.95,0,-1.2663391102095196,0,Logistic regression,-11.716751235337897,-1.2549019221247808,-11.716751235337897,0.0,-0.5382206791046118,0,0,0,0
1000,154234,1.0,1,-0.6702652012801616,1,Logistic regression,73.88630559540975,0.5972166721504021,73.88630559540975,0.465,-0.3022413622538253,1,1,1,1
1000,189878,1.0,1,-0.6036633462506107,1,Logistic regression,-2.2336859619314637,0.6376331974538835,-2.2336859619314637,0.695,-0.30218809066778013,1,0,1,1
1000,78496,16.0,0,-1.3355738970553712,0,Logistic regression,-10.692744702959327,-0.9263383702880534,-10.692744702959327,0.0,-1.2378075917257199,0,0,0,0
1000,4350,196.78,0,-1.1553974783772953,0,Logistic regression,-14.17257092726834,-1.1294982701145215,-14.17257092726834,0.0,-0.42068521328818065,0,0,0,1
1000,42696,88.23,1,-0.2820563322172044,1,Logistic regression,37.1667206682803,0.9385210276474103,37.1667206682803,0.92,-0.2756501886441778,1,1,1,1
1000,253294,1.0,0,-1.2270404494079008,0,Logistic regression,-5.169825518102907,-0.6245626186974091,-5.169825518102907,0.035,-0.6121276284169888,0,0,0,0
1000,209135,0.89,0,-1.1554151268193937,0,Logistic regression,-11.152598377929266,-1.114749271202698,-11.152598377929266,0.0,-1.1266328012539755,0,0,0,0
1000,196264,15.9,0,-1.0325872138005816,0,Logistic regression,-1.0161795820240052,-0.6610974690422962,-1.0161795820240052,0.0,-0.7851814253307463,0,0,0,0
1000,166034,16.99,0,-1.1872171377635594,0,Logistic regression,-10.027836671756841,-1.0723719157563885,-10.027836671756841,0.0,-1.1130990157242222,0,0,0,0
1000,133108,80.49,0,-0.9851243619290226,0,Logistic regression,-15.015939288068768,-1.266354088755565,-15.015939288068768,0.0,-0.8808666721857947,0,0,0,0
1000,230503,9.42,0,-0.8649289140999935,0,Logistic regression,-14.696653478459835,-1.2010075325090526,-14.696653478459835,0.0,-0.8845917329162951,0,0,0,0
1000,13581,16.7,0,-1.0650751907544689,0,Logistic regression,-10.810939188774778,-1.209538045033819,-10.810939188774778,0.0,-0.5243314984870562,0,0,0,0
1000,64829,108.52,0,-1.0415596301123902,0,Logistic regression,-17.28457549808212,-1.2246598558664015,-17.28457549808212,0.0,-0.9558970633936035,0,0,0,0
1000,27707,40.99,0,-1.2699481945729696,0,Logistic regression,-8.59127558180297,-1.0192683653279613,-8.59127558180297,0.0,-0.9112077254984572,0,0,0,0
1000,24871,250.0,0,-1.151929065435801,0,Logistic regression,-11.15855493945561,-0.7669022992932306,-11.15855493945561,0.0,-1.1766419651311089,0,0,0,0
1000,119682,1.0,0,-1.1822427118389922,0,Logistic regression,-2.5212484686649983,-0.6970927745520512,-2.5212484686649983,0.235,-0.5769674259286405,0,0,1,0
1000,74794,311.91,1,-0.7829318570242052,1,Logistic regression,-42.340032338426404,0.537454353692572,-42.340032338426404,0.295,-0.3022542194662514,1,0,1,1
1000,60178,88.5,0,-1.2874011025919887,0,Logistic regression,-9.260623622157587,-0.8837469146467503,-9.260623622157587,0.0,-0.6854584385704001,0,0,0,0
1000,14017,75.08,0,-1.3105249415445916,0,Logistic regression,-8.533173322629228,-0.9212688220279897,-8.533173322629228,0.0,-0.4361191731512227,0,0,0,1
1000,258093,1.0,0,-1.0841076295137124,0,Logistic regression,-8.766600772560459,-1.1594054578978292,-8.766600772560459,0.0,-0.8971810055092435,0,0,0,0
1000,279570,97.0,0,-1.1276547525238492,0,Logistic regression,-4.9906997216479105,-0.3014234759042125,-4.9906997216479105,0.025,-0.9123855348581742,0,0,0,0
1000,100874,1.98,0,-0.992325362578653,0,Logistic regression,-14.469379616235573,-0.5415777319786483,-14.469379616235573,0.01,-0.6199348937456451,0,0,0,0
1000,15225,99.99,1,-0.570959200909044,1,Logistic regression,0.7833073468968923,0.5587449860627424,0.7833073468968923,0.6,-0.30224136225381476,1,0,1,1
1000,129599,134.85,0,-1.1678252144451724,0,Logistic regression,-14.819484942249321,-1.080631715605848,-14.819484942249321,0.0,-0.7297696278352745,0,0,0,0
1000,124288,1.0,0,-1.1444207101828439,0,Logistic regression,-4.820044874995799,-0.5188752787120086,-4.820044874995799,0.0,-1.028326689721454,0,0,0,0
1000,271309,57.6,0,-1.004885578793896,0,Logistic regression,-14.013316592381425,-1.146568804070034,-14.013316592381425,0.0,-0.8650154305855144,0,0,0,0
1000,18821,1.98,0,-1.3209064117528153,0,Logistic regression,-12.618844097435828,-0.9276576158040135,-12.618844097435828,0.0,-1.1952522209150171,0,0,0,0
1000,102566,10.0,0,-0.9523211285675788,0,Logistic regression,-8.973194720334977,-0.9283107922462148,-8.973194720334977,0.0,-0.921117033594119,0,0,0,0
1000,271984,0.99,0,-1.1146405244567856,0,Logistic regression,-14.151847202622477,-1.2752005900847814,-14.151847202622477,0.0,-0.8459243532942158,0,0,0,0
1000,186942,11.83,0,-0.9916606297652777,0,Logistic regression,-15.164022723713755,-1.1275773019598019,-15.164022723713755,0.015,-0.7431883955674025,0,0,0,0
1000,221335,90.0,0,-1.235715280493649,0,Logistic regression,-15.096051410137278,-1.2541203848631268,-15.096051410137278,0.0,-0.966794352597941,0,0,0,0
1000,163149,17.06,1,-0.6143372074636991,1,Logistic regression,12.081417801047758,0.8060495956665349,12.081417801047758,0.545,-0.25489512539694925,1,1,1,1
1000,99466,40.06,0,-1.2235096482826018,0,Logistic regression,-2.3437392560584094,-0.4934873470729464,-2.3437392560584094,0.0,-0.8286976400415746,0,0,0,0
1000,194442,7.59,0,-1.115456905085626,0,Logistic regression,-13.394606919621387,-0.8028313937955454,-13.394606919621387,0.005,-0.725009044675293,0,0,0,0
1000,36408,14.2,0,-1.1955780123294955,0,Logistic regression,-8.031810008746367,-0.8808556352536276,-8.031810008746367,0.0,-0.8244892850293284,0,0,0,0
1000,261473,4.9,1,-0.7865540152523425,1,Logistic regression,9.251434716219018,0.10869040386932538,9.251434716219018,0.33,-0.307010981712312,0,1,1,1
1000,191899,272.03,0,-1.3119485157706086,0,Logistic regression,-17.53683555810233,-1.0648862317620889,-17.53683555810233,0.01,-0.8386894859570904,0,0,0,0
1000,184027,81.71,0,-1.152321287882079,0,Logistic regression,-9.726663217718507,-1.0810465272383656,-9.726663217718507,0.0,-1.0464271841275246,0,0,0,0
1000,99705,150.0,0,-1.0882049647543006,0,Logistic regression,-7.36964026011392,-0.44174870012572875,-7.36964026011392,0.01,-0.5507207304067636,0,0,0,0
1000,42700,30.26,1,-0.28401531532901675,1,Logistic regression,38.79920577552669,0.9268709279609584,38.79920577552669,0.93,-0.2261335568558172,1,1,1,1
1000,46998,204.27,1,-0.5299729371965388,1,Logistic regression,-2.4563298920112935,0.25687690874989655,-2.4563298920112935,0.655,-0.2937275233606624,0,0,1,1
1000,250083,49.35,0,-0.8851771727229522,0,Logistic regression,-6.3313203542259835,-0.20391059171722004,-6.3313203542259835,0.085,-0.4593954939966096,0,0,1,1
1000,143188,2.0,1,-0.5670611731984757,1,Logistic regression,1.35386833409928,0.2817594369642862,1.35386833409928,0.61,-0.30061139513486007,0,0,1,1
1000,102284,1.29,0,-1.3682698197264513,0,Logistic regression,-11.472052466635596,-0.8673808806237093,-11.472052466635596,0.0,-1.1269896739379166,0,0,0,0
1000,260468,407.0,0,-0.9433100268976118,0,Logistic regression,-15.417452654785633,-0.8217089138172917,-15.417452654785633,0.0,-0.7072109261526422,0,0,0,0
1000,87354,19.04,1,-0.737481414778673,1,Logistic regression,8.201670156891614,0.2595803173125635,8.201670156891614,0.145,-0.3118119259732749,0,1,1,1
1000,90578,29.99,0,-1.25192870936215,0,Logistic regression,-11.903792099866285,-1.279915237433336,-11.903792099866285,0.0,-1.0691023861719626,0,0,0,0
1000,279307,29.95,0,-1.2038061641037716,0,Logistic regression,-13.00292923799704,-1.0525467034436489,-13.00292923799704,0.0,-0.8785437682492434,0,0,0,0
1000,246588,0.23,0,-1.0980146156676376,0,Logistic regression,-6.4867233961894115,-0.8683060128396145,-6.4867233961894115,0.23,-0.3027722435411295,0,0,1,1
1000,143334,0.0,1,-0.5861305678152924,1,Logistic regression,11.951741878816682,0.6942235041890904,11.951741878816682,0.8,-0.3022352178615438,1,1,1,1
1000,146716,80.0,0,-1.199510463897065,0,Logistic regression,-12.592397398043145,-0.7000846438064463,-12.592397398043145,0.0,-0.34033952610172424,0,0,0,1
1000,30748,11.5,0,-1.153590498415265,0,Logistic regression,-16.769478942774413,-1.311379661927628,-16.769478942774413,0.0,-1.1353867157659396,0,0,0,0
1000,163394,0.76,0,-1.2418696592475933,0,Logistic regression,-3.2158686741363685,-0.8302119736442524,-3.2158686741363685,0.0,-0.795072036762172,0,0,0,0
1000,61180,3.68,0,-1.0263700720728766,0,Logistic regression,-13.771743882656484,-0.938554214954024,-13.771743882656484,0.0,-1.0583095979011552,0,0,0,0
1000,160373,0.89,0,-1.2848965309380858,0,Logistic regression,-11.337385823000771,-0.7474100720145311,-11.337385823000771,0.0,-0.7395980712166745,0,0,0,0
1000,203328,925.31,1,-0.544334128909427,1,Logistic regression,-9.175924715366062,0.40770950163614017,-9.175924715366062,0.385,-0.30220545005279503,0,0,1,1
1000,221207,3.57,0,-1.2848028095917896,0,Logistic regression,-12.887393676747163,-0.9929961270667977,-12.887393676747163,0.0,-1.1110947368887922,0,0,0,0
1000,258262,1.5,0,-1.2191930404326832,0,Logistic regression,-4.796461979795109,-0.6865113104337597,-4.796461979795109,0.0,-0.8768097047418169,0,0,0,0
1000,275992,634.3,1,-1.4163964399250988,0,Logistic regression,-18.437922557391833,-0.7513397567984723,-18.437922557391833,0.005,-0.4091183368942724,0,0,0,1
1000,13169,1.78,0,-1.1341177358299908,0,Logistic regression,-14.422936609892371,-1.1907533901524663,-14.422936609892371,0.0,-0.8250342845064258,0,0,0,0
1000,224433,44.34,0,-1.100294322176763,0,Logistic regression,-9.719272141379422,-1.242403000286325,-9.719272141379422,0.0,-0.9238950873241969,0,0,0,0
1000,52854,0.89,0,-1.2216989666470852,0,Logistic regression,-12.6228568719355,-0.8204557004849757,-12.6228568719355,0.0,-1.0476451133034814,0,0,0,0
1000,196143,45.0,0,-0.9318594708386236,0,Logistic regression,-16.635332002596385,-1.1162510412346223,-16.635332002596385,0.0,-0.5297274334303116,0,0,0,0
1000,34834,24.99,0,-1.2571504248831258,0,Logistic regression,-13.50458805066333,-1.0962180338955008,-13.50458805066333,0.0,-0.9241536476808412,0,0,0,0
1000,190626,86.3,0,-0.8692386330768053,0,Logistic regression,-15.590800459150502,-0.9357197695210635,-15.590800459150502,0.005,-0.7707982012814352,0,0,0,0
1000,256573,9.0,0,-0.9650209947878738,0,Logistic regression,-5.583624805272181,-0.23264639868977477,-5.583624805272181,0.0,-0.7560564836559887,0,0,0,0
1000,205168,137.5,0,-1.2616123747078043,0,Logistic regression,-16.345981142479204,-1.2436534862079078,-16.345981142479204,0.0,-1.1142239549213389,0,0,0,0
1000,259500,1.79,0,-1.2903957164007385,0,Logistic regression,-11.806786688552135,-1.0318299426771238,-11.806786688552135,0.0,-1.0400652493789349,0,0,0,0
1000,193325,59.88,0,-0.8658878590251866,0,Logistic regression,0.7262998581480762,-0.061218329006045735,0.7262998581480762,0.275,-0.48408782497059855,0,0,1,0
1000,8296,1.0,1,-0.6510987010064123,1,Logistic regression,41.863864162976384,0.646819174095927,41.863864162976384,0.58,-0.3022413452247085,1,1,1,1
1000,258339,2.69,0,-0.9432470443855099,0,Logistic regression,-14.725022810470945,-0.6431106848451806,-14.725022810470945,0.0,-0.7748071052259933,0,0,0,0
1000,86908,37.15,0,-1.0170565935693094,0,Logistic regression,-16.90375955964308,-0.9002523283476043,-16.90375955964308,0.075,-0.40284585220673486,0,0,0,1
1000,9442,9.91,0,-1.1371236898134116,0,Logistic regression,-11.844080929751588,-1.2524558582861518,-11.844080929751588,0.0,-0.6367878527248073,0,0,0,0
1000,56497,20.0,0,-0.9612805210662194,0,Logistic regression,-21.089368882258945,-0.9392507284942013,-21.089368882258945,0.025,-0.507581568653847,0,0,0,0
1000,117860,664.29,0,-0.9876024929385214,0,Logistic regression,-24.416425596039993,-1.1690351034572062,-24.416425596039993,0.01,-0.3996462009051035,0,0,0,1
1000,279195,3.78,0,-1.0516727883325003,0,Logistic regression,-13.774842279130137,-1.0272771885799623,-13.774842279130137,0.0,-0.7524105550321645,0,0,0,0
1000,113573,104.45,0,-0.8667313628275937,0,Logistic regression,-16.170715037223527,-1.1223653408900538,-16.170715037223527,0.0,-0.5731963560849683,0,0,0,0
1000,28390,64.95,0,-1.3830882583423556,0,Logistic regression,-12.285212636004184,-0.8253922468109156,-12.285212636004184,0.0,-0.6169919677847877,0,0,0,0
1000,267740,8.96,0,-0.8983793400820248,0,Logistic regression,-12.908654536998748,-0.8792585618285105,-12.908654536998748,0.0,-0.779562929300759,0,0,0,0
1000,33242,106.0,0,-0.9396089509732937,0,Logistic regression,-19.764738348418728,-1.1276746843025374,-19.764738348418728,0.0,-0.6456516288893763,0,0,0,0
1000,180768,0.89,0,-1.2611326653019468,0,Logistic regression,-17.64389567679826,-1.3068856125437405,-17.64389567679826,0.0,-0.9036505167118023,0,0,0,0
1000,17480,99.99,1,-0.6835602404596308,1,Logistic regression,-13.587740544428039,0.558680756282354,-13.587740544428039,0.575,-0.3022413622538253,1,0,1,1
1000,90636,102.0,0,-1.140100194134141,0,Logistic regression,-12.386565381933037,-1.1815856963475364,-12.386565381933037,0.0,-1.096388153012225,0,0,0,0
1000,197674,34.09,0,-1.221363982808548,0,Logistic regression,-12.136089811304924,-1.2312927011453818,-12.136089811304924,0.0,-0.9571289866324038,0,0,0,0
1000,92777,294.9,1,-0.5817166156343543,1,Logistic regression,32.97157549077578,1.0009751059593854,32.97157549077578,0.5,-0.3009529748840095,1,1,1,1
1000,228200,32.94,0,-1.0553340922147338,0,Logistic regression,-14.80890538498575,-0.8719006455544795,-14.80890538498575,0.0,-1.0415356996618974,0,0,0,0
1000,56287,20.0,0,-1.1680195821245976,0,Logistic regression,-7.04166313558685,-1.0416955117499525,-7.04166313558685,0.0,-0.7147508478881153,0,0,0,0
1000,279114,7.41,0,-1.2151470289355188,0,Logistic regression,-14.69652901493605,-1.2631127726879192,-14.69652901493605,0.0,-0.5230772537593849,0,0,0,0
1000,143883,20.99,0,-1.3635601165841436,0,Logistic regression,-15.119012265769296,-1.3112896862671384,-15.119012265769296,0.0,-0.641952980967694,0,0,0,0
1000,151007,1.0,1,-0.5400433492110184,1,Logistic regression,92.85507899053992,0.6054342951530323,92.85507899053992,0.53,-0.3022413622538253,1,1,1,1
1000,250833,2.69,0,-1.128220547127524,0,Logistic regression,-13.89925297778408,-1.2330645242713023,-13.89925297778408,0.0,-1.071528463223479,0,0,0,0
1000,107100,9.12,0,-0.8385776583432737,0,Logistic regression,-13.101938007950672,-1.0314378786741298,-13.101938007950672,0.0,-1.0770542553187081,0,0,0,0
1000,43061,34.12,1,-0.5556271349895634,1,Logistic regression,40.473980711249,0.7269073727523765,40.473980711249,0.805,-0.3022395279018957,1,1,1,1
1000,276071,19.95,1,-0.9893959629929951,0,Logistic regression,-7.7259029498756835,-1.1234371785762522,-7.7259029498756835,0.065,-0.9667085849132087,0,0,0,0
1000,42590,5.3,1,-0.41831298866654437,1,Logistic regression,34.16100986210195,0.9006397608839505,34.16100986210195,0.95,-0.29750021349546696,1,1,1,1
1000,174135,9.99,0,-1.092807909022362,0,Logistic regression,-10.342509562209178,-1.20475306755144,-10.342509562209178,0.0,-1.1012963615984293,0,0,0,0
1000,232565,44.95,0,-1.1155219810061956,0,Logistic regression,-11.262341743618078,-1.0362592902045156,-11.262341743618078,0.0,-0.9595766921655262,0,0,0,0
1000,259103,355.74,0,-0.480612035470386,1,Logistic regression,-9.16107511583181,0.2689564251184783,-9.16107511583181,0.02,-0.29849088971078164,0,0,0,1
1000,167096,18.59,0,-0.9261414525779428,0,Logistic regression,-9.497030379644979,-1.079586606510021,-9.497030379644979,0.0,-0.5193967149529901,0,0,0,0
1000,59871,155.24,0,-0.8135090208778283,1,Logistic regression,-26.735789825810855,-1.0034842847077379,-26.735789825810855,0.115,-0.328463850132111,0,0,1,1
1000,132010,39.38,0,-1.0336836821132307,0,Logistic regression,-6.471512601642905,-0.9447819519927823,-6.471512601642905,0.0,-0.313681179838672,0,0,0,1
1000,145176,1.18,0,-1.1591434382749353,0,Logistic regression,-14.543045918660955,-1.220263920951167,-14.543045918660955,0.0,-0.7932106591583186,0,0,0,0
1000,102717,78.26,0,-1.1824851358280193,0,Logistic regression,-4.305999034634518,-0.7766091280195913,-4.305999034634518,0.12,-0.7529960850959798,0,0,1,0
1000,12108,1.0,1,-0.7407935220249268,1,Logistic regression,22.13198257883458,0.567230049800389,22.13198257883458,0.645,-0.3022413622532322,1,1,1,1
1000,36597,12.31,0,-1.0602021079513984,0,Logistic regression,-9.186706877050728,-0.9670168674056407,-9.186706877050728,0.0,-1.0268380896124207,0,0,0,0
1000,2906,16.15,0,-1.0344852721346132,0,Logistic regression,-17.411864886053166,-1.2691474950577104,-17.411864886053166,0.0,-0.5310643910831254,0,0,0,0
1000,78481,201.57,0,-1.0446806591818576,0,Logistic regression,-20.474069088592568,-1.3196075336904574,-20.474069088592568,0.0,-0.5941436722519726,0,0,0,0
1000,36108,304.48,0,-0.8801943702373451,0,Logistic regression,-11.537789671631312,-0.47373316070631777,-11.537789671631312,0.005,-0.5271202564717129,0,0,0,0
1000,151683,8.99,0,-1.2409641424044173,0,Logistic regression,-13.278219488640982,-1.2849630659952707,-13.278219488640982,0.0,-0.7475777785006055,0,0,0,0
1000,19716,1.79,0,-1.3471777107176335,0,Logistic regression,-11.571432208975756,-0.9525608721808958,-11.571432208975756,0.0,-1.2599592962252366,0,0,0,0
1000,132502,1.0,0,-0.9125929591671454,0,Logistic regression,-6.349199576032807,-0.41659181739686457,-6.349199576032807,0.005,-0.29724729444887815,0,0,0,1
1000,150980,6.16,0,-0.7889584797097368,1,Logistic regression,4.634004890068043,-0.2352908604409234,4.634004890068043,0.12,-0.3132196932389064,0,1,1,1
1000,115032,9.99,0,-0.8150708492956279,1,Logistic regression,-8.09327100884105,-0.008659318755143808,-8.09327100884105,0.535,-0.5033658715918095,0,0,1,0
1000,190351,4.19,0,-1.1210886645227376,0,Logistic regression,-18.99236045151633,-1.2153468873069242,-18.99236045151633,0.005,-0.45714669750243775,0,0,0,1
1000,231567,10.8,0,-1.194549443819442,0,Logistic regression,-4.297388259033196,-0.6850762976972322,-4.297388259033196,0.045,-0.4681011768850609,0,0,0,1
1000,166527,78.0,0,-1.2177459525609169,0,Logistic regression,-15.74484907668414,-1.3422501863952199,-15.74484907668414,0.005,-0.7335208409591849,0,0,0,0
1000,180431,20.0,0,-1.012723506521185,0,Logistic regression,-11.097398831467899,-0.9711227090660057,-11.097398831467899,0.0,-0.4916814142558983,0,0,0,0
1000,120333,11.35,0,-1.3303439308998821,0,Logistic regression,-8.133054746423383,-0.8536420826269646,-8.133054746423383,0.0,-0.698119538187949,0,0,0,0
1000,40622,14.4,0,-1.3405553465551425,0,Logistic regression,-11.374633912039236,-1.1014616009668712,-11.374633912039236,0.0,-1.0061779342185064,0,0,0,0
1000,225304,1.46,0,-1.0688959534222953,0,Logistic regression,-9.794180247045022,-0.7137238925279139,-9.794180247045022,0.0,-0.5966871978405002,0,0,0,0
1000,75511,170.92,1,-0.7517911587800092,1,Logistic regression,0.7589577361398465,0.29289891810345275,0.7589577361398465,0.6,-0.29205081046302744,0,0,1,1
1000,73015,41.5,0,-1.010138875846092,0,Logistic regression,-9.814205182184063,-1.0833484023925992,-9.814205182184063,0.0,-1.0095175609104887,0,0,0,0
1000,219371,10.0,0,-1.1102717421289372,0,Logistic regression,-5.32463781612987,-0.7945075402177073,-5.32463781612987,0.0,-0.86553228373351,0,0,0,0
1000,141258,0.0,1,-0.4129877984275389,1,Logistic regression,22.367110561757116,0.8599591530554231,22.367110561757116,0.61,-0.30220855503493743,1,1,1,1
1000,126063,1.98,0,-1.323981379938449,0,Logistic regression,-10.107585845127117,-0.8427953000685398,-10.107585845127117,0.01,-1.0636407290022858,0,0,0,0
1000,110979,4.0,0,-1.2246162351995507,0,Logistic regression,-13.188314549049945,-1.3137255898443791,-13.188314549049945,0.0,-1.0443054779852083,0,0,0,0
1000,541,0.0,1,-0.5881869895311632,1,Logistic regression,2.7433586308434528,0.31813349738591845,2.7433586308434528,0.52,-0.3093685508892974,0,0,1,1
1000,49105,25.69,0,-1.0713221097725396,0,Logistic regression,-16.35335536988238,-1.222469596523293,-16.35335536988238,0.0,-0.7340572344330398,0,0,0,0
1000,120144,0.89,0,-0.7936333420749717,1,Logistic regression,-3.798572439178785,0.08994509402694922,-3.798572439178785,0.0,-0.30229845292410795,0,0,0,1
1000,146647,52.06,0,-0.9923025001562925,0,Logistic regression,-15.169774471356352,-0.9560323837473703,-15.169774471356352,0.0,-0.7189494964488033,0,0,0,0
1000,142389,52.47,0,-1.1832066977302793,0,Logistic regression,-17.15329910786746,-1.1800397911476077,-17.15329910786746,0.01,-0.6277486209466336,0,0,0,0
1000,223578,8.9,1,-0.3967463296408212,1,Logistic regression,-2.6591975653282436,0.7439648364117202,-2.6591975653282436,0.72,-0.2996313331424143,1,0,1,1
1000,246942,6.99,0,-1.0887238302022073,0,Logistic regression,-12.530646587810098,-1.2073501646683562,-12.530646587810098,0.0,-1.0207843025090442,0,0,0,0
1000,277205,3.57,0,-0.9704093081550069,0,Logistic regression,-16.54732271517294,-1.191270499207538,-16.54732271517294,0.005,-0.6517217679299875,0,0,0,0
1000,114784,63.82,0,-1.38889765475838,0,Logistic regression,-9.340532117941281,-0.9284321190445415,-9.340532117941281,0.0,-1.1583523689633972,0,0,0,0
1000,153823,2.28,1,-0.6708888191788459,1,Logistic regression,78.32130698521658,0.6538780880536703,78.32130698521658,0.56,-0.3022413622538253,1,1,1,1
1000,184379,25.0,1,-0.6922946191925233,1,Logistic regression,3.6689660463626996,0.139331850747563,3.6689660463626996,0.415,-0.3077820335287039,0,1,1,1
1000,280118,25.0,0,-1.0627739254765607,0,Logistic regression,-14.700103890000618,-1.227138220561603,-14.700103890000618,0.01,-0.9059181922285187,0,0,0,0
1000,33889,200.0,0,-1.2312093892143934,0,Logistic regression,-18.51118105635336,-1.1985080803007142,-18.51118105635336,0.005,-0.7254040704416787,0,0,0,0
1000,141259,512.25,1,-0.4937087942181751,1,Logistic regression,13.766531668673961,0.7073983075694326,13.766531668673961,0.585,-0.30223291341463765,1,1,1,1
1000,87606,1.0,0,-1.0707155696813717,0,Logistic regression,-4.316725026574558,-0.9253364513283358,-4.316725026574558,0.0,-0.9831202308689664,0,0,0,0
1000,167596,123.99,0,-0.9676553510379484,0,Logistic regression,-19.63110668276734,-1.1090093061074568,-19.63110668276734,0.025,-0.8550270649811644,0,0,0,0
1000,160638,2.49,0,-1.2122027078403814,0,Logistic regression,-10.407421939687863,-1.1755958541783416,-10.407421939687863,0.0,-0.9830993140232756,0,0,0,0
1000,45732,1.0,1,-0.7454650986069867,1,Logistic regression,17.53677628214428,0.711182546512446,17.53677628214428,0.485,-0.3022118211244018,1,1,1,1
1000,39034,5.76,0,-1.2263420229879967,0,Logistic regression,-5.243479803072324,-0.6792658557856868,-5.243479803072324,0.0,-0.8159142945771651,0,0,0,0
1000,23158,0.69,0,-1.2628199434733764,0,Logistic regression,-16.42104898460616,-0.9615686828432575,-16.42104898460616,0.0,-0.9428740572670782,0,0,0,0
1000,269372,413.84,0,-1.20274639176787,0,Logistic regression,-15.03267338667088,-0.5078060024684543,-15.03267338667088,0.005,-0.8862013312723023,0,0,0,0
1000,12681,41.36,0,-1.182549759714787,0,Logistic regression,-8.463937429162895,-1.1591091984786484,-8.463937429162895,0.045,-0.4896581808487004,0,0,0,0
1000,277511,594.37,0,-1.1826376133494207,0,Logistic regression,-21.98354456920152,-0.7932786691122953,-21.98354456920152,0.0,-0.6141849467861952,0,0,0,0
1000,58422,208.58,1,-1.1056502896822926,0,Logistic regression,-10.867137659305238,-0.8684041222697958,-10.867137659305238,0.0,-0.5197361341353053,0,0,0,0
1000,176814,32.26,0,-0.9737436049614977,0,Logistic regression,-26.116511888881305,-0.8028415623621394,-26.116511888881305,0.09,-0.5588158230535474,0,0,1,0
1000,177026,274.0,0,-1.041886883470207,0,Logistic regression,-13.061888187235262,-0.9725645747554978,-13.061888187235262,0.0,-0.9391663063852398,0,0,0,0
1000,140786,1.0,1,0.030827460651202565,1,Logistic regression,10.808529107198359,1.1054685797059727,10.808529107198359,0.595,-0.29486068568600954,1,1,1,1
1000,154693,1.0,1,-0.716026268143662,1,Logistic regression,36.898294993768395,0.8457241053132041,36.898294993768395,0.54,-0.302181481394033,1,1,1,1
1000,88542,146.0,0,-1.1929524735675276,0,Logistic regression,-19.358586138789494,-1.1905179180003127,-19.358586138789494,0.02,-0.5226276408269911,0,0,0,0
1000,150677,30.31,1,-0.37416408703234716,1,Logistic regression,45.52365596205631,0.7659563995209411,45.52365596205631,0.84,-0.3022412363887179,1,1,1,1
1000,134228,227.0,0,-1.344484650812868,0,Logistic regression,-11.096432829753168,-0.9085387351168437,-11.096432829753168,0.0,-0.5587994016779125,0,0,0,0
1000,120955,23.98,0,-1.0613602407618496,0,Logistic regression,-5.336848730645578,-0.9650688219639563,-5.336848730645578,0.0,-0.980952334498568,0,0,0,0
2024,44168,105.0,0,-1.2114711675025345,0,Logistic regression,-1.5419356521286027,-0.9587929667084905,-1.5419356521286027,0.1,-1.026747644432693,0,0,0,0
2024,137290,102.97,0,-1.1124111719533472,0,Logistic regression,-1.9394011135941138,-1.0335219762452996,-1.9394011135941138,0.0,-0.9465358635150707,0,0,0,0
2024,25913,166.58,0,-0.9175485840928792,0,Logistic regression,-1.7661911357393236,-0.9120136648723672,-1.7661911357393236,0.06,-0.8032329351442518,0,0,0,0
2024,199175,192.1,0,-1.1287328344647678,0,Logistic regression,-3.023957980121825,-1.2040583889841452,-3.023957980121825,0.0,-0.6561107639752912,0,0,0,0
2024,238832,0.89,0,-1.2076004417123585,0,Logistic regression,-1.4297418751875473,-0.9379430292383157,-1.4297418751875473,0.02,-0.9816144774868085,0,0,0,0
2024,68074,8.0,0,-1.2910639307099985,0,Logistic regression,-2.0908981147636414,-1.0680833663694007,-2.0908981147636414,0.0,-1.0900277541489414,0,0,0,0
2024,69919,26.15,0,-1.0262559751390496,0,Logistic regression,1.0013721457563076,-0.7368158099380304,1.0013721457563076,0.0,-0.3255736593556617,0,0,0,1
2024,124087,1.0,1,-1.0802013016874639,0,Logistic regression,-1.444946443744367,-0.8840526355156988,-1.444946443744367,0.02,-0.2615936306370884,0,0,0,1
2024,243049,0.99,0,-1.2872913739347973,0,Logistic regression,-2.1220696097553398,-1.080391144442844,-2.1220696097553398,0.0,-1.3617331132323265,0,0,0,0
2024,41943,0.76,1,-0.9199499628279657,0,Logistic regression,21.3378106568672,-0.22532232623206278,21.3378106568672,0.555,-0.32359408464301304,0,1,1,1
2024,111441,23.88,0,-1.0423503911721828,0,Logistic regression,-1.7846404956405213,-0.993366144963793,-1.7846404956405213,0.0,-0.8189983912022678,0,0,0,0
2024,147403,1.0,0,-0.8984686536415275,0,Logistic regression,-2.641072011063973,-1.040216810800401,-2.641072011063973,0.14,-0.44873024354995356,0,0,0,0
2024,88459,321.42,0,-1.1388269585830078,0,Logistic regression,-2.316815631050802,-1.0247959931506294,-2.316815631050802,0.01,-0.8464833799525953,0,0,0,0
2024,210750,15.0,0,-1.0492796019740938,0,Logistic regression,-1.5570935984496779,-0.9829767152505464,-1.5570935984496779,0.055,-0.795811787153301,0,0,0,0
2024,153803,12.0,0,-0.932927020377512,0,Logistic regression,-1.387126461049058,-0.9092971486674589,-1.387126461049058,0.025,-0.45901514996379295,0,0,0,0
2024,50601,52.5,0,-1.136209735852948,0,Logistic regression,-1.1672895696079717,-0.8844062890705588,-1.1672895696079717,0.06,-0.7361363332176336,0,0,0,0
2024,240244,8.95,0,-1.3182244438533446,0,Logistic regression,-2.296854894169292,-1.1518878347119443,-2.296854894169292,0.045,-0.9893799175996549,0,0,0,0
2024,185734,45.0,0,-1.0387035830459213,0,Logistic regression,-2.0641965898164942,-1.109146801063536,-2.0641965898164942,0.0,-0.9957358185674212,0,0,0,0
2024,146864,89.99,0,-1.0914111867323828,0,Logistic regression,-2.0576882702873154,-0.8605081691207028,-2.0576882702873154,0.02,-0.583232336241805,0,0,0,0
2024,257915,11.5,0,-1.1090334724269664,0,Logistic regression,-1.7074203739874119,-0.9617921756537331,-1.7074203739874119,0.175,-0.60339507781763,0,0,0,0
2024,14338,3.76,1,-1.1588399517314976,0,Logistic regression,-2.078206398879816,-1.0184113603576366,-2.078206398879816,0.165,-0.501285388766738,0,0,0,0
2024,267463,1.79,0,-0.7101708897621344,1,Logistic regression,-1.8083753899750585,-1.0244228852965969,-1.8083753899750585,0.01,-1.047722382195711,0,0,0,0
2024,203700,0.0,1,-0.5201824061539848,1,Logistic regression,3.301376272542651,0.45859223307254227,3.301376272542651,0.66,-0.320904008044347,1,0,1,1
2024,111709,154.0,0,-0.9194436292275578,0,Logistic regression,-2.641560879074063,-1.1542928114843172,-2.641560879074063,0.025,-0.5425466725752133,0,0,0,0
2024,39440,6.95,0,-1.3192419584492425,0,Logistic regression,-1.416972896246071,-0.9473978453685595,-1.416972896246071,0.01,-0.8599063246775616,0,0,0,0
2024,5973,231.48,0,-1.3113729459524537,0,Logistic regression,-1.479223788676975,-0.8379790954279696,-1.479223788676975,0.05,-0.471305672233288,0,0,0,0
2024,100623,549.06,1,-0.8183388318035401,0,Logistic regression,-2.194058789989281,-1.07030878262729,-2.194058789989281,0.015,-0.7040873303209334,0,0,0,0
2024,94810,7.49,0,-0.9880491192007083,0,Logistic regression,-1.989236376152534,-1.0497344776664836,-1.989236376152534,0.0,-0.9827480159954753,0,0,0,0
2024,93627,62.0,0,-1.164264193204203,0,Logistic regression,-2.444105729671481,-1.173526836409811,-2.444105729671481,0.035,-0.5215901729244241,0,0,0,0
2024,17448,19.39,0,0.29882145212921285,1,Logistic regression,-1.6696091822892456,-0.953540144078461,-1.6696091822892456,0.02,-0.8100981943626856,0,0,0,0
2024,70141,112.45,1,-0.9124388809193718,0,Logistic regression,3.819921048153616,0.68667562696934,3.819921048153616,0.72,0.024108987727533004,1,0,1,1
2024,2794,5.99,0,-0.0008795769676260834,1,Logistic regression,-1.302376510354053,-0.8901350632052818,-1.302376510354053,0.17,-1.1229798744845823,0,0,0,0
2024,17050,299.23,0,-1.1297717510181107,0,Logistic regression,-2.31163858800047,-1.052210871208406,-2.31163858800047,0.02,-0.7047290517972247,0,0,0,0
2024,113924,1.23,0,-1.1903192452783236,0,Logistic regression,-1.5780709164376145,-0.9674382469377871,-1.5780709164376145,0.0,-1.1371824377164794,0,0,0,0
2024,250161,9.78,0,-1.1493988005518063,0,Logistic regression,-1.6768807974531685,-0.8669624783713765,-1.6768807974531685,0.025,-0.807096877966393,0,0,0,0
2024,165682,0.76,0,-0.9596857540198231,0,Logistic regression,-1.9722832393792704,-1.0377625406010575,-1.9722832393792704,0.01,-0.44126431789584153,0,0,0,0
2024,222421,120.0,0,-1.0438449226305124,0,Logistic regression,-1.5509730991596158,-0.5457848428655301,-1.5509730991596158,0.01,-0.32555014193320037,0,0,0,1
2024,157586,1.09,0,-0.9776434224792563,0,Logistic regression,-1.8610073119191533,-1.0928331547382464,-1.8610073119191533,0.0,-0.7748682906836626,0,0,0,0
2024,224301,74.0,0,-1.0933543663262153,0,Logistic regression,-2.966083077083118,-1.21618082714925,-2.966083077083118,0.01,-0.6905341993528291,0,0,0,0
2024,41429,26.44,0,-0.8590815841194593,0,Logistic regression,-2.9994158333060232,-1.0618779551970219,-2.9994158333060232,0.065,-0.4220853422190357,0,0,0,0
2024,50211,1.0,1,-0.6606019060413442,1,Logistic regression,8.74253170050522,0.7620350630116292,8.74253170050522,0.41,-0.266163468770642,1,1,1,1
2024,73857,0.83,1,-0.7746485181350773,1,Logistic regression,12.917494274116537,0.5646466824174802,12.917494274116537,0.6,-0.3218848502851019,1,1,1,1
2024,251653,9.99,0,-0.9713878507165333,0,Logistic regression,-1.6395294863921328,-1.0166966309446095,-1.6395294863921328,0.03,-0.8245933150200117,0,0,0,0
2024,139508,2.69,0,-1.0469979296929686,0,Logistic regression,-1.6817538524011142,-0.9850411034284359,-1.6817538524011142,0.005,-0.9388624828706527,0,0,0,0
2024,176604,62.0,0,-1.2303099842297198,0,Logistic regression,-2.03794355042439,-1.038682777384288,-2.03794355042439,0.07,-0.8417070054339975,0,0,0,0
2024,182762,0.77,0,-0.8845277714686066,0,Logistic regression,-3.580010199594575,-1.0544541411375514,-3.580010199594575,0.0,-0.3260557691941357,0,0,0,1
2024,160176,48.99,0,-0.7979003986197134,0,Logistic regression,-1.2251972963866542,-0.8468441308990728,-1.2251972963866542,0.145,-0.45428110407965583,0,0,0,0
2024,143334,0.0,1,-0.8115174236410085,0,Logistic regression,12.17937750788704,0.5504435608419874,12.17937750788704,0.815,-0.3206614522583073,1,1,1,1
2024,27362,1.52,1,0.03891934298211275,1,Logistic regression,-1.5423611704678213,-0.9525059614772967,-1.5423611704678213,0.03,-1.0664005547994901,0,0,0,0
2024,30582,4.9,0,-1.0891187552429784,0,Logistic regression,-1.896178898383904,-0.9955996412278674,-1.896178898383904,0.22,-1.1314915579117342,0,0,0,0
2024,177195,11.0,1,0.09971685363897409,1,Logistic regression,4.7412442452745625,1.0474209128397218,4.7412442452745625,0.975,0.0791056535199075,1,1,1,1
2024,44556,1.0,1,-0.5912253640126202,1,Logistic regression,8.58290988647164,1.036036148599845,8.58290988647164,0.665,-0.24086510002066186,1,1,1,1
2024,109137,20.0,0,-0.8629172614487022,0,Logistic regression,2.494939207916926,-0.6105641013827681,2.494939207916926,0.045,-0.32555127157021874,0,0,0,1
2024,72752,983.05,0,-0.9859769892775785,0,Logistic regression,-3.8330118029804012,-1.038753671027456,-3.8330118029804012,0.04,-0.517086595196133,0,0,0,0
2024,88379,9.2,0,-1.0007699734703257,0,Logistic regression,-1.440938314002121,-0.9074447248506692,-1.440938314002121,0.025,-0.6401085540855026,0,0,0,0
2024,119435,3.59,0,-0.9627959344631789,0,Logistic regression,-2.0854044801768743,-1.0173166375249034,-2.0854044801768743,0.065,-1.2345791154156986,0,0,0,0
2024,179542,0.0,0,-1.0886935273028562,0,Logistic regression,-2.7257156295577465,-1.182372616728028,-2.7257156295577465,0.02,-0.3805136008483574,0,0,0,0
2024,133678,125.1,0,-1.0105052958754825,0,Logistic regression,-1.509903529804231,-0.9420457896375543,-1.509903529804231,0.045,-0.5110099049424593,0,0,0,0
2024,182239,467.6,0,-0.9946399210382073,0,Logistic regression,-0.24547361152103764,-0.7355783702462089,-0.24547361152103764,0.03,-0.32562669691879964,0,0,0,1
2024,79835,1.75,1,-0.15546888147832494,1,Logistic regression,3.606763591470987,0.9233746060261802,3.606763591470987,0.845,-0.04951655764196,1,0,1,1
2024,143503,19.99,0,-1.2299274721278033,0,Logistic regression,-2.414467206706977,-1.0813220575083087,-2.414467206706977,0.04,-0.8191401000424859,0,0,0,0
2024,105301,0.76,0,-1.3474776277560303,0,Logistic regression,-2.502280914464484,-1.1444313863499396,-2.502280914464484,0.0,-0.9098539746639807,0,0,0,0
2024,216000,30.0,0,-1.2035992133209996,0,Logistic regression,-1.6788403477389133,-0.9222565363381187,-1.6788403477389133,0.065,-0.8072639108895405,0,0,0,0
2024,120215,10.88,0,-0.9279720275634804,0,Logistic regression,-2.293842957573052,-1.095863401125332,-2.293842957573052,0.0,-1.2958323531705775,0,0,0,0
2024,240608,16.99,0,-0.19369736151619443,1,Logistic regression,-1.49505781943004,-0.9384380434628389,-1.49505781943004,0.035,-0.7911534629209747,0,0,0,0
2024,36520,36.9,0,-1.0940669107502345,0,Logistic regression,-2.594507681081656,-1.1986628205178467,-2.594507681081656,0.005,-0.7333407992978644,0,0,0,0
2024,39677,43.87,0,-1.059444622660647,0,Logistic regression,-1.3209869745819156,-0.8704672129036433,-1.3209869745819156,0.05,-0.8937327338937942,0,0,0,0
2024,276009,29.0,0,-0.9804221564764517,0,Logistic regression,-2.347064714107069,-1.0925678894427748,-2.347064714107069,0.005,-0.7910060632083434,0,0,0,0
2024,51332,672.69,0,-0.75815610546722,1,Logistic regression,-1.7963464765166761,-0.8450064163880625,-1.7963464765166761,0.12,-0.45618732073707274,0,0,0,0
2024,105376,49.95,0,-1.038616264353358,0,Logistic regression,-1.5510609769993768,-0.9244097826617808,-1.5510609769993768,0.005,-0.6088690518274813,0,0,0,0
2024,159371,237.0,0,-0.8983099381763514,0,Logistic regression,-3.0707901552132464,-1.1123582135581778,-3.0707901552132464,0.0,-0.6351469771197231,0,0,0,0
2024,263351,56.16,0,-0.3121785672291246,1,Logistic regression,-1.7609802678456643,-1.0294841915170014,-1.7609802678456643,0.0,-0.8291319723640429,0,0,0,0
2024,34439,11.5,0,-0.9110204710357598,0,Logistic regression,-2.5109895878812667,-1.094430965314061,-2.5109895878812667,0.01,-0.7236482451899435,0,0,0,0
2024,13186,935.57,0,-1.354349408890224,0,Logistic regression,-2.622059852772168,-1.1243883886599475,-2.622059852772168,0.0,-0.338677654380973,0,0,0,0
2024,255317,15.33,0,-1.0323766496390254,0,Logistic regression,-1.9944718876471443,-1.0741782427406674,-1.9944718876471443,0.045,-0.7542218840767732,0,0,0,0
2024,132294,5.99,0,-1.1902282633460364,0,Logistic regression,-2.632563047683086,-1.201450793862024,-2.632563047683086,0.02,-0.8962997224943834,0,0,0,0
2024,197427,59.75,0,-0.9077639990428505,0,Logistic regression,-2.3292108045659052,-1.1369397173818414,-2.3292108045659052,0.01,-0.7917943410076105,0,0,0,0
2024,213154,139.91,0,-1.0665319385565009,0,Logistic regression,-1.4012134126239415,-1.0396595255391503,-1.4012134126239415,0.065,-0.5747879513292347,0,0,0,0
2024,77387,444.17,1,-0.08329970594276259,1,Logistic regression,4.935297622015132,1.1424416712045158,4.935297622015132,0.645,-0.024543139433658046,1,1,1,1
2024,173475,250.0,0,-0.8882492404750394,0,Logistic regression,-3.1304991565647686,-1.2326523344401044,-3.1304991565647686,0.005,-0.5939798144141717,0,0,0,0
2024,238254,1.18,0,-1.0417935417364783,0,Logistic regression,-1.7543536500735877,-1.0542695617645608,-1.7543536500735877,0.0,-1.0093022908366185,0,0,0,0
2024,235950,79.95,0,-1.4682576363327735,0,Logistic regression,-1.8834923290662948,-1.0808499888622654,-1.8834923290662948,0.105,-1.0377558025673872,0,0,0,0
2024,111013,0.77,0,-0.807398265009621,0,Logistic regression,-1.8303291773208774,-0.973803648543645,-1.8303291773208774,0.05,-0.5148636146570428,0,0,0,0
2024,16415,23.36,1,-0.8453486768156142,0,Logistic regression,3.4640500914350634,0.7136200774895433,3.4640500914350634,0.685,0.12070305327137504,1,0,1,1
2024,218442,195.66,1,-0.9024046026380577,0,Logistic regression,4.416633290665062,0.23103013203110734,4.416633290665062,0.515,-0.3007829377002472,1,0,1,1
2024,278450,19.99,0,-1.3097354058917712,0,Logistic regression,-2.3636789364159627,-1.1215245042909276,-2.3636789364159627,0.0,-1.286939332205934,0,0,0,0
2024,217670,1.98,0,-1.1059482870651829,0,Logistic regression,-2.3079923426989315,-1.1450725030153337,-2.3079923426989315,0.04,-0.7728516732072239,0,0,0,0
2024,111388,12.1,0,-0.7460467547120346,1,Logistic regression,-0.4542377452708446,-0.7525207409799276,-0.4542377452708446,0.085,-0.46718434779857543,0,0,0,0
2024,174727,1.98,0,-1.0204469817376536,0,Logistic regression,-1.450487622786425,-0.9307792359151066,-1.450487622786425,0.09,-0.6483876743858341,0,0,0,0
2024,263603,0.92,0,-0.9550634675871625,0,Logistic regression,-2.460591755387125,-1.1658918668956393,-2.460591755387125,0.0,-1.076041500157595,0,0,0,0
2024,61997,119.99,0,-1.0628569654400681,0,Logistic regression,-2.713962807969459,-1.2081147182220455,-2.713962807969459,0.0,-0.6926800059204234,0,0,0,0
2024,274126,60.0,0,-1.1163452163662035,0,Logistic regression,-1.7842551364787518,-1.0153378038929697,-1.7842551364787518,0.025,-0.9682286043324304,0,0,0,0
2024,176455,152.65,0,-1.0492579541949607,0,Logistic regression,-2.8956882978308376,-1.134739197960225,-2.8956882978308376,0.0,-0.39149856240501296,0,0,0,0
2024,50224,3.59,0,-1.0104890116871716,0,Logistic regression,-2.507537044957293,-1.1358610953341493,-2.507537044957293,0.035,-1.1069323541514007,0,0,0,0
2024,149587,1.0,1,-1.0467372586194628,0,Logistic regression,-1.22819870933832,-0.83389476877132,-1.22819870933832,0.08,-0.312946243682618,0,0,0,1
2024,202225,16.1,0,-1.2239858271301018,0,Logistic regression,-2.6379766080983718,-1.1797402965852726,-2.6379766080983718,0.0,-0.931215580418832,0,0,0,0
2024,186378,18.53,0,-0.973049170172636,0,Logistic regression,-1.5143863070186256,-0.9365182906894811,-1.5143863070186256,0.015,-0.5441527729151727,0,0,0,0
2024,43148,53.89,0,-1.19110415786675,0,Logistic regression,-2.022050620720902,-1.0510943370976207,-2.022050620720902,0.0,-0.945222701538212,0,0,0,0
2024,273979,33.18,0,-0.9551936431714878,0,Logistic regression,-2.0416149415169125,-1.066685538193842,-2.0416149415169125,0.0,-0.9923340112098018,0,0,0,0
2024,70493,0.75,0,-1.1603886877597804,0,Logistic regression,-1.9850664058936576,-1.0309585070759226,-1.9850664058936576,0.03,-0.9298281371213013,0,0,0,0
2024,34134,134.99,0,-1.1544665029528178,0,Logistic regression,-2.0115035502158753,-1.0602749708744381,-2.0115035502158753,0.095,-0.5731302185928229,0,0,0,0
2024,89866,80.13,0,-1.181186309168953,0,Logistic regression,-2.207229988621628,-1.0488672978913263,-2.207229988621628,0.0,-1.128696581766163,0,0,0,0
2024,253102,69.99,0,-1.1574488442270088,0,Logistic regression,-1.5839244381112654,-0.9546905680197022,-1.5839244381112654,0.07,-0.9180470416729245,0,0,0,0
2024,137540,138.62,0,-1.1159560214855866,0,Logistic regression,-1.8894984399205488,-1.0917568716250012,-1.8894984399205488,0.005,-0.9760412310137347,0,0,0,0
2024,80852,34.85,0,-1.3097229145269824,0,Logistic regression,-1.862401614059461,-1.0105829522494405,-1.862401614059461,0.0,-0.665208956412226,0,0,0,0
2024,62075,147.03,0,-1.0111636966341555,0,Logistic regression,-2.436084367188366,-1.0882626676129583,-2.436084367188366,0.06,-0.5653512363520514,0,0,0,0
2024,150804,36.0,0,-1.3052119977648562,0,Logistic regression,-1.8315743839432108,-1.0552045138091044,-1.8315743839432108,0.0,-0.6263349205055069,0,0,0,0
2024,180318,20.0,0,-1.2118260090255615,0,Logistic regression,-2.538443231225705,-1.1889045331549644,-2.538443231225705,0.0,-0.7609368422768732,0,0,0,0
2024,26621,1.0,0,-1.4347193380423306,0,Logistic regression,-1.5969292059039277,-1.0128009665266515,-1.5969292059039277,0.01,-0.728033934430353,0,0,0,0
2024,246513,84.92,0,-1.346429735598215,0,Logistic regression,-2.4063384119475066,-1.1286139786006353,-2.4063384119475066,0.0,-1.302710432288322,0,0,0,0
2024,133865,2.15,0,-0.9349542835992454,0,Logistic regression,-1.5129503444295915,-1.0426035099177484,-1.5129503444295915,0.005,-0.4492721678314529,0,0,0,0
2024,44147,1163.5,0,-0.8075213862702778,0,Logistic regression,-1.5566612682032976,-0.9702503250563097,-1.5566612682032976,0.07,-0.3258004100789575,0,0,0,1
2024,47821,1.0,0,-1.0599048407893226,0,Logistic regression,-1.3968262672912815,-0.9336710942919173,-1.3968262672912815,0.065,-1.083254505297394,0,0,0,0
2024,188334,46.0,0,-1.086917232020534,0,Logistic regression,-1.1659175831760478,-0.9050629944059827,-1.1659175831760478,0.105,-0.5539192467679357,0,0,0,0
2024,92403,39.97,0,-1.1494338353962164,0,Logistic regression,-2.364360396052461,-1.116295591894245,-2.364360396052461,0.015,-0.8727478886918232,0,0,0,0
2024,83543,168.0,0,-1.5362263184358147,0,Logistic regression,-2.242193273236177,-1.0577042854703862,-2.242193273236177,0.03,-0.935513538793675,0,0,0,0
2024,154185,39.0,0,-1.1747046057802146,0,Logistic regression,-2.570391448056222,-1.1630032902407204,-2.570391448056222,0.0,-0.7957173243868403,0,0,0,0
2024,233258,996.27,1,-0.9607657835581063,0,Logistic regression,2.5188539976416395,0.3466066443784961,2.5188539976416395,0.525,-0.31765596687438447,1,0,1,1
2024,174437,1.0,0,-1.4027875394481564,0,Logistic regression,-2.3440145450005225,-1.1583134940871602,-2.3440145450005225,0.025,-0.834267534695827,0,0,0,0
2024,623,529.0,1,-1.3559608882302876,0,Logistic regression,-3.227347298481436,-1.2011282753403951,-3.227347298481436,0.0,-0.43399521902680804,0,0,0,0
2024,163077,20.74,0,-1.0996096182760673,0,Logistic regression,-1.5352734019798213,-1.0739950928169772,-1.5352734019798213,0.005,-0.8213491871011449,0,0,0,0
2024,59087,584.7,0,-0.9109816396738017,0,Logistic regression,-2.6554832133635093,-0.9936639630933572,-2.6554832133635093,0.055,-0.6970825841277479,0,0,0,0
2024,212943,0.76,0,-1.0047710871011697,0,Logistic regression,-2.0327072384540665,-1.0345145362778307,-2.0327072384540665,0.015,-0.4736812197981848,0,0,0,0
2024,57197,46.58,0,-1.0205033741913119,0,Logistic regression,-1.2804320742475457,-0.928762459690269,-1.2804320742475457,0.115,-0.9557379136188009,0,0,0,0
2024,42741,459.07,1,-0.7332552003797331,1,Logistic regression,20.701621218661646,0.5052747656534656,20.701621218661646,0.465,-0.22717199455138376,1,1,1,1
2024,138328,139.9,0,-0.9980060594445854,0,Logistic regression,-2.047000130348941,-1.027628735876994,-2.047000130348941,0.005,-0.8456440687961355,0,0,0,0
2024,1857,15.98,0,-1.1160207273518317,0,Logistic regression,-1.9683209014630747,-0.9964097349665355,-1.9683209014630747,0.05,-1.0250960817342236,0,0,0,0
2024,112070,210.0,0,-1.070142609591222,0,Logistic regression,-2.280991881418691,-1.0365531637174876,-2.280991881418691,0.04,-1.030667779120874,0,0,0,0
2024,180515,1.98,0,-1.2503570486761455,0,Logistic regression,-2.024410264521101,-1.0254513771257963,-2.024410264521101,0.015,-0.909928600402159,0,0,0,0
2024,54182,160.5,0,-1.2993469237652022,0,Logistic regression,-2.0100651927274913,-1.044214723584856,-2.0100651927274913,0.0,-1.0039522272647425,0,0,0,0
2024,10690,1218.89,1,-0.8064543208802102,0,Logistic regression,15.303183844303048,-0.5100573683316957,15.303183844303048,0.55,-0.32555014193320037,0,1,1,1
2024,243547,57.73,1,-0.6901696285011245,1,Logistic regression,6.709969473094326,0.5756970608585307,6.709969473094326,0.38,-0.31874977795990395,1,1,1,1
2024,136529,78.1,0,-1.068535317449359,0,Logistic regression,-2.1151245391349525,-1.068049763644813,-2.1151245391349525,0.0,-1.1157555880949672,0,0,0,0
2024,236087,70.0,0,-0.517989966263387,1,Logistic regression,-1.4186394091939305,-0.9429596641169037,-1.4186394091939305,0.005,-0.9946351751752343,0,0,0,0
2024,224592,5.0,0,-1.2760496707066795,0,Logistic regression,-1.4492378804975061,-0.9366522271429224,-1.4492378804975061,0.065,-0.9647318967695881,0,0,0,0
2024,139402,36.39,0,-0.7351770884961071,1,Logistic regression,-1.4537238486296642,-0.889494498830075,-1.4537238486296642,0.015,-1.2270203538092992,0,0,0,0
2024,148999,0.0,0,-1.0951083911327646,0,Logistic regression,-1.581022928199182,-1.0606945682698434,-1.581022928199182,0.0,-0.529970341004794,0,0,0,0
2024,213209,45.95,0,-1.0162615927391563,0,Logistic regression,-1.8771773320856542,-1.0795189240798977,-1.8771773320856542,0.0,-0.9356337452059402,0,0,0,0
2024,249607,35.0,1,-0.7378467411009694,1,Logistic regression,1.170844774891233,-0.24779143810835708,1.170844774891233,0.485,-0.32551523550145217,0,0,1,1
2024,89004,149.0,0,-0.9775251638179899,0,Logistic regression,-2.0765576938852903,-1.0648917479646696,-2.0765576938852903,0.005,-1.0344221131109061,0,0,0,0
2024,172787,144.62,1,-0.6195315908671515,1,Logistic regression,5.718969319550749,0.974016641950023,5.718969319550749,0.715,0.06322453774813341,1,1,1,1
2024,86155,101.5,1,-0.8144289011889282,0,Logistic regression,2.760181622067222,-0.11001292174418503,2.760181622067222,0.65,-0.30001855825173795,0,0,1,1
2024,265300,29.74,0,-1.4899973206555015,0,Logistic regression,-1.841177505889154,-1.084571551105752,-1.841177505889154,0.005,-0.7087204255888042,0,0,0,0
2024,50537,1.0,1,-0.9924819556221248,0,Logistic regression,-1.7925657762730312,-1.0483129607661843,-1.7925657762730312,0.015,-0.8963573394965114,0,0,0,0
2024,14170,99.99,1,-0.8042363121036091,0,Logistic regression,16.88349102984103,-0.4565222608239528,16.88349102984103,0.455,-0.32554841407063173,0,1,1,1
2024,42549,88.23,1,-0.7324417579728142,1,Logistic regression,20.938887674383665,0.10107562435311879,20.938887674383665,0.805,-0.17709511566305322,0,1,1,1
2024,235155,79.0,0,-0.8187415806488713,0,Logistic regression,-0.12155175031291088,-0.7686162323473898,-0.12155175031291088,0.065,-0.3397479277967455,0,0,0,0
2024,62602,224.4,0,-1.142253247763048,0,Logistic regression,-0.9807778917038201,-0.913888510582106,-0.9807778917038201,0.01,-0.46377836207986634,0,0,0,0
2024,255007,21.15,0,-1.2227626104894949,0,Logistic regression,-2.1076668122002507,-1.0783120009983347,-2.1076668122002507,0.0,-0.5922081560803634,0,0,0,0
2024,106014,15.3,0,-1.078394411628479,0,Logistic regression,-2.102971652073603,-0.9110424652868123,-2.102971652073603,0.06,-0.5419777209248329,0,0,0,0
2024,178525,17.07,0,-1.2997216342461546,0,Logistic regression,-1.6574640244312147,-1.0055579799396959,-1.6574640244312147,0.0,-0.864825544306703,0,0,0,0
2024,75199,22.99,0,-1.2790284764632283,0,Logistic regression,-1.6123596346585192,-0.9835479431978521,-1.6123596346585192,0.01,-0.9076446455790856,0,0,0,0
2024,73681,0.76,0,-0.9386725889422908,0,Logistic regression,-1.4789217675540853,-0.8929434600972437,-1.4789217675540853,0.05,-0.5223225426015078,0,0,0,0
2024,182992,3.22,1,-0.8322223610845605,0,Logistic regression,-1.901527158466863,-1.046118230010575,-1.901527158466863,0.005,-0.40833149021098103,0,0,0,0
2024,280904,0.99,0,-1.4804912402302732,0,Logistic regression,-2.0854364669752528,-1.094198845051881,-2.0854364669752528,0.005,-1.241400168627948,0,0,0,0
2024,64544,1.0,0,-0.9423396410509337,0,Logistic regression,-1.1304729627711128,-0.8653406492677737,-1.1304729627711128,0.025,-0.7573889360463918,0,0,0,0
2024,247673,247.86,1,-0.7848116798736339,1,Logistic regression,3.21990380532241,-0.35067599976740216,3.21990380532241,0.52,-0.325286218913029,0,0,1,1
2024,107486,56.0,0,-1.1627653658902664,0,Logistic regression,-2.172373330366602,-1.1047502613736264,-2.172373330366602,0.0,-0.9175288062829907,0,0,0,0
2024,32846,0.76,0,-0.9205090806890549,0,Logistic regression,-1.4861510262150757,-0.890638257631241,-1.4861510262150757,0.065,-0.4985842713712064,0,0,0,0
2024,108370,4.49,0,-1.5425622807444288,0,Logistic regression,-1.9516567655467971,-1.013489028187254,-1.9516567655467971,0.01,-1.2594614132229813,0,0,0,0
2024,81186,45.64,1,-0.7479039540920895,1,Logistic regression,6.321410918599687,-0.2094425577684787,6.321410918599687,0.365,-0.3196598582444813,0,1,1,1
2024,84574,0.44,0,-1.4715228939778255,0,Logistic regression,-2.1683124244427594,-1.1455924219769447,-2.1683124244427594,0.04,-0.6567264833955903,0,0,0,0
2024,10568,1.0,1,-0.7697820557638084,1,Logistic regression,19.65452999103893,-0.10054545906036749,19.65452999103893,0.7,-0.32516102242196754,0,1,1,1
2024,101851,30.72,0,-1.0518633626462603,0,Logistic regression,-2.3427489306809304,-1.0661179921403474,-2.3427489306809304,0.0,-0.3657147378938155,0,0,0,0
2024,54433,234.91,0,-1.092786031898159,0,Logistic regression,-2.947721644612657,-1.1911833204884603,-2.947721644612657,0.0,-1.0070225680471567,0,0,0,0
2024,9670,39.0,0,-1.2029893163957284,0,Logistic regression,-2.1903848150013983,-1.0542400731748507,-2.1903848150013983,0.0,-0.7240327356847088,0,0,0,0
2024,124525,15.97,0,-1.1664255003502702,0,Logistic regression,-1.8575289924968803,-1.0887276820767204,-1.8575289924968803,0.0,-0.9314524356213669,0,0,0,0
2024,20944,567.13,0,-0.9257912925765428,0,Logistic regression,-2.60295256117322,-1.0060316180857467,-2.60295256117322,0.03,-0.6101988369272813,0,0,0,0
2024,123971,15.0,0,-1.4759162849513672,0,Logistic regression,-1.3517643692123396,-0.9308323297694066,-1.3517643692123396,0.04,-0.5462312733651112,0,0,0,0
2024,4632,49.99,0,-1.0703397497837208,0,Logistic regression,-1.873251184172272,-1.0489190881589054,-1.873251184172272,0.015,-0.7906109817723975,0,0,0,0
2024,275150,5.1,0,-1.09721595977787,0,Logistic regression,-2.0746198018447064,-1.071974189819114,-2.0746198018447064,0.035,-0.577023921358585,0,0,0,0
2024,145483,282.69,0,-1.0623035880710314,0,Logistic regression,-2.9346762563878,-1.1544623972041712,-2.9346762563878,0.0,-0.9018680025561137,0,0,0,0
2024,56622,266.0,0,-1.1057062450711461,0,Logistic regression,-1.9185833300861903,-0.9763954638105421,-1.9185833300861903,0.0,-0.9040475094496878,0,0,0,0
2024,159446,25.19,0,-1.1144900577003376,0,Logistic regression,-0.4455512802350581,-0.8231413266794102,-0.4455512802350581,0.045,-0.3554572773546649,0,0,0,0
2024,124610,20.0,0,-0.9084337388206162,0,Logistic regression,-1.521213166085502,-0.9438953330892992,-1.521213166085502,0.05,-0.5949584540170454,0,0,0,0
2024,114921,0.89,0,-0.9609222723381403,0,Logistic regression,-2.8808159183762942,-1.2294346984414202,-2.8808159183762942,0.005,-0.8593663837518843,0,0,0,0
2024,102443,1.0,1,-1.0262492640698804,0,Logistic regression,11.920007817774783,-0.5120771914873877,11.920007817774783,0.575,-0.32555014193320037,0,1,1,1
2024,105907,87.9,0,-1.1835159710879952,0,Logistic regression,-1.6618666167329716,-0.9741380853824951,-1.6618666167329716,0.005,-0.9241218960323356,0,0,0,0
2024,150056,59.9,0,-0.8601704198919157,0,Logistic regression,-2.3074230244258622,-1.1148605344699263,-2.3074230244258622,0.01,-0.7411146043009761,0,0,0,0
2024,201131,300.0,0,-0.8146237487246252,0,Logistic regression,-2.694721470736849,-1.1528290410857291,-2.694721470736849,0.01,-0.5478505651572061,0,0,0,0
2024,244333,1.0,1,-0.8569563154110917,0,Logistic regression,7.527173119827088,-0.07509751763388506,7.527173119827088,0.395,-0.3253887701861177,0,1,1,1
2024,268762,2.5,0,-0.7021474030516119,1,Logistic regression,-1.8333104607780288,-1.0281512454487145,-1.8333104607780288,0.01,-0.84416721885447,0,0,0,0
2024,18432,1.29,0,-1.3961990436309617,0,Logistic regression,-2.5405188187400904,-1.1844959149727268,-2.5405188187400904,0.005,-1.314718087179046,0,0,0,0
2024,42784,45.49,1,-0.7533375404967996,1,Logistic regression,20.54892861926926,0.21085235970219984,20.54892861926926,0.435,-0.23103066869518718,1,1,1,1
2024,100097,1.0,0,0.09787499174743375,1,Logistic regression,-0.8343963983276275,-0.7301204424350112,-0.8343963983276275,0.29,-0.6938905018755437,0,0,1,0
2024,55736,8.99,0,-1.0192968533619742,0,Logistic regression,-2.1172382775307748,-1.0710863578692156,-2.1172382775307748,0.03,-1.1791574854420266,0,0,0,0
2024,249731,69.0,0,-1.0301394387849252,0,Logistic regression,-1.214525828671284,-0.9077975280945049,-1.214525828671284,0.085,-0.8173634146657247,0,0,0,0
2024,55879,9.99,0,-1.0859590902482994,0,Logistic regression,-2.8996757542488156,-1.2087853459656992,-2.8996757542488156,0.0,-0.6780054567326638,0,0,0,0
2024,197724,157.75,0,-1.1329174141114475,0,Logistic regression,-2.888597100591202,-1.1850110540043959,-2.888597100591202,0.005,-0.5760624641084939,0,0,0,0
2024,188939,1.98,0,-1.0282679922790692,0,Logistic regression,-1.6480254137690593,-1.0032037823810434,-1.6480254137690593,0.01,-0.9658650522908587,0,0,0,0
2024,213474,104.0,0,-0.9791796263319302,0,Logistic regression,-1.879575976646632,-1.0941227387946348,-1.879575976646632,0.02,-0.6187615739205152,0,0,0,0
2024,238222,1.1,1,-0.7671681521514954,1,Logistic regression,7.45238295213343,0.09293166100714623,7.45238295213343,0.49,-0.32502806925987393,0,1,1,1
2024,183257,26.58,0,-0.9330455838682019,0,Logistic regression,-1.6601906034505114,-0.9369974209280579,-1.6601906034505114,0.045,-0.5955696496718714,0,0,0,0
2024,172692,2.24,0,-1.0639014541123257,0,Logistic regression,-2.7159789296252272,-1.0270069993299664,-2.7159789296252272,0.12,-0.6453691653084361,0,0,0,0
2024,246031,63.92,0,-1.319397347674013,0,Logistic regression,-1.4510351379628468,-0.9879068233141661,-1.4510351379628468,0.0,-0.3550702490107409,0,0,0,0
2024,30100,60.6,1,-0.9670365960294864,0,Logistic regression,6.51876839012218,0.5709550646106031,6.51876839012218,0.49,-0.28419221516250764,1,1,1,1
2024,153885,0.76,1,-0.43640918086139385,1,Logistic regression,4.634251946850126,0.27868619949422013,4.634251946850126,0.645,-0.32554451398778733,1,1,1,1
2024,5041,130.07,0,-0.8990667469306071,0,Logistic regression,-2.2042298230751873,-1.1619582466206801,-2.2042298230751873,0.0,-0.43252133411045735,0,0,0,0
2024,108062,1.0,0,-1.0770919401738603,0,Logistic regression,-2.8153123947230325,-1.2104272885284089,-2.8153123947230325,0.005,-0.6127878867497294,0,0,0,0
2024,49339,2.98,0,-1.0978650484343961,0,Logistic regression,-0.9868237422983408,-0.9430439778020967,-0.9868237422983408,0.09,-0.8637670296628315,0,0,0,0
2024,63878,101.09,0,-0.9630705500856737,0,Logistic regression,-1.7819006023960464,-1.0682213293481309,-1.7819006023960464,0.0,-0.39143055041814545,0,0,0,0
2024,189945,38.96,0,-1.2810136929310652,0,Logistic regression,-2.413281449998805,-1.1278302761263521,-2.413281449998805,0.0,-0.796119144850113,0,0,0,0
2024,254344,187.11,1,-0.8885545518713425,0,Logistic regression,-2.0055454921739915,-1.0916914922906669,-2.0055454921739915,0.0,-1.0131307357187969,0,0,0,0
2024,11879,0.99,0,-1.398170905896637,0,Logistic regression,-2.097370282982562,-1.0456212379488896,-2.097370282982562,0.04,-0.8913141297410996,0,0,0,0
2024,57860,36.25,0,-1.0816771430922338,0,Logistic regression,-1.5341504256415175,-0.9563148325355424,-1.5341504256415175,0.015,-1.0406997277475007,0,0,0,0
2024,20198,104.81,1,-0.9546731303646481,0,Logistic regression,-2.0790825172067966,-1.067563782003397,-2.0790825172067966,0.015,-0.337430558577878,0,0,0,0
2024,42473,3.79,1,-0.7580364710469775,1,Logistic regression,20.714867755991683,0.11831776186867293,20.714867755991683,0.795,-0.29769513072612325,0,1,1,1
2024,42635,11.38,1,-0.7363254580057752,1,Logistic regression,21.545625958946623,0.9778703503774052,21.545625958946623,0.585,0.10326658618370443,1,1,1,1
2024,151693,41.31,0,-0.859787135310652,0,Logistic regression,-3.184694574289595,-1.2043224793789886,-3.184694574289595,0.005,-0.389999900945628,0,0,0,0
2024,96994,7.53,1,0.5798883266123537,1,Logistic regression,3.9362410021390577,0.9097683054216089,3.9362410021390577,0.915,0.01715120683070781,1,0,1,1
2024,281144,245.0,1,-0.7442696971315581,1,Logistic regression,4.009189663159698,0.733205321967023,4.009189663159698,0.64,0.030204734647747256,1,0,1,1
2024,199896,1335.0,1,-0.709850652057841,1,Logistic regression,0.31247932699674874,0.04764477036499237,0.31247932699674874,0.74,-0.3011316710362225,0,0,1,1
2024,95597,1354.25,1,-0.8540574042139396,0,Logistic regression,3.1859125775255723,-0.3014799424420222,3.1859125775255723,0.645,-0.3252904870821363,0,0,1,1
2024,102442,1.0,1,-1.0262492640698804,0,Logistic regression,11.920007817774783,-0.5120771914873877,11.920007817774783,0.575,-0.32555014193320037,0,1,1,1
2024,9509,1.0,1,-0.7947537191846769,0,Logistic regression,19.643181367520885,-0.14452885672033555,19.643181367520885,0.7,-0.3251878539906429,0,1,1,1
2024,129678,9.03,0,-0.9714245440524365,0,Logistic regression,-2.0241548932462954,-1.0054654012888553,-2.0241548932462954,0.005,-1.1799855751386583,0,0,0,0
2024,269762,0.76,0,-1.42223817236557,0,Logistic regression,-1.5056905977018562,-0.9458229595353833,-1.5056905977018562,0.05,-0.8522907630408145,0,0,0,0
2024,97829,11.5,0,-1.1734224589798175,0,Logistic regression,-1.7003102471127938,-0.9928056956293019,-1.7003102471127938,0.0,-1.2529966289507408,0,0,0,0
2024,30398,9.13,1,-0.770663803896142,1,Logistic regression,11.47911263503499,0.7914217367230373,11.47911263503499,0.89,-0.32290315798379915,1,1,1,1
2024,132441,80.0,0,-1.1003777641003079,0,Logistic regression,-2.262334557343331,-1.1150893386343614,-2.262334557343331,0.005,-0.6321780669879946,0,0,0,0
2024,138195,0.89,0,-1.000470661663718,0,Logistic regression,-1.932270212734079,-1.0468640537955958,-1.932270212734079,0.0,-1.0597411220986315,0,0,0,0
2024,195455,9.99,0,-1.5394386468304169,0,Logistic regression,-2.1726468511639245,-1.1283399848883586,-2.1726468511639245,0.01,-1.074701690052695,0,0,0,0
2024,58077,0.77,0,-0.9718548937790119,0,Logistic regression,-3.1272375359629954,-1.0510567231647077,-3.1272375359629954,0.005,-0.3255581030340477,0,0,0,1
2024,160006,1.0,0,-0.984702665257183,0,Logistic regression,-1.6560319806557844,-0.9756426610511462,-1.6560319806557844,0.015,-0.4490270954935633,0,0,0,0
2024,138019,1.98,0,-1.4509353056025882,0,Logistic regression,-1.9828030659012672,-1.0416111964318224,-1.9828030659012672,0.01,-1.058532084828211,0,0,0,0
2024,59539,19.73,1,-0.7970648113008457,0,Logistic regression,3.0954801885179624,0.36577377060206107,3.0954801885179624,0.395,0.020471808334165287,1,0,1,1
2024,38776,119.79,0,-1.3982092113961566,0,Logistic regression,-2.683690512805316,-1.1912021371256432,-2.683690512805316,0.0,-0.8389557919523267,0,0,0,0
2024,36036,149.97,0,-1.0270247688380139,0,Logistic regression,-1.9894101919239127,-1.0543799766238675,-1.9894101919239127,0.03,-0.5167601090748299,0,0,0,0
2024,198313,59.95,0,-0.8436005773963803,0,Logistic regression,-2.986939922810998,-0.8664527761857699,-2.986939922810998,0.045,-0.3255501419345647,0,0,0,1
2024,103004,91.55,0,-0.7362539596961333,1,Logistic regression,-1.0488005760043753,-0.940594994052508,-1.0488005760043753,0.015,-0.4311276922862377,0,0,0,0
2024,116519,5.41,0,-0.7970783208041242,0,Logistic regression,-2.8927891811457322,-1.2138701788288782,-2.8927891811457322,0.0,-0.6901499313470936,0,0,0,0
2024,122645,11.57,0,-0.9808634250578496,0,Logistic regression,-2.5745402769874985,-1.1246764529646676,-2.5745402769874985,0.005,-0.6342664500707997,0,0,0,0
2024,94425,1.79,0,-0.7403984093731572,1,Logistic regression,-1.5988311147432097,-0.8807376681093277,-1.5988311147432097,0.04,-0.6375602528526197,0,0,0,0
2024,248565,140.4,0,-1.4177726884807642,0,Logistic regression,-2.2560341469027856,-1.1197138112553149,-2.2560341469027856,0.0,-0.9679916262360886,0,0,0,0
2024,77548,0.76,0,-1.044178838035966,0,Logistic regression,-2.272420210178786,-1.1023840234083133,-2.272420210178786,0.005,-0.35673341524492896,0,0,0,0
2024,190634,1.0,0,-0.8003862097257763,0,Logistic regression,-2.9310344752190933,-1.0325975287424285,-2.9310344752190933,0.025,-0.4614300445984203,0,0,0,0
2024,192051,45.0,0,-1.5561382370158765,0,Logistic regression,-1.814953263411536,-1.0694255340028818,-1.814953263411536,0.0,-1.0225634039684566,0,0,0,0
2024,6932,314.55,0,-0.7064938832331531,1,Logistic regression,-0.5061256636387712,-0.6847548468683653,-0.5061256636387712,0.055,-0.40039320229748293,0,0,0,0
2024,8617,1.0,1,-0.8938158545928004,0,Logistic regression,4.046985962090632,0.153931049396288,4.046985962090632,0.775,-0.32232261291425657,0,0,1,1
2024,222546,61.85,0,-0.6400242784615044,1,Logistic regression,-0.7759202977497861,-0.9225505978717148,-0.7759202977497861,0.07,-0.6794374507200005,0,0,0,0
2024,70258,49.25,0,-1.0123375819629432,0,Logistic regression,-1.8046707862509217,-1.0111667838757157,-1.8046707862509217,0.0,-0.928157918245915,0,0,0,0
2024,38023,4.99,0,-0.7133744988570406,1,Logistic regression,-1.8948536946402987,-1.0030410881112342,-1.8948536946402987,0.095,-0.6713163974926386,0,0,0,0
2024,219890,1.29,0,-0.91275327486081,0,Logistic regression,-2.0850609847298855,-1.0679891503787804,-2.0850609847298855,0.0,-0.9804340771696305,0,0,0,0
2024,23422,717.15,1,-0.5993910755382008,1,Logistic regression,3.2260007225351615,0.6823197216022449,3.2260007225351615,0.67,-0.21347630048241373,1,0,1,1
2024,182234,33.6,0,-1.372357855704971,0,Logistic regression,-2.1315802345409907,-1.1407994052096866,-2.1315802345409907,0.01,-0.9294462314203746,0,0,0,0
2024,10973,11.85,0,-0.98922016639697,0,Logistic regression,-2.127508944690937,-1.1111342891253544,-2.127508944690937,0.005,-0.7152158547645303,0,0,0,0
2024,267433,100.0,0,-0.7039465937116403,1,Logistic regression,-0.7763818554221555,-0.7884882782840603,-0.7763818554221555,0.335,-0.637792808329142,0,0,1,0
2024,88900,1.98,0,-1.3749932186133305,0,Logistic regression,-1.8761216682662991,-0.9902817173278657,-1.8761216682662991,0.02,-1.2570308128021435,0,0,0,0
2024,213533,26.89,0,-1.281452357271572,0,Logistic regression,-1.7376862324971134,-0.9645499722432053,-1.7376862324971134,0.035,-0.549801800629073,0,0,0,0
2024,61046,1.0,0,-1.0466766690805522,0,Logistic regression,-2.8125228682748444,-1.2128734126153775,-2.8125228682748444,0.005,-0.6328279056733483,0,0,0,0
2024,246134,15.9,0,-0.8823849055126527,0,Logistic regression,-1.777434638307988,-1.062509067874822,-1.777434638307988,0.0,-0.7502847126244072,0,0,0,0
2024,50722,361.4,0,-0.9550423184867067,0,Logistic regression,-1.3339995060747256,-0.9050878280612434,-1.3339995060747256,0.015,-0.33965375061915865,0,0,0,0
2024,9179,1.0,1,-0.7976721981174869,0,Logistic regression,19.1997659472102,-0.11029885053837551,19.1997659472102,0.69,-0.31887151983872425,0,1,1,1
2024,133794,111.16,0,-1.1645196039121601,0,Logistic regression,-2.2229741485110663,-1.0931729946390876,-2.2229741485110663,0.0,-0.9999969323621165,0,0,0,0
2024,15736,99.99,1,-0.8876125549564803,0,Logistic regression,16.38678956025732,-0.5117993105667347,16.38678956025732,0.425,-0.32555014193319504,0,1,1,1
2024,42508,11.53,0,-1.0810909289473245,0,Logistic regression,-1.9952591870475724,-1.0471235183706344,-1.9952591870475724,0.0,-0.9399060445477532,0,0,0,0
2024,218737,19.98,0,-1.250104744183782,0,Logistic regression,-2.2567081279703602,-1.122029257492263,-2.2567081279703602,0.0,-0.8214852256663769,0,0,0,0
2024,202964,180.3,0,-1.234694934244219,0,Logistic regression,-1.9747585336284288,-1.0636668584589672,-1.9747585336284288,0.0,-0.9488586287672494,0,0,0,0
2024,265871,1.29,0,-0.5159112987247804,1,Logistic regression,-1.664012935066339,-0.9843274088318219,-1.664012935066339,0.01,-1.026986658986316,0,0,0,0
2024,53263,22.47,0,-0.9585244954398542,0,Logistic regression,-2.6406659440449047,-0.9638179055104561,-2.6406659440449047,0.0,-0.32786314358216634,0,0,0,1
2024,189419,25.9,0,-0.40199181331099576,1,Logistic regression,-1.6785775676328514,-0.9624921266705022,-1.6785775676328514,0.04,-0.7009872606483809,0,0,0,0
2024,78281,25.97,0,-1.2657537632314055,0,Logistic regression,-2.1714607980767355,-1.0805713464859057,-2.1714607980767355,0.025,-0.8766934416181784,0,0,0,0
2024,89767,22.78,0,-0.963571225540387,0,Logistic regression,-2.3622898472550036,-1.1033444422174532,-2.3622898472550036,0.01,-0.6713881435263258,0,0,0,0
2024,68522,0.76,1,-0.7285932859457598,1,Logistic regression,4.401502581934753,0.7397208911395249,4.401502581934753,0.73,-0.057388044003756966,1,0,1,1
2024,57355,40.0,0,-0.95329791564908,0,Logistic regression,-2.8881094525976656,-1.1810770038002607,-2.8881094525976656,0.005,-0.9294905449605266,0,0,0,0
2024,126805,52.95,0,-1.08442891132127,0,Logistic regression,-1.7498226343366703,-1.0414597780390995,-1.7498226343366703,0.02,-0.8802799957618621,0,0,0,0
2024,186933,185.0,0,-1.1559903980137003,0,Logistic regression,-2.199564027414093,-1.1590402029818856,-2.199564027414093,0.0,-0.7853970968451867,0,0,0,0
2024,28458,810.62,0,-1.2291773973163442,0,Logistic regression,-3.0922125909446923,-1.1574025753025468,-3.0922125909446923,0.0,-0.39965754971980466,0,0,0,0
2024,237184,10.82,0,-1.2255349664856205,0,Logistic regression,-1.5671532139938493,-0.9685894104935946,-1.5671532139938493,0.02,-0.4592407682126043,0,0,0,0
2024,107395,29.07,0,-0.9257294771674187,0,Logistic regression,-1.9565740613714717,-1.0940537881108012,-1.9565740613714717,0.0,-0.8803805081517511,0,0,0,0
2024,249239,1096.99,1,-1.1359725139650338,0,Logistic regression,-3.6083026911713745,-1.0304208669026667,-3.6083026911713745,0.02,-0.4112716994568508,0,0,0,0
2024,5573,26.99,0,-0.9917540994047689,0,Logistic regression,-1.8450393390978927,-0.9946979761800172,-1.8450393390978927,0.02,-0.5607001822274915,0,0,0,0
2024,47365,31.25,0,-0.9078335752106641,0,Logistic regression,-1.6450208433971754,-1.017810746103987,-1.6450208433971754,0.0,-0.9039842814558599,0,0,0,0
2024,231968,1.46,0,-0.8332584005263752,0,Logistic regression,-2.267915825928377,-0.9999318328176183,-2.267915825928377,0.025,-0.41585093732378786,0,0,0,0
2024,172220,39.0,0,-0.4328607441838476,1,Logistic regression,-1.1583501860762997,-0.8569048206208782,-1.1583501860762997,0.125,-0.5278771280000608,0,0,0,0
2024,168546,5.71,0,-0.6664252289482016,1,Logistic regression,-1.5404938818905007,-0.943964166305724,-1.5404938818905007,0.17,-0.8063462700167443,0,0,0,0
2024,248296,0.0,1,-0.9782930319183452,0,Logistic regression,2.8030647216340023,0.17631193548999358,2.8030647216340023,0.62,-0.3186593511074336,1,0,1,1
2024,157918,635.1,1,-1.2956297288350935,0,Logistic regression,-1.3989515257669494,-0.9295486993574843,-1.3989515257669494,0.145,-0.3769070267697806,0,0,0,0
2024,184299,58.5,0,-1.158172626983109,0,Logistic regression,-2.709060206395198,-1.161486918939539,-2.709060206395198,0.01,-0.42941051120254664,0,0,0,0
2024,73970,0.89,0,-0.7882706459494432,0,Logistic regression,-1.651080711579931,-0.9560344879629745,-1.651080711579931,0.0,-1.1787500807770326,0,0,0,0
2024,84179,296.0,0,-1.2418496272104549,0,Logistic regression,-2.190908919504192,-1.087999693835843,-2.190908919504192,0.0,-0.6169312315368563,0,0,0,0
2024,249201,8.59,0,-0.5348173355662086,1,Logistic regression,-1.70872002579704,-1.0141624988709728,-1.70872002579704,0.0,-0.886240659251456,0,0,0,0
2024,150667,78.0,1,-0.6706028814762054,1,Logistic regression,20.834338119917682,-0.18281433849348983,20.834338119917682,0.445,-0.3213867612180044,0,1,1,1
2024,128250,23.73,0,-0.891994289574386,0,Logistic regression,-1.423583237163545,-1.0217236784811772,-1.423583237163545,0.015,-0.6785149911805434,0,0,0,0
2024,183206,17.6,0,-0.9442251835907768,0,Logistic regression,-2.598728849288162,-1.1153368789146876,-2.598728849288162,0.005,-0.8700562878957097,0,0,0,0
2024,145006,11.84,0,-0.952653363560958,0,Logistic regression,-1.4977279328502127,-0.8392040258119651,-1.4977279328502127,0.205,-0.6002023146431978,0,0,0,0
2024,61062,6.99,0,-0.9681008580766436,0,Logistic regression,-2.101087278093482,-1.0555722137963994,-2.101087278093482,0.165,-1.1191734942491027,0,0,0,0
2024,160309,11.5,0,-1.3447370164085517,0,Logistic regression,-2.2454402007837437,-1.109012437411702,-2.2454402007837437,0.0,-1.2020309099829094,0,0,0,0
2024,24948,10.0,0,-1.032423147414387,0,Logistic regression,-2.214677789857503,-1.072056983851279,-2.214677789857503,0.0,-1.0710857457870617,0,0,0,0
2024,42756,0.0,1,-0.72240221579146,1,Logistic regression,20.39032026169544,0.6091493111350285,20.39032026169544,0.445,-0.11844870178351852,1,1,1,1
2024,146790,829.41,1,-0.9388719217514583,0,Logistic regression,-1.9199058986624487,-0.9662477232242896,-1.9199058986624487,0.01,-0.34312597541111955,0,0,0,0
2024,60255,12.85,0,-1.097014031981976,0,Logistic regression,-1.3585191423316445,-0.9865630458786687,-1.3585191423316445,0.01,-1.0936978901387948,0,0,0,0
2024,69550,41.0,0,-1.058985540540339,0,Logistic regression,-1.9172874523928223,-1.1027745643526177,-1.9172874523928223,0.0,-0.814620561190535,0,0,0,0
2024,227605,4.69,0,-1.0995564136234623,0,Logistic regression,-1.9565438345146546,-1.0203200642978159,-1.9565438345146546,0.05,-0.4719937747273104,0,0,0,0
2024,23751,85.89,0,-1.1210582854587792,0,Logistic regression,-1.187872002126717,-0.8466739695524376,-1.187872002126717,0.005,-0.45895567111961966,0,0,0,0
2024,243589,15.0,0,-1.591430866733048,0,Logistic regression,-1.7005337843627035,-1.0368203600559145,-1.7005337843627035,0.11,-1.0797202798171652,0,0,0,0
2024,188686,0.76,0,-1.1260249927537846,0,Logistic regression,-1.2089666906288434,-0.8527850927331174,-1.2089666906288434,0.02,-0.5313363043464172,0,0,0,0
2024,242709,1.98,0,-1.1707279563747899,0,Logistic regression,-2.1183105044183117,-1.083895715417937,-2.1183105044183117,0.005,-1.066596815386014,0,0,0,0
2024,138077,11.5,0,-0.8350549015579203,0,Logistic regression,-1.4911881199763897,-0.9195424333181063,-1.4911881199763897,0.105,-0.6147568260850933,0,0,0,0
2024,30137,21.95,0,-1.129610181913741,0,Logistic regression,-1.317105585008139,-0.8923380389493157,-1.317105585008139,0.15,-0.8639845583734576,0,0,0,0
2024,1973,5.0,0,-0.8243381781998144,0,Logistic regression,-1.54698667925509,-0.847371984399756,-1.54698667925509,0.14,-0.825065193155752,0,0,0,0
2024,195355,22.0,0,-1.0255145543823212,0,Logistic regression,-1.3362017836871014,-0.8567862749244879,-1.3362017836871014,0.04,-0.5432180428033639,0,0,0,0
2024,153874,18.31,0,-0.834034196440584,0,Logistic regression,-1.5930904765596425,-1.0671001594985619,-1.5930904765596425,0.045,-0.46403619212954456,0,0,0,0
2024,242587,29.8,0,-1.057358727114592,0,Logistic regression,-1.9765522343030462,-1.0588567682356413,-1.9765522343030462,0.0,-0.8268723318554101,0,0,0,0
2024,14809,8.98,0,-1.0172488874421226,0,Logistic regression,-2.34803152179841,-0.712284158476336,-2.34803152179841,0.015,-0.3287992446177827,0,0,0,1
2024,164077,5.37,0,-0.9057953891767144,0,Logistic regression,-1.7723819935283363,-0.9966095872194356,-1.7723819935283363,0.035,-0.9074291665021175,0,0,0,0
2024,92777,294.9,1,-0.8258735258514587,0,Logistic regression,8.977061302163472,-0.25572077347902006,8.977061302163472,0.39,-0.3232608337126846,0,1,1,1
2024,237366,1.0,0,-1.0438229515786097,0,Logistic regression,-1.1653035960311935,-0.852762340564013,-1.1653035960311935,0.06,-0.528939283586318,0,0,0,0
2024,24420,1.29,0,-1.0600164109235601,0,Logistic regression,-2.0799552807901356,-1.038924246511878,-2.0799552807901356,0.025,-1.2952421863255559,0,0,0,0
2024,216854,495.2,0,-1.0080917677634182,0,Logistic regression,-2.0756457279758136,-0.9484612474707085,-2.0756457279758136,0.005,-0.5096630166571451,0,0,0,0
2024,171801,184.0,0,-1.3341400322197812,0,Logistic regression,-2.26637783670453,-1.0829535801378147,-2.26637783670453,0.025,-1.0630665913750383,0,0,0,0
2024,206086,15.0,0,-1.5648723367089834,0,Logistic regression,-1.4452402513431435,-0.9806090424458797,-1.4452402513431435,0.06,-0.8244097733599751,0,0,0,0
2024,3197,1.0,0,-1.1679088640268804,0,Logistic regression,-2.087862040679237,-1.0639735553009342,-2.087862040679237,0.005,-0.7540181058177362,0,0,0,0
2024,191267,7.18,1,-0.8622512987336698,0,Logistic regression,-1.4867022708519648,-0.8297511014843165,-1.4867022708519648,0.14,-0.3388325072531179,0,0,0,0
2024,79240,11.99,0,-0.8898638269059312,0,Logistic regression,-1.3633305086097125,-0.907602675814178,-1.3633305086097125,0.0,-0.6403573767015887,0,0,0,0
2024,151201,0.89,0,-1.0968524852453265,0,Logistic regression,-1.4968239726137664,-0.9857749989426635,-1.4968239726137664,0.015,-0.6566316962108949,0,0,0,0
2024,126118,24.99,0,-1.0648910073862672,0,Logistic regression,-1.505074211754119,-0.9119383391579141,-1.505074211754119,0.18,-0.9059620386104326,0,0,0,0
2024,65689,2.35,0,-1.0271387592195758,0,Logistic regression,-1.8934074662569207,-1.0979277556476514,-1.8934074662569207,0.0,-0.9049870187507032,0,0,0,0
2024,6472,1.0,1,-0.7221517117007277,1,Logistic regression,3.4978917116757593,0.3966300517959419,3.4978917116757593,0.8,-0.2788889967056542,1,0,1,1
2024,264735,249.0,0,-0.9400860912427063,0,Logistic regression,-1.8600410447892406,-0.9807471628516791,-1.8600410447892406,0.005,-0.5428417162567907,0,0,0,0
2024,279863,390.0,1,-0.5514119176764483,1,Logistic regression,4.053820742349559,0.8324680732592434,4.053820742349559,0.63,-0.07156880517347103,1,0,1,1
2024,212613,16.06,0,-1.331720949043934,0,Logistic regression,-2.1660468324980124,-1.0934404625258698,-2.1660468324980124,0.01,-0.7926463851211709,0,0,0,0
2024,212242,24.99,0,-1.4513155827150745,0,Logistic regression,-1.7640280203376844,-1.001238925237763,-1.7640280203376844,0.12,-0.8500163286836779,0,0,0,0
2024,105157,48.63,0,-1.2321333024192318,0,Logistic regression,-2.0834452604189533,-1.0920607646272087,-2.0834452604189533,0.0,-1.1842677334644751,0,0,0,0
2024,271347,6.48,0,-1.0795523486166403,0,Logistic regression,-2.2233227832754965,-1.1335186417897698,-2.2233227832754965,0.0,-1.1784972983012556,0,0,0,0
2024,226814,667.55,1,-0.7780146614026999,1,Logistic regression,6.9450871552788715,0.5557932778918303,6.9450871552788715,0.4,-0.2818597094916917,1,1,1,1
2024,221983,9.72,0,-1.3264772858048586,0,Logistic regression,-1.8541838200090508,-1.0325901855866517,-1.8541838200090508,0.0,-1.3234963412399923,0,0,0,0
2024,196495,314.3,0,-1.1360399557111442,0,Logistic regression,-1.7855382015959733,-0.9731050591637114,-1.7855382015959733,0.025,-0.8275796002746163,0,0,0,0
2024,108258,0.76,1,-1.079483485513113,0,Logistic regression,-1.5841818129324712,-0.9111636779238906,-1.5841818129324712,0.125,-0.4943977165743215,0,0,0,0
2024,211362,138.0,0,-0.4456273749976083,1,Logistic regression,-1.4553508995895774,-0.9250086600407826,-1.4553508995895774,0.045,-0.5339560170576338,0,0,0,0
2024,88257,31.42,0,-0.7638971024379343,1,Logistic regression,-0.9275244774700351,-0.7956225502520955,-0.9275244774700351,0.035,-0.5539593722646412,0,0,0,0
2024,96677,21.9,0,-1.170792026361367,0,Logistic regression,-2.037981769116881,-1.088304182472255,-2.037981769116881,0.05,-0.8266026068598116,0,0,0,0
2024,42936,59.68,1,-0.8553295639854847,0,Logistic regression,20.43176564277572,-0.41582913492224377,20.43176564277572,0.44,-0.3240006338449868,0,1,1,1
2024,156990,186.13,1,-0.5247643876345393,1,Logistic regression,6.419248578266885,1.1603629198511372,6.419248578266885,0.755,-0.2930756409354125,1,1,1,1
2024,158067,9.99,0,-1.4275377376457952,0,Logistic regression,-2.083885629942977,-1.0988573911264887,-2.083885629942977,0.01,-0.7208427519048484,0,0,0,0
2024,55478,39.98,0,-0.9500928529539538,0,Logistic regression,-1.5196956760136335,-0.9207988486483709,-1.5196956760136335,0.02,-0.923739302871819,0,0,0,0
2024,237241,60.0,0,-1.0478975927644654,0,Logistic regression,-2.399095719874372,-1.0991451621197887,-2.399095719874372,0.01,-0.7306644882091664,0,0,0,0
2024,178392,25.0,0,-1.2217228618523766,0,Logistic regression,-2.413010883680057,-1.181221524321069,-2.413010883680057,0.005,-0.5763135944014772,0,0,0,0
2024,47800,6.99,0,-1.0372873297572467,0,Logistic regression,-2.1009500317749517,-1.042719760584005,-2.1009500317749517,0.015,-1.2173318733834007,0,0,0,0
2024,51634,1.5,0,-0.9260625123777457,0,Logistic regression,-1.8113763797227764,-1.0434368012638795,-1.8113763797227764,0.115,-0.9694419230633131,0,0,0,0
2024,151536,0.01,0,-0.9218206168340609,0,Logistic regression,-1.1577614843777102,-1.0128068771035035,-1.1577614843777102,0.0,-0.5848699123726361,0,0,0,0
2024,20813,2.49,0,-1.1472170246630586,0,Logistic regression,-1.9714419138369603,-1.0583793422319423,-1.9714419138369603,0.01,-1.0539497849938781,0,0,0,0
2024,193731,120.3,0,-0.9858919331812015,0,Logistic regression,-1.496764070386413,-0.9551469790860881,-1.496764070386413,0.075,-0.4279676834012841,0,0,0,0
2024,141257,0.0,1,-0.7857929049247164,1,Logistic regression,12.348417202942827,0.04701150749089533,12.348417202942827,0.69,-0.32314913926811595,0,1,1,1
2024,209899,1.0,0,-1.1679091895877096,0,Logistic regression,-2.2255790647531146,-1.0934797734711226,-2.2255790647531146,0.04,-0.6095427295691551,0,0,0,0
2024,235644,122.68,1,-0.48469992237707943,1,Logistic regression,6.457483165091263,1.207952162587251,6.457483165091263,0.735,0.18123018192824697,1,1,1,1
2024,206682,12.99,0,-1.2385418757066955,0,Logistic regression,-2.1346090482580604,-1.0667287531092593,-2.1346090482580604,0.0,-1.3049997739543113,0,0,0,0
2024,262733,60.97,0,0.07781813299625817,1,Logistic regression,-1.4685423466463658,-0.87415861400276,-1.4685423466463658,0.08,-0.5366409900585403,0,0,0,0
2024,176785,141.78,0,-1.0983700970522277,0,Logistic regression,-2.421564282600282,-1.0439152887771344,-2.421564282600282,0.04,-0.69302539609146,0,0,0,0
2024,263568,45.04,0,-0.9728697484900237,0,Logistic regression,-1.9032112148453824,-1.0160341510110296,-1.9032112148453824,0.015,-0.5141154075041248,0,0,0,0
2024,263809,253.05,0,-1.1343700210097798,0,Logistic regression,-2.498511882667324,-1.1781936871957854,-2.498511882667324,0.0,-0.3753000259540575,0,0,0,0
2024,8615,1.0,1,-0.9256097953182073,0,Logistic regression,19.44762792134295,-0.229273878815908,19.44762792134295,0.695,-0.32552862437960883,0,1,1,1
2024,182004,8.99,0,-0.96547652491461,0,Logistic regression,-1.4516846103677492,-0.9243684359438362,-1.4516846103677492,0.025,-0.9929168629356295,0,0,0,0
2024,235176,449.64,0,-1.2245528843486913,0,Logistic regression,-2.9729381036469693,-1.1500617153618808,-2.9729381036469693,0.005,-0.8608224559080839,0,0,0,0
2024,253018,16.0,0,-1.3165732896718039,0,Logistic regression,-2.266592197638571,-1.0703363593773039,-2.266592197638571,0.02,-0.9980689868269019,0,0,0,0
2024,242149,9.99,0,-1.123433235927052,0,Logistic regression,-1.7836904969413052,-1.1031471476210957,-1.7836904969413052,0.015,-0.5899291432788596,0,0,0,0
2024,88263,0.99,0,-1.0209029959497837,0,Logistic regression,-1.795115304786834,-1.005678600022678,-1.795115304786834,0.0,-1.031772718395895,0,0,0,0
2024,37116,160.0,0,-1.1479489334746518,0,Logistic regression,-1.7475008488260546,-1.0284497690908356,-1.7475008488260546,0.0,-0.8701845448422867,0,0,0,0
2024,97266,8.99,0,-0.9568454845734657,0,Logistic regression,-1.957400978140777,-1.0382686367839091,-1.957400978140777,0.0,-1.1207433263599205,0,0,0,0
2024,9897,0.0,0,-1.097354428676914,0,Logistic regression,-2.69546153092718,-1.2240017555924492,-2.69546153092718,0.0,-0.533853957638819,0,0,0,0
2024,35774,45.0,0,-1.2427956563239346,0,Logistic regression,-2.3014711045440084,-1.109525609264379,-2.3014711045440084,0.0,-1.0302072322486773,0,0,0,0
2024,4588,10.0,0,-1.1931810741026527,0,Logistic regression,-1.6143720647285917,-0.9854308226211901,-1.6143720647285917,0.01,-0.6268530299166668,0,0,0,0
2024,231296,12.0,0,-0.8708509188835699,0,Logistic regression,-1.8839486223842152,-0.9770615853069607,-1.8839486223842152,0.04,-0.4667163309377284,0,0,0,0
2024,124703,13.26,0,-0.906796591935382,0,Logistic regression,-2.0973901494351423,-1.0919751707128884,-2.0973901494351423,0.0,-1.3007450425602785,0,0,0,0
2024,151006,1.0,1,-0.8933235305429417,0,Logistic regression,25.498453700287502,-0.512004798174897,25.498453700287502,0.525,-0.32555014193320037,0,1,1,1
2024,139127,24.99,0,-1.2363443282360311,0,Logistic regression,-1.8700363575139844,-1.011674837735164,-1.8700363575139844,0.025,-0.8207760242366066,0,0,0,0
2024,143793,8.99,0,-1.0874943245695439,0,Logistic regression,-1.695424059532857,-0.933566571487326,-1.695424059532857,0.055,-0.5776637467896235,0,0,0,0
2024,214880,2.99,0,-0.8865750984247244,0,Logistic regression,-2.164083800819344,-1.0786053585334656,-2.164083800819344,0.015,-0.9811915774258324,0,0,0,0
2024,64460,99.99,1,-0.8555073524626485,0,Logistic regression,9.080709015004219,-0.3792688325278807,9.080709015004219,0.465,-0.3253752190304512,0,1,1,1
2024,39504,24.5,0,-0.6398734914265278,1,Logistic regression,-1.8614097605751272,-1.0043173251796786,-1.8614097605751272,0.03,-0.5537211937451803,0,0,0,0
2024,81908,2.69,0,-0.943723978203723,0,Logistic regression,-2.382888216284698,-1.130120886762095,-2.382888216284698,0.0,-1.1597264304043655,0,0,0,0
2024,126373,1.0,0,-1.0195352177494488,0,Logistic regression,-1.5770116239175063,-1.0024307064454725,-1.5770116239175063,0.005,-0.8201000103603896,0,0,0,0
2024,223366,1.0,1,-0.6789851453740239,1,Logistic regression,3.073928599564886,0.4286040768674837,3.073928599564886,0.63,-0.2717054540934668,1,0,1,1
2024,220642,66.0,0,-0.9196354310216474,0,Logistic regression,-2.464422956422122,-1.1605479360375444,-2.464422956422122,0.0,-1.0552976087615833,0,0,0,0
2024,255269,31.52,0,-0.8732757666453693,0,Logistic regression,-1.6417257328394457,-1.0242986012463524,-1.6417257328394457,0.005,-0.5777334851878422,0,0,0,0
2024,235026,78.03,0,-1.0419142542951807,0,Logistic regression,-1.884589343713445,-1.123256849739676,-1.884589343713445,0.0,-0.8177591333066219,0,0,0,0
2024,18868,45.96,0,-1.19642986079419,0,Logistic regression,-1.5527811275106012,-0.9873902260370191,-1.5527811275106012,0.04,-0.9777845739592774,0,0,0,0
2024,143642,3.0,0,-1.0530564469445733,0,Logistic regression,-1.110141588215457,-0.8146468952875057,-1.110141588215457,0.025,-0.7158117098919916,0,0,0,0
2024,106615,118.9,0,-1.1256277811337785,0,Logistic regression,-1.4664211203478632,-0.9334716559892304,-1.4664211203478632,0.025,-0.957262234388732,0,0,0,0
2024,266984,49.22,0,-1.091605361804898,0,Logistic regression,-1.6201945195629803,-0.9541260536176537,-1.6201945195629803,0.06,-0.6108393977969411,0,0,0,0
2024,185079,16.32,0,-0.9270804421343377,0,Logistic regression,-1.9301256141954592,-1.0061343741328368,-1.9301256141954592,0.025,-0.6684748796626985,0,0,0,0
2024,249476,301.51,0,-1.160012132128195,0,Logistic regression,-1.8691545553879523,-1.0249810275840208,-1.8691545553879523,0.045,-0.48284554881213065,0,0,0,0
2024,174478,2.36,0,-1.4160058807505664,0,Logistic regression,-1.4683510302268312,-0.9268453745598147,-1.4683510302268312,0.02,-0.6170977612154849,0,0,0,0
2024,264612,4.99,0,-1.0721202401396894,0,Logistic regression,-2.2205346541933353,-1.0975605563761177,-2.2205346541933353,0.01,-1.1003278378032553,0,0,0,0
2024,219892,0.76,1,-0.9477147786483417,0,Logistic regression,-0.8055153217724479,-0.7992664400835449,-0.8055153217724479,0.045,-0.38666664703546083,0,0,0,0
2024,27342,9.99,0,-1.2395886013533615,0,Logistic regression,-2.0344279773620695,-1.0895330166461095,-2.0344279773620695,0.0,-1.105259504475034,0,0,0,0
2024,16932,12.99,0,-0.9549586737143053,0,Logistic regression,-2.1235187012034533,-1.0483317589972523,-2.1235187012034533,0.03,-0.8624050949309023,0,0,0,0
2024,196650,47.96,0,-1.3953165481715692,0,Logistic regression,-2.34246571217174,-1.1251329714728326,-2.34246571217174,0.02,-0.9935551431716378,0,0,0,0
2024,171437,54.0,0,-1.4005919762946242,0,Logistic regression,-1.935642362420864,-1.076437508893515,-1.935642362420864,0.01,-1.0487685429992921,0,0,0,0
2024,76878,46.78,0,-0.21607686980449392,1,Logistic regression,-1.5053491452254169,-0.9671171856729,-1.5053491452254169,0.07,-0.900125943524138,0,0,0,0
2024,163586,65.0,1,-0.16741787334727176,1,Logistic regression,4.410827396194693,1.0561756241531044,4.410827396194693,0.88,0.05467275842834879,1,0,1,1
2024,209312,3104.97,0,-0.927250939838316,0,Logistic regression,-3.7585778573488726,-0.7011468935916968,-3.7585778573488726,0.05,-0.3255501419332006,0,0,0,1
2024,88063,9.35,0,-1.0626701555385685,0,Logistic regression,-1.9857990627307136,-1.0194880517193035,-1.9857990627307136,0.015,-0.679235643092418,0,0,0,0
2024,215132,723.21,1,-0.8857212663867675,0,Logistic regression,4.35203802658881,0.24542177407872667,4.35203802658881,0.605,-0.30802992393157647,1,0,1,1
2024,231125,4.29,0,-1.0594231281653166,0,Logistic regression,-2.654133395533447,-1.2036374719137104,-2.654133395533447,0.0,-0.7261368376796431,0,0,0,0
2024,20069,10.0,0,-1.0501423817252133,0,Logistic regression,-2.3799900764347597,-1.1746445831327055,-2.3799900764347597,0.0,-0.7295006239094348,0,0,0,0
2024,20232,91.28,0,-1.1674028728637564,0,Logistic regression,-2.6024991428741195,-1.1008506188967142,-2.6024991428741195,0.03,-0.6230623654658256,0,0,0,0
2024,259395,1.98,0,-1.4326866006870769,0,Logistic regression,-2.059650901589735,-1.0836598472034147,-2.059650901589735,0.005,-1.264377660894285,0,0,0,0
2024,184379,25.0,1,-0.3791324677561303,1,Logistic regression,2.8888406044184327,0.40764897188878846,2.8888406044184327,0.565,-0.25974834350269344,1,0,1,1
2024,243749,1.0,1,-0.6579499891192039,1,Logistic regression,7.475715550177828,-0.035533245224536325,7.475715550177828,0.485,-0.32544120004818133,0,1,1,1
2024,62679,11.38,0,-1.1399945055205833,0,Logistic regression,-1.687020906808643,-1.0274189050098248,-1.687020906808643,0.01,-0.7850574921526373,0,0,0,0
2024,133796,37.6,0,-1.2862313823098277,0,Logistic regression,-1.691158333521693,-0.9792915529177528,-1.691158333521693,0.0,-0.9799063832020747,0,0,0,0
2024,120600,30.0,0,-1.2831629380364626,0,Logistic regression,-1.5834887094813497,-1.0600709297911797,-1.5834887094813497,0.015,-0.8740422363119951,0,0,0,0
2024,74825,114.65,0,-0.8289106685117048,0,Logistic regression,-1.273228902279253,-0.9178638678092419,-1.273228902279253,0.01,-0.35414136477806185,0,0,0,0
2024,280995,8.98,0,-1.1247304927826236,0,Logistic regression,-1.8883905523466424,-1.0494369324991335,-1.8883905523466424,0.005,-1.1356014591947556,0,0,0,0
2024,246191,2.85,0,-0.8904261594057211,0,Logistic regression,-2.693728082802071,-1.204411521745551,-2.693728082802071,0.01,-0.40216637169728936,0,0,0,0
2024,170077,188.72,0,-0.7499933876033369,1,Logistic regression,-1.7556307371012778,-1.0398587592742303,-1.7556307371012778,0.01,-0.7892659971950431,0,0,0,0
2024,154684,0.01,1,-0.7989035074520731,0,Logistic regression,34.57053714551905,-0.5120048125863689,34.57053714551905,0.685,-0.32555014193320037,0,1,1,1
2024,255609,369.72,0,-0.9010544795467194,0,Logistic regression,-1.8266704470508102,-1.0387768000922444,-1.8266704470508102,0.01,-0.6579609381068166,0,0,0,0
2024,91956,161.01,0,-0.9624601656391794,0,Logistic regression,-1.862332742348931,-0.9548908742102169,-1.862332742348931,0.0,-0.5335484666060921,0,0,0,0
2024,89676,166.48,0,-1.2462735022345615,0,Logistic regression,-1.8640635765602214,-1.0174041234887614,-1.8640635765602214,0.03,-0.9506766477905786,0,0,0,0
2024,48094,24.9,1,-0.4375701925244794,1,Logistic regression,3.787557422110635,0.9089864093150871,3.787557422110635,0.96,0.19842502759911468,1,0,1,1
2024,261409,42.81,0,-1.265536692010737,0,Logistic regression,-2.248351140442429,-1.1102052475916357,-2.248351140442429,0.02,-1.0547115286476774,0,0,0,0
2024,260761,9.99,0,-0.37405450285080527,1,Logistic regression,-1.7937449345281442,-0.9545436794110322,-1.7937449345281442,0.08,-0.6174442026455441,0,0,0,0
2024,67472,62.95,0,-1.1387629731389868,0,Logistic regression,-1.843210667991063,-1.0085922404566128,-1.843210667991063,0.0,-0.8733704763499384,0,0,0,0
2024,53218,7.98,0,-1.0282985864809113,0,Logistic regression,-1.651688443610996,-0.8728871226638997,-1.651688443610996,0.075,-1.1036934706296324,0,0,0,0
2024,118957,10.75,0,-1.100904717023627,0,Logistic regression,-1.9585445620094448,-1.0525795342276845,-1.9585445620094448,0.0,-0.9844021044465039,0,0,0,0
2024,166322,11.95,0,-1.0943975150839078,0,Logistic regression,-2.326492050297578,-1.1013005471239758,-2.326492050297578,0.005,-1.024173976965122,0,0,0,0
2024,221018,320.01,1,-0.34088422307569194,1,Logistic regression,7.0920087552120865,1.2261928443693515,7.0920087552120865,0.83,-0.2835137536084234,1,1,1,1
2024,10265,1.98,0,-1.2020530686470858,0,Logistic regression,-1.9433064566280114,-1.0382442674182912,-1.9433064566280114,0.005,-0.7998052858614321,0,0,0,0
2024,38192,28.75,0,-1.213292610093461,0,Logistic regression,-1.4840123918722052,-1.0031421591326333,-1.4840123918722052,0.0,-0.931537743276087,0,0,0,0
2024,117421,1.0,0,-1.02748298143569,0,Logistic regression,-3.021789621090851,-1.152345353253367,-3.021789621090851,0.01,-0.5895135791906042,0,0,0,0
2024,61161,15.17,0,-1.2980358527449791,0,Logistic regression,-2.5624515572656588,-1.2007210172677865,-2.5624515572656588,0.0,-0.6335529506465756,0,0,0,0
2024,77916,51.09,0,-1.2121269967911066,0,Logistic regression,-2.089897325671468,-1.039086091905885,-2.089897325671468,0.015,-0.8147006823856384,0,0,0,0
2024,283014,99.99,0,-0.1220519673363466,1,Logistic regression,-2.035731452130255,-0.9754028310460381,-2.035731452130255,0.16,-0.5307397836363332,0,0,0,0
2024,187802,9.99,0,-1.0366642526340284,0,Logistic regression,-1.2583904670129182,-0.8316874156137153,-1.2583904670129182,0.21,-0.5670607911435712,0,0,0,0
2024,36142,12.0,0,-0.9703513194837715,0,Logistic regression,-2.2506023512482005,-1.1393809730454418,-2.2506023512482005,0.0,-0.8074344600003937,0,0,0,0
2024,84760,100.0,0,-0.79904880089698,0,Logistic regression,-2.053447905973754,-0.9506204420595261,-2.053447905973754,0.025,-0.6357333537423389,0,0,0,0
2024,149411,45.9,0,-1.0330430199312801,0,Logistic regression,-3.555055101052381,-1.2201279295591752,-3.555055101052381,0.02,-0.4776275788829784,0,0,0,0
2024,9487,1.0,1,-0.776575733225481,1,Logistic regression,19.63182593472009,-0.19151140082808088,19.63182593472009,0.7,-0.32524103216173156,0,1,1,1
2024,221052,0.74,0,-0.8793274685349496,0,Logistic regression,-1.6223179568522967,-0.7380053636520558,-1.6223179568522967,0.025,-0.32820506270387784,0,0,0,1
2024,113563,30.0,0,-1.040483726827717,0,Logistic regression,-1.4957151065893022,-0.9020659325650291,-1.4957151065893022,0.115,-0.8653275471837991,0,0,0,0
2024,59506,44.0,0,-1.0731734572013847,0,Logistic regression,-1.8088347933053601,-0.9694498607045767,-1.8088347933053601,0.01,-0.6467839217503838,0,0,0,0
2024,255850,0.89,0,-1.1998452445626553,0,Logistic regression,-2.562022707051953,-1.177019683566352,-2.562022707051953,0.0,-1.020574882085168,0,0,0,0
2024,120528,37.15,0,-1.093285101849143,0,Logistic regression,-2.484623375010258,-1.179508992924228,-2.484623375010258,0.0,-0.7855334259159101,0,0,0,0
2024,225060,48.0,0,-1.1385436276986498,0,Logistic regression,-1.2918393291526087,-0.9473685630005777,-1.2918393291526087,0.005,-0.9246857533942321,0,0,0,0
2024,245066,3.99,0,-1.2124006514051404,0,Logistic regression,-2.038787785386833,-1.0412275777427364,-2.038787785386833,0.035,-1.155628564963979,0,0,0,0
2024,186885,9.0,0,-1.3351307562518,0,Logistic regression,-2.183842487365024,-1.0955027179869972,-2.183842487365024,0.07,-0.7431136030487262,0,0,0,0
2024,277125,35.0,0,-1.3563734351768955,0,Logistic regression,-2.2038597394635184,-1.1260434117726483,-2.2038597394635184,0.005,-1.0367251951308913,0,0,0,0
2024,114506,72.6,0,-1.2031061168179977,0,Logistic regression,-2.38610271086963,-1.0891346380849638,-2.38610271086963,0.01,-0.9957485998357856,0,0,0,0
2024,232046,708.99,0,-1.4643910936053288,0,Logistic regression,-3.1838347785945778,-1.0784209175853108,-3.1838347785945778,0.0,-0.7267265405115308,0,0,0,0
2024,8972,179.66,1,-0.9116929238116955,0,Logistic regression,2.761969460999884,-0.614637765205765,2.761969460999884,0.32,-0.3255673362100465,0,0,1,1
2024,277197,24.62,0,-1.1255717192364176,0,Logistic regression,-2.7002044049759553,-1.1659026527991627,-2.7002044049759553,0.0,-0.764159032646736,0,0,0,0
2024,8845,30.39,1,-0.7258718064080147,1,Logistic regression,9.409075481604091,0.5605188336371437,9.409075481604091,0.405,-0.32178544291431666,1,1,1,1
2024,39885,264.99,0,-1.5850095742501789,0,Logistic regression,-2.350873916171738,-1.1310085310226192,-2.350873916171738,0.0,-0.6973125953424801,0,0,0,0
2024,14104,3.12,1,-0.7571244294162067,1,Logistic regression,-1.8470620610176527,-0.9906489775480639,-1.8470620610176527,0.005,-0.4339360534603621,0,0,0,0
2024,257467,72.0,0,-0.9749620474046937,0,Logistic regression,-2.1524093518968948,-1.1685763934218054,-2.1524093518968948,0.0,-0.7221634141551772,0,0,0,0
2024,244004,1.0,1,-0.6982086144359683,1,Logistic regression,7.510603029365329,-0.05053441168543171,7.510603029365329,0.41,-0.32539560091447983,0,1,1,1
2024,15539,99.99,1,-0.8186177309447276,0,Logistic regression,16.47994462546882,-0.51128383909962,16.47994462546882,0.425,-0.32555014193283255,0,1,1,1
2024,224681,0.89,0,-0.7980116563022013,0,Logistic regression,-1.7360568103608938,-1.0136447874094143,-1.7360568103608938,0.01,-1.0210708688847194,0,0,0,0
2024,141258,0.0,1,-0.7857929049247164,1,Logistic regression,12.348417202942827,0.04701150749089533,12.348417202942827,0.69,-0.32314913926811595,0,1,1,1
2024,275083,10.0,0,-0.9409711670957085,0,Logistic regression,-2.585642065136515,-1.1517815715399462,-2.585642065136515,0.005,-0.6325618670388575,0,0,0,0
2024,160970,1.0,0,-0.5962750871568404,1,Logistic regression,-1.7962228983547517,-1.0143437079997402,-1.7962228983547517,0.0,-0.7982490375838824,0,0,0,0
2024,199703,2.28,0,-1.1048909918701613,0,Logistic regression,-1.932683223056301,-1.0339406364526744,-1.932683223056301,0.01,-0.7290021880122607,0,0,0,0
2024,12275,11.85,0,-0.9816921648034895,0,Logistic regression,-2.3099472369115412,-1.1463265854365976,-2.3099472369115412,0.01,-0.6563970357861888,0,0,0,0
2024,108100,23.42,0,-1.0328834072302036,0,Logistic regression,-2.391438229073766,-1.1682109391181497,-2.391438229073766,0.0,-0.8600909936283301,0,0,0,0
2024,40217,1.0,0,-1.104748296030733,0,Logistic regression,-2.0607419550665007,-1.0652834488411753,-2.0607419550665007,0.09,-0.6147829695561934,0,0,0,0
2024,176831,9.99,0,-1.0587248539886822,0,Logistic regression,-2.0195936171420845,-1.1045322162436229,-2.0195936171420845,0.0,-0.8832132858576771,0,0,0,0
2024,274585,0.0,0,-1.0761917735857938,0,Logistic regression,-3.0958532266231895,-1.206614707540265,-3.0958532266231895,0.01,-0.5673009619429235,0,0,0,0
2024,169457,11789.84,0,-0.7972982665020946,0,Logistic regression,-26.669213688441253,-0.5120073843196962,-26.669213688441253,0.0,-0.32555014193320037,0,0,0,1
2024,195515,162.03,0,-1.150556823464726,0,Logistic regression,-1.9968970899372334,-1.019050378396898,-1.9968970899372334,0.005,-0.5146590289606459,0,0,0,0
2024,258238,148.22,0,-0.8926122887776087,0,Logistic regression,-2.85306480100874,-1.142899292411948,-2.85306480100874,0.0,-0.5290748251303988,0,0,0,0
2024,236600,31.07,0,-1.315069568305884,0,Logistic regression,-1.732354778337069,-0.9882983674357073,-1.732354778337069,0.0,-1.0293684905935843,0,0,0,0
2024,237691,4.46,0,-1.1263317024324082,0,Logistic regression,-1.7219739724549916,-0.9445320009969176,-1.7219739724549916,0.06,-0.4301924631189602,0,0,0,0
2024,219460,4.76,0,-1.1806862930735305,0,Logistic regression,-1.6644147716319386,-1.1078665387451088,-1.6644147716319386,0.0,-0.8043335041738613,0,0,0,0
2024,247995,51.37,1,0.2881710942855399,1,Logistic regression,2.783785950580776,0.7169054922659704,2.783785950580776,0.815,-0.011700304891965219,1,0,1,1
2024,195532,307.68,0,-1.2186764256335234,0,Logistic regression,-1.3977783527156897,-1.0320236518246333,-1.3977783527156897,0.1,-0.7790062664083931,0,0,0,0
2024,27855,69.99,0,-1.1121684493623678,0,Logistic regression,-2.5586652630568736,-1.1587701478668722,-2.5586652630568736,0.02,-0.7420565438437576,0,0,0,0
2024,64232,12.31,0,0.19161887022483837,1,Logistic regression,-1.4778516382196314,-0.88549269138754,-1.4778516382196314,0.23,-0.9972501085186811,0,0,1,0
2024,184440,1.5,0,-1.3022511620147987,0,Logistic regression,-2.3112762889113103,-1.1279458316674278,-2.3112762889113103,0.03,-0.9318551255666696,0,0,0,0
2024,154234,1.0,1,-0.6907016805422136,1,Logistic regression,28.489803247068544,-0.5120048125430072,28.489803247068544,0.775,-0.32555014193320037,0,1,1,1
2024,43204,106.55,1,-0.9037313219487639,0,Logistic regression,19.65926810801711,-0.5076326917177519,19.65926810801711,0.425,-0.32554985333342434,0,1,1,1
2024,167673,14.02,0,0.051277109393938924,1,Logistic regression,-1.7149634036506698,-0.998646370407465,-1.7149634036506698,0.015,-1.1531974671153569,0,0,0,0
2024,245691,14.49,0,-0.6670344721969634,1,Logistic regression,-1.7474188091274345,-0.9695347310053606,-1.7474188091274345,0.025,-0.6163404576642613,0,0,0,0
2024,116404,311.28,1,-0.6286160760850826,1,Logistic regression,3.384717980927199,0.09967676803464665,3.384717980927199,0.52,-0.2449264496172181,0,0,1,1
2024,71295,219.0,0,-1.01281955813456,0,Logistic regression,-2.599827893298402,-1.112823365436649,-2.599827893298402,0.0,-0.7504728507649298,0,0,0,0
2024,270776,0.99,0,-1.2917669647576395,0,Logistic regression,-2.110218593534606,-1.106594363320649,-2.110218593534606,0.01,-0.8677892808892089,0,0,0,0
2024,151009,1.0,1,-0.8933235305429417,0,Logistic regression,25.498453700287502,-0.512004798174897,25.498453700287502,0.525,-0.32555014193320037,0,1,1,1
2024,58892,16.04,0,-0.8121754925669437,0,Logistic regression,-1.1899728734689416,-1.002054401739238,-1.1899728734689416,0.015,-0.803918044573664,0,0,0,0
2024,265886,25.59,0,-0.778372949155222,1,Logistic regression,-1.975728655961799,-1.0154663373852921,-1.975728655961799,0.015,-0.54441683579214,0,0,0,0
2024,241445,10.7,1,-0.7153388012637875,1,Logistic regression,5.6836092287977795,0.8574792303116713,5.6836092287977795,0.58,-0.02333868888150281,1,1,1,1
2024,35043,246.5,0,-1.019631407214857,0,Logistic regression,-3.2265023827243384,-1.2394364234481734,-3.2265023827243384,0.0,-0.9503897516339186,0,0,0,0
2024,2210,220.0,0,-1.196461090263039,0,Logistic regression,-2.40725314068039,-1.096967395037474,-2.40725314068039,0.015,-1.084922039533697,0,0,0,0
2024,221991,114.91,0,-1.39755476042623,0,Logistic regression,-2.5836127362523147,-1.1797522579608803,-2.5836127362523147,0.0,-1.2029503247653779,0,0,0,0
2024,40104,85.8,0,-1.0701481177532417,0,Logistic regression,-2.0260393656846505,-1.0593515230839163,-2.0260393656846505,0.005,-0.6896126213436369,0,0,0,0
2024,250744,0.0,0,-0.8908938682460024,0,Logistic regression,-0.9009861594312121,-0.8270451782624083,-0.9009861594312121,0.105,-0.544622311705828,0,0,0,0
2024,253533,29.0,0,-0.7994232281087426,0,Logistic regression,-1.498411203357965,-0.9567614927688964,-1.498411203357965,0.09,-1.0229689747219568,0,0,0,0
2024,133355,12.99,0,-1.0358389720487136,0,Logistic regression,-1.3564475263580773,-0.8892316533330336,-1.3564475263580773,0.015,-1.0707759173517108,0,0,0,0
2024,27749,19.02,1,-0.8322862616311201,0,Logistic regression,11.38728667624513,0.615249457046359,11.38728667624513,0.81,-0.31796356894269534,1,1,1,1
2024,80867,118.65,0,-0.9873673891028392,0,Logistic regression,-2.722073311272017,-1.172077748808303,-2.722073311272017,0.0,-0.8337570195772066,0,0,0,0
2024,18809,30.3,1,0.11134560217949696,1,Logistic regression,4.180133113890853,0.9560725112223004,4.180133113890853,0.84,-0.21496327114728836,1,0,1,1
2024,231987,26.0,0,-1.5874353464282795,0,Logistic regression,-1.8446142638058718,-1.064844070254905,-1.8446142638058718,0.05,-1.0880403139082306,0,0,0,0
2024,177620,5.42,0,-1.164058511351363,0,Logistic regression,-2.4868101439447448,-1.171209581874304,-2.4868101439447448,0.005,-0.4944078880413356,0,0,0,0
2024,157871,80.22,1,-0.4704707655834798,1,Logistic regression,5.822553580692983,0.9511692740012668,5.822553580692983,0.7,-0.16216510044574914,1,1,1,1
2024,161845,88.0,0,-1.2056591098282787,0,Logistic regression,-1.7804941873662505,-1.0432893207558103,-1.7804941873662505,0.0,-1.0180915139746383,0,0,0,0
2024,87130,9.99,0,-1.2746702091429603,0,Logistic regression,-1.760171528689782,-1.02887917658177,-1.760171528689782,0.0,-1.2689041785856263,0,0,0,0
2024,7533,31.1,0,-1.0363425345335078,0,Logistic regression,-2.430222898766435,-1.09292751471009,-2.430222898766435,0.04,-0.8089792974845803,0,0,0,0
2024,204176,0.89,0,-1.2589824005777375,0,Logistic regression,-2.768495623365914,-1.2079567785694798,-2.768495623365914,0.005,-0.8425102539656373,0,0,0,0
2024,148180,118.8,0,-1.0230686466196155,0,Logistic regression,-2.633434509079291,-1.1737492246410546,-2.633434509079291,0.0,-0.8063868623643902,0,0,0,0
2024,68067,519.9,1,-1.0034689103064347,0,Logistic regression,-2.6535321697575593,-1.0839381895771978,-2.6535321697575593,0.075,-0.5224713046173854,0,0,0,0
2025,10325,100.0,0,-0.9106465099034322,0,RBF-SVM,-0.981561778992132,-0.981561778992132,-4.273386124849028,0.0,-0.41551252981005216,0,0,0,0
2025,189194,4.49,0,-1.023506050726242,0,RBF-SVM,-1.0780213204162385,-1.0780213204162385,-2.9638150822346625,0.0,-1.0641209730065513,0,0,0,0
2025,37827,166.35,0,-1.0317243324712024,0,RBF-SVM,-1.1391835356518831,-1.1391835356518831,-2.8987633363820215,0.0,-0.8421478082423017,0,0,0,0
2025,123238,1.0,1,-0.7565771509106165,0,RBF-SVM,-0.17717658977342238,-0.17717658977342238,-2.3356576388605648,0.28,-0.3694808328256642,0,0,0,1
2025,70141,112.45,1,-0.33715810958576076,1,RBF-SVM,0.42595200275021594,0.42595200275021594,1.1832958004426604,0.54,-0.22707310434977246,1,1,1,1
2025,68538,22.99,0,-1.0552717710004078,0,RBF-SVM,-1.183641514385256,-1.183641514385256,-2.9175481253603497,0.0,-0.9509632653065251,0,0,0,0
2025,192529,1.0,1,-0.540052532018998,1,RBF-SVM,0.9662969755035833,0.9662969755035833,3.460431319974614,0.985,-0.3002514757121882,1,1,1,1
2025,175963,12.6,0,-1.0258086917178857,0,RBF-SVM,-1.2481431083828853,-1.2481431083828853,-3.7181898207005473,0.0,-0.9537441629444288,0,0,0,0
2025,31217,69.22,0,-0.9261967679739553,0,RBF-SVM,-0.9202212318704099,-0.9202212318704099,-2.8428434851897757,0.035,-0.7632005654118155,0,0,0,0
2025,191690,0.0,1,-0.37048031570403855,1,RBF-SVM,0.9996355791069422,0.9996355791069422,3.1796683594727395,0.985,0.16106307821042154,1,1,1,1
2025,260339,200.0,0,-1.0213267876878542,0,RBF-SVM,-1.0708277993863795,-1.0708277993863795,-3.314448660678715,0.0,-0.41454546397792547,0,0,0,0
2025,42958,9.99,1,-0.5783707546907007,1,RBF-SVM,0.349767476848363,0.349767476848363,11.350303714078091,0.765,-0.3187793430722977,1,1,1,1
2025,138015,25.0,0,-0.9052289638956317,0,RBF-SVM,-1.1291339950265862,-1.1291339950265862,-3.823371292631686,0.0,-0.6665738268497867,0,0,0,0
2025,15638,13.98,0,-0.786113139384132,0,RBF-SVM,0.3277680280958544,0.3277680280958544,-2.0307563767212935,0.245,-0.31885302221270995,1,0,0,1
2025,224746,11.4,0,-0.9654567723245766,0,RBF-SVM,-1.0362428735367217,-1.0362428735367217,-2.630730383974801,0.0,-0.6004818658175655,0,0,0,0
2025,171775,9.12,0,-0.9704906076970541,0,RBF-SVM,-1.144167012003133,-1.144167012003133,-3.153632482134716,0.0,-1.1236119294587774,0,0,0,0
2025,145971,50.05,0,-1.1139552131530945,0,RBF-SVM,-1.3009774055043586,-1.3009774055043586,-3.279328995692492,0.0,-1.0497877491487682,0,0,0,0
2025,12116,11.85,0,-0.8513953967580478,0,RBF-SVM,-0.9355431879398406,-0.9355431879398406,-3.9961803353812644,0.0,-0.6550751018454246,0,0,0,0
2025,269619,1.0,0,-0.9650211224081644,0,RBF-SVM,-1.237931914724806,-1.237931914724806,-3.7551822234700696,0.0,-0.769648838882524,0,0,0,0
2025,69395,35.0,0,-1.0948635286747856,0,RBF-SVM,-1.1814823438886026,-1.1814823438886026,-3.674936807901932,0.0,-0.8378433212608992,0,0,0,0
2025,74648,18.81,0,-0.9856559820064907,0,RBF-SVM,-1.3038595885088788,-1.3038595885088788,-3.4517701064510815,0.0,-0.900724497209464,0,0,0,0
2025,205800,102.7,0,-0.9602691361050537,0,RBF-SVM,-1.1996477350363355,-1.1996477350363355,-3.012306686281051,0.0,-0.5079783211663307,0,0,0,0
2025,94218,720.38,1,-0.8079557605985628,0,RBF-SVM,0.28155206612094597,0.28155206612094597,-0.07935484529715087,0.51,-0.3187793430722972,1,0,1,1
2025,75816,39.0,0,-1.1017636554072352,0,RBF-SVM,-1.3228404229537736,-1.3228404229537736,-3.3529099704722056,0.0,-1.075979939744165,0,0,0,0
2025,73738,121.67,0,-1.0273198669133412,0,RBF-SVM,-1.1938637070363602,-1.1938637070363602,-3.356816085241112,0.0,-0.8024450711093177,0,0,0,0
2025,131697,1.98,0,-0.9929764920763009,0,RBF-SVM,-1.2380972897164717,-1.2380972897164717,-3.2466610418848476,0.0,-1.2715798476926388,0,0,0,0
2025,191815,38.63,0,-0.878592338306677,0,RBF-SVM,-1.212127642061674,-1.212127642061674,-3.1189858355884135,0.0,-0.7557226830308128,0,0,0,0
2025,76004,8.94,0,-1.0129294439136713,0,RBF-SVM,-1.2077374933380363,-1.2077374933380363,-3.347286987062723,0.0,-1.0169209684238383,0,0,0,0
2025,131364,13.73,0,-1.0173062497270766,0,RBF-SVM,-1.1986809174729707,-1.1986809174729707,-3.350128723687566,0.0,-0.5055947718321866,0,0,0,0
2025,256373,321.78,0,-0.9533435481112134,0,RBF-SVM,-1.2267942015365976,-1.2267942015365976,-3.2572044679456194,0.0,-0.4756302606559073,0,0,0,0
2025,26649,147.72,0,-1.0713517893210727,0,RBF-SVM,-1.1293797607358103,-1.1293797607358103,-3.090074387424681,0.0,-0.44531664866087,0,0,0,0
2025,57123,8.93,0,-1.0620410723611664,0,RBF-SVM,-1.2246208410391894,-1.2246208410391894,-3.3444948356352504,0.0,-1.131412152905967,0,0,0,0
2025,80976,0.8,0,-0.9863120180962796,0,RBF-SVM,-1.2738808966583326,-1.2738808966583326,-3.814701798831199,0.0,-0.9168483362619282,0,0,0,0
2025,211119,166.13,0,-0.9502918131121922,0,RBF-SVM,-1.0687348721216947,-1.0687348721216947,-3.6710894522334194,0.0,-0.385207875038683,0,0,0,1
2025,80760,113.92,1,-0.5442806792555984,1,RBF-SVM,0.6833101150585279,0.6833101150585279,4.121730926918255,0.95,-0.31682416339833946,1,1,1,1
2025,246169,10.77,0,-0.8965299325062135,0,RBF-SVM,-1.0025960693118325,-1.0025960693118325,-4.119545777625593,0.0,-0.34337909028949853,0,0,0,1
2025,29555,10.0,0,-1.03819967210335,0,RBF-SVM,-1.1056390314969786,-1.1056390314969786,-3.1924679724668454,0.0,-0.7128246694368668,0,0,0,0
2025,167380,12.99,0,-0.9544615381535451,0,RBF-SVM,-1.126109921415952,-1.126109921415952,-3.483918647871037,0.0,-0.8135311705000758,0,0,0,0
2025,14900,275.2,0,-0.7127396069042129,0,RBF-SVM,0.3509465605009766,0.3509465605009766,4.788703765218884,0.51,-0.3187793430722977,1,1,1,1
2025,77348,0.01,1,-0.247144431714592,1,RBF-SVM,0.8374652278059637,0.8374652278059637,3.1765966357452116,0.785,-0.2303093560498031,1,1,1,1
2025,80669,110.0,0,-0.9966196316616451,0,RBF-SVM,-1.0039475831913405,-1.0039475831913405,-3.650826194395816,0.0,-0.8263323708942321,0,0,0,0
2025,101905,1.5,0,-1.018070476400423,0,RBF-SVM,-1.128388574099904,-1.128388574099904,-3.4144988897818394,0.0,-0.570285119353611,0,0,0,0
2025,215644,30.0,0,-1.0352671692089679,0,RBF-SVM,-1.1901354142318457,-1.1901354142318457,-2.9446995182788465,0.0,-0.7745218696267608,0,0,0,0
2025,266964,8.99,0,-1.079212687063882,0,RBF-SVM,-1.1585073003096091,-1.1585073003096091,-2.884242484262306,0.0,-0.9923869514544704,0,0,0,0
2025,68468,9.0,0,-1.0102728958111737,0,RBF-SVM,-1.2367255185806685,-1.2367255185806685,-3.747579038793098,0.0,-0.7196330178970938,0,0,0,0
2025,190584,17.99,0,-1.0141282716701843,0,RBF-SVM,-1.1620363130367282,-1.1620363130367282,-3.135109088845393,0.0,-1.0841883073547043,0,0,0,0
2025,31210,702.84,0,-0.9737493720924281,0,RBF-SVM,-0.36229814217603434,-0.36229814217603434,-2.169462567574764,0.0,-0.4808916021118328,0,0,0,0
2025,1891,8.98,0,-1.0546213025123605,0,RBF-SVM,-1.159741889822867,-1.159741889822867,-2.844415447935547,0.0,-1.0960345182834157,0,0,0,0
2025,249743,0.79,0,-1.0626624907605244,0,RBF-SVM,-1.2242522414905348,-1.2242522414905348,-3.488588955368171,0.0,-0.36530126532542695,0,0,0,1
2025,89490,2.99,0,-1.0397965794676454,0,RBF-SVM,-1.2000867157014448,-1.2000867157014448,-3.521570963872944,0.0,-0.8923933852096524,0,0,0,0
2025,12070,1.0,1,-0.622183214156321,1,RBF-SVM,0.3517939306261528,0.3517939306261528,11.7386361121202,0.94,-0.3187793430722977,1,1,1,1
2025,247449,21.9,0,-0.7000475782081612,0,RBF-SVM,0.05743982104628509,0.05743982104628509,-4.651778758865203,0.115,-0.3187824015331055,0,0,0,1
2025,151011,1.0,1,-0.6765167582418045,1,RBF-SVM,0.3525592350593133,0.3525592350593133,14.229270834936711,0.99,-0.3187793430722977,1,1,1,1
2025,183918,0.99,0,-0.7263177594271681,0,RBF-SVM,-0.30745950692013374,-0.30745950692013374,-1.8619590268996549,0.285,-0.3201902752724434,0,0,0,1
2025,188159,6.97,0,-0.8979486524539306,0,RBF-SVM,-0.8901910751675073,-0.8901910751675073,-2.8079367832105446,0.0,-0.6828829902516913,0,0,0,0
2025,223076,38.7,0,-0.9431466175638425,0,RBF-SVM,-0.8603395966311786,-0.8603395966311786,-2.622420780517887,0.045,-0.5035215229674955,0,0,0,0
2025,4005,8.99,0,-0.9072239342891302,0,RBF-SVM,-0.8227222848032685,-0.8227222848032685,-4.773657428914092,0.01,-0.4018295139078971,0,0,0,1
2025,252919,9.99,0,-0.899917415225248,0,RBF-SVM,-0.8631409176167129,-0.8631409176167129,-3.4286882094360647,0.0,-0.4530540887245686,0,0,0,0
2025,42674,1.52,1,-0.6479947566580277,1,RBF-SVM,0.35026918352229536,0.35026918352229536,13.661445670609515,0.975,-0.3187793430722977,1,1,1,1
2025,76086,123.14,0,-0.91205240860293,0,RBF-SVM,-0.9146336587167365,-0.9146336587167365,-2.672230244127595,0.0,-0.51484928220495,0,0,0,0
2025,158547,11.0,0,-0.8356933567548934,0,RBF-SVM,-0.8687853511846964,-0.8687853511846964,-3.281681804028011,0.025,-0.42908156814138587,0,0,0,0
2025,34897,12.96,0,-0.9714072907146083,0,RBF-SVM,-1.0800817586379465,-1.0800817586379465,-3.38809721170249,0.0,-0.7233656397702173,0,0,0,0
2025,43773,172.32,1,-0.5948817010424937,1,RBF-SVM,0.7507285746261736,0.7507285746261736,5.076557699310115,0.865,-0.3186978036638397,1,1,1,1
2025,269046,76.15,0,-0.9434106738239401,0,RBF-SVM,-1.2019049391551655,-1.2019049391551655,-3.741336219577472,0.0,-0.647358663591074,0,0,0,0
2025,128053,0.89,0,-0.859890078016438,0,RBF-SVM,-0.5317376772430333,-0.5317376772430333,-3.0672983226212738,0.085,-0.4203278861179181,0,0,0,0
2025,100073,303.62,0,-0.9872837967650715,0,RBF-SVM,-1.0395121455437244,-1.0395121455437244,-2.970970595749596,0.0,-0.5553675188095866,0,0,0,0
2025,116074,50.0,0,-1.0411568847655837,0,RBF-SVM,-1.0832466595289543,-1.0832466595289543,-3.2387493174444586,0.0,-0.7505082893889518,0,0,0,0
2025,2182,80.0,0,-0.6734836937560955,1,RBF-SVM,0.3138974407062025,0.3138974407062025,-2.66551230783966,0.245,-0.3187995009915931,1,0,0,1
2025,129511,199.0,0,-1.0616699577723991,0,RBF-SVM,-1.2923714879808321,-1.2923714879808321,-3.419263335753393,0.0,-0.9058332563999897,0,0,0,0
2025,152363,2.83,0,-0.8564346340417859,0,RBF-SVM,-0.6304362439182893,-0.6304362439182893,-4.35785967128778,0.0,-0.3362347330635585,0,0,0,1
2025,146634,5.0,0,-1.0591837855108868,0,RBF-SVM,-1.1430164589289804,-1.1430164589289804,-3.0422206649360675,0.0,-0.6534928128974762,0,0,0,0
2025,142405,12.31,1,-0.5801411108051036,1,RBF-SVM,0.4874881267416356,0.4874881267416356,8.06767908436325,0.95,-0.318779338625891,1,1,1,1
2025,55401,1.0,1,-0.990908161452972,0,RBF-SVM,-0.9335285434400278,-0.9335285434400278,-3.0179266872219133,0.0,-1.0117606436401174,0,0,0,0
2025,228047,15.17,0,-0.8570242466572676,0,RBF-SVM,-0.8351572035115782,-0.8351572035115782,-4.6136716821061174,0.0,-0.33375031705237224,0,0,0,1
2025,58176,45.0,0,-1.0436217816457796,0,RBF-SVM,-1.2395388961133635,-1.2395388961133635,-3.623499370697664,0.0,-0.9153079150368295,0,0,0,0
2025,235000,20.76,0,-0.9521083659490166,0,RBF-SVM,-0.9322693803614901,-0.9322693803614901,-3.132536842436391,0.015,-0.7505788169519172,0,0,0,0
2025,17480,99.99,1,0.9656160645411477,1,RBF-SVM,0.9920938560663652,0.9920938560663652,4.272920945538681,0.965,0.9462796792277356,1,1,1,1
2025,29687,0.76,1,-0.7817949315242705,0,RBF-SVM,-0.5967717468072535,-0.5967717468072535,-2.884901563853774,0.135,-0.3558176281588736,0,0,0,1
2025,99962,66.07,0,-0.8615907597404049,0,RBF-SVM,-0.9257916129926953,-0.9257916129926953,-3.0479201784124657,0.085,-0.5212317836067409,0,0,0,0
2025,47022,22.06,0,-0.9804004211392214,0,RBF-SVM,-1.015628232608587,-1.015628232608587,-2.8804072710002653,0.0,-0.4189511464713072,0,0,0,0
2025,269278,56.4,0,-1.0149174161005539,0,RBF-SVM,-1.270440475180044,-1.270440475180044,-3.7974259807734225,0.0,-0.8477227667819535,0,0,0,0
2025,28530,33.8,0,-1.0251767091077901,0,RBF-SVM,-1.1045933519156452,-1.1045933519156452,-4.436278748685711,0.0,-0.8040461461465515,0,0,0,0
2025,81609,1389.56,1,-0.5351573501527489,1,RBF-SVM,0.3584309416734192,0.3584309416734192,3.0926487728410037,0.87,-0.318620651180728,1,1,1,1
2025,70298,35.61,0,-1.0856752974043384,0,RBF-SVM,-1.104631620416107,-1.104631620416107,-3.460989859924523,0.0,-0.3993481225934104,0,0,0,1
2025,155008,215.12,0,-0.9957112839867901,0,RBF-SVM,-1.0455334622762755,-1.0455334622762755,-3.252057606713541,0.005,-0.6515268454421165,0,0,0,0
2025,204503,84.28,1,-0.5575283116855674,1,RBF-SVM,0.8224888654283594,0.8224888654283594,2.7251878865123644,0.81,-0.3152281188012617,1,1,1,1
2025,46909,1.0,1,-0.437729228007918,1,RBF-SVM,0.4940603621035444,0.4940603621035444,8.257818825241452,0.88,-0.3187793429529692,1,1,1,1
2025,193374,15.94,0,-0.9161547854476952,0,RBF-SVM,-1.2690354660009515,-1.2690354660009515,-3.735184852278003,0.0,-0.5527726349493353,0,0,0,0
2025,38392,52.99,0,-1.053154557181917,0,RBF-SVM,-1.1580189782590056,-1.1580189782590056,-3.4267520605374493,0.0,-0.76549503095165,0,0,0,0
2025,100399,4.0,0,-0.934446855696516,0,RBF-SVM,-0.9596763370548678,-0.9596763370548678,-2.953550932298154,0.0,-0.5348798407988595,0,0,0,0
2025,54565,27.54,0,-1.0185109610410603,0,RBF-SVM,-1.1357062902481967,-1.1357062902481967,-3.177987408574004,0.0,-0.7311434070548317,0,0,0,0
2025,157918,635.1,1,-0.8745158697951686,0,RBF-SVM,-0.7491852057482127,-0.7491852057482127,-2.8434311191946775,0.0,-0.3226483347555995,0,0,0,1
2025,47802,88.0,1,-0.6172911421864381,1,RBF-SVM,0.4803863284936374,0.4803863284936374,2.9182424386669816,0.955,-0.31877793877133137,1,1,1,1
2025,90523,61.66,0,-1.0259879139977894,0,RBF-SVM,-1.082383672926106,-1.082383672926106,-2.735174355718767,0.0,-0.5861555857709813,0,0,0,0
2025,29495,61.55,0,-1.0203808252883015,0,RBF-SVM,-1.0125285445355536,-1.0125285445355536,-3.7177026055224216,0.0,-0.8172771759047133,0,0,0,0
2025,117334,9.99,0,-0.925826801519,0,RBF-SVM,-1.1110466128655505,-1.1110466128655505,-4.034938354042492,0.0,-0.8487552131784788,0,0,0,0
2025,197937,0.76,0,-0.8660390077843171,0,RBF-SVM,-0.8432885075150318,-0.8432885075150318,-2.7284253234811136,0.0,-0.6231478232431545,0,0,0,0
2025,114556,31.03,0,-1.0265195074208515,0,RBF-SVM,-1.1261475417482123,-1.1261475417482123,-3.286739896243118,0.0,-0.9001437519850863,0,0,0,0
2025,54926,12.83,0,-0.7056812522658746,0,RBF-SVM,-0.3206988652876928,-0.3206988652876928,-3.5915800420461372,0.12,-0.3202922851727692,0,0,0,1
2025,58487,119.0,0,-1.009855871525454,0,RBF-SVM,-1.043418638857647,-1.043418638857647,-3.362730538413387,0.0,-0.9693199130780704,0,0,0,0
2025,181784,0.89,0,-1.0026708249979865,0,RBF-SVM,-1.0208040109582972,-1.0208040109582972,-3.220041962219599,0.0,-0.7180005713921209,0,0,0,0
2025,87874,79.9,0,-1.0020672482064066,0,RBF-SVM,-1.3141568699205761,-1.3141568699205761,-3.6782902376948736,0.0,-0.9301660572514935,0,0,0,0
2025,32967,4.0,0,-1.107562697213744,0,RBF-SVM,-1.2168738204702758,-1.2168738204702758,-3.029450875571631,0.0,-1.0472839099598457,0,0,0,0
2025,174449,61.2,0,-1.0329975917190863,0,RBF-SVM,-1.1837050533695985,-1.1837050533695985,-3.5340728968726323,0.0,-0.7268688941477441,0,0,0,0
2025,226272,9.59,0,-0.9591374774830033,0,RBF-SVM,-1.0085269032046664,-1.0085269032046664,-3.0985342543275003,0.01,-0.5524532385454519,0,0,0,0
2025,214662,120.54,1,-0.6098414919509976,1,RBF-SVM,0.8643679563715685,0.8643679563715685,3.8124481256361773,0.835,-0.3164989656118223,1,1,1,1
2025,42784,45.49,1,-0.5776277195691739,1,RBF-SVM,0.35181645010906326,0.35181645010906326,12.940475695899183,0.975,-0.3187793430722977,1,1,1,1
2025,27627,18.96,1,-0.5893156204310085,1,RBF-SVM,0.5134610909424634,0.5134610909424634,1.6082479026191812,0.8,-0.23365274764775268,1,1,1,1
2025,80280,108.0,0,-1.0614912056885033,0,RBF-SVM,-1.201264990665528,-1.201264990665528,-3.3803734429310213,0.0,-1.0056724073571561,0,0,0,0
2025,114269,20.0,0,-0.9363202187970409,0,RBF-SVM,-1.0880654573093704,-1.0880654573093704,-3.8129312138362117,0.0,-0.7298288745727473,0,0,0,0
2025,185650,1199.42,0,-0.6723299577642043,1,RBF-SVM,0.06430918988242368,0.06430918988242368,-2.122642644232181,0.0,-0.34205939966351184,0,0,0,1
2025,166048,160.0,0,-0.764269297195245,0,RBF-SVM,-0.3375781541976966,-0.3375781541976966,-2.068353086518045,0.035,-0.35585876012145207,0,0,0,1
2025,189992,20.7,0,-0.9454112372749044,0,RBF-SVM,-0.98996138394735,-0.98996138394735,-3.508829752511105,0.0,-0.5571921325181084,0,0,0,0
2025,115849,4.65,0,-1.0891985489070481,0,RBF-SVM,-1.1166293157446314,-1.1166293157446314,-3.248750948003713,0.005,-0.9060708612580262,0,0,0,0
2025,141061,29.99,0,-1.0282648359525015,0,RBF-SVM,-1.1724508821860096,-1.1724508821860096,-4.390351894083546,0.0,-1.061110929305937,0,0,0,0
2025,16473,24.99,0,-1.0519142263887877,0,RBF-SVM,-1.2449465098009493,-1.2449465098009493,-3.469385808592815,0.0,-0.8468781773856016,0,0,0,0
2025,45732,1.0,1,-0.6270123814731937,1,RBF-SVM,1.0008589562068797,1.0008589562068797,3.182124247417319,0.985,-0.29749990265858356,1,1,1,1
2025,253075,1.29,0,-1.0450656788395583,0,RBF-SVM,-1.1782567450300865,-1.1782567450300865,-3.087633528292427,0.0,-0.6429039219858513,0,0,0,0
2025,30314,7.61,1,-0.6006618733126363,1,RBF-SVM,0.5108525151859143,0.5108525151859143,7.510359053307015,0.96,-0.3187792995697662,1,1,1,1
2025,15204,99.99,1,-0.5230430801565086,1,RBF-SVM,0.3854345768420974,0.3854345768420974,7.930177807947871,0.605,-0.31874347116060553,1,1,1,1
2025,257031,572.84,0,-0.7352058985184542,0,RBF-SVM,-0.5707225807001077,-0.5707225807001077,-2.3836580678287307,0.0,-0.5312153819039767,0,0,0,0
2025,109816,45.0,0,-0.9871369066387804,0,RBF-SVM,-1.0774738363693361,-1.0774738363693361,-4.2082883596275105,0.0,-1.0681725126661945,0,0,0,0
2025,275627,5.73,0,-0.9854779408938039,0,RBF-SVM,-1.132907360232811,-1.132907360232811,-3.426825246757476,0.0,-0.817944782049713,0,0,0,0
2025,130958,29.56,0,-0.9319445881654678,0,RBF-SVM,-1.088653404444167,-1.088653404444167,-2.822932139247136,0.0,-0.7876791429113372,0,0,0,0
2025,171992,35.15,0,-1.1171264058883432,0,RBF-SVM,-1.1642263549205576,-1.1642263549205576,-3.472257917184108,0.0,-1.0597136314884272,0,0,0,0
2025,61235,10.0,0,-0.9736032850346743,0,RBF-SVM,-1.178988515066304,-1.178988515066304,-3.675489172071429,0.0,-0.9959418616956413,0,0,0,0
2025,257014,11.5,0,-1.0259494043022663,0,RBF-SVM,-1.2314951338918831,-1.2314951338918831,-3.222656390044562,0.0,-1.1019136891089434,0,0,0,0
2025,113883,4.49,0,-1.0358705090302558,0,RBF-SVM,-1.2667846151777076,-1.2667846151777076,-3.4279738779558713,0.0,-1.21830333224005,0,0,0,0
2025,268140,56.0,0,-1.0119511366205247,0,RBF-SVM,-1.1595273086082898,-1.1595273086082898,-4.454214278970202,0.0,-0.9728096697128504,0,0,0,0
2025,111068,534.43,0,-1.0584855247585974,0,RBF-SVM,-0.8380334374270759,-0.8380334374270759,-3.0217142736064306,0.0,-0.48793061197977017,0,0,0,0
2025,76228,68.75,0,-1.003694255982764,0,RBF-SVM,-1.1465440611534967,-1.1465440611534967,-2.9387597873818696,0.0,-0.7192773172369324,0,0,0,0
2025,128076,1.0,0,-1.045991273116752,0,RBF-SVM,-1.2521774922836688,-1.2521774922836688,-3.070658688468009,0.005,-0.9933714950806826,0,0,0,0
2025,19457,25.0,0,-1.026611349589884,0,RBF-SVM,-0.9377671357737021,-0.9377671357737021,-2.8061362707501907,0.0,-0.6194336774689456,0,0,0,0
2025,65092,1.99,0,-0.9791511648311051,0,RBF-SVM,-1.0299657159135527,-1.0299657159135527,-3.70607099847106,0.0,-0.7997788313017897,0,0,0,0
2025,175828,309.98,0,-0.9622368647393298,0,RBF-SVM,-1.0899866500641107,-1.0899866500641107,-3.2489384107635533,0.005,-0.42348651132208776,0,0,0,0
2025,149874,600.73,1,-0.621111875057521,1,RBF-SVM,0.6001108115730789,0.6001108115730789,1.9899550000606179,0.755,-0.31101542807401705,1,1,1,1
2025,58761,1.0,1,-0.9225814162483985,0,RBF-SVM,-0.8319408259806433,-0.8319408259806433,-3.9359834906261755,0.0,-0.7917661390540358,0,0,0,0
2025,127121,9.99,0,-1.0202227703234894,0,RBF-SVM,-1.2316358235812421,-1.2316358235812421,-3.9446788608370134,0.0,-1.254921090634215,0,0,0,0
2025,91075,17.35,0,-1.0150546664462228,0,RBF-SVM,-1.1852127742934042,-1.1852127742934042,-3.237468779069919,0.0,-0.5048098118350655,0,0,0,0
2025,212516,0.01,1,-0.3934460835285846,1,RBF-SVM,0.7341778113084401,0.7341778113084401,2.966122153480789,0.815,-0.3172397864813995,1,1,1,1
2025,242797,1.0,0,-0.9573292464802079,0,RBF-SVM,-0.7380366968866594,-0.7380366968866594,-3.2858223934845694,0.0,-0.5194728752068456,0,0,0,0
2025,249741,69.85,0,-0.913242035791287,0,RBF-SVM,-1.0182785580434892,-1.0182785580434892,-3.066224541576561,0.0,-0.8333573275112499,0,0,0,0
2025,186611,1.0,0,-0.894082745310897,0,RBF-SVM,-1.0912981450098274,-1.0912981450098274,-3.9368758915019937,0.0,-0.5928716596805698,0,0,0,0
2025,146790,829.41,1,-0.7816942457804515,0,RBF-SVM,-0.8954605292788995,-0.8954605292788995,-3.589379284582443,0.0,-0.31881164615427154,0,0,0,1
2025,40917,62.48,0,-0.9172374235410444,0,RBF-SVM,-1.1320126996953532,-1.1320126996953532,-3.550045797539502,0.0,-1.1015426429525468,0,0,0,0
2025,90906,57.96,0,-0.8114144337441045,0,RBF-SVM,-0.690867441584256,-0.690867441584256,-3.5017999003817604,0.0,-0.5812483107382482,0,0,0,0
2025,199211,5.48,0,-0.6026870091918126,1,RBF-SVM,-0.3950672180264195,-0.3950672180264195,-2.053019929545026,0.03,-0.37714562155048653,0,0,0,1
2025,245347,2.47,1,-1.0390780602301581,0,RBF-SVM,-1.0110051373226967,-1.0110051373226967,-3.020907924120236,0.0,-0.49711619994507517,0,0,0,0
2025,145377,59.9,0,-0.9124038093527651,0,RBF-SVM,-0.7357310767406486,-0.7357310767406486,-3.0369485128581375,0.0,-0.407582846337686,0,0,0,1
2025,62452,27.31,0,-0.9544216379162362,0,RBF-SVM,-0.7975359592782019,-0.7975359592782019,-4.173514826683467,0.0,-0.4951049821071871,0,0,0,0
2025,17525,310.0,0,-0.9441113829641571,0,RBF-SVM,-1.062676367945959,-1.062676367945959,-3.1459747563023988,0.0,-0.9618177766163474,0,0,0,0
2025,8617,1.0,1,-0.5395019792808591,1,RBF-SVM,1.0099480236344913,1.0099480236344913,4.219464962404482,0.985,-0.30885987163029244,1,1,1,1
2025,93128,125.79,0,-0.8869389804658379,0,RBF-SVM,-1.0549744762876028,-1.0549744762876028,-3.791365366245087,0.07,-0.508823901009784,0,0,0,0
2025,272684,69.99,0,-1.0308217995713107,0,RBF-SVM,-1.1110060471103764,-1.1110060471103764,-3.4712220406373095,0.005,-0.9834917955440976,0,0,0,0
2025,34393,159.0,0,-1.1616135446270142,0,RBF-SVM,-1.160847632011045,-1.160847632011045,-4.296672273423547,0.0,-0.763665546564024,0,0,0,0
2025,6334,1.0,1,-0.5297697795514675,1,RBF-SVM,0.9437596373366917,0.9437596373366917,5.754691495541012,0.99,0.014968338918788737,1,1,1,1
2025,141259,512.25,1,-0.4300795315800139,1,RBF-SVM,0.4246225473096793,0.4246225473096793,10.312924683319324,0.99,-0.3187791617063173,1,1,1,1
2025,82076,37.87,0,-1.0833054381146376,0,RBF-SVM,-1.2924140484890503,-1.2924140484890503,-3.2168373428486707,0.0,-1.055075545736215,0,0,0,0
2025,263274,0.77,1,-0.5402388216067454,1,RBF-SVM,1.015243086682111,1.015243086682111,6.328453484277851,0.995,-0.29244755972580105,1,1,1,1
2025,191836,31.86,0,-1.0324734136683604,0,RBF-SVM,-1.2071332846734866,-1.2071332846734866,-3.410082910504587,0.0,-0.49047068552357415,0,0,0,0
2025,282556,14.99,0,-1.0348822141923364,0,RBF-SVM,-1.2773809918532448,-1.2773809918532448,-3.243209916403469,0.0,-1.0442520040027592,0,0,0,0
2025,95313,45.0,0,-1.0220408449004301,0,RBF-SVM,-0.9884018069544178,-0.9884018069544178,-3.324488967764121,0.0,-0.5108508901099194,0,0,0,0
2025,221148,0.0,0,-0.9660030044643365,0,RBF-SVM,-0.9008737947958092,-0.9008737947958092,-3.304727661882819,0.08,-0.3922499498310251,0,0,0,1
2025,42313,162.85,0,-1.0609635586624888,0,RBF-SVM,-1.2707717712879167,-1.2707717712879167,-3.247254776734069,0.0,-0.6638336597229506,0,0,0,0
2025,124689,23.58,0,-1.0055438372782102,0,RBF-SVM,-1.1193370209624187,-1.1193370209624187,-3.4948089536371376,0.0,-0.6495819524499944,0,0,0,0
2025,252774,0.77,1,-0.2992523003250346,1,RBF-SVM,1.0689863589069566,1.0689863589069566,5.1221098208507545,0.995,-0.30221664446230545,1,1,1,1
2025,28327,213.5,0,-1.0573755848222142,0,RBF-SVM,-0.9442495499733985,-0.9442495499733985,-2.521158687655312,0.0,-0.7268106296547697,0,0,0,0
2025,106726,19.0,0,-0.9574614917234211,0,RBF-SVM,-1.0231837147319984,-1.0231837147319984,-4.15355206462054,0.0,-0.8683637909190649,0,0,0,0
2025,188563,1.0,0,-0.6534193739188829,1,RBF-SVM,-0.4976327146135823,-0.4976327146135823,-4.2826675122653235,0.065,-0.31981319716504886,0,0,0,1
2025,154286,0.92,1,-0.6440745289153823,1,RBF-SVM,0.3489966718117134,0.3489966718117134,-10.414626163342696,0.315,-0.3187793430722977,1,0,0,1
2025,283484,11.93,0,-0.9559612969829414,0,RBF-SVM,-1.2006198243564323,-1.2006198243564323,-3.940831861352926,0.0,-0.9007721320690864,0,0,0,0
2025,139438,12.1,0,-0.790110013059375,0,RBF-SVM,-0.2647840581098561,-0.2647840581098561,-3.0693413681437787,0.08,-0.4513282495482414,0,0,0,0
2025,16894,1.98,0,-1.0481474988572492,0,RBF-SVM,-1.1453926950042264,-1.1453926950042264,-3.667590994800694,0.0,-1.0084895415283395,0,0,0,0
2025,42186,35.99,0,-0.7253289791925396,0,RBF-SVM,-0.516606988681962,-0.516606988681962,-3.114979857925075,0.14,-0.3207424330836647,0,0,0,1
2025,261056,45.51,1,-0.5647456750995677,1,RBF-SVM,0.38335225495197095,0.38335225495197095,0.9288406837547174,0.81,-0.2920620454792281,1,1,1,1
2025,196484,74.99,0,-0.9838850233375886,0,RBF-SVM,-1.1764926473695225,-1.1764926473695225,-2.947632511118483,0.0,-0.740303241820244,0,0,0,0
2025,42528,340.11,1,-0.5930721601522371,1,RBF-SVM,0.3492496265062038,0.3492496265062038,15.650945530314962,0.965,-0.3187793430722977,1,1,1,1
2025,78018,19.49,0,-0.9945204692298186,0,RBF-SVM,-1.2364721807584105,-1.2364721807584105,-3.8042171650986556,0.0,-0.518718661828327,0,0,0,0
2025,62062,498.59,0,-0.8700705882094522,0,RBF-SVM,-0.7961038906953009,-0.7961038906953009,-3.392949601297541,0.0,-0.5639481400573017,0,0,0,0
2025,38423,5.47,0,-0.7934351596097153,0,RBF-SVM,-0.7062238416840976,-0.7062238416840976,-4.312607111154371,0.0,-0.39423786639634006,0,0,0,1
2025,247128,25.0,0,-1.0650439105416307,0,RBF-SVM,-1.2587650046690222,-1.2587650046690222,-3.4787044819245265,0.0,-0.7231900841300513,0,0,0,0
2025,240211,5.25,0,-1.007901065219674,0,RBF-SVM,-1.3032646238485868,-1.3032646238485868,-3.3601391915206795,0.0,-1.0484292010527887,0,0,0,0
2025,158792,626.01,0,-0.9333047655827159,0,RBF-SVM,-0.4252621995288383,-0.4252621995288383,-1.7552559439023627,0.0,-0.31879354098215545,0,0,0,1
2025,227795,79.95,0,-0.9955520643067743,0,RBF-SVM,-1.1425596068623591,-1.1425596068623591,-3.455888540086411,0.0,-0.6800519157862478,0,0,0,0
2025,29236,10.65,0,-1.0962967896300522,0,RBF-SVM,-1.055774497804395,-1.055774497804395,-3.532213243430073,0.0,-0.8914605701285643,0,0,0,0
2025,155801,2.12,0,-1.0522979641002523,0,RBF-SVM,-1.0873127220186356,-1.0873127220186356,-4.0507084851350355,0.0,-0.7186661489154129,0,0,0,0
2025,87599,205.33,0,-1.0566209958285326,0,RBF-SVM,-1.175939943061873,-1.175939943061873,-3.1534449939453633,0.0,-0.7581870925107405,0,0,0,0
2025,94639,46.98,0,-1.0210206232632288,0,RBF-SVM,-1.2387445257628453,-1.2387445257628453,-3.6590289494853963,0.0,-0.707552530827307,0,0,0,0
2025,204064,345.0,1,-0.7648365786952834,0,RBF-SVM,0.7146382348706328,0.7146382348706328,1.8241912456428522,0.94,-0.1557488529599653,1,1,1,1
2025,161698,1.98,0,-0.9792811922549776,0,RBF-SVM,-1.1201520001644556,-1.1201520001644556,-3.1157126843252803,0.0,-1.0603666096534394,0,0,0,0
2025,132787,23.4,0,-0.9825042348197159,0,RBF-SVM,-1.1540304946703759,-1.1540304946703759,-4.080458106831897,0.0,-0.5477420983626007,0,0,0,0
2025,235222,2.69,0,-1.1314119577551218,0,RBF-SVM,-1.1651208137025675,-1.1651208137025675,-3.52667102768952,0.005,-1.1154902868438668,0,0,0,0
2025,52521,105.99,1,-1.0118713689207142,0,RBF-SVM,-1.0354120179082793,-1.0354120179082793,-3.4753910981187532,0.0,-0.7751281575897944,0,0,0,0
2025,86514,55.0,0,-0.76823378283883,0,RBF-SVM,-1.0987928418843318,-1.0987928418843318,-4.273599028547495,0.0,-0.5120410662390876,0,0,0,0
2025,191016,159.09,0,-1.0321815520889466,0,RBF-SVM,-1.271892439538712,-1.271892439538712,-3.800138014284285,0.01,-1.0182478693464003,0,0,0,0
2025,248296,0.0,1,-0.4158869517662743,1,RBF-SVM,1.0149934806281704,1.0149934806281704,3.424534141085141,0.995,-0.15281110418584265,1,1,1,1
2025,215953,0.77,1,-0.7069697046044201,0,RBF-SVM,0.44449660981980993,0.44449660981980993,-0.03942370999149425,0.51,-0.31884865310397276,1,0,1,1
2025,39977,67.99,0,-1.0510508907859637,0,RBF-SVM,-1.1732061982376292,-1.1732061982376292,-2.813289797749197,0.0,-0.9764702055067079,0,0,0,0
2025,118923,194.23,0,-1.0383287030028605,0,RBF-SVM,-1.116699570294919,-1.116699570294919,-3.613587590275264,0.0,-1.0674934506445588,0,0,0,0
2025,212130,12.96,0,-1.0765081872407092,0,RBF-SVM,-1.2732489634437814,-1.2732489634437814,-3.8408026804226263,0.0,-0.7704510819489884,0,0,0,0
2025,213711,74.95,0,-0.9258618044007237,0,RBF-SVM,-1.1591939760954115,-1.1591939760954115,-3.823640085458145,0.005,-0.9451624533628435,0,0,0,0
2025,80526,75.97,0,-1.0014057721913106,0,RBF-SVM,-1.1141849315449788,-1.1141849315449788,-3.1268323515697625,0.0,-0.8109386616791674,0,0,0,0
2025,222804,99.0,0,-1.0594055078351527,0,RBF-SVM,-1.2016270632440083,-1.2016270632440083,-3.634017692074863,0.0,-0.6700145391413023,0,0,0,0
2025,140721,27.62,0,-1.0497712789730897,0,RBF-SVM,-1.2706794974334523,-1.2706794974334523,-3.2364244769824935,0.0,-1.1110877625025846,0,0,0,0
2025,50980,0.12,0,-1.004252230030728,0,RBF-SVM,-1.133493437473752,-1.133493437473752,-4.081957777154537,0.0,-1.0973124148268858,0,0,0,0
2025,236167,184.0,0,-1.0000910818409483,0,RBF-SVM,-1.213052083171238,-1.213052083171238,-3.328897327223181,0.0,-0.8438630858965971,0,0,0,0
2025,230372,18.14,0,-1.0171045824581852,0,RBF-SVM,-1.2514422226035038,-1.2514422226035038,-3.8029878845667096,0.0,-1.1860572198913473,0,0,0,0
2025,127179,83.5,0,-0.9457874350024797,0,RBF-SVM,-1.1266753428254175,-1.1266753428254175,-3.858981946592829,0.0,-0.8767227130287147,0,0,0,0
2025,211368,1.98,0,-1.0587244707141592,0,RBF-SVM,-1.1897294661235644,-1.1897294661235644,-3.4982090771154155,0.005,-1.105881814015897,0,0,0,0
2025,229730,2.22,1,-0.6261319241651085,1,RBF-SVM,0.2978640895713894,0.2978640895713894,-1.2816113329373469,0.505,-0.3208739059785989,1,0,1,1
2025,54018,11898.09,0,-0.6689174724190107,1,RBF-SVM,0.34899667181200483,0.34899667181200483,5.688884632853837,0.925,-0.3187793430722977,1,1,1,1
2025,32809,34.9,0,-1.0210283368017676,0,RBF-SVM,-0.9363949623169414,-0.9363949623169414,-3.0182034426316164,0.015,-0.7151875466206409,0,0,0,0
2025,195108,202.94,0,-1.088748507591804,0,RBF-SVM,-1.2187438465136502,-1.2187438465136502,-3.6637141896922594,0.0,-0.8508972774658501,0,0,0,0
2025,108708,426.4,1,-0.2204326973378219,1,RBF-SVM,1.035605845727789,1.035605845727789,4.303804685457534,0.89,-0.28612272301938574,1,1,1,1
2025,137357,239.57,0,-1.0310341907011171,0,RBF-SVM,-1.2659941778240404,-1.2659941778240404,-3.7061833850049335,0.01,-0.937845913305089,0,0,0,0
2025,102444,1.0,1,-0.6221600346231648,1,RBF-SVM,0.3489966718120048,0.3489966718120048,11.426315590113395,0.65,-0.3187793430722977,1,1,1,1
2025,18597,45.0,0,-1.0215484971688773,0,RBF-SVM,-1.2175492816317772,-1.2175492816317772,-3.7456925019470364,0.0,-0.9503704985360919,0,0,0,0
2025,18459,154.9,0,-1.066965469700697,0,RBF-SVM,-1.2104002859230085,-1.2104002859230085,-3.3167286036213355,0.0,-0.8544359110254788,0,0,0,0
2025,103381,71.0,0,-1.0031512887443972,0,RBF-SVM,-1.2570831431650815,-1.2570831431650815,-3.180151247330372,0.0,-0.941948818877203,0,0,0,0
2025,238222,1.1,1,-0.5663452852617084,1,RBF-SVM,0.8981582223574871,0.8981582223574871,6.554139163341592,0.965,-0.31818154037051205,1,1,1,1
2025,60551,40.0,0,-1.085035427728275,0,RBF-SVM,-1.067263735038059,-1.067263735038059,-2.6879288873336034,0.0,-0.8892620573559172,0,0,0,0
2025,52970,28.81,0,-1.0701487032409316,0,RBF-SVM,-1.2818448319455544,-1.2818448319455544,-3.6358125615044505,0.0,-0.7632690383788163,0,0,0,0
2025,48586,1697.42,0,-0.8292609115117514,0,RBF-SVM,0.14639890106014863,0.14639890106014863,-1.3934746381412022,0.225,-0.31904455661348563,0,0,0,1
2025,160604,13.74,0,-1.0947759028719282,0,RBF-SVM,-1.2732628390778806,-1.2732628390778806,-3.5008722252042648,0.0,-1.133456622231852,0,0,0,0
2025,268405,18.8,0,-0.968791803248638,0,RBF-SVM,-1.238674440651952,-1.238674440651952,-3.51072780589058,0.0,-0.7146125772683571,0,0,0,0
2025,32825,105.0,0,-0.9859561880553137,0,RBF-SVM,-1.0541940665969298,-1.0541940665969298,-3.742709886509663,0.0,-0.5649152759984282,0,0,0,0
2025,14211,99.99,1,-0.6766656008148237,1,RBF-SVM,0.36131023984929184,0.36131023984929184,8.536354982932878,0.605,-0.31877880041271417,1,1,1,1
2025,152295,9.82,1,-0.6668413610943312,1,RBF-SVM,0.3498447317338574,0.3498447317338574,13.71374463959984,0.99,-0.3187793430722977,1,1,1,1
2025,106679,227.3,1,-0.33709692610359077,1,RBF-SVM,0.8326608811818712,0.8326608811818712,3.6034427267620255,0.845,-0.3072415808129401,1,1,1,1
2025,27254,1.0,0,-0.9929742046405491,0,RBF-SVM,-1.1208358897795234,-1.1208358897795234,-3.74861332880226,0.0,-0.9866075970294397,0,0,0,0
2025,146872,1.0,0,-1.0307688362413505,0,RBF-SVM,-1.2154620195365233,-1.2154620195365233,-3.787297975896926,0.0,-0.7009893253850359,0,0,0,0
2025,203944,24.2,0,-1.0727184028295629,0,RBF-SVM,-1.048015048077987,-1.048015048077987,-3.1253576590411023,0.0,-0.6736054431990932,0,0,0,0
2025,37059,72.44,0,-1.0827160097962603,0,RBF-SVM,-1.258054608679291,-1.258054608679291,-3.3783624749810865,0.0,-0.9269788305777971,0,0,0,0
2025,196886,29.99,0,-0.9791729232120324,0,RBF-SVM,-1.2440371655768692,-1.2440371655768692,-3.4129082248140183,0.0,-0.9012993265987758,0,0,0,0
2025,164074,9.99,0,-1.114448296956304,0,RBF-SVM,-1.1714371007033186,-1.1714371007033186,-3.4466753652508006,0.005,-1.1174256985473168,0,0,0,0
2025,156231,7.55,0,-0.9598323792106902,0,RBF-SVM,-0.9421498235175902,-0.9421498235175902,-3.964330756283485,0.0,-0.6454097566510744,0,0,0,0
2025,145619,1.9,0,-1.103299966071112,0,RBF-SVM,-1.196088594088416,-1.196088594088416,-3.970762519074295,0.0,-0.7831260096346653,0,0,0,0
2025,24959,436.2,0,-1.0203700635947692,0,RBF-SVM,-0.9945407376333881,-0.9945407376333881,-3.671305074253303,0.0,-0.4631140033645089,0,0,0,0
2025,195145,50.0,0,-0.976724228947794,0,RBF-SVM,-0.9624021670790126,-0.9624021670790126,-3.830717134469745,0.025,-0.7644603243632497,0,0,0,0
2025,38822,0.0,0,-1.0365363787580675,0,RBF-SVM,-1.2600069203459239,-1.2600069203459239,-3.3663031638882104,0.0,-0.7309292781337302,0,0,0,0
2025,183898,59.9,0,-1.038493291798626,0,RBF-SVM,-1.2005568913365652,-1.2005568913365652,-3.236754715655709,0.0,-0.7446033841705928,0,0,0,0
2025,59150,19.47,0,-1.0200897513221554,0,RBF-SVM,-1.2028662446836842,-1.2028662446836842,-3.4839911872765246,0.0,-1.034854226887482,0,0,0,0
2025,113285,1.98,0,-1.0059753892711467,0,RBF-SVM,-1.1462498440500677,-1.1462498440500677,-4.151441915332163,0.0,-0.753590558045491,0,0,0,0
2025,63685,59.0,0,-0.8313318261324425,0,RBF-SVM,-0.7219385813607624,-0.7219385813607624,-4.033259554005979,0.0,-0.6008649671665532,0,0,0,0
2025,276071,19.95,1,-1.0491470040509474,0,RBF-SVM,-1.116180781336431,-1.116180781336431,-2.8231064874256493,0.0,-0.8749936297618559,0,0,0,0
2025,78253,14.2,0,-1.0591640547577403,0,RBF-SVM,-1.1427692162596483,-1.1427692162596483,-2.7803413032843554,0.0,-0.6009429598321724,0,0,0,0
2025,128944,233.41,0,-1.09396863042045,0,RBF-SVM,-1.1002016901812766,-1.1002016901812766,-3.0282584838810016,0.0,-0.6252725513375018,0,0,0,0
2025,272800,8.99,0,-1.0793357652910927,0,RBF-SVM,-1.15733982635971,-1.15733982635971,-3.547049531875401,0.0,-1.0869485812300614,0,0,0,0
2025,6294,12.94,0,-0.7731920626580643,0,RBF-SVM,-0.675174755704995,-0.675174755704995,-2.781905450987221,0.0,-0.4135334896084755,0,0,0,1
2025,232145,0.76,0,-0.7669998399996383,0,RBF-SVM,-0.6513875846026207,-0.6513875846026207,-2.2178280359843785,0.28,-0.42845653948066,0,0,0,0
2025,91671,290.18,1,-1.0627860704243597,0,RBF-SVM,-1.2012593449954831,-1.2012593449954831,-3.308873514993849,0.0,-0.5704342687393488,0,0,0,0
2025,154697,7.59,1,-0.5979987822382512,1,RBF-SVM,0.6201270870646308,0.6201270870646308,6.172816021541806,0.965,-0.3187793417548442,1,1,1,1
2025,136723,41.88,0,-1.046911281072846,0,RBF-SVM,-1.2725936003125575,-1.2725936003125575,-3.893049111421111,0.0,-0.915850950125648,0,0,0,0
2025,106581,1.0,0,-0.9255606632260645,0,RBF-SVM,-1.187919770663999,-1.187919770663999,-3.1937611566904747,0.0,-0.44505293850059013,0,0,0,0
2025,175577,38.52,0,-0.931191443131995,0,RBF-SVM,-1.0926302022370133,-1.0926302022370133,-3.723009009072471,0.0,-0.6538001500206356,0,0,0,0
2025,70035,124.62,0,-1.0039169876623064,0,RBF-SVM,-0.9923169198247535,-0.9923169198247535,-4.258576735756257,0.0,-0.9406551659603678,0,0,0,0
2025,130989,1.0,0,-0.9659415738174759,0,RBF-SVM,-1.3169144999795852,-1.3169144999795852,-3.8474040601853146,0.0,-0.6332638726824453,0,0,0,0
2025,275307,14.0,0,-1.054025361886749,0,RBF-SVM,-1.1370562101890802,-1.1370562101890802,-3.100603158438074,0.0,-0.54638566581461,0,0,0,0
2025,76993,80.0,0,-1.006543129947016,0,RBF-SVM,-1.170334668683251,-1.170334668683251,-3.533190383667336,0.0,-0.9114804581099802,0,0,0,0
2025,192578,5.49,0,-0.9316987291389627,0,RBF-SVM,-1.0100473663843679,-1.0100473663843679,-3.1404049968362044,0.01,-0.54590366354648,0,0,0,0
2025,12488,7.6,0,-0.9950434329700755,0,RBF-SVM,-1.217657130118915,-1.217657130118915,-4.173123927502866,0.01,-0.4065948850031887,0,0,0,1
2025,137199,0.99,0,-1.0534319076555887,0,RBF-SVM,-1.2709007221934252,-1.2709007221934252,-3.983574799761313,0.0,-1.0058118446773583,0,0,0,0
2025,38706,39.95,0,-1.1044310432624245,0,RBF-SVM,-1.3076915000744789,-1.3076915000744789,-3.7254940912616465,0.0,-0.8496770923076039,0,0,0,0
2025,149081,17.82,0,-0.8098945745606483,0,RBF-SVM,-0.7347647297442494,-0.7347647297442494,-3.269311746474777,0.0,-0.5385688365417539,0,0,0,0
2025,264636,635.21,0,-0.8877893285223005,0,RBF-SVM,-0.727050168774583,-0.727050168774583,-4.332520813188104,0.0,-0.3400206827272877,0,0,0,1
2025,21942,0.01,0,-0.9432157079128871,0,RBF-SVM,-1.1037046405982027,-1.1037046405982027,-2.944495903279323,0.0,-0.7570937997433224,0,0,0,0
2025,67179,50.0,0,-1.0699934491515999,0,RBF-SVM,-1.179403973676882,-1.179403973676882,-3.635401463534609,0.0,-0.9030649611042633,0,0,0,0
2025,186240,607.29,0,-0.760060266468616,0,RBF-SVM,-0.6336440827853056,-0.6336440827853056,-2.608793394409404,0.0,-0.3190129456357356,0,0,0,1
2025,68254,150.0,0,-1.0289666440508856,0,RBF-SVM,-1.2562167026730187,-1.2562167026730187,-3.6543290286225973,0.0,-0.6742412015276806,0,0,0,0
2025,93980,15.37,0,-0.9822152228116233,0,RBF-SVM,-1.0932121846796183,-1.0932121846796183,-2.664030857744467,0.0,-0.9497820123399954,0,0,0,0
2025,223366,1.0,1,-0.18090874036772836,1,RBF-SVM,0.8638891389057861,0.8638891389057861,2.3784026753760865,0.92,0.45350185580749536,1,1,1,1
2025,48094,24.9,1,-0.3823886300571835,1,RBF-SVM,0.5259187033467713,0.5259187033467713,1.6140520325954353,0.79,-0.28740098872842385,1,1,1,1
2025,199477,9.6,0,-0.9462975080202917,0,RBF-SVM,-1.0446893323203141,-1.0446893323203141,-3.5923131218864484,0.01,-0.7282922093963239,0,0,0,0
2025,221930,145.0,0,-0.8010653195407492,0,RBF-SVM,-0.7492240978417,-0.7492240978417,-2.923052274468293,0.03,-0.6560345106075026,0,0,0,0
2025,104598,9.99,0,-1.0731413142337796,0,RBF-SVM,-1.284651167601041,-1.284651167601041,-3.578808265276961,0.0,-1.1296934011677509,0,0,0,0
2025,242679,66.52,0,-1.0065489102433793,0,RBF-SVM,-1.1444218438654852,-1.1444218438654852,-3.4418898473692714,0.0,-0.5604409751000327,0,0,0,0
2025,219025,4.49,1,-1.0645405253608757,0,RBF-SVM,-1.0468115191398255,-1.0468115191398255,-2.446908399852983,0.0,-1.0021397134590178,0,0,0,0
2025,9014,125.26,0,-0.8682225633462082,0,RBF-SVM,-0.9787029629499062,-0.9787029629499062,-2.258935370595445,0.0,-0.36442475808535996,0,0,0,1
2025,228745,115.47,0,-1.0717817661641273,0,RBF-SVM,-1.177082309405994,-1.177082309405994,-3.783637398663318,0.0,-1.0911663691348905,0,0,0,0
2025,283681,174.98,0,-1.026730384546048,0,RBF-SVM,-1.2255505057254872,-1.2255505057254872,-3.2588439998735708,0.0,-0.45566283970905375,0,0,0,0
2025,15451,99.99,1,-0.5925835416574188,1,RBF-SVM,0.42090747281262,0.42090747281262,7.494951803223508,0.615,-0.31835190368838673,1,1,1,1
2025,80723,346.23,0,-1.0379223940192603,0,RBF-SVM,-1.0823243302838816,-1.0823243302838816,-3.188178069355343,0.0,-0.5984987091695848,0,0,0,0
2025,111793,110.0,0,-1.0930057413691583,0,RBF-SVM,-1.1190837001618428,-1.1190837001618428,-2.70003736223054,0.0,-0.6683978426791017,0,0,0,0
2025,105018,0.89,0,-1.0107559381923705,0,RBF-SVM,-1.248728839412153,-1.248728839412153,-3.2526112762126864,0.0,-1.2845038554500459,0,0,0,0
2025,9413,20.86,0,-0.980559185773892,0,RBF-SVM,-1.0147687649896566,-1.0147687649896566,-2.8862127708306593,0.0,-0.5873464634062229,0,0,0,0
2025,158232,1.0,0,-0.8653711642295165,0,RBF-SVM,-0.8246556526904807,-0.8246556526904807,-4.146118037373925,0.0,-0.6845328622435507,0,0,0,0
2025,19250,25.35,0,-0.9674729477721379,0,RBF-SVM,-0.8263576579727583,-0.8263576579727583,-2.870590845646644,0.0,-0.4084191096236393,0,0,0,1
2025,190368,175.9,1,-0.4539692425961316,1,RBF-SVM,0.7433501340669675,0.7433501340669675,2.514809780673865,0.83,-0.2616781713423629,1,1,1,1
2025,108858,1.0,0,-1.04267154020924,0,RBF-SVM,-1.0370663526395207,-1.0370663526395207,-4.177994672233456,0.0,-0.7474975501939425,0,0,0,0
2025,206930,34.38,0,-0.8509545346906779,0,RBF-SVM,-0.8603026874257513,-0.8603026874257513,-3.078511567642934,0.005,-0.5718909554459803,0,0,0,0
2025,103377,2.9,0,-1.0507203152616145,0,RBF-SVM,-1.1447870606579391,-1.1447870606579391,-2.956054272439022,0.0,-0.9383883696537558,0,0,0,0
2025,76684,20.99,0,-1.0484277118756893,0,RBF-SVM,-1.056684727666128,-1.056684727666128,-2.7700916970222402,0.0,-0.5694773726786838,0,0,0,0
2025,108258,0.76,1,-1.0097451326570104,0,RBF-SVM,-0.9998544668176803,-0.9998544668176803,-3.4453730655702777,0.0,-0.4780942346771724,0,0,0,0
2025,150678,30.31,1,-0.5228727315142426,1,RBF-SVM,0.35725669456480114,0.35725669456480114,13.57640939227194,0.995,-0.3187793430722977,1,1,1,1
2025,242520,7.7,0,-0.9155743554977922,0,RBF-SVM,-0.7709177058817764,-0.7709177058817764,-4.716178726708081,0.065,-0.31935731099426906,0,0,0,1
2025,8312,1.0,1,-0.4607688546081371,1,RBF-SVM,0.8116958231198734,0.8116958231198734,3.612352293864878,0.965,-0.2653469837878858,1,1,1,1
2025,110419,10.52,0,-1.0241082187023145,0,RBF-SVM,-1.261989567347785,-1.261989567347785,-3.2076610691365204,0.0,-1.0226260674974763,0,0,0,0
2025,274193,14.95,0,-1.0988811371706337,0,RBF-SVM,-1.215073312026742,-1.215073312026742,-3.4036416297515735,0.0,-1.0478777155273427,0,0,0,0
2025,212592,150.0,0,-1.0964460582645459,0,RBF-SVM,-1.2721969925277345,-1.2721969925277345,-3.33993594396901,0.0,-0.7055033597362719,0,0,0,0
2025,268815,421.21,0,-0.9363953237434539,0,RBF-SVM,-0.9136880154059488,-0.9136880154059488,-4.643536359770187,0.0,-0.3380614831475213,0,0,0,1
2025,150046,49.99,0,-0.7489178818831778,0,RBF-SVM,-0.2920601952179876,-0.2920601952179876,-2.3228019361622483,0.11,-0.33225196046713984,0,0,0,1
2025,186153,237.42,0,-0.9847544948878233,0,RBF-SVM,-1.0858462965156304,-1.0858462965156304,-3.2986541195474537,0.0,-0.4802273386070678,0,0,0,0
2025,25475,2.58,0,-1.0252258252725137,0,RBF-SVM,-1.20771735087136,-1.20771735087136,-3.75941418603943,0.0,-1.2598041919423884,0,0,0,0
2025,108842,19.99,0,-1.0273827311007346,0,RBF-SVM,-1.2989068908449655,-1.2989068908449655,-3.646466909339208,0.0,-0.6260660943019658,0,0,0,0
2025,196021,1.54,0,-0.6545428277071791,1,RBF-SVM,-0.3938527734262071,-0.3938527734262071,-5.3057280041330515,0.0,-0.31878571308706927,0,0,0,1
2025,63421,99.99,1,-0.6317289897951706,1,RBF-SVM,0.4296190789701958,0.4296190789701958,4.226486671785771,0.495,-0.31875731841591987,1,1,1,1
2025,167566,19.8,0,-0.6804750939897578,1,RBF-SVM,-0.4237003514448608,-0.4237003514448608,-2.010832225846989,0.0,-0.34713931703374884,0,0,0,1
2025,143731,240.77,1,-0.5884912648356238,1,RBF-SVM,0.7394767131206752,0.7394767131206752,5.975368081689846,0.875,-0.3175826851593492,1,1,1,1
2025,263877,0.38,1,-0.2669064408262902,1,RBF-SVM,0.806096466077758,0.806096466077758,4.337435036105221,0.84,-0.316018300986697,1,1,1,1
2025,263356,1.0,0,-0.9240598288390246,0,RBF-SVM,-1.080369166127005,-1.080369166127005,-3.0784154611356267,0.0,-0.41037061222531246,0,0,0,1
2025,282167,10.0,0,-1.002744066618609,0,RBF-SVM,-1.238340707124533,-1.238340707124533,-3.4028928215207728,0.0,-0.8801476625851448,0,0,0,0
2025,202981,9.99,0,-1.0389130055255171,0,RBF-SVM,-1.307466742215221,-1.307466742215221,-3.608607273315314,0.0,-1.0166931335309923,0,0,0,0
2025,258403,296.0,1,-0.6675385636792244,1,RBF-SVM,0.07795323201710769,0.07795323201710769,-0.0385862367242189,0.52,-0.3187796607945061,0,0,1,1
2025,51864,2407.72,0,-0.7772357791400819,0,RBF-SVM,0.28901369315960357,0.28901369315960357,-1.6129323844326418,0.005,-0.31931459530523026,1,0,0,1
2025,180214,96.53,0,-0.9584715632910022,0,RBF-SVM,-0.9914325831658586,-0.9914325831658586,-3.099205262239697,0.0,-0.7139556969141299,0,0,0,0
2025,156797,14.9,0,-0.9948603675914416,0,RBF-SVM,-1.0792659396242124,-1.0792659396242124,-2.704453281757477,0.0,-0.4131360862850901,0,0,0,1
2025,61690,32.5,0,-1.0269679938700809,0,RBF-SVM,-1.1247402666234898,-1.1247402666234898,-2.871556411233154,0.0,-0.7363629781314798,0,0,0,0
2025,216140,6.25,0,-0.9880368168028415,0,RBF-SVM,-1.2411099047568532,-1.2411099047568532,-4.007130220750325,0.0,-0.8472473441050964,0,0,0,0
2025,157091,0.89,0,-0.9688550515900065,0,RBF-SVM,-1.0711872866486023,-1.0711872866486023,-3.3879458367920123,0.0,-0.6930625401187233,0,0,0,0
2025,99358,45.87,0,-0.9843243265295931,0,RBF-SVM,-1.1348200678242923,-1.1348200678242923,-3.614812568551808,0.0,-0.45256561555023733,0,0,0,0
2025,113771,107.49,0,-0.8785708107622732,0,RBF-SVM,-0.7983620208144868,-0.7983620208144868,-2.961403525056818,0.0,-0.4848784543874935,0,0,0,0
2025,84310,193.64,0,-1.009607927983803,0,RBF-SVM,-1.2470212811173682,-1.2470212811173682,-4.0294855937132015,0.0,-0.36135273485842073,0,0,0,1
2025,263735,9.99,0,-1.0241366668806062,0,RBF-SVM,-1.2189562394544446,-1.2189562394544446,-3.442748334211214,0.0,-0.9458441465772828,0,0,0,0
2025,236918,5.99,0,-0.9755026666366483,0,RBF-SVM,-1.1233730592779723,-1.1233730592779723,-3.188226172714092,0.0,-1.1387637054616353,0,0,0,0
2025,161549,395.0,0,-0.8906017873039218,0,RBF-SVM,-0.9226386760779148,-0.9226386760779148,-2.623040529153874,0.0,-0.5681348264451951,0,0,0,0
2025,174613,10.0,0,-0.9102238965736255,0,RBF-SVM,-0.8082081585134557,-0.8082081585134557,-3.256717366183478,0.02,-0.47160170788013145,0,0,0,0
2025,245120,2.31,0,-1.0456426598808997,0,RBF-SVM,-1.2806525384687142,-1.2806525384687142,-3.8305237037259614,0.0,-0.3971429805426826,0,0,0,1
2025,162780,34.32,0,-0.9435518311003823,0,RBF-SVM,-1.267260576052375,-1.267260576052375,-3.427180692554781,0.0,-0.8643942322960624,0,0,0,0
2025,281144,245.0,1,-0.5444248547740743,1,RBF-SVM,0.4577985584280825,0.4577985584280825,1.8084966383917975,0.8,-0.3035409573115194,1,1,1,1
2025,89292,13.57,0,-0.9337478194282961,0,RBF-SVM,-1.2048043307902205,-1.2048043307902205,-4.270470173839791,0.0,-0.5743939956963192,0,0,0,0
2025,283650,2.58,0,-1.0361344281063578,0,RBF-SVM,-1.1391979510398271,-1.1391979510398271,-3.0113980816478496,0.0,-1.069294257038341,0,0,0,0
2025,196857,500.0,0,-0.8737154556425462,0,RBF-SVM,-0.7687852776500004,-0.7687852776500004,-2.9669160814173257,0.0,-0.526865250292259,0,0,0,0
2025,43061,34.12,1,-0.5611138690296759,1,RBF-SVM,0.35129762576621676,0.35129762576621676,11.688171194369119,0.96,-0.3187793430722977,1,1,1,1
2025,199422,84.95,0,-1.062258848471056,0,RBF-SVM,-1.2939619295912044,-1.2939619295912044,-4.245796325861348,0.0,-0.8895955519196987,0,0,0,0
2025,35820,101.62,0,-1.034607776566352,0,RBF-SVM,-1.2280821006385951,-1.2280821006385951,-3.5125842953427613,0.01,-0.5993208557674958,0,0,0,0
2025,215385,702.83,0,-0.7991818105957673,0,RBF-SVM,-0.49196798136144454,-0.49196798136144454,-2.230343649761029,0.005,-0.3277785318250697,0,0,0,1
2025,204079,108.51,1,-1.0869200844503384,0,RBF-SVM,-1.2261474243766002,-1.2261474243766002,-3.1791290193532142,0.0,-1.007163129689332,0,0,0,0
2025,234705,0.0,1,-0.7195947692466538,0,RBF-SVM,0.8178170118343602,0.8178170118343602,1.792410692666595,0.955,-0.2931146492070591,1,1,1,1
2025,11710,1.0,1,-0.6013785002598429,1,RBF-SVM,0.3542931070820615,0.3542931070820615,12.272330699734228,0.995,-0.3187793430722977,1,1,1,1
2025,218231,0.12,0,-1.018844849024759,0,RBF-SVM,-0.9479637614397023,-0.9479637614397023,-3.189764939286345,0.0,-0.32430743859601135,0,0,0,1
2025,234210,81.8,0,-1.0595519265901434,0,RBF-SVM,-1.1976295931303145,-1.1976295931303145,-3.5015428187981033,0.01,-0.769805312935056,0,0,0,0
2025,222810,1.49,0,-0.7455653391563861,0,RBF-SVM,-0.42520537561970545,-0.42520537561970545,-2.195556348971304,0.415,-0.35263115020940655,0,0,1,1
2025,189775,139.0,0,-1.067829243293571,0,RBF-SVM,-1.170033355288494,-1.170033355288494,-2.8652008122153223,0.0,-0.42634775349142817,0,0,0,0
2025,113951,4.49,0,-1.0755468694281993,0,RBF-SVM,-1.187604670656422,-1.187604670656422,-3.0102161968837207,0.0,-1.1353958490957001,0,0,0,0
2025,139839,250.0,0,-1.003330759493583,0,RBF-SVM,-1.171431402664845,-1.171431402664845,-3.595759565218114,0.0,-1.0263638929077983,0,0,0,0
2025,14784,61.0,0,-1.015670672691716,0,RBF-SVM,-1.278722696987291,-1.278722696987291,-3.220585365283385,0.0,-1.104443550796302,0,0,0,0
2025,186661,5.9,0,-1.0047461075256594,0,RBF-SVM,-1.1591613004869812,-1.1591613004869812,-3.813150807189759,0.0,-0.8396488869180085,0,0,0,0
2025,154571,0.0,0,-1.019380748831161,0,RBF-SVM,-1.2233048418724213,-1.2233048418724213,-3.423020322647261,0.0,-0.6323031649479669,0,0,0,0
2025,140121,13.79,0,-0.8890249134350403,0,RBF-SVM,-1.1299452998334376,-1.1299452998334376,-3.259901613951086,0.0,-0.8924033971853266,0,0,0,0
2025,228707,0.69,0,-0.963998505387007,0,RBF-SVM,-0.9801801851846175,-0.9801801851846175,-2.4726026695647283,0.0,-0.997506684737429,0,0,0,0
2025,120928,110.0,0,-0.9850424490430865,0,RBF-SVM,-1.1697484604285437,-1.1697484604285437,-3.4047415680834443,0.0,-0.4260329016416921,0,0,0,0
2025,162823,4.4,0,-1.0034524591120455,0,RBF-SVM,-1.2457502807639371,-1.2457502807639371,-3.181578952995202,0.0,-0.32342228313287313,0,0,0,1
2025,47567,596.39,0,-0.899486163513724,0,RBF-SVM,-0.5118250611304214,-0.5118250611304214,-2.252501890655931,0.0,-0.5457980048843559,0,0,0,0
2025,100896,6.45,0,-1.0127799329442317,0,RBF-SVM,-1.0938871408627058,-1.0938871408627058,-4.1117327956362235,0.0,-1.192096622282869,0,0,0,0
2025,126756,88.79,0,-0.9708324331343285,0,RBF-SVM,-1.3220921730648332,-1.3220921730648332,-4.016712363530668,0.0,-0.9758243539938524,0,0,0,0
2025,268162,339.8,0,-0.9707932705578326,0,RBF-SVM,-1.1740863893755713,-1.1740863893755713,-3.4305082026229403,0.0,-0.6777535958864285,0,0,0,0
2025,27738,125.3,1,-0.5662206702879123,1,RBF-SVM,0.7492936904613351,0.7492936904613351,4.117329502572288,0.97,-0.31858709365800164,1,1,1,1
2025,73889,38.2,0,-1.0349229139013945,0,RBF-SVM,-1.1137232254688165,-1.1137232254688165,-3.99343752304155,0.0,-1.0604697485403247,0,0,0,0
2025,42945,0.76,1,-0.5776907154040207,1,RBF-SVM,0.3507475046721502,0.3507475046721502,11.77548012720114,0.96,-0.3187793430722977,1,1,1,1
2025,152930,4.06,0,-1.0495226310688568,0,RBF-SVM,-1.2639800896319948,-1.2639800896319948,-2.9816448044993993,0.0,-0.5841958567553359,0,0,0,0
2025,95780,116.87,0,-0.858240752606384,0,RBF-SVM,-0.7291942951889849,-0.7291942951889849,-2.3040397832175814,0.0,-0.5172992791289104,0,0,0,0
2025,269703,29.59,0,-1.1165885127263722,0,RBF-SVM,-1.1776085379212522,-1.1776085379212522,-3.8745148537826237,0.0,-1.0170142748879076,0,0,0,0
2025,75061,4.39,0,-1.047863523746114,0,RBF-SVM,-1.2513092417796154,-1.2513092417796154,-3.818849803694491,0.0,-0.5335677082981909,0,0,0,0
2025,84600,130.99,0,-1.0468650900546796,0,RBF-SVM,-1.2373890692942104,-1.2373890692942104,-3.4766117253455033,0.0,-0.8568944986586194,0,0,0,0
2025,1902,79.0,0,-0.7858165499760575,0,RBF-SVM,-0.4311792416467524,-0.4311792416467524,-2.8964914396951253,0.135,-0.34874344243576383,0,0,0,1
2025,38084,28.0,0,-0.9980525112417415,0,RBF-SVM,-1.0314265892809626,-1.0314265892809626,-3.503929394643683,0.0,-0.6988340969058859,0,0,0,0
2025,163149,17.06,1,-0.32644513725818486,1,RBF-SVM,0.8982705147284156,0.8982705147284156,3.106248852593384,0.985,-0.305570096466134,1,1,1,1
2025,83297,319.2,1,-0.7033896604187253,0,RBF-SVM,0.0731678842959732,0.0731678842959732,-3.189254396007526,0.56,-0.31877945090871806,0,0,1,1
2025,15566,99.99,1,-0.5589214193705534,1,RBF-SVM,0.5628555593059179,0.5628555593059179,6.623302128691288,0.64,-0.29641488075086964,1,1,1,1
2025,56248,235.75,0,-0.9366509717633569,0,RBF-SVM,-0.851079194337734,-0.851079194337734,-3.2803963387501254,0.03,-0.5912889959815157,0,0,0,0
2025,123349,0.76,0,-0.9950434212620105,0,RBF-SVM,-0.8997717671876324,-0.8997717671876324,-3.0829060009097287,0.0,-0.945316247473084,0,0,0,0
2025,11343,1.0,1,-0.5567250183874346,1,RBF-SVM,0.3553443686441237,0.3553443686441237,12.45428493171751,0.995,-0.3187793430722977,1,1,1,1
2025,146531,1.0,0,-0.8260086475576555,0,RBF-SVM,-0.9825133741423395,-0.9825133741423395,-3.6919916106275608,0.0,-0.46639530126696144,0,0,0,0
2025,54384,119.6,0,-0.9749740772403352,0,RBF-SVM,-1.2394655400381533,-1.2394655400381533,-3.5147001735813634,0.0,-0.7444129335050278,0,0,0,0
2025,238771,4.49,0,-1.0848952381912562,0,RBF-SVM,-1.3189588640010728,-1.3189588640010728,-3.5069349264556293,0.01,-0.9974646573489039,0,0,0,0
2025,271428,0.77,0,-0.9898800688670015,0,RBF-SVM,-1.1582527652940449,-1.1582527652940449,-4.603146480687549,0.0,-0.3479872732920036,0,0,0,1
2025,137793,1.98,0,-0.8201561247724668,0,RBF-SVM,-0.9591927830785671,-0.9591927830785671,-3.8463605192719834,0.0,-0.8928360502834727,0,0,0,0
2025,171861,176.0,0,-1.023047865586987,0,RBF-SVM,-1.0841861830794735,-1.0841861830794735,-3.1260084139600632,0.005,-0.9789333819401558,0,0,0,0
2025,265156,296.0,0,-0.9091806086150922,0,RBF-SVM,-0.9261366745835578,-0.9261366745835578,-3.6200824320472482,0.0,-0.6400431693936062,0,0,0,0
2025,99565,20.0,0,-0.8263980462414141,0,RBF-SVM,-0.777716082515524,-0.777716082515524,-4.826431332883824,0.0,-0.319884812111565,0,0,0,1
2025,19347,16.98,0,-0.991996502185848,0,RBF-SVM,-0.9579889285645768,-0.9579889285645768,-3.192464139374221,0.0,-0.8379394820029669,0,0,0,0
2025,84525,64.45,0,-0.9792058067396425,0,RBF-SVM,-1.0848848801940663,-1.0848848801940663,-3.9001567782834323,0.0,-1.1607692465268686,0,0,0,0
2025,66399,507.25,0,-0.8628997255106887,0,RBF-SVM,-0.8531464005146498,-0.8531464005146498,-3.150157644250793,0.0,-0.60968006928961,0,0,0,0
2025,241728,1.98,0,-0.9962000148646926,0,RBF-SVM,-1.048931295404097,-1.048931295404097,-3.3017922237232473,0.0,-0.39708576616602287,0,0,0,1
2025,261077,43.67,0,-0.8601306982729774,0,RBF-SVM,-0.9487243612689573,-0.9487243612689573,-3.310789726926223,0.0,-0.5752800813243477,0,0,0,0
2025,124176,1.0,1,-0.7181671529436983,0,RBF-SVM,-0.26979924456311116,-0.26979924456311116,-2.271590611151017,0.1,-0.37637809701070324,0,0,0,1
2025,89190,1402.16,1,-0.574702081224928,1,RBF-SVM,0.6671878555648489,0.6671878555648489,2.8873063308823226,0.57,-0.318778480588346,1,1,1,1
2025,253630,34.9,0,-0.9460584671294288,0,RBF-SVM,-0.9319150387816797,-0.9319150387816797,-3.4663558385300783,0.0,-0.5606975321678914,0,0,0,0
2025,76555,153.46,1,-0.526522264338093,1,RBF-SVM,0.5021177301868217,0.5021177301868217,7.571403686568484,0.96,-0.3187793294129673,1,1,1,1
2025,78114,5.0,0,-0.9988432790688527,0,RBF-SVM,-1.25259161002632,-1.25259161002632,-3.893775596375979,0.0,-0.8703695126224841,0,0,0,0
2025,78276,12.75,0,-1.0744206226901145,0,RBF-SVM,-1.2476229361460522,-1.2476229361460522,-3.439450467978755,0.0,-1.2356095082628888,0,0,0,0
2025,143188,2.0,1,-0.7913287199646077,0,RBF-SVM,0.43112805207141214,0.43112805207141214,1.2543317496755217,0.6,-0.2419960893758581,1,1,1,1
2025,133577,240.8,0,-0.8163386317811028,0,RBF-SVM,-0.9884954984089787,-0.9884954984089787,-2.6538622772589644,0.0,-0.47119998569609267,0,0,0,0
2025,171437,54.0,0,-1.0335352667978381,0,RBF-SVM,-1.001747195332748,-1.001747195332748,-3.332459483800927,0.0,-0.9797593069317492,0,0,0,0
2025,52221,6.26,0,-1.0350150180186355,0,RBF-SVM,-1.240223314098024,-1.240223314098024,-3.4902684541133002,0.0,-0.827946960216821,0,0,0,0
2025,225758,1.0,0,-0.6605892889946186,1,RBF-SVM,0.08677898737218798,0.08677898737218798,-4.73697978179874,0.115,-0.3187793481299246,0,0,0,1
2025,135378,51.0,0,-1.0228334717722696,0,RBF-SVM,-1.1487077463747,-1.1487077463747,-2.754612311052697,0.0,-1.103539696867072,0,0,0,0
2025,61193,13.0,0,-0.8652872688348268,0,RBF-SVM,-0.8578748663559415,-0.8578748663559415,-2.5963301216956323,0.0,-0.5402891171224509,0,0,0,0
2025,28078,139.46,0,-0.9721937516190093,0,RBF-SVM,-0.9171968759579183,-0.9171968759579183,-3.099586375759706,0.0,-0.49761530069352744,0,0,0,0
2025,2546,1.0,0,-0.9885268697013282,0,RBF-SVM,-0.9919736265300763,-0.9919736265300763,-4.306545351613623,0.0,-0.7801956496471755,0,0,0,0
2025,129925,21.3,0,-0.800956396998895,0,RBF-SVM,-0.7130085502987116,-0.7130085502987116,-5.205324286852905,0.0,-0.3188996500453133,0,0,0,1
2025,73857,0.83,1,-0.4696912822014506,1,RBF-SVM,0.4734982497736506,0.4734982497736506,8.534087953834463,0.975,-0.31877932402250864,1,1,1,1
2025,62038,1.0,0,-1.0906176290085547,0,RBF-SVM,-1.2244379481391383,-1.2244379481391383,-4.013428026672017,0.0,-0.9610540248167055,0,0,0,0
2025,5804,95.48,0,-0.9225174142777437,0,RBF-SVM,-0.9498812127599507,-0.9498812127599507,-2.6707580259107444,0.0,-0.602070295134278,0,0,0,0
2025,124036,129.0,1,-0.895087159537474,0,RBF-SVM,-0.9394293745819564,-0.9394293745819564,-2.730054069649247,0.0,-0.7667644004358405,0,0,0,0
2025,153835,1.0,1,-0.6434807397093183,1,RBF-SVM,0.3533952297987365,0.3533952297987365,13.422220764063825,0.97,-0.3187793430722977,1,1,1,1
2025,215132,723.21,1,-0.5738279835476399,1,RBF-SVM,0.9231865237917973,0.9231865237917973,5.084430380955185,0.98,-0.3164520692243895,1,1,1,1
2025,208113,309.06,0,-0.6704323637945447,1,RBF-SVM,-0.5920112462979585,-0.5920112462979585,-2.006075093420434,0.0,-0.31879044112796806,0,0,0,1
2025,159870,45.0,0,-1.0354336733373097,0,RBF-SVM,-1.1615286894261592,-1.1615286894261592,-4.15641645447582,0.0,-0.9800433611136616,0,0,0,0
2025,51519,204.0,0,-0.9215495591470686,0,RBF-SVM,-1.2668800472020678,-1.2668800472020678,-3.332156100761196,0.0,-0.7968294980088146,0,0,0,0
2025,159521,60.0,0,-0.9997479355164303,0,RBF-SVM,-1.2925297389380788,-1.2925297389380788,-3.697850610856092,0.0,-1.0885259157588125,0,0,0,0
2025,131272,0.2,1,-0.809605974892892,0,RBF-SVM,-0.985103113341935,-0.985103113341935,-2.8308432827249037,0.0,-0.4971464664664257,0,0,0,0
2025,26880,19.0,0,-0.9557708440030308,0,RBF-SVM,-1.1516999055107888,-1.1516999055107888,-3.565558281344619,0.005,-0.950894924875479,0,0,0,0
2025,128940,68.28,0,-1.0934432856095397,0,RBF-SVM,-1.314064000895773,-1.314064000895773,-3.6617015061397424,0.0,-1.1468618706756373,0,0,0,0
2025,172876,273.29,0,-1.071054213242331,0,RBF-SVM,-1.1906959628528508,-1.1906959628528508,-3.198874007074524,0.0,-0.8144734112444789,0,0,0,0
2025,164808,6.66,0,-1.0394704180126193,0,RBF-SVM,-1.075289947942206,-1.075289947942206,-3.698025351177849,0.0,-0.9763321362021637,0,0,0,0
2025,229603,3.78,0,-1.0991127900998996,0,RBF-SVM,-1.3021749955902295,-1.3021749955902295,-3.8735593959406787,0.0,-0.773468597183554,0,0,0,0
2025,129990,1.29,0,-1.063496048228853,0,RBF-SVM,-1.2691676770406046,-1.2691676770406046,-3.4030168582231415,0.0,-0.6258593641274599,0,0,0,0
2025,154952,9.98,0,-0.9795854357484762,0,RBF-SVM,-1.2129754772102084,-1.2129754772102084,-3.620898827046296,0.0,-0.4958784785720178,0,0,0,0
2025,187393,11.96,0,-0.8680843286030824,0,RBF-SVM,-1.0290750329640783,-1.0290750329640783,-3.782731170090668,0.0,-0.4021185447223738,0,0,0,1
2025,144103,24.71,0,-0.9766760328233605,0,RBF-SVM,-1.1994302440849274,-1.1994302440849274,-2.924415857161722,0.0,-0.46093088670988536,0,0,0,0
2025,22514,86.1,0,-0.97350302509757,0,RBF-SVM,-0.7867347225418322,-0.7867347225418322,-2.139489490319776,0.0,-0.5504734196498053,0,0,0,0
2025,92777,294.9,1,-0.6811254915314466,1,RBF-SVM,0.8410967892291406,0.8410967892291406,6.773431591931901,0.97,-0.3186529235085482,1,1,1,1
2025,44515,0.01,0,-0.8628474164349081,0,RBF-SVM,-0.9117816355420258,-0.9117816355420258,-3.653578583828618,0.0,-0.7438785392702805,0,0,0,0
2025,76252,12.95,0,-1.0503065261963425,0,RBF-SVM,-1.2854282255563942,-1.2854282255563942,-3.457027430563135,0.0,-1.242416068834892,0,0,0,0
2025,248146,110.9,0,-0.7549533949992113,0,RBF-SVM,-0.6213834811229664,-0.6213834811229664,-2.8047991599791726,0.0,-0.46104917410119695,0,0,0,0
2025,95534,31.91,1,-0.9360603314961939,0,RBF-SVM,-1.003183174331907,-1.003183174331907,-3.0708497137150452,0.0,-0.6069690578821754,0,0,0,0
2025,123141,254.76,1,-0.5034937527819466,1,RBF-SVM,0.6843513498600065,0.6843513498600065,5.565174717229198,0.805,-0.3187687525658253,1,1,1,1
2025,44556,1.0,1,-0.6530129759492472,1,RBF-SVM,0.7665075192751358,0.7665075192751358,5.22565152964267,0.965,-0.31869333310799014,1,1,1,1
2025,6971,1809.68,1,-0.7182830792369556,0,RBF-SVM,0.24131920761016495,0.24131920761016495,0.5287389663940862,0.51,-0.31877934181089407,1,1,1,1
2025,257007,14.95,0,-0.9845391201390541,0,RBF-SVM,-1.2061179839448004,-1.2061179839448004,-3.0212040226740693,0.0,-0.48340735717319044,0,0,0,0
2025,283851,1.0,0,-1.0339718491497139,0,RBF-SVM,-1.2154474129389425,-1.2154474129389425,-4.206806808288534,0.0,-1.1325359085365156,0,0,0,0
2025,248946,0.89,0,-1.0328253128652118,0,RBF-SVM,-1.1144164476887843,-1.1144164476887843,-2.8487364291196875,0.0,-1.088460871425733,0,0,0,0
2025,272216,1.79,0,-1.0271032613232496,0,RBF-SVM,-1.1256933754450469,-1.1256933754450469,-2.997216533043688,0.0,-1.1308811776100924,0,0,0,0
2025,1479,0.85,0,-1.049091467860309,0,RBF-SVM,-1.2435005141717008,-1.2435005141717008,-3.358722868232101,0.0,-1.017721535282671,0,0,0,0
2025,179262,1.0,0,-1.0472481126705406,0,RBF-SVM,-1.235158277318346,-1.235158277318346,-3.222168788335425,0.0,-0.7167203353683942,0,0,0,0
2025,240291,20.16,0,-1.0821077427238128,0,RBF-SVM,-1.0740476499231326,-1.0740476499231326,-4.385425217456662,0.0,-0.5036222407561535,0,0,0,0
2025,6704,4.38,0,-1.0379668135306503,0,RBF-SVM,-1.087837551387168,-1.087837551387168,-2.9708790559212757,0.0,-0.443816648424029,0,0,0,0
2025,158529,57.8,0,-0.8734104735495072,0,RBF-SVM,-1.1097866144369695,-1.1097866144369695,-3.290151045177431,0.0,-0.3933901491841773,0,0,0,1
2025,158417,2.36,0,-0.7577049060686321,0,RBF-SVM,-0.7047732162215656,-0.7047732162215656,-3.1393625292330842,0.0,-0.3281257093402864,0,0,0,1
2025,134417,30.0,0,-0.9766101209195575,0,RBF-SVM,-1.1175816486204657,-1.1175816486204657,-4.180367590409562,0.0,-1.04134522405673,0,0,0,0
2025,11708,55.95,0,-0.9714692518002916,0,RBF-SVM,-1.0985107772046614,-1.0985107772046614,-2.7483448553151235,0.0,-0.45602092624422197,0,0,0,0
2025,203324,1.0,1,-0.596204165656095,1,RBF-SVM,0.5915952255118809,0.5915952255118809,2.030916945938491,0.86,-0.304045554561219,1,1,1,1
2025,87922,427.41,0,-0.9429054507569818,0,RBF-SVM,-0.6312155299605757,-0.6312155299605757,-2.795202849607699,0.0,-0.4621689318797515,0,0,0,0
2025,206763,267.79,0,-0.8751065535797107,0,RBF-SVM,-1.001436831086636,-1.001436831086636,-2.62339772448503,0.0,-0.8699337468619686,0,0,0,0
2025,4526,2.0,0,-1.0593733439466175,0,RBF-SVM,-1.083781873047268,-1.083781873047268,-3.596311889816783,0.005,-0.3968837140194597,0,0,0,1
2025,261656,6.28,0,-1.0510882616285917,0,RBF-SVM,-1.2126922583283068,-1.2126922583283068,-3.3017432112230716,0.0,-1.0666624019824307,0,0,0,0
2025,116599,17.99,0,-0.6914995915082013,1,RBF-SVM,-0.532648017157817,-0.532648017157817,-4.920203456640733,0.005,-0.4061821145229384,0,0,0,1
2025,15736,99.99,1,-0.5704408192897473,1,RBF-SVM,0.6141680439309557,0.6141680439309557,6.405193123617753,0.665,-0.26992950336627647,1,1,1,1
2025,104581,500.0,0,-1.154873294160193,0,RBF-SVM,-1.0060519085173352,-1.0060519085173352,-3.128831291132361,0.0,-0.4068074953993316,0,0,0,1
2025,196915,9.81,0,-0.7708235422755714,0,RBF-SVM,-0.7541249934685856,-0.7541249934685856,-3.381744950277959,0.03,-0.3278556512834789,0,0,0,1
2025,134756,17.99,0,-0.9320285586960794,0,RBF-SVM,-0.9283634501184961,-0.9283634501184961,-2.5345268553991156,0.0,-0.4190708580508327,0,0,0,0
2025,134391,1.98,0,-0.8946420675765214,0,RBF-SVM,-0.9238388402802946,-0.9238388402802946,-3.53739679896318,0.0,-0.7538681625379025,0,0,0,0
2025,93728,49.55,0,-0.9210984843004827,0,RBF-SVM,-0.9081723769439956,-0.9081723769439956,-2.2296932102656086,0.0,-0.4758173669477155,0,0,0,0
2025,14843,11.99,0,-1.0216396155739673,0,RBF-SVM,-1.2678226653941143,-1.2678226653941143,-3.5544616579851724,0.0,-1.2490233422532215,0,0,0,0
2025,35929,1.0,0,-0.9937182954443085,0,RBF-SVM,-1.1368966122309425,-1.1368966122309425,-4.230420861734477,0.0,-1.0936617209715507,0,0,0,0
2025,174964,39.0,0,-0.8584098733422025,0,RBF-SVM,-0.9401461543674077,-0.9401461543674077,-3.0732857497501906,0.005,-0.32592444534650017,0,0,0,1
2025,274382,0.0,1,-0.699635862027268,0,RBF-SVM,0.046863569896140655,0.046863569896140655,-1.3333622781463796,0.09,-0.31877935373823163,0,0,0,1
2025,159133,8.98,0,-0.9867189157366569,0,RBF-SVM,-1.2163016434821867,-1.2163016434821867,-3.1883484599416554,0.0,-1.0552747385543149,0,0,0,0
2025,19148,1.54,0,-0.845116492849126,0,RBF-SVM,-0.7532689822865277,-0.7532689822865277,-3.3769070014637,0.0,-0.40846660136197316,0,0,0,1
2025,181264,8.99,0,-0.9501438176677335,0,RBF-SVM,-1.270697509684388,-1.270697509684388,-3.334164769273344,0.0,-1.0965248483102799,0,0,0,0
2025,196234,27.53,0,-1.0446647469767518,0,RBF-SVM,-1.2832315800118974,-1.2832315800118974,-3.6217935748577426,0.0,-1.059887841086954,0,0,0,0
2025,255858,50.0,0,-0.9764003331140467,0,RBF-SVM,-1.0651068982822411,-1.0651068982822411,-3.115995243882831,0.0,-0.44172481559078924,0,0,0,0
2025,117208,4.0,0,-1.050795388817122,0,RBF-SVM,-1.1325837328976691,-1.1325837328976691,-2.923625940556632,0.0,-0.9672996581642345,0,0,0,0
2025,43204,106.55,1,-0.5146029434823487,1,RBF-SVM,0.3505051512934995,0.3505051512934995,10.57348521047577,0.77,-0.3187793430722977,1,1,1,1
2025,171862,8.99,0,-0.9770337998926801,0,RBF-SVM,-1.2176871929771957,-1.2176871929771957,-3.1815407270221288,0.0,-1.0163344667733987,0,0,0,0
2025,150752,36.0,0,-1.0601505229712744,0,RBF-SVM,-1.1648444859996667,-1.1648444859996667,-3.4310678568442077,0.0,-0.6509262924449344,0,0,0,0
2025,158176,11.34,0,-0.9635593703955281,0,RBF-SVM,-1.0667056517894304,-1.0667056517894304,-3.07286386979953,0.0,-0.4486349022077494,0,0,0,0
2025,102717,78.26,0,-1.093491483363347,0,RBF-SVM,-1.2979607416499959,-1.2979607416499959,-3.226181867196609,0.0,-0.7362485404091246,0,0,0,0
2025,182094,66.1,0,-1.0634198245567175,0,RBF-SVM,-1.1765500021021573,-1.1765500021021573,-3.1278766562641636,0.0,-0.6707046377270733,0,0,0,0
2025,39015,42.95,0,-1.001997502624856,0,RBF-SVM,-1.218077526849018,-1.218077526849018,-3.0271668113482773,0.0,-0.7501386513983316,0,0,0,0
2025,73324,34.6,0,-1.0253702652492962,0,RBF-SVM,-1.203817092717991,-1.203817092717991,-3.3004820421228773,0.0,-0.7692869730884151,0,0,0,0
2025,278396,12.99,0,-1.0229910221743115,0,RBF-SVM,-0.9176187495114898,-0.9176187495114898,-3.7995499302379305,0.0,-0.9380703356705804,0,0,0,0
2025,249239,1096.99,1,-0.8491471662168784,0,RBF-SVM,-0.037805297015164996,-0.037805297015164996,-2.948972191503408,0.0,-0.3302414791049348,0,0,0,1
2025,276703,284.8,0,-1.0567853468514299,0,RBF-SVM,-1.215030849789488,-1.215030849789488,-3.1141686686748815,0.0,-1.2025129271448078,0,0,0,0
2025,7958,39.0,0,-0.9932033829940821,0,RBF-SVM,-1.2630649243334924,-1.2630649243334924,-3.078257553135695,0.0,-0.599703930520652,0,0,0,0
2025,201067,0.99,0,-1.003912195532373,0,RBF-SVM,-1.222013776044102,-1.222013776044102,-3.4786976526106552,0.0,-0.9528453910149222,0,0,0,0
2025,284030,1.99,0,-1.0488821805390451,0,RBF-SVM,-1.1729516882414626,-1.1729516882414626,-3.8634659399366047,0.0,-0.677322446924356,0,0,0,0
2025,230116,86.87,0,-0.9474321419242169,0,RBF-SVM,-0.8156596554461442,-0.8156596554461442,-3.413413957924061,0.03,-0.6442484178474127,0,0,0,0
2025,8845,30.39,1,-0.61624985077718,1,RBF-SVM,0.8032887039700585,0.8032887039700585,8.308408546924248,0.99,-0.313040469503593,1,1,1,1
2025,58910,15.0,0,-1.000230849382343,0,RBF-SVM,-1.2453786328947238,-1.2453786328947238,-3.9686538184139,0.005,-0.8189289832847519,0,0,0,0
2025,156180,14.81,0,-0.9775910762713675,0,RBF-SVM,-0.9341768343078147,-0.9341768343078147,-2.8070586447492456,0.0,-0.4142832489272273,0,0,0,0
2025,18620,90.0,0,-0.9860584670258372,0,RBF-SVM,-1.2034823959129781,-1.2034823959129781,-3.51594915250579,0.0,-1.065964357190265,0,0,0,0
2025,176212,1.0,0,-0.852690551682991,0,RBF-SVM,-0.9543899488208605,-0.9543899488208605,-2.9819518898303743,0.0,-0.47279700224128396,0,0,0,0
2025,106639,20.97,0,-1.0571414153081522,0,RBF-SVM,-1.2304513449636458,-1.2304513449636458,-3.034317554113576,0.0,-0.7503788119439778,0,0,0,0
2025,122626,6.99,0,-1.0801009771473187,0,RBF-SVM,-1.2094519963412034,-1.2094519963412034,-2.9261299560537046,0.0,-1.1470309916157362,0,0,0,0
2025,153343,49.0,0,-0.9983312583111219,0,RBF-SVM,-1.0085757323062436,-1.0085757323062436,-3.0353420489097083,0.0,-0.595994586184204,0,0,0,0
2025,191544,80.9,1,-0.4984282509221352,1,RBF-SVM,0.7522502271966452,0.7522502271966452,2.5713417299189625,0.85,-0.28912439090120856,1,1,1,1
2025,265313,82.2,0,-1.124303281422236,0,RBF-SVM,-1.1853163159976434,-1.1853163159976434,-2.9234121699680564,0.0,-0.8101396199469291,0,0,0,0
2025,217118,81.1,0,-1.0306292680584501,0,RBF-SVM,-1.025291830988306,-1.025291830988306,-3.4428415416719247,0.0,-0.5551605830318481,0,0,0,0
2025,25635,159.0,0,-1.1291074413473425,0,RBF-SVM,-1.2572847854927012,-1.2572847854927012,-3.5824830032731647,0.0,-0.9397066470553768,0,0,0,0
2025,100967,138.87,0,-0.9704983314821171,0,RBF-SVM,-0.9816937812740267,-0.9816937812740267,-3.1420881095203135,0.0,-0.7153250311002842,0,0,0,0
2025,176084,76.0,0,-1.003955733916026,0,RBF-SVM,-1.1410187872255049,-1.1410187872255049,-3.6420415373366977,0.0,-0.7560896175941823,0,0,0,0
2025,84133,105.42,0,-1.09636682110254,0,RBF-SVM,-1.1582888665876145,-1.1582888665876145,-3.2885349174848884,0.0,-0.9410323845751817,0,0,0,0
2025,12355,8.65,0,-0.9679735853264787,0,RBF-SVM,-1.1054458962066478,-1.1054458962066478,-2.9495762456966714,0.0,-0.7221331656318329,0,0,0,0
2025,12786,9.44,0,-0.9633911245899943,0,RBF-SVM,-1.2740466714030365,-1.2740466714030365,-3.296921163546191,0.0,-0.4169933047002936,0,0,0,0
2025,262560,4.69,1,-0.4815485954537445,1,RBF-SVM,0.9795709753004707,0.9795709753004707,5.681402083896581,0.965,-0.28280335469617696,1,1,1,1
2025,12216,33.5,0,-0.9928856192600456,0,RBF-SVM,-0.9397665936116506,-0.9397665936116506,-3.600282941295921,0.0,-0.5895732226464125,0,0,0,0
2025,96789,101.5,1,-0.5336265415950316,1,RBF-SVM,0.7525586648041664,0.7525586648041664,2.46493497247967,0.86,-0.3175004540806258,1,1,1,1
2025,53879,223.0,0,-1.0207215893327077,0,RBF-SVM,-1.1102103484727888,-1.1102103484727888,-2.668044877479994,0.0,-0.570794785419082,0,0,0,0
2026,164308,65.59,0,-0.5368281648339287,1,Random forest,0.01,-0.13411786948227422,1.3461346594531562,0.01,-0.920091113441888,0,0,0,0
2026,48683,0.77,0,-0.9938545036351387,0,Random forest,0.005,-0.8692534037810694,-8.53941741636335,0.005,-0.7861181616745886,0,0,0,1
2026,30398,9.13,1,-0.7105974720623177,0,Random forest,0.78,0.644334281397154,2.510871064417704,0.78,-0.7769421904373727,1,1,1,1
2026,250336,42.81,0,-0.9645332549734027,0,Random forest,0.035,-0.6690729700822949,-2.196053681958141,0.035,-1.122742656645257,0,0,0,0
2026,138821,29.77,0,-1.1350522038929032,0,Random forest,0.0,-1.2924658618212121,-8.262701975169668,0.0,-1.0404636498992834,0,0,0,0
2026,17695,17.99,0,-1.1572695608776722,0,Random forest,0.005,-1.23190426472223,-6.788105961951349,0.005,-1.1154739909480749,0,0,0,0
2026,57876,0.99,0,-0.9607767390735495,0,Random forest,0.0,-1.1544539221750636,-4.129140974195243,0.0,-1.1184514989603689,0,0,0,0
2026,231599,36.8,0,-1.0342532795399975,0,Random forest,0.0,-1.237454774480009,-5.333513977183277,0.0,-1.1415132907944114,0,0,0,0
2026,38980,75.75,0,-0.9896684474513804,0,Random forest,0.0,-1.2567105591213914,-7.584733561044667,0.0,-1.0687869278861344,0,0,0,0
2026,163755,1.98,0,-0.8569291456926885,0,Random forest,0.0,-0.8687593505489598,-4.502652902484518,0.0,-1.0224867571676182,0,0,0,0
2026,39372,3.6,0,-1.2416652083940383,0,Random forest,0.0,-0.9778488109129729,-3.6271984125429237,0.0,-1.0856111500428667,0,0,0,0
2026,58229,12.31,0,-1.0461554122816272,0,Random forest,0.0,-1.2912344830176807,-5.660767757420071,0.0,-1.1374966038822516,0,0,0,0
2026,234574,0.0,1,-0.54073407696634,1,Random forest,0.78,0.9346731247460435,7.471922792046089,0.78,-0.7754719653518508,1,1,1,1
2026,112650,13.24,0,-0.9971959573283495,0,Random forest,0.0,-1.1429397674293167,-8.338044569128545,0.0,-1.0569739452717617,0,0,0,0
2026,280987,29.17,0,-0.8288119737877724,0,Random forest,0.125,-0.25043203341760334,0.27766476836065035,0.125,-0.8335844701664379,0,0,0,0
2026,28971,359.0,0,-0.8512963305676637,0,Random forest,0.0,-0.8588772968463866,-8.297042363868004,0.0,-0.9420001751656681,0,0,0,0
2026,205657,66.8,0,-0.8895815510474834,0,Random forest,0.0,-1.154456340180531,-7.447993354630119,0.0,-1.1758688079916682,0,0,0,0
2026,36175,47.98,0,-0.9645200581050393,0,Random forest,0.005,-0.9292007229785085,-6.987077314634057,0.005,-1.046851293730201,0,0,0,0
2026,10497,3.79,1,-1.1418764287291283,0,Random forest,0.0,-0.9739893744395595,-3.372164965267987,0.0,-0.928116035586089,0,0,0,0
2026,84114,14.79,0,-0.8243531645090951,0,Random forest,0.01,-0.6927841512059395,-3.393114606694347,0.01,-0.8015455623808633,0,0,0,0
2026,201154,28.34,0,-0.8589448847661747,0,Random forest,0.235,0.2627256695042436,1.3898729107399062,0.235,-0.835082517336311,1,0,0,0
2026,187658,35.85,0,-1.0231416534338067,0,Random forest,0.0,-1.106011623275375,-5.08041313678391,0.0,-1.0402180177488054,0,0,0,0
2026,100654,2.07,0,-0.8273476096107772,0,Random forest,0.01,-0.775278503259171,-4.532436028587549,0.01,-0.9027031152599246,0,0,0,0
2026,89281,57.03,0,-1.0887670064080341,0,Random forest,0.185,-1.0997811095718424,-4.920663526566934,0.185,-0.9614511712553436,0,0,0,0
2026,8007,15.95,0,-1.0201477982834841,0,Random forest,0.0,-1.0439452017343456,-8.21341813737517,0.0,-0.9795726535981557,0,0,0,0
2026,124176,1.0,1,-1.1109559427185147,0,Random forest,0.0,-0.6824283930294349,-1.7114750848703153,0.0,-0.8366040560849927,0,0,0,0
2026,79503,1.98,0,-1.196085342367983,0,Random forest,0.0,-1.354755991704017,-7.204608753343031,0.0,-1.2430039761176537,0,0,0,0
2026,140851,277.0,0,-1.1159844488210546,0,Random forest,0.05,-0.37910403398208925,-2.918407245086568,0.05,-1.0667822457048608,0,0,0,0
2026,150662,316.06,1,-0.6508539567988262,1,Random forest,0.885,0.41993284073956827,14.172391506768257,0.885,-0.7780239518999679,1,1,1,1
2026,154530,470.6,0,-0.880141221360212,0,Random forest,0.03,-0.7720065954164753,-9.313536506866509,0.03,-0.8659405212091826,0,0,0,0
2026,47821,1.0,0,-1.1306172673434811,0,Random forest,0.0,-1.2649535010680286,-5.26096661744182,0.0,-1.1439158709086477,0,0,0,0
2026,90704,1.46,0,-1.0418319158023843,0,Random forest,0.005,-1.2337568105932868,-7.800562655063086,0.005,-0.8168597731691642,0,0,0,0
2026,68996,8.54,0,-0.9664194674108122,0,Random forest,0.0,-0.9111248319106228,-10.02055421535305,0.0,-1.0160385233078446,0,0,0,0
2026,116502,40.19,0,-1.1455849089125527,0,Random forest,0.0,-0.7346186342618773,-2.7244096246270813,0.0,-1.0942766974182194,0,0,0,0
2026,82248,8.99,0,-1.2001452879842998,0,Random forest,0.0,-1.1250051043024385,-4.396126727070209,0.0,-1.079088612078587,0,0,0,0
2026,101767,1.0,0,-1.1497297557905344,0,Random forest,0.0,-1.0910039371593254,-4.802745910966844,0.0,-1.0572862823020541,0,0,0,0
2026,123946,15.0,0,-1.1451941961226968,0,Random forest,0.0,-1.3028616297405207,-4.984260546718768,0.0,-1.1311531597489421,0,0,0,0
2026,135338,19.99,0,-1.0035313082608117,0,Random forest,0.0,-0.6865688900442187,-3.654601518744036,0.0,-0.937353347040343,0,0,0,0
2026,230579,1.0,0,-0.9247513027421381,0,Random forest,0.005,-0.3930037997984718,-1.6368630050963073,0.005,-0.8188992070098002,0,0,0,0
2026,219252,26.41,0,-0.8962203329047915,0,Random forest,0.0,-0.9459329416514489,-2.846192361052706,0.0,-0.9086814539224446,0,0,0,0
2026,141944,1.0,0,-0.6411184671809951,1,Random forest,0.0,-0.4419505936721486,-2.3536749364114815,0.0,-0.9940053705238233,0,0,0,0
2026,79417,57.97,0,-1.176310120479647,0,Random forest,0.015,-1.0562594751415135,-3.6088582447542272,0.015,-0.9447310010255185,0,0,0,0
2026,186980,18.0,0,-0.8844969538597791,0,Random forest,0.005,-0.5987294434491626,-5.569152639617402,0.005,-0.8645474024939293,0,0,0,0
2026,97855,8.98,0,-1.153187442492035,0,Random forest,0.0,-1.3445658294362093,-5.713985025483651,0.0,-1.1996615804367656,0,0,0,0
2026,33108,192.4,0,-1.055693231520686,0,Random forest,0.0,-0.9531036890920562,-3.9285194338823928,0.0,-0.9703879756476129,0,0,0,0
2026,172652,44.87,0,-1.1780533143520917,0,Random forest,0.0,-0.9614640653407015,-3.2227367738908157,0.0,-1.094958207989869,0,0,0,0
2026,263348,2.69,0,-1.0791206327282952,0,Random forest,0.0,-0.9263109579808463,-2.954566870941731,0.0,-1.1081747351113007,0,0,0,0
2026,93486,0.0,1,-1.025973884327531,0,Random forest,0.025,-0.6644832323117565,-2.399083000158204,0.025,-0.8684311375167789,0,0,0,0
2026,198660,4.26,0,-0.9026415937432384,0,Random forest,0.0,-1.0053984609474504,-4.264630073892563,0.0,-1.07012339847809,0,0,0,0
2026,171610,1.79,0,-1.0679040561436284,0,Random forest,0.0,-1.2910968600239197,-5.968464329621343,0.0,-1.175828123187145,0,0,0,0
2026,65960,1.98,0,-1.2017757480942275,0,Random forest,0.0,-1.0561052921024334,-3.771270716833454,0.0,-1.1543295530557276,0,0,0,0
2026,255779,1.98,0,-1.2062985236720138,0,Random forest,0.0,-1.157183228924917,-4.472547171705535,0.0,-1.0662769088954873,0,0,0,0
2026,79695,10.0,0,-0.643082327317705,1,Random forest,0.02,-0.00976224998963321,-0.44534285319961064,0.02,-0.9905819478205062,0,0,0,0
2026,267525,20.94,0,-1.1814922069338016,0,Random forest,0.0,-0.8708712957563137,-3.534494966305865,0.0,-1.1234490805991775,0,0,0,0
2026,15566,99.99,1,-0.4489431075280867,1,Random forest,0.68,0.7580851278915635,7.061645080983117,0.68,-0.7130625310993715,1,1,1,1
2026,132578,0.99,0,-1.2012789272842588,0,Random forest,0.0,-1.2968545212761224,-7.050726348637525,0.0,-1.1593559674449303,0,0,0,0
2026,23422,717.15,1,-0.6223470916287343,1,Random forest,0.48,0.23035015961931152,-4.250990983534469,0.48,-0.7760226881437217,0,0,1,1
2026,96234,8.39,0,-1.2269826419718344,0,Random forest,0.005,-1.3254322544000119,-6.274307976171812,0.005,-1.1071913979607793,0,0,0,0
2026,204312,55.91,0,-1.1605666533263685,0,Random forest,0.0,-1.3020912842098578,-5.890544829130551,0.0,-1.1530717313600622,0,0,0,0
2026,41097,1.0,0,-1.0495625427015816,0,Random forest,0.0,-1.2264067660761375,-8.837385977977807,0.0,-1.0678006859335893,0,0,0,0
2026,134907,192.67,0,-0.985118827232079,0,Random forest,0.075,-0.7940478554355023,-3.8480254990134037,0.075,-1.071931180691652,0,0,0,0
2026,272669,112.14,0,-0.8558805348568748,0,Random forest,0.015,-0.45210243930678007,-2.145302068533746,0.015,-0.8497897352051541,0,0,0,0
2026,91552,4.26,0,-0.931646301078583,0,Random forest,0.0,-1.1085946752437628,-7.254387051498646,0.0,-1.1504312371244834,0,0,0,0
2026,188692,49.91,0,-1.0106423458392173,0,Random forest,0.015,-0.7734843390339833,-4.227085665710783,0.015,-0.7818398855878204,0,0,0,1
2026,200225,23.78,0,-1.091489338590796,0,Random forest,0.0,-1.3258458572355143,-6.232389693371563,0.0,-1.1425593854759692,0,0,0,0
2026,267145,29.0,0,-1.116191905719757,0,Random forest,0.0,-1.3168764364657113,-6.348709336716064,0.0,-1.0861295417739323,0,0,0,0
2026,254877,163.0,0,-1.2249609042705298,0,Random forest,0.08,-0.8982477237122309,-3.8627792566219252,0.08,-0.9926695112628605,0,0,0,0
2026,235616,0.76,1,-0.6687196336482975,1,Random forest,0.79,0.5275040401519054,3.317684090083822,0.79,-0.7048826316057305,1,1,1,1
2026,21787,1.0,0,-1.1166016903729192,0,Random forest,0.0,-1.295655694160116,-7.1488484660310085,0.0,-1.0810920509690567,0,0,0,0
2026,117157,29.57,0,-1.1356758106702416,0,Random forest,0.0,-1.2614375715189086,-5.91540422134127,0.0,-1.196557613987829,0,0,0,0
2026,91450,144.0,0,-1.0095769202092872,0,Random forest,0.01,-1.0831544776028017,-8.347369537419318,0.01,-1.1296523554202946,0,0,0,0
2026,166114,931.32,0,-0.6297641386538103,1,Random forest,0.07,0.7445825241648019,1.1036150335384471,0.07,-0.8288994180136736,1,0,0,0
2026,204587,120.32,0,-1.2165833278285563,0,Random forest,0.0,-1.169969701973006,-4.7165415565986875,0.0,-1.1221962207775316,0,0,0,0
2026,267047,196.0,0,-1.0546163744384573,0,Random forest,0.035,-0.7139251202230449,-4.997245063436811,0.035,-0.9810477898799079,0,0,0,0
2026,229474,150.0,0,-1.1043283465870175,0,Random forest,0.23,-0.8087016643006674,-3.832521710003772,0.23,-0.909583515520699,0,0,0,0
2026,36545,458.84,0,-0.7952089581899782,0,Random forest,0.35,-0.056270879904892435,-0.9343682700345965,0.35,-0.7648017299900286,0,0,0,1
2026,22094,92.42,0,-0.9972347067743272,0,Random forest,0.04,-0.7157651221554139,-4.367386463100079,0.04,-1.167489372748483,0,0,0,0
2026,27749,19.02,1,-0.7409231134071377,0,Random forest,0.69,0.8295269353600523,3.5371806700891355,0.69,-0.7768664578804048,1,1,1,1
2026,78896,26.5,0,-1.0481476787997341,0,Random forest,0.0,-1.020104967907964,-10.359625693934678,0.0,-1.0579217431447234,0,0,0,0
2026,6331,1.0,1,-0.203218150491494,1,Random forest,0.815,0.8196501231288675,3.465972652474181,0.815,-0.7778297782243837,1,1,1,1
2026,260798,0.99,0,-1.1480544221348792,0,Random forest,0.0,-1.2026796706140876,-4.352641624047048,0.0,-1.1965684465634057,0,0,0,0
2026,146827,5.0,0,-0.9235108930603456,0,Random forest,0.005,-0.5618990741991484,-1.5357217143024773,0.005,-0.9312236889401568,0,0,0,0
2026,18032,45.5,0,-0.9535627840349704,0,Random forest,0.38,-0.9660316629206921,-5.770070244868855,0.38,-0.951556477136088,0,0,0,0
2026,75890,12.93,0,-0.9072645182814546,0,Random forest,0.0,-0.9895993284354404,-10.001238213307246,0.0,-0.9915526372663588,0,0,0,0
2026,105954,159.06,0,-1.1198035126328214,0,Random forest,0.055,-0.9932781837380559,-7.582463562024986,0.055,-1.0021391089867528,0,0,0,0
2026,103471,119.88,0,-1.0294020957755265,0,Random forest,0.03,-0.8387472721937458,-4.683889402270655,0.03,-1.111078740859933,0,0,0,0
2026,283445,36.29,0,-1.0253354064424625,0,Random forest,0.0,-0.9642473839712503,-4.549256136374323,0.0,-1.0330318644903325,0,0,0,0
2026,36572,49.35,0,-1.1068021495867466,0,Random forest,0.0,-1.21116826025286,-5.4721000310912284,0.0,-1.1561389801327286,0,0,0,0
2026,39552,11.35,0,-1.1854774513375077,0,Random forest,0.005,-1.2125334148871638,-5.46318068399632,0.005,-1.0933157605685822,0,0,0,0
2026,93424,1.0,1,-0.23405434667750258,1,Random forest,0.965,0.5059179476635476,3.094615078295905,0.965,-0.5908882003829978,1,1,1,1
2026,114554,6.11,0,-0.9715698327946263,0,Random forest,0.015,-0.9657350110168536,-3.8959923418437086,0.015,-0.9800243900589476,0,0,0,0
2026,157019,5.49,0,-1.2231497327509868,0,Random forest,0.0,-1.1988577147872705,-4.338937796224364,0.0,-0.9801428006854116,0,0,0,0
2026,94885,34.96,0,-1.0154426991625343,0,Random forest,0.0,-0.8955438703812882,-5.554248894975802,0.0,-1.0442936569450345,0,0,0,0
2026,151038,1.0,0,-0.8694432177787546,0,Random forest,0.015,-0.6041900838090746,-3.13792602957321,0.015,-0.9023021625725463,0,0,0,0
2026,146653,75.87,0,-0.8610279871929724,0,Random forest,0.035,-0.8866623763812266,-6.118267454723094,0.035,-0.8592997797779559,0,0,0,0
2026,148712,178.87,0,-0.8901265538000456,0,Random forest,0.0,-1.1841158638993976,-5.596663503526952,0.0,-0.872957053296936,0,0,0,0
2026,144399,26.76,0,-0.5009115798870692,1,Random forest,0.115,-0.1042383052569677,-0.35007356644608745,0.115,-0.9009419141450744,0,0,0,0
2026,115446,110.25,0,-1.146277065810437,0,Random forest,0.01,-0.9713004822847192,-4.8192705609818445,0.01,-0.983757174603253,0,0,0,0
2026,88436,30.38,0,-1.0475794950992559,0,Random forest,0.0,-1.2360555374975908,-5.326978344477484,0.0,-1.1478080621545788,0,0,0,0
2026,148101,48.72,0,-0.9239053173784357,0,Random forest,0.195,-1.0089835740563378,-6.631672487206956,0.195,-0.9430731255144054,0,0,0,0
2026,66007,194.65,0,-1.040462301780746,0,Random forest,0.015,-1.089706732170959,-8.842861570371657,0.015,-0.9881283796859839,0,0,0,0
2026,198531,9.99,0,-1.1203094850542223,0,Random forest,0.0,-1.2780058373261425,-7.848450482854661,0.0,-1.0018742913590084,0,0,0,0
2026,80257,40.0,0,-1.2312870239443707,0,Random forest,0.0,-1.3066734358995937,-5.930839193873317,0.0,-0.9909379414643453,0,0,0,0
2026,196100,1.98,0,-1.0226648629983344,0,Random forest,0.0,-0.9645029682792637,-3.13653761857741,0.0,-1.0771674815695633,0,0,0,0
2026,32376,935.95,0,-0.7493620951534252,0,Random forest,0.015,0.12563574242569153,-4.033412596119904,0.015,-0.8578367739723342,0,0,0,0
2026,172115,1.0,0,-1.0620342054941472,0,Random forest,0.005,-1.1676966800692963,-7.414356327717625,0.005,-0.9850202320856656,0,0,0,0
2026,42674,1.52,1,-0.5933925636479552,1,Random forest,0.805,0.5207291355330883,9.557155567558766,0.805,-0.7780240985881838,1,1,1,1
2026,211313,100.0,0,-1.0457105064335945,0,Random forest,0.04,-1.1508729793829495,-7.747403564953551,0.04,-0.9109613997725815,0,0,0,0
2026,122860,345.29,0,-0.8093008271427476,0,Random forest,0.035,-0.69351200889818,-5.154730367365766,0.035,-0.9448382505077967,0,0,0,0
2026,135263,156.9,0,-0.9126416015958251,0,Random forest,0.395,-1.0598101530134443,-4.972762635708598,0.395,-1.0804238387814553,0,0,1,0
2026,145800,451.27,1,-0.6744241355626097,0,Random forest,0.2,0.16064257929183107,-1.3349163424930017,0.2,-0.838093214563725,0,0,0,0
2026,144044,16.02,0,-1.0815483358297744,0,Random forest,0.0,-1.18245398344965,-4.914710592446309,0.0,-1.2204206360466658,0,0,0,0
2026,212621,185.0,0,-1.0794260192759828,0,Random forest,0.085,-0.6951133127865216,-4.288936936887321,0.085,-0.9418992356101923,0,0,0,0
2026,93843,7.49,0,-0.960805111158498,0,Random forest,0.0,-1.1675562928986571,-6.208848629538164,0.0,-1.1448978986402945,0,0,0,0
2026,170893,1.0,0,-1.072291344293494,0,Random forest,0.01,-0.484993500405383,-1.4212179464970087,0.01,-0.8632011510047317,0,0,0,0
2026,157790,19.99,0,-1.002339300652646,0,Random forest,0.0,-1.2035414225162198,-8.092969084256197,0.0,-0.9765578995436753,0,0,0,0
2026,84916,320.0,0,-1.1312415275436458,0,Random forest,0.18,-1.156327186929015,-7.506943289935672,0.18,-0.9119977489684608,0,0,0,0
2026,249364,15.0,0,-1.033135472517055,0,Random forest,0.0,-1.1092563624344387,-4.922986577912142,0.0,-0.9854779581002576,0,0,0,0
2026,211907,6.0,0,-0.7069282067683356,0,Random forest,0.09,0.06592895522679315,-0.13187396141804175,0.09,-0.8467867049790951,0,0,0,0
2026,152295,9.82,1,-0.7225921118467407,0,Random forest,0.88,0.38149515330043937,17.025931264251714,0.88,-0.7780241411270694,1,1,1,1
2026,278783,30.0,0,-1.090481492605369,0,Random forest,0.0,-1.2460239309226497,-4.6222142944022675,0.0,-1.0930276213542471,0,0,0,0
2026,84388,9.85,0,-1.0842568039570037,0,Random forest,0.005,-1.115603724372022,-7.848273790584916,0.005,-1.045652812274087,0,0,0,0
2026,79121,1.0,0,-0.8544855359067624,0,Random forest,0.0,-1.22239634698873,-6.792830215771643,0.0,-1.0189301932193304,0,0,0,0
2026,40348,10.0,0,-1.1545252301748818,0,Random forest,0.0,-1.2781869293365964,-8.48137616097021,0.0,-0.9129843259407752,0,0,0,0
2026,197897,80.0,0,-0.8684491764602916,0,Random forest,0.02,-0.5559416495773984,-1.4925433833736923,0.02,-1.0963908753478773,0,0,0,0
2026,224351,100.0,0,-1.1725055420968906,0,Random forest,0.005,-1.064101579039086,-4.494061329118905,0.005,-1.1143570672613725,0,0,0,0
2026,38364,71.89,0,-1.0788351071546434,0,Random forest,0.0,-1.0713521324192974,-4.523588891315954,0.0,-1.1648748290236746,0,0,0,0
2026,63728,18.0,0,-1.0415770376042486,0,Random forest,0.01,-0.8285226220242071,-3.18968346888564,0.01,-1.1579418520914027,0,0,0,0
2026,61657,59.96,0,-0.9595571289277993,0,Random forest,0.0,-1.1712413043477041,-5.687512736399852,0.0,-0.9334154556333465,0,0,0,0
2026,22708,17.07,0,-1.0752741800762764,0,Random forest,0.005,-1.3028784586890163,-6.450851145161843,0.005,-1.172672230114951,0,0,0,0
2026,87522,38.03,0,-1.1401628781837898,0,Random forest,0.005,-1.0625602107179755,-9.13246207512508,0.005,-1.008064769502543,0,0,0,0
2026,118847,1.5,0,-1.1023449055842807,0,Random forest,0.0,-1.279694976508377,-8.117141055049444,0.0,-1.002123353563337,0,0,0,0
2026,149145,6.99,1,-0.6503330722667878,1,Random forest,0.35,0.33571641128883345,-5.977137474558061,0.35,-0.7780241411688609,1,0,0,1
2026,282434,58.01,0,-1.1930585686456336,0,Random forest,0.0,-1.333325050365418,-7.523113636927615,0.0,-1.1315535383840996,0,0,0,0
2026,229730,2.22,1,-0.9712720728543232,0,Random forest,0.01,-0.4278751116442481,-0.6287401693345473,0.01,-0.8106963612284402,0,0,0,0
2026,46251,10.78,0,-1.0329886293876824,0,Random forest,0.015,-1.0539488249508033,-6.342148490708709,0.015,-1.0785571117659767,0,0,0,0
2026,65401,25.82,0,-1.147413271936275,0,Random forest,0.01,-1.154513379073364,-5.001381661946507,0.01,-1.0450486638854435,0,0,0,0
2026,89976,39.0,0,-0.8157049048719938,0,Random forest,0.0,-1.037114135520866,-8.447600928820783,0.0,-1.0697264247613907,0,0,0,0
2026,237921,59.99,0,-0.9393183968957233,0,Random forest,0.0,-1.2480644373437317,-6.184411156063506,0.0,-1.1348078324701005,0,0,0,0
2026,242900,0.89,0,-0.9961942926317913,0,Random forest,0.0,-0.9320180327919575,-3.014968014663463,0.0,-1.1121684794169449,0,0,0,0
2026,168211,1599.52,0,-0.5935417950033277,1,Random forest,0.06,0.3987046634944738,0.6601879427586388,0.06,-0.8207375263048442,1,0,0,0
2026,246703,1.0,0,-1.198367356943006,0,Random forest,0.0,-1.1494460204104326,-4.432424283629055,0.0,-1.0019789858815145,0,0,0,0
2026,158899,2.28,0,-1.1439063513117587,0,Random forest,0.0,-1.22615953080397,-4.597386180996565,0.0,-1.167317587677227,0,0,0,0
2026,38017,214.0,0,-1.03330393545228,0,Random forest,0.065,-0.8898838102821865,-7.20735193371841,0.065,-0.9790750415721782,0,0,0,0
2026,9326,53.73,0,-1.098838383075381,0,Random forest,0.0,-1.2915044756947012,-7.191114127697491,0.0,-0.933459588078554,0,0,0,0
2026,124709,37.21,0,-0.9436058908821665,0,Random forest,0.05,-0.6808546193392907,-2.4208047438180964,0.05,-0.8787992370201863,0,0,0,0
2026,167434,48.42,0,-0.9822906317261499,0,Random forest,0.005,-0.7546705393328391,-3.88112407939973,0.005,-0.9566476702416602,0,0,0,0
2026,57814,99.0,0,-1.1270996043338082,0,Random forest,0.02,-1.1426538520970482,-8.293912952051329,0.02,-0.9890602456105017,0,0,0,0
2026,28772,69.0,0,-1.0068450696540565,0,Random forest,0.0,-1.2759783903821784,-6.870544722238871,0.0,-1.0299266348956848,0,0,0,0
2026,142405,12.31,1,-0.4064208986740425,1,Random forest,0.845,0.8908959818599346,7.955755246774985,0.845,-0.7774851705848749,1,1,1,1
2026,199419,3.59,0,-1.089164090663515,0,Random forest,0.0,-1.0865551620734504,-3.7607040294713494,0.0,-1.118048938861699,0,0,0,0
2026,95534,31.91,1,-0.9533093614844317,0,Random forest,0.0,-1.041686878961381,-6.5413837294760855,0.0,-0.9239147479890559,0,0,0,0
2026,64251,1.0,0,-1.0959904056506566,0,Random forest,0.0,-1.2854332454067663,-5.584428447746165,0.0,-1.136633871050895,0,0,0,0
2026,79883,270.0,1,-0.6906317313700232,0,Random forest,0.67,0.24775479924771565,1.1464249939564306,0.67,-0.7036277084680731,1,0,1,1
2026,150601,1.0,1,-0.6451000858688408,1,Random forest,0.955,0.4029902654511405,15.42774142706594,0.955,-0.7780241411270651,1,1,1,1
2026,68971,11.5,0,-0.998605034324044,0,Random forest,0.0,-1.0799666813674071,-5.973392687151236,0.0,-1.1207195837999135,0,0,0,0
2026,33949,3202.91,0,-0.6321001746638528,1,Random forest,0.135,0.38118175977688085,-0.978299376310316,0.135,-0.7780241446209644,1,0,0,1
2026,192416,210.08,0,-0.9300660745250389,0,Random forest,0.04,-0.01936646994617708,0.061607304324899026,0.04,-1.0474703010609587,0,0,0,0
2026,41324,5.0,0,-0.995722829961381,0,Random forest,0.015,-1.1967623990102432,-7.181373823075296,0.015,-0.8845881552896184,0,0,0,0
2026,1989,107.69,0,-1.1746128791507249,0,Random forest,0.005,-0.8037478165615556,-3.3186451254921963,0.005,-0.9982035532998956,0,0,0,0
2026,42007,0.76,1,-0.29978771634627566,1,Random forest,0.99,0.9548986320724026,6.235583950498705,0.99,-0.7633992158483955,1,1,1,1
2026,59204,0.95,0,-1.0566259174003945,0,Random forest,0.0,-0.7859267244231446,-3.0218140253576653,0.0,-1.0167987465552741,0,0,0,0
2026,32005,0.0,0,-0.7749054099584358,0,Random forest,0.005,-0.0890044364163976,-0.5547164997039156,0.005,-0.9660751474737609,0,0,0,0
2026,17951,1.0,0,-1.0784167964342823,0,Random forest,0.0,-0.9908691416361767,-4.327221581007397,0.0,-1.1837583298716607,0,0,0,0
2026,229583,225.08,0,-1.0960960874664694,0,Random forest,0.1,-0.7078041572256485,-2.4442588710756254,0.1,-0.9853282318804046,0,0,0,0
2026,72751,60.0,0,-1.0969917148444437,0,Random forest,0.155,-1.1965203223312488,-7.875910402369442,0.155,-0.9209645464077532,0,0,0,0
2026,242840,15.99,0,-1.108152125290475,0,Random forest,0.025,-0.6493226710237389,-2.3138912991985796,0.025,-1.109608910627923,0,0,0,0
2026,151006,1.0,1,-0.6351035034084161,1,Random forest,0.735,0.3812736009632498,20.669631354540307,0.735,-0.7780241411270694,1,1,1,1
2026,34322,292.82,0,-1.082907555809947,0,Random forest,0.0,-1.1659756169447562,-5.639227816735672,0.0,-0.853127492842648,0,0,0,0
2026,241445,10.7,1,-0.5975080702320092,1,Random forest,0.355,0.3938170943624304,2.607764080454884,0.355,-0.712664506536346,1,1,0,1
2026,163783,52.95,0,-1.1199199744441923,0,Random forest,0.1,-0.2688792378792705,-0.6567573990427302,0.1,-0.8894210350260363,0,0,0,0
2026,9509,1.0,1,-0.6072058702144446,1,Random forest,0.795,0.4068943214526211,15.49007150960908,0.795,-0.7780241411172681,1,1,1,1
2026,243796,18.49,0,-1.1308698884721406,0,Random forest,0.01,-0.9836995275791961,-2.869820544694221,0.01,-1.055864228182077,0,0,0,0
2026,172008,104.45,0,-0.4749287369821864,1,Random forest,0.09,0.11411509294246813,0.5698543202269883,0.09,-0.8797292937367714,0,0,0,0
2026,11710,1.0,1,-0.574628992173853,1,Random forest,0.66,0.3942757490123475,16.464176956353224,0.66,-0.7780241411270322,1,1,1,1
2026,114129,14.21,0,-1.1669493061741267,0,Random forest,0.0,-1.0683286508901109,-5.17647081960019,0.0,-1.1911865648396693,0,0,0,0
2026,251866,3.9,1,-0.5335368965072583,1,Random forest,0.57,0.6284055650248559,4.212757757933448,0.57,-0.7157534814089758,1,1,1,1
2026,94311,15.99,0,-1.0381894606272022,0,Random forest,0.005,-1.038061222466769,-5.175463548036553,0.005,-1.147481036657701,0,0,0,0
2026,261424,376.25,0,-1.0001680675973592,0,Random forest,0.07,-0.27614053700277974,-2.9945357709957645,0.07,-1.0924675026677968,0,0,0,0
2026,15751,99.99,1,-0.5405215433437447,1,Random forest,0.715,0.827671302357516,6.616756999305523,0.715,-0.5628987650141055,1,1,1,1
2026,22354,25.69,0,-0.7228125957332551,0,Random forest,0.01,-1.035439796514785,-5.926005862162499,0.01,-1.0515290850025747,0,0,0,0
2026,23914,134.9,0,-1.128806444278522,0,Random forest,0.175,-0.838538990092614,-2.987283889657649,0.175,-1.0064952786212453,0,0,0,0
2026,268765,0.99,0,-1.005296265268189,0,Random forest,0.0,-0.8791219169225158,-2.5900476324076322,0.0,-1.065608712629544,0,0,0,0
2026,13670,176.77,0,-0.9726590535345216,0,Random forest,0.015,-0.6271945870985082,-3.699222368205105,0.015,-0.8752587921785345,0,0,0,0
2026,8683,9.8,0,-0.7874819172943528,0,Random forest,0.08,-0.7524365641182559,-8.362997146463778,0.08,-0.778817994406378,0,0,0,1
2026,57615,0.76,1,-0.6374862660803261,1,Random forest,0.63,-0.12123322720130325,-1.9495978807331902,0.63,-0.6363934174687467,0,0,1,1
2026,43645,10.95,0,-1.1384736980866939,0,Random forest,0.005,-0.8400984632189653,-3.3453278736665073,0.005,-1.1296263873764283,0,0,0,0
2026,221188,189.66,0,-0.05965523228753322,1,Random forest,0.065,-0.006599247605027725,0.42681973420152897,0.065,-1.0613450876861814,0,0,0,0
2026,217083,10.0,0,-1.1102931107790512,0,Random forest,0.005,-1.1222494192198567,-7.218497702178781,0.005,-0.8059845705545047,0,0,0,0
2026,134101,112.0,0,-0.963041083419395,0,Random forest,0.12,-0.7779460137005098,-3.2008494622226853,0.12,-1.006748733278901,0,0,0,0
2026,233180,12.99,0,-1.006691326216611,0,Random forest,0.0,-1.144334857458721,-6.036339872760866,0.0,-1.198405881798144,0,0,0,0
2026,68223,943.9,0,-0.6591583937071107,1,Random forest,0.03,0.4026308786212759,-1.9123829455181518,0.03,-0.8239297067423852,1,0,0,0
2026,249828,6.74,1,-0.6006373628353208,1,Random forest,0.54,0.6323715723178596,5.009520507406758,0.54,-0.7693446569327307,1,1,1,1
2026,251758,38.52,0,-1.107801806781492,0,Random forest,0.025,-1.2715309937674855,-6.488257655636179,0.025,-0.9671156713575213,0,0,0,0
2026,50537,1.0,1,-0.9082988402945225,0,Random forest,0.0,-1.1130680260662773,-6.417265492315476,0.0,-1.0916599636980158,0,0,0,0
2026,143333,0.0,1,-0.49943124880712664,1,Random forest,0.77,0.732821289561044,5.659310809109637,0.77,-0.7711601197107294,1,1,1,1
2026,123270,1.0,1,-1.0384780256589037,0,Random forest,0.01,-0.4317785964672167,-0.8258083507816534,0.01,-0.8152413081945318,0,0,0,0
2026,15204,99.99,1,-0.7117215471845323,0,Random forest,0.635,0.616241393897703,8.39821812445501,0.635,-0.7776598254131839,1,1,1,1
2026,59539,19.73,1,-0.6445211032608653,1,Random forest,0.8,0.13091330311936644,1.2424384252691754,0.8,-0.7672680494073573,0,0,1,1
2026,134583,24.99,0,-1.0048485021116547,0,Random forest,0.0,-0.919106922987644,-8.3465721690807,0.0,-0.936284483369908,0,0,0,0
2026,104657,125.15,0,-1.1683460422277512,0,Random forest,0.0,-1.3194291204980098,-6.814791918703969,0.0,-0.9794797558320669,0,0,0,0
2026,12294,11.85,0,-1.0432742347245927,0,Random forest,0.005,-0.8519778518237996,-3.4017795424181223,0.005,-0.8726761792633153,0,0,0,0
2026,77525,130.27,0,-1.1949323720355047,0,Random forest,0.04,-0.6597791064871213,-3.245216537291471,0.04,-1.0253046139618731,0,0,0,0
2026,141258,0.0,1,-0.5506600131743993,1,Random forest,0.77,0.864583958799009,4.767482782752309,0.77,-0.7778514829777429,1,1,1,1
2026,181966,40.0,1,-0.6700299675927419,0,Random forest,0.415,-0.36720274430953515,-2.137681885961121,0.415,-0.7699943278872704,0,0,1,1
2026,244497,200.0,0,-1.251309018422293,0,Random forest,0.065,-0.9208870086720037,-3.332612978330776,0.065,-1.0114517905804956,0,0,0,0
2026,220421,168.29,0,-1.1438301595686484,0,Random forest,0.105,-0.5937758587276859,-3.052412016155296,0.105,-1.1687682437877662,0,0,0,0
2026,104171,31.0,0,-1.1571575172897444,0,Random forest,0.0,-1.2766880622064596,-5.858687642063437,0.0,-1.0847252983642628,0,0,0,0
2026,9257,27.49,0,-0.8620810184043245,0,Random forest,0.0,-1.0379553725349377,-10.118243330981556,0.0,-0.8797599495728774,0,0,0,0
2026,119878,0.76,0,-1.1474103861315075,0,Random forest,0.0,-1.2688440004266104,-8.126499180616639,0.0,-1.0116940713010478,0,0,0,0
2026,57157,608.53,0,-0.5922433167020037,1,Random forest,0.13,0.5546775097368515,-1.5607010837940178,0.13,-0.7907005781309976,1,0,0,1
2026,30105,91.0,0,-1.0369884594147911,0,Random forest,0.0,-1.078684560250875,-6.341319150307504,0.0,-1.0452405835845437,0,0,0,0
2026,95617,16.9,0,-1.033788513097861,0,Random forest,0.005,-0.7511881779964543,-3.8586694164860416,0.005,-1.0084247153049313,0,0,0,0
2026,232776,63.56,0,-0.9465077965431872,0,Random forest,0.02,-0.42113820011010716,-1.7756079585929543,0.02,-1.0709878286922743,0,0,0,0
2026,8633,45.39,0,-0.7009548149902972,0,Random forest,0.01,-0.7006010408084805,-11.919077558071326,0.01,-0.8435669385774206,0,0,0,0
2026,129928,10.0,0,-1.17742087960755,0,Random forest,0.0,-1.3046759201591471,-6.315660836175656,0.0,-1.168169008141862,0,0,0,0
2026,210410,148.79,0,-1.0340412209312695,0,Random forest,0.02,-0.5738321103345305,-2.270755827921574,0.02,-1.0483419447355122,0,0,0,0
2026,190094,46.03,0,-0.877194835422589,0,Random forest,0.25,-0.1438047370399138,-0.4157835450729257,0.25,-0.9818992158704727,0,0,0,0
2026,263488,5.2,0,-0.7265099621050489,0,Random forest,0.03,0.050124696177800576,2.8030818871382843,0.03,-0.9454579461905109,0,1,0,0
2026,74822,5.68,0,-0.8054022144279551,0,Random forest,0.03,-0.18722101456093232,-0.6407284570271812,0.03,-0.9758882265100272,0,0,0,0
2026,282891,25.99,0,-0.905578269646496,0,Random forest,0.005,-1.0951092582685007,-6.907165790236029,0.005,-1.0149349265496128,0,0,0,0
2026,101432,0.89,0,-1.090454320583278,0,Random forest,0.0,-1.0406196060639221,-5.204837842104301,0.0,-1.1645966881047913,0,0,0,0
2026,79525,1.0,1,-0.6506247301262712,1,Random forest,0.795,0.9982730668541593,8.85162580848333,0.795,-0.7778616370082818,1,1,1,1
2026,279162,38.2,0,-0.8240533585639698,0,Random forest,0.015,-0.4793474510058652,-2.340422254102797,0.015,-0.8279623006121283,0,0,0,0
2026,255403,4.97,1,-0.7553080804537503,0,Random forest,0.345,0.39908477077387894,4.185469402318227,0.345,-0.7759873370923648,1,1,0,1
2026,199103,3.99,0,-0.45100181997569727,1,Random forest,0.13,0.024515294619994077,1.2560261261096208,0.13,-0.9225529695570616,0,0,0,0
2026,262560,4.69,1,-0.6743726421282497,0,Random forest,0.915,0.9304854918875416,6.358758859499605,0.915,-0.7529766407456181,1,1,1,1
2026,13185,788.77,0,-0.7612956889651161,0,Random forest,0.095,0.1924567441786017,-4.052007505686337,0.095,-0.780164327182842,0,0,0,1
2026,166763,91.74,0,-1.0525900762918252,0,Random forest,0.0,-1.1792459079972355,-4.679708337820597,0.0,-1.1598996179821601,0,0,0,0
2026,184143,1.0,0,-1.0923939389110011,0,Random forest,0.0,-0.9358823714125336,-4.3734277138761035,0.0,-1.1567079106661833,0,0,0,0
2026,160153,1.0,0,-0.5590194439249525,1,Random forest,0.38,0.6458888550224492,2.225196207021967,0.38,-0.7780241411378217,1,1,0,1
2026,215984,592.9,1,-0.6640034844778977,1,Random forest,0.635,0.5060656530954505,6.858742025743582,0.635,-0.7777329116235953,1,1,1,1
2026,228548,130.53,0,-0.9638412615948588,0,Random forest,0.015,-0.7967956432882245,-6.799267986129308,0.015,-0.8363584470114718,0,0,0,0
2026,120377,24.95,0,-0.9258737455095224,0,Random forest,0.0,-1.080648875848825,-5.590878405067875,0.0,-1.059301059876955,0,0,0,0
2026,16492,12.0,0,-1.1667991204541552,0,Random forest,0.0,-1.0724635171841,-3.897943113481469,0.0,-1.0422998819829896,0,0,0,0
2026,215132,723.21,1,-0.7563646330661401,0,Random forest,0.71,0.5111864218258946,4.443804591082336,0.71,-0.7751542237900165,1,1,1,1
2026,102350,7.18,0,-1.1431525062610983,0,Random forest,0.0,-1.3285685566126397,-6.3502932499988525,0.0,-1.1684756501354172,0,0,0,0
2026,60438,38.5,0,-0.9094366653364561,0,Random forest,0.005,-0.9124038284117825,-5.782157214088178,0.005,-0.9663813794451123,0,0,0,0
2026,19311,17.99,0,-1.2476621799581835,0,Random forest,0.005,-1.0921029916781073,-4.062997334983324,0.005,-1.0135752490690844,0,0,0,0
2026,136927,4.49,0,-1.0266414879072463,0,Random forest,0.0,-1.2168997532145385,-9.109821467375678,0.0,-1.0855065715602088,0,0,0,0
2026,239622,0.99,0,-1.1179175977023514,0,Random forest,0.0,-1.2058864333993173,-4.467698393002264,0.0,-1.1172160105985318,0,0,0,0
2026,112645,29.99,0,-1.1159922110722653,0,Random forest,0.0,-1.3266733778248496,-7.338756810086936,0.0,-1.0659331002027574,0,0,0,0
2026,7785,25.0,0,-0.9170141025265258,0,Random forest,0.0,-1.0890713164322916,-10.293312922225208,0.0,-0.9681716725882845,0,0,0,0
2026,211970,20.0,0,-1.0505248726233942,0,Random forest,0.03,-1.1960139138639376,-4.877514453884484,0.03,-0.7666867088893048,0,0,0,1
2026,248570,10.1,0,-0.7388527738699174,0,Random forest,0.04,0.4426384403683262,4.485696205183873,0.04,-0.9023198285625601,1,1,0,0
2026,12629,2.69,0,-0.6250883011589821,1,Random forest,0.025,-0.716072717677177,-2.404511719625749,0.025,-0.9531109759066394,0,0,0,0
2026,11841,1.0,1,-0.529605951019736,1,Random forest,0.58,0.39386719785307034,16.16150498408347,0.58,-0.7780241411270152,1,1,1,1
2026,190212,18.75,0,-1.0654446689523613,0,Random forest,0.04,-1.1768911238034763,-7.83264467323511,0.04,-0.9935019495237598,0,0,0,0
2026,204114,20.0,0,-1.0373822852090437,0,Random forest,0.005,-1.0507139729253847,-3.242972100841473,0.005,-1.120085908412368,0,0,0,0
2026,183392,135.0,0,-0.9911130734203397,0,Random forest,0.02,-1.1202414314432652,-6.118528957843623,0.02,-1.0869106249639275,0,0,0,0
2026,209983,6.95,0,-0.9114606522105352,0,Random forest,0.005,-0.9969314771211598,-5.4108988277781505,0.005,-0.9560394863912104,0,0,0,0
2026,284593,60.38,0,-0.8721566237893885,0,Random forest,0.61,0.046270384351312366,0.06413892210702432,0.61,-0.8580001846158226,0,0,1,0
2026,157882,72.9,0,-1.0159576179828385,0,Random forest,0.005,-1.1703096704328293,-7.72689162332807,0.005,-0.8441954136863304,0,0,0,0
2026,188711,1.0,0,-1.144224514394312,0,Random forest,0.0,-1.1095149997966063,-4.219127925402111,0.0,-0.9415896247127696,0,0,0,0
2026,52466,1.0,1,-0.5221675057285698,1,Random forest,0.465,0.3798612961928596,1.9781672145065121,0.465,-0.710273873445771,1,1,1,1
2026,250536,0.76,0,-0.973185825324987,0,Random forest,0.0,-1.1916556199678445,-5.426846800937767,0.0,-1.0951985093860814,0,0,0,0
2026,43773,172.32,1,-0.6540435224174385,1,Random forest,0.905,0.6930085230993979,5.016965359538886,0.905,-0.7694140313229073,1,1,1,1
2026,280426,4.27,0,-1.0866530986181624,0,Random forest,0.01,-0.6640013698198545,-1.3478321340976738,0.01,-1.1127149060336998,0,0,0,0
2026,42696,88.23,1,-0.5215834329307871,1,Random forest,0.8,0.5142058786534582,10.254128065202739,0.8,-0.77802403861367,1,1,1,1
2026,155243,2.0,0,-1.068530317977256,0,Random forest,0.065,-0.2365488678310328,-0.8537016735061798,0.065,-0.8696624409234499,0,0,0,0
2026,189701,93.35,1,-0.6140197605800771,1,Random forest,0.66,0.5138199187498298,2.5341858268578,0.66,-0.7779124205399566,1,1,1,1
2026,114616,72.86,0,-1.0458279554145244,0,Random forest,0.0,-0.9254457836933573,-4.102136581699442,0.0,-1.019999658820865,0,0,0,0
2026,68518,472.18,0,-0.8914001206834206,0,Random forest,0.105,0.2014653420734246,-1.9166175237063499,0.105,-0.9474937060193842,0,0,0,0
2026,193298,10.64,0,-0.9013973898220349,0,Random forest,0.195,0.18690256712528314,1.879927169802932,0.195,-0.8068236635021763,0,1,0,0
2026,181477,1.0,0,-0.9959357981245178,0,Random forest,0.0,-1.0577513231820839,-8.678429886584036,0.0,-1.0522636085328654,0,0,0,0
2026,272570,22.0,0,-1.0045055085645223,0,Random forest,0.0,-1.2631652692570126,-7.753952794010386,0.0,-1.0520730654772183,0,0,0,0
2026,274697,1.0,0,-0.6428331086985472,1,Random forest,0.075,0.21763154099518098,-3.1266534967394817,0.075,-0.7810763063182898,0,0,0,1
2026,196227,97.29,0,-1.039856346289535,0,Random forest,0.0,-0.6180223232114815,-2.9425671054110962,0.0,-0.984714006456936,0,0,0,0
2026,120385,5.0,0,-0.9453887940866961,0,Random forest,0.015,-0.8875356115130358,-3.203072203559687,0.015,-1.0988503765105904,0,0,0,0
2026,182992,3.22,1,-1.1714955076542528,0,Random forest,0.03,-0.8705766538380771,-4.185538178481478,0.03,-0.8525260512084356,0,0,0,0
2026,265905,313.29,0,-0.5491460531123248,1,Random forest,0.205,0.16951139109128982,-0.6406057989769041,0.205,-0.9092215643676627,0,0,0,0
2026,197586,480.72,1,-1.0804380723889078,0,Random forest,0.045,-0.14742014103226664,-2.336032285208915,0.045,-0.8137695796473068,0,0,0,0
2026,241254,9.29,1,-0.8989051130716661,0,Random forest,0.0,-0.660021601371063,-1.2538576512154749,0.0,-0.7888635474574528,0,0,0,1
2026,95267,42.0,0,-1.097472990038995,0,Random forest,0.0,-1.3058025576325414,-7.5901666363996245,0.0,-1.030157545473326,0,0,0,0
2026,7108,0.01,0,-0.7283897937055486,0,Random forest,0.005,-0.5419415271553778,-6.979865172518464,0.005,-0.7792561591797796,0,0,0,1
2026,168481,60.2,0,-0.7981209129097028,0,Random forest,0.05,-0.24553955085865364,-1.720255878364359,0.05,-0.9779275911878064,0,0,0,0
2026,260506,9.99,0,-1.1214725478379393,0,Random forest,0.0,-0.9100568707442523,-3.275580083655491,0.0,-0.972962948782286,0,0,0,0
2026,177170,2.69,0,-1.0623362647235082,0,Random forest,0.0,-1.2941798418660913,-6.143958605380332,0.0,-1.1436541964737215,0,0,0,0
2026,222352,28.75,0,-0.9844181874949383,0,Random forest,0.02,-0.9661234469335357,-5.867653784483053,0.02,-0.9355779229822248,0,0,0,0
2026,135488,1.79,0,-1.242114484859514,0,Random forest,0.0,-1.3656231186730192,-6.72200684513167,0.0,-1.1844814604082692,0,0,0,0
2026,159800,37.87,0,-0.6260946689258958,1,Random forest,0.065,-0.3644967450616473,-5.876019478782744,0.065,-0.8025096546852882,0,0,0,0
2026,166431,60.0,0,-1.1124040444814856,0,Random forest,0.0,-1.0660452409336072,-4.096978585326522,0.0,-1.0761215763125258,0,0,0,0
2026,126096,211.55,0,-1.0183735307524102,0,Random forest,0.075,-0.9377398724220486,-4.979361816011141,0.075,-0.8708714325774728,0,0,0,0
2026,221187,1.0,0,-1.0466016672373708,0,Random forest,0.005,-0.8904822651767393,-4.212673088656869,0.005,-0.973885619687498,0,0,0,0
2026,159089,4.64,0,-1.0950583294073097,0,Random forest,0.005,-0.9569018388845233,-4.133980373838052,0.005,-0.9325141297681654,0,0,0,0
2026,27816,151.0,0,-0.9481281032342472,0,Random forest,0.02,-0.5757066858863372,-2.184221912156578,0.02,-0.9665864079176131,0,0,0,0
2026,151855,34.1,0,-0.8987230679300269,0,Random forest,0.01,-0.6312731201023204,-3.1220593200264517,0.01,-0.810790450784702,0,0,0,0
2026,260192,1.79,0,-1.0766337995715523,0,Random forest,0.0,-1.144643277890594,-4.071121493756422,0.0,-1.1199783378033976,0,0,0,0
2026,140336,76.82,0,-0.9400669585940334,0,Random forest,0.0,-1.1305738731746775,-6.586682595535704,0.0,-0.9962071498133208,0,0,0,0
2026,76072,8.96,0,-1.1474003665861292,0,Random forest,0.0,-1.2492025788590793,-4.953368108193664,0.0,-1.1755845012352093,0,0,0,0
2026,46998,204.27,1,-0.7913482114177252,0,Random forest,0.495,-0.3585424126092961,-2.9650977825194915,0.495,-0.7554895833770293,0,0,1,1
2026,116139,76.94,1,-0.5111431501797853,1,Random forest,0.95,0.5603413727684254,2.1414203979455158,0.95,-0.5937432646190361,1,1,1,1
2026,252532,25.3,0,-1.0119611770762509,0,Random forest,0.02,-0.4991003652634012,-2.5041833143586847,0.02,-0.8646206466840282,0,0,0,0
2026,184379,25.0,1,-0.8595508853522618,0,Random forest,0.605,-0.5515316883975642,-2.5816637383337264,0.605,-0.7746270994067411,0,0,1,1
2026,42700,30.26,1,-0.45195805480880613,1,Random forest,0.795,0.5354694244321454,10.428001418625794,0.795,-0.7780235159763225,1,1,1,1
2026,131984,319.0,0,-1.1228688384713987,0,Random forest,0.035,-0.8487703907488494,-4.3094611543482895,0.035,-0.9963375956868585,0,0,0,0
2026,73708,52.0,0,-1.0818042055316388,0,Random forest,0.0,-1.1948769096763479,-4.332141158689064,0.0,-0.9109728707573783,0,0,0,0
2026,128479,60.0,1,-0.4705675837975496,1,Random forest,0.4,0.224262975281111,2.0392377678589924,0.4,-0.7752047704101654,0,1,1,1
2026,101049,38.5,0,-1.1238316044587566,0,Random forest,0.0,-1.1059430462598123,-4.249918707208396,0.0,-1.2025903458023315,0,0,0,0
2026,149600,261.22,1,-0.6742294609048085,0,Random forest,0.645,0.34864912066351283,-4.10612721119684,0.645,-0.7780241513608875,1,0,1,1
2026,38000,32.64,0,-1.0097531969150677,0,Random forest,0.0,-1.2588737820680258,-7.931454166931381,0.0,-0.9736077257613737,0,0,0,0
2026,18910,19.44,0,-1.139675243339075,0,Random forest,0.015,-0.9925067892556624,-4.008093098331705,0.015,-1.238353435800478,0,0,0,0
2026,15539,99.99,1,-0.42366161922433476,1,Random forest,0.66,0.7257181378754488,7.28418917980462,0.66,-0.7457439877226472,1,1,1,1
2026,246370,362.1,0,-0.920273048590674,0,Random forest,0.05,-0.3997793013404747,-1.8073335849557886,0.05,-0.9102996471742945,0,0,0,0
2026,198860,226.32,0,-1.171791801921143,0,Random forest,0.005,-1.009640192283718,-9.265847147798878,0.005,-0.9495986213600903,0,0,0,0
2026,251797,5.47,0,-1.150924640322207,0,Random forest,0.0,-0.868756327930322,-4.025712692259574,0.0,-1.0143667823765259,0,0,0,0
2026,211193,99.99,0,-0.8336746513207886,0,Random forest,0.05,-0.2559540835286589,0.416075725077123,0.05,-0.8659612713749818,0,0,0,0
2026,161579,49.99,0,-1.0697556661699088,0,Random forest,0.0,-1.2436118281413977,-5.041842927001731,0.0,-1.1766573377014327,0,0,0,0
2026,121744,47.47,0,-0.789526042532301,0,Random forest,0.03,-0.31480390399113256,-0.27926373832373574,0.03,-0.9958629222533326,0,0,0,0
2026,162191,2.0,0,-0.857995728318131,0,Random forest,0.0,-1.1098440172880744,-7.39706290680653,0.0,-1.0040089806725783,0,0,0,0
2026,145315,22.5,0,-0.7310061708489626,0,Random forest,0.06,0.18547905171158233,0.44462906456560614,0.06,-0.781774893171193,0,0,0,1
2026,195996,2.27,0,-0.987944995092664,0,Random forest,0.0,-1.0323579011424426,-4.045903717401709,0.0,-0.9642784469889214,0,0,0,0
2026,144108,310.42,1,-0.4198533891004446,1,Random forest,0.8,0.6504702981432399,5.858566314443832,0.8,-0.7622765625851986,1,1,1,1
2026,50145,56.0,0,-0.9358200957139187,0,Random forest,0.02,-0.6484653126672039,-2.419418336948245,0.02,-0.9577183011525673,0,0,0,0
2026,102726,1.98,0,-1.1298435076392108,0,Random forest,0.0,-1.3479315271325198,-7.449886073326239,0.0,-1.1541199764868408,0,0,0,0
2026,282575,12.0,0,-1.059440244216471,0,Random forest,0.0,-0.9889409174197913,-4.441608954950375,0.0,-1.0107768863161117,0,0,0,0
2026,212922,18.98,0,-0.7847294039460513,0,Random forest,0.35,-0.8656513916071088,-5.394925629119782,0.35,-0.8695784740304585,0,0,0,0
2026,175117,1.98,0,-0.9970619573498446,0,Random forest,0.0,-1.2268141257279246,-6.005285258659164,0.0,-1.0637078347185556,0,0,0,0
2026,176996,2.69,0,-1.1277540668558386,0,Random forest,0.0,-1.2402821129249202,-4.685031657659897,0.0,-1.1662653704650154,0,0,0,0
2026,141576,27.85,0,-1.0377108319554065,0,Random forest,0.0,-1.2338094227425453,-6.455295694861704,0.0,-1.0749658997231748,0,0,0,0
2026,154286,0.92,1,-0.683164370751516,0,Random forest,0.085,0.38127341144139487,16.162062968975,0.085,-0.7780241411270694,1,1,0,1
2026,83417,5.91,1,-0.6246609648491271,1,Random forest,0.445,0.45010935037012867,5.848512104163574,0.445,-0.7759787737503355,1,1,1,1
2026,53838,31.9,0,-0.9233153243320995,0,Random forest,0.0,-1.1756997667742914,-9.234156067086786,0.0,-1.058935488441732,0,0,0,0
2026,66914,139.0,0,0.09640615118439622,1,Random forest,0.275,0.08626183531237769,-0.015994216787155402,0.275,-0.5795703961888558,0,0,0,1
2026,160474,32.66,0,-0.9358786785959001,0,Random forest,0.0,-1.1271091449169988,-6.7626133263793795,0.0,-1.089415153495944,0,0,0,0
2026,151627,118.95,0,-1.1847528353810794,0,Random forest,0.0,-1.2014396110518035,-5.28643563633918,0.0,-0.8357443966153353,0,0,0,0
2026,2526,56.75,0,-0.8720922444110788,0,Random forest,0.0,-1.109809265362422,-7.2448957216452,0.0,-1.0344775342373065,0,0,0,0
2026,95415,14.98,0,-1.1062951146363693,0,Random forest,0.0,-1.3485154200583787,-6.358812522156451,0.0,-1.0168680077270968,0,0,0,0
2026,100490,110.85,0,-0.9704118459683921,0,Random forest,0.0,-0.972181323583568,-3.8952786920982847,0.0,-0.9295100756228905,0,0,0,0
2026,76609,7.52,1,-0.6452318956774368,1,Random forest,0.725,0.548355346310354,10.298586539601533,0.725,-0.7776768242413646,1,1,1,1
2026,50697,38.67,0,-1.117975407816893,0,Random forest,0.0,-1.2508184258309059,-5.249357912890261,0.0,-1.1177835507511675,0,0,0,0
2026,131578,47.0,0,-1.2611572735180432,0,Random forest,0.01,-0.9484058526458593,-3.5161044473753393,0.01,-1.0017990751787127,0,0,0,0
2026,279603,85.52,0,-0.9866636854496225,0,Random forest,0.03,-0.7426792801775065,-2.8389096846189243,0.03,-0.9142533040215725,0,0,0,0
2026,2910,20.8,0,-0.94415534962625,0,Random forest,0.06,-0.9379770355962823,-8.528417992679987,0.06,-0.8651060496109976,0,0,0,0
2026,204124,22.77,0,-1.0156371553416066,0,Random forest,0.005,-0.9212125947594588,-2.838183884109228,0.005,-1.0485841941410485,0,0,0,0
2026,185642,34.99,0,-0.6600807021676038,1,Random forest,0.17,0.30736896419564697,1.524928267517053,0.17,-0.9304215048736493,1,0,0,0
2026,186573,88.8,0,-0.9853581388148314,0,Random forest,0.0,-1.2022255158372093,-6.4251461722390335,0.0,-1.0985007688924842,0,0,0,0
2026,189671,20.0,0,-1.2372934526159862,0,Random forest,0.01,-1.1507510300087302,-4.152711989161611,0.01,-0.8417139301995108,0,0,0,0
2026,156909,119.0,0,-0.7947070454762716,0,Random forest,0.115,-0.6356378792083216,-5.137131050590695,0.115,-0.859210441980564,0,0,0,0
2026,82061,17.99,0,-1.1487584890470077,0,Random forest,0.0,-1.2849832324005317,-8.462175006297427,0.0,-0.9440062721820187,0,0,0,0
2026,50592,136.0,0,-1.197152414572713,0,Random forest,0.06,-0.5503033717591084,-2.5293450077428052,0.06,-0.8571466712250232,0,0,0,0
2026,30314,7.61,1,-0.7514711276233994,0,Random forest,0.72,0.741453285777796,3.4671096931374032,0.72,-0.7775402617594159,1,1,1,1
2026,82376,246.46,0,-0.9809587817856594,0,Random forest,0.055,-0.2222698710608053,-2.155381832168155,0.055,-0.894521438696687,0,0,0,0
2026,150666,78.0,1,-0.6754599873754135,0,Random forest,0.915,0.5514842091261063,17.454913854356413,0.915,-0.7774395944121741,1,1,1,1
2026,95030,12.69,0,-1.1225422643372904,0,Random forest,0.0,-1.1300168011185776,-4.098558694109175,0.0,-0.9984826876062539,0,0,0,0
2026,743,3.95,0,-1.1466027867783275,0,Random forest,0.0,-0.9727499992884837,-3.8447222913335413,0.0,-1.034288108757884,0,0,0,0
2026,240222,1.0,1,-0.5646129911966887,1,Random forest,0.22,0.3409791425022771,2.1128817289447888,0.22,-0.8252227741715815,1,1,0,0
2026,113986,10.5,0,-1.1573670539188643,0,Random forest,0.0,-1.3475660824480964,-7.835156994191765,0.0,-1.1237241810053882,0,0,0,0
2026,196987,44.53,0,-1.126027663276132,0,Random forest,0.055,-0.737865620158577,-2.7355745077976175,0.055,-0.8658486515685913,0,0,0,0
2026,85632,20.14,0,-1.0762454286115057,0,Random forest,0.0,-1.0749047777279577,-5.554571979940242,0.0,-1.1007940987242257,0,0,0,0
2026,92903,11.99,0,-1.196140060086728,0,Random forest,0.0,-1.0674290460548819,-4.042264626645894,0.0,-1.1377151788325484,0,0,0,0
2026,233592,17.75,0,-1.2088438125283576,0,Random forest,0.005,-0.9141817670454254,-3.1753631558720796,0.005,-1.0401573299859823,0,0,0,0
2026,185007,1.29,0,-1.2180971439492976,0,Random forest,0.0,-1.1297513151132614,-3.62064026217709,0.0,-1.1313058848245396,0,0,0,0
2026,118529,10.4,0,-1.1554516137042101,0,Random forest,0.0,-1.304696403217041,-8.166875238516537,0.0,-1.1204894907271825,0,0,0,0
2026,170515,104.0,0,-0.28959881874673193,1,Random forest,0.01,0.4095305075883526,3.0385834401182406,0.01,-0.985939076009646,1,1,0,0
2026,264131,16.0,0,-0.9461330102437009,0,Random forest,0.0,-0.9846299862041624,-8.029167393720375,0.0,-0.892771633660336,0,0,0,0
2026,30930,0.76,0,-1.1853963940023926,0,Random forest,0.0,-1.3363596028143707,-7.012952021206448,0.0,-1.0925152511011,0,0,0,0
2026,155525,2.12,0,-0.9455343652913626,0,Random forest,0.0,-0.8681978547486277,-3.7480853424760703,0.0,-0.9939720483407828,0,0,0,0
2026,139667,13.7,0,-1.0276322162575702,0,Random forest,0.0,-1.0087354194086058,-3.8046551015901557,0.0,-1.1548985333063237,0,0,0,0
2026,167184,105.89,1,-0.49197019487656324,1,Random forest,0.505,0.4553469016118459,-2.460530539642736,0.505,-0.7780238561574921,1,0,1,1
2026,131484,58.26,0,-0.9237377776929541,0,Random forest,0.0,-1.0016922828881603,-7.971912631149741,0.0,-1.0214853692620542,0,0,0,0
2026,246200,5.0,0,-1.1687110791241542,0,Random forest,0.0,-1.1052558312723613,-3.8201095646233103,0.0,-1.0527734410185456,0,0,0,0
2026,230927,1.98,0,-0.8595044874393347,0,Random forest,0.26,-0.9723882337749804,-4.5271895598882965,0.26,-0.8044267993067087,0,0,0,0
2026,244337,53.6,0,-0.9026856413406974,0,Random forest,0.0,-0.5199199297753357,-10.169851509127458,0.0,-0.7845497390055931,0,0,0,1
2026,241446,84.15,0,-0.9731286395617453,0,Random forest,0.01,-1.1224112466804232,-8.369905122948914,0.01,-1.146490357293123,0,0,0,0
2026,41623,23.42,0,-1.1754357071276118,0,Random forest,0.0,-1.212094643704635,-5.675238314016486,0.0,-1.163719503456011,0,0,0,0
2026,187117,112.18,0,-0.8304391051887411,0,Random forest,0.42,-0.09678858024809456,-5.34473062547268,0.42,-0.778025555970471,0,0,1,1
2026,145044,0.99,0,-1.188031453814785,0,Random forest,0.0,-1.1808975243143154,-4.069002566964014,0.0,-1.1546476142357323,0,0,0,0
2026,72228,100.0,0,-1.138936407154413,0,Random forest,0.0,-1.3189825393754884,-7.142461302312898,0.0,-1.0956954741425124,0,0,0,0
2026,5954,8.95,0,-0.9689158072418577,0,Random forest,0.01,-1.1620252718440516,-7.429642526526896,0.01,-1.0372010223869566,0,0,0,0
2026,263274,0.77,1,-0.4739408194362132,1,Random forest,0.66,0.6750404190754176,5.902562866623652,0.66,-0.7740486319226011,1,1,1,1
2026,7233,10.5,0,-0.9143494021289436,0,Random forest,0.0,-1.1167200754062936,-9.180176745455352,0.0,-0.9338365508003967,0,0,0,0
2026,214662,120.54,1,-0.42554044642735767,1,Random forest,0.98,0.7804137861352294,4.834843753342647,0.98,-0.734193131608611,1,1,1,1
2026,50211,1.0,1,-0.5728976240623219,1,Random forest,0.69,0.6746704521589288,5.224843252804612,0.69,-0.7601343155184019,1,1,1,1
2026,87354,19.04,1,-0.8581180284772361,0,Random forest,0.315,-0.38905685318335204,-1.7545164692380864,0.315,-0.781217993819716,0,0,0,1
2026,4680,75.08,0,-1.1759675028197436,0,Random forest,0.085,-0.9805823688485408,-4.01721775414908,0.085,-0.9782920625973867,0,0,0,0
2026,42769,118.3,1,-0.46042430919736066,1,Random forest,0.89,0.7373560083336574,11.026585845168398,0.89,-0.7760482147305161,1,1,1,1
2026,215771,15.0,0,-0.45693741834056717,1,Random forest,0.065,-0.049557833877572344,0.971908375881454,0.065,-1.0339144860344651,0,0,0,0
2026,16415,23.36,1,-0.6559926343850485,1,Random forest,0.46,-0.3182870988200657,-3.035074932841888,0.46,-0.7250898373700365,0,0,1,1
2026,124386,1.0,0,-0.9730821345735308,0,Random forest,0.0,-1.2558684935780833,-7.0087711193983475,0.0,-1.0717850602796883,0,0,0,0
2026,16844,0.89,0,-1.2584820131837273,0,Random forest,0.0,-1.2218656302979296,-4.72215811565666,0.0,-1.1787386662336106,0,0,0,0
2026,224723,22.0,0,-1.1445513670908354,0,Random forest,0.0,-1.081733683484095,-3.389765005219269,0.0,-1.0737223274913847,0,0,0,0
2026,33568,25.48,0,-0.9014166299728825,0,Random forest,0.13,-0.40002491719433353,-1.3269635820143506,0.13,-1.0055966371954475,0,0,0,0
2026,154454,147.87,1,-0.6774740470926489,0,Random forest,0.415,0.2386446310195311,1.114518001598836,0.415,-0.75780622694894,0,0,1,1
2026,34097,4.46,0,-1.132749401216122,0,Random forest,0.0,-1.3477042228043268,-5.796488509752461,0.0,-1.1256413714258144,0,0,0,0
2026,108708,426.4,1,-0.5984497044846121,1,Random forest,0.66,0.7730912520942168,3.347686267445096,0.66,-0.6946454233457502,1,1,1,1
2026,58811,144.0,0,-0.5914848539469318,1,Random forest,0.375,0.3769801006783941,-10.411149508033368,0.375,-0.7780241411270694,1,0,0,1
2026,217900,17.99,0,-1.1287728613495933,0,Random forest,0.005,-0.9645898045488664,-2.5891479322560453,0.005,-0.9548052806030372,0,0,0,0
2026,77099,5.0,1,-0.43175582107255217,1,Random forest,0.96,0.6264195011143354,2.443731049138142,0.96,-0.6793715886060112,1,1,1,1
2026,156990,186.13,1,-0.343772934732595,1,Random forest,0.565,0.601251610583886,4.507617120555259,0.565,-0.763701582940201,1,1,1,1
2026,183491,124.61,0,-1.0120075989816952,0,Random forest,0.005,-0.6544788079031377,-3.529341158244838,0.005,-1.0037593761899197,0,0,0,0
2026,156988,0.0,1,-0.5533415389675118,1,Random forest,0.69,0.7127691679362167,5.533705914186808,0.69,-0.7677686050469855,1,1,1,1
2026,250679,47.99,0,-1.2136057963842617,0,Random forest,0.0,-1.0861986371721355,-3.735524204137243,0.0,-1.1463388595798545,0,0,0,0
2026,176270,59.99,0,-0.7242446177349746,0,Random forest,0.01,-0.5807073522817204,-1.7152442376909294,0.01,-1.0285560155075693,0,0,0,0
2026,77101,71.22,0,-1.023923845491184,0,Random forest,0.0,-1.1969913198641975,-6.259953118440039,0.0,-1.0799995094618162,0,0,0,0
2026,263105,4.95,0,-1.168690284839441,0,Random forest,0.0,-1.3611944386199557,-5.9674255677714045,0.0,-1.1545451703622367,0,0,0,0
2026,6446,1.0,1,-0.6365383661952252,1,Random forest,0.645,0.571064736955984,2.8463595256465704,0.645,-0.7365083484683494,1,1,1,1
2026,259419,158.95,0,0.4186517456650013,1,Random forest,0.235,0.06580844769971989,0.019334275165396875,0.235,-0.9623994826384984,0,0,0,0
2026,88525,14.48,0,-0.9271430732132021,0,Random forest,0.005,-0.8195112031326398,-6.37641785277824,0.005,-0.9442122696055611,0,0,0,0
2026,58572,0.92,0,-0.43751821198208846,1,Random forest,0.06,0.15884918305695953,-10.765536968217454,0.06,-0.7924322940270936,0,0,0,1
2026,103089,9.18,0,-0.9634379902035053,0,Random forest,0.04,-0.6177003542266098,-2.3377764329016966,0.04,-1.017813494366771,0,0,0,0
2026,252921,0.89,0,-1.0617744859649998,0,Random forest,0.0,-1.294209930772202,-5.633476832383662,0.0,-1.1380208456822622,0,0,0,0
2026,21077,1.29,0,-1.2530727148293783,0,Random forest,0.0,-1.3699759893982688,-6.793752994463294,0.0,-1.1935002303402809,0,0,0,0
2026,42887,37.32,1,-0.436760840831973,1,Random forest,0.88,0.9210579067472663,10.545823274403567,0.88,-0.7282433580462514,1,1,1,1
2026,210694,1.98,0,-1.1043345128181463,0,Random forest,0.0,-1.247634710821628,-4.992874994345209,0.0,-1.1866869505899302,0,0,0,0
2026,78451,9.99,0,-1.2432742767274532,0,Random forest,0.0,-0.9905765093720028,-3.618406606766974,0.0,-1.18449544823974,0,0,0,0
2026,12072,11.85,0,-0.8772235220601345,0,Random forest,0.0,-0.8690453969276072,-3.316573263384835,0.0,-0.8232154677645931,0,0,0,0
2026,122701,260.15,0,-0.9703607879248288,0,Random forest,0.0,-1.1105564271422583,-6.59875814674418,0.0,-1.2251605036182176,0,0,0,0
2026,143731,240.77,1,-0.5029041274048449,1,Random forest,0.93,0.977646718433464,6.67278243570114,0.93,-0.6931402977230732,1,1,1,1
2026,26653,400.0,0,-0.8515447991885416,0,Random forest,0.045,-0.528378418966323,-4.642805953002689,0.045,-1.0187682082378686,0,0,0,0
2026,47802,88.0,1,-0.7142214967997536,0,Random forest,0.84,0.4744921646038125,5.160302736204232,0.84,-0.7779823529840049,1,1,1,1
2026,128094,1.0,0,-1.020645478509779,0,Random forest,0.0,-1.2404197953905993,-5.784756252217282,0.0,-1.023347227058845,0,0,0,0
2026,280108,9.99,0,-0.9100592388615769,0,Random forest,0.0,-0.9374703516371224,-3.448105856345039,0.0,-0.9383620062913645,0,0,0,0
2026,120102,104.9,0,-1.1496229266407894,0,Random forest,0.065,-0.9234394134598046,-4.2116762006819,0.065,-0.9146942402101826,0,0,0,0
2026,215300,29.0,0,-1.0114610317067974,0,Random forest,0.04,-1.1188040569643545,-8.046977352936334,0.04,-0.921129122543984,0,0,0,0
2026,211749,289.0,0,-1.162721257053425,0,Random forest,0.065,-0.4909515294092288,-3.0320484147635094,0.065,-1.0209377156142752,0,0,0,0
2026,277791,8.99,0,-1.1564094279040538,0,Random forest,0.0,-1.0811706199102282,-3.271191120608978,0.0,-1.1797731001207354,0,0,0,0
2026,67978,1248.0,0,-0.6622846087141477,1,Random forest,0.015,0.2536071812445522,-3.9875970346800336,0.015,-0.838209420366956,1,0,0,0
2026,102445,1.0,1,-0.73494504552698,0,Random forest,0.605,0.3812734133192569,-9.927785421335152,0.605,-0.7780241411270694,1,0,1,1
2026,46016,35.57,0,-1.1552565119708542,0,Random forest,0.0,-0.7539540266250014,-2.695971291154481,0.0,-1.0743357710266257,0,0,0,0
2026,261645,7.72,0,-1.0695764801339236,0,Random forest,0.0,-0.9646634534201514,-9.716121176216808,0.0,-0.9021243250285444,0,0,0,0
2026,205156,79.98,0,-1.032651259343554,0,Random forest,0.0,-1.2526636322944076,-6.429532869215928,0.0,-1.0916139533827591,0,0,0,0
2026,223669,0.77,0,-0.9875468664646914,0,Random forest,0.02,-0.8469064664277667,-8.442989417726304,0.02,-0.9092114739643651,0,0,0,0
2026,125251,152.13,0,-0.7151178707673458,0,Random forest,0.04,-0.27815234831385005,-4.180146879927383,0.04,-0.7796352808100584,0,0,0,1
2026,130977,1.0,0,-0.8822405786105455,0,Random forest,0.005,-0.826406197318924,-4.369923157294297,0.005,-1.045326765070761,0,0,0,0
2026,151009,1.0,1,-0.6351035034084161,1,Random forest,0.735,0.3812736009632498,20.669631354540307,0.735,-0.7780241411270694,1,1,1,1
2026,66144,12.52,0,-1.00275714713803,0,Random forest,0.0,-1.2298747016853881,-8.053082385342805,0.0,-1.1755493475726124,0,0,0,0
2026,141259,512.25,1,-0.704483494446513,0,Random forest,0.665,0.7389151308771169,5.962568587081189,0.665,-0.7779673591548262,1,1,1,1
2026,141257,0.0,1,-0.5506600131743993,1,Random forest,0.77,0.864583958799009,4.767482782752309,0.77,-0.7778514829777429,1,1,1,1
2026,256303,47.0,0,-1.0108623696991925,0,Random forest,0.01,-0.7764000088150104,-2.6439297997220006,0.01,-1.0990529787295416,0,0,0,0
2026,220584,1.0,0,-1.0933493571893076,0,Random forest,0.01,-0.5637762604339486,-2.3560529464101934,0.01,-0.9657411586837162,0,0,0,0
2026,61444,1.0,0,-0.9167884963123528,0,Random forest,0.005,-0.8167061533553622,-2.919218892645799,0.005,-1.038152997148744,0,0,0,0
2026,10737,283.5,0,-1.0447321595644297,0,Random forest,0.04,-0.8982738305211854,-5.927755090045316,0.04,-0.996662608676919,0,0,0,0
2026,208688,776.8,0,-0.7063601192078595,0,Random forest,0.055,0.16068989211911797,-3.6102078368420845,0.055,-0.8074870934350187,0,0,0,0
2026,253069,7.53,0,-1.1319119955009862,0,Random forest,0.01,-1.1072468752219735,-4.69680392689962,0.01,-0.9642315598443071,0,0,0,0
2026,269386,22.92,0,-1.0148681339072338,0,Random forest,0.015,-0.7260547292872829,-3.097956453423684,0.015,-0.9527781233185989,0,0,0,0
2026,15810,99.99,1,-0.5241343875341937,1,Random forest,0.73,0.8960992773752028,6.1720986804029705,0.73,-0.2333031211808846,1,1,1,1
2026,4342,82.91,0,-1.144862462253144,0,Random forest,0.0,-1.3078924571062989,-6.345537119661369,0.0,-0.9612971943883921,0,0,0,0
2026,147069,52.66,0,-0.8594502583853075,0,Random forest,0.01,-1.017530941775017,-6.162920925206468,0.01,-1.0517858879607171,0,0,0,0
2026,64125,200.0,0,-1.0088319180234706,0,Random forest,0.04,-1.0223591851495182,-6.527536137992492,0.04,-1.092304155737916,0,0,0,0
2026,31403,217.46,0,-0.6834223792297562,0,Random forest,0.09,0.2606554345542119,0.381116221012749,0.09,-0.881064867940014,1,0,0,0
2026,155640,2.12,0,-1.23738390635166,0,Random forest,0.0,-1.2619732780056014,-4.6922188403709075,0.0,-1.030184890481831,0,0,0,0
2026,80942,29.0,0,-0.9171252501524225,0,Random forest,0.005,-1.0661986639138128,-6.536597631230752,0.005,-0.9601058378023007,0,0,0,0
2026,245564,35.29,0,-0.9752671853835806,0,Random forest,0.03,-1.0200015454040847,-5.410682213041628,0.03,-0.8470291896693934,0,0,0,0
2026,105041,1.98,0,-1.1464021758211405,0,Random forest,0.0,-1.3650819041984565,-6.812214232680241,0.0,-1.1407581859226126,0,0,0,0
2026,266454,80.0,0,-1.1637514697807285,0,Random forest,0.0,-1.2900646087165573,-5.547117595414449,0.0,-1.1622824269153647,0,0,0,0
2026,2101,1.29,0,-1.0119138816035829,0,Random forest,0.0,-1.1382833125173346,-6.729922898961984,0.0,-1.1627029476739132,0,0,0,0
2026,174604,3.59,0,-1.1887676740247124,0,Random forest,0.0,-1.3376201745375407,-5.972039192545133,0.0,-1.0487959528553834,0,0,0,0
2026,219618,64.2,0,-1.1692218468841926,0,Random forest,0.0,-0.941961013908612,-3.549073324920485,0.0,-0.9240979781151873,0,0,0,0
2026,42466,123.65,0,-0.6125437665866914,1,Random forest,0.04,0.007880980092960344,-0.8499434858875183,0.04,-0.8882451984750296,0,0,0,0
2026,129237,3.6,0,-0.9188540106084911,0,Random forest,0.015,-0.6128160489458546,-1.7325655982655253,0.015,-1.0895413404807603,0,0,0,0
2026,163353,28.82,0,-1.1208537236939409,0,Random forest,0.0,-1.1404366417260263,-9.295680902714917,0.0,-0.9812424068546588,0,0,0,0
2026,103989,282.27,0,-0.9911094532734039,0,Random forest,0.05,-0.8280425107751698,-6.360599937704677,0.05,-0.8916174686941971,0,0,0,0
2026,52315,305.9,0,-1.1122947475259835,0,Random forest,0.06,-0.5117612369003066,-3.6136145227196383,0.06,-1.0564148694301172,0,0,0,0
2026,245477,1.0,0,-1.1331474587790251,0,Random forest,0.0,-1.2213356785350014,-4.54439372256471,0.0,-1.1181760285026454,0,0,0,0
2026,14332,3.59,0,-1.268923347662696,0,Random forest,0.005,-1.0587647496420343,-3.50979662566439,0.005,-1.071005051917318,0,0,0,0
2026,138078,3.58,0,-1.0088162470788846,0,Random forest,0.0,-1.1383471714365379,-7.984919889518607,0.0,-0.9010394037008157,0,0,0,0
2026,93214,200.0,0,-1.06320328705119,0,Random forest,0.015,-0.7297154375457312,-4.782894952223459,0.015,-1.126870926182593,0,0,0,0
2026,44474,88.27,0,-1.1376274393914638,0,Random forest,0.01,-0.7774263681174468,-2.4522283741327295,0.01,-0.9924752421298466,0,0,0,0
2026,16863,730.86,1,-0.4610427463672231,1,Random forest,0.555,0.4623482000669662,2.219775192025284,0.555,-0.776484403474492,1,1,1,1
2026,149414,8.99,0,-1.0207686559476117,0,Random forest,0.0,-1.107561002764919,-4.354979695883845,0.0,-1.0403386819743172,0,0,0,0
2026,133356,116.0,0,-0.998926789883346,0,Random forest,0.02,-1.2048758537294741,-7.135462348718113,0.02,-1.1151312678384175,0,0,0,0
2026,221281,8.78,0,-0.7193516876679886,0,Random forest,0.03,0.2833785919417572,1.218107353993715,0.03,-0.9261734169196151,1,0,0,0
2026,30454,15.0,0,-1.0815241009161805,0,Random forest,0.0,-1.2941588253329002,-7.122208046487903,0.0,-1.0334857379667604,0,0,0,0
2026,90751,20.0,0,-0.9526943582068133,0,Random forest,0.0,-1.1014689364899168,-5.836355471766908,0.0,-0.9961578524159233,0,0,0,0
2026,116159,196.01,0,-1.1927239767290323,0,Random forest,0.075,-0.41831803807789636,-2.556929121437291,0.075,-1.0760415513589965,0,0,0,0
2026,144104,1.0,1,-0.48918785940868503,1,Random forest,0.455,0.8310671475424682,7.038745699715302,0.455,-0.6981293256787245,1,1,1,1
2026,119884,332.14,0,-0.8380934366504422,0,Random forest,0.035,-0.6088480105000087,-2.3987478633610873,0.035,-0.7012767187869187,0,0,0,1
2026,277927,0.92,0,-0.8276867489617747,0,Random forest,0.08,0.1705484089613944,-4.864989260383889,0.08,-0.7876216944177108,0,0,0,1
2026,268375,39.98,1,-0.6824789061168153,0,Random forest,0.29,0.10289342891449327,1.6186047826870107,0.29,-0.7778772987216419,0,0,0,1
2026,36360,39.95,0,-1.1225542173343033,0,Random forest,0.0,-0.9713263444386865,-3.373630059918381,0.0,-1.1631244705367558,0,0,0,0
2026,33558,17.99,0,-0.9452373960969926,0,Random forest,0.005,-0.9691601139585039,-6.384766244650658,0.005,-1.018394946413047,0,0,0,0
2026,81186,45.64,1,-0.7161835761358637,0,Random forest,0.805,0.44052395654931453,5.285306375734202,0.805,-0.7780055627982501,1,1,1,1
2026,157496,11.27,0,-1.2399395459539706,0,Random forest,0.0,-1.2717610513836788,-4.802555889028186,0.0,-1.0337086092051786,0,0,0,0
2026,219901,220.99,0,-0.6725373003244376,0,Random forest,0.03,0.26964320584475926,2.2041250476525684,0.03,-0.8448428582736487,1,1,0,0
2026,69008,13.69,0,-0.9598087432625814,0,Random forest,0.005,-1.0393196804631208,-5.422703384132388,0.005,-1.0917298783570777,0,0,0,0
2026,51355,42.8,0,-0.9568963507425823,0,Random forest,0.0,-1.0252907281500936,-10.212399039226991,0.0,-1.0048940901934682,0,0,0,0
2026,266735,45.49,0,-1.101526079789406,0,Random forest,0.09,-1.1736614141692567,-5.508694853320668,0.09,-0.9360324139793892,0,0,0,0
2026,6386,105.28,0,-1.185924471176347,0,Random forest,0.085,-0.4687520453665288,-2.4849304113480475,0.085,-0.9811456828987827,0,0,0,0
2026,156454,12.13,0,-1.0317955873635438,0,Random forest,0.105,-0.8511806483174839,-3.490219635364139,0.105,-0.8726243393850414,0,0,0,0
2026,257632,1.96,0,-1.0393928387293994,0,Random forest,0.005,-1.2141662066468553,-7.242620443156011,0.005,-1.0035735855683012,0,0,0,0
2026,178773,93.73,0,-0.9930275523172509,0,Random forest,0.0,-1.2401830420736495,-7.24588846544246,0.0,-1.0287627757327014,0,0,0,0
2026,150669,188.52,1,-0.4977279087635311,1,Random forest,0.885,0.6703741601925223,14.81127317300555,0.885,-0.7768699394263001,1,1,1,1
2026,145457,1.0,0,-0.7248653311763177,0,Random forest,0.005,-0.5124563185046755,-6.542273569228973,0.005,-0.8489614309848791,0,0,0,0
2026,10484,3.79,1,-1.0124658502477237,0,Random forest,0.0,-1.1348301251262387,-4.2779790757500225,0.0,-0.9257905241049975,0,0,0,0
2026,182737,0.89,0,-0.727167830345333,0,Random forest,0.0,-0.8697655921803572,-3.5420478192324847,0.0,-0.845969882063173,0,0,0,0
2026,101047,614.55,0,-0.658375608279618,1,Random forest,0.005,-0.2019762002829848,-5.721509809970128,0.005,-0.9559483415419273,0,0,0,0
2026,178858,22.0,0,-0.9405660926033651,0,Random forest,0.0,-0.7341312323780601,-1.5176774437219676,0.0,-0.9725721239276788,0,0,0,0
2026,252124,0.77,1,-0.6061149339703653,1,Random forest,0.775,0.7897038593419878,6.317090815711276,0.775,-0.7760053086971695,1,1,1,1
2026,80760,113.92,1,-0.3854912887895976,1,Random forest,0.77,0.6264812923986062,8.317004032305395,0.77,-0.7603704789881897,1,1,1,1
2026,623,529.0,1,-0.853944292556003,0,Random forest,0.01,-0.19071894562247393,-5.683538378278481,0.01,-0.8026488122553053,0,0,0,0
2026,45732,1.0,1,-0.6012718591346168,1,Random forest,0.63,0.17094892106016973,2.8965009530040033,0.63,-0.7779043433273413,0,1,1,1
2026,274117,1.0,0,-1.039029973069834,0,Random forest,0.0,-1.1596733347815311,-4.687978287893574,0.0,-1.171686662704698,0,0,0,0
2026,242066,16.0,0,-1.0102050828613254,0,Random forest,0.015,-0.7001757034322588,-1.973498785953626,0.015,-0.9507448846389989,0,0,0,0
2026,135718,7.57,1,-0.6941423232600886,0,Random forest,0.775,0.03782226737131228,1.6598973744394483,0.775,-0.7280512311751549,0,1,1,1
2026,224744,0.99,0,-1.074510949899005,0,Random forest,0.0,-1.271225084925498,-5.423606724883588,0.0,-1.1645674851092551,0,0,0,0
2026,234633,1.59,1,-0.8241705224551095,0,Random forest,0.48,0.006267620023434173,0.5997911673189416,0.48,-0.7740584138421975,0,0,1,1
2026,79835,1.75,1,-0.7132006450011741,0,Random forest,0.56,0.051406148510350635,1.0555848007282593,0.56,-0.7403706624020048,0,0,1,1
2026,8845,30.39,1,-0.6860733902771601,0,Random forest,0.68,0.49925389017972166,6.228944317798388,0.68,-0.7777946394434138,1,1,1,1
2026,102444,1.0,1,-0.73494504552698,0,Random forest,0.605,0.3812734133192569,-9.927785421335152,0.605,-0.7780241411270694,1,0,1,1
31415,15736,99.99,1,-0.7698851278304303,1,Logistic regression,31.697346712738412,0.09636853935967432,31.697346712738412,0.65,-0.897550135398341,1,1,1,0
31415,61433,187.0,0,-1.5450574413670353,0,Logistic regression,-2.282186942364095,-1.1157494017998466,-2.282186942364095,0.03,-0.8976076795426374,0,0,0,0
31415,10801,1.0,1,-0.8495765927718464,1,Logistic regression,33.86898467678837,0.10358936291888536,33.86898467678837,0.73,-0.897550135398341,1,1,1,0
31415,214138,14.0,0,-0.9096300272416269,1,Logistic regression,-2.7403717527131852,-0.7783054380611945,-2.7403717527131852,0.035,-0.8975501353983463,0,0,0,0
31415,154454,147.87,1,-0.9301029132808758,1,Logistic regression,8.39902180984479,0.8778318137374381,8.39902180984479,0.84,-0.8975501353983315,1,0,1,0
31415,182008,9.0,0,-0.8400218446467428,1,Logistic regression,-2.427186966330317,-1.133294404853182,-2.427186966330317,0.005,-0.8975673598096362,0,0,0,0
31415,216701,5.38,0,-1.1384467982685615,1,Logistic regression,-2.2715254404610556,-0.9349722917368042,-2.2715254404610556,0.005,-0.8975501354124563,0,0,0,0
31415,229843,10.02,0,-1.7719196540161173,0,Logistic regression,-1.3473071817542857,-0.9951384473479685,-1.3473071817542857,0.005,-0.8989340656461204,0,0,0,0
31415,27738,125.3,1,-1.1444802232237545,1,Logistic regression,11.517945776930935,0.5334212992677265,11.517945776930935,0.685,-0.897550135398341,1,1,1,0
31415,276067,13.48,0,-1.46743953965459,0,Logistic regression,-1.9526820025019482,-0.9432741011086587,-1.9526820025019482,0.0,-0.8976078247859799,0,0,0,0
31415,105063,3.99,0,-0.6910856998854714,1,Logistic regression,-1.3891031751765766,-0.983657448192105,-1.3891031751765766,0.0,-0.8975985880980429,0,0,0,0
31415,153265,4.92,0,-0.47827283264284925,1,Logistic regression,-1.267050890247106,-0.8928361885907334,-1.267050890247106,0.045,-0.8975501353988211,0,0,0,0
31415,109748,38.03,0,-2.032552321004844,0,Logistic regression,-1.8040288313026607,-0.9454589627874264,-1.8040288313026607,0.005,-0.8975927250363047,0,0,0,0
31415,191284,22.0,0,-1.1305700057046062,1,Logistic regression,-1.5852166294553542,-0.9724186575512292,-1.5852166294553542,0.0,-0.8975501355384573,0,0,0,0
31415,1801,3.23,0,-1.3685980696567412,0,Logistic regression,-2.0285107279417867,-1.1423883131509693,-2.0285107279417867,0.0,-0.9004090483005546,0,0,0,0
31415,256750,27.56,0,-1.197293314869429,0,Logistic regression,-1.4752710104221234,-0.9517328040513324,-1.4752710104221234,0.05,-0.8975655395423505,0,0,0,0
31415,169909,2.58,0,-1.5177655841816926,0,Logistic regression,-1.4346367983512347,-1.0233159573474706,-1.4346367983512347,0.005,-0.9008736807762904,0,0,0,0
31415,99010,33.35,0,-1.5227352249592112,0,Logistic regression,-0.6592204215510024,-0.9027760246680352,-0.6592204215510024,0.11,-0.8982490656681985,0,0,0,0
31415,161125,275.19,0,-1.8913743142899773,0,Logistic regression,-1.4631682586646817,-0.8962779391298916,-1.4631682586646817,0.06,-0.8975829801425088,0,0,0,0
31415,23365,822.16,0,-1.1771601240466312,0,Logistic regression,-1.5590363772795488,-0.525721054861835,-1.5590363772795488,0.075,-0.8975501360171404,0,0,0,0
31415,178164,150.0,0,-1.533027613429672,0,Logistic regression,-1.766573181786316,-1.0762355992852304,-1.766573181786316,0.025,-0.8991314663908708,0,0,0,0
31415,158529,57.8,0,-0.5458971927851292,1,Logistic regression,-1.252464791947279,-0.946391916870621,-1.252464791947279,0.0,-0.8975503847214524,0,0,0,0
31415,219025,4.49,1,-1.083646168446076,1,Logistic regression,-1.1209988340463657,-0.9779106685721544,-1.1209988340463657,0.0,-0.8977609958712929,0,0,0,0
31415,269688,1.0,0,-1.1265918362415999,1,Logistic regression,-1.0816278756479432,-0.8790895508674166,-1.0816278756479432,0.03,-0.8976238885297037,0,0,0,0
31415,246837,82.2,0,-1.1511637429003065,1,Logistic regression,-0.035939529108513835,-0.7533071796413666,-0.035939529108513835,0.095,-0.8975507281189791,0,0,0,0
31415,156201,3.6,0,-1.3871938311437875,0,Logistic regression,-1.2503711315752393,-0.9379016508691891,-1.2503711315752393,0.045,-0.8985633371677121,0,0,0,0
31415,42756,0.0,1,-0.9902224924644674,1,Logistic regression,31.986089392094964,0.16924136115865152,31.986089392094964,0.66,-0.897550135398341,1,1,1,0
31415,60985,1.98,0,-1.8961015931535758,0,Logistic regression,-1.2747926091503796,-1.0346819121013617,-1.2747926091503796,0.0,-0.9082478047942434,0,0,0,0
31415,83417,5.91,1,-1.1125795779245171,1,Logistic regression,13.499861394881131,0.6128113254508003,13.499861394881131,0.68,-0.897550135398341,1,1,1,0
31415,83290,11.41,0,-1.4125368935065992,0,Logistic regression,-1.9541476786426404,-0.9267678011956433,-1.9541476786426404,0.0,-0.8978397803190766,0,0,0,0
31415,114162,12.98,0,-0.8301315877538523,1,Logistic regression,-0.8838697766398053,-0.8852748539163622,-0.8838697766398053,0.005,-0.8975506323801876,0,0,0,0
31415,135718,7.57,1,-0.9390712427301162,1,Logistic regression,5.995406697726885,0.5132925905573065,5.995406697726885,0.685,-0.897550135398341,1,0,1,0
31415,80760,113.92,1,-1.2905276541012103,0,Logistic regression,10.851163604190766,0.31089704183458367,10.851163604190766,0.39,-0.897550135398341,1,1,1,0
31415,195378,36.32,0,-1.1545549622424491,1,Logistic regression,-2.6632882073735438,-0.7053076812193746,-2.6632882073735438,0.0,-0.897550135398341,0,0,0,0
31415,79111,799.0,0,-1.1390990731499282,1,Logistic regression,-2.8536020229940937,-0.721744015841334,-2.8536020229940937,0.025,-0.8975501435221317,0,0,0,0
31415,42609,83.38,1,-1.028052602488941,1,Logistic regression,33.39246139594269,0.11790058066338263,33.39246139594269,0.75,-0.897550135398341,1,1,1,0
31415,166730,54.65,0,-1.2473313661803318,0,Logistic regression,-4.265262515879727,-0.3403133817948219,-4.265262515879727,0.05,-0.897550135398341,0,0,0,0
31415,67168,40.0,0,-0.9175681449838632,1,Logistic regression,-0.8412313474619364,-0.9091528252626129,-0.8412313474619364,0.0,-0.8975550377226834,0,0,0,0
31415,224910,38.0,0,-0.547457261977988,1,Logistic regression,-0.39268328033327937,-0.5208869302629284,-0.39268328033327937,0.005,-0.8975568712181164,0,0,0,0
31415,8845,30.39,1,-0.662573526472913,1,Logistic regression,15.644421782189497,0.3346831006796156,15.644421782189497,0.56,-0.897550135398341,1,1,1,0
31415,95578,1.79,0,-0.9173068937170038,1,Logistic regression,-1.6768505801751803,-1.0542656437322484,-1.6768505801751803,0.09,-0.8976070519889442,0,0,0,0
31415,189878,1.0,1,-0.9788773143757912,1,Logistic regression,2.3847370804644954,0.1353645358490379,2.3847370804644954,0.585,-0.897550135398341,1,0,1,0
31415,238461,3.57,0,-0.8830065921954383,1,Logistic regression,-0.727429829199441,-0.8734234938718142,-0.727429829199441,0.03,-0.8979493838098677,0,0,0,0
31415,175067,0.0,0,-1.0347716106616502,1,Logistic regression,-2.277065971053381,-0.8998042678510689,-2.277065971053381,0.0,-0.8975501476218679,0,0,0,0
31415,208189,42.36,0,-1.1038959827616375,1,Logistic regression,-0.5426562628785723,-0.6155522126955009,-0.5426562628785723,0.005,-0.8975501346721736,0,0,0,0
31415,217784,67.59,0,-0.8209485990262343,1,Logistic regression,-0.9239991250772241,-0.9411345120632073,-0.9239991250772241,0.08,-0.8979519481793106,0,0,0,0
31415,225655,15.0,0,-1.724083846880872,0,Logistic regression,-1.894027537203704,-1.101971540713395,-1.894027537203704,0.01,-0.897575080454977,0,0,0,0
31415,204064,345.0,1,-0.8696900740085718,1,Logistic regression,5.054213075890617,0.0472035512545913,5.054213075890617,0.465,-0.897550135398341,1,0,1,0
31415,8615,1.0,1,-1.1447326090108771,1,Logistic regression,33.16531772533814,0.09693151838386455,33.16531772533814,0.755,-0.897550135398341,1,1,1,0
31415,73500,39.9,0,-0.7375854067485834,1,Logistic regression,-0.20493582835610935,-0.795426203495798,-0.20493582835610935,0.055,-0.8976755316563747,0,0,0,0
31415,146893,228.18,0,-0.9807721898132407,1,Logistic regression,-3.7375134804876886,-1.0593466866743795,-3.7375134804876886,0.005,-0.8975502081540562,0,0,0,0
31415,98392,31.15,0,-0.7423316983463016,1,Logistic regression,-1.0079007115382967,-0.8206815742578359,-1.0079007115382967,0.005,-0.8975533942312397,0,0,0,0
31415,199896,1335.0,1,-0.9201240977742913,1,Logistic regression,5.165436136446,0.24054510990486472,5.165436136446,0.795,-0.897550135398341,1,0,1,0
31415,278163,36.83,0,-1.0861922342766115,1,Logistic regression,-1.761012134666232,-0.9150953965707833,-1.761012134666232,0.005,-0.8975501415419421,0,0,0,0
31415,87069,1.0,0,0.18671276526173852,1,Logistic regression,-0.8324285571120472,-0.9044120662535822,-0.8324285571120472,0.035,-0.8986331914497173,0,0,0,0
31415,218174,31.23,0,-1.827601882664581,0,Logistic regression,-1.498689967406042,-1.0402497641135466,-1.498689967406042,0.01,-0.9057119338845138,0,0,0,0
31415,97623,80.0,0,-2.278222261409618,0,Logistic regression,-1.4453509447653416,-1.036018505362422,-1.4453509447653416,0.0,-0.8979357903976833,0,0,0,0
31415,113689,119.0,0,-0.8669978432285562,1,Logistic regression,-2.041544040884311,-1.0665062364824383,-2.041544040884311,0.03,-0.8975509049775194,0,0,0,0
31415,232831,0.89,0,-1.0987898616959992,1,Logistic regression,0.9346441307448439,-0.11139458880555203,0.9346441307448439,0.04,-0.8977874242811289,0,0,0,0
31415,70470,552.89,0,-1.7306379906927667,0,Logistic regression,-0.8401128418736514,-0.6979278961496937,-0.8401128418736514,0.16,-0.8975501354020178,0,0,0,0
31415,57248,7.58,1,-2.43286714530476,0,Logistic regression,-1.590581116910342,-1.0081725803030321,-1.590581116910342,0.03,-0.897572809252988,0,0,0,0
31415,45516,5.0,0,-1.5641476548225746,0,Logistic regression,-2.1320797284007122,-1.140175466749163,-2.1320797284007122,0.0,-0.8979644583636578,0,0,0,0
31415,11841,1.0,1,-0.982267033988571,1,Logistic regression,32.39350718880267,0.15676858813696665,32.39350718880267,0.455,-0.897550135398341,1,1,1,0
31415,196527,282.0,0,-2.1652847850581614,0,Logistic regression,-1.580719353165562,-1.0289328172835734,-1.580719353165562,0.005,-0.8975510378634997,0,0,0,0
31415,216945,1.0,0,-1.2937913080373318,0,Logistic regression,-1.518410238962303,-0.918213538244762,-1.518410238962303,0.025,-0.8975650286009055,0,0,0,0
31415,31688,45.0,0,-1.402207643543995,0,Logistic regression,-1.9878248078494647,-1.1013334653737863,-1.9878248078494647,0.01,-0.8975501354094833,0,0,0,0
31415,228994,243.39,0,-0.7361989360980975,1,Logistic regression,-2.439643938382402,-1.0640571156750416,-2.439643938382402,0.07,-0.8975540327849636,0,0,0,0
31415,145934,342.98,0,-1.3292292630721674,0,Logistic regression,-1.0837026669188277,-0.38118312870979526,-1.0837026669188277,0.07,-0.897550135398341,0,0,0,0
31415,90119,4.45,0,-1.1280307278260615,1,Logistic regression,-1.768092525681269,-1.0695160141631233,-1.768092525681269,0.0,-0.8976167518571789,0,0,0,0
31415,148364,4.49,0,-1.4855514678325252,0,Logistic regression,-2.05970467861136,-1.1474912393030288,-2.05970467861136,0.0,-0.96162130566537,0,0,0,0
31415,270489,9.99,0,-1.5384668756263662,0,Logistic regression,-1.8563075825773274,-1.1177832372509038,-1.8563075825773274,0.005,-0.8991098945963454,0,0,0,0
31415,6446,1.0,1,-1.132968161296143,1,Logistic regression,10.186946031627889,0.27775212452025,10.186946031627889,0.51,-0.897550135398341,1,1,1,0
31415,197212,60.76,0,-1.2655423034869004,0,Logistic regression,-2.355768730333824,-1.0918659900599557,-2.355768730333824,0.0,-0.8984878831073203,0,0,0,0
31415,276698,3.57,0,-1.8214207838397978,0,Logistic regression,-0.8195395869532385,-0.9201203477681814,-0.8195395869532385,0.015,-0.8980195347463112,0,0,0,0
31415,182619,19.66,0,-1.3478016830535884,0,Logistic regression,-2.1120367634860626,-1.135578542564226,-2.1120367634860626,0.0,-0.8984429229673434,0,0,0,0
31415,135018,18.43,0,-0.6495142403639526,1,Logistic regression,-1.219393306944922,-0.9949432216212906,-1.219393306944922,0.005,-0.9064624093149134,0,0,0,0
31415,207928,0.89,0,-1.6404772260535938,0,Logistic regression,-1.8347273966275595,-1.1017324031508033,-1.8347273966275595,0.0,-0.9705762829009152,0,0,0,0
31415,25245,7.95,0,-2.142072983825888,0,Logistic regression,-1.0519434485144383,-1.0056916278252563,-1.0519434485144383,0.0,-0.8809589833369849,0,0,0,0
31415,39913,12.39,0,-1.581794085734563,0,Logistic regression,-1.344083342062457,-0.9897260401677288,-1.344083342062457,0.05,-0.8975512995022118,0,0,0,0
31415,19210,1.98,0,-1.6116924471569916,0,Logistic regression,-1.0882731995672703,-1.0001971472215647,-1.0882731995672703,0.005,-0.899975872412103,0,0,0,0
31415,210741,75.46,0,-1.438131341811638,0,Logistic regression,-0.9632782053396393,-0.9716931370805089,-0.9632782053396393,0.02,-0.8999156821512497,0,0,0,0
31415,17966,134.99,0,-1.563081769735874,0,Logistic regression,-1.6561413028116214,-1.0416229084464215,-1.6561413028116214,0.06,-0.8975505887542499,0,0,0,0
31415,111963,9.99,0,-1.3789425335767183,0,Logistic regression,-0.9378396716800036,-0.9645156089021314,-0.9378396716800036,0.115,-0.9134812256407976,0,0,0,0
31415,154286,0.92,1,-1.1884640058476446,0,Logistic regression,0.32990093057323655,0.09544479606636175,0.32990093057323655,0.055,-0.897550135398341,1,0,0,0
31415,252720,44.76,0,-0.9999624897340819,1,Logistic regression,-2.5543355047795426,-0.6288566373619107,-2.5543355047795426,0.0,-0.8975501354006714,0,0,0,0
31415,130191,1.0,0,-1.1358912787279156,1,Logistic regression,0.9595142525249964,-0.45789298478310553,0.9595142525249964,0.005,-0.8975501358503967,0,0,0,0
31415,204109,3.98,0,-1.8421017622385678,0,Logistic regression,-1.4890887743120405,-0.9707672242945646,-1.4890887743120405,0.035,-0.8975501681084435,0,0,0,0
31415,202986,59.29,0,-2.010753481029564,0,Logistic regression,-1.2204227984467362,-0.9960239769544883,-1.2204227984467362,0.0,-0.9060704854535669,0,0,0,0
31415,127802,4.57,0,-1.1674051643380723,0,Logistic regression,-2.33743577413814,-0.9519603623936863,-2.33743577413814,0.05,-0.8981575723055272,0,0,0,0
31415,136083,319.0,0,-1.506244061073632,0,Logistic regression,-2.0529219252360678,-0.9698105148383249,-2.0529219252360678,0.005,-0.8975831003750468,0,0,0,0
31415,191267,7.18,1,-1.0916512683204487,1,Logistic regression,-4.607264540580963,-0.2901416993367058,-4.607264540580963,0.015,-0.8975501353983413,0,0,0,0
31415,125256,205.89,0,-0.8707835155021132,1,Logistic regression,-2.6653155183447144,-1.107492584475681,-2.6653155183447144,0.025,-0.8975590668589637,0,0,0,0
31415,39973,1656.24,0,-0.8802370436304476,1,Logistic regression,-4.992809371803307,-0.10038080112238693,-4.992809371803307,0.07,-0.897550135398341,0,0,0,0
31415,92524,29.6,0,-1.2610245055796545,0,Logistic regression,-1.3738832633234783,-0.8596403080636259,-1.3738832633234783,0.005,-0.9018343178549244,0,0,0,0
31415,129397,86.9,0,-1.593120822950444,0,Logistic regression,-1.7039074030909787,-0.973801152062894,-1.7039074030909787,0.0,-0.8975504647520405,0,0,0,0
31415,6553,26.05,0,-0.9573611469615447,1,Logistic regression,-0.058292558263902006,-0.7811065939612756,-0.058292558263902006,0.04,-0.8975505989036097,0,0,0,0
31415,172463,79.55,0,-1.5110762492974508,0,Logistic regression,-1.2162939166161768,-1.0012299769814088,-1.2162939166161768,0.02,-0.8975513282133463,0,0,0,0
31415,148112,269.53,0,-1.6979928038965948,0,Logistic regression,-2.036720359053409,-1.0817339710750262,-2.036720359053409,0.04,-0.897550744549597,0,0,0,0
31415,72919,13.4,0,-1.1981082460226071,0,Logistic regression,-1.5291532584685936,-1.0139730503339368,-1.5291532584685936,0.01,-0.8976074671151126,0,0,0,0
31415,96509,70.99,0,-1.592222199493654,0,Logistic regression,-1.8372293986017092,-1.1021553898226415,-1.8372293986017092,0.025,-0.8979523888331353,0,0,0,0
31415,13099,6.79,0,-1.7509781587482114,0,Logistic regression,-0.6326981734353054,-0.732823989448901,-0.6326981734353054,0.16,-0.8975501354007479,0,0,0,0
31415,280777,172.82,0,-1.3640451958679949,0,Logistic regression,-3.292518757447428,-0.5891537048249855,-3.292518757447428,0.0,-0.8975505644296442,0,0,0,0
31415,244362,14.3,0,-1.3367819185019565,0,Logistic regression,-1.6251702740314817,-1.0240273441146077,-1.6251702740314817,0.01,-0.8975524320359954,0,0,0,0
31415,238687,47.11,0,-1.6180519432466682,0,Logistic regression,-1.858900762365435,-1.038416664427237,-1.858900762365435,0.0,-0.8975509388748149,0,0,0,0
31415,24318,95.86,0,-1.063331444225481,1,Logistic regression,-1.7903465688036646,-0.8244407999752819,-1.7903465688036646,0.01,-0.8975501353987932,0,0,0,0
31415,185628,25.0,0,-0.9157885818436239,1,Logistic regression,-1.7427240435507292,-1.0913813746656686,-1.7427240435507292,0.0,-0.8977675971411802,0,0,0,0
31415,195952,10.0,0,-0.4105526652099999,1,Logistic regression,-1.58997789241303,-0.6825948752141491,-1.58997789241303,0.045,-0.8975501991776483,0,0,0,0
31415,27362,1.52,1,-1.6738865449307574,0,Logistic regression,-1.532886365038707,-0.8759343597885749,-1.532886365038707,0.005,-0.899090760437576,0,0,0,0
31415,88307,180.0,1,-0.9383227263049696,1,Logistic regression,7.934263141602111,0.8461465135355359,7.934263141602111,0.72,-0.897550135398341,1,0,1,0
31415,177935,199.0,0,-1.2612691100447013,0,Logistic regression,-3.030804980353909,-1.0535921371734314,-3.030804980353909,0.015,-0.8975501353993994,0,0,0,0
31415,157116,41.23,0,-1.2590596793766273,0,Logistic regression,-0.8633525871862974,-0.8336956526378729,-0.8633525871862974,0.02,-0.8975501419352833,0,0,0,0
31415,193063,19.0,0,-0.9396320347746786,1,Logistic regression,-0.5200137436585094,-0.8054363863922855,-0.5200137436585094,0.175,-0.8975653184907416,0,0,1,0
31415,169888,8.95,0,-0.9434453402009261,1,Logistic regression,-2.5380640644057606,-1.1758219139626966,-2.5380640644057606,0.005,-0.8975788197918083,0,0,0,0
31415,250287,1.0,0,-0.2756352998721868,1,Logistic regression,-1.1955308863073124,-0.9302609182748016,-1.1955308863073124,0.005,-0.8975512819208489,0,0,0,0
31415,154720,119.74,1,-0.454749651579193,1,Logistic regression,15.983866395529354,0.19594418393092428,15.983866395529354,0.55,-0.897550135398341,1,1,1,0
31415,50535,32.0,0,-1.1364050522331306,1,Logistic regression,-0.5619921706470201,-0.7309952969300251,-0.5619921706470201,0.055,-0.8975501236199018,0,0,0,0
31415,28289,195.96,0,-1.2105834713925159,0,Logistic regression,-1.8088975713961917,-1.0530381782906337,-1.8088975713961917,0.015,-0.8976938839571995,0,0,0,0
31415,223366,1.0,1,-1.0793071777736072,1,Logistic regression,5.852550068173703,0.8953287358786208,5.852550068173703,0.725,-0.8975501353983407,1,0,1,0
31415,157497,2.21,0,-1.6234380352999405,0,Logistic regression,-2.246421600283482,-0.9610630755863527,-2.246421600283482,0.005,-0.89755013539845,0,0,0,0
31415,167427,436.69,0,-1.1268397960489347,1,Logistic regression,-2.2504468121388865,-0.9269601024420346,-2.2504468121388865,0.05,-0.8975520502473758,0,0,0,0
31415,137211,6.26,0,-1.5124908464367848,0,Logistic regression,-0.07813419199541682,-0.6935544672306253,-0.07813419199541682,0.055,-0.8975501353983667,0,0,0,0
31415,44890,26.99,0,-1.4508110759874535,0,Logistic regression,-0.22374080180340228,-0.8661638869901753,-0.22374080180340228,0.025,-0.8975564867588097,0,0,0,0
31415,84630,1412.26,0,-0.9760013061902431,1,Logistic regression,-2.5980334543318215,-0.1983530387823207,-2.5980334543318215,0.03,-0.8975501369005706,0,0,0,0
31415,180572,220.82,0,-1.3852838814415562,0,Logistic regression,-1.1842143421262303,-0.660396118914486,-1.1842143421262303,0.035,-0.8976569251916993,0,0,0,0
31415,223050,31.26,0,-1.0508645197165098,1,Logistic regression,-2.0918743962140613,-0.8062073625923085,-2.0918743962140613,0.0,-0.8975501354117883,0,0,0,0
31415,270437,27.42,0,-1.568328835583492,0,Logistic regression,-1.85070076948106,-1.1146042425844014,-1.85070076948106,0.0,-0.8985534012686576,0,0,0,0
31415,112501,0.89,0,-0.9748047225994027,1,Logistic regression,-0.6297255509670899,-0.8849740686819385,-0.6297255509670899,0.045,-0.8978006856199364,0,0,0,0
31415,249686,103.06,0,-1.0467258356418152,1,Logistic regression,-1.5075898711836186,-0.9769985004884003,-1.5075898711836186,0.015,-0.8976123701320688,0,0,0,0
31415,12186,0.76,0,-1.6653128122747214,0,Logistic regression,-0.9326441244381917,-0.9665114461100217,-0.9326441244381917,0.02,-0.8975502577542943,0,0,0,0
31415,6908,75.0,0,-1.2795064616221141,0,Logistic regression,-1.6653452829121156,-0.8243398339642574,-1.6653452829121156,0.08,-0.897550135398341,0,0,0,0
31415,143728,1.0,1,-0.5005636957138506,1,Logistic regression,15.824433658120181,0.6075811196771113,15.824433658120181,0.77,-0.8975501353983409,1,1,1,0
31415,169180,93.75,0,-1.4066403981243525,0,Logistic regression,-1.3529383928771228,-0.9150852824258651,-1.3529383928771228,0.005,-0.8975509008292292,0,0,0,0
31415,263324,127.14,1,-0.6598884198821678,1,Logistic regression,11.736034486884032,0.5656083759573922,11.736034486884032,0.485,-0.897550135398341,1,1,1,0
31415,245347,2.47,1,-1.161240917841421,0,Logistic regression,-2.924731695510609,-0.7630383944943253,-2.924731695510609,0.0,-0.8975861281270198,0,0,0,0
31415,119074,30.0,0,-2.308169138218087,0,Logistic regression,-1.2186852912803603,-0.9860648722200096,-1.2186852912803603,0.01,-0.8975507737691335,0,0,0,0
31415,263877,0.38,1,-0.696206319802176,1,Logistic regression,13.022896860394958,1.103826015771234,13.022896860394958,0.735,-0.8975501353982493,1,1,1,0
31415,268443,43.24,0,-1.5788522699457954,0,Logistic regression,-1.2368274456039097,-1.0352747508696365,-1.2368274456039097,0.0,-0.8976080674793044,0,0,0,0
31415,237880,117.9,0,-0.5503249495118839,1,Logistic regression,-1.1760364124170302,-0.9744248986807882,-1.1760364124170302,0.0,-0.8975501654069974,0,0,0,0
31415,239499,50.0,1,-1.01449354448465,1,Logistic regression,7.221596153142702,0.567181540952274,7.221596153142702,0.485,-0.897550135398341,1,0,1,0
31415,270929,15.6,0,-1.4579749897321066,0,Logistic regression,-1.5544732851803245,-1.060118655406366,-1.5544732851803245,0.01,-0.8978974745057788,0,0,0,0
31415,4010,9.99,0,-1.077359423814594,1,Logistic regression,-1.9692845974914226,-1.073361684133359,-1.9692845974914226,0.0,-0.8975501355210318,0,0,0,0
31415,15506,99.99,1,-0.9061185093471193,1,Logistic regression,31.558606547434305,0.09656200199603197,31.558606547434305,0.645,-0.897550135398341,1,1,1,0
31415,104429,14.99,0,-0.8319423497497225,1,Logistic regression,2.7729000225880904,-0.02826694307080123,2.7729000225880904,0.015,-0.897550135398341,1,0,0,0
31415,111690,238.9,1,-0.9513761858825633,1,Logistic regression,11.230666589438245,0.9175919833046899,11.230666589438245,0.765,-0.897550135398341,1,1,1,0
31415,227854,40.23,0,-1.3119356887070635,0,Logistic regression,-1.2518922566643638,-0.7452277976695838,-1.2518922566643638,0.015,-0.8975767284810162,0,0,0,0
31415,70804,95.0,0,-0.687286329602835,1,Logistic regression,-1.6624735990765642,-0.9486307674268128,-1.6624735990765642,0.03,-0.8975502835773758,0,0,0,0
31415,56358,0.77,0,-1.868536067197692,0,Logistic regression,-1.7979431463876048,-1.1209045234109107,-1.7979431463876048,0.0,-0.8976736783815817,0,0,0,0
31415,178054,140.35,0,-1.5835524377809684,0,Logistic regression,-1.7621457707498933,-1.064368109709146,-1.7621457707498933,0.02,-0.8991424187850736,0,0,0,0
31415,254344,187.11,1,-1.8904035721039607,0,Logistic regression,-1.4286587240466646,-1.0086787175316692,-1.4286587240466646,0.03,-0.8975745064357864,0,0,0,0
31415,274036,19.8,0,-1.462232328471372,0,Logistic regression,-1.5984618439549878,-1.0616719707452942,-1.5984618439549878,0.005,-0.8978777964475226,0,0,0,0
31415,282449,199.0,0,-1.4113552360863655,0,Logistic regression,-2.4893555316545957,-1.1326497356232448,-2.4893555316545957,0.03,-0.8975501489983555,0,0,0,0
31415,17030,89.99,0,-1.0709808771238543,1,Logistic regression,-1.383192900334329,-0.6157766751804297,-1.383192900334329,0.01,-0.8975501353983422,0,0,0,0
31415,279780,184.48,0,-1.6170610769212868,0,Logistic regression,-1.3750398782626772,-0.8557198089116913,-1.3750398782626772,0.1,-0.8975625561034442,0,0,0,0
31415,256084,19.99,0,-1.8805179846539715,0,Logistic regression,-1.5665455221993523,-1.0697322750712221,-1.5665455221993523,0.02,-0.8978207394074748,0,0,0,0
31415,270241,11.99,0,-1.8619150135722644,0,Logistic regression,-1.423059449748851,-1.0730103989137934,-1.423059449748851,0.01,-0.8989883401520055,0,0,0,0
31415,138665,1.0,0,-1.3625282535177567,0,Logistic regression,-2.3967985352681644,-1.1377975138982317,-2.3967985352681644,0.005,-0.8977537665154424,0,0,0,0
31415,154676,2.28,1,-0.9753308179049112,1,Logistic regression,17.62837019731248,0.4319613595666299,17.62837019731248,0.77,-0.897550135398341,1,1,1,0
31415,77348,0.01,1,-0.8461871041853324,1,Logistic regression,10.393810292877477,0.9323346335114053,10.393810292877477,0.74,-0.8975501353973535,1,1,1,0
31415,126489,1.0,0,-1.303572206545612,0,Logistic regression,0.054541343800442954,-0.657423473495776,0.054541343800442954,0.075,-0.8976728227986194,0,0,0,0
31415,132662,9.68,0,-1.5143336971586159,0,Logistic regression,-1.1709324378656938,-0.8835663842820602,-1.1709324378656938,0.07,-0.8975861224679135,0,0,0,0
31415,127009,14.95,0,-1.0096284501995312,1,Logistic regression,-2.3890750826276634,-0.6796870820911367,-2.3890750826276634,0.085,-0.897550135398341,0,0,0,0
31415,224965,69.22,0,-1.7013377407385484,0,Logistic regression,-0.9299398136142603,-0.945810122864583,-0.9299398136142603,0.0,-0.8975501355404123,0,0,0,0
31415,102812,2.5,0,-1.713135398086664,0,Logistic regression,-1.7276873789588132,-1.0548567772334654,-1.7276873789588132,0.01,-0.924945804898322,0,0,0,0
31415,69432,47.46,0,-1.1238149449987502,1,Logistic regression,-1.2816814316145626,-0.790506032061989,-1.2816814316145626,0.015,-0.897718379828022,0,0,0,0
31415,154693,1.0,1,-0.8815024426825119,1,Logistic regression,18.650758256577777,0.4470143538627293,18.650758256577777,0.795,-0.897550135398341,1,1,1,0
31415,4442,54.43,0,-1.2091742373185363,0,Logistic regression,-0.3578519671311945,-0.8905044377353108,-0.3578519671311945,0.025,-0.8975659819128946,0,0,0,0
31415,18773,0.68,1,-0.947489579045774,1,Logistic regression,8.133037275903677,0.7334565001782463,8.133037275903677,0.765,-0.897550135398341,1,0,1,0
31415,12866,9.99,0,0.16886190771971965,1,Logistic regression,-1.2755283631571448,-0.9491920031060435,-1.2755283631571448,0.005,-0.8975502024794318,0,0,0,0
31415,129617,3.99,0,-2.0907184540252413,0,Logistic regression,-1.3051162956555307,-1.052829043863006,-1.3051162956555307,0.01,-0.9139247111097564,0,0,0,0
31415,149357,38.76,1,-0.6214568090228699,1,Logistic regression,6.997554012539284,0.5975174202538451,6.997554012539284,0.475,-0.897550135398341,1,0,1,0
31415,53798,8.13,0,-1.4243772235840098,0,Logistic regression,-0.9391581485031305,-0.9642844909613699,-0.9391581485031305,0.03,-0.8987755735912212,0,0,0,0
31415,150678,30.31,1,-1.1124335668050302,1,Logistic regression,30.05439005579156,0.1654456083759464,30.05439005579156,0.46,-0.897550135398341,1,1,1,0
31415,27736,82.0,0,-1.0596745073246687,1,Logistic regression,-2.6154385803085076,-1.1619291822143094,-2.6154385803085076,0.0,-0.8975625825961168,0,0,0,0
31415,243699,1.0,1,-0.871469588280188,1,Logistic regression,12.260845194060138,0.5420590876844058,12.260845194060138,0.675,-0.897550135398341,1,1,1,0
31415,165357,150.99,0,-1.8665448119638581,0,Logistic regression,-1.4681143661043163,-0.9777896570971683,-1.4681143661043163,0.005,-0.8978282659802467,0,0,0,0
31415,17453,99.99,1,-0.8991301667823851,1,Logistic regression,32.14580570403018,0.09635075734117896,32.14580570403018,0.55,-0.897550135398341,1,1,1,0
31415,163149,17.06,1,-0.8378737319187343,1,Logistic regression,10.276984807671594,0.8125071630695997,10.276984807671594,0.62,-0.897550135398341,1,1,1,0
31415,70649,5.0,0,-1.5988193895596021,0,Logistic regression,-1.2071263550059534,-0.9853795890381303,-1.2071263550059534,0.015,-0.8975503631771072,0,0,0,0
31415,71,11.45,0,-1.0344002628620443,1,Logistic regression,-0.7971211448441123,-0.8489018175752621,-0.7971211448441123,0.01,-0.8975504272374786,0,0,0,0
31415,272566,7.74,0,-1.466115361810656,0,Logistic regression,-1.7314910880698686,-0.9815105978857286,-1.7314910880698686,0.01,-0.9119272826735696,0,0,0,0
31415,49890,0.99,0,-1.605578285533992,0,Logistic regression,-1.439425439293959,-1.0635961887855356,-1.439425439293959,0.345,-0.9009950534841964,0,0,1,0
31415,119781,124.53,1,-0.7927657602293356,1,Logistic regression,17.238949292718583,0.3212869403981456,17.238949292718583,0.72,-0.897550135398341,1,1,1,0
31415,116655,66.16,0,-1.2044139602736026,0,Logistic regression,0.6391909840775531,-0.5952771414495592,0.6391909840775531,0.04,-0.8975545020173349,0,0,0,0
31415,157444,6.03,0,-0.9943935718754776,1,Logistic regression,1.3730834227593585,-0.3531603884342344,1.3730834227593585,0.055,-0.8975501357872254,0,0,0,0
31415,5420,43.0,0,-1.7770773195789742,0,Logistic regression,0.0872426197977687,-0.7038667359932211,0.0872426197977687,0.04,-0.8975500941706902,0,0,0,0
31415,93436,34.03,0,-2.5625688917991956,0,Logistic regression,-1.5099411700674534,-1.044454595167792,-1.5099411700674534,0.005,-0.8978393624278214,0,0,0,0
31415,192794,17.98,0,-1.169846439686829,0,Logistic regression,-2.9224405753889764,-0.9866769106476985,-2.9224405753889764,0.0,-0.8975501353995751,0,0,0,0
31415,259771,42.35,0,-1.83572920808823,0,Logistic regression,-1.5704552667041987,-1.083605425076065,-1.5704552667041987,0.05,-0.8978625086871556,0,0,0,0
31415,253974,6.07,0,-1.335466712164524,0,Logistic regression,-2.7304705421534097,-1.048357536629394,-2.7304705421534097,0.01,-0.8975501749115685,0,0,0,0
31415,235127,16.8,0,-0.9050355145016419,1,Logistic regression,-1.6044143509219224,-0.63936262802968,-1.6044143509219224,0.055,-0.8975501581137122,0,0,0,0
31415,18127,66.4,0,-1.25964849064672,0,Logistic regression,-2.3512126976943444,-1.1145227010016605,-2.3512126976943444,0.02,-0.8976928994030098,0,0,0,0
31415,98807,0.1,0,-1.123896881381139,1,Logistic regression,-1.1305300515870869,-0.9053936433831431,-1.1305300515870869,0.0,-0.8975517532421874,0,0,0,0
31415,623,529.0,1,-0.9541601895044939,1,Logistic regression,-2.6645668583815363,-0.6515302001708176,-2.6645668583815363,0.0,-0.8975501418453502,0,0,0,0
31415,34601,12.1,0,-1.321450692956733,0,Logistic regression,-0.9176170484738773,-0.9007339753717163,-0.9176170484738773,0.075,-0.8985529623053873,0,0,0,0
31415,246287,164.87,0,-2.34231945499329,0,Logistic regression,-1.3571564548701724,-1.054295687468427,-1.3571564548701724,0.0,-0.8975518007390013,0,0,0,0
31415,34755,204.98,0,-1.3147811562240692,0,Logistic regression,-1.5377142391746663,-0.8848586746884111,-1.5377142391746663,0.045,-0.897550581087351,0,0,0,0
31415,247048,99.97,0,-1.760848161006102,0,Logistic regression,-1.2094968015437697,-0.9075704353428629,-1.2094968015437697,0.0,-0.8975560089564746,0,0,0,0
31415,176548,50.0,0,-1.2318308768276949,0,Logistic regression,-1.6680162893537704,-0.9524880622282696,-1.6680162893537704,0.01,-0.8975501358908656,0,0,0,0
31415,223578,8.9,1,-1.1734480660708435,0,Logistic regression,11.568192540130864,1.0707441766396701,11.568192540130864,0.855,-0.897550135398341,1,1,1,0
31415,279007,18.57,0,-0.9080721519946294,1,Logistic regression,-0.6312882416822312,-0.8998903269504295,-0.6312882416822312,0.06,-0.8975502139092164,0,0,0,0
31415,190632,340.0,0,-0.9994077521280205,1,Logistic regression,-1.933467986011976,-0.3886100914075279,-1.933467986011976,0.01,-0.8975501353983414,0,0,0,0
31415,272123,1.29,0,-1.556752776323214,0,Logistic regression,-1.6901284320836978,-1.075833515267321,-1.6901284320836978,0.0,-0.9427690410565894,0,0,0,0
31415,108435,5.0,0,-1.6110189084429907,0,Logistic regression,-1.579864505515339,-1.0532384065945275,-1.579864505515339,0.005,-0.8975548345080502,0,0,0,0
31415,53591,1.0,1,-0.5474472264943121,1,Logistic regression,8.198302375191059,0.9333572348702734,8.198302375191059,0.905,-0.8975501353983237,1,0,1,0
31415,135390,51.24,0,-0.83639726640589,1,Logistic regression,-1.1193191645348877,-0.927729760740964,-1.1193191645348877,0.0,-0.8975865539406629,0,0,0,0
31415,184020,49.18,0,-1.1217499291587956,1,Logistic regression,-2.666525231843314,-0.8693094094674869,-2.666525231843314,0.0,-0.898898963974315,0,0,0,0
31415,33648,5.5,0,-0.32809234030955114,1,Logistic regression,-0.30874487328675304,-0.6981027051635338,-0.30874487328675304,0.04,-0.8985957206789282,0,0,0,0
31415,251883,10.0,0,-1.6112631152718375,0,Logistic regression,-1.6769935384239485,-0.861757562994532,-1.6769935384239485,0.0,-0.897550138578207,0,0,0,0
31415,130264,1.0,0,-1.259877829609811,0,Logistic regression,0.2600692054166509,-0.6280979464262606,0.2600692054166509,0.0,-0.8975693637342964,0,0,0,0
31415,155886,11.27,0,-1.5973598449867694,0,Logistic regression,-0.9464826181442603,-0.8642127877280308,-0.9464826181442603,0.0,-0.8975523223241603,0,0,0,0
31415,247649,8.97,0,-0.8114274252113346,1,Logistic regression,-2.094316508971024,-1.143848066856228,-2.094316508971024,0.01,-0.908642859796768,0,0,0,0
31415,137792,26.05,0,-1.1309591808574937,1,Logistic regression,-1.2332205994204,-0.9921793068562388,-1.2332205994204,0.0,-0.8975501486858609,0,0,0,0
31415,170378,370.44,0,-1.202919510395121,0,Logistic regression,-2.1510485077878547,-0.8348430648450396,-2.1510485077878547,0.045,-0.8975501353983956,0,0,0,0
31415,210166,73.08,0,-1.6362456655128486,0,Logistic regression,-2.1389611693465813,-1.1024143319414232,-2.1389611693465813,0.01,-0.8975545534834788,0,0,0,0
31415,213064,31.46,0,-1.8778751354397354,0,Logistic regression,-1.1408339542871606,-0.936620313649678,-1.1408339542871606,0.02,-0.8976340462372989,0,0,0,0
31415,64966,4.35,0,-1.6086761918378039,0,Logistic regression,-2.0415307754366694,-1.1090260140207293,-2.0415307754366694,0.0,-0.8975538868540741,0,0,0,0
31415,75715,0.0,0,-1.2652502452601082,0,Logistic regression,-0.49497124243278345,-0.6273538402178371,-0.49497124243278345,0.03,-0.897550135398341,0,0,0,0
31415,138697,167.0,0,-2.103207258516053,0,Logistic regression,-1.5699412117585934,-0.9694916415478649,-1.5699412117585934,0.12,-0.8975501361954993,0,0,0,0
31415,212516,0.01,1,-0.778465348195859,1,Logistic regression,10.97226134510601,0.7506664355526105,10.97226134510601,0.755,-0.897550135398341,1,1,1,0
31415,204340,24.74,0,-1.9771918017635315,0,Logistic regression,-1.243354147948358,-0.9728426521990365,-1.243354147948358,0.0,-0.8975534772814664,0,0,0,0
31415,15566,99.99,1,-0.8837503148721227,1,Logistic regression,31.651083781076263,0.09639332915912867,31.651083781076263,0.65,-0.897550135398341,1,1,1,0
31415,30495,125.9,0,-1.1204172745223229,1,Logistic regression,-3.093271454786996,-1.1960401243696577,-3.093271454786996,0.0,-0.8975506074425924,0,0,0,0
31415,136795,133.95,0,-1.6016817996924364,0,Logistic regression,-2.169612543237635,-1.0440222305693283,-2.169612543237635,0.0,-0.8975501338631587,0,0,0,0
31415,169590,17.69,0,-1.7292447145837107,0,Logistic regression,-1.6076651511874316,-1.0532581395467853,-1.6076651511874316,0.005,-0.9081785942900694,0,0,0,0
31415,43061,34.12,1,-0.647704820510564,1,Logistic regression,31.52397986885597,0.17512272599743628,31.52397986885597,0.455,-0.897550135398341,1,1,1,0
31415,202731,6.15,0,-0.7469522489478412,1,Logistic regression,-2.2365092134588185,-1.1582097434363563,-2.2365092134588185,0.015,-0.9027612690298159,0,0,0,0
31415,120505,99.85,1,-0.7689585476650395,1,Logistic regression,17.050694546506218,0.5952738277135574,17.050694546506218,0.75,-0.897550135398341,1,1,1,0
31415,44195,111.18,0,-1.4548723085409319,0,Logistic regression,-2.120292047693504,-1.0320029305244103,-2.120292047693504,0.065,-0.8976072546813106,0,0,0,0
31415,275234,158.0,0,-0.979268954107427,1,Logistic regression,-1.0066592630021611,-0.90496721246602,-1.0066592630021611,0.235,-0.8975507740833305,0,0,1,0
31415,153885,0.76,1,-1.050326928491729,1,Logistic regression,8.284756101871313,0.25546460182562675,8.284756101871313,0.65,-0.897550135398341,1,0,1,0
31415,223618,1.0,1,-0.8144584005502126,1,Logistic regression,10.69827646737269,0.8084577120818801,10.69827646737269,0.625,-0.8975501353983408,1,1,1,0
31415,153444,23.8,0,-0.9806104102810052,1,Logistic regression,0.6265778528499231,-0.4961319808853549,0.6265778528499231,0.01,-0.897550135398341,0,0,0,0
31415,29687,0.76,1,-1.3373297932161685,0,Logistic regression,-2.0766216456032742,-0.8323721742638992,-2.0766216456032742,0.0,-0.8975501360958269,0,0,0,0
31415,244371,68.4,0,-1.4470998317756258,0,Logistic regression,-2.468542898178759,-1.1432572641915133,-2.468542898178759,0.01,-0.8975561478855463,0,0,0,0
31415,166844,15.14,0,-0.8611351659495371,1,Logistic regression,-3.1951952826169325,-0.7554150504655115,-3.1951952826169325,0.0,-0.8979522732940594,0,0,0,0
31415,26740,15.0,0,-1.9018813831957124,0,Logistic regression,-1.4591988311662774,-0.957720168664792,-1.4591988311662774,0.055,-0.8975514866828356,0,0,0,0
31415,216740,14.7,0,-1.4102143741387785,0,Logistic regression,-1.8992676164323758,-0.956932443071566,-1.8992676164323758,0.0,-0.897748563860855,0,0,0,0
31415,241254,9.29,1,-1.2952392678471347,0,Logistic regression,4.541286640746776,0.3460064098584406,4.541286640746776,0.545,-0.897550135398341,1,0,1,0
31415,179600,1.46,0,-1.1688222503130241,0,Logistic regression,-0.9361582904540514,-0.8668823010735855,-0.9361582904540514,0.055,-0.89755042241013,0,0,0,0
31415,205597,1.0,0,-0.24430119343893952,1,Logistic regression,-1.4742055594096406,-1.0280644634352667,-1.4742055594096406,0.01,-0.8975737932025011,0,0,0,0
31415,76619,25.0,0,-1.354002044464922,0,Logistic regression,-1.3287631098671249,-1.0186429910695936,-1.3287631098671249,0.08,-0.9049856244579498,0,0,0,0
31415,31098,96.0,0,-1.2108527949352963,0,Logistic regression,-2.118017939184373,-1.1037663762642185,-2.118017939184373,0.015,-0.8997953126741915,0,0,0,0
31415,137798,9.71,0,-1.0281397414117937,1,Logistic regression,-1.1979411190889118,-1.0059208404865683,-1.1979411190889118,0.01,-0.8975513872936273,0,0,0,0
31415,11717,197.84,0,-1.628846227233355,0,Logistic regression,-1.7923200714994905,-1.0994649174711515,-1.7923200714994905,0.005,-0.897550238984667,0,0,0,0
31415,253516,10.0,0,-1.501085844882649,0,Logistic regression,-1.51221756947813,-1.0466592994068589,-1.51221756947813,0.0,-0.8977992386642611,0,0,0,0
31415,100623,549.06,1,-1.8934738298923852,0,Logistic regression,-0.6096923387977913,-0.8128474691996119,-0.6096923387977913,0.07,-0.8975501428907487,0,0,0,0
31415,203700,0.0,1,-0.6671783911178504,1,Logistic regression,6.013465301695752,0.8799547442341507,6.013465301695752,0.765,-0.897550135398341,1,0,1,0
31415,150372,50.0,0,-2.149096086186403,0,Logistic regression,-1.5936861681491314,-1.047609754895783,-1.5936861681491314,0.015,-0.897551288994918,0,0,0,0
31415,252774,0.77,1,-1.038178981562596,1,Logistic regression,9.869582583481805,0.5278204065864511,9.869582583481805,0.65,-0.897550135398341,1,1,1,0
31415,12261,1.0,1,-0.8488524963102508,1,Logistic regression,32.712735684612014,0.12186326013489629,32.712735684612014,0.45,-0.897550135398341,1,1,1,0
31415,272578,7.56,0,-1.0487251579500065,1,Logistic regression,-2.3572220338568686,-0.7541521589632325,-2.3572220338568686,0.005,-0.8981056656979134,0,0,0,0
31415,72771,0.23,0,-1.1107715859531604,1,Logistic regression,0.624566356839114,-0.06686887002469996,0.624566356839114,0.15,-0.897550135398341,1,0,0,0
31415,119631,2.69,0,-1.6886673591204477,0,Logistic regression,-1.03573399181177,-0.9543741553106375,-1.03573399181177,0.065,-0.9019471439402565,0,0,0,0
31415,271362,47.3,0,-1.1151737034624305,1,Logistic regression,-1.892699433894395,-0.8556700890319549,-1.892699433894395,0.0,-0.8975501491408708,0,0,0,0
31415,81662,12.99,0,-1.6309558336089522,0,Logistic regression,-1.8601613232101812,-1.0945724002658421,-1.8601613232101812,0.0,-0.9021834505647062,0,0,0,0
31415,257905,96.0,0,-1.593215797448758,0,Logistic regression,-1.996233579611228,-1.1037863607210527,-1.996233579611228,0.01,-0.898540902233247,0,0,0,0
31415,77682,1.0,1,-1.0327461230920334,1,Logistic regression,21.992973521051926,0.2480611586334251,21.992973521051926,0.455,-0.897550135398341,1,1,1,0
31415,153095,5.0,0,-2.0602884389918614,0,Logistic regression,-0.8914967627531508,-0.9749166521615442,-0.8914967627531508,0.03,-0.8975513834245499,0,0,0,0
31415,18868,45.96,0,-1.9884053918164,0,Logistic regression,-0.838778802800312,-0.9476432721033545,-0.838778802800312,0.015,-0.88089866942873,0,0,0,0
31415,51305,48.42,0,-0.4877133950362914,1,Logistic regression,-0.5422965676196103,-0.8440808805711761,-0.5422965676196103,0.02,-0.8988400563742898,0,0,0,0
31415,105797,20.0,0,-1.7684691895490232,0,Logistic regression,-1.3043249947727598,-1.026243219559746,-1.3043249947727598,0.06,-0.9033833550713111,0,0,0,0
31415,188050,45.0,0,-1.8547959375203047,0,Logistic regression,-1.3138381954970062,-0.9416525917231249,-1.3138381954970062,0.05,-0.8974003963454886,0,0,0,0
31415,150020,5.0,0,-1.1634095960596884,0,Logistic regression,-1.1688408954839005,-0.9573963620694546,-1.1688408954839005,0.055,-0.8975506444073605,0,0,0,0
31415,51901,43.06,0,-1.1234204539949442,1,Logistic regression,-0.942371311757394,-0.8753916023731008,-0.942371311757394,0.015,-0.8979345592358957,0,0,0,0
31415,142912,1.5,0,-1.2229894893085922,0,Logistic regression,-2.4561651457425184,-0.9934730994898893,-2.4561651457425184,0.0,-0.8975564654404072,0,0,0,0
31415,246006,17.0,0,-1.62877963685311,0,Logistic regression,-1.3746666131286844,-1.0051078825380002,-1.3746666131286844,0.01,-0.8975660945892019,0,0,0,0
31415,29773,511.61,0,-1.1874858443866878,0,Logistic regression,-2.6412066439118775,-1.060423098688788,-2.6412066439118775,0.025,-0.8975501353989075,0,0,0,0
31415,49051,80.0,0,-1.5754558871452806,0,Logistic regression,-0.7189192343114553,-0.8144457524762079,-0.7189192343114553,0.005,-0.8975708836840326,0,0,0,0
31415,275624,177.87,0,-1.5990195133675695,0,Logistic regression,-0.8658292198838663,-0.8827214229197389,-0.8658292198838663,0.03,-0.8975501809015463,0,0,0,0
31415,165978,10.0,0,-1.460843538237703,0,Logistic regression,-1.163355886753571,-0.8946638744624953,-1.163355886753571,0.0,-0.8975501384446788,0,0,0,0
31415,16560,43.99,0,-2.2637403121805146,0,Logistic regression,-0.736229973404294,-0.9097834265004683,-0.736229973404294,0.01,-0.897585000529796,0,0,0,0
31415,216248,121.42,0,-1.4930959998142068,0,Logistic regression,-1.8581040715464692,-1.0780183380650115,-1.8581040715464692,0.015,-0.8975523161622418,0,0,0,0
31415,150399,29.98,0,-1.4959999034855613,0,Logistic regression,-1.9234668888205164,-1.0859076406696044,-1.9234668888205164,0.0,-0.9002028390216047,0,0,0,0
31415,246225,4.47,0,-1.7284938132160104,0,Logistic regression,-0.8027578300591884,-0.9122880430915297,-0.8027578300591884,0.04,-0.8975522307712038,0,0,0,0
31415,251891,7.06,1,-0.6889269011236314,1,Logistic regression,-1.8724256768726741,-0.7154112145259772,-1.8724256768726741,0.065,-0.8975501468537322,0,0,0,0
31415,21404,37.03,0,-1.284022699417338,0,Logistic regression,-0.22165601516274624,-0.7701005384623911,-0.22165601516274624,0.075,-0.8976631634042644,0,0,0,0
31415,31575,25.8,0,-1.6979467332597138,0,Logistic regression,-1.5635223462732555,-1.0212671610515411,-1.5635223462732555,0.03,-0.897550294614196,0,0,0,0
31415,253646,164.0,0,-1.9601876491387373,0,Logistic regression,-1.0469640484466267,-0.88067182295234,-1.0469640484466267,0.15,-0.897550266460191,0,0,0,0
31415,169966,200.0,0,-1.7724454375834235,0,Logistic regression,-0.6144594230708565,-0.7814216650357746,-0.6144594230708565,0.02,-0.8975746132753918,0,0,0,0
31415,279105,22.78,0,-1.2007307241916856,0,Logistic regression,-2.031309717381458,-1.1034615652434512,-2.031309717381458,0.0,-0.8976249119315552,0,0,0,0
31415,239886,7.98,0,-1.8967993107577779,0,Logistic regression,-0.4537497473733394,-0.6576276190892096,-0.4537497473733394,0.005,-0.8975501360885534,0,0,0,0
31415,189054,35.0,0,-1.038451152954797,1,Logistic regression,-1.4824014889651322,-0.8994491974360082,-1.4824014889651322,0.0,-0.8975501354215695,0,0,0,0
31415,10204,11.39,1,-1.0646575289596436,1,Logistic regression,4.081039398877796,0.06887915481893604,4.081039398877796,0.5,-0.897550135398341,1,0,1,0
31415,260105,1.98,0,-1.4197597837658624,0,Logistic regression,-0.9829741229464319,-0.8333846729016734,-0.9829741229464319,0.01,-0.8975501356876726,0,0,0,0
31415,92777,294.9,1,-0.8852592713816626,1,Logistic regression,14.693533817010296,0.41041651748201485,14.693533817010296,0.515,-0.897550135398341,1,1,1,0
31415,133672,182.68,0,-1.9723280515883714,0,Logistic regression,-1.5772163329856395,-1.0376995428086533,-1.5772163329856395,0.03,-0.8988984265608485,0,0,0,0
31415,223804,17.45,0,-1.102177326502017,1,Logistic regression,-2.0721395795779047,-0.8567065680693773,-2.0721395795779047,0.045,-0.8975680927403754,0,0,0,0
31415,164442,211.78,0,-1.4958820038182679,0,Logistic regression,-1.8083587967970172,-1.0475644935733606,-1.8083587967970172,0.09,-0.8975620983718768,0,0,0,0
31415,30473,14.46,1,-0.6476795312531082,1,Logistic regression,19.409254211907353,0.4148129654528809,19.409254211907353,0.73,-0.897550135398341,1,1,1,0
31415,21055,1.79,0,-1.164541874730717,0,Logistic regression,-1.5980555410668362,-0.7520621555003661,-1.5980555410668362,0.015,-0.8975501392942463,0,0,0,0
31415,73784,1.0,1,-1.0028764335077751,1,Logistic regression,21.608519664563033,0.30157376520244,21.608519664563033,0.715,-0.897550135398341,1,1,1,0
31415,22208,103.98,0,-1.5861153746556278,0,Logistic regression,-1.4276686603051034,-0.9719722380788327,-1.4276686603051034,0.01,-0.897695065501184,0,0,0,0
31415,26032,100.0,0,-1.0945434255326454,1,Logistic regression,0.847971127725706,-0.5699122017948148,0.847971127725706,0.03,-0.8975501360077044,0,0,0,0
31415,166934,1.98,0,-1.506932175711774,0,Logistic regression,-1.204424332650744,-0.9773255526097959,-1.204424332650744,0.02,-0.8978482970340046,0,0,0,0
31415,115959,1.0,0,-2.120863499158949,0,Logistic regression,-1.2860443184471038,-1.0384157100538556,-1.2860443184471038,0.155,-0.9045348210112635,0,0,0,0
31415,117621,99.98,0,-0.8983810757603189,1,Logistic regression,0.5819072365933275,-0.5366143339740164,0.5819072365933275,0.015,-0.8976359425453551,0,0,0,0
31415,273121,9.58,0,-1.500937103894473,0,Logistic regression,-1.7639448104250732,-1.0092515684451748,-1.7639448104250732,0.015,-0.8975528909745628,0,0,0,0
31415,6719,1.0,1,-0.9457519769409756,1,Logistic regression,14.504865007848021,0.5151587801014539,14.504865007848021,0.81,-0.897550135398341,1,1,1,0
31415,245363,105.78,0,-1.789973279580976,0,Logistic regression,-0.7027192612161619,-0.8713734344507447,-0.7027192612161619,0.02,-0.897617295544588,0,0,0,0
31415,46186,199.1,0,-2.456532275901236,0,Logistic regression,-1.5927401553336051,-0.9998726197176317,-1.5927401553336051,0.035,-0.8975511376570345,0,0,0,0
31415,136386,25.0,0,-1.3676037710899833,0,Logistic regression,-2.5723224493413763,-1.0734158612194067,-2.5723224493413763,0.04,-0.8975501388009256,0,0,0,0
31415,34213,0.89,0,-1.701960532345951,0,Logistic regression,-1.5905747509492112,-1.0894463468446642,-1.5905747509492112,0.205,-0.9014598821006599,0,0,1,0
31415,9252,1.0,1,-0.9967045519565394,1,Logistic regression,33.081854977599804,0.09804871510292497,33.081854977599804,0.7,-0.897550135398341,1,1,1,0
31415,76612,11.2,0,-1.0048765046655497,1,Logistic regression,-1.5798251947742405,-0.8363922791205991,-1.5798251947742405,0.015,-0.8975525603364939,0,0,0,0
31415,109657,111.0,0,-0.8254323830760638,1,Logistic regression,-1.819791800628097,-0.6870981494966102,-1.819791800628097,0.08,-0.8975501354171532,0,0,0,0
31415,230071,3.79,0,-1.5743884431179027,0,Logistic regression,-1.2714278922978919,-1.0022485957780933,-1.2714278922978919,0.0,-0.8986119805420804,0,0,0,0
31415,88897,1.1,1,-1.0146949190894419,1,Logistic regression,16.381162257959307,0.32743633581448656,16.381162257959307,0.565,-0.897550135398341,1,1,1,0
31415,152223,8.64,1,-0.7500546211084907,1,Logistic regression,32.55515611259203,0.5323251094660626,32.55515611259203,0.425,-0.897550135398341,1,1,1,0
31415,127979,35.99,0,-1.8755030980752587,0,Logistic regression,-1.9260267727986355,-1.0523468661591373,-1.9260267727986355,0.005,-0.897889171909175,0,0,0,0
31415,156019,889.34,0,-2.209524891807589,0,Logistic regression,-2.336170826349389,-0.9834367498948589,-2.336170826349389,0.015,-0.897550135398341,0,0,0,0
31415,182160,29.0,0,-1.4188241317208323,0,Logistic regression,-1.603539179967855,-0.951894476754165,-1.603539179967855,0.135,-0.8980552822966752,0,0,0,0
31415,250761,0.77,1,-1.0201698035056639,1,Logistic regression,10.03936299439551,0.5220554172851094,10.03936299439551,0.655,-0.897550135398341,1,1,1,0
31415,25231,7.95,0,-1.7483614266635756,0,Logistic regression,-0.9813011223819771,-0.9999303830946014,-0.9813011223819771,0.06,-0.9270229275434395,0,0,0,0
31415,149145,6.99,1,-0.7264439361708799,1,Logistic regression,-6.328784258146183,0.003632987551234118,-6.328784258146183,0.075,-0.897550135398341,1,0,0,0
31415,30122,316.0,0,-0.36137395323395427,1,Logistic regression,-1.405189863092684,-0.898603839897784,-1.405189863092684,0.0,-0.8975577886753643,0,0,0,0
31415,254209,2.0,0,-1.595121123910451,0,Logistic regression,-2.0383906520279855,-0.9960493234210155,-2.0383906520279855,0.0,-0.8975808942943044,0,0,0,0
31415,108537,15.0,0,-0.7948550265592987,1,Logistic regression,-1.3847509033645067,-1.0066496767754112,-1.3847509033645067,0.01,-0.8975995165072755,0,0,0,0
31415,6336,1.0,1,-1.022486544513256,1,Logistic regression,8.30071387398248,0.7327095634654479,8.30071387398248,0.76,-0.897550135398341,1,0,1,0
31415,83053,6.27,1,-0.639897132731914,1,Logistic regression,8.377922088949997,0.8770675356229283,8.377922088949997,0.825,-0.8975501353983405,1,0,1,0
31415,137031,9.91,0,-1.1116772432509552,1,Logistic regression,-2.1657178096833705,-0.9434737023383406,-2.1657178096833705,0.03,-0.8975502392471744,0,0,0,0
31415,100048,4.57,0,-1.1331484452068596,1,Logistic regression,-2.006936181944981,-0.8656112297074308,-2.006936181944981,0.01,-0.897552126700799,0,0,0,0
31415,161935,9.99,0,-1.300333749993388,0,Logistic regression,-1.7616239786400076,-1.100272394784645,-1.7616239786400076,0.005,-0.9219422039988884,0,0,0,0
31415,100312,123.0,0,-2.332513590809106,0,Logistic regression,-1.8247718342439518,-1.0896964423333484,-1.8247718342439518,0.005,-0.8984689993554725,0,0,0,0
31415,142867,161.5,0,-1.524740722198957,0,Logistic regression,-0.969709151780515,-0.8778922685839203,-0.969709151780515,0.065,-0.8975502228685813,0,0,0,0
31415,115268,14.99,0,-1.2476861716412229,0,Logistic regression,-1.9551856270385395,-1.0155956680286526,-1.9551856270385395,0.015,-0.8975817010586888,0,0,0,0
31415,214662,120.54,1,-0.6510403271677829,1,Logistic regression,11.325214662742805,0.9424258350200576,11.325214662742805,0.74,-0.8975501353503341,1,1,1,0
31415,168566,1.98,0,-1.1976137538975715,0,Logistic regression,-1.1539389224625247,-0.7798973907914104,-1.1539389224625247,0.0,-0.8975512929488854,0,0,0,0
31415,271210,1.0,0,-1.5446282758641252,0,Logistic regression,-1.6401186343470653,-1.0681851236971436,-1.6401186343470653,0.06,-0.8975767002494128,0,0,0,0
31415,86397,260.76,0,-1.3533640340462312,0,Logistic regression,-1.5630912486082105,-0.9977418494610943,-1.5630912486082105,0.075,-0.9138294783107053,0,0,0,0
31415,242589,13.7,0,-1.3315848721198695,0,Logistic regression,-1.5685060699666047,-0.956523260496883,-1.5685060699666047,0.02,-0.8975960608571032,0,0,0,0
31415,131049,1.0,0,-0.8415748710878592,1,Logistic regression,0.20514277618928967,-0.6617682520524419,0.20514277618928967,0.05,-0.9045497060194865,0,0,0,0
31415,214735,1.0,0,-1.7162115965082503,0,Logistic regression,-1.4692004929599927,-1.042083687998855,-1.4692004929599927,0.0,-0.8979137702273136,0,0,0,0
31415,3964,5.67,0,-1.4907221380275697,0,Logistic regression,-0.13060027074029767,-0.8240855985141227,-0.13060027074029767,0.07,-0.8975522933597049,0,0,0,0
31415,6774,1.0,1,-1.1840882815241183,0,Logistic regression,12.629437770510556,0.33017611702943805,12.629437770510556,0.505,-0.897550135398341,1,1,1,0
31415,247673,247.86,1,-0.9664628174767917,1,Logistic regression,3.6965619626395894,0.15393824525893282,3.6965619626395894,0.405,-0.897550135398341,1,0,1,0
31415,70001,22.75,0,-2.131153173215952,0,Logistic regression,-1.7204580372862468,-1.0889415239359996,-1.7204580372862468,0.025,-0.8976588507332522,0,0,0,0
31415,108080,133.5,0,-1.4543866483994559,0,Logistic regression,-2.4911106413488167,-1.0945515202976825,-2.4911106413488167,0.015,-0.8975626212565591,0,0,0,0
31415,141207,1.98,0,-1.8203779120368067,0,Logistic regression,-2.048395318038228,-1.0932710640361512,-2.048395318038228,0.0,-0.8978257564144473,0,0,0,0
31415,21721,59.85,0,-1.0131732020887017,1,Logistic regression,0.031582157697394475,-0.5821736379005851,0.031582157697394475,0.015,-0.8975501353981744,0,0,0,0
31415,91840,79.8,0,-1.2334174012531163,0,Logistic regression,-1.734655937652863,-1.0156266222661594,-1.734655937652863,0.0,-0.8975811487919751,0,0,0,0
31415,13376,105.0,0,-1.9921789885137589,0,Logistic regression,-1.0164556713248427,-0.9829655843953999,-1.0164556713248427,0.0,-0.8975501364990142,0,0,0,0
31415,226877,0.0,1,-0.6547383567536054,1,Logistic regression,13.140199055892925,0.8210372269779684,13.140199055892925,0.645,-0.897550135398341,1,1,1,0
31415,268040,1.0,0,-1.1838351766746058,0,Logistic regression,-0.03557250092296549,-0.6463827456551814,-0.03557250092296549,0.01,-0.9123303332474383,0,0,0,0
31415,69318,37.16,0,-1.2613819940166344,0,Logistic regression,-2.017828953131703,-0.9959297673233216,-2.017828953131703,0.055,-0.89756269360321,0,0,0,0
31415,134444,12.67,0,-1.5959177095866353,0,Logistic regression,-0.3099689080399879,-0.7228247765630906,-0.3099689080399879,0.045,-0.897550135397881,0,0,0,0
31415,11382,11.85,0,-1.416975690935833,0,Logistic regression,0.43890762979128173,-0.631851220621513,0.43890762979128173,0.005,-0.8975519850783262,0,0,0,0
31415,151248,7.58,0,-0.3327836542653194,1,Logistic regression,-0.4135245716110597,-0.8166168652774108,-0.4135245716110597,0.1,-0.8975517927915442,0,0,0,0
31415,57470,0.76,1,-0.9432772035905043,1,Logistic regression,7.70761927455505,0.8947089582779542,7.70761927455505,0.745,-0.8975501353813374,1,0,1,0
31415,43204,106.55,1,-0.8647102453076807,1,Logistic regression,28.559816906680126,0.10387298332810196,28.559816906680126,0.46,-0.897550135398341,1,1,1,0
31415,134465,280.0,0,-1.2359082480564405,0,Logistic regression,-0.8843207619049184,-0.813060213633352,-0.8843207619049184,0.02,-0.8976211207498462,0,0,0,0
31415,82087,108.72,0,-1.206783916247432,0,Logistic regression,-2.3405344382168574,-1.015411179191998,-2.3405344382168574,0.025,-0.89755042745445,0,0,0,0
31415,39864,15.98,0,-2.1557463756389117,0,Logistic regression,-1.5531277364755662,-1.0398270496742974,-1.5531277364755662,0.005,-0.8980578968875443,0,0,0,0
31415,248778,16.45,0,-1.933899339774503,0,Logistic regression,-0.6030471909735093,-0.8643829791808622,-0.6030471909735093,0.01,-0.8976869032700165,0,0,0,0
31415,222542,19.6,0,-1.3531101687001033,0,Logistic regression,-1.726648758637812,-1.0969315147899725,-1.726648758637812,0.0,-0.8994176020854054,0,0,0,0
31415,155765,1.0,0,-1.3225918526201434,0,Logistic regression,-1.6823791603807587,-1.0729019771210584,-1.6823791603807587,0.0,-0.8975503762630638,0,0,0,0
31415,187407,25.0,0,-0.7469271714350593,1,Logistic regression,-0.9518582154695883,-0.8802333548623587,-0.9518582154695883,0.0,-0.8975501394993726,0,0,0,0
31415,123238,1.0,1,-1.927476056898926,0,Logistic regression,-0.007942106389937864,-0.693735501681676,-0.007942106389937864,0.095,-0.8975501391363089,0,0,0,0
31415,91961,461.0,0,-1.2690207627057637,0,Logistic regression,-3.4681969077591592,-0.15068697926489566,-3.4681969077591592,0.005,-0.897550135398341,0,0,0,0
31415,8335,1.0,1,-0.8129834232375992,1,Logistic regression,31.722786869634053,0.09781618083314099,31.722786869634053,0.735,-0.897550135398341,1,1,1,0
31415,45267,1.0,0,-1.1349077392915192,1,Logistic regression,-1.468616704491105,-0.8797053187420505,-1.468616704491105,0.005,-0.897550135398598,0,0,0,0
31415,247547,234.57,0,-1.4528175250997881,0,Logistic regression,-1.2128603779246916,-0.8930455158847384,-1.2128603779246916,0.065,-0.8975539742335564,0,0,0,0
31415,23575,40.28,0,-2.121424962609747,0,Logistic regression,-1.8233096702758496,-1.0454573640749558,-1.8233096702758496,0.045,-0.8976215074807872,0,0,0,0
31415,182947,10.0,0,-1.830147000015333,0,Logistic regression,-0.1392365220201408,-0.654372888423574,-0.1392365220201408,0.0,-0.8975613090302126,0,0,0,0
31415,226819,14.99,0,-1.621022095600598,0,Logistic regression,-1.8071996957192211,-1.0919014240911182,-1.8071996957192211,0.0,-0.8978077178412947,0,0,0,0
31415,249000,106.49,0,-1.2510192160773284,0,Logistic regression,0.3348716473240292,-0.21275974566583872,0.3348716473240292,0.05,-0.897550135398341,0,0,0,0
31415,144754,323.77,1,-1.472825648242757,0,Logistic regression,0.4592466249842766,-0.4039205937296319,0.4592466249842766,0.095,-0.897550135398341,0,0,0,0
31415,26738,5.0,0,-1.709869913227755,0,Logistic regression,-1.6176583919220318,-0.9623943285329675,-1.6176583919220318,0.01,-0.8975545752003302,0,0,0,0
31415,33935,8.42,0,-0.8821935102498334,1,Logistic regression,-1.2693323667466676,-0.9032430010503685,-1.2693323667466676,0.0,-0.8978780104791878,0,0,0,0
31415,219250,11.98,0,-1.889571061854335,0,Logistic regression,-1.7373126341533496,-1.1050784580096549,-1.7373126341533496,0.0,-0.898423385707524,0,0,0,0
31415,163872,4.49,0,-1.7715798026584109,0,Logistic regression,-1.0570732989049427,-0.9772227423774467,-1.0570732989049427,0.0,-0.9010245557859236,0,0,0,0
31415,31971,171.68,0,-1.6114814199034426,0,Logistic regression,-1.0574047993657862,-0.7747351517209606,-1.0574047993657862,0.015,-0.8975503122779478,0,0,0,0
31415,151008,1.0,1,-0.7050889481860584,1,Logistic regression,32.87774228014891,0.09641155483915734,32.87774228014891,0.425,-0.897550135398341,1,1,1,0
31415,3856,5.55,0,-1.9167079893081365,0,Logistic regression,-1.4462168856063633,-1.0674415529597465,-1.4462168856063633,0.01,-0.9023825167203395,0,0,0,0
31415,95377,4.99,0,-1.9426942068698043,0,Logistic regression,-1.4345232870627387,-1.0333005097433121,-1.4345232870627387,0.05,-0.8976819832286766,0,0,0,0
31415,147922,32.98,0,-1.8739767979221962,0,Logistic regression,-1.5976900544076051,-0.9436331023159727,-1.5976900544076051,0.005,-0.8975851589651992,0,0,0,0
31415,154281,18.11,0,-1.4008083582388418,0,Logistic regression,-1.5683675635863106,-0.9343168889666915,-1.5683675635863106,0.005,-0.8975504353843774,0,0,0,0
31415,84265,2.99,0,-1.7396510063887565,0,Logistic regression,-1.3044917916313408,-1.008285654241003,-1.3044917916313408,0.075,-0.9285299583407322,0,0,0,0
31415,246982,5.0,0,-0.043729688465598215,1,Logistic regression,-0.7063059801036151,-0.8772711248987892,-0.7063059801036151,0.27,-0.8972801831229335,0,0,1,0
31415,132808,1.29,0,-1.4525787087781366,0,Logistic regression,-1.586184597296199,-1.0626710637283825,-1.586184597296199,0.065,-0.8976509296243163,0,0,0,0
31415,262383,7.98,0,-1.8566602953332199,0,Logistic regression,-1.2634905227216158,-1.0244952290933689,-1.2634905227216158,0.0,-0.8983780535557137,0,0,0,0
31415,243393,0.01,1,-0.8802761494991844,1,Logistic regression,11.22793640575771,0.22595606735694224,11.22793640575771,0.53,-0.897550135398341,1,1,1,0
31415,229977,1.29,0,-1.7069872463722255,0,Logistic regression,-1.630418156947466,-1.0660550243844924,-1.630418156947466,0.0,-0.9264203020447918,0,0,0,0
31415,56207,154.64,0,-1.1001410711649013,1,Logistic regression,-2.02869422425617,-0.7897384016012414,-2.02869422425617,0.005,-0.8975501353983413,0,0,0,0
31415,186089,1073.62,0,-1.1311270125255706,1,Logistic regression,-3.1180024073579173,-0.6008109960102497,-3.1180024073579173,0.005,-0.8975501354129041,0,0,0,0
31415,43364,1.0,0,-0.5171354499299631,1,Logistic regression,-1.0624564081545609,-0.9566091242828958,-1.0624564081545609,0.11,-0.8978912313083779,0,0,0,0
31415,52270,135.37,0,-1.4771064563784302,0,Logistic regression,-0.653750637247799,-0.886265141868622,-0.653750637247799,0.165,-0.8930970449583548,0,0,0,0
31415,6338,1.0,1,-0.9078162204855189,1,Logistic regression,8.272884636138206,0.7592691411363435,8.272884636138206,0.77,-0.897550135398341,1,0,1,0
31415,79954,63.32,0,0.3848362347842401,1,Logistic regression,-1.437744035848825,-0.9713782534343662,-1.437744035848825,0.0,-0.8975538023158284,0,0,0,0
31415,108818,58.63,0,-1.2557604660621449,0,Logistic regression,-1.3323622837223896,-1.0296101438694996,-1.3323622837223896,0.245,-0.8979821661594428,0,0,1,0
31415,215149,1.18,0,-1.3723432473208468,0,Logistic regression,-1.7753421959391051,-1.0814309593733757,-1.7753421959391051,0.0,-0.897550153501476,0,0,0,0
31415,238382,128.6,0,-1.056056825871017,1,Logistic regression,-2.965390868864835,-1.1685514905680192,-2.965390868864835,0.05,-0.8975502397809056,0,0,0,0
31415,78670,50.0,0,-2.0768470632425515,0,Logistic regression,-1.9562778932329448,-1.0711658527003385,-1.9562778932329448,0.0,-0.8975688060632535,0,0,0,0
31415,249322,13.99,0,-1.8019324789079105,0,Logistic regression,-1.4825190817113525,-0.9988257496669954,-1.4825190817113525,0.005,-0.8975506831555835,0,0,0,0
31415,5801,17.99,0,-1.0003955838437157,1,Logistic regression,-1.47494786465039,-0.993859467750309,-1.47494786465039,0.005,-0.8975501467959385,0,0,0,0
31415,283808,13.61,0,-0.9361081905349438,1,Logistic regression,-3.061200046705049,-0.34442488614746275,-3.061200046705049,0.0,-0.8975501353983465,0,0,0,0
31415,74507,130.44,1,-0.7652378439021827,1,Logistic regression,22.03772457944838,0.32612348768074223,22.03772457944838,0.455,-0.897550135398341,1,1,1,0
31415,154883,10.0,0,-1.7343188276931882,0,Logistic regression,-1.0541889463906706,-0.9869696373864183,-1.0541889463906706,0.015,-0.897550568636058,0,0,0,0
31415,35989,18.96,0,-1.576565185444898,0,Logistic regression,-0.537358233337392,-0.8371789388759283,-0.537358233337392,0.045,-0.89757104225645,0,0,0,0
31415,252500,15.0,0,-1.3649870755526683,0,Logistic regression,-1.8672974184097844,-1.108504061009487,-1.8672974184097844,0.005,-0.8975799486187126,0,0,0,0
31415,280149,77.89,1,-0.8939591467008386,1,Logistic regression,5.134461544423849,0.4623688577253234,5.134461544423849,0.58,-0.8975501353983407,1,0,1,0
31415,116403,9.99,0,-0.7625954656794302,1,Logistic regression,-0.9398247910162383,-0.943345025936678,-0.9398247910162383,0.0,-0.9001354815103236,0,0,0,0
31415,142530,29.95,0,-2.2332173813657583,0,Logistic regression,-1.1216193578779707,-0.958397087400277,-1.1216193578779707,0.005,-0.8978542918107804,0,0,0,0
31415,156478,10.47,0,-1.5203380542096916,0,Logistic regression,-0.978416212119119,-0.8651184902976659,-0.978416212119119,0.06,-0.8975713491370012,0,0,0,0
31415,6820,1.0,1,-1.2454675799640433,0,Logistic regression,13.953151642392688,1.068248826921843,13.953151642392688,0.785,-0.8975501353982988,1,1,1,0
31415,4323,8.63,0,-1.1960576459794319,0,Logistic regression,-0.14096595605884532,-0.8383272630130834,-0.14096595605884532,0.03,-0.8975633131556291,0,0,0,0
31415,64460,99.99,1,-0.5045932569215764,1,Logistic regression,18.16615378556603,0.4445884439638924,18.16615378556603,0.65,-0.8975501298810931,1,1,1,0
31415,114271,16.48,1,-0.7283217690593845,1,Logistic regression,7.878570259292397,1.0971870640987802,7.878570259292397,0.93,-0.8975501353982351,1,0,1,0
31415,30496,111.7,1,-0.8019516439970241,1,Logistic regression,18.5494190846064,0.48978161652279156,18.5494190846064,0.68,-0.897550135398341,1,1,1,0
31415,122616,168.85,0,-1.7206659079524895,0,Logistic regression,-1.930884143286253,-1.0744157669357974,-1.930884143286253,0.025,-0.8975529305714544,0,0,0,0
31415,244333,1.0,1,-1.0063551734272558,1,Logistic regression,11.7221149832389,0.3406910841432759,11.7221149832389,0.515,-0.897550135398341,1,1,1,0
31415,118867,118.0,0,-1.1154950843911418,1,Logistic regression,-1.7775443373732625,-0.875941064898557,-1.7775443373732625,0.025,-0.897550135442303,0,0,0,0
31415,249501,18.25,0,-1.3585023228306952,0,Logistic regression,-1.807834284478935,-0.9385395903074694,-1.807834284478935,0.01,-0.897550323573301,0,0,0,0
31415,156430,12.13,0,-1.472553322163104,0,Logistic regression,-2.646957213205634,-1.0942453867267652,-2.646957213205634,0.01,-0.8975501354533933,0,0,0,0
31415,44508,1.98,0,-1.3651335838203713,0,Logistic regression,-1.6269128123463443,-1.0203253415295976,-1.6269128123463443,0.0,-0.8975501362970907,0,0,0,0
31415,121039,0.89,0,-1.6197448192348318,0,Logistic regression,-1.5072696814704842,-0.9929260532171,-1.5072696814704842,0.01,-0.8975501992729926,0,0,0,0
31415,80692,34.95,0,-2.105252734591277,0,Logistic regression,-1.7227036577169779,-1.0710601769874324,-1.7227036577169779,0.0,-0.900157113747427,0,0,0,0
31415,145095,1.52,0,-1.751675011401467,0,Logistic regression,-0.9433906844428945,-0.8234889318546073,-0.9433906844428945,0.01,-0.8975561731900048,0,0,0,0
31415,257262,0.76,0,-1.2909433376069863,0,Logistic regression,-1.4806373868404579,-1.0471550736334367,-1.4806373868404579,0.05,-0.8975659750239287,0,0,0,0
31415,256158,29.56,0,-0.8351045334817594,1,Logistic regression,-1.9002387544374848,-1.0947662886424077,-1.9002387544374848,0.0,-0.8975501511747936,0,0,0,0
31415,541,0.0,1,-0.9545638296545277,1,Logistic regression,5.029848185966473,0.6112606719182143,5.029848185966473,0.62,-0.8975501353980755,1,0,1,0
31415,178862,22.0,0,-0.6125609818663803,1,Logistic regression,-0.8002501430140816,-0.8365144724632076,-0.8002501430140816,0.01,-0.8975509504439064,0,0,0,0
31415,192584,362.55,1,-0.9639612168847219,1,Logistic regression,9.59842322194963,1.2477718971344134,9.59842322194963,0.9,-0.8975501353983394,1,1,1,0
31415,233343,17.99,0,-1.984369139142217,0,Logistic regression,-1.201744291335908,-0.9735505225193561,-1.201744291335908,0.0,-0.8975501913015036,0,0,0,0
31415,273769,2.49,0,-1.8607316275494066,0,Logistic regression,-2.078030099269558,-1.152970022843784,-2.078030099269558,0.005,-0.8988467650730197,0,0,0,0
31415,207992,402.4,0,-1.2167047552710746,0,Logistic regression,-1.265536651241415,-0.7636947714363547,-1.265536651241415,0.01,-0.8975498326207467,0,0,0,0
31415,204509,0.76,0,-0.9331486318258514,1,Logistic regression,-4.516693456729424,-0.7980977186459788,-4.516693456729424,0.0,-0.8975501354022868,0,0,0,0
31415,273142,16.99,0,-1.6314607301859518,0,Logistic regression,-1.8096756540961247,-1.094125173989148,-1.8096756540961247,0.005,-0.8997591156360948,0,0,0,0
31415,278629,291.6,0,-1.5942630723405729,0,Logistic regression,-1.3840626924119643,-0.9279535237289145,-1.3840626924119643,0.09,-0.8975525301052877,0,0,0,0
31415,61862,1534.0,0,-1.1635545961254499,0,Logistic regression,-3.8335454687230803,-0.5430826917720062,-3.8335454687230803,0.01,-0.897550135398341,0,0,0,0
31415,14450,175.1,0,-1.284082833504665,0,Logistic regression,-1.9299015271515096,-1.0911320932052664,-1.9299015271515096,0.0,-0.8976211061636262,0,0,0,0
31415,106923,108.01,0,-1.8682220602152366,0,Logistic regression,-1.2895566829720502,-0.9890171473598195,-1.2895566829720502,0.025,-0.9002401731460667,0,0,0,0
31415,102323,21.78,0,-1.1178865715527844,1,Logistic regression,-2.107640262775333,-1.0905012008824766,-2.107640262775333,0.0,-0.897562609569297,0,0,0,0
31415,213116,8.3,1,-0.873745611080083,1,Logistic regression,11.877828251804752,0.2774760650169701,11.877828251804752,0.76,-0.897550135398341,1,1,1,0
31415,13179,0.89,0,-1.3835142931782802,0,Logistic regression,-0.9001464236937464,-0.9733720230713294,-0.9001464236937464,0.0,-0.8975614456147838,0,0,0,0
31415,178385,88.28,0,-1.1774863546342358,0,Logistic regression,-1.1931786519817307,-0.9272388699413407,-1.1931786519817307,0.015,-0.8975505832497602,0,0,0,0
31415,15751,99.99,1,-0.7835240759664257,1,Logistic regression,31.743623947248278,0.09635781557805881,31.743623947248278,0.645,-0.897550135398341,1,1,1,0
31415,250349,116.09,0,-0.8359549145991573,1,Logistic regression,-2.0312104555408164,-1.102514324411367,-2.0312104555408164,0.005,-0.8975667701255283,0,0,0,0
31415,114387,77.38,0,-1.093874418129693,1,Logistic regression,-3.19579619913546,-0.9998118195277594,-3.19579619913546,0.055,-0.8975503693644552,0,0,0,0
31415,243547,57.73,1,-0.7526934848503641,1,Logistic regression,11.716813001045185,0.6608707953803179,11.716813001045185,0.51,-0.897550135398341,1,1,1,0
31415,116817,779.69,0,-0.7144750712286773,1,Logistic regression,-2.7461476448652875,-1.0857328155613764,-2.7461476448652875,0.04,-0.897550135398341,0,0,0,0
31415,168383,18.88,0,-1.695733008956378,0,Logistic regression,-2.0730916594343536,-1.1431102419058947,-2.0730916594343536,0.0,-0.8975501701657471,0,0,0,0
31415,98009,15.38,0,-2.21826217419203,0,Logistic regression,-0.7632747306986576,-0.9170733366408286,-0.7632747306986576,0.005,-0.8995729121582489,0,0,0,0
31415,166624,77.0,0,-1.7019173496589874,0,Logistic regression,-1.5237173766397243,-1.0408306878248423,-1.5237173766397243,0.01,-0.9123519209405279,0,0,0,0
31415,44270,1.0,1,-0.8028946602775486,1,Logistic regression,30.936411757461922,0.13728264894847378,30.936411757461922,0.54,-0.897550135398341,1,1,1,0
31415,281534,9.21,0,-1.2330464743160374,0,Logistic regression,-1.9111320044555629,-1.0676734055481232,-1.9111320044555629,0.0,-0.8975501920765097,0,0,0,0
31415,261473,4.9,1,-1.2455701432756436,0,Logistic regression,6.749029672465223,0.42805925760966296,6.749029672465223,0.625,-0.897550135398341,1,0,1,0
31415,228871,40.93,0,-1.5275107615760586,0,Logistic regression,-0.7883435611936134,-0.9096826308071322,-0.7883435611936134,0.0,-0.897561396544701,0,0,0,0
31415,247944,6.99,0,-1.1406550545775098,1,Logistic regression,-1.9177672430699333,-1.105841050967438,-1.9177672430699333,0.0,-0.8975758996929999,0,0,0,0
31415,146630,5.0,0,-1.6996391576556276,0,Logistic regression,-0.6568588437855662,-0.7149137146247184,-0.6568588437855662,0.025,-0.8975509231720563,0,0,0,0
31415,58749,161.19,0,-0.6936068515266046,1,Logistic regression,-1.9910371048818734,-1.005632865420061,-1.9910371048818734,0.05,-0.8975505573533297,0,0,0,0
31415,194117,105.0,0,-1.1957546295588948,0,Logistic regression,-0.045522130616967305,-0.7524570651556746,-0.045522130616967305,0.01,-0.897550933668209,0,0,0,0
31415,48094,24.9,1,-0.9993874210299456,1,Logistic regression,7.653685883609574,0.567053500343389,7.653685883609574,0.635,-0.897550135398341,1,0,1,0
31415,134439,10.0,0,-1.4463309497708239,0,Logistic regression,-1.888005649269492,-1.0798352155574356,-1.888005649269492,0.025,-0.8975937637479378,0,0,0,0
31415,182656,47.0,0,-1.466439425949556,0,Logistic regression,-1.7790605424880557,-1.0803421121339354,-1.7790605424880557,0.0,-0.8986569202284138,0,0,0,0
31415,264913,476.21,0,-1.4276402974003384,0,Logistic regression,-1.586464222548254,-0.8951884235730305,-1.586464222548254,0.03,-0.8975823921363895,0,0,0,0
31415,94735,39.99,0,-1.6538769919841751,0,Logistic regression,-1.3867100383707016,-1.0353611257273674,-1.3867100383707016,0.0,-0.8982660234455202,0,0,0,0
31415,126348,1.0,0,-1.4010361917830543,0,Logistic regression,0.6226298885078259,-0.5913135165192145,0.6226298885078259,0.015,-0.8976154488633292,0,0,0,0
31415,19573,20.98,0,-1.6699930937097434,0,Logistic regression,-2.3736697231024046,-0.9315513145047656,-2.3736697231024046,0.0,-0.8975501610437893,0,0,0,0
31415,123515,3.58,0,-1.5816769338749381,0,Logistic regression,-1.3000945353291085,-1.0402949302775408,-1.3000945353291085,0.02,-0.8994783840967224,0,0,0,0
31415,121701,3.99,0,-1.159572923661068,0,Logistic regression,-3.677070988656848,-0.7643348781632251,-3.677070988656848,0.005,-0.897550135398341,0,0,0,0
31415,165805,3.59,0,-1.9008982703017097,0,Logistic regression,-1.1326208808979041,-0.9771982906609351,-1.1326208808979041,0.0,-0.9067168335391182,0,0,0,0
31415,48889,85.0,0,-1.4997148969723617,0,Logistic regression,-2.4342846038603403,-1.1381674379719404,-2.4342846038603403,0.04,-0.8975588026068972,0,0,0,0
31415,213949,1.14,0,-0.8205589526210101,1,Logistic regression,-8.903192030267107,0.09618301808296034,-8.903192030267107,0.075,-0.897550135398341,1,0,0,0
31415,74149,11.94,0,-1.6948955297587371,0,Logistic regression,-0.47457133421559927,-0.7790459806611898,-0.47457133421559927,0.005,-0.8975543811986533,0,0,0,0
31415,276926,28.0,0,-1.1066640816926356,1,Logistic regression,-2.4308483655684308,-0.8152204424996623,-2.4308483655684308,0.1,-0.8975501799902045,0,0,0,0
31415,64241,1.0,0,-1.8046075201765301,0,Logistic regression,-0.77232841489717,-0.8272204617233301,-0.77232841489717,0.0,-0.8975534070670381,0,0,0,0
31415,224157,8.0,0,-2.339900353758404,0,Logistic regression,-1.4263363064320882,-1.0392186576205802,-1.4263363064320882,0.005,-0.897550470963117,0,0,0,0
31415,278178,11.99,0,-1.1206095457604157,1,Logistic regression,-2.400601548559677,-0.5574193431777397,-2.400601548559677,0.005,-0.89755013541077,0,0,0,0
31415,277623,8.93,0,-1.4393876476989658,0,Logistic regression,-1.93371334043283,-0.8937710326307757,-1.93371334043283,0.03,-0.8975501434000152,0,0,0,0
31415,88767,4.79,0,-0.7663274502342751,1,Logistic regression,-0.8935002435356081,-0.9168387049159117,-0.8935002435356081,0.17,-0.8978063617169689,0,0,1,0
31415,127168,118.0,0,-2.5101042729027423,0,Logistic regression,-1.4995639962385154,-1.045529093686551,-1.4995639962385154,0.03,-0.8994103289540578,0,0,0,0
31415,122612,94.95,0,-1.3045072196257284,0,Logistic regression,-2.054702952023158,-1.0952476074799653,-2.054702952023158,0.005,-0.897550194059794,0,0,0,0
31415,46590,27.0,0,-1.1133303270180779,1,Logistic regression,-2.5087824592954755,-0.08024934247956839,-2.5087824592954755,0.105,-0.897550135398341,1,0,0,0
31415,150018,30.23,0,-1.1871096569016089,0,Logistic regression,-2.716451662300619,-0.8879178834393773,-2.716451662300619,0.05,-0.8975501353983718,0,0,0,0
31415,28621,1.52,0,-1.1559171164723532,0,Logistic regression,-1.8449514223988726,-0.876107167058715,-1.8449514223988726,0.005,-0.8975502989460019,0,0,0,0
31415,187376,1.0,0,-1.050433745103842,1,Logistic regression,1.466077531554569,0.0931933808481971,1.466077531554569,0.05,-0.897550135398341,1,0,0,0
31415,617,1.48,0,-1.4688030016816755,0,Logistic regression,-1.6272583730252346,-1.0227826136901308,-1.6272583730252346,0.0,-0.9049434128703241,0,0,0,0
31415,72638,1500.0,0,-0.882650820904852,1,Logistic regression,-3.308495930341525,-0.1482807434368433,-3.308495930341525,0.005,-0.8975501733093101,0,0,0,0
31415,173982,84.0,0,-2.111970886787141,0,Logistic regression,-1.648296744640954,-1.0739959704652668,-1.648296744640954,0.07,-0.8975713573421971,0,0,0,0
31415,68132,142.98,0,-0.8336458228981297,1,Logistic regression,-3.0772908903507306,-1.1997794660208434,-3.0772908903507306,0.025,-0.897550551179742,0,0,0,0
31415,242880,177.46,0,-1.8662095035193316,0,Logistic regression,-1.4351985742507964,-0.9352888969832913,-1.4351985742507964,0.1,-0.8975771970421647,0,0,0,0
31415,241244,1.79,0,-1.4010526252692115,0,Logistic regression,-2.1493045093827865,-1.1602386690598343,-2.1493045093827865,0.015,-0.9545365880726417,0,0,0,0
31415,274469,12.97,0,-1.1430652332218578,1,Logistic regression,-0.22558698099156904,-0.6562831767052633,-0.22558698099156904,0.085,-0.8975840963209968,0,0,0,0
31415,94218,720.38,1,-0.8692475481765101,1,Logistic regression,10.693223821128193,0.7620065219189096,10.693223821128193,0.535,-0.897550135398341,1,1,1,0
31415,244400,9.99,0,-1.6069505386956946,0,Logistic regression,-1.6587158436615392,-1.0011516086185903,-1.6587158436615392,0.005,-0.8975504678353304,0,0,0,0
31415,153324,287.38,0,-1.1477543642979404,1,Logistic regression,-3.7601445926717827,-0.8920721918602526,-3.7601445926717827,0.02,-0.897550135398341,0,0,0,0
31415,221723,5.49,0,-1.168543965892799,0,Logistic regression,-1.9652792446568448,-1.0017763932308967,-1.9652792446568448,0.005,-0.8976538925776866,0,0,0,0
31415,173448,40.0,0,-1.1045631556838744,1,Logistic regression,-1.8634062243199327,-1.072931624257688,-1.8634062243199327,0.005,-0.9136063436910301,0,0,0,0
31415,93788,0.0,1,-1.2897929853614643,0,Logistic regression,-1.5274336708561203,-0.9031776088590322,-1.5274336708561203,0.06,-0.8975535368788177,0,0,0,0
31415,235907,94.99,0,-1.5854683499864772,0,Logistic regression,-1.8932891879014746,-1.1167234804141546,-1.8932891879014746,0.005,-0.8975509011816286,0,0,0,0
31415,71656,20.17,0,-1.3678619015286957,0,Logistic regression,-2.225953949434764,-0.9905499279457366,-2.225953949434764,0.03,-0.8975501354005552,0,0,0,0
31415,230335,219.0,0,-1.7204023061756764,0,Logistic regression,-1.986817602776589,-1.1014987799811065,-1.986817602776589,0.005,-0.8975748490382138,0,0,0,0
31415,257236,106.07,0,-1.0586565824741188,1,Logistic regression,-1.7902656688074943,-0.923601201873016,-1.7902656688074943,0.005,-0.8975501354108496,0,0,0,0
31415,131249,12.31,0,-0.5167513841318082,1,Logistic regression,-1.105740093095726,-0.9746338233457599,-1.105740093095726,0.0,-0.8997406904493264,0,0,0,0
31415,279536,124.37,0,-1.3707486047919857,0,Logistic regression,-2.9522808148019424,-1.1638131880277338,-2.9522808148019424,0.0,-0.8975521016485671,0,0,0,0
31415,44943,17.49,0,-0.5910541204381164,1,Logistic regression,0.2921292965988096,-0.6903895841315819,0.2921292965988096,0.01,-0.8975502063029693,0,0,0,0
31415,64849,804.43,0,-1.0240008841046708,1,Logistic regression,-1.7987060841687796,-0.5716325832281342,-1.7987060841687796,0.05,-0.897550141867734,0,0,0,0
31415,165953,101.16,0,-1.0270465905285713,1,Logistic regression,-0.9045259924211335,-0.9611524128790832,-0.9045259924211335,0.0,-0.8978892019130355,0,0,0,0
31415,87260,1.18,0,-1.5604428536700663,0,Logistic regression,-1.3371315999158355,-1.0437549728518918,-1.3371315999158355,0.005,-0.8975501565295197,0,0,0,0
31415,262733,60.97,0,-1.4805925271249682,0,Logistic regression,-0.772694845431486,-0.7592582671770238,-0.772694845431486,0.01,-0.897550194313187,0,0,0,0
27182,80476,9.99,0,-0.76243346505387,1,Logistic regression,-1.1730599042126395,-0.8348525511440328,-1.1730599042126395,0.0,-0.7022729492829942,0,0,0,0
27182,187705,70.65,0,-0.2803781981567304,1,Logistic regression,-0.6539680875918117,-0.5976934395280469,-0.6539680875918117,0.17,-0.8196254424343763,0,0,0,0
27182,182652,1.79,0,-0.6155953846234881,1,Logistic regression,-2.715085156289783,-0.6929552815272273,-2.715085156289783,0.01,-1.0741541318418526,0,0,0,0
27182,84127,44.22,0,-0.7853166679948997,1,Logistic regression,-0.986500708701846,-0.7834476178649468,-0.986500708701846,0.005,-0.8182224959274098,0,0,0,0
27182,144241,40.68,0,-1.8328343333229598,0,Logistic regression,-2.9652033146807213,-1.0412677866693187,-2.9652033146807213,0.0,-0.8821939889700734,0,0,0,0
27182,217730,1.0,0,-1.7277054857785021,0,Logistic regression,-2.9243170253463333,-0.9717904685096879,-2.9243170253463333,0.0,-0.7855895876496389,0,0,0,0
27182,249660,1.98,0,-1.5813791156819408,0,Logistic regression,-1.3019445257746882,-0.59891843207562,-1.3019445257746882,0.035,-0.9740943526097544,0,0,0,0
27182,93498,12.31,0,-1.253385535244356,0,Logistic regression,-2.6602440206795523,-1.0982624997594477,-2.6602440206795523,0.0,-0.7489452124822353,0,0,0,0
27182,81716,87.48,0,-1.5886998221464372,0,Logistic regression,-3.815902363579931,-1.06585959723288,-3.815902363579931,0.0,-1.0764048342390553,0,0,0,0
27182,203364,576.3,0,-1.1090950613359156,0,Logistic regression,-0.9455057049536153,-0.0472150147093966,-0.9455057049536153,0.02,-0.38066921075724197,0,0,0,0
27182,100555,2.4,0,0.41501525198581657,1,Logistic regression,-0.44238289962205535,-0.6322456053456604,-0.44238289962205535,0.205,-0.5592453262552004,0,0,0,0
27182,248060,42.95,0,-1.2960219219549411,0,Logistic regression,-5.486219272967336,-1.266046325064329,-5.486219272967336,0.0,-0.9297437562574746,0,0,0,0
27182,124087,1.0,1,-1.0024747124525337,0,Logistic regression,0.707970691225899,-0.8767613987677227,0.707970691225899,0.28,0.33433042004251123,0,0,0,1
27182,258403,296.0,1,-1.0574414037231006,0,Logistic regression,17.864839276344455,0.2789971444149019,17.864839276344455,0.505,-0.3509759354737648,1,0,1,1
27182,28187,1.0,0,1.0630440508102315,1,Logistic regression,1.3226378836768526,-0.3291523066106454,1.3226378836768526,0.33,-0.4125809171437333,0,0,0,0
27182,190368,175.9,1,-0.8099316215861564,1,Logistic regression,21.491410381597692,0.13401720330649727,21.491410381597692,0.405,-0.33930983777648854,1,0,0,1
27182,139966,19.8,0,-1.1266007500236417,0,Logistic regression,-2.687457626903404,-1.0430872850372037,-2.687457626903404,0.07,-0.5203700626086032,0,0,0,0
27182,41289,40.0,0,-1.2765796664402218,0,Logistic regression,-5.095548309058953,-1.0169632935119548,-5.095548309058953,0.0,-0.9067718834288058,0,0,0,0
27182,35399,69.9,0,-1.793218200001487,0,Logistic regression,-3.542335486239156,-1.0808614523019324,-3.542335486239156,0.0,-1.1935774260916034,0,0,0,0
27182,83949,130.16,0,-1.3353903916571386,0,Logistic regression,-4.251600612643964,-0.8816849186770965,-4.251600612643964,0.045,-0.5630861211239419,0,0,0,0
27182,107067,318.11,1,-0.839575208914882,1,Logistic regression,17.00007778383839,-0.11989011238335168,17.00007778383839,0.39,-0.35458142433218726,0,0,0,1
27182,10484,3.79,1,-1.4520414798635075,0,Logistic regression,0.8825704018043099,-0.6530641705130547,0.8825704018043099,0.05,-0.31326836027824684,0,0,0,1
27182,154454,147.87,1,-0.623871266844326,1,Logistic regression,21.18340843504879,0.09354348022174311,21.18340843504879,0.31,-0.3397415039989902,1,0,0,1
27182,6137,10.14,0,-1.1505964854635837,0,Logistic regression,-0.31434064317040344,-0.17980390033286459,-0.31434064317040344,0.02,-0.520118036099201,0,0,0,0
27182,109557,319.99,0,-0.6586161640585464,1,Logistic regression,0.8276001794697787,-0.2153941077095612,0.8276001794697787,0.105,-0.620765165786594,0,0,0,0
27182,34033,19.99,0,-1.6518376170107496,0,Logistic regression,-2.2714919398161606,-1.0074707377561418,-2.2714919398161606,0.0,-1.0103154009609656,0,0,0,0
27182,200911,108.0,0,-0.2586651872430412,1,Logistic regression,-0.4420757197812142,-0.4958188879782672,-0.4420757197812142,0.02,-0.781546420987954,0,0,0,0
27182,176049,2125.87,1,-1.023158785452084,0,Logistic regression,-0.9329404288108123,0.2897045590822667,-0.9329404288108123,0.03,-0.3509790362344941,1,0,0,1
27182,100623,549.06,1,-1.4620348582577591,0,Logistic regression,-2.435597725148389,-0.6874741548946113,-2.435597725148389,0.08,-0.5485291580249239,0,0,0,0
27182,157090,15.73,0,-0.8360014866552274,1,Logistic regression,1.5077242001786988,0.13261015720296498,1.5077242001786988,0.37,-0.2975505737621562,1,0,0,1
27182,163785,11.98,0,-1.5933695937306205,0,Logistic regression,-3.7474251871319377,-1.0557700381702746,-3.7474251871319377,0.02,-0.7542826658578714,0,0,0,0
27182,226969,97.9,0,-1.303763273299532,0,Logistic regression,-2.4828721696034313,-0.9099280396199398,-2.4828721696034313,0.01,-1.1552112461041788,0,0,0,0
27182,42856,173.07,1,-0.8845667229806585,0,Logistic regression,77.93068061772834,0.937114433560764,77.93068061772834,0.86,-0.20727444087096425,1,1,1,1
27182,244751,11.38,0,0.1376430470942308,1,Logistic regression,-0.11103596355564416,-0.7094251149268429,-0.11103596355564416,0.075,-0.42440436880759286,0,0,0,0
27182,587,0.77,0,-1.252596151726076,0,Logistic regression,-7.286981022575001,-1.0582777662383307,-7.286981022575001,0.015,-1.1280443904121757,0,0,0,0
27182,11826,1.78,0,-1.6520426217222095,0,Logistic regression,-1.6649171110855578,-1.0714411822336622,-1.6649171110855578,0.0,-0.8876996706725575,0,0,0,0
27182,170339,20.0,0,-1.6077568192565332,0,Logistic regression,-5.423647834564373,-1.105849321286995,-5.423647834564373,0.0,-0.9440895827714896,0,0,0,0
27182,72907,14.15,0,-1.1042155979543784,0,Logistic regression,-2.532123476151342,-0.9489894713553122,-2.532123476151342,0.0,-1.0224804093872866,0,0,0,0
27182,179976,50.0,0,-1.334301360008706,0,Logistic regression,-3.2549248432723115,-0.7494196617419593,-3.2549248432723115,0.02,-0.495680590485299,0,0,0,0
27182,207405,3.59,0,-1.2108669282094393,0,Logistic regression,-1.7122413867364439,-0.8729762521191884,-1.7122413867364439,0.02,-1.1018590301149418,0,0,0,0
27182,111706,0.12,0,-1.1396928794631853,0,Logistic regression,-0.6586251001373595,-0.6964307332762951,-0.6586251001373595,0.02,-0.8228946473268615,0,0,0,0
27182,45883,304.98,0,-1.2382417268072334,0,Logistic regression,-6.06080228499179,-1.073516246151532,-6.06080228499179,0.01,-0.7300319468838201,0,0,0,0
27182,280501,0.76,0,-1.2899291393825072,0,Logistic regression,-4.859428590969031,-1.1705893608732643,-4.859428590969031,0.0,-0.8899630647005556,0,0,0,0
27182,98940,12.99,0,-1.2706946888656516,0,Logistic regression,-0.7539535434055078,-0.870180031348188,-0.7539535434055078,0.0,-0.7566078925068569,0,0,0,0
27182,56703,0.76,1,-1.251313254770705,0,Logistic regression,-2.831226630925973,-1.1331486132557753,-2.831226630925973,0.005,-0.6451659438020853,0,0,0,0
27182,119255,8.76,0,-1.3239135277606124,0,Logistic regression,-9.112943033048623,-1.0960719268768735,-9.112943033048623,0.0,-0.8405517703587674,0,0,0,0
27182,228162,12.31,0,-1.1916351949466795,0,Logistic regression,-3.9058941717216493,-1.1431325329255864,-3.9058941717216493,0.0,-0.14564770590018566,0,0,0,1
27182,136147,9.99,0,-1.5766738498925164,0,Logistic regression,-1.0953094408255641,-0.5884625804099599,-1.0953094408255641,0.015,-0.7813880649921229,0,0,0,0
27182,150474,28.63,0,-1.1717885764223779,0,Logistic regression,-2.533442814385981,-0.6626845373814303,-2.533442814385981,0.0,-0.7184784761998,0,0,0,0
27182,172256,20.6,0,-1.6522901650545139,0,Logistic regression,-4.297674673947234,-1.0216043360219578,-4.297674673947234,0.0,-0.9050403209756355,0,0,0,0
27182,133004,19.0,0,-0.8130710503353064,1,Logistic regression,-2.2662075377875066,-0.9352758626646009,-2.2662075377875066,0.0,-0.47619161378493646,0,0,0,0
27182,274586,5.49,0,-1.6068685607022233,0,Logistic regression,-0.19702670324521,-0.467739653889426,-0.19702670324521,0.005,-0.646610608817707,0,0,0,0
27182,58561,0.77,0,-1.2294181984976147,0,Logistic regression,-6.263438455900069,-1.1489690523763247,-6.263438455900069,0.0,-1.1694974890332999,0,0,0,0
27182,239923,0.01,0,-1.334971887542714,0,Logistic regression,-3.361445023138053,-1.230076053833482,-3.361445023138053,0.0,-0.7679185421923727,0,0,0,0
27182,92605,2.99,0,-1.4162706185733094,0,Logistic regression,-2.1053908719936216,-0.7241146337592044,-2.1053908719936216,0.015,-0.6409726062672094,0,0,0,0
27182,122865,17.12,0,-1.8959755335518251,0,Logistic regression,1.4421022640390546,-0.40818540767062844,1.4421022640390546,0.42,-0.7170567507417447,0,0,0,0
27182,2470,0.76,0,-1.4101494257635718,0,Logistic regression,-3.1354203960596294,-0.997970091900118,-3.1354203960596294,0.0,-0.45239541210332124,0,0,0,0
27182,260554,6.98,0,-1.127123371261668,0,Logistic regression,1.3117459952704886,-0.13496746134659543,1.3117459952704886,0.085,-0.550159147383617,0,0,0,0
27182,111690,238.9,1,-0.8658561390236863,0,Logistic regression,25.59797232214012,0.1707348119320467,25.59797232214012,0.385,-0.3509506724792145,1,0,0,1
27182,212204,10.0,0,-1.420873039611059,0,Logistic regression,-4.740210699889341,-1.188815110895541,-4.740210699889341,0.0,-1.0092556766591618,0,0,0,0
27182,53350,174.0,0,-1.4099362796521002,0,Logistic regression,-6.440267508448341,-1.0980024491396847,-6.440267508448341,0.005,-1.1442719779542125,0,0,0,0
27182,8972,179.66,1,-0.8553537674811844,1,Logistic regression,14.239280794208556,0.2939903244371103,14.239280794208556,0.445,-0.35099706194246666,1,0,0,1
27182,193620,59.95,0,-1.5452107598459441,0,Logistic regression,-5.470833118449745,-1.1811209032937342,-5.470833118449745,0.0,-1.145904096962563,0,0,0,0
27182,6329,1.0,1,-1.2701451624407842,0,Logistic regression,2.8081659268867467,-0.506219812339177,2.8081659268867467,0.225,-0.3373323484533173,0,0,0,1
27182,150692,37.93,1,-0.8033624760240036,1,Logistic regression,80.09327172237325,0.6762575623259144,80.09327172237325,0.83,-0.342940061899481,1,1,1,1
27182,276766,36.06,0,-1.3333890273633229,0,Logistic regression,-3.8250269030180615,-0.9824632036250718,-3.8250269030180615,0.0,-1.0015503495807492,0,0,0,0
27182,74365,6.05,0,-2.0531764042499834,0,Logistic regression,0.23230908303303077,-0.41215173295245927,0.23230908303303077,0.005,-0.4514241704385085,0,0,0,0
27182,275001,1.0,0,-1.6916633567990536,0,Logistic regression,-3.0079798438816745,-1.124772845079278,-3.0079798438816745,0.0,-0.3198040185749469,0,0,0,1
27182,233386,1.98,0,-0.6234715652799351,1,Logistic regression,-3.2838993078416507,-0.6876945234898397,-3.2838993078416507,0.005,-0.8800532719410539,0,0,0,0
27182,217439,80.03,0,-1.1407473562047046,0,Logistic regression,-2.346497829823928,-0.8556903342590947,-2.346497829823928,0.005,-0.5958839421409694,0,0,0,0
27182,237181,10.59,0,-1.3309024897005937,0,Logistic regression,-4.146268649443055,-1.025069660455104,-4.146268649443055,0.01,-0.6949383251332429,0,0,0,0
27182,251970,19.59,0,0.05298840913005676,1,Logistic regression,0.8132786051547674,-0.6183064304667407,0.8132786051547674,0.13,-0.7276713213649177,0,0,0,0
27182,30222,11.5,0,-1.120901160910039,0,Logistic regression,-2.437222434246125,-0.9838606551662028,-2.437222434246125,0.165,-0.7933076402342989,0,0,0,0
27182,7835,153.7,0,-1.0135418255327087,0,Logistic regression,-1.6850890139238928,-0.4191833997499321,-1.6850890139238928,0.02,-0.5499139980970913,0,0,0,0
27182,53043,24.0,0,-1.4782816028271113,0,Logistic regression,-3.316672017879026,-1.01992328358479,-3.316672017879026,0.0,-1.0679356703628262,0,0,0,0
27182,180467,79.0,0,-1.3270493714025968,0,Logistic regression,-6.176415985410521,-1.1882414777493255,-6.176415985410521,0.005,-0.7135649642215828,0,0,0,0
27182,84307,258.99,0,-1.65042039252148,0,Logistic regression,-0.16710317739427172,-0.9155102453140074,-0.16710317739427172,0.365,-0.31067365709631634,0,0,0,1
27182,52017,262.5,0,-0.8683383693464763,0,Logistic regression,-2.7657032253845695,-0.8981637831976963,-2.7657032253845695,0.01,-0.8994064917146267,0,0,0,0
27182,261582,2.96,0,-1.3072606455569398,0,Logistic regression,-5.218313868588983,-1.2740548709965187,-5.218313868588983,0.0,-0.8933573534367849,0,0,0,0
27182,8307,13.56,0,-0.9238723372306876,0,Logistic regression,2.1810345383724297,0.10407731726859343,2.1810345383724297,0.36,-0.22419319681158367,1,0,0,1
27182,77285,39.2,0,-1.052706833019264,0,Logistic regression,-5.306749762400788,-1.07623259041258,-5.306749762400788,0.07,-0.507736978530367,0,0,0,0
27182,135291,14.66,0,-1.137718353151282,0,Logistic regression,-1.8430866649923565,-0.5361219691968164,-1.8430866649923565,0.04,-0.4374182913399584,0,0,0,0
27182,239097,1.0,0,-1.7862383087247524,0,Logistic regression,-2.746890855116925,-1.1170562937906814,-2.746890855116925,0.0,-0.261147591959178,0,0,0,1
27182,74938,1.0,0,-1.3412835226172477,0,Logistic regression,-1.5386011636770076,-0.9632161141167808,-1.5386011636770076,0.0,-0.8545918267349024,0,0,0,0
27182,269678,9.99,0,-0.992262988786591,0,Logistic regression,-2.3796398367267866,-1.0317050865621291,-2.3796398367267866,0.01,-0.640096380919288,0,0,0,0
27182,10891,188.78,1,-0.8338338284481231,1,Logistic regression,69.71275788803648,0.4045891663021163,69.71275788803648,0.775,-0.3509529908137517,1,1,1,1
27182,184981,25.95,0,-1.31552299620083,0,Logistic regression,-8.061030648429947,-1.0661990162210953,-8.061030648429947,0.005,-0.9226812777368539,0,0,0,0
27182,251477,0.77,1,-0.560820048006716,1,Logistic regression,32.05069415109023,0.20384746869205986,32.05069415109023,0.45,-0.350928983124341,1,0,0,1
27182,111095,50.0,0,-1.151493201828525,0,Logistic regression,-2.469950427529383,-0.532931102165241,-2.469950427529383,0.005,-0.6937272421737254,0,0,0,0
27182,147548,1.18,1,-0.9989772243388245,0,Logistic regression,29.613371760497888,0.2602183865932657,29.613371760497888,0.41,-0.35095689584175643,1,0,0,1
27182,67344,99.99,0,-1.181384343316046,0,Logistic regression,-4.22340003363099,-1.1841796156136415,-4.22340003363099,0.0,-1.232828445917675,0,0,0,0
27182,237694,1.29,0,-1.5317994782148747,0,Logistic regression,-3.3560075671648972,-1.1564806124021731,-3.3560075671648972,0.0,-0.7900380801032467,0,0,0,0
27182,11311,142.62,0,-1.323847592159997,0,Logistic regression,2.282874580971761,-0.06744079921726803,2.282874580971761,0.07,-0.3921266447252133,0,0,0,0
27182,265209,36.44,0,-0.6520874918302796,1,Logistic regression,-1.7583611754487276,-0.6775565916046447,-1.7583611754487276,0.035,-0.8274078541105875,0,0,0,0
27182,27278,4.92,0,-1.3207063966395016,0,Logistic regression,-1.1381623898155215,-0.831948960165998,-1.1381623898155215,0.0,-1.0183398647724058,0,0,0,0
27182,273991,40.46,0,-0.7984186296860787,1,Logistic regression,-0.2702138035610855,-0.47305291844873915,-0.2702138035610855,0.165,-0.4697265482979949,0,0,0,0
27182,155468,80.55,0,-1.1483711503821055,0,Logistic regression,-2.6766656215116766,-0.6057673197053368,-2.6766656215116766,0.005,-0.6195678595361904,0,0,0,0
27182,154693,1.0,1,-0.864561168077984,0,Logistic regression,47.45414163900197,0.4576067529001715,47.45414163900197,0.715,-0.35095126673529264,1,1,1,1
27182,280993,24.99,0,-0.8499717927312408,1,Logistic regression,-9.045930130723555,-1.155046591915968,-9.045930130723555,0.0,-0.842456532604476,0,0,0,0
27182,278621,1.79,0,-1.0009951149734797,0,Logistic regression,-4.150636522614098,0.1631587942173461,-4.150636522614098,0.28,-0.3512576189830476,1,0,0,1
27182,165601,19.8,0,-0.9565313039875947,0,Logistic regression,-6.168686526997869,-1.1840061447191534,-6.168686526997869,0.0,-0.7538668285334253,0,0,0,0
27182,8842,0.0,1,-0.7723294062157466,1,Logistic regression,38.69962269818828,0.36284285376466846,38.69962269818828,0.445,-0.35095686149121885,1,1,0,1
27182,251821,248.0,0,-1.3491197796172267,0,Logistic regression,-5.581652250813966,-0.7881360496524032,-5.581652250813966,0.0,-0.5375996216630773,0,0,0,0
27182,83416,2.0,0,-0.4709310354520521,1,Logistic regression,0.8494044805576733,-0.6744346550877669,0.8494044805576733,0.295,-0.6361718861455461,0,0,0,0
27182,213116,8.3,1,-0.976598867885661,0,Logistic regression,29.389200264167997,0.2949400554944142,29.389200264167997,0.28,-0.3509562204720793,1,0,0,1
27182,157427,1.0,0,-1.1454591934297873,0,Logistic regression,-2.3807523402011976,-0.8540607646532017,-2.3807523402011976,0.0,-0.6744659204737722,0,0,0,0
27182,6609,1.0,1,-1.0282789037234117,0,Logistic regression,25.063670363733824,-0.08582775952596483,25.063670363733824,0.375,-0.35069882306135514,0,0,0,1
27182,76853,0.89,0,-1.5466885695111003,0,Logistic regression,-3.4244652815295593,-1.1359107313277894,-3.4244652815295593,0.0,-1.1041386273942075,0,0,0,0
27182,106339,24.95,0,-1.3882692713171036,0,Logistic regression,-1.9489593582208338,-1.021685458966849,-1.9489593582208338,0.0,-1.2408816573635375,0,0,0,0
27182,17366,99.99,1,-0.6163823981757548,1,Logistic regression,75.14641196180361,0.6320546054486529,75.14641196180361,0.76,-0.12126008865020135,1,1,1,1
27182,196482,12.5,0,-1.639041342016208,0,Logistic regression,-2.3169999985183027,-1.0022557512172632,-2.3169999985183027,0.02,-0.8354811184064491,0,0,0,0
27182,171111,1.98,0,-0.8268574332672161,1,Logistic regression,-5.984777567924759,-0.34890623882915955,-5.984777567924759,0.025,-0.3898443844961458,0,0,0,0
27182,192382,2.0,1,-0.5142150453307411,1,Logistic regression,17.559796304229405,-0.013873005129244498,17.559796304229405,0.46,-0.3346832474591905,0,0,0,1
27182,52975,34.66,0,-1.3851107660027846,0,Logistic regression,-1.3125146145543924,-0.5450851117185995,-1.3125146145543924,0.26,-0.6892832400594743,0,0,0,0
27182,150438,64.0,0,-1.2090986773311105,0,Logistic regression,0.9639231396539432,0.08389037064323035,0.9639231396539432,0.11,-0.4309857654328081,1,0,0,0
27182,150680,104.03,1,-0.7071068155545094,1,Logistic regression,78.58033661901305,0.7177654688901466,78.58033661901305,0.555,-0.31696282971883677,1,1,1,1
27182,192687,276.17,1,-1.3686871138873187,0,Logistic regression,-0.2149233668372481,-0.5130668084491443,-0.2149233668372481,0.065,-0.1421580806628593,0,0,0,1
27182,50941,22.07,0,-1.2311149017213814,0,Logistic regression,-6.739169457942409,-1.2244557797919247,-6.739169457942409,0.0,-1.0156585109395342,0,0,0,0
27182,145064,11.96,0,-1.1031802598224147,0,Logistic regression,-5.195895853153618,-1.0937823472985027,-5.195895853153618,0.035,-0.37743668568944594,0,0,0,0
27182,11343,1.0,1,-0.9259606519593088,0,Logistic regression,74.43423852677043,0.4263460354653352,74.43423852677043,0.665,-0.3509558780122369,1,1,1,1
27182,251681,11.8,0,-1.3387259693181899,0,Logistic regression,-0.9455663092872577,-0.7554594285805103,-0.9455663092872577,0.005,-0.5614189942873942,0,0,0,0
27182,251791,49.17,0,-0.24523552620194822,1,Logistic regression,-0.1537644303319865,-0.5027938858873535,-0.1537644303319865,0.065,-0.6848495972361242,0,0,0,0
27182,33210,707.09,0,-1.2417791128930187,0,Logistic regression,-1.5279343442081934,-0.24131593336602358,-1.5279343442081934,0.035,-0.48517804847294504,0,0,0,0
27182,218094,15.0,0,-1.6390842598450557,0,Logistic regression,-4.599228969560211,-1.241623780264155,-4.599228969560211,0.0,-0.9855166678742289,0,0,0,0
27182,7214,15.0,0,-1.0766782538746327,0,Logistic regression,-0.37080961700867054,-0.5627234893590249,-0.37080961700867054,0.14,-0.3515131050314933,0,0,0,1
27182,278771,1.0,0,-0.24407602128352623,1,Logistic regression,0.7713685279955749,-0.663470875430848,0.7713685279955749,0.01,-0.501217467448658,0,0,0,0
27182,46998,204.27,1,-0.6414030873892476,1,Logistic regression,14.651164353373426,-0.3398407705558301,14.651164353373426,0.55,-0.3731166105386191,0,0,1,0
27182,273855,127.45,0,-0.033510930909484204,1,Logistic regression,0.10763816251305669,-0.34205424991152017,0.10763816251305669,0.035,-0.6880208039306854,0,0,0,0
27182,88862,260.0,0,-1.4536793183119756,0,Logistic regression,-2.9093787018341435,-0.8257954479798253,-2.9093787018341435,0.01,-0.710605798564971,0,0,0,0
27182,261191,8.36,0,-1.0883183035049269,0,Logistic regression,-7.871085529677227,-1.1964435099895523,-7.871085529677227,0.0,-0.7709545278485539,0,0,0,0
27182,265801,10.0,0,-1.4090140897669392,0,Logistic regression,-5.73321257056172,-1.2297123248685173,-5.73321257056172,0.0,-0.9530575463234823,0,0,0,0
27182,133666,1.29,0,-1.2747663290625129,0,Logistic regression,-3.3982825829662078,-0.9502692906160275,-3.3982825829662078,0.0,-1.1760021033758923,0,0,0,0
27182,261925,156.0,1,-1.0522228844690833,0,Logistic regression,14.614840010244526,-0.23208428204302672,14.614840010244526,0.385,-0.3543926425117093,0,0,0,1
27182,180380,20.0,0,-1.6360559658880174,0,Logistic regression,-1.999754335093298,-0.351314170349407,-1.999754335093298,0.045,-0.4737542901986169,0,0,0,0
27182,242351,1.0,0,-1.3793141082175107,0,Logistic regression,-1.0005449645323492,-0.7389130494246905,-1.0005449645323492,0.005,0.12941146913402168,0,0,0,1
27182,51200,36.9,0,-1.406099852993652,0,Logistic regression,-4.896391843387792,-1.2775051262587218,-4.896391843387792,0.0,-0.8606675962931765,0,0,0,0
27182,271930,25.0,0,-1.6405460303476271,0,Logistic regression,-3.4520197127466252,-1.1243355454505066,-3.4520197127466252,0.075,-0.783526554201941,0,0,0,0
27182,75511,170.92,1,-0.9473513371707062,0,Logistic regression,18.842348186569584,-0.14646930132453062,18.842348186569584,0.44,-0.35950205829817444,0,0,0,1
27182,197114,142.37,0,-1.4235483088834693,0,Logistic regression,-2.0614428084579326,-0.8107265089329716,-2.0614428084579326,0.005,-0.7700208567262106,0,0,0,0
27182,10498,3.93,1,-1.204923542798653,0,Logistic regression,-2.0585874849666443,-0.6129169452639185,-2.0585874849666443,0.005,-0.6012710145117937,0,0,0,0
27182,106679,227.3,1,-1.0223531417597023,0,Logistic regression,25.388775547401927,0.14728428905423574,25.388775547401927,0.315,-0.35047712193932573,1,0,0,1
27182,79067,59.2,0,-1.452837090543146,0,Logistic regression,-2.0343359833289085,-0.9731820455646016,-2.0343359833289085,0.0,-1.1951120784669171,0,0,0,0
27182,119104,34.0,0,-1.3179367520645,0,Logistic regression,-2.3473514465494336,-1.0658694183751585,-2.3473514465494336,0.0,-1.1914368174049008,0,0,0,0
27182,215628,85.06,0,-1.4487703963917942,0,Logistic regression,0.15623538114394253,-0.5237678916079218,0.15623538114394253,0.06,-0.6377284997604056,0,0,0,0
27182,117462,96.0,0,-1.3721868822519123,0,Logistic regression,-4.731904067965123,-0.906762676798403,-4.731904067965123,0.015,-0.524972030750626,0,0,0,0
27182,240001,104.65,0,-1.6519830254284826,0,Logistic regression,-4.237693672954901,-1.0357955822230043,-4.237693672954901,0.0,-1.0519044402561886,0,0,0,0
27182,64699,474.79,0,-0.688901421758096,1,Logistic regression,-1.1945220456351153,-0.11772057601294944,-1.1945220456351153,0.08,-0.5352335151859956,0,0,0,0
27182,42887,37.32,1,-0.7638073958562858,1,Logistic regression,76.78430419983027,0.9723740456376944,76.78430419983027,0.845,-0.22662801984559172,1,1,1,1
27182,154286,0.92,1,-0.6671863221346677,1,Logistic regression,5.589290714377701,0.28304047464050563,5.589290714377701,0.09,-0.35095685760837814,1,0,0,1
27182,123786,0.79,0,-1.6978374098254583,0,Logistic regression,-1.49691763996029,-1.1032031036329792,-1.49691763996029,0.0,-0.9023286540458954,0,0,0,0
27182,162490,25.0,0,-1.305479294541901,0,Logistic regression,-4.804096702545483,-1.2329178687158027,-4.804096702545483,0.0,-0.4586799744871558,0,0,0,0
27182,212210,8.05,0,-1.2893785849151356,0,Logistic regression,-3.0959686332273613,-1.0236874220113898,-3.0959686332273613,0.03,-0.4137064008948571,0,0,0,0
27182,46909,1.0,1,-0.7960908651291918,1,Logistic regression,49.71211098311798,0.40389642757513355,49.71211098311798,0.51,-0.3509347394280179,1,1,1,1
27182,27627,18.96,1,-0.5369469057846084,1,Logistic regression,17.303580080467732,-0.16579913568240368,17.303580080467732,0.425,-0.33507215387199507,0,0,0,1
27182,97702,15.0,0,-1.6217409532936187,0,Logistic regression,0.35489261423881824,-0.6698430536715263,0.35489261423881824,0.025,-0.82122213480965,0,0,0,0
27182,110839,7.68,0,-1.2366675780382037,0,Logistic regression,-5.8236531513089185,-1.243397241046362,-5.8236531513089185,0.0,-1.1719366603080423,0,0,0,0
27182,282225,34.94,0,-1.3058062342092494,0,Logistic regression,-4.271951246870457,-1.0759447800280082,-4.271951246870457,0.0,-1.189040577604787,0,0,0,0
27182,107637,824.83,1,-0.8700626293413289,0,Logistic regression,19.867971405895105,0.19690607144424807,19.867971405895105,0.35,-0.3510693340138062,1,0,0,1
27182,40525,1.0,1,-1.1493575526167799,0,Logistic regression,0.2678196412525604,-0.9133577773480019,0.2678196412525604,0.235,-0.2933957692735826,0,0,0,1
27182,90665,19.98,0,-0.8793730930463923,0,Logistic regression,-1.6628721350923772,-0.6617271104184745,-1.6628721350923772,0.0,-0.9513594555714137,0,0,0,0
27182,268437,41.72,0,-1.6903471687864704,0,Logistic regression,-0.6761983520482706,-0.365802431501359,-0.6761983520482706,0.02,-0.5937234011820169,0,0,0,0
27182,130518,1.0,0,-1.5018436821688037,0,Logistic regression,-2.7570898435961215,-1.0892132074811778,-2.7570898435961215,0.03,-0.7360108271150617,0,0,0,0
27182,69740,47.3,0,-0.8162519697580249,1,Logistic regression,-1.0723804976626439,-0.9110124025276798,-1.0723804976626439,0.0,-1.0167518674113563,0,0,0,0
27182,152329,73.0,0,-1.1362312790098055,0,Logistic regression,1.843280683261409,-0.24074876936260564,1.843280683261409,0.065,-0.17771543205827872,0,0,0,1
27182,218217,295.93,0,-1.1809264446720324,0,Logistic regression,-4.39346715867414,-0.8108582389983978,-4.39346715867414,0.005,-0.668099620846809,0,0,0,0
27182,36682,1.0,0,-1.7083924722150288,0,Logistic regression,0.5703440125024206,-0.6477766779230767,0.5703440125024206,0.205,-0.8146351464980135,0,0,0,0
27182,117421,1.0,0,-1.2265533975911729,0,Logistic regression,0.5948932749902414,-0.5465939281625969,0.5948932749902414,0.025,-0.4216406311107228,0,0,0,0
27182,119537,5.81,0,-1.6418156174215783,0,Logistic regression,-1.2270685552466454,-1.0708437536610285,-1.2270685552466454,0.005,-0.820449932362003,0,0,0,0
27182,243699,1.0,1,-0.8590433071262228,1,Logistic regression,31.26058318552509,0.3107593884937519,31.26058318552509,0.445,-0.3509568453169709,1,0,0,1
27182,109759,160.25,0,-0.9356110599801072,0,Logistic regression,-5.556336747522602,-0.45048736132832706,-5.556336747522602,0.2,-0.3647229022313028,0,0,0,0
27182,43372,130.95,0,-1.018288287999443,0,Logistic regression,-7.458369480772776,-0.08699003248248582,-7.458369480772776,0.065,-0.35095752733443747,0,0,0,1
27182,141372,27.33,0,-0.7554039754732458,1,Logistic regression,0.19790484725129232,-0.6695412597207602,0.19790484725129232,0.08,-0.7493284585007632,0,0,0,0
27182,166794,8.99,0,-1.0560698848956256,0,Logistic regression,-2.0908724220884403,-0.85231953513429,-2.0908724220884403,0.07,-1.0356342689685267,0,0,0,0
27182,17317,99.99,1,-0.6512839186533299,1,Logistic regression,74.94748205997188,0.6949540584382464,74.94748205997188,0.76,-0.0024513010633861465,1,1,1,1
27182,23634,30.98,0,-1.2747949645488525,0,Logistic regression,-1.0120330776583182,-0.999162839604758,-1.0120330776583182,0.0,-0.9060372195060797,0,0,0,0
27182,144108,310.42,1,-0.9524585862169066,0,Logistic regression,36.453538758705285,0.3014240148751604,36.453538758705285,0.425,-0.3509595620667384,1,1,0,1
27182,41931,30.0,0,-1.1902499647753226,0,Logistic regression,-6.1742739080378914,-1.2666478862534267,-6.1742739080378914,0.0,-0.7185202987456681,0,0,0,0
27182,154697,7.59,1,-0.9865290012240111,0,Logistic regression,45.58408545099396,0.39468180627137595,45.58408545099396,0.665,-0.3509568091277063,1,1,1,1
27182,140404,25.0,0,-1.069561182148091,0,Logistic regression,-3.0071528007594246,-0.8854360434551491,-3.0071528007594246,0.0,-0.8920657533934473,0,0,0,0
27182,120837,99.9,1,-0.823884335882501,1,Logistic regression,39.34499959795686,0.29803312712084096,39.34499959795686,0.41,-0.3509562687571242,1,1,0,1
27182,20301,6.46,0,-1.285852785529142,0,Logistic regression,-5.443493607542175,-1.167095627664444,-5.443493607542175,0.0,-1.1169263121652193,0,0,0,0
27182,15781,99.99,1,-0.28396912001952923,1,Logistic regression,74.1391715735693,0.9288531829319466,74.1391715735693,0.83,0.6990484870260041,1,1,1,1
27182,179507,5.38,0,-0.03617972252741375,1,Logistic regression,-1.0941056171177013,-0.6481372536066683,-1.0941056171177013,0.075,-0.7719641758555512,0,0,0,0
27182,84848,127.65,0,-1.2134551050686864,0,Logistic regression,-2.0362663273340136,-0.761841176307253,-2.0362663273340136,0.03,-0.7187407387886249,0,0,0,0
27182,213092,22.47,1,-0.570382658099402,1,Logistic regression,-3.8771334360321594,-0.5739353188204104,-3.8771334360321594,0.15,-0.3552223389987176,0,0,0,1
27182,37529,50.0,0,-0.9139896526844575,0,Logistic regression,-1.3910004084730858,-0.915516293757791,-1.3910004084730858,0.0,-1.1307547199103363,0,0,0,0
27182,18210,1.0,0,-1.4652267728224488,0,Logistic regression,-1.5343585839477516,-1.0695453856456054,-1.5343585839477516,0.0,-1.0372142330982033,0,0,0,0
27182,282722,55.0,0,-1.4803887834473932,0,Logistic regression,-0.7868868533032289,-0.6277262314437686,-0.7868868533032289,0.0,-0.8397926048015039,0,0,0,0
27182,210728,224.85,0,-0.8692701521528254,0,Logistic regression,-1.056084967505483,-0.718164030867519,-1.056084967505483,0.005,-0.5492720344813399,0,0,0,0
27182,94349,4.99,0,-1.495663961274401,0,Logistic regression,-4.507432649969237,-1.1441905714163116,-4.507432649969237,0.04,-0.7448164613844356,0,0,0,0
27182,262826,0.77,1,-0.955684615897861,0,Logistic regression,34.34179726855602,0.2827945975842866,34.34179726855602,0.445,-0.35095431978923985,1,1,0,1
27182,88921,11.5,0,-1.474656130735772,0,Logistic regression,-2.9548398497016626,-1.0728421442929126,-2.9548398497016626,0.0,-1.01831604920583,0,0,0,0
27182,84685,90.04,0,-1.8743440568960064,0,Logistic regression,-3.0563476378652212,-1.0008581270785544,-3.0563476378652212,0.0,-1.1849624584776304,0,0,0,0
27182,202189,1.98,0,-1.6655686239152034,0,Logistic regression,-0.8225289088876333,-0.5379497365051995,-0.8225289088876333,0.035,-0.72779161247356,0,0,0,0
27182,115833,29.33,0,-1.1373144574173129,0,Logistic regression,-0.6927306614234965,-0.611682817688646,-0.6927306614234965,0.195,-0.9146633095876001,0,0,0,0
27182,148165,2.28,0,-1.7629336876893404,0,Logistic regression,-1.1488356237341057,-0.5898119913215829,-1.1488356237341057,0.045,-0.9294669116873951,0,0,0,0
27182,44001,802.52,1,-0.488765698414955,1,Logistic regression,16.646151385110283,-0.006493494148293644,16.646151385110283,0.485,-0.351734204076068,0,0,0,1
27182,210797,9.99,0,-0.7621290079571407,1,Logistic regression,-3.1286360378122353,-0.7216356258926018,-3.1286360378122353,0.0,-0.7103023422775072,0,0,0,0
27182,234633,1.59,1,-0.9563153273941662,0,Logistic regression,16.951638550406887,-0.22932261879835097,16.951638550406887,0.315,-0.3304423636763896,0,0,0,1
27182,10568,1.0,1,-0.7423870772898076,1,Logistic regression,81.07740847469536,0.6291003192599656,81.07740847469536,0.495,-0.3499846313865238,1,1,0,1
27182,47802,88.0,1,-0.6254349134918591,1,Logistic regression,26.46042636703433,0.21349795524573315,26.46042636703433,0.435,-0.3509625026619569,1,0,0,1
27182,141258,0.0,1,-0.8215055779514144,1,Logistic regression,47.28221132201912,0.46828706814031995,47.28221132201912,0.405,-0.350929422551418,1,1,0,1
27182,279129,13.61,0,-1.246788848705793,0,Logistic regression,-6.422700843377682,-1.1775689221102872,-6.422700843377682,0.0,-0.7071824554211379,0,0,0,0
27182,151008,1.0,1,-0.8442986216245489,1,Logistic regression,74.29864308507533,0.31898383424914134,74.29864308507533,0.54,-0.35095685760837814,1,1,1,1
27182,84543,454.82,1,-0.9324783331427033,0,Logistic regression,26.761972230940486,0.2572823354791772,26.761972230940486,0.615,-0.3509632659039497,1,0,1,1
27182,93756,1.0,0,-1.2009976901511183,0,Logistic regression,0.13248936437502157,-0.8584439364795384,0.13248936437502157,0.305,0.4249315707802286,0,0,0,1
27182,220297,3.57,0,-1.0223379782638289,0,Logistic regression,-3.177960189642504,-0.8147127137459602,-3.177960189642504,0.035,-0.7375560766290051,0,0,0,0
27182,112809,15.0,0,-1.214932166570751,0,Logistic regression,-1.4863487493447787,-0.8530047459289392,-1.4863487493447787,0.0,-0.857996576835214,0,0,0,0
27182,135949,5.75,0,-1.3600668229563517,0,Logistic regression,-4.038624253821153,-1.0308869408214232,-4.038624253821153,0.16,-0.9252638335538412,0,0,0,0
27182,51611,4.99,0,-1.4684213924432847,0,Logistic regression,-0.9712098745839666,-0.9783987278227764,-0.9712098745839666,0.0,-1.0418188160739388,0,0,0,0
27182,253137,52.0,0,-1.0947984885423345,0,Logistic regression,-1.018039941571586,-0.8126741233859485,-1.018039941571586,0.02,-0.8922021661033828,0,0,0,0
27182,189809,29.02,0,-1.371193950735639,0,Logistic regression,-2.477991429001405,-0.8603997407332495,-2.477991429001405,0.045,-0.5134181428110257,0,0,0,0
27182,266339,1.0,0,-1.2566463317110619,0,Logistic regression,-2.3226285658027095,-0.8910347685318922,-2.3226285658027095,0.005,-0.7266302957338718,0,0,0,0
27182,72161,10.63,0,-0.7266458472312487,1,Logistic regression,-1.8972396088016623,-0.7714590642863812,-1.8972396088016623,0.0,-1.1404413882900035,0,0,0,0
27182,230725,125.4,0,0.13049124675563017,1,Logistic regression,0.18723690994957365,-0.7015197938349924,0.18723690994957365,0.005,-0.8049118600812901,0,0,0,0
27182,183875,30.71,0,-1.2232561598720433,0,Logistic regression,-1.1171137958009933,-0.5232457436780591,-1.1171137958009933,0.0,-0.7641770527549423,0,0,0,0
27182,180255,24.99,0,-0.7310984105735878,1,Logistic regression,-1.4650565534049251,-0.6351880776292833,-1.4650565534049251,0.015,-0.8308757096670585,0,0,0,0
27182,252146,60.0,0,-1.197074487421983,0,Logistic regression,0.3107912902979335,-0.6688960962595705,0.3107912902979335,0.0,-0.9196543703196592,0,0,0,0
27182,36311,101.5,0,-1.202782797028318,0,Logistic regression,-5.499631466706795,-1.1941491982322996,-5.499631466706795,0.0,-0.6098649078800715,0,0,0,0
27182,71209,19.95,0,-1.894026315550588,0,Logistic regression,-0.13727240264139318,-0.6509482804003235,-0.13727240264139318,0.04,-0.8209318107183206,0,0,0,0
27182,238081,22.19,0,-1.337988674887916,0,Logistic regression,-7.338324953912802,-1.0679392805718082,-7.338324953912802,0.01,-1.02386510338511,0,0,0,0
27182,239967,97.96,0,-1.594824521420954,0,Logistic regression,-1.3690681680637802,-0.8959797614924867,-1.3690681680637802,0.04,-0.5877485145818133,0,0,0,0
27182,259635,7.83,0,-1.4711438542025603,0,Logistic regression,-2.2949142538263465,-0.8677331784515803,-2.2949142538263465,0.01,-1.2109763099015536,0,0,0,0
27182,53033,74.7,0,-1.241453917759289,0,Logistic regression,-2.209204794140731,-1.1073129494488017,-2.209204794140731,0.0,-1.077179010665292,0,0,0,0
27182,126176,1.0,0,-1.7331918788070084,0,Logistic regression,-3.497517799501402,-1.154309762393365,-3.497517799501402,0.0,-0.8757721724967498,0,0,0,0
27182,268521,9.09,0,-1.8320875233331988,0,Logistic regression,-2.364163857008871,-1.0345363730050376,-2.364163857008871,0.0,-0.5865144583551215,0,0,0,0
27182,186165,15.0,0,-1.2136889456627693,0,Logistic regression,-1.8786774091905667,-0.8816294464085845,-1.8786774091905667,0.005,-0.7125427747099566,0,0,0,0
27182,244138,1.0,0,-1.1224815901890701,0,Logistic regression,-2.8303295483269775,-0.9057741628545013,-2.8303295483269775,0.045,-0.9521274610001276,0,0,0,0
27182,62234,14.45,0,-1.0488082946090205,0,Logistic regression,-2.0118142787032784,-0.5625113938685038,-2.0118142787032784,0.035,-0.7033782807835258,0,0,0,0
27182,282362,15.0,0,-1.3540688510088004,0,Logistic regression,-2.5751569390488296,-1.0825688913740317,-2.5751569390488296,0.0,-0.9785484662834334,0,0,0,0
27182,34442,5.51,0,-1.5678477084216258,0,Logistic regression,-3.8503869614518766,-1.2229352698699356,-3.8503869614518766,0.0,-1.2659807167097432,0,0,0,0
27182,226483,26.1,0,-1.136222135605468,0,Logistic regression,-3.7955700788736575,-0.8936379643836689,-3.7955700788736575,0.0,-0.8686934675144492,0,0,0,0
27182,23422,717.15,1,-0.7620333327532236,1,Logistic regression,15.552390930357783,0.08584519842629584,15.552390930357783,0.325,-0.35173423913368346,1,0,0,1
27182,36126,29.18,0,-1.5408794458863846,0,Logistic regression,-1.993034504011633,-0.9089857181693057,-1.993034504011633,0.21,-0.7159319355888072,0,0,0,0
27182,27362,1.52,1,0.5431208719048446,1,Logistic regression,0.2543666900299264,-0.6206269640233757,0.2543666900299264,0.265,-0.6466704659091317,0,0,0,0
27182,146971,1.0,0,-1.5771483880094006,0,Logistic regression,-6.716672577697358,-1.0937700703195024,-6.716672577697358,0.0,-0.5782607408699234,0,0,0,0
27182,119508,257.57,0,-0.5957469439396532,1,Logistic regression,1.8932381890585022,-0.20174990823841527,1.8932381890585022,0.245,-0.527663856532609,0,0,0,0
27182,254722,5.0,0,-1.6218131600159527,0,Logistic regression,-3.170583245166756,-1.073181011676721,-3.170583245166756,0.0,-0.9517904530175891,0,0,0,0
27182,74880,7.83,0,-1.5801918873831107,0,Logistic regression,-2.5665948581552884,-1.1743975737768388,-2.5665948581552884,0.0,-1.007768247763418,0,0,0,0
27182,255536,15.0,0,-1.6451930795179859,0,Logistic regression,-1.9497074263422758,-1.1173618760094473,-1.9497074263422758,0.0,-0.7137384558899382,0,0,0,0
27182,150737,13.99,0,-1.1584916784284829,0,Logistic regression,0.348467806962961,-0.2544201046242804,0.348467806962961,0.075,-0.5646606793773064,0,0,0,0
27182,243333,0.89,0,-1.5229572708744459,0,Logistic regression,-3.109491865076798,-0.8539117689777707,-3.109491865076798,0.0,-0.8909243941289673,0,0,0,0
27182,31049,8.4,0,-1.1936446828024143,0,Logistic regression,-3.7628869138382477,-0.9122952577379135,-3.7628869138382477,0.0,-1.1013058953522883,0,0,0,0
27182,107552,12.99,0,-0.7369385264973429,1,Logistic regression,-0.4512255834170322,-0.47029610019483364,-0.4512255834170322,0.055,-0.8755118504869984,0,0,0,0
27182,116326,42.81,0,-0.9737572026460164,0,Logistic regression,-2.494306051977348,-0.5864532355259167,-2.494306051977348,0.035,-0.7657233613088648,0,0,0,0
27182,33400,140.1,0,-0.9315616597902022,0,Logistic regression,-1.488810473356991,-0.6797089593234833,-1.488810473356991,0.065,-0.8178594770700709,0,0,0,0
27182,135759,36.44,0,-1.4573405757974456,0,Logistic regression,0.025133681923054763,-0.7214496770930057,0.025133681923054763,0.0,-1.0062646737424557,0,0,0,0
27182,143588,136.0,0,-1.1075099957295174,0,Logistic regression,-1.3078980120672297,-0.4068973962598083,-1.3078980120672297,0.015,-0.48363367584050854,0,0,0,0
27182,251065,15.52,0,-1.5200212903957109,0,Logistic regression,-5.3086252364286235,-1.1587526062587248,-5.3086252364286235,0.0,-1.0037223962809132,0,0,0,0
27182,157140,24.19,0,-1.1107383048292259,0,Logistic regression,1.5806871162889509,-0.3103723378984124,1.5806871162889509,0.14,0.02355748872074581,0,0,0,1
27182,10518,2.21,0,-1.2342523584853815,0,Logistic regression,0.500190556707955,-0.17899938000403665,0.500190556707955,0.13,-0.4065816451030572,0,0,0,0
27182,256591,15.17,0,-1.0937368237473604,0,Logistic regression,-4.090459423968789,-0.9300586400623079,-4.090459423968789,0.0,-0.5191222738623054,0,0,0,0
27182,263375,3.99,0,-1.2484797290397123,0,Logistic regression,-5.055504072310458,-1.2119790485207247,-5.055504072310458,0.0,-0.7863267216138732,0,0,0,0
27182,174311,5.5,0,-1.4574130215490149,0,Logistic regression,-6.848662887503701,-1.2455002970371676,-6.848662887503701,0.0,-0.9886830893486271,0,0,0,0
27182,155941,18.91,0,-1.1214144229765255,0,Logistic regression,-1.0875422798772807,-0.769036561981082,-1.0875422798772807,0.01,-0.5557323723007341,0,0,0,0
27182,126416,54.12,0,-1.3414089024828266,0,Logistic regression,-5.355300727148353,-1.257290991011591,-5.355300727148353,0.0,-1.0068795829198383,0,0,0,0
27182,77411,360.25,0,-1.1688734807800618,0,Logistic regression,-2.9117180092673047,-0.43410580796471326,-2.9117180092673047,0.35,-0.401584770897071,0,0,0,0
27182,40085,1.0,1,-0.922917033095212,0,Logistic regression,1.6408384178892816,-0.6401186704104445,1.6408384178892816,0.49,0.7640735517227586,0,0,0,1
27182,11841,1.0,1,-0.8823905147738984,0,Logistic regression,74.8364193649035,0.4070892217560985,74.8364193649035,0.605,-0.3509562853201322,1,1,1,1
27182,137705,1.0,1,-1.1237202922558367,0,Logistic regression,12.93250497085758,-0.2442904100855337,12.93250497085758,0.555,-0.29858078995577314,0,0,1,1
27182,197756,275.62,0,-0.7573836937502374,1,Logistic regression,-2.0713305446734673,-0.4684617894571979,-2.0713305446734673,0.045,-0.3273886150354026,0,0,0,1
27182,221025,216.35,0,-0.7916199296801142,1,Logistic regression,-1.4016454525368554,-0.9016411529006083,-1.4016454525368554,0.07,-0.726942962701093,0,0,0,0
27182,153535,9.99,0,-0.6249094865256277,1,Logistic regression,2.6953281389592023,0.08059264043429842,2.6953281389592023,0.15,-0.5228222757423359,1,0,0,0
27182,83686,186.33,0,-0.9294252049094335,0,Logistic regression,-3.0678464647463284,-0.321835583102202,-3.0678464647463284,0.04,-0.6463934448205446,0,0,0,0
27182,262693,80.98,0,-1.2718193486725597,0,Logistic regression,-6.070563558766352,-1.175011025191125,-6.070563558766352,0.0,-0.9505557095837625,0,0,0,0
27182,239395,9.99,0,-1.5073297931855054,0,Logistic regression,-4.658134900165107,-1.02720280690683,-4.658134900165107,0.0,-0.7802703849150228,0,0,0,0
27182,43624,39.45,1,-0.6063899214063425,1,Logistic regression,19.50318615928886,-0.0584766143322657,19.50318615928886,0.4,-0.35470240425917976,0,0,0,1
27182,51879,12.1,0,-1.1769735220286102,0,Logistic regression,-1.6421077874475893,-0.9971737512862409,-1.6421077874475893,0.0,-1.0674620009421045,0,0,0,0
27182,48641,13.55,0,-1.2216568963192471,0,Logistic regression,-2.192681154475437,-0.7890181687798621,-2.192681154475437,0.0,-0.8235054545742677,0,0,0,0
27182,180984,288.55,0,-1.6427284753898101,0,Logistic regression,-2.0722706817454317,-0.6457355501744033,-2.0722706817454317,0.045,-0.5269203122693146,0,0,0,0
27182,150715,11.4,1,-0.717123339666617,1,Logistic regression,77.79680033831914,0.6712467587277555,77.79680033831914,0.815,-0.34002047184143264,1,1,1,1
27182,58345,8.99,0,-1.3900244008584182,0,Logistic regression,-3.1247676102474315,-0.9977776514636918,-3.1247676102474315,0.0,-1.1845213224941669,0,0,0,0
27182,182849,96.78,0,-1.1963497549019237,0,Logistic regression,-1.4487993706138598,-0.554081395151935,-1.4487993706138598,0.09,-0.8204507676393711,0,0,0,0
27182,53591,1.0,1,-0.48786668846413006,1,Logistic regression,18.28806545088537,-0.12067707251091458,18.28806545088537,0.355,-0.34543042075615604,0,0,0,1
27182,204949,48.35,0,-1.0021607425803032,0,Logistic regression,-0.0478762563141224,-0.3993253882178733,-0.0478762563141224,0.175,-0.7522219608300881,0,0,0,0
27182,172570,1.29,0,-1.1578059105895522,0,Logistic regression,-2.109199599369959,-0.7699228517416326,-2.109199599369959,0.0,-0.7524765681091486,0,0,0,0
27182,177946,445.64,0,-1.0318524434220728,0,Logistic regression,0.5254275741078167,-0.14363104795071985,0.5254275741078167,0.025,-0.5762831494436205,0,0,0,0
27182,81609,1389.56,1,-0.8539179002831779,1,Logistic regression,18.41338785861991,0.2549545746297017,18.41338785861991,0.32,-0.3510981957911897,1,0,0,1
27182,51585,3.75,0,-1.6374438582036839,0,Logistic regression,-2.3075385026924264,-1.001395609215479,-2.3075385026924264,0.0,-0.8188693562269644,0,0,0,0
27182,750,9.99,0,-0.7831530715490721,1,Logistic regression,-0.8148977669717732,-0.8395814932010521,-0.8148977669717732,0.0,-1.1934310734557894,0,0,0,0
27182,253530,44.4,0,-0.9662227396501577,0,Logistic regression,-1.3788107366232507,-0.7627070241380753,-1.3788107366232507,0.005,-0.7891334069833258,0,0,0,0
27182,77387,444.17,1,-0.6813581250908869,1,Logistic regression,26.64236129719741,0.24942922849217805,26.64236129719741,0.545,-0.35137562701214603,1,0,1,1
27182,156104,29.99,0,-0.5373686776539462,1,Logistic regression,-0.790574648139728,-0.7318506525833128,-0.790574648139728,0.125,-0.6375897973100992,0,0,0,0
27182,150030,3.62,0,-1.0088491512824502,0,Logistic regression,-6.872139583341798,-0.9338584458890244,-6.872139583341798,0.0,-0.3840595276014703,0,0,0,0
27182,75243,557.76,0,-0.9616921105359896,0,Logistic regression,-7.167103560995733,-0.5474829161557877,-7.167103560995733,0.04,-0.3533579182952737,0,0,0,1
27182,165036,90.67,0,-1.7813880010169627,0,Logistic regression,-4.638111918491665,-1.0720277107922698,-4.638111918491665,0.0,-0.9641854780595442,0,0,0,0
27182,248183,1.0,0,-1.2122829174905458,0,Logistic regression,1.3917941469342516,-0.07996939593133118,1.3917941469342516,0.16,-0.5117114108948274,0,0,0,0
27182,65888,88.0,0,-1.8489553264312015,0,Logistic regression,-3.8224106757934946,-1.009997369014191,-3.8224106757934946,0.0,-0.9335468402254172,0,0,0,0
27182,10690,1218.89,1,-0.7545836940709092,1,Logistic regression,74.08523361269806,0.583043563132615,74.08523361269806,0.46,-0.35095685760837814,1,1,0,1
27182,141229,1.79,0,-1.3074458544704541,0,Logistic regression,-6.079489210206013,-1.1900189564112185,-6.079489210206013,0.0,-0.8089682903917235,0,0,0,0
27182,229730,2.22,1,-0.35057441047149546,1,Logistic regression,2.120693286648769,-0.4614483224049741,2.120693286648769,0.525,-0.012963324037441548,0,0,1,1
27182,249607,35.0,1,-0.919891477417929,0,Logistic regression,13.87983867107491,0.06547500177924032,13.87983867107491,0.54,-0.3509469613801653,1,0,1,1
27182,84218,69.0,0,-1.3376630240429115,0,Logistic regression,-4.166935512862504,-1.2244388236787014,-4.166935512862504,0.0,-1.019580959279197,0,0,0,0
27182,226227,1.29,0,-1.8082928951835442,0,Logistic regression,-3.6747661656001283,-1.13090184228017,-3.6747661656001283,0.0,-0.9237148194692536,0,0,0,0
27182,118370,1.0,0,-1.2405815420082673,0,Logistic regression,-0.8327182738170393,-0.6856087671164488,-0.8327182738170393,0.035,-0.46644324833351347,0,0,0,0
27182,64125,200.0,0,-1.195917037345983,0,Logistic regression,-2.1411660194248117,-0.9570044171588221,-2.1411660194248117,0.04,-0.9001627190604333,0,0,0,0
27182,42741,459.07,1,-0.7641499881691959,1,Logistic regression,78.24935708850226,0.8936933527685991,78.24935708850226,0.815,-0.30259386588524023,1,1,1,1
27182,36943,646.98,0,-0.9788005661841241,0,Logistic regression,0.5508477310610405,0.02855341076216711,0.5508477310610405,0.1,-0.4310685489635414,1,0,0,0
27182,222599,23.77,0,-0.4830653906885579,1,Logistic regression,-2.29477119556974,-0.8422201448237072,-2.29477119556974,0.0,-0.6953398221554448,0,0,0,0
27182,283167,133.55,0,-1.032406189148563,0,Logistic regression,-3.285911505957987,-0.6820778118677366,-3.285911505957987,0.055,-0.4221862770017163,0,0,0,0
27182,116058,128.0,0,-1.73782626307308,0,Logistic regression,-3.4662336695355833,-1.110490392808387,-3.4662336695355833,0.0,-1.065711651236679,0,0,0,0
27182,280576,0.81,0,-1.450646755694609,0,Logistic regression,-3.979022687520045,-1.0280628927274216,-3.979022687520045,0.0,-0.7309285386723272,0,0,0,0
27182,69498,8.0,1,-0.8249390378166255,1,Logistic regression,17.100647845993517,-0.2682845875733835,17.100647845993517,0.4,-0.35125345915144823,0,0,0,1
27182,282391,9.99,0,-1.3520413145055277,0,Logistic regression,-2.86318300742877,-1.032265522590018,-2.86318300742877,0.0,-1.1333766121261908,0,0,0,0
27182,34246,0.89,0,-1.4034315047600452,0,Logistic regression,-2.690367305763213,-0.9484424488286598,-2.690367305763213,0.0,-0.9820623684649276,0,0,0,0
27182,269940,29.45,0,-1.4153675936958219,0,Logistic regression,-0.1778874075204424,-0.3778488965441508,-0.1778874075204424,0.015,-0.5921151977763586,0,0,0,0
27182,196563,15.85,0,-1.217755465038596,0,Logistic regression,-5.934621442217924,-1.2324715426981692,-5.934621442217924,0.0,-0.7697282752337116,0,0,0,0
27182,130175,1363.0,0,-1.0452655013860783,0,Logistic regression,-7.781277324048444,0.23444013846936815,-7.781277324048444,0.15,-0.35096414781650487,1,0,0,1
27182,226675,10.98,0,-1.2009880498065395,0,Logistic regression,-1.9514416759905011,-0.9102882061878212,-1.9514416759905011,0.0,-1.165699096089937,0,0,0,0
27182,62976,25.68,0,-1.0675783806469379,0,Logistic regression,2.62060300483929,0.08743192295722232,2.62060300483929,0.29,-0.26523448679769324,1,0,0,1
27182,206960,116.97,0,-1.3610455821446024,0,Logistic regression,-6.023345206030938,-1.0882293937292489,-6.023345206030938,0.0,-0.9377569443090327,0,0,0,0
27182,70975,24.38,0,-1.417376486658477,0,Logistic regression,-5.88801628840053,-1.1392450269372933,-5.88801628840053,0.0,-0.9779887460674477,0,0,0,0
27182,13474,33.17,0,-1.3717535074419838,0,Logistic regression,0.15797967079134856,-0.5831605873354293,0.15797967079134856,0.025,-0.738425338596172,0,0,0,0
27182,263080,1.0,1,-1.5880807141107367,0,Logistic regression,-2.941039748085159,-1.1588328445600038,-2.941039748085159,0.0,-0.3887345197189177,0,0,0,0
27182,234645,36.5,0,-1.410001353148043,0,Logistic regression,-5.53567403903519,-1.1499196172710837,-5.53567403903519,0.0,-0.7273171916151346,0,0,0,0
27182,213401,16.44,0,-0.9478727319329816,0,Logistic regression,-4.862795075951551,-1.0066907824672524,-4.862795075951551,0.0,-0.7840881067240153,0,0,0,0
27182,154533,0.89,0,-1.3359743592275843,0,Logistic regression,-1.6357075630660565,-0.9695254692813731,-1.6357075630660565,0.005,-0.5613165760893588,0,0,0,0
27182,17240,395.63,0,-1.170674062708699,0,Logistic regression,-4.639804492869608,-1.0327802126917407,-4.639804492869608,0.03,-0.6236368832101256,0,0,0,0
27182,166050,5.37,0,-0.9386350685616915,0,Logistic regression,-1.4013539221403508,-0.6971412213181292,-1.4013539221403508,0.0,-0.6656288617083629,0,0,0,0
27182,216698,1.98,0,-1.2364850391140652,0,Logistic regression,-2.8629113561111104,-0.9459412822191977,-2.8629113561111104,0.0,-0.9745400439239721,0,0,0,0
27182,178705,69.0,0,-1.7126920102895113,0,Logistic regression,1.8767859589688685,-0.424308961143479,1.8767859589688685,0.02,-0.6942869162752418,0,0,0,0
27182,138825,51.35,0,-1.2957046732356101,0,Logistic regression,-3.0423467794258467,-1.0473656459742804,-3.0423467794258467,0.115,-0.6321275041017609,0,0,0,0
27182,274750,324.33,0,-1.8242270135726182,0,Logistic regression,-2.0449869030084042,-0.5928527326661086,-2.0449869030084042,0.015,-0.6272851561022883,0,0,0,0
27182,157028,10.0,0,-1.387809898877549,0,Logistic regression,1.2859573506723192,-0.3389699328741305,1.2859573506723192,0.02,-0.6310633152073755,0,0,0,0
27182,265152,24.95,0,-1.0958339115488298,0,Logistic regression,-6.608435758339329,-1.254973671881508,-6.608435758339329,0.0,-0.8683032528832835,0,0,0,0
27182,4668,4.49,0,-1.7517152276817098,0,Logistic regression,-1.2703627472063308,-1.0657325657137473,-1.2703627472063308,0.0,-0.8778990210331816,0,0,0,0
27182,48762,34.5,0,-1.7309137089510884,0,Logistic regression,-3.15892057560952,-1.0557370353949738,-3.15892057560952,0.0,-0.8918816295527148,0,0,0,0
27182,204586,77.4,0,-1.2564617415734687,0,Logistic regression,-2.736222112717902,-1.093344112136608,-2.736222112717902,0.005,-0.709922734206502,0,0,0,0
27182,102444,1.0,1,-0.8181825392120546,1,Logistic regression,42.84452795513592,0.3253692444269935,42.84452795513592,0.355,-0.35095685760837814,1,1,0,1
27182,223840,512.65,0,-1.0787363289948528,0,Logistic regression,-3.757655191171197,-0.28890243385800746,-3.757655191171197,0.075,-0.4617274225549263,0,0,0,0
27182,254344,187.11,1,-1.4051623963192013,0,Logistic regression,-1.3052507944905567,-0.6944877580467168,-1.3052507944905567,0.035,-0.5484543513052595,0,0,0,0
27182,41943,0.76,1,-1.046617782934609,0,Logistic regression,77.81594289364838,0.5892765637152584,77.81594289364838,0.425,-0.3482889353228555,1,1,0,1
27182,121060,140.0,0,-1.149430741279145,0,Logistic regression,2.02536636544505,-0.21849623784687983,2.02536636544505,0.21,-0.3910331250944586,0,0,0,0
27182,123030,72.64,0,-1.721417789844081,0,Logistic regression,-2.978020124251173,-0.8527209336542512,-2.978020124251173,0.075,-0.801673479451513,0,0,0,0
27182,62151,11.5,0,-1.7103285301310747,0,Logistic regression,-2.341301961703464,-1.0339732481861696,-2.341301961703464,0.0,-0.8162472546690972,0,0,0,0
27182,240471,990.0,0,-0.936211548312477,0,Logistic regression,-4.444148621501604,0.017889654155606394,-4.444148621501604,0.055,-0.36870670168030834,1,0,0,0
27182,7149,0.01,0,-1.6832055997684274,0,Logistic regression,-1.0823995130979358,-0.7812413021607956,-1.0823995130979358,0.1,-0.35422530728305657,0,0,0,1
27182,171808,1.0,0,-1.3417800232690005,0,Logistic regression,-3.076404644913394,-0.9615767040139915,-3.076404644913394,0.035,-0.6434474989331163,0,0,0,0
27182,152552,15.95,0,-1.1775798097899788,0,Logistic regression,-7.504260605269313,-1.011105390850342,-7.504260605269313,0.0,-0.6051916369670804,0,0,0,0
27182,144373,31.0,0,-0.9584795122180759,0,Logistic regression,-5.86540229196338,-0.924318338647977,-5.86540229196338,0.0,-0.8816033704937842,0,0,0,0
27182,250810,9.32,0,-0.9709497589252132,0,Logistic regression,-1.2793979490982381,-0.5311551733821447,-1.2793979490982381,0.01,-0.9374141767006514,0,0,0,0
27182,196143,45.0,0,-1.5985730660378428,0,Logistic regression,-5.336532103609302,-1.0439487775594085,-5.336532103609302,0.0,-0.7128670773030747,0,0,0,0
27182,204064,345.0,1,-1.0144943347551738,0,Logistic regression,13.13266027714424,-0.22472645110601858,13.13266027714424,0.565,-0.3551385513556326,0,0,1,1
27182,115807,72.0,0,-1.2158601525354196,0,Logistic regression,-1.0743110894269936,-0.8592464517220031,-1.0743110894269936,0.0,-0.9487562815652698,0,0,0,0
27182,4252,19.63,0,-0.7486613458149356,1,Logistic regression,0.653997438961748,-0.6649822214686059,0.653997438961748,0.03,-0.6688800182619357,0,0,0,0
27182,43191,0.76,0,-1.3335743364580743,0,Logistic regression,-6.744254333020559,-1.2665733920954494,-6.744254333020559,0.02,-0.6254347282999239,0,0,0,0
27182,46116,0.76,0,-1.5230431351062572,0,Logistic regression,-2.724451833450694,-1.1094854634519031,-2.724451833450694,0.0,-0.39122294638322963,0,0,0,0
27182,42549,88.23,1,-0.645235491996526,1,Logistic regression,77.09411979467941,0.7509113658855895,77.09411979467941,0.595,-0.18650112636650612,1,1,1,1
27182,157611,18.35,0,-1.717830709729408,0,Logistic regression,0.86233190280039,-0.44965502116929407,0.86233190280039,0.035,-0.5263128041605111,0,0,0,0
27182,35776,28.75,0,-1.4543164707890723,0,Logistic regression,-5.042969129342775,-1.1209392219126177,-5.042969129342775,0.01,-1.0792160656217593,0,0,0,0
27182,270347,1.38,0,-1.0944208249230796,0,Logistic regression,-2.6417726031326034,-0.8711938053253359,-2.6417726031326034,0.0,-0.8237951451715133,0,0,0,0
27182,279435,197.41,0,-1.2091393260962806,0,Logistic regression,-5.543023723251391,-1.0890804536538916,-5.543023723251391,0.0,-0.5294799331930908,0,0,0,0
27182,102899,59.7,0,-1.1287559497992428,0,Logistic regression,-6.098854721484982,-1.0347526891645449,-6.098854721484982,0.0,-1.246717933203124,0,0,0,0
27182,44117,443.59,0,-1.3331083844677636,0,Logistic regression,-2.198765786736938,-0.3276807219044969,-2.198765786736938,0.005,-0.6030675517253195,0,0,0,0
27182,49707,118.3,0,-1.581054566382845,0,Logistic regression,-5.569414055809732,-1.2461650731270932,-5.569414055809732,0.0,-1.007622298953605,0,0,0,0
27182,194340,358.21,0,-1.5954736345643927,0,Logistic regression,0.5567308268718241,0.01693483964172865,0.5567308268718241,0.02,-0.37743824630734457,1,0,0,0
27182,252459,124.8,0,-0.6384082239745842,1,Logistic regression,-4.738254106448707,-1.1366906132972876,-4.738254106448707,0.005,-0.645157470590394,0,0,0,0
27182,80427,7.56,0,-1.5834558962138625,0,Logistic regression,1.1710118852967983,-0.7792260790056451,1.1710118852967983,0.18,-0.3291021031430523,0,0,0,1
27182,133890,41.64,0,-1.5840893300995738,0,Logistic regression,-3.160804541383106,-1.039143577101599,-3.160804541383106,0.0,-1.2537428861488737,0,0,0,0
27182,141083,11.5,0,-1.6024716890648532,0,Logistic regression,-2.6923401340618973,-1.0791216360414655,-2.6923401340618973,0.005,-0.7760424762558308,0,0,0,0
27182,280433,3.85,0,-1.3128224295072326,0,Logistic regression,-3.82699599944724,-1.214946822913578,-3.82699599944724,0.0,-0.8776269659482885,0,0,0,0
27182,153467,80.0,0,-1.4064391738443747,0,Logistic regression,-1.0300034712445452,-0.648630338799268,-1.0300034712445452,0.085,-0.4404158058762936,0,0,0,0
27182,160288,1.0,0,-1.8319248796399639,0,Logistic regression,-3.3494365494581424,-1.101461470663267,-3.3494365494581424,0.0,-0.8849441585703871,0,0,0,0
27182,241714,89.9,0,-1.0128450125010742,0,Logistic regression,-0.971996277901346,-0.43486235795488565,-0.971996277901346,0.07,-0.7616578455021131,0,0,0,0
27182,76406,12.45,0,-1.778915330668515,0,Logistic regression,-2.5900216893799533,-1.1193974890755896,-2.5900216893799533,0.0,-1.0699613962950467,0,0,0,0
27182,206696,71.71,0,-1.5245832706259246,0,Logistic regression,-6.324904774050571,-1.110652954432743,-6.324904774050571,0.0,-0.8580013065837754,0,0,0,0
27182,45033,58.0,0,-0.9991612176821633,0,Logistic regression,1.8479587258105872,-0.470395792349456,1.8479587258105872,0.015,-0.9285502762796948,0,0,0,0
27182,208425,82.86,0,-1.5387155398712604,0,Logistic regression,-5.072500491062754,-1.2154955528143163,-5.072500491062754,0.0,-1.1651659761709898,0,0,0,0
27182,147672,10.98,0,0.5670113108548269,1,Logistic regression,-0.012912232761170594,-0.6865346789986027,-0.012912232761170594,0.135,-0.22184325552085116,0,0,0,1
27182,43204,106.55,1,-0.5540158487292159,1,Logistic regression,76.08338766300443,0.7962739545365489,76.08338766300443,0.91,-0.3297384973127913,1,1,1,1
27182,242906,37.3,0,-1.026043592214703,0,Logistic regression,-0.007141168879755355,0.18787325564651305,-0.007141168879755355,0.055,-0.39711615996725524,1,0,0,0
27182,208070,70.81,0,-1.1400423844917167,0,Logistic regression,-0.30467634090558726,-0.4639484778782849,-0.30467634090558726,0.16,-0.8234341480803753,0,0,0,0
27182,72927,1.0,0,-1.6850312162948284,0,Logistic regression,-1.8559082386223733,-1.096634235644125,-1.8559082386223733,0.0,-0.7223630050801619,0,0,0,0
27182,225202,119.0,0,-1.6962701916041716,0,Logistic regression,-5.1259889393215765,-1.1479572739602566,-5.1259889393215765,0.0,-0.8386930750907525,0,0,0,0
27182,135089,137.45,0,-1.3370804378235446,0,Logistic regression,-8.17300061601605,-1.0901004047133256,-8.17300061601605,0.0,-0.8864854157219182,0,0,0,0
27182,176266,1.0,0,-1.3748234787224942,0,Logistic regression,-9.266501371331971,-1.1140558734897565,-9.266501371331971,0.015,-0.8637124361005993,0,0,0,0
27182,145800,451.27,1,-0.8697009206069405,0,Logistic regression,0.9057155167312672,-0.08172029166836564,0.9057155167312672,0.05,-0.40718813135692855,0,0,0,0
27182,3388,1.0,0,-1.6855364104223947,0,Logistic regression,-2.2601913889388676,-0.9591889093878865,-2.2601913889388676,0.005,-0.7682710368246821,0,0,0,0
27182,91671,290.18,1,-0.3823517252183312,1,Logistic regression,-2.913085354817948,-0.9207635190358552,-2.913085354817948,0.285,-0.6407688754992391,0,0,0,0
27182,44270,1.0,1,-1.0627210469493673,0,Logistic regression,72.44314053114795,0.4229894795690441,72.44314053114795,0.615,-0.35094124097313806,1,1,1,1
27182,234678,0.76,0,-0.982036334481778,0,Logistic regression,-1.2905562825858832,-0.6629001315490557,-1.2905562825858832,0.035,-0.48766279999829787,0,0,0,0
27182,251881,3.14,1,-0.3732815060381447,1,Logistic regression,2.5394713701577682,-0.26918310706790155,2.5394713701577682,0.105,-0.040332839006380405,0,0,0,1
27182,192297,90.0,0,0.7752127238148565,1,Logistic regression,-1.2094660397461323,-0.5315640377377677,-1.2094660397461323,0.13,-0.8720767007439967,0,0,0,0
27182,274475,39.9,1,-0.7794785591735158,1,Logistic regression,13.499381518085096,-0.14335841116336606,13.499381518085096,0.33,-0.3834229352690277,0,0,0,0
27182,134315,1090.58,0,-1.1447462245339526,0,Logistic regression,-7.184573101597391,-0.25739522632008655,-7.184573101597391,0.07,-0.35095741015058507,0,0,0,1
27182,7500,22.06,0,-1.1360607255662403,0,Logistic regression,-3.248865653063868,-1.0121579332373243,-3.248865653063868,0.07,-0.49436619202685966,0,0,0,0
27182,220226,25.0,0,-1.4389503533408199,0,Logistic regression,-5.317692056608288,-1.222620726964581,-5.317692056608288,0.0,-0.7887081339983056,0,0,0,0
27182,83037,6.89,0,-1.1471882872190151,0,Logistic regression,-1.3463874077380786,-0.8450726364849266,-1.3463874077380786,0.03,-0.9956372331381209,0,0,0,0
27182,213714,1.0,0,-1.1357646556197065,0,Logistic regression,0.5983103487399657,-0.29682202142070196,0.5983103487399657,0.04,-0.6434072438140428,0,0,0,0
27182,193458,75.0,0,-1.589318669163557,0,Logistic regression,-0.6503989046550032,-0.552167771822152,-0.6503989046550032,0.02,-0.5930659172439564,0,0,0,0
27182,158627,3.0,0,-1.1357237464922374,0,Logistic regression,0.36631554101312935,-0.02647942047199381,0.36631554101312935,0.155,-0.3104396525267211,0,0,0,1
27182,124176,1.0,1,-0.3649820195468546,1,Logistic regression,1.7913313536536581,-0.6527388377341148,1.7913313536536581,0.435,0.07844689730503751,0,0,0,1
27182,14197,99.99,1,-0.7778532519829607,1,Logistic regression,71.53898001095061,0.5265806753072451,71.53898001095061,0.565,-0.26656576934831144,1,1,1,1
27182,219979,4.6,0,-1.0050194602246039,0,Logistic regression,-1.7533954621000172,-0.7246338662227356,-1.7533954621000172,0.015,-0.9824655430065617,0,0,0,0
27182,12567,75.0,0,-1.0958437376513186,0,Logistic regression,-4.374309366170689,-1.1695018449068895,-4.374309366170689,0.0,-0.6405569964022328,0,0,0,0
27182,5368,48.6,0,-1.6670746412323743,0,Logistic regression,-1.3726580787834828,-0.6672725255387597,-1.3726580787834828,0.185,-0.44131304129209176,0,0,0,0
27182,102418,319.4,0,-0.7137534902342468,1,Logistic regression,-1.6404460048211253,-0.9051393423844596,-1.6404460048211253,0.31,-0.5954774695009949,0,0,0,0
27182,91386,0.9,0,-1.277602182440862,0,Logistic regression,-5.613937585320984,-1.0881959430211492,-5.613937585320984,0.0,-0.98684124598422,0,0,0,0
27182,198934,335.22,0,-1.0459041836876461,0,Logistic regression,0.14745592525885232,-0.46579595191267636,0.14745592525885232,0.035,-0.639256949262905,0,0,0,0
27182,194396,43.56,0,-1.2594391827981406,0,Logistic regression,-2.7875575508234594,-0.8828355514260608,-2.7875575508234594,0.0,-0.5866330250961761,0,0,0,0
27182,231900,49.99,0,-1.0263913605504118,0,Logistic regression,-6.079382289838878,-1.0686258339746415,-6.079382289838878,0.0,-0.8448755671766734,0,0,0,0
27182,153811,618.87,0,-1.0305947234335158,0,Logistic regression,-0.545842114313343,-0.1450365368133888,-0.545842114313343,0.15,-0.3510173824357553,0,0,0,1
27182,153823,2.28,1,-0.8774021385039217,0,Logistic regression,75.87122550916565,0.3234119122616795,75.87122550916565,0.645,-0.35095685760837814,1,1,1,1
27182,253647,19.95,0,-1.4921225267172324,0,Logistic regression,-3.3046922729268084,-0.6888925646534778,-3.3046922729268084,0.035,-0.5693555337994824,0,0,0,0
27182,277724,79.99,0,-1.904093557147982,0,Logistic regression,-2.1525997733911817,-0.8803492821753338,-2.1525997733911817,0.015,-0.733195200181266,0,0,0,0
27182,2809,0.76,0,-1.1462223032997922,0,Logistic regression,-2.585791042520382,-1.1679785433499315,-2.585791042520382,0.005,-0.6134419397650257,0,0,0,0
27182,92327,220.8,0,-1.3467983193454123,0,Logistic regression,-4.573142019389802,-1.050057814876533,-4.573142019389802,0.045,-0.7575659397470974,0,0,0,0
27182,5824,79.0,0,-1.3570240465683419,0,Logistic regression,-1.3956013883602953,-1.0281074788860096,-1.3956013883602953,0.0,-0.46150065367885096,0,0,0,0
27182,191505,65.0,0,-1.5168388857745816,0,Logistic regression,-0.9408502216496513,-0.45171909092954593,-0.9408502216496513,0.0,-0.8662155501541406,0,0,0,0
27182,42764,22.27,0,-1.1909566231751232,0,Logistic regression,-5.528840601208411,-1.1595823811473678,-5.528840601208411,0.0,-0.9384733906729649,0,0,0,0
27182,157868,0.76,1,-0.9295211130894746,0,Logistic regression,26.465381553575746,0.09498985742984753,26.465381553575746,0.54,-0.3509582432282619,1,0,1,1
27182,129092,17.99,0,-1.2851336101429118,0,Logistic regression,-3.9010243244120453,-1.1051713375804442,-3.9010243244120453,0.0,-1.2566842403484415,0,0,0,0
27182,13652,28.75,0,-1.0824719682587687,0,Logistic regression,-0.8855171254887921,-0.5811579945888004,-0.8855171254887921,0.155,-0.4506829390818972,0,0,0,0
27182,122349,2.5,0,-1.9072398659818859,0,Logistic regression,-0.24541961105103138,-0.6798850032574988,-0.24541961105103138,0.03,-0.8607911861583206,0,0,0,0
27182,91753,18.35,0,-0.7267113955950806,1,Logistic regression,-11.898244492878087,0.25427860423275644,-11.898244492878087,0.085,-0.3509568647360321,1,0,0,1
27182,140438,178.94,0,-1.0497720622266384,0,Logistic regression,-3.1389090383962115,-1.0579996834743597,-3.1389090383962115,0.1,-0.6438191405540645,0,0,0,0
27182,260628,64.4,0,-1.6098659785785494,0,Logistic regression,-2.4015360424075767,-0.9740513374649769,-2.4015360424075767,0.0,-0.6789012198594099,0,0,0,0
27182,245017,34.1,0,-0.9614799347098224,0,Logistic regression,-2.3027219739925586,-0.9257069103182662,-2.3027219739925586,0.0,-0.4458014544522467,0,0,0,0
27182,154676,2.28,1,-0.9368889078741164,0,Logistic regression,49.45664765289181,0.3866231547947805,49.45664765289181,0.465,-0.3509568188415328,1,1,0,1
27182,89140,2.69,0,-1.722867451387587,0,Logistic regression,-0.7411016614071708,-0.7270953063975423,-0.7411016614071708,0.005,-1.0288811700103462,0,0,0,0
27182,47716,198.73,0,-1.401100798525046,0,Logistic regression,-5.208029018667426,-1.135875000783582,-5.208029018667426,0.135,-0.5166725157342982,0,0,0,0
27182,260586,24.0,0,-1.541972528521792,0,Logistic regression,-4.545886563209508,-1.0688773982705746,-4.545886563209508,0.14,-0.5695276816097393,0,0,0,0
27182,206816,33.28,0,-1.5702939679959533,0,Logistic regression,-1.3089533498633072,-0.8088157573109893,-1.3089533498633072,0.115,-0.6378999193632218,0,0,0,0
27182,4490,118.56,0,-1.5472181865516048,0,Logistic regression,-4.119836335013631,-1.120537241976599,-4.119836335013631,0.0,-0.7633451056429215,0,0,0,0
27182,67820,249.0,0,-1.4665591311834283,0,Logistic regression,-4.137455379433822,-1.007044063721179,-4.137455379433822,0.0,-0.654569651667569,0,0,0,0
27182,42609,83.38,1,-0.3296028626582209,1,Logistic regression,76.2313016418514,0.9457951374944433,76.2313016418514,0.895,0.025479023685429425,1,1,1,1
27182,194371,48.32,0,-1.2809056376554735,0,Logistic regression,-0.3011376713114149,-0.47866401923265806,-0.3011376713114149,0.015,-0.722521067302617,0,0,0,0
27182,248296,0.0,1,-0.5165032204905183,1,Logistic regression,20.71913789243298,0.08636038579531266,20.71913789243298,0.315,-0.34362575854557037,1,0,0,1
27182,134946,64.65,0,-0.5114740215955729,1,Logistic regression,2.5427674968237968,-0.06773697272940071,2.5427674968237968,0.23,-0.5215475565585532,0,0,0,0
27182,218522,9.99,0,-0.47106822915451513,1,Logistic regression,-2.191946306324827,-0.8144175033788867,-2.191946306324827,0.0,-0.7416214700324891,0,0,0,0
27182,68067,519.9,1,-1.2354040823679675,0,Logistic regression,-6.01367741499538,-0.5314271550188123,-6.01367741499538,0.325,-0.46381010314414883,0,0,0,0
27182,226081,22.19,0,-0.9820833148920673,0,Logistic regression,-0.5888204654011189,-0.39353826218946536,-0.5888204654011189,0.015,-0.8193516154547899,0,0,0,0
27182,15537,25.82,0,-1.041751823522791,0,Logistic regression,-2.3775458810088232,-0.8644361733252279,-2.3775458810088232,0.01,-1.0988548815474686,0,0,0,0
27182,118603,709.0,0,-0.8634729982022614,0,Logistic regression,-1.4272863352179839,-0.06735467121280936,-1.4272863352179839,0.25,-0.3797038909040207,0,0,0,0
27182,108258,0.76,1,-1.0119167718698163,0,Logistic regression,-3.635168275943942,-0.8142949769768577,-3.635168275943942,0.015,-0.6127042258812663,0,0,0,0
27182,222898,14.0,0,-1.3076801287732658,0,Logistic regression,-3.65967636445158,-1.1041701480189263,-3.65967636445158,0.02,-0.5296743768326251,0,0,0,0
27182,175231,1.98,0,-1.684462963840471,0,Logistic regression,-0.811620557158508,-0.6228979648014141,-0.811620557158508,0.025,-0.869110149878386,0,0,0,0
27182,182156,28.37,0,-0.9919298526379017,0,Logistic regression,-0.8276000735900844,-0.1021202747345783,-0.8276000735900844,0.275,-0.30755514898059627,0,0,0,1
27182,88973,3.59,0,-0.7489260354303439,1,Logistic regression,-3.0862636044518696,-0.6181432358744254,-3.0862636044518696,0.005,-1.0040842382453932,0,0,0,0
27182,175412,1.51,0,-1.2790534606724733,0,Logistic regression,-2.323151948531454,-0.6884473482281817,-2.323151948531454,0.07,-0.4786915204252732,0,0,0,0
27182,60404,1.79,0,-1.6151135780674966,0,Logistic regression,-3.3585089285082357,-1.105551477803049,-3.3585089285082357,0.0,-0.9285534885257998,0,0,0,0
27182,79004,27.38,0,-0.49496324448470314,1,Logistic regression,-0.3234147436608217,-0.7940069616486991,-0.3234147436608217,0.005,-1.034661745393823,0,0,0,0
27182,144280,54.0,0,-0.6726508649444309,1,Logistic regression,-2.1719225591797526,-0.445292716332692,-2.1719225591797526,0.015,-0.6814045766450904,0,0,0,0
27182,59129,0.76,0,-0.9827218161265293,0,Logistic regression,-2.4642345628753644,-1.0093848998822441,-2.4642345628753644,0.04,-0.6194112407662143,0,0,0,0
27182,145238,9.99,0,-1.2694508845248667,0,Logistic regression,-2.3611448745540766,-0.6299797756784331,-2.3611448745540766,0.0,-0.5871747663501086,0,0,0,0
27182,70617,168.0,0,-1.3780476587143629,0,Logistic regression,-2.922240747432219,-0.9463383084871166,-2.922240747432219,0.04,-0.8375053557703322,0,0,0,0
27182,155817,1.98,0,-1.4127084618070376,0,Logistic regression,-0.39533721467779315,-0.2229122204232556,-0.39533721467779315,0.025,-0.3725057208744581,0,0,0,0
27182,58688,12.36,0,-1.4927554987733245,0,Logistic regression,-1.3488704290588815,-0.8756416652576384,-1.3488704290588815,0.0,-1.121675813170995,0,0,0,0
27182,93480,202.74,0,-1.3626296384833778,0,Logistic regression,1.2548571540798032,0.03777452758140887,1.2548571540798032,0.41,-0.4928834419285184,1,0,0,0
27182,191359,4.87,1,-0.6426791826557441,1,Logistic regression,17.049693832504545,-0.07420349975348206,17.049693832504545,0.33,-0.316309444839677,0,0,0,1
27182,204500,25.17,0,-1.12005922519619,0,Logistic regression,-2.0845634994471247,-0.7646126443551178,-2.0845634994471247,0.055,-0.15982252209570502,0,0,0,1
27182,214662,120.54,1,-0.988682629711928,0,Logistic regression,27.42299646697215,0.14570781113099726,27.42299646697215,0.415,-0.3509079084514569,1,0,0,1
27182,16016,11.53,0,-1.6747701524157526,0,Logistic regression,-2.7194095686090947,-1.1095886947598883,-2.7194095686090947,0.0,-0.9869970787850015,0,0,0,0
27182,147322,155.02,0,-1.3532058653932322,0,Logistic regression,-2.5522441114872847,-0.9994714670861309,-2.5522441114872847,0.025,-0.5634614912922067,0,0,0,0
27182,241445,10.7,1,-0.5742116226430534,1,Logistic regression,26.301071707018764,0.07995832121419832,26.301071707018764,0.385,-0.3507871556292151,1,0,0,1
27182,215058,1.0,0,-0.6850024425201489,1,Logistic regression,-2.591599561431168,-0.8798092903655712,-2.591599561431168,0.02,-0.8980722181886565,0,0,0,0
27182,16780,99.99,1,-0.6700986620178303,1,Logistic regression,74.67469516668329,0.7651447868223133,74.67469516668329,0.72,0.13918725549297484,1,1,1,1
27182,117987,0.89,0,-1.2037662936895057,0,Logistic regression,-3.2122779454709773,-0.947252812810442,-3.2122779454709773,0.0,-1.18448081408552,0,0,0,0
27182,276071,19.95,1,-1.454440149307998,0,Logistic regression,-2.0520113890452714,-1.0221478327544826,-2.0520113890452714,0.04,-0.6918553455016175,0,0,0,0
27182,106829,10.0,0,-1.2332928069153646,0,Logistic regression,-0.053238942900494246,-0.6201084722546077,-0.053238942900494246,0.07,-0.6184616163660814,0,0,0,0
27182,73355,12.9,0,-1.6780578296326327,0,Logistic regression,-0.039981822244244514,-0.6592303911295865,-0.039981822244244514,0.045,-1.0523939653508023,0,0,0,0
27182,171527,188.5,0,-1.4864169706931158,0,Logistic regression,-2.8750942218374265,-0.7777022882060289,-2.8750942218374265,0.005,-0.6580681766109111,0,0,0,0
27182,274784,120.34,0,-1.0363583305841346,0,Logistic regression,-1.6664224408456618,-0.694363807153155,-1.6664224408456618,0.0,-0.8485431732586863,0,0,0,0
27182,244114,7.86,0,-0.9344274362790931,0,Logistic regression,-3.8778784649840183,-1.0595583161727118,-3.8778784649840183,0.0,-0.6098280710981903,0,0,0,0
27182,189654,5.97,0,-1.6359138688590027,0,Logistic regression,-4.369698051123314,-1.1878612506924655,-4.369698051123314,0.0,-0.7264485834461923,0,0,0,0
27182,42007,0.76,1,-0.9223068713957324,0,Logistic regression,35.909249246609605,0.2713139462197151,35.909249246609605,0.36,-0.3509573085890642,1,1,0,1
27182,259075,230.0,0,-1.3751806808067286,0,Logistic regression,-7.455857978523787,-1.1978247634844958,-7.455857978523787,0.0,-0.9463987926472697,0,0,0,0
27182,42936,59.68,1,-0.8733874996067871,0,Logistic regression,77.32548365026402,0.9737230036136457,77.32548365026402,0.955,-0.2345908091644464,1,1,1,1
27182,254837,22.45,0,-1.1441531466577386,0,Logistic regression,-2.042982639197408,-0.95789959614402,-2.042982639197408,0.045,-0.9104662124482272,0,0,0,0
27182,167262,15.33,0,-0.961326483249286,0,Logistic regression,0.13785823570467026,-0.6435541973936549,0.13785823570467026,0.0,-0.6385256654246264,0,0,0,0
27182,241946,10.0,0,-1.0984320358089312,0,Logistic regression,-1.5251011355158868,-0.8400590269728774,-1.5251011355158868,0.01,-0.690338733557271,0,0,0,0
27182,72808,22.64,0,-1.3367549998775186,0,Logistic regression,-7.061799279431802,-1.230522851116973,-7.061799279431802,0.0,-0.7748828713970877,0,0,0,0
27182,34780,71.63,0,-1.2272909608116718,0,Logistic regression,-11.7678620464398,-0.7262183637007915,-11.7678620464398,0.0,-0.6228239345135987,0,0,0,0
27182,128585,29.56,0,-1.6857989369922364,0,Logistic regression,-2.5290989218581093,-1.109494664460515,-2.5290989218581093,0.0,-0.7439391551159444,0,0,0,0
27182,99204,11.5,0,-1.6436420747268183,0,Logistic regression,-3.9627219771933078,-1.0325398501571135,-3.9627219771933078,0.0,-1.0284696421768285,0,0,0,0
27182,8544,5.21,0,-1.4725400495494645,0,Logistic regression,-3.685619302726651,-0.7168435848132844,-3.685619302726651,0.0,-0.5158117730995477,0,0,0,0
27182,123646,15.73,0,-1.342809278979244,0,Logistic regression,-3.564706897642256,-1.245023328419795,-3.564706897642256,0.0,-1.2158263245148464,0,0,0,0
27182,220416,240.94,0,-1.7791605277652185,0,Logistic regression,-3.1607454554581667,-1.099761020810717,-3.1607454554581667,0.0,-0.5752540825759938,0,0,0,0
27182,1799,34.32,0,-0.16633689735722357,1,Logistic regression,-0.36881301328318683,-0.7753749009918662,-0.36881301328318683,0.065,-1.0999164287434746,0,0,0,0
27182,264924,3.86,0,-1.6397619009808952,0,Logistic regression,-4.764786820764836,-1.0444701521920672,-4.764786820764836,0.0,-0.5785410223802507,0,0,0,0
27182,181899,92.0,0,-1.1678997217496143,0,Logistic regression,-4.2155771494932734,-0.7756084613508527,-4.2155771494932734,0.12,-0.44538620371593524,0,0,0,0
27182,169600,4.49,0,-1.01143065053492,0,Logistic regression,-2.934871770418411,-0.8499569554649342,-2.934871770418411,0.04,-0.7163979979832114,0,0,0,0
27182,63421,99.99,1,-0.7838870132424036,1,Logistic regression,41.0082260396892,0.30531094359506133,41.0082260396892,0.575,-0.35095626432251636,1,1,1,1
27182,281302,741.66,0,-0.9901251655714004,0,Logistic regression,-1.6249929923459898,-0.20646914006846723,-1.6249929923459898,0.06,-0.4692087291396566,0,0,0,0
27182,81111,356.52,0,-1.1261943594109294,0,Logistic regression,-0.6308919018152839,-0.4638484962195419,-0.6308919018152839,0.05,-0.5547349034798905,0,0,0,0
27182,154718,0.0,1,-0.8452149796924613,1,Logistic regression,47.02082858932282,0.482826695741308,47.02082858932282,0.755,-0.35095506575145813,1,1,1,1
27182,157820,1.51,0,-1.1685249316259818,0,Logistic regression,1.3183041130640583,0.12829708045254073,1.3183041130640583,0.1,-0.04848580175178008,1,0,0,1
27182,118390,32.55,0,-1.5737768033764872,0,Logistic regression,0.07479629484357608,-0.5679066068964675,0.07479629484357608,0.02,-0.8345974621065486,0,0,0,0
27182,263599,274.2,0,-0.8375323661030475,1,Logistic regression,-5.505330877824018,-1.0420916873268058,-5.505330877824018,0.005,-0.8485823603930771,0,0,0,0
27182,83053,6.27,1,-1.1826821996445722,0,Logistic regression,16.555925528406984,-0.1628580819402795,16.555925528406984,0.425,-0.3468931027214974,0,0,0,1
27182,100902,47.42,0,-1.138735591851738,0,Logistic regression,-0.462048844986066,-0.7451519892503358,-0.462048844986066,0.0,-0.6031880302733214,0,0,0,0
27182,251866,3.9,1,-0.7835311523406056,1,Logistic regression,29.52992326698992,0.21178893954958022,29.52992326698992,0.41,-0.35073917653192105,1,0,0,1
27182,244346,1575.5,0,-1.1128211376924475,0,Logistic regression,-1.11270966853171,0.2278597440564663,-1.11270966853171,0.095,-0.35203500400651716,1,0,0,1
27182,225589,46.48,0,-1.946603021651153,0,Logistic regression,0.3979816787528525,-0.34468842125574445,0.3979816787528525,0.02,-0.41349957825303285,0,0,0,0
27182,168204,89.8,0,-1.5590496752462117,0,Logistic regression,-1.5019522821045814,-0.7729360102194809,-1.5019522821045814,0.135,-0.747297146228994,0,0,0,0
27182,48094,24.9,1,-1.099170067504506,0,Logistic regression,18.88413615331198,-0.06268531914586872,18.88413615331198,0.365,-0.3613691712002815,0,0,0,1
27182,43895,53.9,0,-1.4038473495945978,0,Logistic regression,-3.9323540102393135,-0.948118993017,-3.9323540102393135,0.0,-0.8197957379251313,0,0,0,0
27182,246798,3.75,0,-1.1382284919871397,0,Logistic regression,-6.434133578614369,-1.255853824987358,-6.434133578614369,0.0,-0.7584131147904373,0,0,0,0
27182,221520,35.0,0,-0.14845752269805823,1,Logistic regression,3.622544828276265,0.1337052388396455,3.622544828276265,0.08,-0.48770126877057746,1,0,0,0
27182,59980,12.91,0,-1.0603441621622098,0,Logistic regression,-5.967086946706696,-1.1561854248500336,-5.967086946706696,0.0,-0.7610918644031534,0,0,0,0
