seed,row_id,amount,actual,quantum_score,quantum_prediction,best_classical_name,best_classical_score,score_RBF-SVM,score_Logistic regression,score_Random forest,score_Classical (all features),prediction_RBF-SVM,prediction_Logistic regression,prediction_Random forest,prediction_Classical (all features)
42,140823,101.98,0,-1.0374505852693003,0,Logistic regression,-2.3578333599968575,-1.2473394443159738,-2.3578333599968575,0.015,-0.440105102731134,0,0,0,0
42,234829,100.5,0,-0.8733975464960104,0,Logistic regression,-1.2756244246928814,-1.0772879872146957,-1.2756244246928814,0.01,-0.5151929301806497,0,0,0,0
42,154694,346.94,1,0.5008837059131035,1,Logistic regression,8.895141053052523,1.8322199736773355,8.895141053052523,0.91,0.4576076442601216,1,1,1,1
42,252253,5.43,0,-0.5570445385750413,0,Logistic regression,-1.801189267627386,-0.7754675456928006,-1.801189267627386,0.23,-0.6284083473742617,0,0,0,0
42,46902,8.99,0,-1.129710885957753,0,Logistic regression,-1.6239513393309553,-0.9759013434765028,-1.6239513393309553,0.035,-0.8043143893072362,0,0,0,0
42,228904,1016.04,0,-0.6361285688541891,0,Logistic regression,-0.8575922596477864,-0.976031891448093,-0.8575922596477864,0.2,0.438403539959465,0,0,0,1
42,265708,11.5,0,-1.0102303793537268,0,Logistic regression,-2.2221152421202595,-1.3325889545314402,-2.2221152421202595,0.02,0.4526580463538992,0,0,0,1
42,151011,1.0,1,0.19207706357805587,1,Logistic regression,14.055758297778425,0.09325088701179594,14.055758297778425,0.85,0.4533949401021897,1,1,1,1
42,241143,1000.0,0,0.0051266701753122645,1,Logistic regression,-0.9167425533926029,-0.21330674257206816,-0.9167425533926029,0.08,0.4533660898947405,0,0,0,1
42,84459,3.58,0,-1.28663649060401,0,Logistic regression,-1.5668330731780735,-1.0347796712968542,-1.5668330731780735,0.0,-1.0604679036558915,0,0,0,0
42,67434,9.49,0,0.3059415771982871,1,Logistic regression,0.5765728512191539,-0.06542143630884703,0.5765728512191539,0.355,0.45339493979964307,0,0,0,1
42,165368,4.52,0,-0.5959118437314962,0,Logistic regression,-0.8812849047722724,-0.9020546914965415,-0.8812849047722724,0.05,-0.3308506384061699,0,0,0,0
42,34719,69.44,0,-0.6828337356643472,0,Logistic regression,-1.5175976131576376,-1.0131974897919747,-1.5175976131576376,0.08,-0.49259443063607333,0,0,0,0
42,154633,22.04,1,0.888194110303252,1,Logistic regression,3.3293500764873496,1.3867228795694464,3.3293500764873496,0.945,0.6871701628220118,1,1,1,1
42,264050,11.5,0,-0.0017158677274957401,1,Logistic regression,-1.3190138726250709,-0.7505592320409662,-1.3190138726250709,0.19,-0.02675250963395387,0,0,0,0
42,204503,84.28,1,0.32954950222349916,1,Logistic regression,4.251266688195794,1.746610612546809,4.251266688195794,0.885,0.6420494261452665,1,1,1,1
42,243547,57.73,1,-0.06475184504633355,0,Logistic regression,3.6739007462927056,1.0060523677567172,3.6739007462927056,0.815,0.534000597553984,1,1,1,1
42,118583,179.9,0,-0.067330071768638,0,Logistic regression,0.6505680529755031,-1.0337599951927603,0.6505680529755031,0.305,0.10204879926729427,0,0,0,0
42,185658,45.0,0,-0.9300493054742496,0,Logistic regression,-0.979628094450146,-0.9595191515051846,-0.979628094450146,0.02,0.10781551748982576,0,0,0,0
42,151006,1.0,1,0.205017474489964,1,Logistic regression,14.543491146584113,-0.04334529318049934,14.543491146584113,0.8,0.45339494009866144,0,1,1,1
42,277006,394.68,0,-0.6709413237319087,0,Logistic regression,-1.5229021310221524,-1.0115454713567533,-1.5229021310221524,0.125,-0.26027900388093594,0,0,0,0
42,237381,21.98,0,-0.3799374477971317,0,Logistic regression,-2.039876406608868,-1.016490592763321,-2.039876406608868,0.165,-0.4514162302442196,0,0,0,0
42,229712,1.18,1,0.5302549640174077,1,Logistic regression,4.355233142819328,1.3605797384629315,4.355233142819328,0.935,0.578424522151319,1,1,1,1
42,101942,32.65,0,-0.0969809842956734,0,Logistic regression,-0.023943687236377187,-1.0220459787888534,-0.023943687236377187,0.08,-0.08593737251220968,0,0,0,0
42,263413,13.0,0,-0.6455987031129284,0,Logistic regression,-1.097883261936531,-0.9165119464025209,-1.097883261936531,0.08,-0.6527651874897074,0,0,0,0
42,230076,0.77,1,0.6240830626802515,1,Logistic regression,4.0821531054659355,1.8176225991536512,4.0821531054659355,0.955,0.4706546372294386,1,1,1,1
42,118741,87.52,0,-1.0233781854600352,0,Logistic regression,-1.5103360725645076,-0.9529992603973654,-1.5103360725645076,0.13,-0.4228813811086537,0,0,0,0
42,189701,93.35,1,0.17860881234822482,1,Logistic regression,3.6118707769389653,1.4171930850701,3.6118707769389653,0.82,0.4593047079942661,1,1,1,1
42,225745,41.91,0,-0.08434786468159389,0,Logistic regression,-0.9017549293473255,-1.1818319463180116,-0.9017549293473255,0.14,0.13617823473985308,0,0,0,0
42,80074,27.85,0,-1.1042624398236736,0,Logistic regression,-1.9362453328477738,-1.2521865201117937,-1.9362453328477738,0.075,-0.701299767036268,0,0,0,0
42,77682,1.0,1,0.2531407122219148,1,Logistic regression,8.305277173240345,0.793267720736077,8.305277173240345,0.79,0.45349114558903625,1,1,1,1
42,118997,110.4,0,-0.7751984369044054,0,Logistic regression,-1.2862278830660803,-1.038474056702121,-1.2862278830660803,0.205,-0.5691238836033501,0,0,0,0
42,142116,541.1,0,-0.6414193780119055,0,Logistic regression,-1.011370872431379,-0.9426967759720625,-1.011370872431379,0.19,0.14228016286104722,0,0,0,0
42,183037,20.0,0,-0.9441156330819247,0,Logistic regression,-2.497891338996051,-1.2283355297246836,-2.497891338996051,0.09,0.22669822904782014,0,0,0,0
42,212553,34.19,0,-0.8045862610749324,0,Logistic regression,-0.6716283675628522,-0.8509442755816493,-0.6716283675628522,0.02,-0.5925891357430386,0,0,0,0
42,253768,0.76,0,-0.5821613777667295,0,Logistic regression,-1.0401223196007188,-0.5910382070123996,-1.0401223196007188,0.315,0.07196201895974697,0,0,0,0
42,251866,3.9,1,0.39273767103302437,1,Logistic regression,4.49931571615066,1.5259392340603777,4.49931571615066,0.915,0.667044950656885,1,1,1,1
42,180692,371.76,0,0.1790914411459908,1,Logistic regression,-1.1762166108404348,-0.6264108702898388,-1.1762166108404348,0.125,0.3569405072301647,0,0,0,1
42,75670,13.47,0,-0.735252742961158,0,Logistic regression,-0.935212153943863,-0.8554306861177072,-0.935212153943863,0.07,-1.0048767885416614,0,0,0,0
42,28271,111.97,0,-0.8642503992781336,0,Logistic regression,-1.2606391503584224,-1.1473866115515066,-1.2606391503584224,0.055,-0.2642460222139398,0,0,0,0
42,26978,5.75,0,-0.156420404667468,0,Logistic regression,-2.419628524622996,-1.1918146988703269,-2.419628524622996,0.015,0.43536113999425285,0,0,0,1
42,9179,1.0,1,0.40556806469903567,1,Logistic regression,13.000391566262763,0.695602875084789,13.000391566262763,0.775,0.45421252556454883,1,1,1,1
42,106448,41.9,0,-0.6278044471213569,0,Logistic regression,-0.4338112453399341,-1.0244482459260227,-0.4338112453399341,0.075,0.36961785308169165,0,0,0,1
42,201935,89.51,0,-0.7657661366377557,0,Logistic regression,-0.9274549632550758,-1.0061976555294074,-0.9274549632550758,0.055,-0.08582659922327673,0,0,0,0
42,217385,8.99,0,-1.1859080229229026,0,Logistic regression,-2.1808925141412265,-1.134621012021777,-2.1808925141412265,0.04,-0.9881778588062891,0,0,0,0
42,169991,45.0,0,-0.6393435094096772,0,Logistic regression,-1.5363488747982361,-0.9899691737647218,-1.5363488747982361,0.09,-0.8670345774011845,0,0,0,0
42,210216,0.0,0,-0.735512506790434,0,Logistic regression,-0.9381218993057594,-1.0325964956834324,-0.9381218993057594,0.0,0.20042529894479189,0,0,0,0
42,142541,40.99,0,-0.8420181116792844,0,Logistic regression,-2.401168252588988,-1.1939150059448622,-2.401168252588988,0.0,-0.6696937691350953,0,0,0,0
42,265632,241.81,0,-0.7589468652259994,0,Logistic regression,-2.217770550883957,-0.886102709872379,-2.217770550883957,0.13,0.2678803197537266,0,0,0,0
42,9099,29.7,0,-1.296351421062519,0,Logistic regression,-1.95593135534526,-1.2542418582354897,-1.95593135534526,0.005,-0.07846930317338419,0,0,0,0
42,149874,600.73,1,0.47580188045357064,1,Logistic regression,3.2215092958810576,1.682711842077733,3.2215092958810576,0.905,0.46824098057516206,1,1,1,1
42,153911,7.6,0,-0.6091135399653262,0,Logistic regression,-2.0212179067149987,-1.1917798226746266,-2.0212179067149987,0.055,0.12840653426894777,0,0,0,0
42,226814,667.55,1,0.22291860039382616,1,Logistic regression,6.4303164207027965,1.3592882736213727,6.4303164207027965,0.905,0.46722543562966173,1,1,1,1
42,178492,13.49,0,-1.2135993190015728,0,Logistic regression,-2.1418557990622533,-1.3318054748490362,-2.1418557990622533,0.005,-0.8950785345189474,0,0,0,0
42,214507,9.99,0,-1.244003428502622,0,Logistic regression,-1.5001825543563556,-1.1342559694810606,-1.5001825543563556,0.045,-0.9265628158876189,0,0,0,0
42,228442,13.33,0,-1.1914636747505922,0,Logistic regression,-2.044135979134861,-1.2257321337784781,-2.044135979134861,0.02,-0.44353564644704824,0,0,0,0
42,53604,4.25,0,-0.12201999552826767,0,Logistic regression,-2.7597184878475542,-0.9316490944306777,-2.7597184878475542,0.37,0.4365814282700559,0,0,0,1
42,91295,42.81,0,-1.0193555326300308,0,Logistic regression,-1.4089843643152804,-1.0166422430981927,-1.4089843643152804,0.025,-0.9465046938686521,0,0,0,0
42,14058,1.29,0,-0.8715139064476056,0,Logistic regression,-1.8478440832732823,-1.043622146635917,-1.8478440832732823,0.06,-0.2532526457252626,0,0,0,0
42,88897,1.1,1,0.42420403415016006,1,Logistic regression,6.136362537461696,1.635780842779855,6.136362537461696,0.875,0.4728783214700444,1,1,1,1
42,86029,10.0,0,-1.3108480472831527,0,Logistic regression,-0.9430135017923145,-0.8991495223274881,-0.9430135017923145,0.025,-0.7302281070304144,0,0,0,0
42,116782,8.36,0,-1.3039054247663995,0,Logistic regression,-1.2014535016866645,-1.0757603455157174,-1.2014535016866645,0.045,-0.7470551475796854,0,0,0,0
42,103522,9.99,0,-1.320560687564638,0,Logistic regression,-1.8801322888311458,-1.149576205586482,-1.8801322888311458,0.02,-0.6942458522458821,0,0,0,0
42,263877,0.38,1,0.21594708342239594,1,Logistic regression,5.593686113652828,1.7427171653284368,5.593686113652828,0.85,0.5533806454302761,1,1,1,1
42,204685,18.14,0,0.14030621831736173,1,Logistic regression,-0.9284252169194752,-0.48032075688421244,-0.9284252169194752,0.205,0.3740195359527875,0,0,0,1
42,192584,362.55,1,0.088233745181551,1,Logistic regression,5.031130221246387,1.3889987802989299,5.031130221246387,0.87,0.4949918972976549,1,1,1,1
42,196375,1.0,0,-1.0878251153393894,0,Logistic regression,-1.1581953027661156,-1.0123638453503396,-1.1581953027661156,0.03,-0.6523411371767986,0,0,0,0
42,72887,145.0,0,-0.0633586503526718,0,Logistic regression,-0.2578488915638735,-0.5621674532929127,-0.2578488915638735,0.415,0.2940093446571527,0,0,0,0
42,215953,0.77,1,-0.33305495348861913,0,Logistic regression,0.09676417329160225,-0.20771306587087318,0.09676417329160225,0.425,0.45775516218869694,0,0,0,1
42,155641,136.5,0,-1.065394609745051,0,Logistic regression,-2.9271890475349363,-1.3431501738603386,-2.9271890475349363,0.0,0.3908289341475493,0,0,0,1
42,151730,18.96,1,0.16149240630413642,1,Logistic regression,1.4394783780230922,0.28806628932262707,1.4394783780230922,0.815,0.4554033505862881,1,1,1,1
42,238434,20.0,0,-0.4325980689207788,0,Logistic regression,-1.4551251256597115,-0.8472177280868927,-1.4551251256597115,0.22,-0.49141727315013706,0,0,0,0
42,78530,302.74,0,-0.2198558762292803,0,Logistic regression,-1.259054482251564,-0.9443340363135477,-1.259054482251564,0.435,-0.38851977429979356,0,0,0,0
42,138473,84.92,0,-0.6340092065444477,0,Logistic regression,-1.952849643692956,-0.992585196258722,-1.952849643692956,0.04,-0.9991857678648921,0,0,0,0
42,272703,158.0,0,-1.1476606437084838,0,Logistic regression,-1.9351403719552107,-1.2692130010205598,-1.9351403719552107,0.055,-0.27052169779338153,0,0,0,0
42,6142,2.31,0,-1.02131438273937,0,Logistic regression,-2.0166806678835427,-1.0286145920347518,-2.0166806678835427,0.025,-0.21672062394653846,0,0,0,0
42,168171,362.65,0,-0.7080693245077738,0,Logistic regression,-1.034037398783044,-1.070268608480365,-1.034037398783044,0.08,0.22901067240222178,0,0,0,0
42,42227,12.31,0,-0.9302977770624903,0,Logistic regression,-1.3813100407783694,-0.9789458332014329,-1.3813100407783694,0.06,-0.7197714257113781,0,0,0,0
42,243848,1.0,1,0.2339955924406638,1,Logistic regression,5.35742244645354,1.0271587005450824,5.35742244645354,0.89,0.454561429092129,1,1,1,1
42,5546,2.45,0,-1.2923535844966938,0,Logistic regression,-1.5784646038593158,-1.0404565537724721,-1.5784646038593158,0.01,-0.4714523005138561,0,0,0,0
42,122944,1.79,0,-0.05695869075883861,0,Logistic regression,-1.5434009030961193,-0.7990947342055397,-1.5434009030961193,0.2,0.45339490626005025,0,0,0,1
42,161550,69.99,0,-0.6153557352040661,0,Logistic regression,-2.054580874063305,-0.9597528259966686,-2.054580874063305,0.175,-0.44564492925760013,0,0,0,0
42,10891,188.78,1,0.24998876061636022,1,Logistic regression,15.372430488009535,0.20876027276972947,15.372430488009535,0.88,0.4533949427247671,1,1,1,1
42,107637,824.83,1,0.20843907343865908,1,Logistic regression,1.9208634736896637,0.6823627232861524,1.9208634736896637,0.885,0.4821320096775836,1,1,1,1
42,222025,25.9,0,-1.220699049082478,0,Logistic regression,-1.450395401637595,-1.1106316544382704,-1.450395401637595,0.02,-0.4384403279910133,0,0,0,0
42,193884,104.0,0,-0.959918106928191,0,Logistic regression,-1.8269534552325752,-0.9939803024982758,-1.8269534552325752,0.03,-0.910313703882355,0,0,0,0
42,91388,2.69,0,-0.9507665123450337,0,Logistic regression,-2.6633896026557617,-1.220237843396509,-2.6633896026557617,0.01,-0.8560290569210964,0,0,0,0
42,269730,1.0,0,-0.8042516414061939,0,Logistic regression,-0.8768344094987539,-0.8745015427271245,-0.8768344094987539,0.015,-0.34426600998214574,0,0,0,0
42,188713,3.59,0,-0.5026975809006472,0,Logistic regression,-2.765917165592173,-1.1593443606537057,-2.765917165592173,0.05,0.30879334488646043,0,0,0,1
42,205944,354.0,0,-0.3238208951889906,0,Logistic regression,-1.418629032243163,-0.8074172362663061,-1.418629032243163,0.185,-0.0946995849205613,0,0,0,0
42,35267,10.62,0,-0.9526468484144834,0,Logistic regression,-1.222115682855258,-0.9832859059998463,-1.222115682855258,0.035,-0.13542675579960062,0,0,0,0
42,238466,17.39,1,-0.630170381155255,0,Logistic regression,-1.19936463865599,-0.9502232953330926,-1.19936463865599,0.145,0.2205655564457187,0,0,0,0
42,276601,29.9,0,-1.1963593443345073,0,Logistic regression,-1.7335470269925075,-1.217376614298564,-1.7335470269925075,0.005,-0.820654022398049,0,0,0,0
42,254344,187.11,1,-0.9949558798810048,0,Logistic regression,-2.3957352948057418,-1.27003569388335,-2.3957352948057418,0.015,-0.48876436331444606,0,0,0,0
42,192925,4.26,0,-1.1195169058518246,0,Logistic regression,-1.9827008900151384,-1.3124833904409035,-1.9827008900151384,0.005,0.10509737773355055,0,0,0,0
42,146589,9.08,0,-1.1285555350254204,0,Logistic regression,-1.9403582642836539,-1.23589009020315,-1.9403582642836539,0.035,0.0603532094873831,0,0,0,0
42,144146,0.99,0,-0.9332699242132063,0,Logistic regression,-1.2842524335825238,-0.7893862428892795,-1.2842524335825238,0.22,0.22420874419035558,0,0,0,0
42,273580,5.99,0,0.16809588216779792,1,Logistic regression,-1.5285079901150755,-0.48975025640582265,-1.5285079901150755,0.295,-0.18299563209330638,0,0,0,0
42,270224,1.98,0,-1.1669557085190247,0,Logistic regression,-2.37913957615905,-1.356180836321782,-2.37913957615905,0.02,-0.9108305099534795,0,0,0,0
42,87078,2.28,0,-0.09362484596228218,0,Logistic regression,0.413060876986185,0.042207068195560624,0.413060876986185,0.465,0.45333853251384676,1,0,0,1
42,123529,44.9,0,-1.100561821692424,0,Logistic regression,-2.1587094223014596,-1.2087815649663662,-2.1587094223014596,0.01,-0.8205778639318857,0,0,0,0
42,50342,29.7,0,-0.7909696970657937,0,Logistic regression,-0.4193637226150755,-1.0272452525653855,-0.4193637226150755,0.06,-0.555665021967765,0,0,0,0
42,82028,137.28,0,-0.9131355219932102,0,Logistic regression,-1.3693457110715632,-0.9538792121424049,-1.3693457110715632,0.06,-0.5361921407077125,0,0,0,0
42,154371,2.28,1,0.21071689292085521,1,Logistic regression,9.561177139678815,-0.043345846667204216,9.561177139678815,0.775,0.45339494009866144,0,1,1,1
42,222703,72.0,0,-1.1184967172613376,0,Logistic regression,-1.1308150490298718,-1.0324611617851898,-1.1308150490298718,0.025,-0.7583648343268325,0,0,0,0
42,123853,25.0,0,-0.43579527521588657,0,Logistic regression,-1.8391409687771731,-0.8609041116292155,-1.8391409687771731,0.13,-0.12640175769231965,0,0,0,0
42,127185,1.0,0,-0.9423066036639853,0,Logistic regression,-0.7548645522354013,-0.8417147108624281,-0.7548645522354013,0.02,-0.8900891866190861,0,0,0,0
42,262935,1.0,0,-0.8115080385637902,0,Logistic regression,-0.9536852287339889,-1.0001102169622875,-0.9536852287339889,0.0,-0.3391780493741956,0,0,0,0
42,77099,5.0,1,0.5289680945595966,1,Logistic regression,4.616783592154705,1.6291439855465535,4.616783592154705,0.94,0.6074044351072893,1,1,1,1
42,58761,1.0,1,-0.465511292759319,0,Logistic regression,-0.8240119733086572,-0.8642191285833055,-0.8240119733086572,0.105,-0.3305162358742769,0,0,0,0
42,30703,12.31,0,-0.7429399592014556,0,Logistic regression,-1.3834612011198153,-1.0424470654710902,-1.3834612011198153,0.1,-0.44591501307303427,0,0,0,0
42,149185,4.78,0,-0.47399474720771284,0,Logistic regression,-3.0852192881211655,-0.9064301494329575,-3.0852192881211655,0.16,0.4439332039736167,0,0,0,1
42,133087,1.0,0,-0.9101098009804673,0,Logistic regression,-0.6085682672590809,-0.858685606580949,-0.6085682672590809,0.015,-0.8387115573139352,0,0,0,0
42,115125,9.99,0,-0.6954284419391596,0,Logistic regression,-2.393828037131643,-1.2520097894067512,-2.393828037131643,0.13,0.14181726984466192,0,0,0,0
42,200287,27.9,0,-0.6138678156961692,0,Logistic regression,-1.9108520685829014,-1.2011654420665834,-1.9108520685829014,0.02,-0.6203245585932318,0,0,0,0
42,53794,1.0,1,0.5513195325592146,1,Logistic regression,2.7178006481751584,1.264516549987959,2.7178006481751584,0.935,0.8354586988329511,1,1,1,1
42,282398,1.59,0,-0.6914540507155352,0,Logistic regression,-1.2066647385364948,-1.0725427366631048,-1.2066647385364948,0.02,-0.07061644722145821,0,0,0,0
42,254276,29.78,0,-0.6026694146425718,0,Logistic regression,-0.9950860874466636,-0.9427024377724023,-0.9950860874466636,0.03,-0.3547512797528133,0,0,0,0
42,174943,61.0,0,-0.7946190698250293,0,Logistic regression,-0.42516363491786757,-1.0260481397350087,-0.42516363491786757,0.135,-0.061601716899446046,0,0,0,0
42,273100,25.0,0,-1.099891229331095,0,Logistic regression,-1.9149557730942142,-1.2789031536209405,-1.9149557730942142,0.02,-0.6614297767808122,0,0,0,0
42,65005,16.0,0,-1.2562586706023169,0,Logistic regression,-1.8974433755510525,-1.2257925221370287,-1.8974433755510525,0.055,-0.916392523486339,0,0,0,0
42,39937,67.49,0,-0.5034458388027232,0,Logistic regression,-0.603785338876476,-0.854608451590321,-0.603785338876476,0.095,-0.20923130807934287,0,0,0,0
42,3961,9.99,0,-1.100720322570966,0,Logistic regression,-1.1802569663359672,-1.042641614858156,-1.1802569663359672,0.03,-1.0783592657618457,0,0,0,0
42,81596,202.39,0,-1.1332030982274364,0,Logistic regression,-1.4410324134063286,-1.0601515156724364,-1.4410324134063286,0.0,-0.19964778254915028,0,0,0,0
42,98727,5.0,0,-0.8827924947705561,0,Logistic regression,-1.5506440980321594,-1.1064572471723286,-1.5506440980321594,0.11,-0.09071501669719095,0,0,0,0
42,253862,49.99,0,-0.11356392672105767,0,Logistic regression,-0.47605081687387973,-0.4219871054510583,-0.47605081687387973,0.135,0.26825033968239786,0,0,0,0
42,177006,34.15,0,-1.1011836742398518,0,Logistic regression,-1.793361685005088,-1.209614611146057,-1.793361685005088,0.025,-0.2900797047645972,0,0,0,0
42,251891,7.06,1,-0.6066566172632087,0,Logistic regression,-0.3108684033295963,-0.6733989277109367,-0.3108684033295963,0.18,0.37332022483258404,0,0,0,1
42,81128,100.6,0,-0.730989244848296,0,Logistic regression,-0.9997919865264598,-0.9391923728145928,-0.9997919865264598,0.145,-1.049990804391486,0,0,0,0
42,69498,8.0,1,0.9799410088198418,1,Logistic regression,2.812719850260194,1.159243503129775,2.812719850260194,0.955,0.7942403881376159,1,1,1,1
42,192830,1.29,0,-0.9646590071904364,0,Logistic regression,-2.9313230264217847,-1.2566390472242264,-2.9313230264217847,0.045,-0.31311186008104563,0,0,0,0
42,6286,39.01,0,-0.05461999428222031,1,Logistic regression,-2.862642392620211,-0.8374331118896808,-2.862642392620211,0.27,0.42735579986244143,0,0,0,1
42,152295,9.82,1,0.19208273432103184,1,Logistic regression,14.007746935867857,-0.0139411796031862,14.007746935867857,0.87,0.4533949400986615,1,1,1,1
42,283178,1.29,0,-1.133724843783158,0,Logistic regression,-2.4928686522661243,-1.3506356181326498,-2.4928686522661243,0.0,-0.7421719296494189,0,0,0,0
42,241787,245.9,0,-0.35802173271770854,0,Logistic regression,-1.1646242720660251,-1.114190770165616,-1.1646242720660251,0.1,0.3825957705833397,0,0,0,1
42,36326,10.62,0,-1.1017190050086287,0,Logistic regression,-1.373332855406266,-1.0485107574118464,-1.373332855406266,0.005,-0.5313763799962512,0,0,0,0
42,125552,14.95,0,-0.6196498072594692,0,Logistic regression,-2.183116910883216,-1.0227105333120057,-2.183116910883216,0.125,-0.3409864114775162,0,0,0,0
42,55535,8.48,0,-0.9707160278457092,0,Logistic regression,-1.936031474389113,-1.1903696786700135,-1.936031474389113,0.0,-0.37783777348134673,0,0,0,0
42,106581,1.0,0,-0.6727346154396929,0,Logistic regression,-2.6864967232132813,-1.16045005412071,-2.6864967232132813,0.02,0.24068796843414536,0,0,0,0
42,90295,4.0,0,-0.8584140304401724,0,Logistic regression,-2.240297359136412,-1.3160375769692478,-2.240297359136412,0.005,-0.4463399850459603,0,0,0,0
42,226871,15.95,0,-1.2521625030770365,0,Logistic regression,-1.8706939219336325,-1.2372745187365248,-1.8706939219336325,0.025,-0.432799510264796,0,0,0,0
42,19302,250.0,0,-0.7303171097242989,0,Logistic regression,-1.8473857687494806,-1.0795766799647084,-1.8473857687494806,0.025,-0.6582667837781939,0,0,0,0
42,47311,119.67,0,-0.9407713844102441,0,Logistic regression,-1.5102205148289576,-1.1387341572080856,-1.5102205148289576,0.105,-0.08545858058323696,0,0,0,0
42,82580,12.31,0,-0.671136337156531,0,Logistic regression,-1.220115842548432,-0.8603369586115697,-1.220115842548432,0.045,-0.8286386886117869,0,0,0,0
42,12415,1.0,0,-0.8518347316728954,0,Logistic regression,-0.6846888251706362,-0.9476862382144414,-0.6846888251706362,0.06,-0.24029544388212587,0,0,0,0
42,105592,134.25,0,-1.0255849812064695,0,Logistic regression,-1.086006130284078,-0.8410195459284475,-1.086006130284078,0.005,-0.27486332757375553,0,0,0,0
42,236552,108.0,0,-0.9668850595032952,0,Logistic regression,-1.6697418203797327,-1.1763615766091413,-1.6697418203797327,0.035,-0.5257117652314863,0,0,0,0
42,168400,200.0,0,-1.2781753799534568,0,Logistic regression,-1.8665145745752207,-1.1450061897488029,-1.8665145745752207,0.03,-0.3625017381921152,0,0,0,0
42,228712,22.94,0,-0.6732220544164432,0,Logistic regression,-1.9126753768766123,-1.1971237834018142,-1.9126753768766123,0.07,-0.2832821357392612,0,0,0,0
42,79892,9.03,0,-0.9802215003202253,0,Logistic regression,-1.8968247943496426,-0.9076438081115434,-1.8968247943496426,0.175,-0.48311265209521115,0,0,0,0
42,51720,22.95,0,-1.0259321041016978,0,Logistic regression,-2.115150389294346,-1.1905890268176196,-2.115150389294346,0.005,-0.2603378688081912,0,0,0,0
42,99506,489.71,1,0.20394223246818804,1,Logistic regression,2.128744421942615,0.5870928669629486,2.128744421942615,0.85,0.5496946634775665,1,1,1,1
42,154335,0.89,0,-0.9406105384154293,0,Logistic regression,-2.142771163268277,-1.3242287495475662,-2.142771163268277,0.015,-0.34627309211401525,0,0,0,0
42,5072,674.98,0,-0.20742202422604897,0,Logistic regression,-1.7501843540328903,-0.8588699918502138,-1.7501843540328903,0.07,0.3807375759749829,0,0,0,1
42,74324,18.34,0,-0.5280360134060075,0,Logistic regression,-2.737802367693117,-1.2705878860307949,-2.737802367693117,0.025,0.25180979227565725,0,0,0,0
42,137233,11.87,0,-0.5261709721487842,0,Logistic regression,-1.1110236743016177,-0.8819603055023044,-1.1110236743016177,0.11,-0.9840853826569447,0,0,0,0
42,76552,5.9,0,-0.873524029082376,0,Logistic regression,-0.8268229665047129,-0.8519183320059119,-0.8268229665047129,0.015,-0.7512208232920594,0,0,0,0
42,282107,15.89,0,-0.6298098369100793,0,Logistic regression,-2.868849400981974,-1.3962830375342448,-2.868849400981974,0.045,-0.6092232831120634,0,0,0,0
42,247067,9.99,0,-0.8227365564049242,0,Logistic regression,-2.21131723866,-1.3686719213065464,-2.21131723866,0.115,-0.09344695216746768,0,0,0,0
42,280332,25.0,0,-1.0953324522181462,0,Logistic regression,-1.4144570851222644,-1.0936294070834578,-1.4144570851222644,0.015,-0.4223980852083249,0,0,0,0
42,246037,42.0,0,-0.7536621860888711,0,Logistic regression,-1.8572334981940224,-1.0731726358841918,-1.8572334981940224,0.03,-0.742933969952652,0,0,0,0
42,170650,204.0,0,-0.9893340682557303,0,Logistic regression,-2.001675407077836,-1.283968417342801,-2.001675407077836,0.06,-0.41870401973666005,0,0,0,0
42,131787,1.0,0,-0.9714921544447506,0,Logistic regression,-1.3121631383642698,-1.1163669449105285,-1.3121631383642698,0.01,-0.08895001174053196,0,0,0,0
42,212516,0.01,1,0.13979650297997967,1,Logistic regression,4.612718995938368,1.7349728473240698,4.612718995938368,0.885,0.49200664506844877,1,1,1,1
42,284638,430.0,0,-0.17178978270654469,0,Logistic regression,-0.9695924230836276,-0.885218052724764,-0.9695924230836276,0.23,0.38463889761730446,0,0,0,1
42,274075,126.0,0,-1.042143956421154,0,Logistic regression,-2.2881712947437474,-1.3458251349095003,-2.2881712947437474,0.02,0.09382181685418556,0,0,0,0
42,263796,16.0,0,-1.0903003076317193,0,Logistic regression,-1.6596716582347801,-1.0434671541451552,-1.6596716582347801,0.04,-0.5170930804751562,0,0,0,0
42,1509,142.42,0,-1.0576270053854715,0,Logistic regression,-1.1595255605394996,-1.1010626459895554,-1.1595255605394996,0.025,0.021672687375351163,0,0,0,0
42,266376,76.38,0,-0.1505389204156448,0,Logistic regression,-0.1276502680652769,-0.5403821454098873,-0.1276502680652769,0.335,0.2666589537049848,0,0,0,0
42,187665,28.0,0,-0.3897961260714611,0,Logistic regression,-1.4895406093342014,-1.1287173016195486,-1.4895406093342014,0.0,-0.4739424083010001,0,0,0,0
42,89363,1.79,0,-1.2207056906250509,0,Logistic regression,-2.147341911395972,-1.18726346506958,-2.147341911395972,0.0,-0.8955898089079086,0,0,0,0
42,209661,1.0,0,-0.17217231446461936,0,Logistic regression,-0.4321976495633477,-0.829237491754597,-0.4321976495633477,0.115,-0.29365530030644094,0,0,0,0
42,39985,206.4,0,-1.0678092149340395,0,Logistic regression,-2.847636390508388,-1.2042114079112856,-2.847636390508388,0.025,-0.11748782838949412,0,0,0,0
42,254499,19.95,0,-1.172306927086366,0,Logistic regression,-1.3409681743300683,-1.0740791633539946,-1.3409681743300683,0.01,-0.6074000763779561,0,0,0,0
42,64460,99.99,1,0.3939312954288081,1,Logistic regression,8.33443913803837,1.2191849350441932,8.33443913803837,0.84,0.4537849391941786,1,1,1,1
42,236649,380.0,0,-0.041177565525037235,1,Logistic regression,-1.0431485681988755,-0.8925154415519179,-1.0431485681988755,0.435,0.24506680457739127,0,0,0,0
42,43153,16.94,0,-1.3564562064343293,0,Logistic regression,-1.894223486835664,-1.2620669431900549,-1.894223486835664,0.0,-0.7156110862734826,0,0,0,0
42,129673,103.99,0,-0.027570970607531692,1,Logistic regression,-1.358302642875528,-0.827972893308877,-1.358302642875528,0.17,0.33331479248085305,0,0,0,1
42,188338,8.99,0,-0.6246447008476471,0,Logistic regression,-1.2881446235131522,-1.1864326383825543,-1.2881446235131522,0.0,-0.15569539156779744,0,0,0,0
42,51481,35.9,0,-1.1784224210107344,0,Logistic regression,-1.992484032996153,-1.212873565301099,-1.992484032996153,0.0,-0.9476870722681265,0,0,0,0
42,51746,4.99,0,0.022985018022473935,1,Logistic regression,-0.7220305907346849,-0.9811906734979027,-0.7220305907346849,0.185,-0.008945219272963212,0,0,0,0
42,129783,1.0,0,-1.2013504220419864,0,Logistic regression,-1.581730221809843,-1.122561768762097,-1.581730221809843,0.0,-0.3544804284658989,0,0,0,0
42,106385,45.0,0,-1.016957675839092,0,Logistic regression,-1.5152613465031828,-1.0879753079371757,-1.5152613465031828,0.02,-1.0083735060413497,0,0,0,0
42,212432,1.0,0,-0.8816410258401992,0,Logistic regression,-2.0742430224865616,-1.2496228112847663,-2.0742430224865616,0.095,0.3582577271424629,0,0,0,1
42,150668,188.52,1,0.081274255762497,1,Logistic regression,17.630702844994545,0.8724639920258332,17.630702844994545,0.9,0.4645397283149918,1,1,1,1
42,49896,20.0,0,-0.842070861988608,0,Logistic regression,-1.113353192771797,-0.8909490428200302,-1.113353192771797,0.06,-0.9127232414049931,0,0,0,0
42,253520,3.27,0,-1.2330742380693416,0,Logistic regression,-2.1807332372734187,-1.3336627035886257,-2.1807332372734187,0.0,-0.6069866714677827,0,0,0,0
42,30445,40.99,0,-0.5052124976894368,0,Logistic regression,-1.9661786428956893,-1.262857946065972,-1.9661786428956893,0.04,0.31338076185402053,0,0,0,1
42,6820,1.0,1,0.29617802381942016,1,Logistic regression,5.262021113149817,1.633578131355715,5.262021113149817,0.805,0.6038494910257964,1,1,1,1
42,203935,9.95,0,-1.1290410583562605,0,Logistic regression,-1.7100882807733386,-1.1913646666926345,-1.7100882807733386,0.005,-0.7232902832967727,0,0,0,0
42,272034,4.57,0,-0.8631132947918181,0,Logistic regression,-0.9617123356491715,-0.9403935550836462,-0.9617123356491715,0.01,-0.5861180355103566,0,0,0,0
42,263682,60.0,0,-1.0644437226412609,0,Logistic regression,-1.403964583334644,-0.9781989925963879,-1.403964583334644,0.02,-0.640490635220957,0,0,0,0
42,240665,9.42,0,-1.1356479831576811,0,Logistic regression,-1.6806918364362229,-1.0419189066569103,-1.6806918364362229,0.02,-0.8870300475203983,0,0,0,0
42,157712,0.0,0,0.20062558785891216,1,Logistic regression,-0.9014333272186907,-0.5339860570013442,-0.9014333272186907,0.435,0.3694720848604503,0,0,0,1
42,82837,20.5,0,-0.9159203730832137,0,Logistic regression,-0.748626925378005,-0.9053464351352644,-0.748626925378005,0.03,-0.9307876899846022,0,0,0,0
42,203669,134.85,0,-1.1215648845899122,0,Logistic regression,-1.8074977409063586,-1.0697364982683628,-1.8074977409063586,0.0,-0.5207892895517281,0,0,0,0
42,12070,1.0,1,0.15632756319473445,1,Logistic regression,16.948851416034305,0.24321920977106165,16.948851416034305,0.83,0.4533949404635233,1,1,1,1
42,51081,7.95,0,-1.1911375332697522,0,Logistic regression,-1.4030269121890326,-1.030998458284939,-1.4030269121890326,0.045,-1.1289620744856939,0,0,0,0
42,271157,7.56,0,-0.9714302978398721,0,Logistic regression,-1.648393622655734,-1.0417156233445843,-1.648393622655734,0.17,0.24814617552077867,0,0,0,0
42,180523,2.58,0,-1.1779796510874245,0,Logistic regression,-2.3645587169282853,-1.3621039348513244,-2.3645587169282853,0.01,-0.9231790940475331,0,0,0,0
42,188728,28.75,0,-0.051696861465710536,1,Logistic regression,6.045065747871108,-0.043284944704070606,6.045065747871108,0.445,0.45339494009866144,0,1,0,1
42,123478,1.0,0,-0.8760269239304581,0,Logistic regression,-1.2394932293071712,-0.8442254621531833,-1.2394932293071712,0.045,-0.629493378133813,0,0,0,0
42,43800,3.59,0,-0.8572248648048504,0,Logistic regression,-2.10472401939295,-1.0111010856185394,-2.10472401939295,0.02,-0.6424106910955893,0,0,0,0
42,275896,39.99,0,-0.8329605822020163,0,Logistic regression,-2.956984691653172,-1.5277984215962532,-2.956984691653172,0.02,-0.375341079064354,0,0,0,0
42,76609,7.52,1,0.14601478850752747,1,Logistic regression,10.2878186110966,1.110912450331846,10.2878186110966,0.915,0.45812740648572975,1,1,1,1
42,40990,18.92,0,-0.8039870135905168,0,Logistic regression,-1.322509178658429,-0.9778504537027808,-1.322509178658429,0.045,-0.9421326574915581,0,0,0,0
42,150692,37.93,1,0.23900755287900793,1,Logistic regression,16.03016203408815,0.7224334264124784,16.03016203408815,0.865,0.4568913144449524,1,1,1,1
42,266824,5.0,0,-0.9515109264063442,0,Logistic regression,-1.3690458787911486,-1.1253081155460671,-1.3690458787911486,0.0,-0.04507817412264059,0,0,0,0
42,262256,56.03,0,-0.639703807408676,0,Logistic regression,-2.7514932602052307,-1.5060674437686334,-2.7514932602052307,0.05,0.16575896932987094,0,0,0,0
42,162749,60.96,0,-1.1698432732877369,0,Logistic regression,-1.849519580936402,-1.230823456294452,-1.849519580936402,0.005,-1.1436951748625723,0,0,0,0
42,256751,120.0,0,-1.4443855665703598,0,Logistic regression,-1.9521051701345091,-1.365378194282075,-1.9521051701345091,0.045,-0.9128657957330284,0,0,0,0
42,235108,15.0,0,-1.1988250633999828,0,Logistic regression,-2.0096871649207753,-1.212887010357442,-2.0096871649207753,0.0,-0.5414850928696652,0,0,0,0
42,7089,0.01,0,-0.9174616174077077,0,Logistic regression,-1.6675863039689525,-1.0279749977838837,-1.6675863039689525,0.095,-0.15737527387518768,0,0,0,0
42,169745,1.0,0,-0.9790443920284619,0,Logistic regression,-1.3983011433026458,-0.9340191198838825,-1.3983011433026458,0.065,-0.11906675416412116,0,0,0,0
42,119348,74.99,0,-1.458280036408251,0,Logistic regression,-1.7568472063044176,-1.2366418186009323,-1.7568472063044176,0.015,-0.6680952157261562,0,0,0,0
42,274085,45.14,0,-1.1230238410027957,0,Logistic regression,-1.7545489168268618,-1.2081997662833688,-1.7545489168268618,0.02,-0.5239162787760677,0,0,0,0
42,124915,16.99,0,-1.4338738143815764,0,Logistic regression,-1.4883317522073405,-1.0561883092533064,-1.4883317522073405,0.0,-0.8376106148962996,0,0,0,0
42,108190,1.29,0,-0.9117557092990045,0,Logistic regression,-1.1837793414250029,-0.8395193060004443,-1.1837793414250029,0.045,0.03791415964619649,0,0,0,0
42,32425,1.54,0,-0.8322532481043412,0,Logistic regression,-2.7615889176998705,-1.627484626146474,-2.7615889176998705,0.045,0.40586936848312394,0,0,0,1
42,70618,10.0,0,-1.1478278181689114,0,Logistic regression,-1.9958292087646266,-1.1731781210676795,-1.9958292087646266,0.0,-0.82532957866601,0,0,0,0
42,14338,3.76,1,-0.4924588112173809,0,Logistic regression,-0.44983599705083965,-0.6966833525202826,-0.44983599705083965,0.125,0.1375885916973364,0,0,0,0
42,232515,29.0,0,-0.666118392448228,0,Logistic regression,-1.2695582730939263,-0.9580469029870439,-1.2695582730939263,0.225,0.11990072421578618,0,0,0,0
42,215499,46.0,0,-0.7293790391864514,0,Logistic regression,-0.9044330877055108,-0.9174873582861883,-0.9044330877055108,0.0,-0.13122593974427688,0,0,0,0
42,130934,1.0,0,-1.148557120321472,0,Logistic regression,-1.6052360609514482,-1.133139653912693,-1.6052360609514482,0.0,-0.04689820074944895,0,0,0,0
42,139624,0.99,0,-1.0565939316284148,0,Logistic regression,-1.9571942365325348,-1.1756923191371187,-1.9571942365325348,0.0,-1.0782675828838624,0,0,0,0
42,209628,11.5,0,-1.3733010525570337,0,Logistic regression,-2.200258541265945,-1.4335146010697468,-2.200258541265945,0.01,0.20534548229684446,0,0,0,0
42,30188,188.9,0,-0.8261608124864076,0,Logistic regression,-1.4097621586600426,-1.0154125985989981,-1.4097621586600426,0.15,-0.7862001692803076,0,0,0,0
42,41000,0.23,0,-0.29176932271098976,0,Logistic regression,-0.6962865757338546,-0.9572882211407676,-0.6962865757338546,0.08,-0.4592754168676182,0,0,0,0
42,158127,30.03,0,-0.047881187205393916,1,Logistic regression,-0.8425274579259111,-0.5654174961541123,-0.8425274579259111,0.32,0.3528438664870351,0,0,0,1
42,117501,26.99,0,-1.1516554637302525,0,Logistic regression,-2.375626163930738,-1.3407270438338275,-2.375626163930738,0.01,-0.4721575517357075,0,0,0,0
42,199044,28.84,0,-1.196011389695063,0,Logistic regression,-2.397909090578686,-1.3531088646070208,-2.397909090578686,0.0,-0.8702697667805295,0,0,0,0
42,31120,6.51,0,-1.171888685465023,0,Logistic regression,-1.9868063329751997,-1.1730094131909377,-1.9868063329751997,0.0,-0.7817261009830108,0,0,0,0
42,45872,1.0,0,-0.9820934233785628,0,Logistic regression,-1.4465676239410485,-0.8659639511936685,-1.4465676239410485,0.18,-0.4746574481983532,0,0,0,0
42,275854,71.01,0,-1.2157428517328177,0,Logistic regression,-1.9253111244514676,-1.3558563415244247,-1.9253111244514676,0.055,-0.46684740268634983,0,0,0,0
42,93886,2.69,0,-1.0427344209197866,0,Logistic regression,-1.8631694500392282,-1.2024630290992175,-1.8631694500392282,0.0,-0.8069803917127327,0,0,0,0
42,89875,250.0,0,-0.05313409534217989,1,Logistic regression,-1.2289570966539576,-0.3420222287406551,-1.2289570966539576,0.475,0.45328877360833447,0,0,0,1
42,30384,1.0,1,0.4283725208285327,1,Logistic regression,7.301399394657671,1.2353075810854068,7.301399394657671,0.85,0.4865306834170847,1,1,1,1
42,57619,2.37,0,-1.1838344448911482,0,Logistic regression,-1.2326830269001612,-0.9636954151557471,-1.2326830269001612,0.005,0.002569973960785288,0,0,0,0
42,150661,44.9,1,0.21134504475073068,1,Logistic regression,15.078212885967222,0.7691329876501104,15.078212885967222,0.89,0.45581297184410796,1,1,1,1
42,80444,25.0,0,-1.1891447901026118,0,Logistic regression,-2.22593203580712,-1.3466939207070638,-2.22593203580712,0.005,0.0889122557434241,0,0,0,0
42,229006,89.02,0,-1.086637070843218,0,Logistic regression,-1.3419147220033092,-1.191724348726266,-1.3419147220033092,0.03,-0.012946667543638546,0,0,0,0
42,37343,39.5,0,-1.0789667719010436,0,Logistic regression,-1.260979692307297,-1.1122947860217056,-1.260979692307297,0.02,-0.36865235742497293,0,0,0,0
42,165476,791.68,0,-0.10883889649208342,0,Logistic regression,-0.7346246059708101,-0.6167509908017972,-0.7346246059708101,0.125,0.4344640521936785,0,0,0,1
42,49791,172.21,0,-0.38651812347020975,0,Logistic regression,-0.9153951569183622,-0.6947283006404543,-0.9153951569183622,0.05,-0.13090715302967315,0,0,0,0
42,221516,3.08,0,-1.2103985140334665,0,Logistic regression,-1.8606512746576735,-1.2099666821597186,-1.8606512746576735,0.015,-0.7291283043165959,0,0,0,0
42,90606,5.99,0,-1.03572472300959,0,Logistic regression,-1.785845586326881,-1.1904108261891806,-1.785845586326881,0.0,-1.1293989475952715,0,0,0,0
42,6014,12.99,0,-0.9090767590583375,0,Logistic regression,-1.4890250892549304,-1.1207816522952037,-1.4890250892549304,0.025,-0.5328693529778447,0,0,0,0
42,157959,0.89,0,-0.8137963446169014,0,Logistic regression,-2.1796433447536026,-1.0018552165173977,-2.1796433447536026,0.09,-0.28574387864914386,0,0,0,0
42,178903,25.0,0,-1.1662812795611541,0,Logistic regression,-1.8641037174658175,-1.2527429606377625,-1.8641037174658175,0.005,-0.9682399663641201,0,0,0,0
42,144104,1.0,1,0.5879285320760196,1,Logistic regression,7.180100674492324,1.5162200568976891,7.180100674492324,0.935,0.5950280779982459,1,1,1,1
42,87853,64.99,0,-0.5696538871564789,0,Logistic regression,-1.2854259643031414,-0.9596195818260203,-1.2854259643031414,0.23,-0.47911306302275647,0,0,0,0
42,76007,32.67,0,-1.0072323029414372,0,Logistic regression,-1.6608219196681224,-1.0857338336826035,-1.6608219196681224,0.055,-0.888500116900681,0,0,0,0
42,271361,0.9,0,-0.6215778442221603,0,Logistic regression,-2.1388077605745304,-1.0412170176694424,-2.1388077605745304,0.165,-0.054188026569092496,0,0,0,0
42,257101,1.29,0,-1.145702167639899,0,Logistic regression,-2.2865882707376795,-1.360857171659715,-2.2865882707376795,0.005,-0.9735410847157504,0,0,0,0
42,85083,1.0,0,-0.9174712345555585,0,Logistic regression,-0.7104583339966692,-0.8516621164627511,-0.7104583339966692,0.055,-0.9601610715076494,0,0,0,0
42,263192,11.5,0,-1.02987057386511,0,Logistic regression,-2.424767507832345,-1.2284926912001188,-2.424767507832345,0.015,-0.2848411965614689,0,0,0,0
42,134735,15.0,0,-0.5776697092836657,0,Logistic regression,-1.4756729588112443,-0.8500496171421033,-1.4756729588112443,0.055,-0.6861577898821791,0,0,0,0
42,127847,3.48,0,-0.542440214555444,0,Logistic regression,-0.11109159257474355,-0.7528838000048192,-0.11109159257474355,0.03,0.14182328212411682,0,0,0,0
42,139100,69.37,0,-0.4741484551854105,0,Logistic regression,-1.176913614977774,-1.0081496954307936,-1.176913614977774,0.03,0.008835131160153498,0,0,0,0
42,152848,14.95,0,-1.0661163733207684,0,Logistic regression,-2.5511238668907783,-1.4721852494226753,-2.5511238668907783,0.005,-0.1610430164552844,0,0,0,0
42,224436,0.89,0,-1.0615368231947826,0,Logistic regression,-1.1720024633019104,-1.0037779315296318,-1.1720024633019104,0.03,-1.0310985600421605,0,0,0,0
42,239367,11.99,0,-0.17731402639541746,0,Logistic regression,-2.2124167290578973,-0.7620043024563603,-2.2124167290578973,0.51,0.3496110306237836,0,0,0,1
42,15566,99.99,1,0.21414937446416676,1,Logistic regression,15.655267305160837,0.6448502196855912,15.655267305160837,0.835,0.4551108400528761,1,1,1,1
42,213057,1.0,0,-0.8140677595569086,0,Logistic regression,-1.6915150396971197,-1.1692458313135,-1.6915150396971197,0.0,-0.8441998300140519,0,0,0,0
42,140437,3.99,0,-0.4910136967827943,0,Logistic regression,-1.1288805657897945,-0.7558535534432349,-1.1288805657897945,0.18,-0.4666737175120096,0,0,0,0
42,230004,32.39,0,-1.0230510352458915,0,Logistic regression,-1.1286117364794221,-1.0399311762260246,-1.1286117364794221,0.0,0.23396468640854415,0,0,0,0
42,88375,79.99,0,-1.0561965386892038,0,Logistic regression,-1.7515143774171988,-1.1662813180163538,-1.7515143774171988,0.025,-0.04672769190862336,0,0,0,0
42,242396,622.0,0,-0.5946036184676322,0,Logistic regression,-1.5631303462551087,-1.0686764322680913,-1.5631303462551087,0.195,0.2726675349560105,0,0,0,0
42,266626,26.16,0,-0.9181748928768656,0,Logistic regression,-1.231174960953766,-1.0678308351288526,-1.231174960953766,0.015,0.21420886471636255,0,0,0,0
42,235120,9.3,0,-0.7888051417306146,0,Logistic regression,-0.9033874283055513,-0.8551552146777426,-0.9033874283055513,0.07,-0.4722745313844322,0,0,0,0
42,65559,1.98,0,-1.3827690112419782,0,Logistic regression,-1.5217836084198848,-1.1094099853757127,-1.5217836084198848,0.005,-0.9615583990046872,0,0,0,0
42,113215,22.0,0,-1.1245391021927595,0,Logistic regression,-1.1058859568100194,-1.0701256856442667,-1.1058859568100194,0.055,-0.5576553378249358,0,0,0,0
42,143333,0.0,1,0.21433485728504884,1,Logistic regression,10.08518913887093,1.623322356408573,10.08518913887093,0.93,0.4564265340502863,1,1,1,1
42,170498,1.12,0,-0.9845223568653785,0,Logistic regression,-1.8995867693696642,-1.3283071415234033,-1.8995867693696642,0.015,-0.17932958792808695,0,0,0,0
42,83909,11.5,0,-1.1498240904950485,0,Logistic regression,-2.1340543672429586,-1.220613750875515,-2.1340543672429586,0.005,-1.0872708079394215,0,0,0,0
42,85395,40.0,0,-1.0133362665003651,0,Logistic regression,-1.296755020455088,-1.0114304727869146,-1.296755020455088,0.045,-0.24167975142828269,0,0,0,0
42,275069,0.89,0,-1.0635107582608498,0,Logistic regression,-2.1409800103216594,-1.327363925987456,-2.1409800103216594,0.0,-1.072992941348465,0,0,0,0
42,44556,1.0,1,0.2732307499531891,1,Logistic regression,7.252185281528081,1.9881902042006636,7.252185281528081,0.845,0.5285921928221764,1,1,1,1
42,33049,2.68,0,-0.6740006735917501,0,Logistic regression,-0.9033422278988795,-0.6981582860292641,-0.9033422278988795,0.165,-0.2065707176831023,0,0,0,0
42,140541,0.99,0,-1.1868985182573077,0,Logistic regression,-1.6465905863331378,-1.0839352917396754,-1.6465905863331378,0.04,-1.0218119399550782,0,0,0,0
42,23422,717.15,1,0.07462247689746505,1,Logistic regression,1.2331963514918254,0.5524115408583548,1.2331963514918254,0.815,0.4992150225158097,1,1,1,1
42,119714,29.95,1,-0.2705550921774016,0,Logistic regression,-1.4471291598005798,-0.9900512904785196,-1.4471291598005798,0.05,0.2557417461714764,0,0,0,0
42,144739,4.64,0,-0.846141514209019,0,Logistic regression,-0.9304885622991418,-0.828067761285755,-0.9304885622991418,0.07,-0.6437093293064651,0,0,0,0
42,15238,8.99,0,-1.277536096309531,0,Logistic regression,-1.9202533992631816,-1.1466676922102068,-1.9202533992631816,0.0,-1.0519207939126047,0,0,0,0
42,26926,112.71,0,-0.908273501230761,0,Logistic regression,-1.7358817465240286,-1.124069739094109,-1.7358817465240286,0.025,-1.0958168518991291,0,0,0,0
42,53591,1.0,1,0.9203271353693554,1,Logistic regression,2.9627688130889744,1.057525874132925,2.9627688130889744,0.975,0.807518177650088,1,1,1,1
42,118319,130.0,0,-0.5273126517011049,0,Logistic regression,-1.3985617474340843,-1.0360169859424415,-1.3985617474340843,0.075,-0.2802754446837288,0,0,0,0
42,124176,1.0,1,-0.32026110956055176,0,Logistic regression,-0.7324892755074754,-0.5521740978404721,-0.7324892755074754,0.34,0.4899369452287977,0,0,0,1
42,10484,3.79,1,-0.19792696198352913,0,Logistic regression,-1.0553139523306507,-0.6935593296817408,-1.0553139523306507,0.075,0.020583936532071023,0,0,0,0
42,56921,19.9,0,-1.0916756442066688,0,Logistic regression,-1.1048606100062321,-1.0981699361499968,-1.1048606100062321,0.0,-0.5237689364935474,0,0,0,0
42,77488,0.76,0,-0.7119256355631786,0,Logistic regression,-1.9688093905388309,-1.0374928571554185,-1.9688093905388309,0.0,-0.47542536226126975,0,0,0,0
42,95552,87.72,0,-1.1004689548235447,0,Logistic regression,-1.7244941245358496,-1.1223807912124046,-1.7244941245358496,0.005,-1.180259727558305,0,0,0,0
42,263278,65.89,0,-0.9649101197932459,0,Logistic regression,-2.1548100161719406,-1.4062430555568846,-2.1548100161719406,0.005,0.03113368240649428,0,0,0,0
42,94385,15.0,0,-1.1064810513909387,0,Logistic regression,-1.7996320719221615,-1.0606783803906166,-1.7996320719221615,0.0,-0.5302215086608506,0,0,0,0
42,89961,38.42,0,-0.9966235466224875,0,Logistic regression,-1.9869315185977041,-1.1787240593834885,-1.9869315185977041,0.01,-0.8705752556020385,0,0,0,0
42,155137,99.0,0,-0.7000870815300435,0,Logistic regression,-2.5754949162640677,-1.1268157296794064,-2.5754949162640677,0.07,0.25549113278833957,0,0,0,0
42,24066,0.76,0,0.01475886537381546,1,Logistic regression,-1.2951011358051638,-0.7091758106877459,-1.2951011358051638,0.265,-0.4378871729030426,0,0,0,0
42,169319,1.79,0,-1.4788899141300387,0,Logistic regression,-1.8224646050699542,-1.263226019591003,-1.8224646050699542,0.01,-0.8478976820669171,0,0,0,0
42,150663,316.06,1,0.22127106301994492,1,Logistic regression,15.128566965177644,0.694422346827273,15.128566965177644,0.91,0.4557709782694361,1,1,1,1
42,92777,294.9,1,0.14093605922800134,1,Logistic regression,6.327230169608079,1.2025411289943124,6.327230169608079,0.87,0.46347738912001657,1,1,1,1
42,90805,3.96,0,-0.8146656851803784,0,Logistic regression,-2.101522537645323,-0.8907529834285679,-2.101522537645323,0.205,-0.7724008346791165,0,0,0,0
42,265958,20.0,0,-0.8193548438098834,0,Logistic regression,-1.9773041685434911,-1.0044666522892254,-1.9773041685434911,0.135,-0.632796879982318,0,0,0,0
42,254995,267.0,0,-0.697315072312691,0,Logistic regression,-0.8519488029312251,-0.9994321708859237,-0.8519488029312251,0.045,-0.0793675709566819,0,0,0,0
42,154454,147.87,1,0.4852673185017806,1,Logistic regression,2.9087438477759266,1.0611320136222935,2.9087438477759266,0.905,0.7228109926464459,1,1,1,1
42,154286,0.92,1,0.049088855004020854,1,Logistic regression,4.563958711328337,-0.04334627582075863,4.563958711328337,0.285,0.45339494009866144,0,1,0,1
42,254395,7.59,1,-0.3324353154233648,0,Logistic regression,-0.49332336836124957,-1.021818659958412,-0.49332336836124957,0.28,0.20961118788809363,0,0,0,0
42,85720,170.0,0,-1.1033990651396548,0,Logistic regression,-2.027135480196292,-1.3070522064349783,-2.027135480196292,0.075,0.08017986695230694,0,0,0,0
42,213092,22.47,1,-0.8957527513749359,0,Logistic regression,-1.4802784538733458,-1.0896463809398769,-1.4802784538733458,0.035,0.4525449715601866,0,0,0,1
42,154676,2.28,1,0.11567997997031063,1,Logistic regression,9.007957669268933,1.1876547620673137,9.007957669268933,0.85,0.45757605988291244,1,1,1,1
42,69440,66.0,0,-0.5867704777573399,0,Logistic regression,-0.7970036192468224,-1.1073548467155645,-0.7970036192468224,0.06,-0.07453756351657348,0,0,0,0
42,157918,635.1,1,-0.33372933176355424,0,Logistic regression,-1.2399645313195506,-0.2521016826984976,-1.2399645313195506,0.12,0.4486319760141834,0,0,0,1
42,68370,2.73,0,-1.1608788791854077,0,Logistic regression,-1.9345910266319006,-1.0240114126596702,-1.9345910266319006,0.155,-0.40197579606773115,0,0,0,0
42,278988,0.89,0,-0.9630617591973913,0,Logistic regression,-1.5198428310423857,-0.9883629708702231,-1.5198428310423857,0.065,0.19090130669743038,0,0,0,0
42,264017,1.0,0,-0.7959135194013259,0,Logistic regression,-2.6858601648046534,-1.4325974058163056,-2.6858601648046534,0.015,0.03537242104323107,0,0,0,0
42,88258,6.62,1,0.8123700376658726,1,Logistic regression,3.62182165552262,1.3582418044710063,3.62182165552262,0.925,0.6422587811505485,1,1,1,1
42,190970,104.0,0,-1.027621499622402,0,Logistic regression,-2.3985383457181584,-1.4971956523233794,-2.3985383457181584,0.0,-0.08297151201680864,0,0,0,0
42,207821,1.18,0,-0.9457352395033252,0,Logistic regression,-2.1733477412105966,-1.009831391167179,-2.1733477412105966,0.05,-0.6239599646266387,0,0,0,0
42,249828,6.74,1,0.6632834748030118,1,Logistic regression,5.1776444990177115,1.2530943600764683,5.1776444990177115,0.98,0.7000632006580448,1,1,1,1
42,201098,0.0,1,0.675659054708105,1,Logistic regression,2.8838089453476408,1.1353707417381182,2.8838089453476408,0.955,0.5157687441571046,1,1,1,1
42,251048,14.9,0,-1.079809489930268,0,Logistic regression,-1.195354693485986,-1.0567345107639445,-1.195354693485986,0.02,-0.9156146430453145,0,0,0,0
42,205289,366.9,0,-0.5440553700997178,0,Logistic regression,-1.7599146229924298,-1.052566432796673,-1.7599146229924298,0.115,0.0513956931727087,0,0,0,0
42,154511,624.7,0,-0.781649533985768,0,Logistic regression,-2.7440794381766374,-1.0583093656794722,-2.7440794381766374,0.11,0.3718894086485033,0,0,0,1
42,112136,3.07,0,-0.8642852413565083,0,Logistic regression,-1.8953153297209735,-0.9948399387789919,-1.8953153297209735,0.07,-0.687302892024547,0,0,0,0
42,50537,1.0,1,-1.052642128223509,0,Logistic regression,-2.0767816607150444,-1.158328661769865,-2.0767816607150444,0.005,-0.5200857210410229,0,0,0,0
42,178862,22.0,0,0.2831798189582174,1,Logistic regression,-1.5109639753435304,-0.7826304152860433,-1.5109639753435304,0.265,-0.1807362719206117,0,0,0,0
42,150680,104.03,1,0.04763444474135822,1,Logistic regression,17.985876166917794,0.5850654420386563,17.985876166917794,0.855,0.45423846288211683,1,1,1,1
42,94218,720.38,1,0.19419285056002158,1,Logistic regression,9.234901181153706,-0.0024675978352366457,9.234901181153706,0.785,0.45339495472770697,1,1,1,1
42,30017,9.99,0,-1.2398177849641592,0,Logistic regression,-1.391612239705411,-1.0506185800946264,-1.391612239705411,0.0,-0.9452893171943408,0,0,0,0
42,142132,1.0,0,-0.9900292120259175,0,Logistic regression,-0.9795268380541468,-1.14108249002389,-0.9795268380541468,0.0,0.11428109526276137,0,0,0,0
42,212548,229.81,0,-0.6709331504049985,0,Logistic regression,-2.412645314690248,-1.3721397557417934,-2.412645314690248,0.065,0.3375675455833953,0,0,0,1
42,34978,7.68,0,-0.30340416277175486,0,Logistic regression,1.1546722434639514,-0.010339078676823328,1.1546722434639514,0.605,0.45310046327298864,1,0,1,1
42,213198,10.9,0,-0.8987216330027936,0,Logistic regression,-2.653212040220623,-1.2322349487565665,-2.653212040220623,0.015,0.21617339558382315,0,0,0,0
42,41395,1.0,1,0.2016882035906774,1,Logistic regression,3.8790370075712364,0.6244497954413973,3.8790370075712364,0.76,0.4547747676902868,1,1,1,1
42,127211,40.0,0,-1.0174735215499817,0,Logistic regression,-2.4795515250676505,-1.3690662568885865,-2.4795515250676505,0.015,-0.351813403705174,0,0,0,0
42,74745,33.75,0,-0.8115834040399219,0,Logistic regression,-1.9668950242561885,-1.151729151783081,-1.9668950242561885,0.005,-0.783434428450805,0,0,0,0
42,29456,194.0,0,-1.1725038838892177,0,Logistic regression,-1.585268989834597,-1.1274858025942314,-1.585268989834597,0.04,-0.37109097684610537,0,0,0,0
42,8335,1.0,1,0.22244980224099442,1,Logistic regression,12.672237730717828,0.6789339971262949,12.672237730717828,0.8,0.453603939668389,1,1,1,1
42,240271,62.0,0,-0.8151474324939807,0,Logistic regression,-1.0618789822579813,-0.9404385062012839,-1.0618789822579813,0.055,-0.5320190414024043,0,0,0,0
42,6488,6.95,0,-1.015282573018542,0,Logistic regression,-1.8538180381619946,-0.9922624923947625,-1.8538180381619946,0.025,-0.06838865444956133,0,0,0,0
42,281542,383.69,0,-0.6463590427426832,0,Logistic regression,-0.5013563184624668,-0.9650334898333999,-0.5013563184624668,0.25,0.3420456611152293,0,0,0,1
42,257696,214.67,0,0.0011357368725189165,1,Logistic regression,-2.269179010051457,-0.6490718863194245,-2.269179010051457,0.15,0.25465330052428814,0,0,0,0
42,88418,23.51,0,-0.6829043378793369,0,Logistic regression,-1.7251497895598646,-0.670997489225665,-1.7251497895598646,0.28,0.33465248447001683,0,0,0,1
42,91247,1030.26,0,-0.20670796696157992,0,Logistic regression,-2.2315814158418887,-0.681146818821977,-2.2315814158418887,0.06,0.44363675314764817,0,0,0,1
42,57748,1.0,0,-0.6698267782050603,0,Logistic regression,-2.1291187352852283,-1.0768210062811483,-2.1291187352852283,0.035,0.10371585486618895,0,0,0,0
42,44443,57.5,0,-1.1514982695737548,0,Logistic regression,-1.553996865223543,-1.1225066692839678,-1.553996865223543,0.17,-0.401336468044884,0,0,0,0
42,51109,471.45,0,-0.4392820737779193,0,Logistic regression,-1.474335867301003,-1.161329836750819,-1.474335867301003,0.145,0.42456593959987715,0,0,0,1
42,18530,1.0,0,-0.6070800971299838,0,Logistic regression,-1.374048103193973,-0.9044774125665995,-1.374048103193973,0.11,0.35887829821213535,0,0,0,1
42,155667,0.93,0,-0.5574919264995563,0,Logistic regression,-2.583651556067985,-1.1533622348072707,-2.583651556067985,0.06,0.025872960830075453,0,0,0,0
42,142405,12.31,1,0.30013334169710587,1,Logistic regression,9.42158709871753,1.1448559630636954,9.42158709871753,0.84,0.45743912152786753,1,1,1,1
42,102445,1.0,1,0.30812401388910327,1,Logistic regression,16.770406758456406,-0.04334584073880176,16.770406758456406,0.65,0.45339494009866144,0,1,1,1
42,234633,1.59,1,0.7117104038547236,1,Logistic regression,2.574302353772986,1.04973798309462,2.574302353772986,0.94,0.6101966526373418,1,1,1,1
42,33866,49.8,0,-1.1151434180979845,0,Logistic regression,-1.0118279268570207,-0.9730703387736153,-1.0118279268570207,0.01,-0.20859647257242564,0,0,0,0
42,188948,285.51,0,-0.6415870806306508,0,Logistic regression,-0.899244491925532,-1.1973782705316098,-0.899244491925532,0.05,0.18759878971798427,0,0,0,0
42,49665,12.0,0,-1.2377750573773667,0,Logistic regression,-2.0158490575615504,-1.2792072346572116,-2.0158490575615504,0.0,-0.6490280633084913,0,0,0,0
42,1852,1.54,0,-1.2396489973832596,0,Logistic regression,-2.2217710743597747,-1.4188693238303052,-2.2217710743597747,0.05,-0.17855541330000946,0,0,0,0
42,275656,11.7,0,-1.4359673079807393,0,Logistic regression,-1.9084325202681955,-1.2425626846949633,-1.9084325202681955,0.0,-0.7976842260430201,0,0,0,0
42,187958,45.5,0,-0.24136241911657733,0,Logistic regression,-1.2659893858457054,-0.9781222345562353,-1.2659893858457054,0.11,-0.2093026734126252,0,0,0,0
42,71372,1.0,0,-0.8712803308278996,0,Logistic regression,-0.715493529805028,-0.8904558935134987,-0.715493529805028,0.035,-0.7493149707635536,0,0,0,0
42,171769,6.28,0,-0.7360445459107186,0,Logistic regression,-1.2082363238418126,-1.0104396717320079,-1.2082363238418126,0.03,-0.4253597705840897,0,0,0,0
42,23065,81.0,0,-0.614076561262236,0,Logistic regression,-1.239119212289451,-0.8851632258549837,-1.239119212289451,0.085,-0.9089559994854808,0,0,0,0
42,151778,2.86,0,-0.7167722822920153,0,Logistic regression,-1.3751688554253043,-0.7097337031450272,-1.3751688554253043,0.14,-0.007467871318528496,0,0,0,0
42,223863,61.85,0,-1.1013754410907486,0,Logistic regression,-1.2440417245510431,-1.062487967531034,-1.2440417245510431,0.005,-0.6097837045756878,0,0,0,0
42,131849,100.13,0,-1.0316214710913432,0,Logistic regression,-2.2070131316789,-1.2519957635042447,-2.2070131316789,0.025,-0.6865340619100395,0,0,0,0
42,191309,4.4,0,-0.9745995496920996,0,Logistic regression,-1.9363078899557757,-1.245445747837911,-1.9363078899557757,0.025,-0.03932271681576993,0,0,0,0
42,33894,132.05,0,-1.0023840863327493,0,Logistic regression,-1.5014365249458357,-1.0832846205972448,-1.5014365249458357,0.005,-0.4007962277548358,0,0,0,0
42,148162,76.0,0,-1.2136892849704393,0,Logistic regression,-1.5777634951930324,-1.178330979963912,-1.5777634951930324,0.0,-0.5560907882530273,0,0,0,0
42,42674,1.52,1,0.29456997460805645,1,Logistic regression,14.98485160963893,0.8965037786261811,14.98485160963893,0.915,0.6119184027667491,1,1,1,1
42,47198,178.0,0,-0.6787813155844862,0,Logistic regression,-1.771047693809941,-1.1557490071595071,-1.771047693809941,0.055,-0.11756889491357747,0,0,0,0
42,43179,236.82,0,-0.6695332767538682,0,Logistic regression,-1.5687917254144619,-1.0506148480779998,-1.5687917254144619,0.09,-0.3822311309164662,0,0,0,0
42,162729,5.7,0,-0.9312927032704337,0,Logistic regression,-0.9012473052857959,-0.8331645734487069,-0.9012473052857959,0.02,-0.02394487513436916,0,0,0,0
42,166217,17.4,0,-0.7865582677990937,0,Logistic regression,-1.8122250744463817,-1.1247258959303459,-1.8122250744463817,0.1,-0.444845735335062,0,0,0,0
42,247007,4.99,0,-0.9213540754173177,0,Logistic regression,-1.4684354423690187,-1.224056035927522,-1.4684354423690187,0.025,-0.7204603387275299,0,0,0,0
42,209622,143.0,0,-1.0331355044627943,0,Logistic regression,-2.733104735576995,-1.406512068944331,-2.733104735576995,0.015,0.25061360913171876,0,0,0,0
42,88248,59.06,0,-1.112906170186267,0,Logistic regression,-1.635183340264354,-1.0894776203741428,-1.635183340264354,0.01,-0.6450827754315833,0,0,0,0
42,210374,69.99,0,-0.9361057672303021,0,Logistic regression,-2.2133249379852282,-1.3372185615389598,-2.2133249379852282,0.03,-0.813175340345746,0,0,0,0
42,40229,12.99,0,-1.2151279602544136,0,Logistic regression,-1.2359717879888013,-1.0769804516086743,-1.2359717879888013,0.0,-0.9321920621412623,0,0,0,0
42,17480,99.99,1,0.16860883965337653,1,Logistic regression,16.844634799911706,0.2351492659043647,16.844634799911706,0.75,0.45339494039479283,1,1,1,1
42,27458,38.42,0,-1.1659214276729688,0,Logistic regression,-1.991839714965078,-1.3450016635303363,-1.991839714965078,0.035,-0.051135970292865096,0,0,0,0
42,26618,9.81,0,-0.8270195879517914,0,Logistic regression,-2.4781482011598612,-1.1444471575759516,-2.4781482011598612,0.0,-0.8281226221882922,0,0,0,0
42,243675,201.0,0,-0.9843138535753362,0,Logistic regression,-1.817000097620229,-1.0242017537745567,-1.817000097620229,0.04,0.07340403064886586,0,0,0,0
42,71073,15.9,0,-1.2128428982789823,0,Logistic regression,-1.1925483266033197,-0.9740230463376369,-1.1925483266033197,0.015,-0.8281544468753588,0,0,0,0
42,37673,120.21,0,-0.2899492119456002,0,Logistic regression,-1.2474290364474825,-0.9105296170138142,-1.2474290364474825,0.235,0.23467303838140216,0,0,0,0
42,30939,1548.98,0,-0.3727517813454244,0,Logistic regression,-0.6277863202920146,-0.5152541607980137,-0.6277863202920146,0.035,0.4533862729691931,0,0,0,1
42,16863,730.86,1,0.1085730381720432,1,Logistic regression,2.203679122257462,0.44455809788956874,2.203679122257462,0.76,0.47336684457151984,1,1,1,1
42,221283,56.89,0,-0.609190206574049,0,Logistic regression,-0.7549162471723095,-1.0544004762399626,-0.7549162471723095,0.005,0.2546900341036584,0,0,0,0
42,260631,28.88,0,-1.4209153363123743,0,Logistic regression,-1.5504961316269694,-1.1917175696577518,-1.5504961316269694,0.005,-0.07185792366596877,0,0,0,0
42,148341,25.99,0,-1.1218586652125677,0,Logistic regression,-2.670808880006177,-1.3075497831953862,-2.670808880006177,0.005,-0.6962297205262118,0,0,0,0
42,12779,519.79,0,-0.3976018148048803,0,Logistic regression,-0.7300830458712497,-0.8703425034088397,-0.7300830458712497,0.12,0.3180390102379348,0,0,0,1
42,25918,14.99,0,-0.5692433547778737,0,Logistic regression,-2.1477668772040155,-1.097260580036847,-2.1477668772040155,0.0,-0.2889339448937822,0,0,0,0
42,123042,0.89,0,-1.1316999302913997,0,Logistic regression,-2.0546189092786165,-1.1889048277307532,-2.0546189092786165,0.005,-0.947701302449963,0,0,0,0
42,189587,67.9,1,0.47834502522651956,1,Logistic regression,3.2734020828431563,1.083167058702659,3.2734020828431563,0.93,0.7723722086889878,1,1,1,1
42,167235,7.38,0,-0.7402440330102742,0,Logistic regression,-1.2981668177530667,-0.9725617357369045,-1.2981668177530667,0.08,-0.546374013252627,0,0,0,0
42,54814,1.0,0,-1.2011044462966767,0,Logistic regression,-1.4015126966584242,-1.0874712783818237,-1.4015126966584242,0.01,-0.5930222076670257,0,0,0,0
42,143698,39.95,0,-0.9506878707775057,0,Logistic regression,-1.7483428253631401,-1.0876843100255655,-1.7483428253631401,0.02,-0.6070238349359662,0,0,0,0
42,273363,69.99,0,-0.955822316744871,0,Logistic regression,-1.7127030093017295,-1.13414016898402,-1.7127030093017295,0.01,-0.9395696506707414,0,0,0,0
42,104220,19.62,0,0.13593829471722838,1,Logistic regression,0.04379283193391492,-0.2819578145003612,0.04379283193391492,0.345,0.4533938283074371,0,0,0,1
42,189526,144.43,0,-0.9743816248841297,0,Logistic regression,-1.8896229588422033,-1.352924022534704,-1.8896229588422033,0.085,0.42852423808879003,0,0,0,1
42,248925,25.0,0,-0.9751598293867261,0,Logistic regression,-1.8695052308851605,-1.1701918163445404,-1.8695052308851605,0.005,0.05230025401619087,0,0,0,0
42,68320,0.76,1,-0.7384830865848695,0,Logistic regression,-0.520939294967339,-0.7659900999941692,-0.520939294967339,0.195,0.058587202306526476,0,0,0,0
42,180626,14.5,0,-0.512425126614816,0,Logistic regression,-2.766393309642264,-0.9130697730177415,-2.766393309642264,0.17,0.3889023136785951,0,0,0,1
42,132917,1.78,0,-1.108499735162441,0,Logistic regression,-2.2398488731314035,-1.0785792144396937,-2.2398488731314035,0.005,-0.7945112336665836,0,0,0,0
42,140184,2.28,0,-1.2396615763680954,0,Logistic regression,-1.3311157823622535,-1.1059287052444982,-1.3311157823622535,0.01,-1.093036695751663,0,0,0,0
42,284048,2.0,0,-0.5708022814002937,0,Logistic regression,-0.6811728329445484,-0.8546447983200889,-0.6811728329445484,0.035,0.1776626896523531,0,0,0,0
42,239430,9.86,0,-1.3897900372149739,0,Logistic regression,-1.8699997498103873,-1.3169887176492616,-1.8699997498103873,0.005,-1.041202532213783,0,0,0,0
42,204932,50.96,0,-1.3601290313823933,0,Logistic regression,-1.4851153398641126,-1.1927325532156081,-1.4851153398641126,0.06,-0.021616711583461456,0,0,0,0
42,15736,99.99,1,0.21829978245839046,1,Logistic regression,15.766313935998276,0.6030081153512448,15.766313935998276,0.835,0.4540350977129244,1,1,1,1
42,217861,326.22,0,-0.3878029518235463,0,Logistic regression,-1.4859554200626457,-1.3365847330803948,-1.4859554200626457,0.06,0.1767205875125491,0,0,0,0
42,63633,139.48,0,-0.8343647033377781,0,Logistic regression,-0.6677601543205463,-1.1273718612964918,-0.6677601543205463,0.045,-0.18224802597864964,0,0,0,0
42,151250,13.0,0,-0.46024713673669604,0,Logistic regression,-2.5587870727043294,-0.97613091430451,-2.5587870727043294,0.195,-0.02818104110881242,0,0,0,0
42,130131,4.3,0,-1.063438743132212,0,Logistic regression,-1.692755392547285,-1.1410812263963708,-1.692755392547285,0.05,-0.5343142948975811,0,0,0,0
42,218106,9.99,0,-1.3267275581176106,0,Logistic regression,-1.9422401511864695,-1.2289278782784698,-1.9422401511864695,0.0,-0.4981020582973883,0,0,0,0
42,48592,91.91,0,-1.0641967085586417,0,Logistic regression,-1.414604527312175,-1.1796520515201028,-1.414604527312175,0.175,-0.3106569611216843,0,0,0,0
42,230032,15.0,0,-1.2170082950441934,0,Logistic regression,-1.5337910324785513,-1.1811893901929744,-1.5337910324785513,0.02,-0.6484155825694196,0,0,0,0
42,68631,1.18,0,-0.14720654890236193,0,Logistic regression,0.012822047576981799,-0.03635953051431963,0.012822047576981799,0.535,0.45339494009866144,0,0,1,1
42,43683,17.68,0,-1.013796177769173,0,Logistic regression,-1.3149878945934446,-0.9639497387949563,-1.3149878945934446,0.055,-0.41198517797920053,0,0,0,0
42,10670,6.99,0,-0.8336720061546139,0,Logistic regression,-1.7393145147006095,-1.0073535095397068,-1.7393145147006095,0.04,-0.23604412681703357,0,0,0,0
42,154697,7.59,1,0.16449747007094265,1,Logistic regression,8.461893178560231,1.5440568576106406,8.461893178560231,0.87,0.45365906768246833,1,1,1,1
42,11868,1.79,0,-1.0742415455722412,0,Logistic regression,-2.170038209945195,-1.1779820368738707,-2.170038209945195,0.01,-0.2790147869190943,0,0,0,0
42,9252,1.0,1,0.23972667742930687,1,Logistic regression,16.00500339252713,0.5438587771693281,16.00500339252713,0.885,0.453437017319642,1,1,1,1
42,236131,44.89,0,-0.8503383237858613,0,Logistic regression,-1.6299895036442809,-1.1597878105550947,-1.6299895036442809,0.005,-0.44146024285427266,0,0,0,0
42,218727,210.34,0,-1.333731612399142,0,Logistic regression,-1.8455132405175325,-1.2513165501184216,-1.8455132405175325,0.04,-0.8436318303006709,0,0,0,0
42,280149,77.89,1,0.4710405351060616,1,Logistic regression,1.2183446376772595,0.6978389100813698,1.2183446376772595,0.875,0.6934219718876764,1,1,1,1
42,121291,8.98,0,-1.1426204821682973,0,Logistic regression,-2.3151490421185774,-1.2987067839509052,-2.3151490421185774,0.0,-0.6906941909925035,0,0,0,0
42,19003,2.58,0,-0.872219553716745,0,Logistic regression,-1.7816379690263706,-0.9607646081992753,-1.7816379690263706,0.005,-0.9531238453417386,0,0,0,0
42,78089,1.0,0,-1.3175404322329025,0,Logistic regression,-1.7616371208420172,-1.2056905897494974,-1.7616371208420172,0.015,-0.8124090998939761,0,0,0,0
42,88307,180.0,1,0.6733602088868029,1,Logistic regression,3.208098852743201,1.6291121127730643,3.208098852743201,0.9,0.6576993544766786,1,1,1,1
42,67471,1.98,0,-0.87726229176911,0,Logistic regression,-1.4015877715409122,-0.7928652060719169,-1.4015877715409122,0.21,-0.3793936477067892,0,0,0,0
42,122271,45.6,0,-1.0810546373312273,0,Logistic regression,-1.3203603738841272,-1.0056781583188021,-1.3203603738841272,0.01,-0.8277573518449812,0,0,0,0
42,219722,179.48,0,-1.1785074533927546,0,Logistic regression,-1.4448531954150337,-1.1666901934135179,-1.4448531954150337,0.03,-0.6406673553859323,0,0,0,0
42,65420,9.99,0,-0.8523242169357517,0,Logistic regression,-0.8591008983783136,-1.1172526939205845,-0.8591008983783136,0.025,-0.2245840008388148,0,0,0,0
42,75004,3.34,0,-0.34076147360436915,0,Logistic regression,-1.5273126761091524,-0.8078104514203337,-1.5273126761091524,0.245,-0.19155089205216835,0,0,0,0
42,255403,4.97,1,0.39154249223870813,1,Logistic regression,3.3010366592642812,0.6918193207589123,3.3010366592642812,0.94,0.6413073974055502,1,1,1,1
42,240222,1.0,1,-0.4916998210493151,0,Logistic regression,-0.37272522232848504,-0.7122640849645778,-0.37272522232848504,0.15,0.41263435918741953,0,0,0,1
42,14833,14.13,0,-0.9615622887460935,0,Logistic regression,-2.258350008214277,-1.1702872910093203,-2.258350008214277,0.015,-0.8656248131175326,0,0,0,0
42,235866,49.0,0,-1.236007346000539,0,Logistic regression,-1.6856469144190411,-1.2023594600277925,-1.6856469144190411,0.005,-0.729215370996996,0,0,0,0
42,147683,1.79,0,-1.1486149721188728,0,Logistic regression,-2.1846431112635436,-1.3592554362725882,-2.1846431112635436,0.0,-0.9059250455943475,0,0,0,0
42,42700,30.26,1,0.33844446320943583,1,Logistic regression,15.155900408962108,0.7930529277932319,15.155900408962108,0.9,0.49242860754605117,1,1,1,1
42,150679,104.03,1,0.0476344447413581,1,Logistic regression,17.985876166917794,0.5850654420386563,17.985876166917794,0.855,0.45423846288211683,1,1,1,1
42,2013,1.0,0,-0.4903172059106534,0,Logistic regression,-1.3842941703199616,-0.7479410239578367,-1.3842941703199616,0.225,-0.31188092219558816,0,0,0,0
42,203700,0.0,1,0.35009467185174437,1,Logistic regression,2.4246028137797366,1.0354335462866355,2.4246028137797366,0.835,0.5017351048182401,1,1,1,1
42,277471,54.99,0,-1.4341734625770166,0,Logistic regression,-1.812758796518792,-1.315366544410711,-1.812758796518792,0.01,-0.7988898166068552,0,0,0,0
42,9509,1.0,1,0.30587883346507194,1,Logistic regression,15.027932126889109,1.0401465726101935,15.027932126889109,0.925,0.4534355363425321,1,1,1,1
42,221041,2.0,1,0.12538356157072547,1,Logistic regression,2.8877274284218193,-0.4059483340786511,2.8877274284218193,0.655,0.45338852226346377,0,1,1,1
42,88876,1.0,1,0.25781594149113696,1,Logistic regression,-0.6075830331188673,-0.41874961762396873,-0.6075830331188673,0.595,0.6960039133012156,0,0,1,1
42,89190,1402.16,1,0.13020462920649284,1,Logistic regression,7.638615430635681,0.09223082588709437,7.638615430635681,0.855,0.4533951910633969,1,1,1,1
42,146962,1.79,0,-0.754819652264572,0,Logistic regression,-2.432230151050038,-1.2642689334175665,-2.432230151050038,0.005,-0.43207560049813354,0,0,0,0
42,95210,10.0,0,-1.1314001982107647,0,Logistic regression,-1.8609030675229634,-1.3191019353749032,-1.8609030675229634,0.01,-0.5888831137676376,0,0,0,0
42,37557,29.99,0,-1.1885442795594399,0,Logistic regression,-2.2253822102963707,-1.3432327219668765,-2.2253822102963707,0.005,0.08937773495385498,0,0,0,0
42,133651,0.99,0,-1.1919230354044328,0,Logistic regression,-2.3677738530677477,-1.3113668116994708,-2.3677738530677477,0.005,0.013285515617524501,0,0,0,0
42,258433,1.79,0,-1.0221297725130052,0,Logistic regression,-1.8149229193488117,-1.038461475359222,-1.8149229193488117,0.035,-0.9611536775952179,0,0,0,0
42,267121,146.5,0,-1.224226409685086,0,Logistic regression,-2.736953392270919,-1.490863674540207,-2.736953392270919,0.005,-0.7040226233801374,0,0,0,0
42,249195,552.51,0,-0.6012851236580464,0,Logistic regression,-1.5792066814680288,-1.0867560744830955,-1.5792066814680288,0.075,0.2886175581375634,0,0,0,0
42,28997,2.8,0,-1.137583484864541,0,Logistic regression,-1.52572300577017,-1.0613402177234768,-1.52572300577017,0.005,-0.2326326208553332,0,0,0,0
42,141257,0.0,1,0.15537888414008835,1,Logistic regression,8.840486680845405,1.0298363993171498,8.840486680845405,0.755,0.45893401473067846,1,1,1,1
42,15819,46.0,0,-0.9383243714259508,0,Logistic regression,-1.30889122851518,-0.9552631606764299,-1.30889122851518,0.02,-0.9591733415137844,0,0,0,0
42,165078,12.31,0,-0.5596041440637505,0,Logistic regression,-1.3423393393450282,-0.9298408994464635,-1.3423393393450282,0.12,-0.3762708959853551,0,0,0,0
42,215782,44.35,0,-0.5805486806481739,0,Logistic regression,-0.6921568323642898,-0.8501787012765673,-0.6921568323642898,0.045,-0.20901960684824727,0,0,0,0
42,77348,0.01,1,0.5151152983312652,1,Logistic regression,3.8833958639456725,1.8295224765317095,3.8833958639456725,0.91,0.6811666411667838,1,1,1,1
42,104559,269.55,0,-0.7052073616393394,0,Logistic regression,-1.1711965862020952,-0.8505589858041642,-1.1711965862020952,0.04,-0.2608897136667695,0,0,0,0
42,229782,16.99,0,-1.057411969783941,0,Logistic regression,-2.469603176189224,-1.3405859020738775,-2.469603176189224,0.005,-0.7884834755687715,0,0,0,0
42,2818,4.95,0,-0.9901690008936979,0,Logistic regression,-2.0061590810214156,-1.0693953979899427,-2.0061590810214156,0.005,-0.9763487731385723,0,0,0,0
42,197649,49.46,0,-0.4709073562687136,0,Logistic regression,-1.2131917415766984,-0.635648086825626,-1.2131917415766984,0.305,-0.49215505890124966,0,0,0,0
42,79883,270.0,1,0.3086106536962786,1,Logistic regression,2.3116943550354843,0.8901735487948927,2.3116943550354843,0.835,0.7139578103931168,1,1,1,1
42,150660,44.9,1,0.21134504475073068,1,Logistic regression,15.078212885967222,0.7691329876501104,15.078212885967222,0.89,0.45581297184410796,1,1,1,1
42,17317,99.99,1,0.29561459187180955,1,Logistic regression,16.399757002410407,0.3715653387009393,16.399757002410407,0.8,0.4533952357387084,1,1,1,1
42,253224,54.99,0,-1.3256450573597356,0,Logistic regression,-2.1320341506161045,-1.3735689609889894,-2.1320341506161045,0.0,-0.8190412340449711,0,0,0,0
42,67332,29.56,0,-0.8978787420531975,0,Logistic regression,-1.7499142557004308,-1.0251372556010017,-1.7499142557004308,0.02,-0.7853523272164655,0,0,0,0
42,236151,0.99,0,-1.1248755284114897,0,Logistic regression,-2.022840823640707,-1.1736534418819173,-2.022840823640707,0.0,-0.8730683387331193,0,0,0,0
42,12813,2.99,0,-0.8646743930344052,0,Logistic regression,-2.5218686481371066,-1.086389388911576,-2.5218686481371066,0.055,-0.14046489057020817,0,0,0,0
42,68522,0.76,1,0.4690673572047963,1,Logistic regression,2.9697024023594567,1.0574772821214729,2.9697024023594567,0.9,0.7367059025827558,1,1,1,1
42,64329,99.99,1,0.4083230936848399,1,Logistic regression,8.11805894879393,1.339147461415671,8.11805894879393,0.905,0.4551078368055942,1,1,1,1
42,260655,75.0,0,-1.1543581375957874,0,Logistic regression,-2.096052054715369,-1.3638397422414514,-2.096052054715369,0.03,0.032878686005852586,0,0,0,0
42,164488,3.56,0,-1.0861827536378197,0,Logistic regression,-1.9233703845845256,-1.140866583649525,-1.9233703845845256,0.015,-0.7826555978278451,0,0,0,0
42,22588,54.9,0,-1.2768552421277621,0,Logistic regression,-1.6140509542355992,-1.1074043600660826,-1.6140509542355992,0.01,-1.0318571932899072,0,0,0,0
42,32930,49.4,0,-1.2607863811710591,0,Logistic regression,-1.835178385146197,-1.285130680901641,-1.835178385146197,0.01,-0.7695852340606204,0,0,0,0
42,41146,89.95,0,-1.341874379392926,0,Logistic regression,-1.5414794743801827,-1.226328455337349,-1.5414794743801827,0.05,-0.8748194189983491,0,0,0,0
42,39921,32.68,0,-0.752757644619165,0,Logistic regression,-2.1073404208975557,-1.1242357766887268,-2.1073404208975557,0.13,-0.1390290198249049,0,0,0,0
42,135393,2.49,0,-0.9640255851519919,0,Logistic regression,-2.0486558568126805,-1.221194986990027,-2.0486558568126805,0.005,-0.2263698712879938,0,0,0,0
42,55965,242.34,0,-0.7339324405424955,0,Logistic regression,-0.21374357177607828,-0.9104188327452148,-0.21374357177607828,0.28,0.07869350964684269,0,0,0,0
42,81016,60.0,0,-0.3619700273357367,0,Logistic regression,0.15234795630815845,-0.9397107743909936,0.15234795630815845,0.175,0.02455531918300713,0,0,0,0
42,129268,17.85,0,-0.41622057871598894,0,Logistic regression,-1.9139202839995075,-1.14333186395659,-1.9139202839995075,0.13,0.252588955394058,0,0,0,0
42,15781,99.99,1,0.2593307411262976,1,Logistic regression,15.988548795198934,0.5194404430692028,15.988548795198934,0.83,0.4534634099284104,1,1,1,1
42,284766,95.63,0,-1.199587527403217,0,Logistic regression,-1.7713951197455757,-1.1894574473077988,-1.7713951197455757,0.04,0.011024349177289727,0,0,0,0
42,228060,260.0,0,-0.5555872804408223,0,Logistic regression,-2.015409330074551,-0.8722140164421928,-2.015409330074551,0.1,0.45339493966715533,0,0,0,1
42,172593,142.55,0,-0.9162056358504729,0,Logistic regression,-2.446380997453582,-1.1130048252663574,-2.446380997453582,0.01,-0.09791491603719904,0,0,0,0
42,151168,15.13,0,-0.8986143949767149,0,Logistic regression,-1.017742639586925,-1.0735597854286405,-1.017742639586925,0.02,0.37402791765348514,0,0,0,1
42,184898,10.52,0,-1.1100987973033634,0,Logistic regression,-2.2864916628361094,-1.3531299953930533,-2.2864916628361094,0.055,-0.31320957013192385,0,0,0,0
42,93788,0.0,1,-0.365492214078305,0,Logistic regression,-0.7543485180203342,-0.6975748440690741,-0.7543485180203342,0.15,-0.006705666992988968,0,0,0,0
42,5106,55.39,0,-0.8464113792812924,0,Logistic regression,-2.5319155357450285,-1.2464728424192648,-2.5319155357450285,0.035,0.062107348249444194,0,0,0,0
42,223435,342.0,0,0.17764055000885487,1,Logistic regression,2.406531717103036,0.18910397310309424,2.406531717103036,0.62,0.45330703655302373,1,1,1,1
42,66285,22.0,0,-0.7486213826632009,0,Logistic regression,-2.234431324671351,-1.2107456081011776,-2.234431324671351,0.035,-0.15104499333588495,0,0,0,0
42,174288,77.05,0,-0.6344669954132653,0,Logistic regression,-0.7149497876265315,-1.0113901034134072,-0.7149497876265315,0.155,-0.1390066766947995,0,0,0,0
42,206884,10.61,0,-0.9180424397387423,0,Logistic regression,-1.6403794241892753,-1.163074109162324,-1.6403794241892753,0.035,-0.9766339587759703,0,0,0,0
42,7157,710.69,0,-0.0918985471503028,0,Logistic regression,-1.5677223399485851,-0.8485828166040712,-1.5677223399485851,0.085,0.3862091623000324,0,0,0,1
42,79549,98.96,0,-1.3535510937727369,0,Logistic regression,-1.4519928733839247,-1.0863840984654027,-1.4519928733839247,0.005,-0.4869990861238648,0,0,0,0
42,23582,28.0,0,-0.7074073656819073,0,Logistic regression,-1.951884653263251,-0.8831803653204522,-1.951884653263251,0.16,-0.5914184746890994,0,0,0,0
42,23308,0.0,1,0.7141092119907847,1,Logistic regression,2.4174787268262183,1.2268481880125393,2.4174787268262183,0.87,0.6331670580178522,1,1,1,1
42,164823,115.45,0,-0.5009461248406442,0,Logistic regression,-1.9348933716359422,-1.1431586803599914,-1.9348933716359422,0.07,0.13033778269838925,0,0,0,0
42,8617,1.0,1,0.2796062297445856,1,Logistic regression,2.9106844256879394,1.464156322092301,2.9106844256879394,0.89,0.4761278369895912,1,1,1,1
42,41655,78.0,0,-0.9656936599885741,0,Logistic regression,-2.1347699419480066,-1.0918295409040202,-2.1347699419480066,0.045,-0.5401537002332111,0,0,0,0
123,145274,1.98,0,-1.0569050021000288,0,Logistic regression,-2.8030407673575573,-1.302454934888769,-2.8030407673575573,0.02,-0.7912708001274887,0,0,0,0
123,255720,9.99,0,-0.6205320044742882,0,Logistic regression,-1.5510680889198287,-0.624080899633832,-1.5510680889198287,0.17,0.2196328887061968,0,0,0,0
123,156990,186.13,1,0.47669344050518125,1,Logistic regression,3.683261965520445,1.2116427122067794,3.683261965520445,0.995,0.610062531590456,1,1,1,1
123,207141,79.95,0,-1.323985275484644,0,Logistic regression,-2.374977868370484,-1.1495027427102769,-2.374977868370484,0.0,-0.9302736223446967,0,0,0,0
123,51384,301.5,0,-0.5671306831278884,0,Logistic regression,-1.3057022013282151,-0.4793161491151091,-1.3057022013282151,0.035,-0.2627381975800668,0,0,0,0
123,91671,290.18,1,-1.1295155945543816,0,Logistic regression,-1.9035597536085738,-0.8712649052705203,-1.9035597536085738,0.14,0.0737213536202535,0,0,0,0
123,129407,2.58,0,-0.937950552118251,0,Logistic regression,-1.477248141245728,-0.9786758001962249,-1.477248141245728,0.0,-1.062917866155488,0,0,0,0
123,233937,49.48,0,-1.0241299920472489,0,Logistic regression,-2.0743222624849693,-1.0706260536709546,-2.0743222624849693,0.425,-0.4473401626539062,0,0,0,0
123,154694,346.94,1,-0.07580196914901263,1,Logistic regression,2.211858248232276,1.028022980464348,2.211858248232276,0.95,0.49418982776669984,1,1,1,1
123,183106,0.0,1,0.0018575250078615643,1,Logistic regression,2.987004125762436,1.074082076001282,2.987004125762436,0.57,0.616108048364,1,1,1,1
123,202416,372.34,0,-1.1788310182961943,0,Logistic regression,-3.806735760564676,-1.3135656177175408,-3.806735760564676,0.0,-0.6188502144292148,0,0,0,0
123,192769,87.38,0,-0.37677190932348703,0,Logistic regression,-1.284590673734097,-0.3805079092411271,-1.284590673734097,0.14,0.26238274403125694,0,0,0,1
123,232584,177.95,0,-1.0401580296063293,0,Logistic regression,-4.155270011212636,-1.2698116148334138,-4.155270011212636,0.0,-0.10969041125545931,0,0,0,0
123,60808,11.5,0,-1.1953494104465168,0,Logistic regression,-1.7903366190408396,-1.091081186289204,-1.7903366190408396,0.005,-0.9920832445548581,0,0,0,0
123,114037,3.03,0,-1.07353884089418,0,Logistic regression,-2.614209157568289,-1.2205587675080078,-2.614209157568289,0.055,-1.0141034780558003,0,0,0,0
123,135072,7.5,0,-1.1980328211197213,0,Logistic regression,-2.1768461851356466,-1.1213661111096935,-2.1768461851356466,0.0,-0.9868556635514568,0,0,0,0
123,51300,192.44,0,-1.1501757773370098,0,Logistic regression,-3.0671700291061086,-1.2244215020224192,-3.0671700291061086,0.04,-0.9086051389442628,0,0,0,0
123,216406,134.0,0,-1.1236814458645386,0,Logistic regression,-2.46969207241833,-1.1368591994259507,-2.46969207241833,0.12,-0.034230748699179414,0,0,0,0
123,68633,1.18,1,-1.1700753427863964,0,Logistic regression,-2.704836343095584,-1.289967972032485,-2.704836343095584,0.035,-0.8211455481681881,0,0,0,0
123,151730,18.96,1,0.39179638369470693,1,Logistic regression,2.4708188014775363,0.574111132078295,2.4708188014775363,0.795,0.4841498525629684,1,1,1,1
123,40731,39.02,0,-1.1606961157548847,0,Logistic regression,-2.096776374429413,-1.1700976257763962,-2.096776374429413,0.0,-0.4040230311330515,0,0,0,0
123,175032,41.92,0,-0.5040900510906853,0,Logistic regression,-1.185897118072493,-0.8722014310689598,-1.185897118072493,0.03,-0.05957822726538875,0,0,0,0
123,150925,45.48,1,-0.08305509845557521,1,Logistic regression,4.205098070161329,0.6182467502540456,4.205098070161329,0.58,0.4878797880133845,1,1,1,1
123,276500,1.79,0,-0.9054103176753591,0,Logistic regression,-1.5811717160213505,-1.0853715396322103,-1.5811717160213505,0.0,-1.2197178680243894,0,0,0,0
123,121995,74.9,0,-1.0663972032784808,0,Logistic regression,-2.2015259421595563,-1.2186763193859562,-2.2015259421595563,0.0,-1.0446296556583725,0,0,0,0
123,12743,380.39,0,-1.1363868480694173,0,Logistic regression,-4.005202488850433,-1.0935638715833345,-4.005202488850433,0.015,0.22997247900824158,0,0,0,0
123,74944,13.86,0,-1.1022763972433995,0,Logistic regression,-3.059830125697019,-1.185988743526147,-3.059830125697019,0.0,-0.47283683084650685,0,0,0,0
123,276698,3.57,0,-1.1443633853830129,0,Logistic regression,-2.0447162283410685,-1.1469535149103378,-2.0447162283410685,0.0,-1.015175072748797,0,0,0,0
123,271193,5.25,0,-1.1885959440483655,0,Logistic regression,-1.7899944581434022,-1.0915894905839791,-1.7899944581434022,0.03,-1.241274035983933,0,0,0,0
123,83957,5.92,0,-1.152823719069796,0,Logistic regression,-3.247894577995913,-1.2939758696173773,-3.247894577995913,0.0,-1.0165239294657504,0,0,0,0
123,195583,365.04,0,-0.3456440065605212,0,Logistic regression,-4.54875241379637,-0.6328366881438564,-4.54875241379637,0.15,0.42184505389036253,0,0,0,1
123,187692,127.87,0,-0.990536174983355,0,Logistic regression,-1.42457695349171,-0.8061223224796502,-1.42457695349171,0.23,0.17531258716251685,0,0,0,0
123,6334,1.0,1,0.27715595211373334,1,Logistic regression,5.318799553517797,1.1292453911732774,5.318799553517797,0.995,0.5787165887952499,1,1,1,1
123,80062,899.0,0,-0.3536616523809575,0,Logistic regression,-2.691182508552961,-0.027030078525203005,-2.691182508552961,0.075,0.441202305465204,0,0,0,1
123,36695,12.1,0,-1.368582564879158,0,Logistic regression,-1.8620576700723497,-1.153061614945626,-1.8620576700723497,0.025,-0.5535486385545686,0,0,0,0
123,65131,6.8,0,-0.9237865482619325,0,Logistic regression,-2.3339334739380284,-1.270331897165021,-2.3339334739380284,0.045,-0.5459046986799417,0,0,0,0
123,54142,113.12,0,-0.7206556147566272,0,Logistic regression,-2.6657232883735738,-1.2331664464751784,-2.6657232883735738,0.1,-0.6714567624826858,0,0,0,0
123,145800,451.27,1,-0.8172601908198868,0,Logistic regression,-2.143691274099665,-0.7320753486965655,-2.143691274099665,0.27,0.37757939972334253,0,0,0,1
123,172787,144.62,1,-0.0634337436791999,1,Logistic regression,0.8640694872986387,0.5714284491242214,0.8640694872986387,0.93,0.6131565757057211,1,0,1,1
123,257524,0.49,0,-1.0365896646400174,0,Logistic regression,-2.115187450653277,-0.8715736087775928,-2.115187450653277,0.08,-0.5980856439688843,0,0,0,0
123,8631,99.99,0,-1.0413822224625244,0,Logistic regression,-2.7400684098474883,-1.2875160518601683,-2.7400684098474883,0.0,-0.21667518345805692,0,0,0,0
123,31002,111.7,1,0.12212595072813986,1,Logistic regression,2.915026172607919,0.9784176661044423,2.915026172607919,0.89,0.5172446157302235,1,1,1,1
123,234755,10.59,0,-0.8648033253871511,0,Logistic regression,-3.1407231113466842,-1.2075117162190412,-3.1407231113466842,0.255,0.31419827743049356,0,0,0,1
123,50793,9.99,0,-1.343937156101032,0,Logistic regression,-3.1182479418716467,-1.3267171411722725,-3.1182479418716467,0.0,-1.0325232512954132,0,0,0,0
123,280143,0.76,1,0.02460213341514733,1,Logistic regression,1.0876973950308757,0.32083444932868643,1.0876973950308757,0.785,0.3912361610356056,1,1,1,1
123,206253,209.52,0,-1.4567216637107816,0,Logistic regression,-2.122340045190513,-1.1663964750760139,-2.122340045190513,0.0,-0.2357135636076093,0,0,0,0
123,31587,3.49,0,-1.5131122644227306,0,Logistic regression,-1.10906655991859,-0.8756617699282984,-1.10906655991859,0.2,-0.021562557869939658,0,0,0,0
123,44556,1.0,1,-0.5623887977697097,0,Logistic regression,1.9489148234110176,1.148083416242991,1.9489148234110176,0.96,0.5886985240268421,1,1,1,1
123,42609,83.38,1,0.4232421630274176,1,Logistic regression,4.741062407215456,1.072416782061762,4.741062407215456,0.95,0.7011622429611533,1,1,1,1
123,160338,9.99,0,-0.8140748286649684,0,Logistic regression,-4.367568811046251,-1.0747874001587698,-4.367568811046251,0.0,-0.14934941314482097,0,0,0,0
123,255403,4.97,1,0.5085350009552484,1,Logistic regression,3.367408762939215,1.0306388508908713,3.367408762939215,0.87,0.6891296020241228,1,1,1,1
123,179767,15.09,0,-1.1661644156992166,0,Logistic regression,-4.439579790347895,-1.1842196310600013,-4.439579790347895,0.005,-0.5516348020690055,0,0,0,0
123,138917,65.72,0,-1.1987149476540917,0,Logistic regression,-1.8805315893755874,-0.879284641249959,-1.8805315893755874,0.015,-0.061514515276634985,0,0,0,0
123,220438,118.0,0,-1.3437695093337436,0,Logistic regression,-3.776589831429,-1.3520634170705228,-3.776589831429,0.0,-0.6389365800544465,0,0,0,0
123,217190,144.0,0,-1.2003228474039191,0,Logistic regression,-3.517293828706702,-1.445930041939774,-3.517293828706702,0.0,-0.9963896844364334,0,0,0,0
123,193311,233.27,0,-1.0902254151132316,0,Logistic regression,-1.0828064866441534,-0.3256070455943796,-1.0828064866441534,0.31,0.3078065751021698,0,0,0,1
123,213262,26.53,0,-1.5961601531610023,0,Logistic regression,-2.020532752057722,-1.1330961724477828,-2.020532752057722,0.03,-0.4005287094902391,0,0,0,0
123,64814,600.0,0,-0.8312029058041938,0,Logistic regression,-3.4663972238447367,-0.8134459142360061,-3.4663972238447367,0.25,0.37786309042497634,0,0,0,1
123,250433,7.99,0,-0.9304050518017845,0,Logistic regression,-2.2694456930675218,-1.1876905705961627,-2.2694456930675218,0.055,-0.5103088526246345,0,0,0,0
123,23760,3.76,0,-0.792573644684596,0,Logistic regression,-1.180021829363797,-0.728846243559837,-1.180021829363797,0.0,-0.7757927763401632,0,0,0,0
123,218855,7.85,0,-0.883447332930273,0,Logistic regression,-1.3313894146038865,-0.9085831781068788,-1.3313894146038865,0.285,-0.25736110271645485,0,0,0,0
123,22610,9.99,0,-0.5985013590829699,0,Logistic regression,-1.360245526592045,-0.9296387277570038,-1.360245526592045,0.0,-1.0986068340482067,0,0,0,0
123,112112,62.74,0,-0.27855439104589563,0,Logistic regression,-2.8734682286382065,-0.273919143007335,-2.8734682286382065,0.17,0.45073719150847913,0,0,0,1
123,52521,105.99,1,-0.8871449763486459,0,Logistic regression,-0.9996440943783806,-0.6738356255734862,-0.9996440943783806,0.0,-0.60939597621801,0,0,0,0
123,153835,1.0,1,-0.1725708930551081,1,Logistic regression,9.23519402176411,0.7408257157950786,9.23519402176411,0.85,0.48457481843621286,1,1,1,1
123,49649,63.58,0,-1.2433302959252366,0,Logistic regression,-3.6973925213214915,-1.2314510688196951,-3.6973925213214915,0.0,-0.8794798346300227,0,0,0,0
123,202996,8.42,0,0.05404965677611509,1,Logistic regression,-1.9316639703317997,-1.0227933927286301,-1.9316639703317997,0.215,-0.5389861844823892,0,0,0,0
123,195822,250.0,0,-1.2395238250309484,0,Logistic regression,-2.824225850919015,-1.1882586879926542,-2.824225850919015,0.015,-0.25207711295091395,0,0,0,0
123,74794,311.91,1,-0.35959275666984225,0,Logistic regression,-2.314864490614856,-0.35423030920123755,-2.314864490614856,0.245,0.48087595911888975,0,0,0,1
123,15204,99.99,1,0.014598634184787983,1,Logistic regression,4.2485710303876045,0.6613082192078744,4.2485710303876045,0.955,0.5070603759859411,1,1,1,1
123,196301,44.05,0,-0.4906507630983896,0,Logistic regression,-2.7676417622227385,-1.349523964662422,-2.7676417622227385,0.055,-0.5977681061606962,0,0,0,0
123,184379,25.0,1,-0.3927766501882858,0,Logistic regression,-0.0038105049949728187,-0.4682326290014881,-0.0038105049949728187,0.32,0.2668735384432988,0,0,0,1
123,127402,6.26,0,-1.1907508811116085,0,Logistic regression,-2.242229323398419,-1.259171354473935,-2.242229323398419,0.065,-0.6993551303397346,0,0,0,0
123,6441,33.0,0,-1.024801623158777,0,Logistic regression,-3.8478860421930334,-1.2323081970517236,-3.8478860421930334,0.0,-0.4384935409186369,0,0,0,0
123,191791,1.0,0,-1.166755492629421,0,Logistic regression,-2.730593112600383,-1.3645505267353082,-2.730593112600383,0.0,-1.0199399753055691,0,0,0,0
123,16941,59.59,0,-0.21963413816280758,1,Logistic regression,-0.09413234948447902,-0.10833193478076375,-0.09413234948447902,0.025,0.2624480440523406,0,0,0,1
123,79134,10.08,0,-1.1779838771131617,0,Logistic regression,-2.5705303941100994,-1.317377887800855,-2.5705303941100994,0.0,-0.9737928991473651,0,0,0,0
123,105168,10.0,0,-1.3025876188371788,0,Logistic regression,-2.465318530401504,-1.24876876674064,-2.465318530401504,0.0,-0.9673805702820061,0,0,0,0
123,46442,38.85,0,-1.129673566005797,0,Logistic regression,-3.450208613689207,-1.3004273302929144,-3.450208613689207,0.0,-0.7765588096681096,0,0,0,0
123,4839,142.83,0,-1.2411769754467987,0,Logistic regression,-2.9758692383357763,-1.3038561038258094,-2.9758692383357763,0.0,0.18857988486813704,0,0,0,0
123,151807,33.59,1,0.3190090914651448,1,Logistic regression,5.860014701398892,0.5987623449049406,5.860014701398892,0.965,0.48231197606763127,1,1,1,1
123,76339,112.5,0,-1.058668751541322,0,Logistic regression,-1.9524090490724935,-0.9483277229691437,-1.9524090490724935,0.01,-0.3855384490499095,0,0,0,0
123,142926,55.77,0,-1.0496270402825358,0,Logistic regression,-2.219684179531579,-1.225941779718669,-2.219684179531579,0.0,-0.9662916531042199,0,0,0,0
123,257037,0.77,0,-1.0693072452384154,0,Logistic regression,-2.568254424047224,-1.2906648669569094,-2.568254424047224,0.0,-1.0277667737210732,0,0,0,0
123,132913,1.79,0,-1.2061068562461021,0,Logistic regression,-1.2268593436968762,-0.8103905038093812,-1.2268593436968762,0.07,-0.6026929567845271,0,0,0,0
123,118308,30.14,1,-1.1073060029667208,0,Logistic regression,-2.216344969615821,-1.248687554951509,-2.216344969615821,0.0,-0.9549871452768112,0,0,0,0
123,131115,1.0,0,-1.2849809426819192,0,Logistic regression,-3.2392188760821248,-1.3191414154497352,-3.2392188760821248,0.0,-0.5946810325014972,0,0,0,0
123,164911,172.0,0,-1.2222454645830443,0,Logistic regression,-2.628275487693591,-1.160130612098472,-2.628275487693591,0.015,-0.7102100771640533,0,0,0,0
123,143731,240.77,1,0.15337562435474408,1,Logistic regression,2.8443105207282606,1.2475760579230415,2.8443105207282606,0.98,0.6610534723003247,1,1,1,1
123,189461,0.0,0,-0.9049603961514169,0,Logistic regression,-2.790208164242591,-1.3012193206789138,-2.790208164242591,0.0,-0.34658773997857706,0,0,0,0
123,106998,3.79,1,-0.2662005800415942,0,Logistic regression,-0.18956090287018124,-0.31959149739001413,-0.18956090287018124,0.67,0.42464674217939047,0,0,1,1
123,77682,1.0,1,0.12415914588192878,1,Logistic regression,5.884390393236889,1.0161139167925413,5.884390393236889,0.765,0.4934160360392002,1,1,1,1
123,126481,3.78,0,-1.1508978806824646,0,Logistic regression,-1.2041987583585547,-0.8591893932764078,-1.2041987583585547,0.015,-0.4554683604816342,0,0,0,0
123,58987,22.84,0,-1.190182977415916,0,Logistic regression,-2.9866795831196042,-1.2236408845321645,-2.9866795831196042,0.035,-1.08466888206754,0,0,0,0
123,223264,29.58,0,-1.2394314440621108,0,Logistic regression,-1.6678149857931892,-1.0332193872822768,-1.6678149857931892,0.005,-0.7494934642518051,0,0,0,0
123,154272,14.95,0,-1.208125758742515,0,Logistic regression,-2.414899423796732,-1.311381971533491,-2.414899423796732,0.0,-0.46181383360014494,0,0,0,0
123,224885,89.68,0,-1.0867847052817705,0,Logistic regression,-3.0500304617679843,-1.1917615311585452,-3.0500304617679843,0.0,-0.5613042898387174,0,0,0,0
123,31730,19.99,0,-0.872717718749747,0,Logistic regression,-1.030284020969106,-0.6894103491204476,-1.030284020969106,0.01,-0.3760846021751242,0,0,0,0
123,68234,0.77,0,-1.1050499239851364,0,Logistic regression,-1.334811783556262,-0.9548688617458673,-1.334811783556262,0.055,-0.4787210995864982,0,0,0,0
123,231607,11.5,0,-1.3340521828626764,0,Logistic regression,-2.6359265434853434,-1.2825025972705038,-2.6359265434853434,0.0,-1.0788164269645781,0,0,0,0
123,83183,57.97,0,-1.1672411038369503,0,Logistic regression,-3.054391793989537,-1.214136827764766,-3.054391793989537,0.02,-0.15074592662927133,0,0,0,0
123,182223,70.0,0,-0.609669465096095,0,Logistic regression,-0.6117620495932519,-0.40642920872650523,-0.6117620495932519,0.01,-0.07768184752003215,0,0,0,0
123,222552,48.94,0,-1.4687442192724862,0,Logistic regression,-2.8785253147724648,-1.3887438969389474,-2.8785253147724648,0.01,-0.9429666824559947,0,0,0,0
123,95890,1.0,0,-1.1754598504917566,0,Logistic regression,-1.117135083393007,-0.7881683691542919,-1.117135083393007,0.085,-0.7959880205586892,0,0,0,0
123,19313,3.0,0,-0.9047867004820233,0,Logistic regression,-2.515183832714804,-1.2385647594630629,-2.515183832714804,0.01,-0.5989473912933977,0,0,0,0
123,210552,33.7,0,-1.4967606197549885,0,Logistic regression,-2.3206519837494053,-1.2561799800754687,-2.3206519837494053,0.0,-1.0962098176084107,0,0,0,0
123,176120,85.55,0,-1.1482917612595815,0,Logistic regression,-3.3798380918856683,-1.4298250291011212,-3.3798380918856683,0.0,-0.7500659603442578,0,0,0,0
123,128216,76.06,0,-1.1955537257359132,0,Logistic regression,-3.238291307173088,-1.3403959936283614,-3.238291307173088,0.0,-0.9948135014005338,0,0,0,0
123,12770,67.58,0,-1.0822225136824704,0,Logistic regression,-1.7730585985389147,-1.1281849968280926,-1.7730585985389147,0.07,-0.42284171326340336,0,0,0,0
123,62551,50.0,0,-1.2810207483656384,0,Logistic regression,-3.5709637479102447,-1.3348236712878325,-3.5709637479102447,0.005,-0.8253575236751821,0,0,0,0
123,197503,991.01,0,-0.7239166850649528,0,Logistic regression,-4.789494471962737,0.09999135116493346,-4.789494471962737,0.135,0.4611104017321684,0,0,0,1
123,179257,81.0,0,-1.2205621701932863,0,Logistic regression,-2.262939565796304,-1.171228705190276,-2.262939565796304,0.0,-0.8308561264065822,0,0,0,0
123,43624,39.45,1,-0.08357390518695171,1,Logistic regression,-0.3706137609714777,-0.018687470503822023,-0.3706137609714777,0.81,0.4924690519276376,0,0,1,1
123,242621,19.0,0,-1.0893982132255668,0,Logistic regression,-2.7890733733583533,-1.261753837886947,-2.7890733733583533,0.07,-1.030524972592635,0,0,0,0
123,111299,399.0,0,-0.9726176486495981,0,Logistic regression,-1.6734777068278106,-0.7007754993508449,-1.6734777068278106,0.06,-0.04480426246078395,0,0,0,0
123,162783,4.73,0,-1.1937626107740904,0,Logistic regression,-2.042804131728124,-1.0890213646482496,-2.042804131728124,0.005,-0.6696426496588465,0,0,0,0
123,167203,11.5,0,-0.8375450733126281,0,Logistic regression,-2.1478076153275536,-1.1921752049562495,-2.1478076153275536,0.0,-0.9679393092009861,0,0,0,0
123,99394,135.94,0,-1.2984249885886396,0,Logistic regression,-3.582529855582645,-1.4057868739741055,-3.582529855582645,0.0,-0.8328318176693809,0,0,0,0
123,88195,1278.98,0,-0.32223279592092446,0,Logistic regression,-2.8616234142984007,-0.032578944202661275,-2.8616234142984007,0.3,0.4823004033296235,0,0,0,1
123,62191,4.99,0,-1.2297681106661904,0,Logistic regression,-3.200749132890567,-1.383223097922479,-3.200749132890567,0.0,-1.238888495613765,0,0,0,0
123,120505,99.85,1,0.11617583645543386,1,Logistic regression,2.557657525671785,1.1661479505879662,2.557657525671785,0.945,0.6033775174233736,1,1,1,1
123,95400,34.9,0,-1.102443284662455,0,Logistic regression,-4.200143970028088,-1.3725153619653998,-4.200143970028088,0.0,-0.3436744207985921,0,0,0,0
123,120837,99.9,1,-0.08842832679801071,1,Logistic regression,2.2704326703508606,1.0136520659927983,2.2704326703508606,0.835,0.6049001211752998,1,1,1,1
123,75431,139.81,0,-0.9466248560816382,0,Logistic regression,-4.609619152849408,-1.1548517646082725,-4.609619152849408,0.0,-0.4494664685290446,0,0,0,0
123,75510,72.0,0,-0.9856571406600799,0,Logistic regression,-4.321007402027292,-1.3550508318238301,-4.321007402027292,0.0,-0.10127527901373978,0,0,0,0
123,41313,22.7,0,-1.2206617261360577,0,Logistic regression,-2.479263428060862,-1.3421633446433927,-2.479263428060862,0.0,-1.0730924312096972,0,0,0,0
123,66494,158.0,0,-1.1697069345699254,0,Logistic regression,-3.2142904330827524,-1.3858675890144054,-3.2142904330827524,0.0,-1.0392538252812127,0,0,0,0
123,42528,340.11,1,0.39914427489551363,1,Logistic regression,6.148691075024271,0.8367660210455325,6.148691075024271,0.96,0.552391975661705,1,1,1,1
123,108868,24.0,0,-0.39136087167804057,0,Logistic regression,-2.7685572522541806,0.2359351381042576,-2.7685572522541806,0.315,0.4829771436508947,0,0,0,1
123,159979,1.0,0,-1.326221651462738,0,Logistic regression,-3.420025091003854,-1.410555880183991,-3.420025091003854,0.0,-0.7518685265747452,0,0,0,0
123,191785,38.52,0,-1.121426864147319,0,Logistic regression,-2.688183133717821,-1.1235935854929169,-2.688183133717821,0.025,-0.5023818979195693,0,0,0,0
123,170856,156.2,0,-0.7518910844806507,0,Logistic regression,-2.017679111064498,-0.6006064938990819,-2.017679111064498,0.32,0.37461277449945535,0,0,0,1
123,174320,2.32,0,-1.193704045478227,0,Logistic regression,-2.2351379977935872,-1.289684013171207,-2.2351379977935872,0.005,-0.9993709688532725,0,0,0,0
123,121321,2.69,0,-0.18879754932044987,1,Logistic regression,-4.560025986294833,-0.003806054712161555,-4.560025986294833,0.135,0.4788636056009454,0,0,0,1
123,173766,25.0,0,-1.168522834747745,0,Logistic regression,-3.118059108279793,-1.3963281667703265,-3.118059108279793,0.03,-0.6109058826372921,0,0,0,0
123,62994,64.0,0,-1.1723955878579377,0,Logistic regression,-2.253649075633729,-1.2834629112013922,-2.253649075633729,0.0,-0.45408579713668995,0,0,0,0
123,151773,4.9,0,-0.952671886840204,0,Logistic regression,-2.9845744584799814,-1.1250736734736946,-2.9845744584799814,0.0,-0.13726690092361393,0,0,0,0
123,249963,0.77,1,0.6127712225030633,1,Logistic regression,6.2630134987052575,1.3978740176361066,6.2630134987052575,0.98,0.7983705569566798,1,1,1,1
123,216811,143.6,0,-0.4120489085293234,0,Logistic regression,-1.4637762151724742,-0.7569273540780278,-1.4637762151724742,0.245,0.4234802572344375,0,0,0,1
123,165551,15.0,0,-0.9990607588412016,0,Logistic regression,-4.12489775218532,-1.2200034191576195,-4.12489775218532,0.0,-0.3109219240539792,0,0,0,0
123,22762,7.44,0,-0.852061783124763,0,Logistic regression,-1.3287638055231596,-0.7948346609615028,-1.3287638055231596,0.025,-0.5757719192013603,0,0,0,0
123,33642,27.95,0,-1.0954439488069507,0,Logistic regression,-1.7509341093870332,-1.0733088627162553,-1.7509341093870332,0.0,-1.0200380150172794,0,0,0,0
123,42432,40.0,0,-1.0280696613253657,0,Logistic regression,-1.8717161258162562,-0.9531921513963603,-1.8717161258162562,0.185,-0.4480996283696985,0,0,0,0
123,130571,1.0,0,-1.0601792441876927,0,Logistic regression,-3.280999278074858,-1.285821714193013,-3.280999278074858,0.005,-0.7665694667979633,0,0,0,0
123,119203,30.0,0,-1.0890516490855864,0,Logistic regression,-3.401931100714945,-1.3057163833617729,-3.401931100714945,0.01,-0.1565719414007447,0,0,0,0
123,249127,120.0,0,-0.9483479604563961,0,Logistic regression,-3.1395767135311328,-1.2892168372724875,-3.1395767135311328,0.005,-0.15309289948455163,0,0,0,0
123,6882,1.1,1,0.033303049797269675,1,Logistic regression,2.6498043573286125,1.0838981396714642,2.6498043573286125,0.995,0.5302815510735761,1,1,1,1
123,200304,1.0,0,-0.9019632132808998,0,Logistic regression,-0.8806240863897041,-0.6688160083417322,-0.8806240863897041,0.02,-0.11258542977230102,0,0,0,0
123,157178,15.95,0,-0.9986489927801014,0,Logistic regression,-2.2974726239467542,-1.0207676362157958,-2.2974726239467542,0.01,-0.11844434522956682,0,0,0,0
123,243180,75.0,0,-1.110300286560954,0,Logistic regression,-2.212885673673794,-1.1706680775774458,-2.212885673673794,0.01,-0.8214403621915335,0,0,0,0
123,269311,5.4,0,-0.7580068407017062,0,Logistic regression,-2.6237783024842978,-1.30023773645781,-2.6237783024842978,0.01,-0.9520443253347476,0,0,0,0
123,130300,149.19,0,-0.3196033452167354,0,Logistic regression,-2.1876659355369443,-0.8290835794232015,-2.1876659355369443,0.225,-0.060671838243096965,0,0,0,0
123,109738,44.89,0,-0.7446888332597985,0,Logistic regression,-0.8354219135593686,-0.5950455179952124,-0.8354219135593686,0.015,-0.24516919828354067,0,0,0,0
123,200899,15.0,0,-1.3431793373472476,0,Logistic regression,-2.75132427373769,-1.293041815667562,-2.75132427373769,0.0,-0.4301710703175622,0,0,0,0
123,69648,99.99,0,-0.035267360331461065,1,Logistic regression,-4.91397042689138,0.1917738669689535,-4.91397042689138,0.23,0.47953117743130325,0,0,0,1
123,7900,15.95,0,-1.1491307346617703,0,Logistic regression,-2.768263723753381,-1.2815813020652826,-2.768263723753381,0.0,-0.41126965835510043,0,0,0,0
123,153948,15.95,0,-1.227578898922145,0,Logistic regression,-2.1977168592112744,-1.2339272759835316,-2.1977168592112744,0.005,-0.48739956868928325,0,0,0,0
123,21515,105.55,0,-1.137759496564971,0,Logistic regression,-4.01182565406661,-1.2645069054965705,-4.01182565406661,0.0,-0.7361255433180035,0,0,0,0
123,147462,729.34,0,-1.137049198901803,0,Logistic regression,-3.3072285267574175,-0.30724186389098807,-3.3072285267574175,0.06,0.37882309041751144,0,0,0,1
123,229499,46.9,0,-1.371890020959531,0,Logistic regression,-1.5774718865040451,-0.9779445750234125,-1.5774718865040451,0.0,-1.336893661727395,0,0,0,0
123,74868,8.03,0,-1.272835743392803,0,Logistic regression,-1.033790615636978,-0.7930643517262946,-1.033790615636978,0.005,-1.1983877683039985,0,0,0,0
123,279835,11.09,0,-1.4374707325023717,0,Logistic regression,-1.9862464433392661,-1.1879463955730545,-1.9862464433392661,0.0,-1.100243332220845,0,0,0,0
123,165449,5.99,0,-0.9382592341208429,0,Logistic regression,-2.2603925618210097,-1.2572252844251892,-2.2603925618210097,0.005,-1.1066858399018953,0,0,0,0
123,80757,275.99,0,-0.8365871182747088,0,Logistic regression,-3.150357409310322,-1.093794643780341,-3.150357409310322,0.045,0.15098468726837433,0,0,0,0
123,262016,52.95,0,-0.9693276586627335,0,Logistic regression,-4.890021542004669,-1.2953573759001995,-4.890021542004669,0.015,0.15221009528834,0,0,0,0
123,263910,69.0,0,-1.3173147239347927,0,Logistic regression,-3.598002678324539,-1.418794568822554,-3.598002678324539,0.0,-0.7020990036504092,0,0,0,0
123,191359,4.87,1,0.4303855925057686,1,Logistic regression,2.74526625515099,0.9073177340489463,2.74526625515099,0.875,0.7722014839746665,1,1,1,1
123,276853,37.61,0,-1.2193122601600812,0,Logistic regression,-3.35937866518391,-1.418347693335828,-3.35937866518391,0.0,-0.41414723925512453,0,0,0,0
123,17317,99.99,1,0.9840496466992343,1,Logistic regression,2.660875354767846,0.9945797581335574,2.660875354767846,1.0,0.955845725374525,1,1,1,1
123,93424,1.0,1,0.6052912723981774,1,Logistic regression,1.3465114072449447,0.6287662111098933,1.3465114072449447,1.0,0.6430576350819728,1,1,1,1
123,254452,1.98,0,-0.971266559852166,0,Logistic regression,-1.5311750709033514,-1.0621679779666757,-1.5311750709033514,0.03,-1.0983809928708514,0,0,0,0
123,273590,1.0,0,-1.3481361355536554,0,Logistic regression,-2.3872408958293825,-1.2134202628719764,-2.3872408958293825,0.005,-0.8822104159877141,0,0,0,0
123,159137,19.99,0,-1.3730208947273737,0,Logistic regression,-2.849349657300225,-1.3971318978098606,-2.849349657300225,0.01,-0.9161195467174111,0,0,0,0
123,51705,1.29,0,-1.3946880306761198,0,Logistic regression,-1.7127593926033917,-1.0716295856894305,-1.7127593926033917,0.0,-1.1268273701582787,0,0,0,0
123,19359,87.0,0,-0.9701936042797075,0,Logistic regression,-1.4222790384991413,-0.6598691261043096,-1.4222790384991413,0.01,0.3601641709876892,0,0,0,1
123,125202,114.2,0,-1.1993109990478197,0,Logistic regression,-2.2614721393993547,-1.1145989678256556,-2.2614721393993547,0.03,-0.9182015807116656,0,0,0,0
123,130035,1.0,0,-1.2413463820749377,0,Logistic regression,-3.4291554860600275,-1.361490819460462,-3.4291554860600275,0.0,-0.5978123418917797,0,0,0,0
123,222321,173.6,0,0.2318918325572241,1,Logistic regression,0.07552032117652141,0.04395484365748181,0.07552032117652141,0.1,-0.24647560836907256,0,0,0,0
123,211896,1.29,0,-0.9830302488315752,0,Logistic regression,-1.7577674096352833,-1.058197796761156,-1.7577674096352833,0.0,-1.1981475327836044,0,0,0,0
123,226814,667.55,1,-0.18282748970083726,1,Logistic regression,0.4708089063382326,0.573421178582556,0.4708089063382326,0.9,0.49797085910824773,1,0,1,1
123,62327,369.2,0,-0.7676315525188453,0,Logistic regression,-2.4730915444954418,-0.7813165989963772,-2.4730915444954418,0.075,-0.3402849825956743,0,0,0,0
123,240074,7.99,0,-0.9195476687182749,0,Logistic regression,-1.7765022931819423,-1.1284116183213153,-1.7765022931819423,0.0,-1.2853712367587073,0,0,0,0
123,27160,60.0,0,-1.0392179579533591,0,Logistic regression,-3.253957760350455,-1.153788036452584,-3.253957760350455,0.01,-0.18872409092788356,0,0,0,0
123,271467,74.26,0,-0.68098125923643,0,Logistic regression,-5.257581856514913,-0.9813179489769775,-5.257581856514913,0.04,-0.015708107154365214,0,0,0,0
123,146787,1.0,0,-0.6307505089090538,0,Logistic regression,-2.5358067248294702,-1.0023140210583983,-2.5358067248294702,0.025,-0.4889722263852221,0,0,0,0
123,150679,104.03,1,0.087209889938693,1,Logistic regression,3.8692178915007567,0.8871872213475261,3.8692178915007567,0.515,0.493506494402452,1,1,0,1
123,119969,19.99,0,-1.1034434876837649,0,Logistic regression,-2.041328997049408,-1.2358094828455606,-2.041328997049408,0.0,-0.9779396859418473,0,0,0,0
123,27362,1.52,1,-1.245439146922993,0,Logistic regression,-2.3407420932174454,-1.3110641333833284,-2.3407420932174454,0.005,-0.8277256745289777,0,0,0,0
123,9179,1.0,1,0.17053502043011234,1,Logistic regression,8.819374356726936,1.1065438407482748,8.819374356726936,0.995,0.8872428390460554,1,1,1,1
123,153416,41.2,0,-0.975742930656095,0,Logistic regression,-4.603736335056313,-1.2365106322318504,-4.603736335056313,0.04,0.354737748235501,0,0,0,1
123,154587,0.0,1,-0.19566260570917848,1,Logistic regression,18.678986498873982,0.5127664302884511,18.678986498873982,0.83,0.48231239633263534,1,1,1,1
123,191237,204.16,0,-1.0900767812059082,0,Logistic regression,-3.567771868258677,-1.1434790085951536,-3.567771868258677,0.01,-0.44443466712962965,0,0,0,0
123,106679,227.3,1,0.46428787134104677,1,Logistic regression,1.8036698555985462,0.8526248817861067,1.8036698555985462,0.985,0.7131088180543981,1,1,1,1
123,130652,52.96,0,-1.16307755950074,0,Logistic regression,-2.2205913123021515,-1.1042563883973089,-2.2205913123021515,0.12,-0.2620288010158244,0,0,0,0
123,60536,59.9,0,-0.9221998639427473,0,Logistic regression,-0.8995029633326115,-0.6652827444672843,-0.8995029633326115,0.03,-0.3482857721419411,0,0,0,0
123,268838,15.13,0,-1.3035797949436536,0,Logistic regression,-1.7606520113624327,-1.0538280983349257,-1.7606520113624327,0.0,-0.755372498642365,0,0,0,0
123,90692,30.0,0,-1.2172185165831668,0,Logistic regression,-2.540039343233535,-1.3452277045829084,-2.540039343233535,0.0,-0.6117868189778987,0,0,0,0
123,43379,99.99,0,-0.3841461423710901,0,Logistic regression,-3.772107686544106,-0.5313808074730603,-3.772107686544106,0.1,0.33166206417392896,0,0,0,1
123,66325,79.0,0,-1.1491804946393256,0,Logistic regression,-2.465908471525567,-1.3542553022440114,-2.465908471525567,0.0,-0.8854038302361754,0,0,0,0
123,220179,86.51,0,-1.2895274852726029,0,Logistic regression,-2.894046258102853,-1.340565447649142,-2.894046258102853,0.0,-0.19555844670262734,0,0,0,0
123,148499,1.79,0,-1.349657069508628,0,Logistic regression,-3.6736593698315723,-1.3934745328787477,-3.6736593698315723,0.0,-0.9636081235788742,0,0,0,0
123,2414,8.94,0,-0.4090892310933214,0,Logistic regression,-2.168668794781452,-0.5475055395595595,-2.168668794781452,0.325,0.4818495776508988,0,0,0,1
123,143378,10.59,0,-1.1438592188232135,0,Logistic regression,-1.5650494167848765,-1.0244944826278424,-1.5650494167848765,0.0,-0.7408428612005621,0,0,0,0
123,29687,0.76,1,-0.3418702981498989,0,Logistic regression,-0.4368498956588782,-0.07096373970639536,-0.4368498956588782,0.315,0.3709777968816193,0,0,0,1
123,282941,25.0,0,-1.0407065815950662,0,Logistic regression,-3.00119872054451,-1.075669599734998,-3.00119872054451,0.07,-0.5892038705520123,0,0,0,0
123,57128,16.71,0,-0.8845767132171526,0,Logistic regression,-2.061470223019794,-0.87834180971207,-2.061470223019794,0.0,-0.7618134128237614,0,0,0,0
123,76942,360.0,0,-1.3628134699504673,0,Logistic regression,-2.1869512887427853,-0.9813258053101818,-2.1869512887427853,0.02,-0.30169390372462124,0,0,0,0
123,204578,10.62,0,-1.1242787152564115,0,Logistic regression,-1.3259518827608754,-0.9332515467837862,-1.3259518827608754,0.045,0.2703744144418011,0,0,0,1
123,228997,91.75,0,-1.0733271141867453,0,Logistic regression,-2.6252236171104366,-1.368381755090721,-2.6252236171104366,0.0,-1.558169097386902,0,0,0,0
123,2271,2.27,0,-1.0465470702698336,0,Logistic regression,-0.2920696930255866,-0.39617281881034894,-0.2920696930255866,0.17,-0.35255170934690316,0,0,0,0
123,116257,30.9,0,-1.186330079960332,0,Logistic regression,-2.0007296827427687,-1.1755664032174828,-2.0007296827427687,0.025,-0.9640096438962843,0,0,0,0
123,57951,498.59,0,-1.461444287632912,0,Logistic regression,-3.666050754481568,-0.7487784057773689,-3.666050754481568,0.04,-0.006907330509515142,0,0,0,0
123,69382,60.0,0,-1.021694671474498,0,Logistic regression,-2.5854497312160403,-1.0349830274848544,-2.5854497312160403,0.07,-0.4839292708270647,0,0,0,0
123,89762,171.64,0,-1.0132424760251666,0,Logistic regression,-2.7350947668847327,-1.2976811026924282,-2.7350947668847327,0.0,-1.217863052480348,0,0,0,0
123,150688,1.0,0,-1.1388347617046404,0,Logistic regression,-3.4702515381931054,-1.2476390819109944,-3.4702515381931054,0.0,0.07011640929999513,0,0,0,0
123,149132,4.17,0,-1.4659095425231823,0,Logistic regression,-0.9420616237239585,-0.794909853268604,-0.9420616237239585,0.015,-0.081813377432152,0,0,0,0
123,157871,80.22,1,-0.22014233301676597,1,Logistic regression,0.4562436744078424,0.10083266753167264,0.4562436744078424,0.395,0.5086378049247111,0,0,0,1
123,177903,20.0,0,-1.2411535672289329,0,Logistic regression,-2.8349608873093093,-1.3521407478690906,-2.8349608873093093,0.065,-0.9984972759007787,0,0,0,0
123,18731,1.98,0,-0.7140534419546293,0,Logistic regression,-2.562222882692553,-1.2910033058947548,-2.562222882692553,0.01,-0.6936860986566847,0,0,0,0
123,4345,12.0,0,-1.2592678597283653,0,Logistic regression,-2.9639215426678622,-1.2749669829699415,-2.9639215426678622,0.0,-0.5533308837080612,0,0,0,0
123,41194,291.39,0,-1.0323331067770154,0,Logistic regression,-3.7958811048082417,-0.9903930488864735,-3.7958811048082417,0.12,-0.4528872757106286,0,0,0,0
123,76218,14.5,0,-1.1226069423686553,0,Logistic regression,-2.8322257902410315,-1.2314549437501858,-2.8322257902410315,0.0,-1.1256724857650662,0,0,0,0
123,70141,112.45,1,0.13202267082896177,1,Logistic regression,0.25682512431824445,0.34922810955163075,0.25682512431824445,0.78,0.515992696050695,1,0,1,1
123,155023,5.49,0,-1.090962914981607,0,Logistic regression,-2.381523073313276,-1.201064830570847,-2.381523073313276,0.015,-0.5242087315155676,0,0,0,0
123,46578,6.99,0,-0.8528912012560244,0,Logistic regression,-2.4331442091958446,-1.210055706599373,-2.4331442091958446,0.005,-0.5466559217357517,0,0,0,0
123,76929,1.0,1,0.2793798184108466,1,Logistic regression,3.110039265746157,0.8526176647745192,3.110039265746157,0.83,0.7802606007377926,1,1,1,1
123,103900,4.49,0,-0.8577879151667239,0,Logistic regression,-1.1912265415910679,-0.8415363472718521,-1.1912265415910679,0.025,-1.1839733855103822,0,0,0,0
123,7276,22.3,0,-1.2215753181954196,0,Logistic regression,-3.0027064190754507,-1.3122446671195913,-3.0027064190754507,0.0,-0.2747230323748815,0,0,0,0
123,15810,99.99,1,0.47179571540195053,1,Logistic regression,3.011175594139604,0.9727399539374778,3.011175594139604,0.99,0.9279519162899605,1,1,1,1
123,6717,1.0,1,0.10394048935500175,1,Logistic regression,5.756399496665921,1.1095135706739039,5.756399496665921,0.99,0.5680240664759035,1,1,1,1
123,72703,76.73,0,-1.107010236223352,0,Logistic regression,-2.424260562530275,-1.2828934713936788,-2.424260562530275,0.005,-0.6768625673378216,0,0,0,0
123,171542,37.83,0,-0.916772745310579,0,Logistic regression,-3.0014425891795344,-1.2314192591851385,-3.0014425891795344,0.065,0.12094069927816364,0,0,0,0
123,125597,4.99,0,-1.0810089491925572,0,Logistic regression,-1.8020271750383992,-1.1354767362299656,-1.8020271750383992,0.015,-0.8564953327648791,0,0,0,0
123,19374,54.46,0,-0.6407441924664992,0,Logistic regression,-2.9014206621734244,-0.9141259238370224,-2.9014206621734244,0.21,0.19255515890104885,0,0,0,0
123,211739,306.0,0,-1.108830903068665,0,Logistic regression,-3.4701417500379295,-1.232791092425245,-3.4701417500379295,0.01,-0.13845942739773665,0,0,0,0
123,1114,188.0,0,-0.8994875794493882,0,Logistic regression,-3.034327752920191,-1.0326719770841333,-3.034327752920191,0.025,-0.19125157438612228,0,0,0,0
123,42394,26.35,0,-0.669432710180076,0,Logistic regression,-1.4004420996253404,-0.710315415979838,-1.4004420996253404,0.01,-0.1079999965890529,0,0,0,0
123,228203,120.61,0,-0.3587058301684948,0,Logistic regression,-2.293738582403544,-0.3505113163021685,-2.293738582403544,0.315,0.4631539980950484,0,0,0,1
123,207174,99.43,0,-0.969142881878825,0,Logistic regression,-2.7296089604799056,-1.3351810292356405,-2.7296089604799056,0.0,-1.3573146114956796,0,0,0,0
123,89190,1402.16,1,-0.1768482106112401,1,Logistic regression,-1.2487998993382974,0.4871682665765354,-1.2487998993382974,0.705,0.48231238803208676,1,0,1,1
123,241254,9.29,1,-0.043658496846352216,1,Logistic regression,0.9252627415125956,-0.02229179925812208,0.9252627415125956,0.655,0.2558958580696641,0,0,1,1
123,250331,7.07,0,0.5199322080377988,1,Logistic regression,-1.8177337972536742,-1.1153364457555175,-1.8177337972536742,0.2,-0.6858337661377877,0,0,0,0
123,38421,303.74,0,-1.0663307285852528,0,Logistic regression,-4.198751396016067,-1.3050055265138072,-4.198751396016067,0.005,-0.01739597744337401,0,0,0,0
123,139255,93.04,0,-1.1436479796799026,0,Logistic regression,-2.5046762139913943,-1.281968495297805,-2.5046762139913943,0.005,-0.6816502915368797,0,0,0,0
123,120339,46.86,0,-1.1725358076327124,0,Logistic regression,-2.806419163502734,-1.2667910767250623,-2.806419163502734,0.01,-0.5809915743222344,0,0,0,0
123,105554,43.44,0,-1.0712192186864493,0,Logistic regression,-0.8930742892054778,-0.7162006324729834,-0.8930742892054778,0.005,-0.16796318499708562,0,0,0,0
123,214504,6.47,0,-0.2962640925531468,0,Logistic regression,-0.1821886333602818,-0.07090477670680706,-0.1821886333602818,0.025,0.36449073459167913,0,0,0,1
123,1401,158.0,0,-0.44914708442740925,0,Logistic regression,-4.099740635051682,-0.7415020078158484,-4.099740635051682,0.28,0.15834919381801166,0,0,0,0
123,18773,0.68,1,0.44051221380120187,1,Logistic regression,5.249449337573337,1.3216051125113335,5.249449337573337,0.99,0.689431266092865,1,1,1,1
123,70689,76.48,0,-1.0619092016505978,0,Logistic regression,-2.4842062306965613,-1.3354391353460442,-2.4842062306965613,0.0,-0.7435683208126204,0,0,0,0
123,199297,58.45,0,-0.9557864647285693,0,Logistic regression,-2.9317726786006064,-1.4303659956213548,-2.9317726786006064,0.0,-0.7349490028824576,0,0,0,0
123,144055,0.89,0,-1.0335276725389668,0,Logistic regression,-2.8465034864269416,-1.0910609966026716,-2.8465034864269416,0.035,0.46508983316283026,0,0,0,1
123,87904,55.5,0,-0.9967338600453344,0,Logistic regression,-2.9063776199915607,-1.2809740156980824,-2.9063776199915607,0.0,-0.8963895686773992,0,0,0,0
123,140260,17.99,0,-0.6092658477772905,0,Logistic regression,-2.043807553830496,-0.7681048047462443,-2.043807553830496,0.175,-0.3308140134374452,0,0,0,0
123,64726,9.99,0,-1.2910878410978797,0,Logistic regression,-3.588594178911261,-1.3544002719320551,-3.588594178911261,0.01,-1.1537401816119734,0,0,0,0
123,218515,26.0,0,-1.2389885552321793,0,Logistic regression,-3.99706985592318,-1.452244297197943,-3.99706985592318,0.0,0.1755393396929531,0,0,0,0
123,41288,198.0,0,-1.2778940257855351,0,Logistic regression,-2.5039000053222775,-1.1158208342166112,-2.5039000053222775,0.035,-0.6552344751088087,0,0,0,0
123,141260,512.25,1,-0.0078007500728238845,1,Logistic regression,6.143709678572064,0.8124800458210584,6.143709678572064,0.92,0.49006864186878824,1,1,1,1
123,175626,215.0,0,-1.1619370325976635,0,Logistic regression,-2.8827309098013654,-1.1499692629590288,-2.8827309098013654,0.01,-0.7038196097339599,0,0,0,0
123,6446,1.0,1,0.2728120995525253,1,Logistic regression,3.132837456282756,0.9448108284449981,3.132837456282756,0.745,0.5287680542500677,1,1,1,1
123,77107,15.0,0,-1.171480191162039,0,Logistic regression,-3.3326209634379387,-1.3355919289356883,-3.3326209634379387,0.0,-0.717979505532046,0,0,0,0
123,195756,115.97,0,-1.0692680987585672,0,Logistic regression,-4.280010459331997,-1.443271415076075,-4.280010459331997,0.0,-0.2185257839214343,0,0,0,0
123,276071,19.95,1,-1.268544555982487,0,Logistic regression,-2.9303937529083632,-1.2846342735683343,-2.9303937529083632,0.0,-1.0193724325386455,0,0,0,0
123,116653,3.99,0,-1.0199936435840253,0,Logistic regression,-2.0385868880894735,-1.1713444792861853,-2.0385868880894735,0.0,-1.2714947757897193,0,0,0,0
123,30248,30.7,0,-1.2005234930211004,0,Logistic regression,-1.6953509026868914,-1.0432468735781804,-1.6953509026868914,0.05,-0.3226928860377777,0,0,0,0
123,20209,44.99,0,-1.0684404031206685,0,Logistic regression,-2.519218445226113,-1.25776225404754,-2.519218445226113,0.005,-0.36580242006802666,0,0,0,0
123,2729,21.97,0,-1.1923232689173089,0,Logistic regression,-2.226331630097994,-1.2022791553427719,-2.226331630097994,0.055,-0.2086939253157868,0,0,0,0
123,12353,2.09,0,-0.8694776691025988,0,Logistic regression,-2.4772450744858716,-1.138282037995022,-2.4772450744858716,0.005,-0.028245034602692343,0,0,0,0
123,40453,250.0,0,-1.0148021441825699,0,Logistic regression,-4.616601610422138,-1.1845478220529198,-4.616601610422138,0.005,0.25726141859330925,0,0,0,1
123,214662,120.54,1,0.479689571729631,1,Logistic regression,3.8033043644079694,1.487696256028133,3.8033043644079694,0.99,0.7007517239222345,1,1,1,1
123,125113,197.4,0,-1.2563155877960626,0,Logistic regression,-2.2402614137339962,-1.226159395645111,-2.2402614137339962,0.0,-0.6164696534114499,0,0,0,0
123,244629,3.57,0,-0.7557408696056389,0,Logistic regression,-1.4349342968518526,-0.9671892654550102,-1.4349342968518526,0.0,-1.0875524335643112,0,0,0,0
123,194828,119.67,0,-0.8229036652268746,0,Logistic regression,-3.8873930859997543,-0.6267990607529316,-3.8873930859997543,0.135,0.32882322629624183,0,0,0,1
123,22071,120.32,0,-0.7906008727838495,0,Logistic regression,-3.2920828675425486,-1.0643225434798431,-3.2920828675425486,0.1,0.1552470509815272,0,0,0,0
123,154666,390.0,0,-0.5446370287960168,0,Logistic regression,-2.131752650273654,-0.6967365625448315,-2.131752650273654,0.03,0.3105619208463483,0,0,0,1
123,75324,54.89,0,-1.3537683124968123,0,Logistic regression,-4.194842279235775,-1.3481979966811863,-4.194842279235775,0.0,-0.35158508846715897,0,0,0,0
123,217177,1.0,0,-0.7638557292941357,0,Logistic regression,-3.5079191968420464,-1.1535304828686863,-3.5079191968420464,0.015,0.08400851489802341,0,0,0,0
123,41395,1.0,1,0.16659847593019078,1,Logistic regression,5.429308238332476,1.2607921435442626,5.429308238332476,0.965,0.5526467325795695,1,1,1,1
123,215274,12.95,0,-1.3096511163218496,0,Logistic regression,-2.2769305930897055,-1.3101714955753634,-2.2769305930897055,0.0,-0.999544440469294,0,0,0,0
123,234580,1.0,0,-1.3505818034514803,0,Logistic regression,-3.712441476609019,-1.393638502842053,-3.712441476609019,0.0,-0.9685158413928571,0,0,0,0
123,102544,25.0,0,-1.2168708251943523,0,Logistic regression,-1.8916304165873568,-1.0817587328609015,-1.8916304165873568,0.03,-0.10078212941120246,0,0,0,0
123,42473,3.79,1,-0.020489652398649534,1,Logistic regression,6.060934962593957,0.9798010999562614,6.060934962593957,0.975,0.5308762672100982,1,1,1,1
123,94590,34.27,0,-0.26353391640663015,1,Logistic regression,-5.663275408321579,0.42608128944973556,-5.663275408321579,0.22,0.4823123939096587,1,0,0,1
123,148030,25.0,0,-0.8505963601095364,0,Logistic regression,-3.4166234134348743,-0.9628083319472399,-3.4166234134348743,0.015,-0.08797001905919133,0,0,0,0
123,223578,8.9,1,-0.11521552566458215,1,Logistic regression,-0.5300827239539354,-0.17431606104941666,-0.5300827239539354,0.465,0.4738056332328583,0,0,0,1
123,216123,73.77,0,-1.0737241939431235,0,Logistic regression,-2.585854818598828,-1.23944488728175,-2.585854818598828,0.0,0.12569745800683046,0,0,0,0
123,130428,0.89,0,-1.3670569789312628,0,Logistic regression,-2.5636296118796658,-1.3417004586474137,-2.5636296118796658,0.0,-1.057373299424901,0,0,0,0
123,283257,0.99,0,-0.6446293845192224,0,Logistic regression,-2.2454922569348397,-1.2678032540851052,-2.2454922569348397,0.015,-1.0636077406958582,0,0,0,0
123,15751,99.99,1,0.36669082580609225,1,Logistic regression,3.2588325633780872,0.9273988902063606,3.2588325633780872,0.985,0.8372061639664694,1,1,1,1
123,178724,38.0,0,-0.8033768373022339,0,Logistic regression,-0.8662314150577712,-0.6252096824420831,-0.8662314150577712,0.015,-0.3220596635605397,0,0,0,0
123,191997,25.15,0,-1.0288205275127833,0,Logistic regression,-3.276679681104652,-1.207012013918328,-3.276679681104652,0.005,-0.44597587269838324,0,0,0,0
123,262556,6.45,0,-1.0850945605470308,0,Logistic regression,-2.7888168898959287,-1.2178971261696283,-2.7888168898959287,0.0,-0.11735330764502472,0,0,0,0
123,280613,9.0,0,-1.030064089793643,0,Logistic regression,-1.1077871417056881,-0.44968291657051573,-1.1077871417056881,0.04,-0.4702254540426448,0,0,0,0
123,21870,50.9,0,-1.2747929003709788,0,Logistic regression,-1.9136044727128667,-1.1831875769000533,-1.9136044727128667,0.0,-1.2265126313779042,0,0,0,0
123,198386,1.99,0,-0.9409563543673263,0,Logistic regression,-4.523789403464981,-1.004240153674174,-4.523789403464981,0.03,-0.11703002738627521,0,0,0,0
123,29466,5.0,0,-1.1443686901072043,0,Logistic regression,-1.8562846435150206,-1.1382339047950696,-1.8562846435150206,0.0,-1.075205105502313,0,0,0,0
123,96457,68.63,0,-1.1002501186117593,0,Logistic regression,-2.0697709957206283,-1.2340759012541969,-2.0697709957206283,0.0,-1.4437725447336947,0,0,0,0
123,89313,14.32,0,-1.044459846587183,0,Logistic regression,-3.189901104855779,-1.3066163309974694,-3.189901104855779,0.05,-1.149052868069333,0,0,0,0
123,14135,50.0,0,-0.9415756393672743,0,Logistic regression,-3.3319386765256214,-1.2126987991732947,-3.3319386765256214,0.0,-0.3068922793337605,0,0,0,0
123,27738,125.3,1,0.3977225495561103,1,Logistic regression,1.6305403790369584,0.5977614505141171,1.6305403790369584,0.43,0.5022609446888594,1,1,0,1
123,18307,8.53,0,-1.3970166205206915,0,Logistic regression,-2.5682344941233906,-1.3488642356114195,-2.5682344941233906,0.0,-1.1080020449617076,0,0,0,0
123,279258,82.2,0,-0.8924554423929053,0,Logistic regression,-2.8014491422179835,-0.8176564649953636,-2.8014491422179835,0.24,0.4804320344113735,0,0,0,1
123,132659,32.06,0,-1.2660545650462307,0,Logistic regression,-2.2574005710722966,-1.164201840654095,-2.2574005710722966,0.035,-1.0185008682863055,0,0,0,0
123,117013,1.0,0,-0.7695902315559903,0,Logistic regression,-3.01664515139879,-1.2922682080963548,-3.01664515139879,0.12,0.1019458696375562,0,0,0,0
123,152223,8.64,1,-0.01930556768373037,1,Logistic regression,8.341513491869197,0.5488303381782358,8.341513491869197,0.66,0.48231356110103657,1,1,1,1
123,273073,8.62,0,-0.7617553342880325,0,Logistic regression,-2.3855127874739783,-1.2513201106524487,-2.3855127874739783,0.035,-0.8507405072791542,0,0,0,0
123,76712,63.0,0,-1.1996820952968712,0,Logistic regression,-2.2084016372190005,-1.243226743694267,-2.2084016372190005,0.0,-0.8227832914064047,0,0,0,0
123,131902,101.94,0,-1.1679436368434715,0,Logistic regression,-2.436493148220065,-1.180042299520287,-2.436493148220065,0.01,-0.6253676899245365,0,0,0,0
123,253163,215.7,0,-1.2211103739071423,0,Logistic regression,-2.0332038274690376,-0.9234769778628317,-2.0332038274690376,0.02,-0.3515307040837995,0,0,0,0
123,62381,4.0,0,-1.3609499443960318,0,Logistic regression,-1.7093783525640711,-1.0834709559664746,-1.7093783525640711,0.0,-0.8652151559662408,0,0,0,0
123,194197,0.76,0,-0.9700760736611544,0,Logistic regression,-3.414291831349867,-1.2506237805075378,-3.414291831349867,0.0,-0.3239662152696795,0,0,0,0
123,212644,727.91,1,0.04963719626841814,1,Logistic regression,2.048926726067579,1.1427361857958842,2.048926726067579,0.93,0.4901881323544117,1,1,1,1
123,260841,644.79,0,-0.44641689201182133,0,Logistic regression,-3.6653871219208307,-0.23001323634687298,-3.6653871219208307,0.155,0.4538971337910832,0,0,0,1
123,174259,21.0,0,-1.3292474383742878,0,Logistic regression,-2.231445642077106,-1.2344762523957358,-2.231445642077106,0.005,-1.0641529937774266,0,0,0,0
123,15225,99.99,1,0.09019008841309613,1,Logistic regression,4.124957486504921,0.6904304842113882,4.124957486504921,0.955,0.5225191687210221,1,1,1,1
123,256341,0.89,0,-1.3456189872612614,0,Logistic regression,-1.1348510127558546,-0.8507656175118398,-1.1348510127558546,0.02,-0.7597038998988989,0,0,0,0
123,201845,1.79,0,-1.1432221546608405,0,Logistic regression,-2.5440106989232145,-1.3005660661141203,-2.5440106989232145,0.0,-1.0273380746049972,0,0,0,0
123,196525,0.89,0,-0.8661730077225851,0,Logistic regression,-1.6065617837494477,-1.0943992613636864,-1.6065617837494477,0.0,-1.2133957383460174,0,0,0,0
123,255556,0.77,1,0.5720529030262511,1,Logistic regression,5.292659636144362,1.3771304783088028,5.292659636144362,0.975,0.7527984323072255,1,1,1,1
123,225553,1.79,0,-0.9351851533379234,0,Logistic regression,-2.059337882673179,-1.2202107284631842,-2.059337882673179,0.005,-1.2332722494375847,0,0,0,0
123,106875,11.37,0,-0.9625704999981635,0,Logistic regression,-1.408912341354684,-0.9947217002584762,-1.408912341354684,0.015,-1.1818854867290485,0,0,0,0
123,30496,111.7,1,0.08869513483930613,1,Logistic regression,2.9861178511713797,1.000041831878738,2.9861178511713797,0.86,0.5228929184509461,1,1,1,1
123,215095,389.26,0,-0.8682067277689137,0,Logistic regression,-4.778738294955124,-1.1612169925152616,-4.778738294955124,0.04,0.3382630492658142,0,0,0,1
123,131468,56.0,0,-0.9409942250854477,0,Logistic regression,-4.641801511198394,-1.2099502821716275,-4.641801511198394,0.01,-0.15710101239259133,0,0,0,0
123,34901,1.98,0,-1.3723263792051088,0,Logistic regression,-1.2684982466709092,-0.8843341224380884,-1.2684982466709092,0.015,-0.9768494440761323,0,0,0,0
123,9035,1.0,1,-0.08065837190789724,1,Logistic regression,11.941744451589232,0.8096711341560093,11.941744451589232,0.995,0.5288449771024701,1,1,1,1
123,279344,70.66,0,-1.1428749149853745,0,Logistic regression,-2.761776411319014,-1.3274660291026272,-2.761776411319014,0.0,-0.726932128941895,0,0,0,0
123,125635,35.0,0,-1.2898211426647705,0,Logistic regression,-2.980603434644663,-1.3882995556868898,-2.980603434644663,0.0,-0.9928894027999028,0,0,0,0
123,195638,12.95,0,-1.336529131361434,0,Logistic regression,-3.772377302509346,-1.4139840194848197,-3.772377302509346,0.0,-0.7100086052621001,0,0,0,0
123,46346,64.0,0,-1.2572474632703714,0,Logistic regression,-2.855467107436501,-1.3841008762522935,-2.855467107436501,0.02,-0.7172164600289092,0,0,0,0
123,11340,243.1,0,-1.22102639255189,0,Logistic regression,-3.744450997964302,-1.252456719507514,-3.744450997964302,0.0,0.09406896443224305,0,0,0,0
123,271658,150.0,0,-1.1444690148187815,0,Logistic regression,-3.896667723944371,-1.260118676479531,-3.896667723944371,0.055,-0.6477257632880106,0,0,0,0
123,46556,2.02,0,-1.2298949515926285,0,Logistic regression,-3.132170681335885,-1.3963040190783884,-3.132170681335885,0.0,-0.5140645880411876,0,0,0,0
123,281144,245.0,1,0.3869449978302554,1,Logistic regression,1.7854036193888858,0.7797227922430335,1.7854036193888858,0.975,0.5379820259523281,1,1,1,1
123,115602,1.79,0,-0.9867813969656418,0,Logistic regression,-0.9639719067521102,-0.7238878991484562,-0.9639719067521102,0.005,-0.6974582367695416,0,0,0,0
123,169955,144.0,0,-1.3215236674332593,0,Logistic regression,-1.9545505706405701,-1.021963353394164,-1.9545505706405701,0.065,-0.7870049838557794,0,0,0,0
123,100413,7.59,0,-1.0309507683400498,0,Logistic regression,-1.0411497238885767,-0.7255206833234046,-1.0411497238885767,0.0,-0.7454743922931443,0,0,0,0
123,254777,5.6,0,-1.27596061865721,0,Logistic regression,-2.4772189859613882,-1.2543977921231484,-2.4772189859613882,0.0,-0.7703340266806141,0,0,0,0
123,77443,46.5,0,-0.803747110485549,0,Logistic regression,-1.2452739426080468,-0.5945660035240216,-1.2452739426080468,0.09,-0.16721122426188428,0,0,0,0
123,51055,15.0,0,-0.9017527303085421,0,Logistic regression,-3.030450543666071,-1.3230989169801215,-3.030450543666071,0.09,-0.48339185640586646,0,0,0,0
123,221274,1.5,0,-1.2295412780100188,0,Logistic regression,-3.1990529282575606,-1.356538719437939,-3.1990529282575606,0.0,-0.838523361216715,0,0,0,0
123,256003,12.28,0,-0.7188693556528806,0,Logistic regression,-2.524180995394119,-0.9747124862197217,-2.524180995394119,0.115,0.04139784398676416,0,0,0,0
123,28346,23.88,0,-0.7452923478902308,0,Logistic regression,-1.8859810193209046,-0.7319792448085057,-1.8859810193209046,0.225,-0.24776573288047454,0,0,0,0
123,22341,23.0,0,-1.3526235695707922,0,Logistic regression,-2.278287981741112,-1.231706719606135,-2.278287981741112,0.0,-1.0443976654581846,0,0,0,0
123,102592,0.89,0,-0.370256657038593,0,Logistic regression,-1.8940226629193606,-0.18495848242038693,-1.8940226629193606,0.505,0.48099370046997564,0,0,0,1
123,46823,34.0,0,-0.998378514508272,0,Logistic regression,-2.9319713162062024,-1.2995222578135084,-2.9319713162062024,0.0,-0.8426355822963082,0,0,0,0
123,24965,12.21,0,-1.2147995122085102,0,Logistic regression,-2.1351098176409775,-1.1707785008222018,-2.1351098176409775,0.005,-0.5881648668481733,0,0,0,0
123,238366,2.0,1,-0.1273127211467836,1,Logistic regression,0.6602523153243272,0.14567237098015196,0.6602523153243272,0.51,0.6631320676504414,0,0,0,1
123,16415,23.36,1,0.3759260804307195,1,Logistic regression,0.9653526832745689,0.2832598453050693,0.9653526832745689,0.725,0.5144608386904622,1,0,1,1
123,30611,34.55,0,-1.1046671868768243,0,Logistic regression,-3.078591830480983,-1.3166208241532473,-3.078591830480983,0.0,-0.19136369922925056,0,0,0,0
123,204294,4.99,0,-0.9954852203676261,0,Logistic regression,-2.316097842754954,-1.1357574477050623,-2.316097842754954,0.05,0.29546605416263527,0,0,0,1
123,10782,6.7,0,-1.0129807444483696,0,Logistic regression,-3.7975363534395354,-1.3158067561449314,-3.7975363534395354,0.005,-0.2891798464681776,0,0,0,0
123,109325,9.99,0,-0.1658455764920201,1,Logistic regression,0.2793347872740257,0.2618736725478914,0.2793347872740257,0.83,0.47585325858920385,0,0,1,1
123,251989,18.95,0,-0.8770065078123284,0,Logistic regression,-3.0263529111179475,-1.3806818413706567,-3.0263529111179475,0.01,-0.3889106436673768,0,0,0,0
123,254456,6.47,0,-0.9162988283955097,0,Logistic regression,-2.0771476156615165,-1.1738654316987596,-2.0771476156615165,0.0,-0.9210427586469826,0,0,0,0
123,137231,2.58,0,-0.8731520648312104,0,Logistic regression,-0.7575499168882289,-0.6149589235417415,-0.7575499168882289,0.02,-0.6886424149037088,0,0,0,0
123,120087,1.49,0,-0.8131718488943449,0,Logistic regression,0.11646482472389796,-0.17023449855530137,0.11646482472389796,0.135,0.12858095886933402,0,0,0,0
123,126687,2.23,0,-1.1428160230353996,0,Logistic regression,-1.2073556101326344,-0.8160803498380139,-1.2073556101326344,0.0,-0.7197702977405268,0,0,0,0
123,214935,0.76,0,-0.8464250933184829,0,Logistic regression,-1.4545125872471483,-0.9842615657159345,-1.4545125872471483,0.01,0.0897615355930037,0,0,0,0
123,224874,4.49,0,-0.8441111489600286,0,Logistic regression,-1.7104454029027614,-1.135136298647108,-1.7104454029027614,0.005,-1.234500731312011,0,0,0,0
123,197659,597.8,0,-0.7754895907130362,0,Logistic regression,-2.7718734270573133,-0.5043988927863293,-2.7718734270573133,0.09,0.3681004640352245,0,0,0,1
123,36510,24.95,0,-1.357799443893608,0,Logistic regression,-2.218929411027598,-1.2246945694537712,-2.218929411027598,0.0,-0.6163451158772307,0,0,0,0
123,245000,379.45,0,-1.327316973112989,0,Logistic regression,-3.531045752207811,-1.0965289582166697,-3.531045752207811,0.03,-0.246940995458383,0,0,0,0
123,206734,10.59,0,-0.4838936568180635,0,Logistic regression,-1.6038406665286402,-0.7413994062276851,-1.6038406665286402,0.235,0.10190524539428131,0,0,0,0
123,43712,7.0,0,-1.4801747379962527,0,Logistic regression,-2.146985520657698,-1.250195059279191,-2.146985520657698,0.005,-1.0679268382762181,0,0,0,0
123,55432,125.9,0,-0.7607731827613983,0,Logistic regression,-1.8974855494012148,-0.8146568543299405,-1.8974855494012148,0.035,-0.22504526287131177,0,0,0,0
123,230142,27.31,0,-1.1312691815594327,0,Logistic regression,-2.9994317339096837,-1.3525227271316789,-2.9994317339096837,0.0,-0.5631287715970018,0,0,0,0
123,244379,8.93,0,-0.812311146888144,0,Logistic regression,-0.49037775735372224,-0.3541437894616585,-0.49037775735372224,0.325,-0.36268832600021905,0,0,0,0
123,75511,170.92,1,-0.37094131861312374,0,Logistic regression,-0.9207431868054412,-0.08947749493524437,-0.9207431868054412,0.745,0.43729546795821583,0,0,1,1
123,201430,680.46,0,-1.0088150809775982,0,Logistic regression,-2.5415524352017433,-0.7840644240680504,-2.5415524352017433,0.09,0.4521764717763565,0,0,0,1
123,212516,0.01,1,-0.0502017514024812,1,Logistic regression,1.4486761730128872,0.932138925118229,1.4486761730128872,0.965,0.6251190923781081,1,1,1,1
123,241062,101.36,0,-0.2777871020621733,0,Logistic regression,-3.2967212325532547,-0.20628016964237894,-3.2967212325532547,0.21,0.47944432714778273,0,0,0,1
123,200209,35.95,0,-1.450030791972268,0,Logistic regression,-2.2065626340577076,-1.0258173320276067,-2.2065626340577076,0.025,-0.9666736709816423,0,0,0,0
123,154454,147.87,1,-0.09306658681172253,1,Logistic regression,0.5155267148706291,0.05392350022474934,0.5155267148706291,0.775,0.4461646695839964,0,0,1,1
123,126800,1.0,0,-1.1997216894366172,0,Logistic regression,-3.402419556533731,-1.4032011811287424,-3.402419556533731,0.0,-0.3245766669911174,0,0,0,0
123,42958,9.99,1,-0.022914531546248507,1,Logistic regression,0.5035785106546677,0.6382881492419263,0.5035785106546677,0.93,0.5137305063951427,1,0,1,1
123,107847,6.68,0,-1.0357817138497947,0,Logistic regression,-2.774383142101672,-1.0112732240642153,-2.774383142101672,0.09,-0.18435073030099147,0,0,0,0
123,97270,4.49,0,-0.9898697428200774,0,Logistic regression,-1.7392602449141763,-1.1113858570588202,-1.7392602449141763,0.045,-1.3129063860326506,0,0,0,0
123,256076,9.95,0,-1.093622154452861,0,Logistic regression,-2.168524711578284,-1.1910784740931186,-2.168524711578284,0.0,-0.5655897959396036,0,0,0,0
123,252581,2.36,0,-1.3845620810586645,0,Logistic regression,-2.164270437272286,-1.2498972178505152,-2.164270437272286,0.0,-0.2809651105680424,0,0,0,0
123,235118,24.99,0,-1.1363795077138128,0,Logistic regression,-2.3582906672570045,-1.3233567363313803,-2.3582906672570045,0.0,-1.0531733381428388,0,0,0,0
123,6108,59.0,1,0.20613495177784558,1,Logistic regression,1.7970770337107564,0.9171303193668172,1.7970770337107564,0.985,0.5244515266354813,1,1,1,1
123,264841,29.99,0,-0.6788092951908168,0,Logistic regression,-3.9685112551196386,-1.1482980270921086,-3.9685112551196386,0.115,-0.7476189999012436,0,0,0,0
123,146790,829.41,1,-0.6400428862640632,0,Logistic regression,-4.959201881661996,-0.013701617226704266,-4.959201881661996,0.15,0.48055217717568105,0,0,0,1
123,269138,3.75,0,-0.9977393553455172,0,Logistic regression,-3.4565808418626496,-1.2057339461666237,-3.4565808418626496,0.0,-0.5974032675528397,0,0,0,0
123,178607,0.77,0,-0.7625078090346775,0,Logistic regression,-3.0656712519832023,-0.9203083915127656,-3.0656712519832023,0.19,0.4294038850133147,0,0,0,1
123,282002,46.0,0,-1.1260145006188684,0,Logistic regression,-4.3557619848512275,-1.4493674548157585,-4.3557619848512275,0.0,-0.03094122971213631,0,0,0,0
123,259874,20.0,0,-1.069714771141001,0,Logistic regression,-2.9941339133702085,-1.2905180490140378,-2.9941339133702085,0.0,-0.46736922962457417,0,0,0,0
123,209334,0.9,0,-1.2718788847102307,0,Logistic regression,-2.3503245931617043,-1.2453063978711523,-2.3503245931617043,0.01,-0.841937829564306,0,0,0,0
123,90296,99.95,0,-1.166815551053054,0,Logistic regression,-1.8496597705467734,-0.9453818669578281,-1.8496597705467734,0.0,-0.6972459438535764,0,0,0,0
123,59808,9.51,0,-1.5499072499106819,0,Logistic regression,-1.5912895584844668,-0.9898339061318179,-1.5912895584844668,0.295,-0.11392623537236735,0,0,0,0
123,247434,19.99,0,-0.9698871049092195,0,Logistic regression,-1.039863331452789,-0.49707026765118145,-1.039863331452789,0.04,-0.17970736135873144,0,0,0,0
123,100252,1.0,0,-0.9655855002634691,0,Logistic regression,-2.9865298118826855,-1.2652948937208106,-2.9865298118826855,0.0,-0.45790942844042326,0,0,0,0
123,219025,4.49,1,-1.4007521290990939,0,Logistic regression,-1.6794830166780528,-1.0917741236792229,-1.6794830166780528,0.005,-0.9746767839747764,0,0,0,0
123,122698,67.18,0,-1.2588904795932074,0,Logistic regression,-2.958195621249068,-1.3324586452172285,-2.958195621249068,0.005,-1.1589288205391477,0,0,0,0
123,264162,19.99,0,-1.1537216349256292,0,Logistic regression,-2.15615626985843,-1.212042568050292,-2.15615626985843,0.005,-1.1191086758237132,0,0,0,0
123,35931,23.97,0,-1.146975577343662,0,Logistic regression,-2.9277216711590985,-1.4320162965918168,-2.9277216711590985,0.0,-0.40228429900101925,0,0,0,0
123,45391,1.99,0,-1.2324911837962598,0,Logistic regression,-1.600175960611375,-0.9656579208732857,-1.600175960611375,0.025,-0.6744778524479454,0,0,0,0
123,30473,14.46,1,-0.0620910299907593,1,Logistic regression,1.5242862338241376,0.8961619562932246,1.5242862338241376,0.94,0.5205125511384301,1,1,1,1
123,116559,41.61,0,-1.191639803428362,0,Logistic regression,-2.299617108606358,-1.309104865489652,-2.299617108606358,0.195,-0.8091206194614916,0,0,0,0
123,231906,21.45,0,-1.3547227120603238,0,Logistic regression,-2.143210359087038,-1.2673451466882621,-2.143210359087038,0.015,-1.0319586408867045,0,0,0,0
123,83448,40.0,0,-1.250615949658225,0,Logistic regression,-1.5112826809863322,-0.9131209986753582,-1.5112826809863322,0.005,-0.79406676591718,0,0,0,0
123,131462,238.52,0,-0.8887157042623356,0,Logistic regression,-3.385660520874765,-1.267333639160797,-3.385660520874765,0.07,-0.34727234276163454,0,0,0,0
123,23422,717.15,1,0.05757435803851725,1,Logistic regression,-0.5258639167694259,0.18404325583652453,-0.5258639167694259,0.855,0.48395770723513637,0,0,1,1
123,79540,1.0,0,-0.12913949334737743,1,Logistic regression,-0.33226926755516817,-0.18163078556451062,-0.33226926755516817,0.345,-0.023469546436705735,0,0,0,0
123,249828,6.74,1,0.6867246244870534,1,Logistic regression,4.441644461051147,1.127234659106095,4.441644461051147,0.92,0.7854045647859158,1,1,1,1
123,10977,44.99,0,-0.9965103440244176,0,Logistic regression,-1.5486322720497683,-0.9760808324686795,-1.5486322720497683,0.0,-0.031210244110479457,0,0,0,0
123,18466,0.68,1,0.8427497004260378,1,Logistic regression,2.5843481222386453,1.0355750600579312,2.5843481222386453,0.765,0.8031918829060927,1,1,1,1
123,276409,1.98,0,-0.9564510284576864,0,Logistic regression,-2.0829968638274696,-1.2264415514120017,-2.0829968638274696,0.0,-0.6458684540010525,0,0,0,0
123,52892,296.99,0,-0.7348346179120271,0,Logistic regression,-2.358852560665306,-0.8566652675944221,-2.358852560665306,0.01,-0.011341308380987292,0,0,0,0
123,253232,10.0,0,-0.8283337656850106,0,Logistic regression,-3.308455603255124,-0.7502598371562502,-3.308455603255124,0.07,0.16241130539220938,0,0,0,0
123,36255,168.41,0,-1.1854154993189419,0,Logistic regression,-1.603479053333533,-0.7956960328035029,-1.603479053333533,0.03,-0.7448907518515074,0,0,0,0
123,251143,0.76,0,-1.055185387247522,0,Logistic regression,-2.4854038214792067,-1.2954748242259235,-2.4854038214792067,0.0,-0.8396437785550414,0,0,0,0
123,95597,1354.25,1,-0.12609557289577789,1,Logistic regression,-1.5392231213171585,0.4131098209002074,-1.5392231213171585,0.655,0.4823120499445693,1,0,1,1
123,190368,175.9,1,-0.3663289393772575,0,Logistic regression,-0.17833787393244527,-0.10540277539333398,-0.17833787393244527,0.565,0.5188859850502151,0,0,1,1
123,102446,1.0,1,0.034576476491684896,1,Logistic regression,2.3098878159225427,0.5190416988259263,2.3098878159225427,0.81,0.48231239633263534,1,1,1,1
123,238222,1.1,1,-0.21079962575811165,1,Logistic regression,2.2098607125184957,0.7176402118409176,2.2098607125184957,0.65,0.49223312514660666,1,1,1,1
123,25210,14.95,0,-1.3954818516547414,0,Logistic regression,-2.235410566677985,-1.2522011279525045,-2.235410566677985,0.0,-1.152970489273201,0,0,0,0
123,101746,30.14,0,-1.121997157762343,0,Logistic regression,-1.8089813303964408,-1.1298690839405627,-1.8089813303964408,0.0,-0.7601005324917828,0,0,0,0
123,74561,66.8,0,-1.3042916383851075,0,Logistic regression,-1.6229553759230744,-0.9500823818026257,-1.6229553759230744,0.005,-0.28067667901430926,0,0,0,0
123,8069,39.0,0,-1.2009664507196378,0,Logistic regression,-2.4779002470549374,-1.2519739407273045,-2.4779002470549374,0.0,-0.42554751183408324,0,0,0,0
123,59702,6.15,0,-1.120976196243838,0,Logistic regression,-1.4271402854227107,-1.0195502305533655,-1.4271402854227107,0.0,-0.11905895707356429,0,0,0,0
123,39023,3.79,0,-0.7102057502437535,0,Logistic regression,-1.4027504939794335,-0.7134078093449469,-1.4027504939794335,0.125,-0.2296690700743209,0,0,0,0
123,261473,4.9,1,-0.25340439853098307,1,Logistic regression,0.16873204076382708,-0.18953503029478336,0.16873204076382708,0.36,0.38735821722228986,0,0,0,1
123,243749,1.0,1,0.12422431784292007,1,Logistic regression,5.193839325752885,1.3860864227533902,5.193839325752885,0.685,0.5095760980737686,1,1,1,1
123,53127,0.0,0,-0.07050383182300048,1,Logistic regression,-1.5708721712102591,0.5127623979685184,-1.5708721712102591,0.225,0.48231239633263534,1,0,0,1
123,100623,549.06,1,-1.1626590705440678,0,Logistic regression,-3.8431944650487093,-1.0562931146027412,-3.8431944650487093,0.03,-0.024594245513712143,0,0,0,0
123,116404,311.28,1,-0.025038223783638916,1,Logistic regression,-0.4902703334726175,0.05942292812249961,-0.4902703334726175,0.53,0.46726962959273005,0,0,0,1
123,255974,0.77,0,-1.1208674486196837,0,Logistic regression,-1.2716452150156459,-0.7928158047148032,-1.2716452150156459,0.035,-0.5947173198429386,0,0,0,0
123,153817,8.98,0,0.2162830045419353,1,Logistic regression,-1.9071757628957915,-1.144906137094523,-1.9071757628957915,0.045,-0.6685422085287492,0,0,0,0
123,204809,190.0,0,-1.314240506144507,0,Logistic regression,-2.7463712485498895,-1.3303919894254168,-2.7463712485498895,0.0,-0.7198145489904747,0,0,0,0
123,178036,40.85,0,-0.962326295258057,0,Logistic regression,-2.3579676778817316,-1.3097618839512202,-2.3579676778817316,0.0,-0.645877365907748,0,0,0,0
123,196835,16.55,0,-1.1012078188630232,0,Logistic regression,-3.3741907838966974,-1.3263453696006038,-3.3741907838966974,0.005,-0.8364122452649977,0,0,0,0
123,92777,294.9,1,0.0742220567643014,1,Logistic regression,1.8828041814802619,0.8570890481865736,1.8828041814802619,0.89,0.5149924996680288,1,1,1,1
123,141259,512.25,1,-0.0078007500728238845,1,Logistic regression,6.143709678572064,0.8124800458210584,6.143709678572064,0.92,0.49006864186878824,1,1,1,1
123,30731,34.99,0,-0.9981111997279222,0,Logistic regression,-3.057735183950988,-1.219010144468562,-3.057735183950988,0.025,-0.2755460504778374,0,0,0,0
123,214871,25.27,0,-1.5305795581629165,0,Logistic regression,-1.6528133740268172,-0.9562435020211201,-1.6528133740268172,0.13,-0.7193635394914685,0,0,0,0
123,35500,47.0,0,-1.2396921089299289,0,Logistic regression,-3.7213703536306646,-1.3529893337665304,-3.7213703536306646,0.0,-1.0198349572591647,0,0,0,0
123,243848,1.0,1,0.07937978881260557,1,Logistic regression,5.0881938732563885,1.3773681471572763,5.0881938732563885,0.685,0.5099633492158887,1,1,1,1
123,136528,62.0,0,-1.3460726101363005,0,Logistic regression,-2.478562640987722,-1.317329456246827,-2.478562640987722,0.0,-1.1414435233563207,0,0,0,0
123,9789,15.95,0,-0.8468721216555878,0,Logistic regression,-1.4446265439219683,-0.8643518924324604,-1.4446265439219683,0.005,-0.4827632060082575,0,0,0,0
123,60651,58.33,0,-0.5505265703908169,0,Logistic regression,-2.2365468996310733,-1.2792569694436446,-2.2365468996310733,0.2,-0.687693514871282,0,0,0,0
123,213892,87.92,0,-0.39079478143175606,0,Logistic regression,-1.0928742948448684,-0.43204542694144943,-1.0928742948448684,0.025,0.0748667531011768,0,0,0,0
123,83552,108.84,0,-0.9874593046014117,0,Logistic regression,-2.345290648486451,-1.0676551324268768,-2.345290648486451,0.215,-0.4493487442359182,0,0,0,0
123,192749,9.99,0,-0.8333886269548181,0,Logistic regression,-2.1201521849706473,-1.2182345701130934,-2.1201521849706473,0.0,-1.2378829360136843,0,0,0,0
123,133324,87.29,0,-1.2317150691231322,0,Logistic regression,-2.4298432546973787,-1.298034384444008,-2.4298432546973787,0.05,-0.47901179601982236,0,0,0,0
123,30282,318.0,0,-1.3854066923522803,0,Logistic regression,-2.1208964316467913,-0.8142885911977412,-2.1208964316467913,0.055,-0.38008590773973217,0,0,0,0
123,78140,20.0,0,-0.7594614387675646,0,Logistic regression,-3.156053943687176,-0.9859205759648918,-3.156053943687176,0.16,0.443321005413758,0,0,0,1
123,22916,87.0,0,-1.01222443002139,0,Logistic regression,-1.5390032816839478,-0.9311604538431654,-1.5390032816839478,0.0,0.07715085851320369,0,0,0,0
123,120854,3.99,0,-1.3586241752482993,0,Logistic regression,-2.647487719231484,-1.3554112339008135,-2.647487719231484,0.005,-1.026804472090502,0,0,0,0
123,156943,79.49,0,-1.1264531475982429,0,Logistic regression,-3.2951138220491165,-1.257735682316523,-3.2951138220491165,0.0,-0.12876309564981558,0,0,0,0
123,74515,146.79,0,-1.138474510008251,0,Logistic regression,-4.443820234113608,-1.1796836589663826,-4.443820234113608,0.0,-0.31827937580130805,0,0,0,0
123,151256,7.42,0,-1.1919846892330692,0,Logistic regression,-3.100315770650621,-1.274624525695078,-3.100315770650621,0.0,-0.07514587201486034,0,0,0,0
123,167184,105.89,1,0.1926863588091249,1,Logistic regression,2.966808550582762,1.0568101269356212,2.966808550582762,0.84,0.48236325873933483,1,1,1,1
123,42549,88.23,1,0.2354672781234988,1,Logistic regression,6.920154845337972,0.9680052508218931,6.920154845337972,0.98,0.6337864123072223,1,1,1,1
123,92412,0.01,0,-0.5124924711606185,0,Logistic regression,-1.6148394441826524,-0.4061248094536757,-1.6148394441826524,0.155,0.4138349759891818,0,0,0,1
123,227260,568.47,0,-1.0342792305209738,0,Logistic regression,-2.2017746188675904,-0.5403296812094377,-2.2017746188675904,0.05,0.1360536988194056,0,0,0,0
123,127842,11.86,0,-1.371054765124835,0,Logistic regression,-3.361619896013793,-1.385775178484836,-3.361619896013793,0.0,-1.0564078678716422,0,0,0,0
123,58905,7.59,0,-1.0531465872500119,0,Logistic regression,-1.9085762027684265,-1.0817576394521469,-1.9085762027684265,0.055,-0.41508960631384584,0,0,0,0
123,190055,18.4,0,-1.2593791095706306,0,Logistic regression,-3.539187029983714,-1.398063434598733,-3.539187029983714,0.0,-0.9734494767753058,0,0,0,0
123,132786,209.0,0,-1.3389493851142464,0,Logistic regression,-2.5721184597951696,-1.2766817000485462,-2.5721184597951696,0.0,-0.8981243347787632,0,0,0,0
123,103628,1.46,0,-1.1992705637262253,0,Logistic regression,-1.4683360614629266,-0.9733238527298816,-1.4683360614629266,0.005,-1.083067525299981,0,0,0,0
123,79282,28.33,0,-0.934029971202201,0,Logistic regression,-3.4122163680927846,-1.2413123588522987,-3.4122163680927846,0.1,-0.8962308380804883,0,0,0,0
123,58422,208.58,1,-0.9562678478999486,0,Logistic regression,-2.860363217618466,-1.1433820157091978,-2.860363217618466,0.005,0.053733499689461006,0,0,0,0
123,198187,44.0,0,-1.2243968043993534,0,Logistic regression,-4.19152138073959,-1.367074719087602,-4.19152138073959,0.0,-0.6170776610047423,0,0,0,0
123,65425,10.17,0,0.16897429521893467,1,Logistic regression,-0.7037474670481545,-0.4000612250318386,-0.7037474670481545,0.34,0.15423199950664157,0,0,0,0
123,244198,27.59,0,-1.5550729845122908,0,Logistic regression,-1.9381382334392834,-1.1323521200645055,-1.9381382334392834,0.005,-0.6626620026655269,0,0,0,0
123,154693,1.0,1,0.04241497893995279,1,Logistic regression,3.052080028199758,1.1972856718442273,3.052080028199758,0.885,0.5030210182238256,1,1,1,1
123,212678,28.73,0,-0.9534035010401319,0,Logistic regression,-2.573910528123247,-1.064748566989386,-2.573910528123247,0.075,-0.7746099043768194,0,0,0,0
123,266745,70.49,0,-1.1709272533057447,0,Logistic regression,-1.7714498635979554,-1.0568187132006228,-1.7714498635979554,0.02,-0.18977704448030486,0,0,0,0
123,185558,4.49,0,-1.1392448572503373,0,Logistic regression,-2.967138862907308,-1.4346005186572386,-2.967138862907308,0.0,-0.3785834702296219,0,0,0,0
123,132079,1009.75,0,-0.7009608934946508,0,Logistic regression,-3.3593241042787225,0.011201873451307076,-3.3593241042787225,0.045,0.465858428737803,0,0,0,1
123,106645,4.99,0,-1.2564891753659684,0,Logistic regression,-1.2340571492116172,-0.8817402118693755,-1.2340571492116172,0.005,-1.012128560688041,0,0,0,0
123,187626,2.0,0,-0.5904174175135275,0,Logistic regression,-1.821232920891217,-0.48616600105420515,-1.821232920891217,0.455,0.4711577272760278,0,0,0,1
123,220725,324.59,1,-0.14488824451360088,1,Logistic regression,-0.05772641363381115,-0.19961219520769902,-0.05772641363381115,0.51,0.4159225256169429,0,0,0,1
123,45806,1.98,0,-1.1361785824684338,0,Logistic regression,-1.4355958864943168,-1.0263542583557168,-1.4355958864943168,0.02,-1.099383413676514,0,0,0,0
123,244220,7.86,0,-1.2064097207343158,0,Logistic regression,-1.6575636741552584,-0.8733490712622926,-1.6575636741552584,0.005,0.05590671971326988,0,0,0,0
123,105477,2.28,0,-0.16437536821640195,1,Logistic regression,1.0356273179835405,0.3320123328501764,1.0356273179835405,0.46,-0.08824784220781745,1,1,0,0
123,124087,1.0,1,-0.14047576490000943,1,Logistic regression,-0.6029809203358036,-0.529683297464021,-0.6029809203358036,0.305,-0.2018331700299114,0,0,0,0
123,104068,198.0,0,-0.809019231484756,0,Logistic regression,-1.9646999511237593,-0.7230803978084058,-1.9646999511237593,0.015,-0.27543140846746617,0,0,0,0
123,226877,0.0,1,-0.15268398954295248,1,Logistic regression,0.4482152800944872,0.2970801381064348,0.4482152800944872,0.845,0.48331038530732456,1,0,1,1
123,65381,11.5,0,-1.3953707255629206,0,Logistic regression,-2.635079915083178,-1.3890003939266653,-2.635079915083178,0.0,-1.2211066660254666,0,0,0,0
123,6336,1.0,1,0.09001226361036904,1,Logistic regression,5.046960599208893,1.225091914502344,5.046960599208893,0.96,0.663874982192235,1,1,1,1
123,7790,21.0,0,-1.0621107780109784,0,Logistic regression,-2.0023956445341526,-1.0191831004415968,-2.0023956445341526,0.015,-0.2621016310205986,0,0,0,0
123,281273,119.7,0,-1.2220809890780637,0,Logistic regression,-2.4578181849792555,-1.2647862087796606,-2.4578181849792555,0.0,-0.9701855116920012,0,0,0,0
123,185765,3.78,0,-0.78011349127004,0,Logistic regression,-2.5189847464672885,-0.8851213035193325,-2.5189847464672885,0.24,0.252267000803147,0,0,0,1
123,196825,79.95,0,-1.1604259823975767,0,Logistic regression,-2.5947500081040205,-1.3041829255409718,-2.5947500081040205,0.0,-0.7038523674682043,0,0,0,0
123,150692,37.93,1,0.21771899413493276,1,Logistic regression,4.271941052407764,0.8730463904383279,4.271941052407764,0.515,0.5082368804489614,1,1,0,1
123,268906,500.0,0,-1.2261844589713082,0,Logistic regression,-2.5738270567214627,-0.8204287101581452,-2.5738270567214627,0.165,0.20401046714723664,0,0,0,0
123,93507,1.98,0,-1.1287349663775152,0,Logistic regression,-2.18508183905359,-1.2401208377690156,-2.18508183905359,0.02,-1.3291323746138057,0,0,0,0
123,147967,124.99,0,-1.1997473126901996,0,Logistic regression,-2.180897241407996,-1.0489859944142492,-2.180897241407996,0.03,-0.41249281537861704,0,0,0,0
123,23557,110.0,0,-1.0254793180962871,0,Logistic regression,-4.50003302013451,-1.2023491877932257,-4.50003302013451,0.015,-0.11786172334720024,0,0,0,0
123,260989,1.0,0,-0.9089601626134018,0,Logistic regression,-1.7742974794702175,-1.0980007705562755,-1.7742974794702175,0.04,-0.45428340497477226,0,0,0,0
123,273238,115.95,0,-1.365890074104713,0,Logistic regression,-2.639294749903902,-1.3817222883317335,-2.639294749903902,0.0,-1.0521791626516568,0,0,0,0
123,156842,925.66,0,-0.8186989761884007,0,Logistic regression,-3.420776768748561,-0.3421394153574516,-3.420776768748561,0.055,0.4765530897642373,0,0,0,1
123,151196,571.48,1,-0.5372026141452513,0,Logistic regression,-1.2296741366978388,-0.3579753639650799,-1.2296741366978388,0.15,0.43208046949723866,0,0,0,1
123,50442,5.0,0,-1.1457152165410647,0,Logistic regression,-2.744287419927569,-1.2431182148230815,-2.744287419927569,0.0,-0.9030977688367484,0,0,0,0
123,268252,0.95,0,-1.4213691201549348,0,Logistic regression,-1.7324820467116542,-1.0916840311235148,-1.7324820467116542,0.0,-0.8009635118530406,0,0,0,0
123,23308,0.0,1,0.08162449631372562,1,Logistic regression,0.9882861376501515,0.029983652844574937,0.9882861376501515,0.66,0.5213009713497994,0,0,1,1
123,215197,33.36,0,-1.090565611310548,0,Logistic regression,-3.8760718231371714,-1.3052338959036467,-3.8760718231371714,0.0,-0.3509263148733146,0,0,0,0
456,44223,139.9,1,-0.4133437434767694,1,Logistic regression,7.391192072977593,0.496214185594188,7.391192072977593,0.815,0.2884948301154666,1,1,1,1
456,56410,154.83,0,-0.47433757225554934,1,Logistic regression,-1.1099751531904265,-0.3304687539273816,-1.1099751531904265,0.365,0.224135770068332,0,0,0,1
456,212508,125.29,0,-1.092279328507504,0,Logistic regression,-2.3139866949379053,-1.3155530367322188,-2.3139866949379053,0.0,-0.9863923955881357,0,0,0,0
456,52556,81.91,0,-0.9998374460516681,0,Logistic regression,-1.647729989943533,-0.8915329014821849,-1.647729989943533,0.035,-0.5469938556729718,0,0,0,0
456,232759,11.99,0,-0.6269917852946899,0,Logistic regression,-0.3533932084434769,-0.6039129291944174,-0.3533932084434769,0.06,-0.1015918375228797,0,0,0,0
456,6446,1.0,1,-0.5358446739767728,1,Logistic regression,2.815716553664566,1.029405720277438,2.815716553664566,0.815,0.314140346830146,1,1,1,1
456,262873,25.9,0,-1.0850877611952063,0,Logistic regression,-2.2670060074766125,-1.2237822849977462,-2.2670060074766125,0.01,-0.47746721230682887,0,0,0,0
456,276241,39.95,0,-1.0201027019675641,0,Logistic regression,-1.823840026810899,-1.1691507803767769,-1.823840026810899,0.005,-0.4302709812956903,0,0,0,0
456,74794,311.91,1,-0.5608245878508866,1,Logistic regression,-0.4672341342321996,0.14185511270678997,-0.4672341342321996,0.375,0.28848344434834394,0,0,0,1
456,61724,4.99,0,-1.0385093945846027,0,Logistic regression,-1.330605252859095,-1.0738562752032725,-1.330605252859095,0.01,-0.6163521236589309,0,0,0,0
456,243393,0.01,1,-0.4364848325565083,1,Logistic regression,1.9894634722737294,0.8705679197609346,1.9894634722737294,0.85,0.2892214426742518,1,1,1,1
456,234632,1.59,1,-0.010386471334178693,1,Logistic regression,3.888243685855519,1.0982828859854852,3.888243685855519,0.98,0.4146451198845825,1,1,1,1
456,274594,1000.0,0,-0.8524340597730403,0,Logistic regression,-2.521650872478873,-0.11738579993900589,-2.521650872478873,0.0,0.2779133596381834,0,0,0,1
456,79352,17.99,0,-1.2188437790627127,0,Logistic regression,-2.0654878443384304,-1.1938493975487583,-2.0654878443384304,0.015,-0.9998946825271402,0,0,0,0
456,123270,1.0,1,-0.10845257020841897,1,Logistic regression,0.7986166347973438,0.27976930006922063,0.7986166347973438,0.615,0.17589029568777753,0,1,0,1
456,169476,7.8,0,-1.0166564420338158,0,Logistic regression,-3.01121799776221,-0.9636897088349932,-3.01121799776221,0.01,-0.8265648832286139,0,0,0,0
456,97014,1.79,0,-1.1173450904796216,0,Logistic regression,-1.1265527989362178,-0.9599421624675974,-1.1265527989362178,0.01,-0.7482185067600824,0,0,0,0
456,279209,1.79,0,-1.042232422394403,0,Logistic regression,-1.5314240348379933,-1.076158580575065,-1.5314240348379933,0.01,-0.755578280793008,0,0,0,0
456,48138,99.99,0,-1.0715838996260831,0,Logistic regression,-2.620047888845005,-1.14594497242506,-2.620047888845005,0.02,-0.8954839776797052,0,0,0,0
456,16415,23.36,1,-0.19209782609404608,1,Logistic regression,0.7539644549134004,0.599007398209765,0.7539644549134004,0.92,0.5154573397805784,1,1,1,1
456,280149,77.89,1,0.14232761011384282,1,Logistic regression,1.1074751146107171,0.3992159554119267,1.1074751146107171,0.84,0.37501542288862444,1,1,1,1
456,40525,1.0,1,-0.26269718097288947,1,Logistic regression,3.1150990591383074,0.9914929544651343,3.1150990591383074,0.805,0.30005842440704406,1,1,1,1
456,255431,11.5,0,-0.9120602310667021,0,Logistic regression,-2.2016813632270913,-1.2186938406050483,-2.2016813632270913,0.015,0.06731717228746659,0,0,0,1
456,43540,150.0,0,-1.1149414742906818,0,Logistic regression,-2.4418950112353253,-1.161301442600357,-2.4418950112353253,0.005,-0.9373230202733018,0,0,0,0
456,10898,15.0,0,-1.1146452896562296,0,Logistic regression,-2.531501980758183,-1.317151290664255,-2.531501980758183,0.02,0.1680294803796692,0,0,0,1
456,54980,155.94,0,-0.9313156832477625,0,Logistic regression,-0.898192693859852,-0.6521422332652116,-0.898192693859852,0.02,-0.23367511268904917,0,0,0,0
456,187507,143.25,0,-1.2487333758402723,0,Logistic regression,-1.2084397866670407,-1.0147033121126041,-1.2084397866670407,0.025,-0.7840900688555794,0,0,0,0
456,52548,74.95,0,-1.1472931813026488,0,Logistic regression,-2.1708207562987067,-1.138176689682196,-2.1708207562987067,0.0,-0.7674431511156425,0,0,0,0
456,127020,5.47,0,-0.9262376617969905,0,Logistic regression,-1.2939785601046765,-0.9831429046434803,-1.2939785601046765,0.02,-0.5163044323900897,0,0,0,0
456,203078,40.0,0,-1.1777649618568675,0,Logistic regression,-1.8683031246043154,-1.224781718026137,-1.8683031246043154,0.0,-1.0772693166553962,0,0,0,0
456,3250,1.0,0,-0.9399624225707373,0,Logistic regression,-2.177935974218128,-1.0777350726811614,-2.177935974218128,0.0,-0.5654415133700196,0,0,0,0
456,112867,18.91,0,-1.1056175581505552,0,Logistic regression,-1.5195152008832395,-1.119671527915081,-1.5195152008832395,0.01,-0.6716191015803177,0,0,0,0
456,76897,1000.59,0,-0.4471597153832799,1,Logistic regression,-2.6558818745021853,0.03805061360803075,-2.6558818745021853,0.015,0.2672547472097617,0,0,0,1
456,100575,1.99,0,-1.037078361075529,0,Logistic regression,-1.5626060886807502,-0.8699597213560375,-1.5626060886807502,0.025,0.11909318603459987,0,0,0,1
456,73784,1.0,1,-0.021968986140553703,1,Logistic regression,6.2443245491077075,1.0027212355793431,6.2443245491077075,0.865,0.31276635908317846,1,1,1,1
456,23614,1456.08,0,-0.6435598703194667,0,Logistic regression,-2.6682778074412914,0.36547875115377,-2.6682778074412914,0.005,0.2880956141154222,1,0,0,1
456,18347,116.0,0,-1.0150995626147463,0,Logistic regression,-3.1492889852729924,-1.0604042232604076,-3.1492889852729924,0.025,-0.5605305701957849,0,0,0,0
456,31376,17.99,0,-1.1093135768637212,0,Logistic regression,-1.8495081283696657,-0.9730981653823663,-1.8495081283696657,0.025,-0.9826420184463962,0,0,0,0
456,152810,23.52,0,-1.1663654396296217,0,Logistic regression,-1.9110266933477251,-1.0952958242554536,-1.9110266933477251,0.0,-0.11441607840419438,0,0,0,0
456,245215,17.99,0,-0.9414088469116146,0,Logistic regression,-2.995118002370017,-0.6611177687648164,-2.995118002370017,0.015,0.21492204244661292,0,0,0,1
456,102782,19.59,1,-1.2730881432366719,0,Logistic regression,-1.8498395829438314,-0.911536856710754,-1.8498395829438314,0.065,-0.29041386912438083,0,0,0,0
456,4179,26.5,0,-1.1180791235941845,0,Logistic regression,-2.8592045900444356,-1.1288876121837785,-2.8592045900444356,0.0,0.036131374919029124,0,0,0,1
456,154694,346.94,1,0.16441481840249478,1,Logistic regression,6.057826369166516,1.201251410339185,6.057826369166516,0.81,0.2969219854498201,1,1,1,1
456,175559,1.98,0,-0.9172948276656214,0,Logistic regression,-1.3246486820491052,-1.027286657944525,-1.3246486820491052,0.03,0.00788818845091055,0,0,0,1
456,133812,58.95,0,-1.0805022838685003,0,Logistic regression,-1.5730608471307121,-1.1446654999683756,-1.5730608471307121,0.01,-0.8481679115354295,0,0,0,0
456,201601,130.21,1,-0.1451752349316029,1,Logistic regression,0.8281107101811436,0.4104813772237279,0.8281107101811436,0.825,0.33557068709267024,1,1,1,1
456,79507,121.66,0,-0.9194923542750764,0,Logistic regression,-1.8238472024912906,-1.1215053557979193,-1.8238472024912906,0.005,-0.574135299831773,0,0,0,0
456,43204,106.55,1,-0.2988982464525222,1,Logistic regression,6.638550988032967,0.49621928007158145,6.638550988032967,0.76,0.28849483011549293,1,1,1,1
456,54657,40.0,0,-1.133290394722406,0,Logistic regression,-1.5084268374042935,-0.9615212439600738,-1.5084268374042935,0.02,-0.29639314899436187,0,0,0,0
456,91986,100.0,0,-1.0604753249793584,0,Logistic regression,-2.9726837459141526,-0.9103460598097448,-2.9726837459141526,0.01,-0.43853219632198437,0,0,0,0
456,189000,40.53,0,-1.004019707012555,0,Logistic regression,-1.0804012513830261,-0.943220032514106,-1.0804012513830261,0.005,-0.11469601104469823,0,0,0,0
456,278803,173.28,0,-0.9355690146012536,0,Logistic regression,-2.261657513274393,-0.9824360563855772,-2.261657513274393,0.0,-0.09368085180414776,0,0,0,0
456,251213,8.65,0,-1.1184763147768015,0,Logistic regression,-1.4713805517163523,-0.9145282583661218,-1.4713805517163523,0.02,-0.47278334278737066,0,0,0,0
456,52856,254.38,0,-0.9979590435800654,0,Logistic regression,-2.3651548426603126,-0.8746528806866296,-2.3651548426603126,0.005,-0.004238974361938652,0,0,0,0
456,251904,94.82,1,-0.47031057131508014,1,Logistic regression,2.9398608911051607,0.9708681491574849,2.9398608911051607,0.88,0.45000547953299286,1,1,1,1
456,50720,158.0,0,-1.1069687717479557,0,Logistic regression,-1.5073494741107283,-1.0783455692012054,-1.5073494741107283,0.005,-0.5514345689585821,0,0,0,0
456,223618,1.0,1,-0.4580119104983385,1,Logistic regression,5.135608128974864,1.0796140018600098,5.135608128974864,0.905,0.5234495533154302,1,1,1,1
456,226020,9.99,0,-1.0877345048560128,0,Logistic regression,-1.7043668362520692,-1.176302986942918,-1.7043668362520692,0.0,-0.4203351872585753,0,0,0,0
456,176107,191.19,0,-1.047544249451846,0,Logistic regression,-2.395930419467364,-1.13372241089348,-2.395930419467364,0.005,-0.6283701793734299,0,0,0,0
456,264886,19.34,0,-1.0593569933255407,0,Logistic regression,-1.0881834549887743,-0.6960831968925052,-1.0881834549887743,0.04,-0.456991843004082,0,0,0,0
456,206803,9.84,0,-1.1280773698925446,0,Logistic regression,-1.91957385061438,-1.21406354274049,-1.91957385061438,0.01,-0.8243828254189873,0,0,0,0
456,274337,37.22,0,-1.115087407598213,0,Logistic regression,-1.6350931304312644,-1.027803397032407,-1.6350931304312644,0.01,-0.3945161596468022,0,0,0,0
456,50588,104.73,0,-1.0985223307524132,0,Logistic regression,-1.4001442938297641,-0.9492386212116195,-1.4001442938297641,0.015,-0.7006720853350248,0,0,0,0
456,265755,22.23,0,-1.1210481807825465,0,Logistic regression,-1.6985721835733725,-0.8804168603264115,-1.6985721835733725,0.06,-0.9471061802326008,0,0,0,0
456,277419,1.79,0,-0.9533944093100142,0,Logistic regression,-1.3434023613999833,-0.9257240577161565,-1.3434023613999833,0.095,-0.8582128029458873,0,0,0,0
456,157868,0.76,1,0.0921454088844808,1,Logistic regression,2.980851441305707,0.8910377540976266,2.980851441305707,0.77,0.4265092763315956,1,1,1,1
456,251803,20.0,0,-1.2359592415814018,0,Logistic regression,-2.164999396305782,-1.2867344499383877,-2.164999396305782,0.0,-0.8327817656798755,0,0,0,0
456,77316,1.0,0,-1.2584820963191186,0,Logistic regression,-1.2998464377700425,-0.8615855463353785,-1.2998464377700425,0.035,-0.8261225111353707,0,0,0,0
456,243699,1.0,1,-0.4299077171736098,1,Logistic regression,4.807545438067054,0.8889065621749226,4.807545438067054,0.79,0.28865945941687415,1,1,1,1
456,25776,38.42,0,-1.1955071874896794,0,Logistic regression,-1.6551082151879188,-1.1082644741695697,-1.6551082151879188,0.0,-0.9970525070480307,0,0,0,0
456,190955,11.56,0,-0.9717191788850916,0,Logistic regression,-0.4404246264775349,-0.6067589123323529,-0.4404246264775349,0.08,-0.3348893572149607,0,0,0,0
456,150665,209.65,1,-0.3478750421486382,1,Logistic regression,10.11500823446116,0.8449993822320423,10.11500823446116,0.9,0.3344750182361414,1,1,1,1
456,80808,115.8,0,-1.335517170973494,0,Logistic regression,-1.481032468989505,-0.935052673095478,-1.481032468989505,0.015,-0.9596890702576075,0,0,0,0
456,43681,53.95,1,-0.48120452053449514,1,Logistic regression,7.2146262595284005,0.4962973632605644,7.2146262595284005,0.77,0.28849483011546745,1,1,1,1
456,145800,451.27,1,-0.9111756538989473,0,Logistic regression,-1.3028309684964345,-0.4120530195675296,-1.3028309684964345,0.015,0.18975717866800934,0,0,0,1
456,147605,9.21,1,-0.6815160412943189,0,Logistic regression,0.583542478646019,0.17891385245939173,0.583542478646019,0.785,0.2731538439054426,0,1,1,1
456,111029,105.0,0,-0.8784039120938073,0,Logistic regression,-1.552219011262542,-0.8500068606002829,-1.552219011262542,0.18,-0.2878957216152689,0,0,0,0
456,61558,7.5,0,-0.9968141040895866,0,Logistic regression,-1.6493812582151546,-1.0041972601887732,-1.6493812582151546,0.035,-0.5227445848188953,0,0,0,0
456,246288,47.7,0,-0.9190643981903124,0,Logistic regression,-0.9112788031303669,-0.5540341010586247,-0.9112788031303669,0.06,-0.24417581269961608,0,0,0,0
456,151807,33.59,1,-0.342110865628646,1,Logistic regression,4.14001460297473,0.49537696490092387,4.14001460297473,0.735,0.28849483010599297,1,1,1,1
456,81822,1.98,0,-1.142425116386652,0,Logistic regression,-2.159309174359079,-1.0913370679539884,-2.159309174359079,0.0,-1.0645190200762635,0,0,0,0
456,17317,99.99,1,-0.46233250056361513,1,Logistic regression,9.935573230800058,0.49803090898962615,9.935573230800058,0.755,0.2884948301154666,1,1,1,1
456,72757,1.79,1,-0.7875194460796526,0,Logistic regression,-2.2495915142355454,-0.8268916146047589,-2.2495915142355454,0.025,0.1604103930677521,0,0,0,1
456,125896,1.98,0,-1.223618338948298,0,Logistic regression,-1.5466959923261099,-1.1496322089623299,-1.5466959923261099,0.005,-0.6194146506871464,0,0,0,0
456,100392,167.88,0,-0.9646905821886587,0,Logistic regression,-3.4130757184082716,-0.6132454248853729,-3.4130757184082716,0.015,0.136222707286574,0,0,0,1
456,42007,0.76,1,0.2860082537642186,1,Logistic regression,5.3171689572909555,1.206931733915618,5.3171689572909555,0.87,0.31421367851161885,1,1,1,1
456,115190,74.99,0,-0.8341344656247958,0,Logistic regression,-2.0731717584461897,-0.3226405260367292,-2.0731717584461897,0.04,0.2494878467086569,0,0,0,1
456,191374,137.76,0,-1.2166013418477835,0,Logistic regression,-1.5733333605352389,-1.090044611019359,-1.5733333605352389,0.045,-0.6766442059069002,0,0,0,0
456,92732,1.29,0,-1.0580775570661773,0,Logistic regression,-2.0193183261333036,-1.2051901133035516,-2.0193183261333036,0.0,-1.353414578068362,0,0,0,0
456,82601,93.17,0,-1.1327676560761235,0,Logistic regression,-1.6383191272310476,-1.0709836604603957,-1.6383191272310476,0.02,-1.1421020603991034,0,0,0,0
456,46394,89.99,0,-0.847042888447946,0,Logistic regression,0.2873258707864146,-0.09573749970134526,0.2873258707864146,0.605,0.13458143763305144,0,0,0,1
456,202721,12.0,0,-1.042322841403956,0,Logistic regression,-0.7654208882358882,-0.6565393972796505,-0.7654208882358882,0.125,-0.043159622332207936,0,0,0,0
456,249607,35.0,1,-0.4193202445219559,1,Logistic regression,1.2916094103217877,0.36770924169936225,1.2916094103217877,0.77,0.2884948307231783,1,1,1,1
456,125123,1.79,0,-1.140299523618145,0,Logistic regression,-2.098651865304869,-1.109682054800025,-2.098651865304869,0.0,-1.1599158412905286,0,0,0,0
456,111919,89.95,0,-1.145589609304306,0,Logistic regression,-2.6091938027750743,-0.9410900738226788,-2.6091938027750743,0.02,-0.863001868713041,0,0,0,0
456,214999,151.33,0,-0.7895268038300058,0,Logistic regression,0.7577599981374197,0.43767502549771525,0.7577599981374197,0.22,0.3047410624479952,1,1,0,1
456,96090,74.54,0,-1.0585576861605706,0,Logistic regression,-1.4735335884304344,-0.9928398955674749,-1.4735335884304344,0.075,-0.739204862913124,0,0,0,0
456,88146,71.69,0,-1.001266907439012,0,Logistic regression,-0.9872828417427342,-0.7732821347442602,-0.9872828417427342,0.02,-0.21363580341916444,0,0,0,0
456,252192,1.98,0,-1.161718521373624,0,Logistic regression,-1.0838367143644487,-0.8421917441211777,-1.0838367143644487,0.115,-0.5228580212588624,0,0,0,0
456,231512,17.47,0,-1.014839326894079,0,Logistic regression,-2.861563625456153,-1.103227449469718,-2.861563625456153,0.015,-0.6484480811808668,0,0,0,0
456,270125,19.99,0,-1.1373209923162573,0,Logistic regression,-1.2326517385712061,-1.0335593290245715,-1.2326517385712061,0.005,-0.6138975224148678,0,0,0,0
456,174909,40.0,0,-0.9235342772653359,0,Logistic regression,-1.4735460965602334,-0.9587818351669235,-1.4735460965602334,0.0,-0.3244900830735358,0,0,0,0
456,93486,0.0,1,-0.3522465221457875,1,Logistic regression,0.2007978828679169,-0.13070278691884263,0.2007978828679169,0.54,0.0379304145038038,0,0,0,1
456,127600,45.53,0,-1.1172031225179342,0,Logistic regression,-2.0850189878721634,-1.1671236206476066,-2.0850189878721634,0.015,-0.8792309826756726,0,0,0,0
456,146039,8.99,0,-0.757477189534332,0,Logistic regression,-0.48130321939771625,-0.40673491410525775,-0.48130321939771625,0.395,-0.3080551906194129,0,0,0,0
456,221581,159.95,0,-1.0326605242295415,0,Logistic regression,-1.254303441536441,-0.9684870951470128,-1.254303441536441,0.015,-0.6397874810725799,0,0,0,0
456,6820,1.0,1,0.7716681665480196,1,Logistic regression,4.2697164160958465,1.318509205060169,4.2697164160958465,0.8,0.7071827682022925,1,1,1,1
456,133814,10.0,0,-1.108042218965157,0,Logistic regression,-2.3572590199125436,-1.1466824609540085,-2.3572590199125436,0.0,-0.8651840421387973,0,0,0,0
456,73811,6.18,0,-1.0616640525302967,0,Logistic regression,-2.363134693833188,-1.0968388247006202,-2.363134693833188,0.01,-0.5399636224805032,0,0,0,0
456,48951,29.9,0,-1.0609439466351116,0,Logistic regression,-2.0179593222273926,-1.3060767115610215,-2.0179593222273926,0.0,-0.5129694731832434,0,0,0,0
456,122057,29.95,0,-0.7339613393671218,0,Logistic regression,-2.6697899067863746,-1.1666020783517332,-2.6697899067863746,0.035,0.12045689546668328,0,0,0,1
456,274001,0.76,0,-1.1530012270223324,0,Logistic regression,-0.885729689411225,-0.7144064409143511,-0.885729689411225,0.125,0.17795113996265532,0,0,0,1
456,150601,1.0,1,-0.3304837002870705,1,Logistic regression,9.798148744315503,0.5554824249569833,9.798148744315503,0.88,0.2886640729509586,1,1,1,1
456,64113,55.0,0,-1.0011384709979416,0,Logistic regression,-2.1567225931165135,-1.0745994647224637,-2.1567225931165135,0.0,-0.43462035313233716,0,0,0,0
456,152295,9.82,1,-0.14575608769095985,1,Logistic regression,9.110842695582466,0.4963255808293455,9.110842695582466,0.665,0.2884948301154666,1,1,1,1
456,246218,75.86,0,-1.1099115741137002,0,Logistic regression,-2.465475303068922,-1.1777419519579906,-2.465475303068922,0.0,-0.2777040649150885,0,0,0,0
456,254756,29.0,0,-0.8142376684583508,0,Logistic regression,-1.6062793827708228,-0.8738188274809078,-1.6062793827708228,0.225,-0.24527313081740243,0,0,0,0
456,205633,0.0,0,-0.7901089373389196,0,Logistic regression,-0.5928327805476301,-0.37897363886494206,-0.5928327805476301,0.11,0.1548603378267361,0,0,0,1
456,276731,1.98,0,-0.9172948276656214,0,Logistic regression,-1.3246486820491052,-1.027286657944525,-1.3246486820491052,0.03,0.00788818845091055,0,0,0,1
456,130609,1.0,0,-0.913943368982725,0,Logistic regression,-2.5629924488848363,-1.1423078596409797,-2.5629924488848363,0.025,-0.47889030802620647,0,0,0,0
456,256723,1.29,0,-1.0471018604419011,0,Logistic regression,-2.132044904590141,-1.1288872041343807,-2.132044904590141,0.0,-1.0321751805157489,0,0,0,0
456,138101,24.0,0,-1.1236406110795105,0,Logistic regression,-0.9162315651700611,-0.6313736399519767,-0.9162315651700611,0.02,0.04734106200127944,0,0,0,1
456,249239,1096.99,1,-0.9224216639437575,0,Logistic regression,-2.048397134046417,-0.039224527313800994,-2.048397134046417,0.02,0.27690155017294854,0,0,0,1
456,59539,19.73,1,-0.3441345238802852,1,Logistic regression,0.4959743729059436,0.1859209757391329,0.4959743729059436,0.745,0.35944629373160275,0,0,1,1
456,51892,89.85,0,-0.7791269709547057,0,Logistic regression,-2.2527692269684523,-0.864998497040502,-2.2527692269684523,0.03,-0.22998105675078595,0,0,0,0
456,198848,273.31,0,-0.5215980692829367,1,Logistic regression,-3.577319295000877,-0.3017023840646166,-3.577319295000877,0.04,0.2883374432288765,0,0,0,1
456,169321,10.0,0,-0.8301443080428685,0,Logistic regression,-1.0273991314263173,-0.618448869773081,-1.0273991314263173,0.055,-0.212747984898911,0,0,0,0
456,51584,0.0,0,-0.9950882275856734,0,Logistic regression,-2.3764997885138426,-1.083092307282762,-2.3764997885138426,0.005,-0.7000861700905545,0,0,0,0
456,76609,7.52,1,-0.3778904860860702,1,Logistic regression,5.828014017650667,0.5824548302109883,5.828014017650667,0.77,0.2907179911423771,1,1,1,1
456,42936,59.68,1,-0.45964357939684036,1,Logistic regression,7.152036327320313,0.49831438412897855,7.152036327320313,0.76,0.28849531913179544,1,1,1,1
456,210504,319.99,0,-0.8008963563888669,0,Logistic regression,-1.7826882097144725,-0.8929715552818132,-1.7826882097144725,0.005,0.05357267900708415,0,0,0,1
456,10987,3.56,0,-0.663019507676573,0,Logistic regression,-1.6988259355699262,-0.6546553369140917,-1.6988259355699262,0.21,-0.3128803065525344,0,0,0,0
456,72672,4.56,0,-1.173901039429277,0,Logistic regression,-1.762631670957704,-0.9257523364420894,-1.762631670957704,0.075,-1.080125541718816,0,0,0,0
456,181156,9.72,0,-1.0575148148130327,0,Logistic regression,-1.644299897315436,-1.091795446132762,-1.644299897315436,0.015,-0.578512360467219,0,0,0,0
456,133965,25.48,0,-0.7370249780948375,0,Logistic regression,-0.969842037758058,-0.16119617876965375,-0.969842037758058,0.155,0.1993779645149843,0,0,0,1
456,150004,90.0,0,-0.9123102894248816,0,Logistic regression,-1.4544313161541707,-1.1019317594687215,-1.4544313161541707,0.015,0.1934319074016801,0,0,0,1
456,69285,47.0,0,-0.989344403984111,0,Logistic regression,-1.9595654779806084,-1.1868675453746953,-1.9595654779806084,0.02,-1.0659472662883327,0,0,0,0
456,243848,1.0,1,-0.2727256655235465,1,Logistic regression,4.460526824058396,0.7548558678657198,4.460526824058396,0.735,0.2886536683997069,1,1,1,1
456,239499,50.0,1,0.07733280570055734,1,Logistic regression,1.626822764864852,0.5971825894080236,1.626822764864852,0.9,0.33811416185912313,1,1,1,1
456,119714,29.95,1,-0.9848589339027651,0,Logistic regression,-1.2161066131652163,-0.676005410498999,-1.2161066131652163,0.135,0.23344635157392618,0,0,0,1
456,106484,1.49,0,-1.05016997196976,0,Logistic regression,-1.9684620323804232,-1.0948151302967792,-1.9684620323804232,0.01,-0.3506223157132694,0,0,0,0
456,81177,400.0,0,-0.8473344780290537,0,Logistic regression,-2.5103219421865157,-0.8396856893363767,-2.5103219421865157,0.005,-0.21310208951289278,0,0,0,0
456,112161,42.37,0,-1.2670256924613932,0,Logistic regression,-1.5697466455294535,-0.9750758221374156,-1.5697466455294535,0.0,-0.30495074176018633,0,0,0,0
456,93015,1.98,0,-1.0752601262461687,0,Logistic regression,-2.032902646222478,-1.047493201952893,-2.032902646222478,0.0,-1.1130378138084722,0,0,0,0
456,56703,0.76,1,-0.9675031532676395,0,Logistic regression,-1.2833419393913341,-0.8971777122167615,-1.2833419393913341,0.065,-0.9079791421516072,0,0,0,0
456,147176,22.78,0,-1.172578274545983,0,Logistic regression,-2.5277093424602928,-1.3100486770768067,-2.5277093424602928,0.0,-0.95438373917099,0,0,0,0
456,128892,357.0,0,-0.9901567580023589,0,Logistic regression,-1.3965779241175302,-0.4934180670168148,-1.3965779241175302,0.04,0.032928853635521727,0,0,0,1
456,182190,200.0,0,-1.0307232826482484,0,Logistic regression,-2.4065108970982587,-1.0834798055274044,-2.4065108970982587,0.01,-0.15000559823675597,0,0,0,0
456,74753,24.3,0,-0.9982667010502981,0,Logistic regression,-2.8772167480579016,-1.1300132458941727,-2.8772167480579016,0.0,-0.43342404466600226,0,0,0,0
456,211501,1.0,0,-1.093656554778305,0,Logistic regression,-0.6489646551184289,-0.5572373202173291,-0.6489646551184289,0.165,-0.3659483869202699,0,0,0,0
456,208868,95.0,0,-1.0026704894701188,0,Logistic regression,-1.844971831112378,-1.055544511476567,-1.844971831112378,0.025,-0.16189780521961983,0,0,0,0
456,77497,13.16,0,-0.9879658744575512,0,Logistic regression,-1.2733256719701191,-1.023294738993673,-1.2733256719701191,0.035,-0.5404800907436166,0,0,0,0
456,117176,2.49,0,-0.9991554264481441,0,Logistic regression,-2.035933894141427,-1.0682364498991186,-2.035933894141427,0.0,-0.8597082048213458,0,0,0,0
456,62821,53.0,0,-1.0306959667653313,0,Logistic regression,-1.2165570702380406,-0.928193403371464,-1.2165570702380406,0.03,-0.1150522212922388,0,0,0,0
456,134063,14.17,0,-1.0685422027342357,0,Logistic regression,-2.273726586410354,-1.1917120797875687,-2.273726586410354,0.005,-0.955713627307704,0,0,0,0
456,181966,40.0,1,-0.07088167510196342,1,Logistic regression,1.2168636370825958,0.47095760730159464,1.2168636370825958,0.78,0.32808428365655534,1,1,1,1
456,126936,264.95,0,-0.5800532449733238,1,Logistic regression,-2.921028884390982,-0.5819221203644114,-2.921028884390982,0.025,-0.2824121189541825,0,0,0,0
456,117729,39.95,0,-1.1577254255336058,0,Logistic regression,-2.3989238146462277,-1.1609650086070589,-2.3989238146462277,0.025,-0.7746365525825525,0,0,0,0
456,193854,1.5,0,-0.8597198099416535,0,Logistic regression,-1.0737061663037504,-0.7028630602962591,-1.0737061663037504,0.02,-0.16461983200834202,0,0,0,0
456,263323,2.95,0,-0.9992497558908102,0,Logistic regression,-1.5594311016065945,-0.9918140614417956,-1.5594311016065945,0.03,-0.5127959782674064,0,0,0,0
456,36410,5.37,0,-1.166204420191285,0,Logistic regression,-1.1268008763909156,-0.9043896419510007,-1.1268008763909156,0.105,-1.03398932109648,0,0,0,0
456,162371,49.06,0,-0.6487609060339227,0,Logistic regression,-0.2122573808763104,-0.38287793851177077,-0.2122573808763104,0.47,-0.3207303638854899,0,0,0,0
456,141,30.9,0,-0.8318972247467074,0,Logistic regression,-3.0394745249524373,-0.9214665802458553,-3.0394745249524373,0.01,-0.18624098564620323,0,0,0,0
456,205323,35.0,0,-1.1892938849459058,0,Logistic regression,-2.111551082689136,-1.1428514494848556,-2.111551082689136,0.045,-0.21208834622312467,0,0,0,0
456,178951,2.99,0,-0.7014378376242787,0,Logistic regression,-1.1863198932637384,-0.4957903304384468,-1.1863198932637384,0.25,0.28847483830825305,0,0,0,1
456,258996,140.0,0,-0.7601885975145959,0,Logistic regression,-1.7717054302083326,-0.8825292679045105,-1.7717054302083326,0.07,0.051732270564656235,0,0,0,1
456,150281,249.0,0,-1.0483819862706676,0,Logistic regression,-1.5559657564278448,-1.0737842616446236,-1.5559657564278448,0.01,-0.25671928901439944,0,0,0,0
456,186748,206.0,0,-0.9989095390646492,0,Logistic regression,-2.00076108849458,-1.1255151965836436,-2.00076108849458,0.005,-0.18165732934363932,0,0,0,0
456,279444,377.4,0,-1.0082223858072368,0,Logistic regression,-1.541355903444995,-0.8493187343502855,-1.541355903444995,0.035,-0.04427038856667037,0,0,0,0
456,237606,37.95,0,-1.1339873454331137,0,Logistic regression,-0.8198407753510069,-0.7674897127064799,-0.8198407753510069,0.115,-0.3700235139239608,0,0,0,0
456,6144,110.0,0,-1.1735084129319866,0,Logistic regression,-3.0025808358859534,-0.8763500474277433,-3.0025808358859534,0.025,-0.1552859291051258,0,0,0,0
456,69786,1.29,0,-1.025257986483732,0,Logistic regression,-2.668329820303313,-0.9572563614543654,-2.668329820303313,0.015,-0.8799327270329742,0,0,0,0
456,201581,6.03,0,-1.0091930677740668,0,Logistic regression,-1.226215910380968,-0.7213529719147869,-1.226215910380968,0.035,-0.21902022171163016,0,0,0,0
456,68067,519.9,1,-0.8319792945897382,0,Logistic regression,-2.471733901593055,-0.3622335807778331,-2.471733901593055,0.02,0.18462023414401196,0,0,0,1
456,270298,9.99,0,-0.9858105696685502,0,Logistic regression,-1.3306185979705583,-0.852920933445042,-1.3306185979705583,0.065,-0.43253576457774623,0,0,0,0
456,153303,1.0,0,-1.2081067705262223,0,Logistic regression,-1.6820169553711295,-1.0461634436884157,-1.6820169553711295,0.005,-0.15179222810184428,0,0,0,0
456,243547,57.73,1,0.05150908516644409,1,Logistic regression,2.4216391390579046,0.9432628463433809,2.4216391390579046,0.81,0.289080138812773,1,1,1,1
456,281754,1.5,0,-1.0188892406068417,0,Logistic regression,-0.8079322426362359,-0.7656058744558516,-0.8079322426362359,0.055,-0.38564321982012184,0,0,0,0
456,28979,99.0,0,-0.8670635259122508,0,Logistic regression,-2.920753735564258,-0.6886309441399032,-2.920753735564258,0.025,-0.2033512493270388,0,0,0,0
456,107001,24.99,0,-1.167684707059368,0,Logistic regression,-2.383760643277279,-1.0927697919790116,-2.383760643277279,0.005,-0.5428550032783195,0,0,0,0
456,120837,99.9,1,0.14570561714459435,1,Logistic regression,3.934926706321048,1.270914714856591,3.934926706321048,0.93,0.3850198570246153,1,1,1,1
456,6508,1.54,0,-0.6064215109788912,0,Logistic regression,-1.9195221826878348,-0.6405986691427386,-1.9195221826878348,0.08,-0.03283024239240301,0,0,0,0
456,260589,217.14,0,-0.511321599991108,1,Logistic regression,2.5380872115407174,0.4962038812183458,2.5380872115407174,0.14,0.2884948301154666,1,1,0,1
456,22423,3.9,0,-1.1276974655042302,0,Logistic regression,-1.490852769370983,-1.134505991703664,-1.490852769370983,0.01,-0.95940692052162,0,0,0,0
456,226814,667.55,1,-0.4190015860542389,1,Logistic regression,3.183651662187814,0.6350814540136731,3.183651662187814,0.735,0.30124700927591086,1,1,1,1
456,66006,89.99,0,-1.0904159520162522,0,Logistic regression,-1.3150112108283853,-1.0861414831193568,-1.3150112108283853,0.005,-0.9505450027562499,0,0,0,0
456,175830,10.76,0,-0.5218718550729446,1,Logistic regression,-3.499054391094603,-0.6332832263192509,-3.499054391094603,0.12,0.15885150002245205,0,0,0,1
456,119862,19.27,0,-1.0763872026869952,0,Logistic regression,-1.9619128786328126,-1.1897986084003538,-1.9619128786328126,0.005,-1.2421565687928744,0,0,0,0
456,43428,364.19,1,-0.16640085638023194,1,Logistic regression,9.033634185364821,0.4964496431795499,9.033634185364821,0.765,0.288494830115498,1,1,1,1
456,35316,58.31,0,-1.357658696034818,0,Logistic regression,-1.3736358159442184,-0.8906534344118688,-1.3736358159442184,0.015,-0.24958500728185895,0,0,0,0
456,154893,1.0,0,-1.0272181879058322,0,Logistic regression,-1.4181320721796267,-0.9196318434959361,-1.4181320721796267,0.045,-0.08988880237573582,0,0,0,0
456,178967,100.0,0,-1.0990841910371445,0,Logistic regression,-2.244642261486284,-1.2385644585194686,-2.244642261486284,0.02,-0.45957258340371976,0,0,0,0
456,25133,22.95,0,-0.8150918848409352,0,Logistic regression,-2.7477454173296776,-1.1174839750273682,-2.7477454173296776,0.01,-0.9420357133621753,0,0,0,0
456,78959,14.45,0,-0.8638296878786559,0,Logistic regression,-2.7417256106411374,-1.09292819161759,-2.7417256106411374,0.0,-0.6965164857129332,0,0,0,0
456,116815,1.0,0,-0.7835582907794203,0,Logistic regression,-0.12242961348940828,-0.14983292655114422,-0.12242961348940828,0.335,-0.07183909036066266,0,0,0,0
456,256070,1.69,0,-1.0791490588390902,0,Logistic regression,-1.4624342884526524,-0.9967588948179178,-1.4624342884526524,0.005,-0.8425067836190792,0,0,0,0
456,276977,4.99,0,-1.0897336095142847,0,Logistic regression,-0.8358341001674385,-0.6881950337998146,-0.8358341001674385,0.34,-0.9091359094957832,0,0,0,0
456,260257,4.5,0,-1.1641271867061562,0,Logistic regression,-3.0628227853224494,-0.893295102098363,-3.0628227853224494,0.065,-0.2978490867115693,0,0,0,0
456,234846,15.95,0,-0.6573432680177069,0,Logistic regression,-0.5644154762317253,-0.387986791695649,-0.5644154762317253,0.26,-0.0662875882101181,0,0,0,0
456,169956,0.89,0,-1.174750016481681,0,Logistic regression,-1.5471296903450384,-1.0719602686705398,-1.5471296903450384,0.0,-0.9177516176230749,0,0,0,0
456,10690,1218.89,1,-0.45398927666083577,1,Logistic regression,16.801444284607598,0.49620410927462016,16.801444284607598,0.815,0.2884948301154666,1,1,1,1
456,9035,1.0,1,-0.5459789045935068,1,Logistic regression,13.752241897713487,0.5146838734731738,13.752241897713487,0.95,0.2884995526800075,1,1,1,1
456,202883,2.69,0,-1.0534922936010558,0,Logistic regression,-1.2118012336173902,-0.9195266650923435,-1.2118012336173902,0.03,-0.019329820904486872,0,0,0,0
456,8312,1.0,1,-0.20525916281054463,1,Logistic regression,5.3924477813458145,1.005616724945608,5.3924477813458145,0.95,0.31924303080404565,1,1,1,1
456,209456,0.0,0,-0.9871583137309003,0,Logistic regression,-1.2446025851652838,-1.0574922269980849,-1.2446025851652838,0.025,0.16446134098716708,0,0,0,1
456,86291,1.79,0,-0.9443377553828347,0,Logistic regression,-0.5204946421262959,-0.6756394517747641,-0.5204946421262959,0.07,-0.17124555577455208,0,0,0,0
456,183753,90.0,0,-1.0013139002261675,0,Logistic regression,-2.560831691600426,-1.1524184825093315,-2.560831691600426,0.0,-0.7780038541063539,0,0,0,0
456,658,8.83,0,-1.2199101526213292,0,Logistic regression,-1.1254305599326415,-0.9455291966821127,-1.1254305599326415,0.04,-1.1766487906465455,0,0,0,0
456,242289,181.4,0,-0.5869384372756257,1,Logistic regression,-2.5573025422641633,-0.15824360068195842,-2.5573025422641633,0.065,0.2760770450796902,0,0,0,1
456,169382,276.0,0,-1.0967457512642111,0,Logistic regression,-2.71014674259536,-1.17693785728433,-2.71014674259536,0.01,-0.10870867496433823,0,0,0,0
456,30314,7.61,1,-0.39565509006707594,1,Logistic regression,4.7184295011838655,0.9473574138044787,4.7184295011838655,0.885,0.37152118160336917,1,1,1,1
456,229626,66.0,0,-0.9858945300401931,0,Logistic regression,-1.9004738285284755,-1.1769582840950148,-1.9004738285284755,0.0,-0.46082610410736935,0,0,0,0
456,120219,36.84,0,-1.2261158054327617,0,Logistic regression,-1.3395037701496886,-0.963691106626529,-1.3395037701496886,0.01,-0.46938336053973007,0,0,0,0
456,129048,75.3,0,-0.8267073944381446,0,Logistic regression,-2.9665098877823937,-0.8753592146006015,-2.9665098877823937,0.03,-0.48121333153465584,0,0,0,0
456,99820,1.98,0,-1.1031910857322338,0,Logistic regression,-1.5293419982945193,-1.1630049705173242,-1.5293419982945193,0.0,-0.7470023564901307,0,0,0,0
456,117976,32.42,0,-1.0756183413981117,0,Logistic regression,-2.1654073824654034,-1.2051433176659692,-2.1654073824654034,0.005,-0.8693550871342159,0,0,0,0
456,154693,1.0,1,-0.20612556523128428,1,Logistic regression,5.142439849962758,0.978310491492599,5.142439849962758,0.785,0.3058792258223146,1,1,1,1
456,7849,9.27,0,-1.1504750783598863,0,Logistic regression,-2.0500392568612025,-0.8510057632901906,-2.0500392568612025,0.025,-0.2237237987099867,0,0,0,0
456,72545,90.0,0,-1.1606497041365342,0,Logistic regression,-1.6721864254286474,-1.097570862300727,-1.6721864254286474,0.02,0.008602901422131715,0,0,0,1
456,33276,12.31,1,-0.5528315946920226,1,Logistic regression,1.4318475025161945,0.49426274181282437,1.4318475025161945,0.81,0.2884948297954949,1,1,1,1
456,163586,65.0,1,0.19221161803612802,1,Logistic regression,2.2997598823074172,0.9786593025581076,2.2997598823074172,0.81,0.573109066471104,1,1,1,1
456,120532,1.54,0,-0.2121402325417313,1,Logistic regression,-4.057809848873744,0.33340845733730295,-4.057809848873744,0.045,0.2884948301154664,1,0,0,1
456,248288,3.99,0,-0.8347993041108608,0,Logistic regression,-1.4179523014804436,-0.9350463132846756,-1.4179523014804436,0.09,-1.1084317489242528,0,0,0,0
456,104909,34.3,0,-0.45592736588763005,1,Logistic regression,-0.8726061806349659,-0.6024692286447002,-0.8726061806349659,0.11,0.013193241337288386,0,0,0,1
456,90412,34.99,0,-1.0451538440112103,0,Logistic regression,-2.0672949189258594,-0.9008319196075083,-2.0672949189258594,0.005,0.09880696683317763,0,0,0,1
456,171755,4.99,0,-0.5149273699201801,1,Logistic regression,0.709844816665351,0.48978922101349187,0.709844816665351,0.545,0.2884948301043705,1,1,0,1
456,10497,3.79,1,-1.0614042327227922,0,Logistic regression,-0.4935366376888123,-0.4862737720525794,-0.4935366376888123,0.46,-0.02114491012032249,0,0,0,0
456,173345,70.66,0,-1.1069292570236433,0,Logistic regression,-2.0202479136150697,-1.1463789929283763,-2.0202479136150697,0.005,-0.5086210566314316,0,0,0,0
456,74593,71.99,0,-1.145601368416715,0,Logistic regression,-2.113780183429727,-1.1127836989013762,-2.113780183429727,0.01,-1.139027964901959,0,0,0,0
456,186208,159.0,0,-1.0395467420747015,0,Logistic regression,-2.434493136308335,-1.1404405693071435,-2.434493136308335,0.005,-0.6803989972840507,0,0,0,0
456,48404,9.99,0,-1.1590280760896672,0,Logistic regression,-2.0599144852219378,-1.2798439958665107,-2.0599144852219378,0.0,-0.8907316731818555,0,0,0,0
456,280143,0.76,1,-0.4155497208984726,1,Logistic regression,1.8109651732462397,0.5974026617750862,1.8109651732462397,0.815,0.4976392605245545,1,1,1,1
456,178053,152.65,0,-0.5202749031042264,1,Logistic regression,-2.3232418869071974,-0.2559072777306728,-2.3232418869071974,0.47,0.2884705950564428,0,0,0,1
456,237121,6.45,0,-0.9327620531078509,0,Logistic regression,-0.5822545255781283,-0.6539668834111703,-0.5822545255781283,0.04,-0.5337828585279508,0,0,0,0
456,38111,546.47,0,-0.6211708235615511,0,Logistic regression,-2.744493458237046,-0.22534535890226282,-2.744493458237046,0.005,0.26930832123477755,0,0,0,1
456,123393,21.0,0,-0.543538936319047,1,Logistic regression,-1.2660882973348238,-0.3993506577821253,-1.2660882973348238,0.065,0.20166939338627438,0,0,0,1
456,6734,1.0,1,-0.14369948308142622,1,Logistic regression,3.8606739432889805,1.1832492819460503,3.8606739432889805,0.845,0.3188713809817067,1,1,1,1
456,251891,7.06,1,-0.4075940614735826,1,Logistic regression,1.2499460831032903,0.5602072491715844,1.2499460831032903,0.72,0.29584980616556356,1,1,1,1
456,110235,7.49,0,-1.069464301565694,0,Logistic regression,-2.567766017415727,-1.0810204592322323,-2.567766017415727,0.015,-0.9528949564084908,0,0,0,0
456,95697,20.82,0,-1.1168968939270851,0,Logistic regression,-1.5181635528299797,-1.0816190837286879,-1.5181635528299797,0.01,-0.5062297083904056,0,0,0,0
456,123521,0.0,0,-0.09630736214242214,1,Logistic regression,-0.3725930973208156,-0.17360890157950637,-0.3725930973208156,0.305,0.2615423532606508,0,0,0,1
456,271021,114.0,0,-0.8555616594357652,0,Logistic regression,-1.617882123380396,-1.0460955146728093,-1.617882123380396,0.0,-0.5406104206600274,0,0,0,0
456,41747,4.49,0,-1.0859066868139702,0,Logistic regression,-1.356389510206984,-0.8952976768667582,-1.356389510206984,0.015,-0.7465294101721309,0,0,0,0
456,149171,141.22,0,-0.9205020403652762,0,Logistic regression,-1.5271136085095107,-0.8442439726427506,-1.5271136085095107,0.01,0.21105977908148965,0,0,0,1
456,261402,1.0,0,-1.1329357768012036,0,Logistic regression,-1.9886993606524195,-1.1833715443016353,-1.9886993606524195,0.01,-0.7633331621169825,0,0,0,0
456,170301,14.9,0,-0.6637452747217534,0,Logistic regression,-1.9086701911524182,-0.7765781131720542,-1.9086701911524182,0.015,-0.25187761308410384,0,0,0,0
456,22974,7.58,0,-0.5678650265465546,1,Logistic regression,-0.5723622178175641,-0.5551416571254564,-0.5723622178175641,0.205,-0.3365038673846593,0,0,0,0
456,222419,0.0,1,-0.6763430981602536,0,Logistic regression,0.0013365288050923851,-0.20314036107111844,0.0013365288050923851,0.45,-0.03779348098235874,0,0,0,0
456,6329,1.0,1,-0.23536388508924466,1,Logistic regression,3.1806185607868693,0.9598678364279034,3.1806185607868693,0.77,0.2910582802877747,1,1,1,1
456,143731,240.77,1,0.16935472879823504,1,Logistic regression,4.8851476732673005,1.3384223099371442,4.8851476732673005,0.83,0.6334010659268683,1,1,1,1
456,169047,19.16,0,-1.042921143125341,0,Logistic regression,-0.7626369823453166,-0.6686836997739232,-0.7626369823453166,0.105,0.002126356892952652,0,0,0,1
456,176293,18.04,0,-0.9702089335403639,0,Logistic regression,-2.445081862317471,-1.0161077515764978,-2.445081862317471,0.065,0.12138219399431105,0,0,0,1
456,261925,156.0,1,-0.3525368428070045,1,Logistic regression,0.007677770629938907,-0.09839548654214236,0.007677770629938907,0.735,0.32723694826701155,0,0,1,1
456,79249,25.17,0,-1.0701002789717298,0,Logistic regression,-2.1177367205705915,-0.8654744907742304,-2.1177367205705915,0.025,-0.36492627046936077,0,0,0,0
456,269372,413.84,0,-1.2507048134360008,0,Logistic regression,-1.7814935277715538,-0.8897940813275513,-1.7814935277715538,0.01,-0.4785330939242819,0,0,0,0
456,257958,3.59,0,-1.0916370980190488,0,Logistic regression,-1.1706801504371878,-0.916521656612949,-1.1706801504371878,0.105,-0.7037195168527582,0,0,0,0
456,269535,286.0,0,-1.3342056034714171,0,Logistic regression,-1.5895504957378837,-0.9376107034366057,-1.5895504957378837,0.025,-0.49580275256281714,0,0,0,0
456,82580,12.31,0,-1.2245026856736292,0,Logistic regression,-1.3797198709429497,-1.0649069978433798,-1.3797198709429497,0.005,-0.8937864601830114,0,0,0,0
456,279256,9.99,0,-1.168907602143959,0,Logistic regression,-2.6923132264199428,-1.1943741846956037,-2.6923132264199428,0.02,-0.6267914576998719,0,0,0,0
456,172532,286.0,0,-1.0617771957841027,0,Logistic regression,-2.032828579300758,-1.1938511123124096,-2.032828579300758,0.0,-0.8278960061759064,0,0,0,0
456,4365,18.0,0,-0.9269209669841072,0,Logistic regression,-2.5348796889422474,-1.0931923281890465,-2.5348796889422474,0.005,-0.47938026452846205,0,0,0,0
456,75528,58.0,0,-1.01691451439271,0,Logistic regression,-2.2459128779802144,-1.2187820983440056,-2.2459128779802144,0.0,-0.6804043419235513,0,0,0,0
456,11710,1.0,1,-0.39760425706386726,1,Logistic regression,13.271311130047279,0.4964432617395085,13.271311130047279,0.685,0.28849483011546695,1,1,1,1
456,208016,12.13,0,-0.8166714750850181,0,Logistic regression,-0.7995578545918431,-0.6076487845287744,-0.7995578545918431,0.055,0.008834778916685493,0,0,0,1
456,160505,1.0,0,-0.9915643032316264,0,Logistic regression,-2.1667773367086642,-1.1247687666120119,-2.1667773367086642,0.03,-0.0016730221527234135,0,0,0,1
456,194979,5.0,0,-0.8293414230347225,0,Logistic regression,-0.6190299295112142,-0.647817751208476,-0.6190299295112142,0.275,-0.562025308514793,0,0,0,0
456,192592,24.86,0,-1.0138675869150342,0,Logistic regression,-0.9964092324157741,-0.874366530188267,-0.9964092324157741,0.08,-0.15872738438687722,0,0,0,0
456,155580,3.79,0,-0.5470390741750843,1,Logistic regression,1.8043483940733196,0.6667965497809913,1.8043483940733196,0.84,0.2466379771379217,1,1,1,1
456,150668,188.52,1,-0.4007897362065269,1,Logistic regression,9.148206532826006,0.5021138892210835,9.148206532826006,0.75,0.28849488656910544,1,1,1,1
456,126198,31.5,0,-1.0724798827355662,0,Logistic regression,-1.6192282113783922,-1.1914947111328091,-1.6192282113783922,0.0,-0.9526440353999084,0,0,0,0
456,226815,9.99,0,-1.123000278935554,0,Logistic regression,-2.6186807991330836,-1.2289155738888062,-2.6186807991330836,0.005,-1.048777503165942,0,0,0,0
456,30442,4.56,1,0.0434243992103876,1,Logistic regression,4.464959773869461,1.042734881540299,4.464959773869461,0.96,0.5405156892031358,1,1,1,1
456,211801,1.55,0,-1.04199176764454,0,Logistic regression,-1.11945488115634,-0.9073640212385188,-1.11945488115634,0.055,-0.05511643653810849,0,0,0,0
456,170990,113.85,0,-1.1343691334456947,0,Logistic regression,-1.8117606446741221,-1.2161191198513734,-1.8117606446741221,0.0,-0.49426783491295756,0,0,0,0
456,98360,150.04,0,-1.1482281553853622,0,Logistic regression,-1.2645149023719613,-0.8233638842428972,-1.2645149023719613,0.025,-0.8291154991909762,0,0,0,0
456,253108,0.89,0,-1.2748550848406652,0,Logistic regression,-2.082518197142922,-0.8400322438752721,-2.082518197142922,0.055,-0.7336199857194894,0,0,0,0
456,114034,10.0,0,-0.6998992984215017,0,Logistic regression,-1.6590894538722611,-0.6128031838315597,-1.6590894538722611,0.085,0.1330503502977947,0,0,0,1
456,79525,1.0,1,-0.3312969710382144,1,Logistic regression,8.511860415985847,0.6822007787028231,8.511860415985847,0.955,0.29691338754661045,1,1,1,1
456,68554,25.0,0,-1.1402324321118216,0,Logistic regression,-2.330295447200947,-0.9425280319340428,-2.330295447200947,0.03,-0.15257859325540546,0,0,0,0
456,102442,1.0,1,-0.5903217169213544,1,Logistic regression,7.397215360064956,0.49621047371351573,7.397215360064956,0.805,0.2884948301154666,1,1,1,1
456,165972,34.99,0,-0.8314068904478018,0,Logistic regression,-2.0961241798471466,-1.0021433713197718,-2.0961241798471466,0.0,-0.4526252285821859,0,0,0,0
456,192647,63.4,0,-1.0453680278614352,0,Logistic regression,-1.5467083378056192,-0.8460746440422662,-1.5467083378056192,0.005,0.22855546465441945,0,0,0,1
456,65020,19.95,0,-1.056266092101396,0,Logistic regression,-2.7218504880953054,-1.2133705077323014,-2.7218504880953054,0.005,-0.3773114044357584,0,0,0,0
456,106612,38.89,0,-0.990048898722417,0,Logistic regression,-2.5528205448265617,-1.27420869910274,-2.5528205448265617,0.005,0.05321507336702119,0,0,0,1
456,250565,12.32,0,-1.228553389725534,0,Logistic regression,-1.4307500569123661,-0.9392029617513411,-1.4307500569123661,0.09,-0.8222636402793677,0,0,0,0
456,136175,10.0,0,-0.9279555837776354,0,Logistic regression,-2.0194249850968014,-0.8794945644570906,-2.0194249850968014,0.02,-0.5751429527720675,0,0,0,0
456,169074,65.0,0,-1.0521065540665373,0,Logistic regression,-2.8411917014155277,-1.0735890597003224,-2.8411917014155277,0.0,-0.7229863869812194,0,0,0,0
456,87699,25.0,0,-0.9537862752118467,0,Logistic regression,-2.6120619853939777,-1.1552843426055066,-2.6120619853939777,0.01,-0.830929834832187,0,0,0,0
456,281105,9.99,0,-1.1005634891828409,0,Logistic regression,-1.7559168552761908,-1.1641023154758972,-1.7559168552761908,0.0,-0.9199744929576754,0,0,0,0
456,173760,240.0,0,-0.8302318103393842,0,Logistic regression,-3.310103068550635,-0.8324288842454315,-3.310103068550635,0.05,-0.310100249281301,0,0,0,0
456,169842,0.76,0,-1.102455205344388,0,Logistic regression,-1.9853310148334333,-1.1665637142181662,-1.9853310148334333,0.0,-0.44912599411628595,0,0,0,0
456,64989,249.0,0,-1.0514736228239483,0,Logistic regression,-2.4489016298619175,-1.1117577363555855,-2.4489016298619175,0.02,-0.8808593984214703,0,0,0,0
456,150692,37.93,1,-0.28611071123471166,1,Logistic regression,9.429943018492777,0.5816128691464288,9.429943018492777,0.785,0.2885162351088594,1,1,1,1
456,80455,300.0,0,-0.922437347680021,0,Logistic regression,-2.6525627185593383,-1.1088587485070758,-2.6525627185593383,0.0,-0.3030758064906359,0,0,0,0
456,40209,1287.87,0,-0.3938785009852026,1,Logistic regression,-2.5408861257590423,0.4312626032958984,-2.5408861257590423,0.125,0.28399929056865963,1,0,0,1
456,44270,1.0,1,-0.5230093028059712,1,Logistic regression,7.921439962916765,0.49623065527505594,7.921439962916765,0.785,0.2884948301154666,1,1,1,1
456,96321,0.76,0,-0.9017715282465144,0,Logistic regression,-1.120174298893264,-0.4291314466485171,-1.120174298893264,0.19,0.2407003405810535,0,0,0,1
456,154697,7.59,1,-0.21425872912565128,1,Logistic regression,4.943862251290086,0.9922507667856533,4.943862251290086,0.735,0.2890926886020402,1,1,1,1
456,173985,137.0,0,-1.0532058772995514,0,Logistic regression,-3.0112942990646383,-1.028108605732113,-3.0112942990646383,0.0,-0.6154078432540564,0,0,0,0
456,85547,0.76,0,-1.091836957247095,0,Logistic regression,-1.541814382677253,-1.1117416221228842,-1.541814382677253,0.0,-0.009182156364473837,0,0,0,0
456,197786,19.95,0,-0.995593982989393,0,Logistic regression,-2.64964781767126,-1.2983833903964386,-2.64964781767126,0.0,-0.21330450550791968,0,0,0,0
456,1709,329.0,0,-0.9295224627968022,0,Logistic regression,-2.75568989356655,-0.7880555375640388,-2.75568989356655,0.025,-0.3383407693711935,0,0,0,0
456,111690,238.9,1,-0.26625119606241165,1,Logistic regression,2.9606387833211487,1.1455771460420945,2.9606387833211487,0.81,0.38433537249757066,1,1,1,1
456,270483,8.98,0,-1.1662277520858515,0,Logistic regression,-1.0610987440465072,-0.9541603195865049,-1.0610987440465072,0.025,-1.072723738545772,0,0,0,0
456,212987,45.0,0,-1.0395779062359145,0,Logistic regression,-2.191562761572845,-1.2213650109518663,-2.191562761572845,0.005,-0.6055977555999452,0,0,0,0
456,279344,70.66,0,-0.9439881402910864,0,Logistic regression,-2.1032077572411607,-1.108765429961287,-2.1032077572411607,0.025,-0.4082989393358851,0,0,0,0
456,181339,104.69,0,-0.9454990228746132,0,Logistic regression,-2.4503294161938216,-1.0712157525826824,-2.4503294161938216,0.035,-0.2613385896916409,0,0,0,0
456,170755,11.0,0,-1.0852937960961158,0,Logistic regression,-2.002757097777785,-1.2222829691704513,-2.002757097777785,0.0,-0.8481942750745026,0,0,0,0
456,194501,109.3,0,-0.5010457839603347,1,Logistic regression,-1.9725611438951622,-0.06992578438983432,-1.9725611438951622,0.025,0.2835342815332025,0,0,0,1
456,5788,136.0,0,-0.994237626802688,0,Logistic regression,-0.906450871476814,-0.525784701991618,-0.906450871476814,0.02,0.1974027833494214,0,0,0,1
456,242485,20.0,0,-0.646730354295878,0,Logistic regression,-1.3659625032561369,-0.6439028073756103,-1.3659625032561369,0.075,0.13345747620236467,0,0,0,1
456,65775,15.36,0,-0.9603102100654504,0,Logistic regression,-2.0657558484907863,-1.1401845388418188,-2.0657558484907863,0.015,-1.087734268731044,0,0,0,0
456,151785,211.35,0,-1.1646070851618928,0,Logistic regression,-1.1166343050623728,-0.7271834693843979,-1.1166343050623728,0.16,-0.054129776643287164,0,0,0,0
456,219025,4.49,1,-0.9605252107165052,0,Logistic regression,-1.244394738343234,-0.8310593161893929,-1.244394738343234,0.17,-0.7576873942836331,0,0,0,0
456,140186,4.45,0,-1.0480673926831472,0,Logistic regression,-0.7351566339332387,-0.8213811001256675,-0.7351566339332387,0.015,0.2786739517587882,0,0,0,1
456,181154,111.9,0,-1.0709240189181908,0,Logistic regression,-3.10844403925368,-0.9355507284138789,-3.10844403925368,0.015,-0.7046840957904527,0,0,0,0
456,163562,42.77,0,-1.1629149227915954,0,Logistic regression,-1.6419307016369957,-1.1757484476892746,-1.6419307016369957,0.015,-0.7862951927851489,0,0,0,0
456,15533,1.79,0,-1.163953089303563,0,Logistic regression,-1.3872511482448555,-1.022010243269276,-1.3872511482448555,0.035,-1.1734113634916794,0,0,0,0
456,207294,49.99,0,-1.0492674134648015,0,Logistic regression,-1.1372291275636648,-1.011594393395487,-1.1372291275636648,0.015,-0.44568239378609087,0,0,0,0
456,241615,9.49,0,-1.0431091621842152,0,Logistic regression,-0.8239531010572643,-0.7013303898146974,-0.8239531010572643,0.025,-0.1452719331300914,0,0,0,0
456,10801,1.0,1,-0.3808364185853975,1,Logistic regression,14.79192426668777,0.4962232538819615,14.79192426668777,0.8,0.28849483011546695,1,1,1,1
456,105178,1.0,1,-0.27735798008638746,1,Logistic regression,0.6881065269504496,0.26085605278668744,0.6881065269504496,0.605,0.19959658444520653,0,1,0,1
456,201418,1.98,0,-1.140744882683359,0,Logistic regression,-1.3349679131180199,-1.0152907357413798,-1.3349679131180199,0.03,-1.0182153007941817,0,0,0,0
456,238147,5.0,0,-1.0398216725153957,0,Logistic regression,-1.9252279619740418,-1.0828192335866296,-1.9252279619740418,0.005,-0.4524940559647558,0,0,0,0
456,277639,0.99,0,-0.9286217043052296,0,Logistic regression,-1.389334326512493,-0.7496800669564609,-1.389334326512493,0.24,-0.7926475566364244,0,0,0,0
456,284534,37.6,0,-0.3780822970032287,1,Logistic regression,-0.45970890791246655,-0.12152950257506467,-0.45970890791246655,0.32,0.06405802493579113,0,0,0,1
456,95383,70.0,0,-1.1609225477619838,0,Logistic regression,-1.7822267729599495,-0.9979974359691064,-1.7822267729599495,0.065,-0.16733574540646312,0,0,0,0
456,274475,39.9,1,-0.3436448918232643,1,Logistic regression,1.5109694343599769,0.3976818854287891,1.5109694343599769,0.79,0.2576319001163424,1,1,1,1
456,104781,1.7,0,-1.1556987471003795,0,Logistic regression,-1.791636240929908,-1.2175921386003983,-1.791636240929908,0.0,-1.1489956841167848,0,0,0,0
456,283454,47.22,0,-1.1067808609193603,0,Logistic regression,-1.9675918026230725,-0.8817122529462647,-1.9675918026230725,0.195,-0.45415574934241254,0,0,0,0
456,283837,8.49,0,-0.768337837902557,0,Logistic regression,-3.401298609114754,-0.8429326703699218,-3.401298609114754,0.01,-0.15657725056193894,0,0,0,0
456,165790,85.75,0,-0.9072384117727286,0,Logistic regression,-2.142049819687769,-0.7992613786508453,-2.142049819687769,0.05,0.17803011430914,0,0,0,1
456,74249,11.75,0,-0.6945847709616046,0,Logistic regression,-2.5511652635622832,-0.815783975626786,-2.5511652635622832,0.03,-0.4488973993933496,0,0,0,0
456,244333,1.0,1,-0.4908161398090015,1,Logistic regression,4.4805148795891565,0.670228451533158,4.4805148795891565,0.73,0.2885739069460039,1,1,1,1
456,76555,153.46,1,-0.2144080058530768,1,Logistic regression,5.9055053538977695,0.7227984385433412,5.9055053538977695,0.77,0.2910133173379825,1,1,1,1
456,15810,99.99,1,-0.4797577014182919,1,Logistic regression,9.905818490565421,0.501877339537941,9.905818490565421,0.745,0.2884948301154666,1,1,1,1
456,91278,286.23,0,-0.8307510416657655,0,Logistic regression,-1.8851131783631976,-0.7581666892051779,-1.8851131783631976,0.03,0.0527449113063721,0,0,0,1
456,82780,19.66,0,-1.0266360364540643,0,Logistic regression,-1.582470546370062,-0.9655230657773135,-1.582470546370062,0.02,-0.8478644400342763,0,0,0,0
456,264693,1.0,0,-1.1669739641211676,0,Logistic regression,-1.8955248999104217,-1.2409694675592673,-1.8955248999104217,0.01,-0.7386218215906788,0,0,0,0
456,88876,1.0,1,-0.5729031306938692,1,Logistic regression,0.36101933218575355,0.11007287344031347,0.36101933218575355,0.49,0.07229342805048536,0,0,0,1
456,172022,0.77,0,-1.2218010806110433,0,Logistic regression,-2.161651838183916,-1.0082603443672595,-2.161651838183916,0.01,0.28805252036707385,0,0,0,1
456,46918,648.0,1,-0.5484829939741318,1,Logistic regression,6.377237358437642,0.7180598452206108,6.377237358437642,0.73,0.28945830325862476,1,1,1,1
456,58218,290.0,0,-0.07740814190966555,1,Logistic regression,-0.20539069671724808,-0.2182302921778505,-0.20539069671724808,0.15,0.05964671814625805,0,0,0,1
456,4596,1.41,0,-0.7106599905551236,0,Logistic regression,-3.0904249949397915,-0.906766507495387,-3.0904249949397915,0.025,0.08267099288331634,0,0,0,1
456,190730,48.0,0,-0.9575994002847645,0,Logistic regression,-3.024670896559896,-0.9721027324734968,-3.024670896559896,0.01,-0.649919545000473,0,0,0,0
456,80196,9.42,0,-0.6695757785258077,0,Logistic regression,-1.9517619452843642,-0.9001734438431193,-1.9517619452843642,0.395,0.11304785453515173,0,0,0,1
456,197644,108.66,0,-0.9795955089225563,0,Logistic regression,-2.492127681220744,-1.2411788185836365,-2.492127681220744,0.065,-0.39410783824469287,0,0,0,0
456,61888,99.0,0,-0.9527364391669124,0,Logistic regression,-2.0320549454161876,-1.0711199295854277,-2.0320549454161876,0.005,-0.17176544958200535,0,0,0,0
456,14342,21.43,0,-0.8298155603464296,0,Logistic regression,-1.1933065334685165,-0.7577375275332456,-1.1933065334685165,0.055,0.033222495598493884,0,0,0,1
456,154670,104.0,1,0.2282707553758973,1,Logistic regression,6.361972635593926,1.0522983654992308,6.361972635593926,0.74,0.29974064352193486,1,1,1,1
456,149377,126.35,0,-1.0120010953249527,0,Logistic regression,-2.4122978434997204,-1.2307903812007608,-2.4122978434997204,0.01,0.13237080703340057,0,0,0,1
456,6971,1809.68,1,-0.16738481143665312,1,Logistic regression,2.7998599351622264,0.49352546775926937,2.7998599351622264,0.64,0.28849482033227913,1,1,0,1
456,171427,18.0,0,-0.9657870916967739,0,Logistic regression,-2.67853505738943,-1.333025824178118,-2.67853505738943,0.03,0.25434217099440976,0,0,0,1
456,111010,121.71,0,-0.8884253515598393,0,Logistic regression,-1.9005989014381885,-0.8322141004686567,-1.9005989014381885,0.045,-0.4421058433775068,0,0,0,0
456,151196,571.48,1,-0.620238778644004,0,Logistic regression,0.5993863042131533,0.4468105568844919,0.5993863042131533,0.42,0.26478535528874,1,1,0,1
456,82017,1.78,0,-1.114761147581839,0,Logistic regression,-1.3033840124580796,-0.9761905574707412,-1.3033840124580796,0.09,-0.8866620322089516,0,0,0,0
456,63421,99.99,1,-0.08198767114905264,1,Logistic regression,5.528778151705653,0.9573350794068424,5.528778151705653,0.775,0.288978865349722,1,1,1,1
456,150859,36.0,0,-1.15111038023492,0,Logistic regression,-0.977606724227317,-0.7416835436298492,-0.977606724227317,0.1,0.1363630542832924,0,0,0,1
456,189306,1.0,0,-0.6672279802477759,0,Logistic regression,-1.8610883089101504,-0.5782309195050626,-1.8610883089101504,0.02,-0.16497431817158814,0,0,0,0
456,95583,90.8,0,-0.6874250671378106,0,Logistic regression,-0.7126894058948738,-0.11120114352821864,-0.7126894058948738,0.215,0.28412660005635626,0,0,0,1
456,268196,14.29,0,-1.0083171844473378,0,Logistic regression,-2.0981274906200618,-1.0303006532933732,-2.0981274906200618,0.0,-0.5193586770303724,0,0,0,0
456,5204,424.49,0,-0.9031883360727373,0,Logistic regression,-2.250860723064913,-0.5868475408009284,-2.250860723064913,0.0,0.20496528059932362,0,0,0,1
456,144925,20.0,0,-0.759221064517256,0,Logistic regression,-0.9665327627807228,-0.6185938565071434,-0.9665327627807228,0.19,-0.04515105576749284,0,0,0,0
456,253497,5.42,0,-1.0665895951898618,0,Logistic regression,-2.6788519594415443,-1.2353865963435187,-2.6788519594415443,0.005,0.018948932882215608,0,0,0,1
456,66169,33.72,0,-0.9729761471917118,0,Logistic regression,-2.3069623989738774,-1.129857953194642,-2.3069623989738774,0.005,-0.3592826108880054,0,0,0,0
456,235101,189.16,0,-0.9653974562628096,0,Logistic regression,-2.6524297798786014,-0.9593844406605891,-2.6524297798786014,0.02,-0.4396559381643397,0,0,0,0
456,29154,795.26,0,-0.4711206985924156,1,Logistic regression,-1.7138728859906545,-0.240434270483334,-1.7138728859906545,0.11,0.19919911492527828,0,0,0,1
456,272250,238.0,0,-1.1448073365252502,0,Logistic regression,-1.7380282853312237,-1.1241782145662373,-1.7380282853312237,0.01,-0.19095263651266448,0,0,0,0
456,243765,161.0,0,-1.0949997556100883,0,Logistic regression,-2.146111585359538,-1.1510800398976795,-2.146111585359538,0.0,-0.37019978195689573,0,0,0,0
456,96789,101.5,1,-0.26180482693820356,1,Logistic regression,0.20426737511438287,0.12804358079720612,0.20426737511438287,0.835,0.5403611180938908,0,0,1,1
456,230949,8.0,0,-1.1895585404845979,0,Logistic regression,-1.4294833136383835,-0.9126437744260021,-1.4294833136383835,0.05,-0.48708139444821985,0,0,0,0
456,134925,28.2,0,-1.1741439928139215,0,Logistic regression,-1.9372690880270431,-1.1668239141149745,-1.9372690880270431,0.02,-0.37911401875904305,0,0,0,0
456,240075,150.0,0,-1.0935334829694652,0,Logistic regression,-3.0101100137422283,-1.0587754712146176,-3.0101100137422283,0.035,-0.6467236432020291,0,0,0,0
456,281167,1.89,0,-0.7133461960837777,0,Logistic regression,-0.057190820070810444,-0.37932824559961675,-0.057190820070810444,0.35,-0.36584765680659637,0,0,0,0
456,151618,3.89,0,-0.4545369245712224,1,Logistic regression,1.3615308765990661,0.6678729433346124,1.3615308765990661,0.755,0.26883572609610773,1,1,1,1
456,265768,10.0,0,-1.1010172242363123,0,Logistic regression,-1.6221420850878692,-0.9594416065604428,-1.6221420850878692,0.015,-0.7722085478282643,0,0,0,0
456,137751,1.0,0,-1.146488949486767,0,Logistic regression,-2.551111424399508,-1.1989981043773212,-2.551111424399508,0.005,-0.7022711314853433,0,0,0,0
456,148043,17.3,0,-0.6968550685691264,0,Logistic regression,-0.6297538700573901,-0.3242123561520365,-0.6297538700573901,0.065,0.17983333970821816,0,0,0,1
456,153835,1.0,1,-0.24762839991885024,1,Logistic regression,11.08764780571291,0.49620180344337894,11.08764780571291,0.675,0.2884948301154666,1,1,1,1
456,68825,27.57,0,-0.8385598455730014,0,Logistic regression,-0.8551719182786595,-0.7908775877825149,-0.8551719182786595,0.105,-0.524214472229799,0,0,0,0
456,70339,109.47,0,-1.0269915534640017,0,Logistic regression,-0.7850877988489646,-0.7609131169649921,-0.7850877988489646,0.05,-0.71393689001621,0,0,0,0
456,44568,10.0,0,-0.9536958540824656,0,Logistic regression,-2.692261675766772,-1.014878281567834,-2.692261675766772,0.055,-0.5861022867498318,0,0,0,0
456,168606,0.01,0,-0.7969609242261543,0,Logistic regression,-0.8221515197095339,-0.5691689688738293,-0.8221515197095339,0.095,-0.0638459427464127,0,0,0,0
456,93788,0.0,1,-0.24907132847350283,1,Logistic regression,-0.03168628317831135,-0.2888677243446257,-0.03168628317831135,0.485,-0.09949910440115328,0,0,0,0
456,173325,4.0,0,-1.0011236995413026,0,Logistic regression,-2.4132169226559332,-1.0428107296301599,-2.4132169226559332,0.0,-0.6654460618858019,0,0,0,0
456,278197,214.96,0,-0.9993276653371497,0,Logistic regression,-1.6004427961208516,-1.0995336507258309,-1.6004427961208516,0.02,0.16170387153216004,0,0,0,1
456,18987,6.28,0,-1.1699452488960287,0,Logistic regression,-1.6638092803464106,-1.1564586277433488,-1.6638092803464106,0.0,-0.9162974111368434,0,0,0,0
456,61004,4.0,0,-1.1540203038273193,0,Logistic regression,-1.8306690505088996,-1.1532156164430782,-1.8306690505088996,0.0,-1.0991097826378091,0,0,0,0
456,284524,0.99,0,-1.0758005015443135,0,Logistic regression,-2.1708296744489513,-1.1205656383043359,-2.1708296744489513,0.0,-1.042941111706337,0,0,0,0
456,34267,56.97,0,-1.0895751205671642,0,Logistic regression,-2.0222113980396696,-0.8820086594069236,-2.0222113980396696,0.01,-0.5044315553914753,0,0,0,0
456,36982,0.89,0,-1.2510341343731997,0,Logistic regression,-2.269526613380383,-0.9151194738035793,-2.269526613380383,0.015,-0.8239244813102118,0,0,0,0
456,208726,17.99,0,-0.6050453098662408,0,Logistic regression,-1.1511920024497897,-0.28542388550585474,-1.1511920024497897,0.485,0.2868965369318593,0,0,0,1
456,162549,39.99,0,-0.9744561580776898,0,Logistic regression,-3.116818447608493,-0.9681496522851942,-3.116818447608493,0.04,-0.3805284051047646,0,0,0,0
456,221188,189.66,0,-0.6642976352049303,0,Logistic regression,-0.8041863590905876,-0.7107341210977121,-0.8041863590905876,0.14,-0.5825249714734713,0,0,0,0
456,60145,130.25,0,-1.3683271936614818,0,Logistic regression,-1.3813628310780461,-1.0518682306149745,-1.3813628310780461,0.02,-0.46719792361489687,0,0,0,0
456,58225,1.0,0,-1.2657014735583278,0,Logistic regression,-1.067314848531568,-0.9008743718814647,-1.067314848531568,0.035,-0.8832654152686159,0,0,0,0
456,73975,11.38,0,-0.9689856035203939,0,Logistic regression,-1.04675008158164,-1.006338532238455,-1.04675008158164,0.025,-0.633018132797632,0,0,0,0
456,274382,0.0,1,-0.568469247730871,1,Logistic regression,-2.430526222984797,0.08181712618624676,-2.430526222984797,0.32,0.28849482872043486,0,0,0,1
456,34786,214.93,0,-0.24925664848166407,1,Logistic regression,-1.546810369462991,-0.5609006663587057,-1.546810369462991,0.205,0.027857046585064937,0,0,0,1
456,142019,1.0,0,-0.7713279497446484,0,Logistic regression,-3.4464854873425583,-0.8867138992580741,-3.4464854873425583,0.02,-0.6168263634696594,0,0,0,0
456,31713,66.28,0,-0.162578781129649,1,Logistic regression,-1.0227505231973548,-0.525868911986124,-1.0227505231973548,0.165,-0.2529192913997478,0,0,0,0
456,106735,84.55,0,-0.936826128891113,0,Logistic regression,-2.077771350334115,-1.007586596906345,-2.077771350334115,0.005,-0.10151550920717606,0,0,0,0
456,109692,20.0,0,-0.9535572536130603,0,Logistic regression,-1.6707961734581045,-1.0379935167058927,-1.6707961734581045,0.005,0.2857943647149881,0,0,0,1
456,105,9.47,0,-1.1728819807435389,0,Logistic regression,-2.166224548414738,-1.1007754637627447,-2.166224548414738,0.055,0.16520400097948604,0,0,0,1
456,95935,7.57,0,-1.0933407323059876,0,Logistic regression,-1.3835938018722578,-1.092977779199026,-1.3835938018722578,0.025,-0.7566672561621901,0,0,0,0
456,187333,66.0,0,-0.7148448785198511,0,Logistic regression,-2.5471509990659174,-1.0709544478104347,-2.5471509990659174,0.05,-0.3219312659853625,0,0,0,0
456,102750,8.99,0,-1.120309102745512,0,Logistic regression,-1.2804917379006537,-0.8791633961215894,-1.2804917379006537,0.08,-0.7465700514708125,0,0,0,0
456,88636,322.0,0,-0.9373371530627885,0,Logistic regression,-2.2884949077362053,-0.937119911231886,-2.2884949077362053,0.015,-0.4668082638466391,0,0,0,0
456,14367,4.45,0,-1.0319581216796654,0,Logistic regression,-1.6101860203337817,-0.9675098698879485,-1.6101860203337817,0.085,-1.031914957296365,0,0,0,0
456,233258,996.27,1,-0.25690084356951226,1,Logistic regression,0.7294538919755975,0.4457623685337465,0.7294538919755975,0.715,0.28840358642599434,1,1,1,1
456,176254,9.9,0,-0.9855830712095992,0,Logistic regression,-1.411138409988607,-1.0668027271303682,-1.411138409988607,0.01,-0.2657923800658113,0,0,0,0
456,155402,75.0,0,-0.8048086704129698,0,Logistic regression,-0.7454857189961546,-0.5128457366841732,-0.7454857189961546,0.26,0.07519788455609433,0,0,0,1
456,150660,44.9,1,-0.44418230312413065,1,Logistic regression,9.236661011722479,0.731046707924742,9.236661011722479,0.845,0.2908540816928475,1,1,1,1
456,42958,9.99,1,-0.6289211019569687,0,Logistic regression,5.543218857237447,0.4969300766069639,5.543218857237447,0.77,0.28849483340095866,1,1,1,1
456,45854,9.95,0,-1.0833577510466128,0,Logistic regression,-2.995153020123196,-1.2907247476158659,-2.995153020123196,0.03,0.049574906411041036,0,0,0,1
456,51104,25.0,0,-0.8363170161629669,0,Logistic regression,-0.9294024688632302,-0.33917920138517044,-0.9294024688632302,0.115,0.2262651731099465,0,0,0,1
456,36973,45.0,0,-1.096407132382038,0,Logistic regression,-2.5777329723029876,-1.1021124224183045,-2.5777329723029876,0.0,-0.32827457746920774,0,0,0,0
456,42784,45.49,1,-0.3119198418466647,1,Logistic regression,8.166773095412733,0.5327892713575181,8.166773095412733,0.84,0.2889169684811314,1,1,1,1
456,219273,74.0,0,-1.1660936714277426,0,Logistic regression,-1.4387952908262687,-1.046858406499771,-1.4387952908262687,0.01,-0.6366455317989824,0,0,0,0
456,64027,28.0,0,-1.074972573270945,0,Logistic regression,-1.6869031958778704,-1.198018745948326,-1.6869031958778704,0.0,-1.1095852520475251,0,0,0,0
456,271945,1923.95,0,-0.4683934347664674,1,Logistic regression,-1.918698895536351,0.4886188640289067,-1.918698895536351,0.23,0.2884906169658359,1,0,0,1
456,204167,75.99,0,-0.6928586536676797,0,Logistic regression,-1.3038722091439936,-0.8035927092862447,-1.3038722091439936,0.06,0.2643660568707764,0,0,0,1
456,172479,25.0,0,-1.0353926640757234,0,Logistic regression,-2.180362755844838,-1.1501657490777444,-2.180362755844838,0.005,-0.013995938798845253,0,0,0,0
456,128392,9.99,0,-1.2415167828271112,0,Logistic regression,-1.5484045857141233,-1.1303070375338364,-1.5484045857141233,0.0,-0.4816798562983675,0,0,0,0
456,97775,1.0,0,-1.251101363353675,0,Logistic regression,-1.1469925799232206,-0.9410150024871109,-1.1469925799232206,0.08,-0.8605605917384624,0,0,0,0
456,185251,223.94,0,-0.8627105557353443,0,Logistic regression,-1.4604397478812503,-0.7458359326322759,-1.4604397478812503,0.025,-0.11054962370069638,0,0,0,0
456,261651,1.0,0,-1.1080773470599334,0,Logistic regression,-1.4495558847746892,-1.0065219185700716,-1.4495558847746892,0.04,-0.855952524947164,0,0,0,0
456,182931,18.9,0,-0.9190321108471133,0,Logistic regression,-2.414509696127922,-1.1611445466834203,-2.414509696127922,0.005,-0.2786575594223152,0,0,0,0
456,252124,0.77,1,-0.03967407955660168,1,Logistic regression,7.050009605216062,1.0165524994425377,7.050009605216062,1.0,0.47004531816758344,1,1,1,1
456,33405,46.91,0,-0.8912555653429222,0,Logistic regression,-1.2227821260072929,-0.8566348401980539,-1.2227821260072929,0.03,-0.32295864998412005,0,0,0,0
456,245235,5.0,0,-0.6609501199748238,0,Logistic regression,-1.174707514748571,-0.5238235933365936,-1.174707514748571,0.085,-0.08110593147043565,0,0,0,0
456,214636,25.0,0,-0.9651697067292204,0,Logistic regression,-2.474197716302579,-1.2198519010602469,-2.474197716302579,0.015,-0.46908983578022356,0,0,0,0
456,83658,1.0,0,-0.9613214403154073,0,Logistic regression,-0.8966676906055693,-0.8791476402622673,-0.8966676906055693,0.11,-0.8573091953325029,0,0,0,0
456,251798,813.45,0,-0.6162710133062255,0,Logistic regression,-1.1640906421107604,-0.24070975500000436,-1.1640906421107604,0.035,0.21438564058545545,0,0,0,1
456,49908,2216.5,0,-0.4836403098665652,1,Logistic regression,-0.5661996261428979,0.4944803041308215,-0.5661996261428979,0.12,0.2884945781929551,1,0,0,1
456,82405,44.39,0,-0.9757231227123786,0,Logistic regression,-1.0784656300162627,-0.8918564219733909,-1.0784656300162627,0.015,-0.9224450229581846,0,0,0,0
456,151519,1.63,1,-0.4941561872437989,1,Logistic regression,10.531606238500276,0.49625999242544383,10.531606238500276,0.67,0.2884948301154666,1,1,1,1
456,271393,4.86,0,-0.8884572049328536,0,Logistic regression,-1.1516807966697629,-0.6438159260554126,-1.1516807966697629,0.185,-0.6391547145418991,0,0,0,0
456,11622,5.0,0,-1.0023683859460633,0,Logistic regression,-2.206088967868144,-1.0300077569463253,-2.206088967868144,0.03,-0.2794593844636224,0,0,0,0
456,134800,1.0,0,-0.42277735407931766,1,Logistic regression,-1.583136085133348,0.4914805796098466,-1.583136085133348,0.135,0.2884948296558916,1,0,0,1
456,102444,1.0,1,-0.5903217169213544,1,Logistic regression,7.397215360064956,0.49621047371351573,7.397215360064956,0.805,0.2884948301154666,1,1,1,1
456,43147,23.5,0,-1.1611902961488059,0,Logistic regression,-1.3891295786006395,-0.9456609502003352,-1.3891295786006395,0.04,-0.036871858312796935,0,0,0,0
456,24939,69.9,0,-0.3776588505799292,1,Logistic regression,-3.5070210994679183,-0.8214243167748081,-3.5070210994679183,0.02,-0.48042243183561795,0,0,0,0
456,11376,39.95,0,-1.0876880329107572,0,Logistic regression,-2.191330424502876,-0.8886153617711743,-2.191330424502876,0.025,-0.21050174124994214,0,0,0,0
456,17936,140.0,0,-1.0929095252457188,0,Logistic regression,-2.5424154358528206,-1.1105362597325266,-2.5424154358528206,0.025,-0.8129503477607933,0,0,0,0
456,230524,16.01,0,-1.1541577754188799,0,Logistic regression,-0.9299966024241841,-0.7521626890762192,-0.9299966024241841,0.065,0.10441067197180753,0,0,0,1
456,216233,0.69,0,-1.1011055216473131,0,Logistic regression,-2.2220916893636553,-1.132614515614463,-2.2220916893636553,0.025,-0.5881234791268187,0,0,0,0
456,171498,10.0,0,-1.2184473866171652,0,Logistic regression,-2.190428957950686,-1.285918177007302,-2.190428957950686,0.0,-0.5412612922560552,0,0,0,0
456,110287,14.32,0,-1.1827716066562082,0,Logistic regression,-1.8740254132544654,-1.2056863032379663,-1.8740254132544654,0.005,-1.1385469707509948,0,0,0,0
456,237232,1.98,0,-1.1033460609240378,0,Logistic regression,-0.5230722554429401,-0.4502481750622582,-0.5230722554429401,0.435,-0.43298615434959764,0,0,0,0
456,37448,150.0,0,-1.0671508668892755,0,Logistic regression,-1.8004776018980804,-1.1353705869576916,-1.8004776018980804,0.005,-0.30652122337801724,0,0,0,0
456,73175,69.45,0,-1.1743131750666949,0,Logistic regression,-2.3596595323083034,-1.03877270470764,-2.3596595323083034,0.0,-1.0697818472401528,0,0,0,0
456,101750,1148.8,0,-0.7208823843084067,0,Logistic regression,-2.13516500401885,0.2247678251721259,-2.13516500401885,0.015,0.2805901465675145,0,0,0,1
456,193812,0.0,0,-0.545961563892198,1,Logistic regression,-0.3956729017236156,-0.5329419541627265,-0.3956729017236156,0.055,0.13200373908726823,0,0,0,1
456,51273,13.48,0,-1.117323282476641,0,Logistic regression,-1.525008256797629,-1.0476405765336132,-1.525008256797629,0.0,-0.5958116952371403,0,0,0,0
456,136133,12.37,0,-0.6897309437471757,0,Logistic regression,-2.2658567315992726,-0.7764549558127762,-2.2658567315992726,0.105,-0.2661037410802235,0,0,0,0
456,59971,9.21,0,-1.0242176893828188,0,Logistic regression,-2.814520232314097,-1.2950350432016826,-2.814520232314097,0.02,0.20614547144015105,0,0,0,1
456,172209,20.86,0,-0.6313418650837993,0,Logistic regression,-0.19307184721043313,-0.31756500157049894,-0.19307184721043313,0.195,-0.1433005969987599,0,0,0,0
456,60693,2.0,0,-1.0018294766943636,0,Logistic regression,-1.8441918944793292,-0.8150722249989533,-1.8441918944793292,0.13,-0.21717141733399437,0,0,0,0
456,59294,130.0,0,-1.1069837161494969,0,Logistic regression,-1.7468122739684049,-0.8309511403310965,-1.7468122739684049,0.045,-0.199834105101441,0,0,0,0
456,4588,10.0,0,-0.9121140107406631,0,Logistic regression,-2.103994441129941,-1.107042199519852,-2.103994441129941,0.0,-0.032445325581661744,0,0,0,0
456,185109,70.2,0,-1.1815731466263146,0,Logistic regression,-2.3637837413837977,-1.2776000391249125,-2.3637837413837977,0.015,-0.751942426691323,0,0,0,0
456,252196,15.0,0,-0.9134238157229007,0,Logistic regression,-1.4515979953096922,-1.0508615096888783,-1.4515979953096922,0.005,-0.4711477248291336,0,0,0,0
456,172258,15.0,0,-0.9404656663474835,0,Logistic regression,-0.8057073934684306,-0.7427369704051581,-0.8057073934684306,0.22,-0.3284899114172848,0,0,0,0
456,62074,15.0,0,-0.6672746907821401,0,Logistic regression,-1.517192835324445,-0.6100043872133809,-1.517192835324445,0.035,0.2613209279910779,0,0,0,1
456,83417,5.91,1,-0.2966586915551816,1,Logistic regression,2.4506713414984356,0.8944101208546507,2.4506713414984356,0.8,0.31101880616369126,1,1,1,1
456,208855,500.0,0,-0.6064514465422394,0,Logistic regression,-1.5480894718281144,-0.7140404478500735,-1.5480894718281144,0.025,-0.2003625392153473,0,0,0,0
456,220428,1.0,0,-0.9994484627124056,0,Logistic regression,-1.425416977970725,-0.9739283929871021,-1.425416977970725,0.03,-0.10021078865288885,0,0,0,0
456,154587,0.0,1,-0.19018636475142028,1,Logistic regression,14.12742247354845,0.4962041092747642,14.12742247354845,0.665,0.2884948301154666,1,1,1,1
456,19736,12.0,0,-0.8461274911651341,0,Logistic regression,-2.537024377706926,-1.0440790384097314,-2.537024377706926,0.005,-0.46558263548677103,0,0,0,0
456,247995,51.37,1,-0.1877277600293657,1,Logistic regression,2.152898548193151,0.6681636748563222,2.152898548193151,0.895,0.4884358548905538,1,1,1,1
456,251006,6.24,0,-1.141055591924821,0,Logistic regression,-2.757191141679408,-1.2588474984665843,-2.757191141679408,0.0,-0.9018812550435891,0,0,0,0
456,82400,18.98,1,-0.6561916359477555,0,Logistic regression,0.3566386170187086,0.25031175628376623,0.3566386170187086,0.835,0.28849487455419837,0,0,1,1
456,246179,64.99,0,-1.0962748893893435,0,Logistic regression,-1.9912135042575052,-1.2464188307629682,-1.9912135042575052,0.015,-0.741478262219478,0,0,0,0
456,101292,9.0,0,-0.5607014722226755,1,Logistic regression,-1.9997626310615653,-0.4941032748729265,-1.9997626310615653,0.075,0.12556767125262294,0,0,0,1
456,11841,1.0,1,-0.39749607599276815,1,Logistic regression,13.284013446358736,0.4964136967698593,13.284013446358736,0.69,0.2884948301154668,1,1,1,1
456,204079,108.51,1,-1.1399967678707683,0,Logistic regression,-1.9242615562114622,-0.9393998844702955,-1.9242615562114622,0.02,-0.7877224066357535,0,0,0,0
456,267661,54.95,0,-0.9504048747905578,0,Logistic regression,-1.6717653711440263,-0.8574895769222421,-1.6717653711440263,0.005,-0.3496267174639087,0,0,0,0
456,39313,75.31,0,-0.7159907503381646,0,Logistic regression,-0.7096527147539106,-0.6338841405940843,-0.7096527147539106,0.105,-0.382443655501273,0,0,0,0
456,268984,154.1,0,0.18855979695391828,1,Logistic regression,0.2418778051481889,0.21722402180092704,0.2418778051481889,0.36,0.2246230425596088,0,0,0,1
456,44332,23.0,0,-1.0115327225337651,0,Logistic regression,-2.4761530153128772,-1.154198833199686,-2.4761530153128772,0.005,-1.1618464260476828,0,0,0,0
456,48487,17.99,0,-0.9619877437109525,0,Logistic regression,-1.3410096524939368,-0.8955911879199456,-1.3410096524939368,0.14,-0.6080568664085956,0,0,0,0
456,15373,219.52,0,-1.0223456416648995,0,Logistic regression,-2.8286700785460592,-0.9401024805413012,-2.8286700785460592,0.03,-0.6401660119495242,0,0,0,0
456,164987,19.6,0,-1.1686091528926996,0,Logistic regression,-2.411177139136872,-1.1688981209929186,-2.411177139136872,0.02,-0.5725997290899698,0,0,0,0
456,221088,76.57,0,-1.062637300171048,0,Logistic regression,-1.9983095577251135,-1.172641282344387,-1.9983095577251135,0.0,-0.45654596214475607,0,0,0,0
456,56902,15.49,0,-1.054286664337987,0,Logistic regression,-1.9809264440153513,-1.025905640146094,-1.9809264440153513,0.02,-0.9839214047974381,0,0,0,0
456,13232,78.13,0,-1.0300634266017923,0,Logistic regression,-1.719767508395355,-0.7453904105875224,-1.719767508395355,0.025,0.01864287837815415,0,0,0,1
456,103609,339.0,0,-0.9547601208820835,0,Logistic regression,-2.43398703722188,-1.0889244321095397,-2.43398703722188,0.015,0.17270609886399493,0,0,0,1
456,215892,43.0,0,-1.1667418885737844,0,Logistic regression,-1.4968357398764822,-1.0812336541463938,-1.4968357398764822,0.0,-0.9196536196848317,0,0,0,0
456,128832,15.29,0,-0.9610303417415149,0,Logistic regression,-2.1650283589942583,-1.1227250851008042,-2.1650283589942583,0.0,-0.8391165015784678,0,0,0,0
456,14240,15.0,0,-1.0074641385590704,0,Logistic regression,-2.4522898783676963,-1.091826168814717,-2.4522898783676963,0.015,-0.012800283731900453,0,0,0,0
456,196757,11.5,0,-1.1346152878999622,0,Logistic regression,-2.372547517789803,-1.2507467008361017,-2.372547517789803,0.025,-0.4745626907970003,0,0,0,0
456,145925,1.0,0,-1.1094782909598055,0,Logistic regression,-2.349917990722105,-1.2903517427428735,-2.349917990722105,0.0,-0.987712278851647,0,0,0,0
456,263357,24.39,0,-0.8007853403675774,0,Logistic regression,-1.5119753722949854,-0.7469694161878737,-1.5119753722949854,0.02,-0.4933240949470513,0,0,0,0
456,75172,6.6,0,-1.0238072921461412,0,Logistic regression,-2.1780518718742945,-1.1427459134568339,-2.1780518718742945,0.0,-0.17692230001259568,0,0,0,0
456,212318,27.1,0,-0.5330624031634732,1,Logistic regression,-0.1507848568917851,0.16330764133800435,-0.1507848568917851,0.395,0.21677391489869027,0,0,0,1
456,4683,27.99,0,-1.0892030896384133,0,Logistic regression,-2.0072118974433586,-1.0677002744116462,-2.0072118974433586,0.005,-0.579872091843961,0,0,0,0
456,34634,11.46,0,-0.7961868754896648,0,Logistic regression,-1.5570369014531207,-0.8512260583687146,-1.5570369014531207,0.02,-0.36738297260681674,0,0,0,0
456,278629,291.6,0,-0.9673182498504773,0,Logistic regression,-1.3508907593894028,-0.6262635982940916,-1.3508907593894028,0.04,-0.32168832520954627,0,0,0,0
456,99506,489.71,1,-0.2787589913436913,1,Logistic regression,1.0874357351971018,0.5835172149835155,1.0874357351971018,0.77,0.3348328534607653,1,1,1,1
789,18315,96.0,0,-0.48436797379386254,0,Logistic regression,-2.185977784855581,0.30064050490764455,-2.185977784855581,0.18,0.025067613651954146,0,0,0,0
789,40966,22.4,0,-1.2203949431913448,0,Logistic regression,-1.8815915979186348,-0.9807462754630796,-1.8815915979186348,0.0,-0.23096117571058689,0,0,0,0
789,241445,10.7,1,0.4822912217946701,1,Logistic regression,3.219950979417951,0.6519258266321655,3.219950979417951,0.865,0.6956115411886543,1,1,1,1
789,112247,99.0,0,-1.142192392790627,0,Logistic regression,-2.1831898934238905,-1.1559575065972973,-2.1831898934238905,0.0,-0.24988513734096868,0,0,0,0
789,210921,1.32,0,-1.3329767265568355,0,Logistic regression,-2.3633300382931175,-0.6377970938153494,-2.3633300382931175,0.0,-0.8109905719334825,0,0,0,0
789,8917,200.05,0,-0.9098759870022463,0,Logistic regression,-3.0390711388757627,0.09827153786540122,-3.0390711388757627,0.005,0.2891929464865523,0,0,0,1
789,122479,219.8,1,0.5971051511996904,1,Logistic regression,5.043424586697397,0.6638654673064752,5.043424586697397,0.92,0.7086538983066839,1,1,1,1
789,15736,99.99,1,-0.13498013405765488,1,Logistic regression,11.847850073468063,0.4995952517007138,11.847850073468063,0.81,0.321990051174919,1,1,1,1
789,61038,49.0,0,-1.240703165744697,0,Logistic regression,-1.6862847097490319,-1.2120783910255863,-1.6862847097490319,0.0,-0.918505630545172,0,0,0,0
789,238366,2.0,1,0.42930921033280733,1,Logistic regression,1.349542152192349,0.6687205164898585,1.349542152192349,0.815,0.47059122624805094,1,1,1,1
789,112383,1.29,0,-1.152482652352931,0,Logistic regression,-1.6479047512430023,-1.295774755434608,-1.6479047512430023,0.0,-1.061336271787298,0,0,0,0
789,237461,7.36,0,-1.3095341921521824,0,Logistic regression,-1.6356454287356377,-0.5902162428259041,-1.6356454287356377,0.02,-0.7376029425783579,0,0,0,0
789,141258,0.0,1,-0.04839545610298307,1,Logistic regression,7.343923933292321,0.5002861919550485,7.343923933292321,0.93,0.33546933004268287,1,1,1,1
789,29596,6.03,0,-1.0677432931422735,0,Logistic regression,-2.040675857914838,-0.840053397459475,-2.040675857914838,0.0,-0.23336627213204691,0,0,0,0
789,27201,13.99,0,-1.3065646094069816,0,Logistic regression,-1.7063053763822,-0.8451294657543402,-1.7063053763822,0.0,-1.0062944752684602,0,0,0,0
789,200044,93.66,0,-1.473268945241471,0,Logistic regression,-1.7415905305732644,-0.9004126783204678,-1.7415905305732644,0.005,-0.9213827052985786,0,0,0,0
789,149895,1.98,0,-0.8753552719476032,0,Logistic regression,-2.5011481876901183,-0.33973897043333595,-2.5011481876901183,0.0,-0.024079587887240794,0,0,0,0
789,75223,157.33,0,-1.21467073435023,0,Logistic regression,-1.8822412139080926,-0.5285549067537523,-1.8822412139080926,0.0,-0.5566811563365572,0,0,0,0
789,193401,3.79,0,-1.4072784268133307,0,Logistic regression,-1.8854952063162609,-1.117909588663695,-1.8854952063162609,0.0,-0.5881186423961711,0,0,0,0
789,154088,15.95,0,-0.9843292033592327,0,Logistic regression,-2.5776169857595987,-0.27125567715500404,-2.5776169857595987,0.04,-0.19799757135092994,0,0,0,0
789,23982,170.64,0,-1.1922067824016793,0,Logistic regression,-1.5326459244069943,-1.0223074391004625,-1.5326459244069943,0.0,-0.6745861313457764,0,0,0,0
789,256516,10.0,0,-1.2955110288252187,0,Logistic regression,-2.528284464740797,-0.853335785597551,-2.528284464740797,0.0,-0.8490451460061699,0,0,0,0
789,52277,11.99,0,-0.9858190645396875,0,Logistic regression,-1.9563078240589646,-1.049076054307682,-1.9563078240589646,0.005,-0.9944512271048578,0,0,0,0
789,218653,1.29,0,-1.04423909077295,0,Logistic regression,-2.2246546662402955,-0.5311716638585122,-2.2246546662402955,0.01,-0.5770151214522259,0,0,0,0
789,187833,47.85,0,-1.2217203043790834,0,Logistic regression,-2.2675488819691134,-0.7947106566184279,-2.2675488819691134,0.01,-0.9159895589615488,0,0,0,0
789,58422,208.58,1,-0.8248031315261574,0,Logistic regression,-1.8737766348301883,0.4272483369919424,-1.8737766348301883,0.115,0.007918379846079071,0,0,0,0
789,41114,215.09,0,-0.38696540305244587,0,Logistic regression,-1.5881044819196952,0.4690084249922387,-1.5881044819196952,0.24,0.23815854963446842,1,0,0,1
789,33895,33.6,0,-1.1296620682854215,0,Logistic regression,-1.8418229088761193,-1.010622271061296,-1.8418229088761193,0.015,0.008364812767725827,0,0,0,0
789,8392,78.1,0,-0.8904554482787367,0,Logistic regression,-2.052891144685306,0.37588173492945776,-2.052891144685306,0.055,0.042121323696173385,0,0,0,0
789,195416,12.31,0,-1.2203525928266512,0,Logistic regression,-1.4794602714267875,-0.448108371046212,-1.4794602714267875,0.08,-0.277338570989278,0,0,0,0
789,146874,12.29,0,-1.2542462869258393,0,Logistic regression,-2.8035343568975404,-0.4553979944639643,-2.8035343568975404,0.005,-0.2419638774712078,0,0,0,0
789,215043,11.5,0,-1.4057107249487124,0,Logistic regression,-1.8897691553770957,-0.663850103225738,-1.8897691553770957,0.0,-0.8198910835895739,0,0,0,0
789,21513,15.98,0,-1.402718137114545,0,Logistic regression,-1.864678956326932,-0.8906212383802676,-1.864678956326932,0.0,-0.769721588567563,0,0,0,0
789,151011,1.0,1,-0.256478873849656,1,Logistic regression,13.901793400242592,0.4995952517007138,13.901793400242592,0.825,0.32199005117491863,1,1,1,1
789,180136,6.79,0,-0.3900908263053634,0,Logistic regression,-1.1423653710265809,0.38833809055395896,-1.1423653710265809,0.105,-0.023414156260079977,0,0,0,0
789,281144,245.0,1,0.5558377956407793,1,Logistic regression,2.7210594463949853,0.5962083850063484,2.7210594463949853,0.85,0.5567526707788583,1,1,1,1
789,284136,63.9,0,-1.478760246770801,0,Logistic regression,-1.6346453442938798,-0.7273158114790645,-1.6346453442938798,0.0,-0.40938949889168136,0,0,0,0
789,21190,70.0,0,-0.7146194228846426,0,Logistic regression,-1.920491595773993,-0.6358349080961216,-1.920491595773993,0.035,-0.27650601981273853,0,0,0,0
789,13239,45.9,0,-0.9290563143864831,0,Logistic regression,-1.9879868055203795,-0.610323354112827,-1.9879868055203795,0.005,-0.0248716999294607,0,0,0,0
789,150680,104.03,1,-0.03707602121634193,1,Logistic regression,12.335785225910893,0.4995952517007824,12.335785225910893,0.89,0.32199100365743033,1,1,1,1
789,231454,3552.96,0,-0.41929865711418945,0,Logistic regression,5.424470913691729,0.4995952517007138,5.424470913691729,0.34,0.32199005117491847,1,1,0,1
789,79087,10.31,0,-0.9564192038571263,0,Logistic regression,-3.1609666099610396,0.1968168354347255,-3.1609666099610396,0.0,-0.26329427794193044,0,0,0,0
789,99759,19.99,0,-1.2706996599912699,0,Logistic regression,-1.62716999301706,-0.767066217805414,-1.62716999301706,0.0,-0.3025073649497014,0,0,0,0
789,144308,1.29,0,-0.9638162958389351,0,Logistic regression,-1.9325537805561828,-1.1066105474807724,-1.9325537805561828,0.015,-1.382391051956167,0,0,0,0
789,108394,245.7,0,-1.2772845632866956,0,Logistic regression,-1.9427925598716824,-0.6968795660402065,-1.9427925598716824,0.04,-0.5163651106927158,0,0,0,0
789,153690,79.95,0,-0.9408297128213188,0,Logistic regression,-2.0901048472471464,0.38691736005630356,-2.0901048472471464,0.155,0.07821320403606666,0,0,0,0
789,50340,435.7,0,-1.0012416728592928,0,Logistic regression,-2.022441434275443,-0.05651369617068863,-2.022441434275443,0.085,-0.36199599177921854,0,0,0,0
789,90549,19.98,0,-1.037161264474843,0,Logistic regression,-2.188266020385199,-0.7650901287840386,-2.188266020385199,0.0,-0.8573638386614129,0,0,0,0
789,87509,95.77,0,-1.2200980223297235,0,Logistic regression,-2.0679981599091883,-0.2931780889648608,-2.0679981599091883,0.02,0.08176549245724604,0,0,0,0
789,124211,8.99,0,-1.1423479876608127,0,Logistic regression,-1.7567248321358235,-1.1277648221560346,-1.7567248321358235,0.0,-1.1623804078589397,0,0,0,0
789,135829,196.5,0,-1.1426310514852343,0,Logistic regression,-2.1321635650125352,-0.8307855910882251,-2.1321635650125352,0.01,-0.3168486535491036,0,0,0,0
789,270340,9.99,0,-1.4036178239579993,0,Logistic regression,-2.1726100187939172,-0.8578669142554873,-2.1726100187939172,0.0,-0.8593287630688424,0,0,0,0
789,248216,28.0,0,-1.145629941501132,0,Logistic regression,-1.3146447685463925,-0.3232533643230244,-1.3146447685463925,0.0,-0.07485963594427991,0,0,0,0
789,3415,1.0,0,-0.961289244593176,0,Logistic regression,-2.0307092448002586,-0.11315525468087556,-2.0307092448002586,0.01,-0.1728294252015501,0,0,0,0
789,238222,1.1,1,0.22289629169268185,1,Logistic regression,3.306213151726501,0.5010413202157934,3.306213151726501,0.835,0.3231346209206268,1,1,1,1
789,117212,11.94,0,-1.030167192353359,0,Logistic regression,-1.8447315556220776,-0.9813361206087721,-1.8447315556220776,0.0,-0.8146402837297593,0,0,0,0
789,58329,14.26,0,-0.845843260672492,0,Logistic regression,-3.155389632304234,0.004739809656859162,-3.155389632304234,0.08,-0.22172424969130328,0,0,0,0
789,117355,10.9,0,-1.3368880940895387,0,Logistic regression,-1.877177449085352,-0.6964432602963926,-1.877177449085352,0.0,-0.2310037978712,0,0,0,0
789,250761,0.77,1,0.6190795200656125,1,Logistic regression,5.0914030253626095,0.5523580549914553,5.0914030253626095,0.855,0.39350262942476605,1,1,1,1
789,160887,15.0,0,-1.2929941680428134,0,Logistic regression,-2.4253098025150805,-0.609686593104976,-2.4253098025150805,0.005,-0.6230824994867503,0,0,0,0
789,68522,0.76,1,0.6223125374010905,1,Logistic regression,1.7672357877246823,0.6982992600859542,1.7672357877246823,0.89,0.4785125822370669,1,1,1,1
789,97585,20.1,0,-1.1076986729167626,0,Logistic regression,-2.9603714790160445,-0.35003769570567794,-2.9603714790160445,0.01,-0.32663487384623174,0,0,0,0
789,253298,15.0,0,-1.080869891798596,0,Logistic regression,-2.560628444853132,-0.4845602443009696,-2.560628444853132,0.0,-0.5583047198284075,0,0,0,0
789,239949,9.99,0,-1.3072934248828119,0,Logistic regression,-1.768846435487623,-0.4412287622549845,-1.768846435487623,0.045,-0.12002718293541015,0,0,0,0
789,263370,1.0,0,-1.0391333312113968,0,Logistic regression,-1.0919413558290925,-0.06762121041955255,-1.0919413558290925,0.01,-0.0385776797516566,0,0,0,0
789,71242,120.9,0,-1.200294266130481,0,Logistic regression,-2.1024105182947785,-0.9623014495501525,-2.1024105182947785,0.0,-0.8944981420339486,0,0,0,0
789,164180,1.29,0,-1.137628804317348,0,Logistic regression,-2.23618834380682,-1.0475119026779138,-2.23618834380682,0.005,-1.1027659275350696,0,0,0,0
789,72985,61.98,0,-1.255455896161289,0,Logistic regression,-2.0550454080366696,-1.2507655474591315,-2.0550454080366696,0.0,-0.6729760108079441,0,0,0,0
789,202098,15.0,0,-1.20029296225499,0,Logistic regression,-2.178997093122864,-1.0195382664853796,-2.178997093122864,0.005,-0.8788612698044529,0,0,0,0
789,33276,12.31,1,-0.1428794239264361,1,Logistic regression,1.660544232530683,0.49959525170057983,1.660544232530683,0.755,0.32199005117195,1,1,1,1
789,101381,33.99,0,-1.2085510102256611,0,Logistic regression,-1.7644322285392824,-1.160873204730555,-1.7644322285392824,0.0,-0.7926602953197128,0,0,0,0
789,200104,200.0,0,0.4932863229640164,1,Logistic regression,-1.9382413189377885,0.7494484701643711,-1.9382413189377885,0.515,0.2153362969479498,1,0,0,1
789,176794,7.55,0,-1.0451196335394404,0,Logistic regression,-1.8904396532894623,-0.5581145023381955,-1.8904396532894623,0.035,-0.730830326133737,0,0,0,0
789,109331,1.54,0,-1.2364527042951208,0,Logistic regression,-1.9577197117967207,-1.0317111184927779,-1.9577197117967207,0.0,-0.826663884811359,0,0,0,0
789,15751,99.99,1,-0.11295153255880011,1,Logistic regression,11.921995590009935,0.4995952517007138,11.921995590009935,0.81,0.3219900511749185,1,1,1,1
789,49653,435.7,0,-1.039661738333816,0,Logistic regression,-1.9315836851609145,-0.08516993362947717,-1.9315836851609145,0.14,-0.29026313276477494,0,0,0,0
789,259326,20.0,0,-1.3475557405245329,0,Logistic regression,-2.47581776215638,-0.9617015947014824,-2.47581776215638,0.0,-0.7681644086742903,0,0,0,0
789,255106,96.28,0,-1.303923816404324,0,Logistic regression,-2.443856790233871,-0.8709587459523824,-2.443856790233871,0.005,-0.047046566829329006,0,0,0,0
789,42702,13.28,0,-1.0644048407189408,0,Logistic regression,-1.7243649266398924,-0.18280398468245623,-1.7243649266398924,0.045,-0.43654330789590484,0,0,0,0
789,151454,0.01,0,-0.7327833913414534,0,Logistic regression,-1.9528793012346914,0.050991652441579494,-1.9528793012346914,0.14,0.2905309289495036,0,0,0,1
789,4662,3.79,0,-0.9581442998190315,0,Logistic regression,-1.9941143334922085,-1.0716654804136074,-1.9941143334922085,0.005,-0.3793046786787368,0,0,0,0
789,116780,6.4,0,-1.2784156416487753,0,Logistic regression,-1.7166037868433297,-0.405653870500222,-1.7166037868433297,0.035,-0.6233135642097698,0,0,0,0
789,49055,153.67,0,-1.351486853713828,0,Logistic regression,-1.812059397775295,-0.804268268310973,-1.812059397775295,0.005,-0.7099288477717334,0,0,0,0
789,211020,10.94,0,-0.8785046302968703,0,Logistic regression,-2.6542779959698235,0.10056352777666122,-2.6542779959698235,0.005,-0.2947619621136383,0,0,0,0
789,27350,50.0,0,-1.293899257103463,0,Logistic regression,-1.6821381367740988,-0.7371635638537519,-1.6821381367740988,0.0,-0.15011123543372168,0,0,0,0
789,198384,4.0,0,-1.3723572659455343,0,Logistic regression,-1.678566103543147,-0.5162079340146706,-1.678566103543147,0.0,-0.3343634733398801,0,0,0,0
789,263274,0.77,1,0.7657054222750785,1,Logistic regression,5.526103275154417,0.5781065456146148,5.526103275154417,0.88,0.4195065622122315,1,1,1,1
789,121648,136.18,0,-1.1977888944485344,0,Logistic regression,-1.675571394707033,-0.9497366256755553,-1.675571394707033,0.005,-0.7381347914450116,0,0,0,0
789,253667,68.25,0,-1.255094474609927,0,Logistic regression,-2.2649923679160846,-0.7196631536544265,-2.2649923679160846,0.0,-0.5510230110694054,0,0,0,0
789,26663,16.66,0,-1.1570966950023247,0,Logistic regression,-1.9220981977376639,-1.280305301137035,-1.9220981977376639,0.0,-0.6166658634956488,0,0,0,0
789,258923,130.47,0,-1.216305550816554,0,Logistic regression,-1.5620879118605637,-0.9201138911337499,-1.5620879118605637,0.0,-0.3440933030311257,0,0,0,0
789,135873,15.0,0,-1.2242251322918916,0,Logistic regression,-2.0474225875143244,-0.01998874079491747,-2.0474225875143244,0.04,-0.29545369553566375,0,0,0,0
789,173006,266.95,0,-0.9979345722052992,0,Logistic regression,-2.7654526594225395,0.28455144896043383,-2.7654526594225395,0.05,-0.1302174390898002,0,0,0,0
789,95597,1354.25,1,0.029503693217221544,1,Logistic regression,3.2992877380022314,0.499595647196322,3.2992877380022314,0.87,0.3219902317922186,1,1,1,1
789,241959,18.96,0,0.10205316980179549,1,Logistic regression,-1.0779470551488899,0.49380699382957055,-1.0779470551488899,0.165,0.2076638928382207,1,0,0,1
789,166642,11.09,0,-1.2472667077310255,0,Logistic regression,-2.4816172059513333,-0.7079782642200942,-2.4816172059513333,0.005,-0.7820553242889206,0,0,0,0
789,126771,4.99,0,-1.1806506887597554,0,Logistic regression,-2.919648971481408,-0.24304646954644776,-2.919648971481408,0.0,-0.2638834608937292,0,0,0,0
789,84141,0.89,0,-1.022183258400128,0,Logistic regression,-2.014925858851303,-1.0261724098309397,-2.014925858851303,0.0,-1.2606222920334016,0,0,0,0
789,264443,18.6,0,-1.3297453756775324,0,Logistic regression,-2.450577874497417,-1.0288231664732181,-2.450577874497417,0.0,-0.8890120591297554,0,0,0,0
789,253023,1.0,0,-0.6531990524035989,0,Logistic regression,-1.064330819508616,0.11448721785195282,-1.064330819508616,0.055,0.09935043623608714,0,0,0,0
789,98533,64.99,0,-1.3047611102974996,0,Logistic regression,-1.9958089263780747,-1.279000896765059,-1.9958089263780747,0.0,-1.1809317422300207,0,0,0,0
789,227375,3.03,0,-1.317685251374159,0,Logistic regression,-1.6577488960875577,-0.3122983694777433,-1.6577488960875577,0.005,0.00312647269856553,0,0,0,0
789,42635,11.38,1,0.055681980584899066,1,Logistic regression,10.98224031274663,0.7402610169448143,10.98224031274663,0.88,0.3842522698750052,1,1,1,1
789,265922,1.98,0,-1.1922080108799156,0,Logistic regression,-2.2894377935214942,-0.8498466250999224,-2.2894377935214942,0.005,0.05987925964539864,0,0,0,0
789,144108,310.42,1,0.24669771638056295,1,Logistic regression,4.594275359109035,0.523888571783528,4.594275359109035,0.93,0.4037161216178024,1,1,1,1
789,54274,81.88,0,-0.9109471257398846,0,Logistic regression,-2.2501566954114733,0.2356105271609577,-2.2501566954114733,0.075,0.2581152038873715,0,0,0,1
789,240593,193.33,0,-0.8335073032252913,0,Logistic regression,-1.8262856510903704,0.18420744221180507,-1.8262856510903704,0.09,0.11850838423246576,0,0,0,0
789,45474,4.0,0,-1.4258048851099105,0,Logistic regression,-2.011182351802754,-1.0572800680277714,-2.011182351802754,0.005,-1.0018833930503332,0,0,0,0
789,31508,2.18,0,-1.2277523495935854,0,Logistic regression,-1.700350078452467,-1.257836209141378,-1.700350078452467,0.0,-1.3114570205834637,0,0,0,0
789,223366,1.0,1,0.527670876085466,1,Logistic regression,2.123466750704328,0.7552038655724469,2.123466750704328,0.96,0.7057437886127766,1,1,1,1
789,39335,15.18,0,-1.205297883130051,0,Logistic regression,-1.5543966534148255,-0.568983240416084,-1.5543966534148255,0.0,-0.8349233584820046,0,0,0,0
789,115318,6.99,0,-1.2488983580507256,0,Logistic regression,-1.7791996653335955,-1.146060429945725,-1.7791996653335955,0.0,-1.0938773920572493,0,0,0,0
789,243226,13.92,0,-1.4306617259914507,0,Logistic regression,-1.7710042681215483,-0.6649326811480318,-1.7710042681215483,0.0,-0.4388415987746532,0,0,0,0
789,160900,0.89,0,-1.1582360547764035,0,Logistic regression,-2.0913215469164785,-1.2846774454415382,-2.0913215469164785,0.0,-0.7771506334930649,0,0,0,0
789,5287,35.96,0,-0.9179409604632253,0,Logistic regression,-1.6278273304419422,0.2341550957157394,-1.6278273304419422,0.01,0.14838238482377733,0,0,0,1
789,66385,185.87,0,-1.011897630024802,0,Logistic regression,-2.1019241323983486,-0.22815639872012078,-2.1019241323983486,0.005,-0.39034903054325515,0,0,0,0
789,189918,50.0,0,-1.4323025027363223,0,Logistic regression,-2.1403577258700595,-0.8289052671050334,-2.1403577258700595,0.0,-0.9013819709973585,0,0,0,0
789,102445,1.0,1,-0.022845656786328078,1,Logistic regression,5.041801173774022,0.4995952517007151,5.041801173774022,0.85,0.32199005117491847,1,1,1,1
789,264382,1.29,0,-0.5861633507984344,0,Logistic regression,-2.2639219735977405,0.4023441501670121,-2.2639219735977405,0.125,0.017511369543773136,0,0,0,0
789,127724,46.0,0,-1.1801220329432298,0,Logistic regression,-1.9476560932790001,-0.7610147436076189,-1.9476560932790001,0.0,-0.5105591842668706,0,0,0,0
789,140786,1.0,1,0.5930406927537998,1,Logistic regression,4.848998132208367,0.5557267059911138,4.848998132208367,0.925,0.4611923471552631,1,1,1,1
789,49120,365.26,0,-1.0202739175607447,0,Logistic regression,-1.6807916945191246,-0.04292177079762599,-1.6807916945191246,0.13,-0.01410289285552957,0,0,0,0
789,45293,84.95,0,-1.219752557907711,0,Logistic regression,-2.0662694953402516,-1.111089680793755,-2.0662694953402516,0.0,-0.7230759179575186,0,0,0,0
789,176049,2125.87,1,-0.5567030355355781,0,Logistic regression,-1.6919852346463509,0.4996125925194248,-1.6919852346463509,0.22,0.322909887850442,1,0,0,1
789,257713,106.31,0,-0.17085587548095682,1,Logistic regression,-0.7676623443874626,0.38810294794551575,-0.7676623443874626,0.035,-0.09455484412283749,0,0,0,0
789,131357,19.99,0,-1.1328720129247638,0,Logistic regression,-1.9977250422488149,-1.1784659302687328,-1.9977250422488149,0.0,-1.0389103771442028,0,0,0,0
789,82502,150.87,0,-1.2856395782554189,0,Logistic regression,-2.3313984180872023,-0.4124129318377516,-2.3313984180872023,0.03,-0.18306400810121698,0,0,0,0
789,72826,1200.02,0,-0.9292144351137446,0,Logistic regression,-1.623658193275671,0.47587094994259105,-1.623658193275671,0.285,0.2846914907522541,1,0,0,1
789,159240,23.88,0,-0.4124735342811958,0,Logistic regression,-1.8048267880069866,0.49959525167343016,-1.8048267880069866,0.11,0.32199005074108256,1,0,0,1
789,111367,22.0,0,-1.428098919993572,0,Logistic regression,-2.0223478315245202,-0.9985078741184743,-2.0223478315245202,0.01,-0.5837427481486417,0,0,0,0
789,196318,2.56,0,-0.8172128693830383,0,Logistic regression,-1.7220596789822515,-0.3864922488062716,-1.7220596789822515,0.045,0.04398620100361411,0,0,0,0
789,143336,252.92,1,0.03911880075442678,1,Logistic regression,8.012595979682796,0.49971297392216407,8.012595979682796,0.835,0.3242099711574674,1,1,1,1
789,141260,512.25,1,0.16912760719250416,1,Logistic regression,7.572570737531023,0.4996459861489098,7.572570737531023,0.925,0.32817359690189085,1,1,1,1
789,6734,1.0,1,0.9801193464261109,1,Logistic regression,3.6608486730816976,0.9812676102366059,3.6608486730816976,0.995,0.8853709273246761,1,1,1,1
789,275891,78.36,0,-0.5300390023840664,0,Logistic regression,-1.1784655219956957,-0.07593003731492093,-1.1784655219956957,0.15,0.14991297347910196,0,0,0,1
789,32413,190.13,0,-0.8189074476910551,0,Logistic regression,-1.7988828125101912,-0.5308913274844915,-1.7988828125101912,0.035,-0.14121279346303767,0,0,0,0
789,283750,54.51,0,-0.9342369788527424,0,Logistic regression,-2.853377505210524,0.24480163123782767,-2.853377505210524,0.005,-0.14139687837884846,0,0,0,0
789,13444,29.0,0,-1.4484081546622256,0,Logistic regression,-1.8588073724652572,-0.9961582773849844,-1.8588073724652572,0.0,-0.3273768211306302,0,0,0,0
789,130415,163.95,0,-1.201526311036044,0,Logistic regression,-1.6878691373591121,-0.29560602519321527,-1.6878691373591121,0.0,-0.6239864192793716,0,0,0,0
789,88897,1.1,1,-0.1870848598277276,1,Logistic regression,4.343599956790258,0.5001338363095155,4.343599956790258,0.825,0.3492557313294241,1,1,1,1
789,275758,59.95,0,-1.2185207073339384,0,Logistic regression,-2.3298745132485124,-0.6957688795030137,-2.3298745132485124,0.0,-0.25200820000585306,0,0,0,0
789,44130,18.95,0,-1.0804555433736063,0,Logistic regression,-2.9001558342799436,0.05819916276953652,-2.9001558342799436,0.005,-0.3888894212377942,0,0,0,0
789,42945,0.76,1,-0.357029750751239,0,Logistic regression,11.446959955567493,0.49959525174333863,11.446959955567493,0.93,0.3223481704601748,1,1,1,1
789,126235,12.57,0,-1.2498849461353085,0,Logistic regression,-1.8007721112693178,-0.5312982261615753,-1.8007721112693178,0.01,-0.643883804307785,0,0,0,0
789,125567,64.11,0,-1.0192556551657526,0,Logistic regression,-2.4144377110665993,-0.3081985319147042,-2.4144377110665993,0.07,0.1877247823048821,0,0,0,1
789,112868,26.0,0,-1.294110904337751,0,Logistic regression,-1.676558155747433,-0.9113534695652383,-1.676558155747433,0.0,-0.5298446313165694,0,0,0,0
789,85982,50.0,0,-1.3327766741526132,0,Logistic regression,-1.8187527413641935,-0.5357095518179484,-1.8187527413641935,0.0,-0.5153745683551751,0,0,0,0
789,102405,1.29,0,-1.2356387635058046,0,Logistic regression,-2.2196534555509153,-0.8641764258147013,-2.2196534555509153,0.0,-1.0340209142947758,0,0,0,0
789,26281,56.0,0,-1.145074563487357,0,Logistic regression,-1.7916675405672113,-1.0708515935781937,-1.7916675405672113,0.015,-1.141974201494745,0,0,0,0
789,156007,11.27,0,-1.301823134806216,0,Logistic regression,-2.105876615009186,-0.5213727828273731,-2.105876615009186,0.015,-0.37404370919763746,0,0,0,0
789,98440,15.0,0,-1.2462665574041079,0,Logistic regression,-2.3881164386383023,-0.8380843692157083,-2.3881164386383023,0.0,-0.8546031508687206,0,0,0,0
789,234980,66.0,0,-1.308527455650969,0,Logistic regression,-1.699662722681257,-0.8004000284473263,-1.699662722681257,0.005,-0.7711114860013626,0,0,0,0
789,257277,455.0,0,-1.1359925552246748,0,Logistic regression,-2.0842509902078614,-0.5801243858278047,-2.0842509902078614,0.025,-0.3697401695189681,0,0,0,0
789,41781,29.0,0,-1.3401633889938163,0,Logistic regression,-1.8308280512148265,-0.8911773622906607,-1.8308280512148265,0.005,-0.5582189617997941,0,0,0,0
789,68633,1.18,1,-1.2350358142519902,0,Logistic regression,-1.9753804507648005,-1.1213801751064316,-1.9753804507648005,0.0,-0.833681072402042,0,0,0,0
789,11585,5.0,0,-1.3730023833038287,0,Logistic regression,-2.080570024386951,-0.8843396816430049,-2.080570024386951,0.0,-0.47476615531819605,0,0,0,0
789,234705,0.0,1,0.127598272243494,1,Logistic regression,1.652177298336075,0.6699880218659248,1.652177298336075,0.945,0.37404778951714296,1,1,1,1
789,275992,634.3,1,-1.1091253836005626,0,Logistic regression,-1.5970481910112626,0.3211764842284116,-1.5970481910112626,0.215,0.08187578840040521,0,0,0,0
789,76929,1.0,1,0.7704235990586257,1,Logistic regression,3.459179325443462,0.637643823274141,3.459179325443462,0.89,0.6958020714889634,1,1,1,1
789,246013,42.0,0,-1.3914315092324807,0,Logistic regression,-1.6889116548634329,-0.623751092281206,-1.6889116548634329,0.0,-0.5683701930756022,0,0,0,0
789,83564,14.98,0,-1.2104643355170894,0,Logistic regression,-1.8324474235605515,-0.26819085203135046,-1.8324474235605515,0.03,-0.12540869288498058,0,0,0,0
789,90937,7.0,0,-1.153881019442188,0,Logistic regression,-2.317783624512818,-0.5331161893666014,-2.317783624512818,0.0,-0.6337939698470585,0,0,0,0
789,231129,165.24,0,-1.3888379222360683,0,Logistic regression,-2.1279899590793234,-0.5748593352100926,-2.1279899590793234,0.005,-0.4189901802441082,0,0,0,0
789,213718,19.89,0,-0.7762425179288948,0,Logistic regression,-3.485593521950997,0.40507284962360507,-3.485593521950997,0.015,-0.08193035749666827,0,0,0,0
789,102898,70.46,0,-0.42325301622473405,0,Logistic regression,-2.656753958730637,0.49959524993849813,-2.656753958730637,0.285,0.3219900511749151,1,0,0,1
789,167184,105.89,1,-0.07814964331030125,1,Logistic regression,2.7440632897938304,0.49961985790398805,2.7440632897938304,0.83,0.3219903310618213,1,1,1,1
789,83417,5.91,1,0.43873628018275557,1,Logistic regression,3.0832456006107183,0.540841511137959,3.0832456006107183,0.84,0.3522511410250782,1,1,1,1
789,38041,22.9,0,-1.0630726552827163,0,Logistic regression,-1.976733599902742,-0.7832984428344869,-1.976733599902742,0.005,-0.7002297611520949,0,0,0,0
789,191359,4.87,1,0.7822613797965067,1,Logistic regression,2.2366492349532514,0.9219728318150172,2.2366492349532514,1.0,0.7818517463183365,1,1,1,1
789,135741,1.79,0,-1.431761848099345,0,Logistic regression,-1.678021628913589,-0.9250184494727969,-1.678021628913589,0.005,-1.018766315518397,0,0,0,0
789,198686,69.99,0,-1.0971940743348598,0,Logistic regression,-1.510168234931181,-0.11433335429124342,-1.510168234931181,0.06,0.1298916708749701,0,0,0,0
789,150715,11.4,1,-0.12199654843615451,1,Logistic regression,12.5567271134631,0.49959525240857505,12.5567271134631,0.865,0.32200273935717,1,1,1,1
789,33705,1.49,0,-1.0768482767363037,0,Logistic regression,-2.308455767110313,0.14614794344788745,-2.308455767110313,0.05,0.32164949931360326,0,0,0,1
789,13100,18.0,0,-1.1823261242946839,0,Logistic regression,-1.7503379166875166,-0.22208716922530164,-1.7503379166875166,0.09,-0.04517100843617844,0,0,0,0
789,58818,91.0,0,-1.2849267741662214,0,Logistic regression,-1.8556957150436686,-0.24430281556337347,-1.8556957150436686,0.025,-0.3411992888021957,0,0,0,0
789,151462,1.63,1,-0.22918621786931226,1,Logistic regression,14.677243450896569,0.4995952517007138,14.677243450896569,0.89,0.32199005117491847,1,1,1,1
789,105122,107.61,0,-1.2328852548916076,0,Logistic regression,-1.5576939785055963,-0.9216881806236343,-1.5576939785055963,0.005,-0.15537805754563905,0,0,0,0
789,189081,96.0,0,-0.9766883862644342,0,Logistic regression,-3.256102713363881,0.040393676737488504,-3.256102713363881,0.005,-0.13368125928971147,0,0,0,0
789,143484,15.97,0,-1.324888164252235,0,Logistic regression,-1.7342694648116093,-0.8133828077110552,-1.7342694648116093,0.015,-0.5508960056761385,0,0,0,0
789,281340,209.9,0,-1.1394041756145854,0,Logistic regression,-2.409355985526522,-0.3153824144212048,-2.409355985526522,0.05,-0.05807422735645612,0,0,0,0
789,192640,20.43,0,-1.4763259769438153,0,Logistic regression,-1.813625545056936,-0.9633864779311943,-1.813625545056936,0.0,-0.9940386502688359,0,0,0,0
789,61888,99.0,0,-1.15748340133501,0,Logistic regression,-1.6191372876457182,-0.9652694210976573,-1.6191372876457182,0.0,-0.28702952730353165,0,0,0,0
789,214463,23.99,0,-1.4058010732159762,0,Logistic regression,-1.9501041235032335,-1.1149763985948866,-1.9501041235032335,0.005,-0.9730605896135074,0,0,0,0
789,102444,1.0,1,-0.02284565678632841,1,Logistic regression,5.041801173774022,0.4995952517007151,5.041801173774022,0.85,0.32199005117491847,1,1,1,1
789,208456,8.36,0,-1.069059388438389,0,Logistic regression,-2.7093211530840176,-0.23002003765213147,-2.7093211530840176,0.005,-0.3478362701966589,0,0,0,0
789,176260,1.54,0,-1.3263733688403987,0,Logistic regression,-1.784365640312172,-0.34261889155479436,-1.784365640312172,0.0,-0.376284195480959,0,0,0,0
789,231978,8.0,1,-0.47410509966899106,0,Logistic regression,-1.6713647501608389,0.46878160665822965,-1.6713647501608389,0.145,0.32198754111495903,1,0,0,1
789,194940,49.2,0,-1.206695496012642,0,Logistic regression,-2.0892799917353795,-1.0576455176491906,-2.0892799917353795,0.005,-0.6542944656536436,0,0,0,0
789,22241,101.74,0,-0.7970278608589852,0,Logistic regression,-1.978951425463964,0.04062203818488952,-1.978951425463964,0.04,-0.16582693162347778,0,0,0,0
789,70515,127.12,0,-1.1962432550436919,0,Logistic regression,-1.6653474334080465,-0.8130219682116813,-1.6653474334080465,0.0,-0.7657099686910847,0,0,0,0
789,98702,4.99,0,-1.1270140602708425,0,Logistic regression,-2.2122043927872945,-1.2348787421756582,-2.2122043927872945,0.005,-1.2277299540268016,0,0,0,0
789,237558,115.56,0,-1.110851704882186,0,Logistic regression,-3.2461526136606365,0.2664589061207925,-3.2461526136606365,0.095,0.1632644634597349,0,0,0,1
789,172800,8.34,0,-0.7415674799854957,0,Logistic regression,-2.2796085934979606,0.3927892683410678,-2.2796085934979606,0.26,-0.0015319918393897902,0,0,0,0
789,55370,89.99,0,-0.7777255780956978,0,Logistic regression,-1.0976299494753603,0.318512594241698,-1.0976299494753603,0.125,0.17640829185161153,0,0,0,1
789,269844,32.0,0,-0.924079122665192,0,Logistic regression,-2.4344625947318423,-0.5304804004283776,-2.4344625947318423,0.065,-0.7832452553362621,0,0,0,0
789,235791,154.7,0,-1.2157740079349064,0,Logistic regression,-2.6563735471032675,-0.7096843282773375,-2.6563735471032675,0.0,-0.5752088410302092,0,0,0,0
789,144754,323.77,1,-0.28387769382527017,1,Logistic regression,-0.3111220984431946,0.49925520880407936,-0.3111220984431946,0.25,0.31166146149681584,1,0,0,1
789,226480,150.0,0,-1.2849707100779273,0,Logistic regression,-2.2828751111850263,-0.817016462647687,-2.2828751111850263,0.005,-0.5419068087029992,0,0,0,0
789,142405,12.31,1,0.39621645349538026,1,Logistic regression,6.370110942697336,0.6269235526473975,6.370110942697336,0.835,0.3270606207678406,1,1,1,1
789,149145,6.99,1,-0.19026070897688915,1,Logistic regression,-2.672124474831924,0.4892980941414428,-2.672124474831924,0.17,0.32199005117491797,1,0,0,1
789,12745,89.47,0,-0.956071282371158,0,Logistic regression,-1.278543674339919,-0.0044701929172322186,-1.278543674339919,0.19,-0.09385550409648269,0,0,0,0
789,83173,9.95,0,-1.4224665745214313,0,Logistic regression,-1.674765685044454,-0.8145755731427267,-1.674765685044454,0.0,-0.5038254765901973,0,0,0,0
789,154371,2.28,1,-0.2151635782855662,1,Logistic regression,21.242327453867947,0.4995952517007138,21.242327453867947,0.805,0.32199005117491847,1,1,1,1
789,180872,3460.56,0,0.004978159248924502,1,Logistic regression,-0.6115010830785823,0.4995952519451657,-0.6115010830785823,0.46,0.321990052835363,1,0,0,1
789,44050,17.99,0,-0.8653775344781983,0,Logistic regression,-1.9243787934459071,-0.8466351730153661,-1.9243787934459071,0.03,-0.8999153140323397,0,0,0,0
789,42579,5.89,0,-0.8330195943113425,0,Logistic regression,-3.4610802449287306,0.3084257988582008,-3.4610802449287306,0.095,0.1125517971832142,0,0,0,0
789,58761,1.0,1,-1.3930007459026583,0,Logistic regression,-1.4883359347275529,-0.48842983802044054,-1.4883359347275529,0.015,-0.541945894235005,0,0,0,0
789,180936,1.39,0,-1.131860337311989,0,Logistic regression,-1.8619207703161929,-0.4530977838063595,-1.8619207703161929,0.005,-0.539932324536671,0,0,0,0
789,234730,40.98,0,-1.0970086348059078,0,Logistic regression,-2.0871484417503146,-0.8671515151244862,-2.0871484417503146,0.01,-0.5575455577788675,0,0,0,0
789,187727,1.0,0,-0.1188464068494672,1,Logistic regression,-2.1640892895338317,0.4995952517007138,-2.1640892895338317,0.275,0.32199005117491847,1,0,0,1
789,39903,157.91,0,-1.1039304736598634,0,Logistic regression,-1.6914963967714476,-0.013940142859797666,-1.6914963967714476,0.065,-0.4328878435286139,0,0,0,0
789,18809,30.3,1,-0.010717930375073431,1,Logistic regression,0.3527245854008949,0.5008457262361041,0.3527245854008949,0.815,0.34301569926240794,1,0,1,1
789,61366,104.56,0,-1.2592299977757848,0,Logistic regression,-1.8079981794577762,-0.48453829697358125,-1.8079981794577762,0.005,-0.08446459708709203,0,0,0,0
789,194670,17.7,0,-1.4126348805187416,0,Logistic regression,-2.0576646646592955,-0.7903486828885167,-2.0576646646592955,0.03,-0.27599386820967015,0,0,0,0
789,53794,1.0,1,0.41073107497352457,1,Logistic regression,1.5032175476686036,0.7649069328037821,1.5032175476686036,0.8,0.7785160931552162,1,1,1,1
789,117168,1.29,0,-0.9921857408965995,0,Logistic regression,-1.9439428564989332,-1.1927931295961345,-1.9439428564989332,0.01,-1.2479394371597783,0,0,0,0
789,241035,0.77,0,-0.8932996390358869,0,Logistic regression,-2.128928509635339,-0.7186722736132654,-2.128928509635339,0.005,-0.6641900069454254,0,0,0,0
789,101944,13.41,0,-1.4592793740460974,0,Logistic regression,-2.1576247267735775,-0.9890765711841756,-2.1576247267735775,0.0,-0.2834115246820171,0,0,0,0
789,6719,1.0,1,0.1358130916719261,1,Logistic regression,6.0450945043834174,0.517316741652583,6.0450945043834174,0.9,0.401452221343766,1,1,1,1
789,9487,1.0,1,-0.10405411212460039,1,Logistic regression,12.703621237664663,0.4995952618356066,12.703621237664663,0.89,0.3221512028639347,1,1,1,1
789,201207,45.0,0,-1.2092125421392008,0,Logistic regression,-2.815314846022111,-0.5527311102642538,-2.815314846022111,0.005,-0.48111025224345666,0,0,0,0
789,60611,5.76,0,-1.0292436277271484,0,Logistic regression,-2.128295889471782,-0.7676164762325,-2.128295889471782,0.0,-0.25873959915543726,0,0,0,0
789,154841,118.0,0,-1.3708408034707549,0,Logistic regression,-1.7945398736251188,-0.7506009669768594,-1.7945398736251188,0.0,0.04091563571229301,0,0,0,0
789,216376,1.0,0,0.1125248879154295,1,Logistic regression,-0.07550594880963635,0.49996984732376365,-0.07550594880963635,0.585,0.3105408535421078,1,0,0,1
789,84390,73.35,0,-1.1045652696891919,0,Logistic regression,-2.0484713024057903,-0.1784997807232796,-2.0484713024057903,0.015,-0.1880492265963019,0,0,0,0
789,108258,0.76,1,-0.52544044231471,0,Logistic regression,-0.9251501000914132,0.4045410062898865,-0.9251501000914132,0.1,0.07086391409777876,0,0,0,0
789,202557,12.0,0,-1.111467672097307,0,Logistic regression,-2.216046472144724,-1.2217820141078384,-2.216046472144724,0.0,-1.0818990107615931,0,0,0,0
789,247995,51.37,1,0.415032813455984,1,Logistic regression,1.5168004289862975,0.7071481407533291,1.5168004289862975,0.9,0.716232337863336,1,1,1,1
789,20140,9.99,0,-1.1511016449316445,0,Logistic regression,-2.16574657157368,-1.0844051876676917,-2.16574657157368,0.0,-1.2406918723880715,0,0,0,0
789,124815,0.99,0,-1.1420798940953767,0,Logistic regression,-1.8611274449577806,-0.3940046705456411,-1.8611274449577806,0.005,-0.4053353265743644,0,0,0,0
789,15506,99.99,1,-0.29164348749804414,1,Logistic regression,11.625533032176289,0.4995952517007138,11.625533032176289,0.81,0.32199005117545487,1,1,1,1
789,26000,143.03,0,-1.3020846638317536,0,Logistic regression,-2.0296404570968436,-0.253474813433981,-2.0296404570968436,0.025,0.01526857232021761,0,0,0,0
789,251410,26.95,0,-1.030850259065426,0,Logistic regression,-2.7121508016244054,-0.5669986053022125,-2.7121508016244054,0.005,-0.6409894203274253,0,0,0,0
789,158940,19.99,0,-1.0356739565460082,0,Logistic regression,-1.5017896214047146,-0.08604552649968228,-1.5017896214047146,0.0,-0.49540801841352095,0,0,0,0
789,168658,1.23,0,-0.9908456690372642,0,Logistic regression,-1.808555457736955,-0.19498458852231143,-1.808555457736955,0.01,-0.5089014642152241,0,0,0,0
789,224135,8.98,0,-1.211485675729711,0,Logistic regression,-2.3149770945480257,-0.6869943976104425,-2.3149770945480257,0.005,-0.9548293983927252,0,0,0,0
789,30100,60.6,1,0.2566955996900733,1,Logistic regression,3.1034240673585174,0.5991047268937879,3.1034240673585174,0.815,0.3644217525868006,1,1,1,1
789,252290,44.0,0,-1.1084167861044427,0,Logistic regression,-2.4448219836694007,-1.100924834514971,-2.4448219836694007,0.01,-0.42826794765064485,0,0,0,0
789,76870,0.77,0,-1.3105633991404795,0,Logistic regression,-1.8073267366159396,-0.7605170632744758,-1.8073267366159396,0.0,-0.8648660860822655,0,0,0,0
789,215743,15.0,0,-1.1197661470375926,0,Logistic regression,-1.5133290378046407,-0.7338268354775013,-1.5133290378046407,0.0,-0.02645711801415962,0,0,0,0
789,30641,15.21,0,-1.2369713692071,0,Logistic regression,-1.7718920751061784,-0.4861287161918359,-1.7718920751061784,0.0,0.20597709456192012,0,0,0,1
789,171964,0.05,0,-1.4075302490183548,0,Logistic regression,-2.4848171540159067,-0.34654257415604156,-2.4848171540159067,0.045,-0.18015924143233292,0,0,0,0
789,159753,400.75,0,-0.8009887361948133,0,Logistic regression,-1.7631191664880907,-0.1972578284995677,-1.7631191664880907,0.01,-0.1928291417607671,0,0,0,0
789,251904,94.82,1,0.5452031796577889,1,Logistic regression,3.8120596887927327,0.6255404048240458,3.8120596887927327,0.885,0.4122196141962677,1,1,1,1
789,17435,29.69,0,-1.1174789300661772,0,Logistic regression,-2.158665776457265,-0.9446440104624998,-2.158665776457265,0.0,-0.9221872586862332,0,0,0,0
789,255403,4.97,1,0.39632768710215016,1,Logistic regression,2.506662417871029,0.8339088623797957,2.506662417871029,0.94,0.7330733219310746,1,1,1,1
789,72690,102.9,0,-1.1104546397639952,0,Logistic regression,-1.819501661857762,-0.21128043304645666,-1.819501661857762,0.02,-0.41994772120872664,0,0,0,0
789,60669,18.58,0,-0.29283861448187,1,Logistic regression,-2.169059625966331,0.4616758971331096,-2.169059625966331,0.17,0.1913418414144626,1,0,0,1
789,96121,5.99,0,-0.5226080819487396,0,Logistic regression,-2.933963541622923,0.4993689741177331,-2.933963541622923,0.23,0.32164717176079094,1,0,0,1
789,21549,29.85,0,-1.326592476624513,0,Logistic regression,-1.6971631532945974,-1.0570974027618787,-1.6971631532945974,0.0,-0.5773168959120598,0,0,0,0
789,80855,1299.0,0,-0.7116576790089494,0,Logistic regression,-1.1524266641214216,0.4855617226116864,-1.1524266641214216,0.34,0.308005722695077,1,0,0,1
789,14104,3.12,1,-0.710923553592821,0,Logistic regression,-1.0292043702490634,0.32733578229771554,-1.0292043702490634,0.4,-0.0879309792050677,0,0,0,0
789,100925,52.21,0,-1.090761728876858,0,Logistic regression,-2.726303892070245,-0.30663575739786725,-2.726303892070245,0.01,0.12407727665803228,0,0,0,0
789,280304,123.29,0,-1.2531538839240528,0,Logistic regression,-1.9494138169634831,-0.9639798300337044,-1.9494138169634831,0.005,-1.0018745968185343,0,0,0,0
789,125357,330.0,0,-1.1109158223209974,0,Logistic regression,-1.573511113043095,-0.5757906357528,-1.573511113043095,0.015,-0.816938631878781,0,0,0,0
789,91671,290.18,1,-0.9641599499096988,0,Logistic regression,-1.652133283714855,0.3322069941361256,-1.652133283714855,0.205,-0.09640768115858578,0,0,0,0
789,154697,7.59,1,-0.06117512001004727,1,Logistic regression,5.5271509997578585,0.5077742437361387,5.5271509997578585,0.9,0.32556241534722846,1,1,1,1
789,200701,31.5,0,-0.8139961581659643,0,Logistic regression,-1.476945197031728,-0.017129071940194696,-1.476945197031728,0.075,-0.08874621267554783,0,0,0,0
789,32041,9.99,0,-1.1231731654135726,0,Logistic regression,-1.989097584104004,-1.1041340821671337,-1.989097584104004,0.0,-1.0225398133278758,0,0,0,0
789,91092,81.2,0,-0.47213982281697053,0,Logistic regression,-1.7599660350996411,0.48515592594413115,-1.7599660350996411,0.25,0.31098392238056066,1,0,0,1
789,204237,75.63,0,-1.0895194863196334,0,Logistic regression,-2.107983886371098,-0.1544617061017875,-2.107983886371098,0.005,-0.17191857497225294,0,0,0,0
789,153897,19.99,0,-1.4577083788763765,0,Logistic regression,-1.86992915039751,-0.5856925657932144,-1.86992915039751,0.0,0.23721629355570673,0,0,0,1
789,163937,18.8,0,-1.2447232646960353,0,Logistic regression,-2.527913890349157,-0.8295421062697352,-2.527913890349157,0.0,-0.8000375639880748,0,0,0,0
789,45599,0.76,0,-1.3422786284231003,0,Logistic regression,-1.314647977657179,-0.46205220316422296,-1.314647977657179,0.0,-0.933241788522208,0,0,0,0
789,264682,6.63,0,-1.4057210907919888,0,Logistic regression,-1.8789129331829226,-1.0920232842997872,-1.8789129331829226,0.0,-0.6937772053272686,0,0,0,0
789,104294,9.99,0,-1.0791042302767546,0,Logistic regression,-1.7847207450071654,-1.1195157819378818,-1.7847207450071654,0.0,-0.8048625753046896,0,0,0,0
789,30473,14.46,1,0.2754987705319675,1,Logistic regression,5.634511458643556,0.5219867280216345,5.634511458643556,0.945,0.397122324081343,1,1,1,1
789,7327,0.0,0,-0.664910091615401,0,Logistic regression,-2.2896694022435304,0.17793169830187172,-2.2896694022435304,0.115,0.2805451628102276,0,0,0,1
789,193739,22.2,0,-1.3220344522595417,0,Logistic regression,-1.6355887030013074,-0.8714024960086821,-1.6355887030013074,0.005,-0.36980126769073657,0,0,0,0
789,32894,32.18,0,-1.075306323407978,0,Logistic regression,-1.4271648630334002,0.009450845398914165,-1.4271648630334002,0.0,-0.163166635076319,0,0,0,0
789,277414,52.0,0,-0.9600631851885546,0,Logistic regression,-2.4605665039962066,-0.5656642217173555,-2.4605665039962066,0.025,-0.48803711499762165,0,0,0,0
789,16833,91.0,0,-0.8829416432037732,0,Logistic regression,-3.1618012744563138,-0.19063093238022272,-3.1618012744563138,0.0,-0.024198027715858716,0,0,0,0
789,22103,49.95,0,-1.2428180571592322,0,Logistic regression,-1.7503002516713866,-1.0650440602640407,-1.7503002516713866,0.0,-0.5241181139444495,0,0,0,0
789,125382,115.71,0,-1.1248949433117168,0,Logistic regression,-1.9676803378611876,-1.190479840558348,-1.9676803378611876,0.0,-1.2494964471105365,0,0,0,0
789,132659,32.06,0,-1.0587710348508608,0,Logistic regression,-1.7625032550406297,-1.0455903807469888,-1.7625032550406297,0.0,-0.9436874235577304,0,0,0,0
789,151596,12.99,0,-1.152312750220039,0,Logistic regression,-1.6283431484660071,-0.20265076395790854,-1.6283431484660071,0.065,0.1393369390290993,0,0,0,0
789,70475,10.39,0,-0.9741049631346157,0,Logistic regression,-2.094632505121514,-0.6898502136199094,-2.094632505121514,0.04,-0.8788141603109347,0,0,0,0
789,223298,39.85,0,-0.8520646778640824,0,Logistic regression,-3.2259317849562628,0.14538810030553517,-3.2259317849562628,0.08,0.08930428925651754,0,0,0,0
789,257520,10.78,0,-1.335225410395937,0,Logistic regression,-1.38633724697635,-0.39977196073504745,-1.38633724697635,0.015,-0.04988517384840935,0,0,0,0
789,104038,9.99,0,-0.9107236887890638,0,Logistic regression,-1.9576440837918903,-0.8168289018862922,-1.9576440837918903,0.01,-0.5102140183093418,0,0,0,0
789,8312,1.0,1,-0.008911244972612226,1,Logistic regression,3.9195122168327714,0.5255849254337901,3.9195122168327714,0.885,0.4809082955274638,1,1,1,1
789,112657,10.32,0,-1.0563133494287047,0,Logistic regression,-2.254625376432817,-0.9577257890163449,-2.254625376432817,0.0,-1.0629704722718647,0,0,0,0
789,21273,3.29,0,-1.125255003489488,0,Logistic regression,-1.5223309028906273,-0.8325589069946677,-1.5223309028906273,0.0,-0.11223587886316733,0,0,0,0
789,86396,284.25,0,-1.1542328111050832,0,Logistic regression,-1.6672826452517424,-0.8963731302531455,-1.6672826452517424,0.0,-0.6505969136779184,0,0,0,0
789,42856,173.07,1,-0.013582125699160813,1,Logistic regression,11.273376003382584,0.4996019153992819,11.273376003382584,0.955,0.3235844712719739,1,1,1,1
789,180601,9.49,0,-1.1387251976954662,0,Logistic regression,-2.6974563692100118,-0.7157436506986681,-2.6974563692100118,0.0,-0.13792163635731547,0,0,0,0
789,44602,34.0,0,-1.415395551117216,0,Logistic regression,-2.203228535901009,-0.866765658789129,-2.203228535901009,0.0,-0.5696051273644518,0,0,0,0
789,219892,0.76,1,-0.7302346309164448,0,Logistic regression,-0.9379199406552241,-0.18823824158737262,-0.9379199406552241,0.165,0.14835956612840345,0,0,0,1
789,98200,64.49,0,-1.1450631512217493,0,Logistic regression,-1.7200941705651869,-1.129485477596707,-1.7200941705651869,0.0,-1.0381904871159067,0,0,0,0
789,20271,22.0,0,-1.4308801631077983,0,Logistic regression,-2.19611378388029,-0.8572726525248973,-2.19611378388029,0.0,-0.6237684854836805,0,0,0,0
789,97121,3.1,0,-1.1003128938633169,0,Logistic regression,-2.095646755421539,-1.0393787901913643,-2.095646755421539,0.0,-1.2535741102763183,0,0,0,0
789,280645,3.02,0,-0.8001305099603054,0,Logistic regression,-1.8055097150617294,-0.36681127379420037,-1.8055097150617294,0.05,0.10486127613119278,0,0,0,0
789,179048,7.53,0,-0.6951414729976193,0,Logistic regression,-1.533809443779234,0.41803627071444677,-1.533809443779234,0.28,0.10290442487934381,0,0,0,0
789,57612,74.62,0,-0.9513243260115807,0,Logistic regression,-1.8995026270469892,-0.7198265270920587,-1.8995026270469892,0.045,-0.4899563407960515,0,0,0,0
789,163031,260.86,0,-0.5313327794270509,0,Logistic regression,-2.2831239843693076,0.237997146369537,-2.2831239843693076,0.12,0.23466184670221274,0,0,0,1
789,8615,1.0,1,-0.11957852125481114,1,Logistic regression,12.956830421645698,0.49959525170478786,12.956830421645698,0.97,0.3219936024934101,1,1,1,1
789,207174,99.43,0,-1.2464983216592873,0,Logistic regression,-2.2575289239002125,-1.1285270893356614,-2.2575289239002125,0.005,-1.1871431917263835,0,0,0,0
789,250636,1.79,0,-0.933217211708919,0,Logistic regression,-2.6835578301949137,-0.16905062240768337,-2.6835578301949137,0.0,-0.3920988106011351,0,0,0,0
789,81543,48.4,0,-1.2672791908146523,0,Logistic regression,-2.4530035210375383,-0.09261026961148183,-2.4530035210375383,0.02,-0.3961692754705806,0,0,0,0
789,10690,1218.89,1,-0.04651425989144897,1,Logistic regression,13.59609135945037,0.4995952517007138,13.59609135945037,0.775,0.32199005117491847,1,1,1,1
789,54984,107.0,0,-1.326718287053423,0,Logistic regression,-1.6088004762737225,-1.0487851096214875,-1.6088004762737225,0.0,-1.3089509139830007,0,0,0,0
789,252774,0.77,1,0.5507161065176529,1,Logistic regression,4.939661289640584,0.5583591968325938,4.939661289640584,0.87,0.40023692828800006,1,1,1,1
789,251353,61.59,0,-1.2225739987250974,0,Logistic regression,-2.1298203684765777,-0.599651921812226,-2.1298203684765777,0.0,-0.08852572180155349,0,0,0,0
789,118308,30.14,1,-1.238506638343145,0,Logistic regression,-1.6894502215081633,-0.5018962181886986,-1.6894502215081633,0.015,-0.9229808966835531,0,0,0,0
789,283927,4.99,0,-1.1831216433245637,0,Logistic regression,-2.4171143450969237,-1.07289142635352,-2.4171143450969237,0.0,0.1543124801808118,0,0,0,1
789,157049,6.95,0,-1.084915574563005,0,Logistic regression,-2.5452423055212066,-0.20476985133435105,-2.5452423055212066,0.01,-0.18628073774894466,0,0,0,0
789,8774,244.5,0,-0.6861280814689387,0,Logistic regression,-1.7589734195776419,0.2938428485527205,-1.7589734195776419,0.135,0.09398119020710055,0,0,0,0
789,15458,2.68,0,-1.1658200603751734,0,Logistic regression,-2.094735103757961,-1.0206430626897294,-2.094735103757961,0.03,-1.052662231120865,0,0,0,0
789,46998,204.27,1,0.5793945310545614,1,Logistic regression,1.2149921865360458,0.6814304481361337,1.2149921865360458,0.865,0.5568500707143933,1,1,1,1
789,239447,8.0,0,-1.480985792742625,0,Logistic regression,-1.8034190036219748,-0.8713545111043968,-1.8034190036219748,0.01,-0.9625564645261218,0,0,0,0
789,156747,9.85,0,-0.8519410280433141,0,Logistic regression,-1.8379131248401586,-0.16507919587021108,-1.8379131248401586,0.015,0.008962765950751406,0,0,0,0
789,34082,176.0,0,-1.2368024552751402,0,Logistic regression,-1.6301668986244047,-0.4090345029145988,-1.6301668986244047,0.0,-0.4476324324196838,0,0,0,0
789,98346,18.4,0,-0.9465471123320597,0,Logistic regression,-2.0069453473922314,-0.5520408945255049,-2.0069453473922314,0.035,-0.49811510735388914,0,0,0,0
789,101509,320.0,1,-1.1825693251043352,0,Logistic regression,-1.5523031103286256,0.27247046200852987,-1.5523031103286256,0.08,-0.14403049538673834,0,0,0,0
789,36289,57.12,0,-1.2854880941378135,0,Logistic regression,-1.7502235789469245,-0.9531620257158269,-1.7502235789469245,0.005,-1.0363352150974234,0,0,0,0
789,150679,104.03,1,-0.03707602121634199,1,Logistic regression,12.335785225910893,0.4995952517007824,12.335785225910893,0.89,0.32199100365743033,1,1,1,1
789,251682,10.62,0,-0.8844675730943004,0,Logistic regression,-1.0314393006384617,0.19100467825633738,-1.0314393006384617,0.065,-0.050383749724161875,0,0,0,0
789,210033,0.76,0,-1.1921375521861406,0,Logistic regression,-1.6492850507492691,-0.4781243819700612,-1.6492850507492691,0.0,-0.22386817122694186,0,0,0,0
789,81522,90.0,0,-1.1053580684366446,0,Logistic regression,-1.9149731527549398,-1.0426289201253574,-1.9149731527549398,0.005,-0.7487962867935585,0,0,0,0
789,273364,30.0,0,-1.1098557227520445,0,Logistic regression,-2.043031946747992,-0.3160231387091677,-2.043031946747992,0.08,-0.2571298388892406,0,0,0,0
789,101686,835.0,0,-0.24028463113230014,1,Logistic regression,-1.3972556473411668,0.4915194321686026,-1.3972556473411668,0.215,0.3118834421395869,1,0,0,1
789,88341,0.77,0,-1.1044647656273243,0,Logistic regression,-1.6121033528454667,-0.3345968396352625,-1.6121033528454667,0.015,0.19113374066150418,0,0,0,1
789,6336,1.0,1,-0.08659704236688703,1,Logistic regression,3.9715744001367987,0.512959773967959,3.9715744001367987,0.9,0.4801178728151429,1,1,1,1
789,273875,90.65,0,-1.3160769517181323,0,Logistic regression,-2.223629872521835,-0.9466784928590506,-2.223629872521835,0.005,-0.6257747092077341,0,0,0,0
789,222972,18.0,0,-1.269077924985616,0,Logistic regression,-2.610799496750341,-0.7743714364420247,-2.610799496750341,0.005,-1.0655108749822204,0,0,0,0
789,34623,382.0,0,-1.0911491493412309,0,Logistic regression,-2.0097528952305033,-0.3514266202289264,-2.0097528952305033,0.005,-0.6342266538096124,0,0,0,0
789,150881,1.5,0,-1.3131006549919892,0,Logistic regression,-1.8159478241749492,-0.2989404434913991,-1.8159478241749492,0.035,-0.2602708467640589,0,0,0,0
789,149828,11.29,0,-1.294032805297551,0,Logistic regression,-1.645496333700005,-0.5535706910620442,-1.645496333700005,0.01,0.03189754755842983,0,0,0,0
789,80760,113.92,1,-0.25250456780892294,1,Logistic regression,2.7269071342810056,0.5156975145254844,2.7269071342810056,0.885,0.3482876545107538,1,1,1,1
789,270014,10.98,0,-1.0524639269520935,0,Logistic regression,-1.7318830204210303,-1.057810774825842,-1.7318830204210303,0.0,-0.43021665556720495,0,0,0,0
789,99251,2.69,0,-0.9865580221378144,0,Logistic regression,-1.863580844007639,-1.159255629443658,-1.863580844007639,0.0,-1.2573147193725016,0,0,0,0
789,277929,355.94,0,-0.7101592628029788,0,Logistic regression,-1.7602393506793852,0.5095339204850994,-1.7602393506793852,0.2,0.21318233933394232,1,0,0,1
789,197183,0.76,0,-1.3496928275372087,0,Logistic regression,-1.878757582770803,-1.0824542097176946,-1.878757582770803,0.0,-0.5417417057787084,0,0,0,0
789,110430,1.98,0,-1.1836623648903042,0,Logistic regression,-1.890497345537915,-1.3103832726978328,-1.890497345537915,0.005,-1.0772591527429012,0,0,0,0
789,10497,3.79,1,-0.8034724600179881,0,Logistic regression,-1.316463350264295,0.13595299534285188,-1.316463350264295,0.135,-0.1758547507652699,0,0,0,0
789,17572,9.99,0,-1.0166294453433573,0,Logistic regression,-2.221012317345265,0.1191664230507607,-2.221012317345265,0.155,-0.1367389904716168,0,0,0,0
789,136087,1.5,0,-1.2482818028704747,0,Logistic regression,-1.6143819052839543,-0.5580665842348338,-1.6143819052839543,0.0,-0.9646378553153556,0,0,0,0
789,151007,1.0,1,-0.3676254928023558,0,Logistic regression,17.8966999655982,0.4995952517007138,17.8966999655982,0.795,0.32199005117491847,1,1,1,1
789,102223,312.9,0,-1.0678136451310938,0,Logistic regression,-1.6371500019943424,-0.2216031950526562,-1.6371500019943424,0.0,-0.10884394520994334,0,0,0,0
789,203947,48.0,0,-1.2536858026860438,0,Logistic regression,-2.3370456846125993,-1.0399084696432448,-2.3370456846125993,0.0,-0.36927532153747084,0,0,0,0
789,223051,1.98,0,-1.2010848952836068,0,Logistic regression,-2.2610213908731405,-0.6981837345083133,-2.2610213908731405,0.005,-0.9254442554592124,0,0,0,0
789,137028,1.0,0,-1.1198161110911984,0,Logistic regression,-1.8658650600624058,-1.1276844525842238,-1.8658650600624058,0.0,-1.0227827734127566,0,0,0,0
789,108733,16.49,0,-1.2278224297277398,0,Logistic regression,-1.7943964841389386,-1.2542594734923564,-1.7943964841389386,0.0,-0.6028751945575519,0,0,0,0
789,96428,1.0,0,-0.7092619938035354,0,Logistic regression,-2.007651587259857,0.4009286632478446,-2.007651587259857,0.185,0.08454276285281184,0,0,0,0
789,133010,5.47,0,-1.2909258963340613,0,Logistic regression,-1.9693221921966462,-0.39136927930613,-1.9693221921966462,0.065,-0.6161982746598613,0,0,0,0
789,132539,0.99,0,-0.9797121368048846,0,Logistic regression,-1.9785578053065265,-1.052007669399062,-1.9785578053065265,0.0,-1.342615487920774,0,0,0,0
789,246126,69.0,0,-1.4406486546138335,0,Logistic regression,-2.283229262613932,-0.6033746565435736,-2.283229262613932,0.015,-0.6640269407573638,0,0,0,0
789,79321,16.99,0,-0.9730580568815559,0,Logistic regression,-1.6510791603007278,-0.6809055436712197,-1.6510791603007278,0.06,-0.21187870417365612,0,0,0,0
789,116919,3.99,0,-1.0083598321423617,0,Logistic regression,-2.166961861821012,-0.7363944749828915,-2.166961861821012,0.03,-0.22404619233109008,0,0,0,0
789,120832,3.59,0,-0.9878791623006503,0,Logistic regression,-1.9493346324245027,-1.1841286867376535,-1.9493346324245027,0.005,-1.2577588912570377,0,0,0,0
789,97392,30.39,0,-1.3062642339243247,0,Logistic regression,-1.412453734638408,-0.45087757248925103,-1.412453734638408,0.02,-0.8656557494949657,0,0,0,0
789,33609,21.0,0,-1.034759030232748,0,Logistic regression,-1.9349314614271638,0.3249775769948851,-1.9349314614271638,0.055,-0.1318633423569156,0,0,0,0
789,17206,120.74,0,-1.4058061366067367,0,Logistic regression,-1.8498828789624446,-1.0315587505253627,-1.8498828789624446,0.0,-0.7490961384880179,0,0,0,0
789,153408,113.79,0,-0.646335299657404,0,Logistic regression,0.7521552391381028,0.49959525598442706,0.7521552391381028,0.205,0.3220590339636452,1,0,0,1
789,131760,2.69,0,-0.9818483710141976,0,Logistic regression,-1.9665606994457598,-1.0461184220110518,-1.9665606994457598,0.015,-0.9970206377721365,0,0,0,0
789,258403,296.0,1,0.13246931692262756,1,Logistic regression,0.6563725103354847,0.5246783608003639,0.6563725103354847,0.805,0.32199294445758275,1,0,1,1
789,187423,0.89,0,-1.0748320857667655,0,Logistic regression,-1.7580517325513285,-0.2582915235686544,-1.7580517325513285,0.01,0.012182100833029896,0,0,0,0
789,111304,8.05,0,-1.331187166280514,0,Logistic regression,-2.151301450428665,-0.9691211044009507,-2.151301450428665,0.015,-0.7538783438197463,0,0,0,0
789,106873,12.99,0,-1.0299559298032508,0,Logistic regression,-2.2402569959412695,-1.1593987836031967,-2.2402569959412695,0.005,-1.2021748004796253,0,0,0,0
789,64021,27.84,0,-0.37222907418897655,0,Logistic regression,-1.7448594891914757,0.4983426389680586,-1.7448594891914757,0.115,0.3145295071085846,1,0,0,1
789,278293,0.89,0,-1.128392285203914,0,Logistic regression,-2.2324659798953386,-1.0215792020518033,-2.2324659798953386,0.005,-1.1027666065839359,0,0,0,0
789,96454,7.99,0,-1.020065788329413,0,Logistic regression,-2.0051899334162657,-1.142909115576413,-2.0051899334162657,0.015,-1.157862077089349,0,0,0,0
789,37219,1.9,0,-1.188698640688631,0,Logistic regression,-1.5893884192568326,-0.1359553910657451,-1.5893884192568326,0.015,-0.16865551238494664,0,0,0,0
789,15566,99.99,1,-0.16475932179559413,1,Logistic regression,11.773723230103368,0.4995952517007138,11.773723230103368,0.81,0.3219900511749247,1,1,1,1
789,223435,342.0,0,-0.4933632782291977,0,Logistic regression,-1.7697090488310587,0.49941776293065254,-1.7697090488310587,0.345,0.3219898409346833,1,0,0,1
789,119714,29.95,1,-0.6626631908767573,0,Logistic regression,-0.8297756897582699,0.464766461930331,-0.8297756897582699,0.21,0.18309550634334382,1,0,0,1
789,154929,19.99,0,-0.7683797994463651,0,Logistic regression,-2.792063511479897,0.21207869805016982,-2.792063511479897,0.005,-0.05607806321276665,0,0,0,0
789,119781,124.53,1,0.1515104122596028,1,Logistic regression,4.3964360507267815,0.55966190744535,4.3964360507267815,0.935,0.4634176963214198,1,1,1,1
789,120978,14.99,0,-1.188560329992368,0,Logistic regression,-1.7778411811161576,-0.595080798372249,-1.7778411811161576,0.0,-0.3776290930275525,0,0,0,0
789,623,529.0,1,-0.25556600972372656,1,Logistic regression,-1.754461918705911,0.4100959880877093,-1.754461918705911,0.15,0.32999289119221076,0,0,0,1
789,20773,1.0,0,-1.052107917610318,0,Logistic regression,-2.4413261469908454,-0.8177773587299564,-2.4413261469908454,0.0,-0.35669512086835203,0,0,0,0
789,61861,17.77,0,-1.3681594653464146,0,Logistic regression,-1.8305474146985776,-1.1450592626990745,-1.8305474146985776,0.0,-1.1468250358074994,0,0,0,0
789,224183,8.49,0,-1.1964869967335172,0,Logistic regression,-2.7335403204721396,0.0053274285042995695,-2.7335403204721396,0.09,-0.19520790135844662,0,0,0,0
789,22210,344.54,0,-0.8770112716181073,0,Logistic regression,-1.5252071432385068,0.4437956741412004,-1.5252071432385068,0.355,0.07506185732847048,1,0,0,0
789,249607,35.0,1,0.0024568859368875595,1,Logistic regression,1.1742866190705925,0.6170199701183867,1.1742866190705925,0.88,0.3219938483771515,1,1,1,1
789,205484,3.08,0,-1.174668711064808,0,Logistic regression,-2.205952700248895,-0.8672765687107782,-2.205952700248895,0.0,-1.0413863834493868,0,0,0,0
789,240330,104.9,0,-0.6835311441415972,0,Logistic regression,-2.5812640516176764,-0.0346126714702813,-2.5812640516176764,0.005,-0.41935808059598817,0,0,0,0
789,190368,175.9,1,0.31724051412100596,1,Logistic regression,2.2778483792985176,0.6394556529262382,2.2778483792985176,0.825,0.46734013865035673,1,1,1,1
789,26934,43.5,0,-1.1734106922132386,0,Logistic regression,-2.006733448254916,-1.1176402161104533,-2.006733448254916,0.0,-0.4772754451426529,0,0,0,0
789,75511,170.92,1,0.4595615383743762,1,Logistic regression,1.4233284092683367,0.6267166634930161,1.4233284092683367,0.81,0.6089488012695168,1,1,1,1
789,48822,49.0,0,-1.3743665694309732,0,Logistic regression,-1.6646670031135855,-0.7391811652196674,-1.6646670031135855,0.0,-0.6997492455355427,0,0,0,0
789,251184,0.89,0,-1.0092353581825233,0,Logistic regression,-2.1567305522894737,-0.6198455278273183,-2.1567305522894737,0.015,-0.6421085873681347,0,0,0,0
789,134456,0.31,0,-1.243315089719511,0,Logistic regression,-1.4557684664769976,0.06323071803148211,-1.4557684664769976,0.035,-0.3622950266799731,0,0,0,0
789,204064,345.0,1,-0.5492031893697027,0,Logistic regression,0.9619102730676223,0.5110036384326785,0.9619102730676223,0.85,0.3558580689252552,1,0,1,1
789,276696,21.9,0,-0.7133916707835202,0,Logistic regression,-0.5365290911206209,0.49476299562097525,-0.5365290911206209,0.06,0.3067126434970445,1,0,0,1
789,223572,1.0,1,-0.03716954992047747,1,Logistic regression,4.310606609969506,0.5254985015093012,4.310606609969506,0.865,0.5335330301127841,1,1,1,1
789,178757,35.8,0,-1.1915351359852062,0,Logistic regression,-2.2434864314201812,-0.808896548579704,-2.2434864314201812,0.0,-0.4773194739879098,0,0,0,0
789,94042,21.72,0,-1.124202994140129,0,Logistic regression,-2.0505319453232285,-1.1884047806902747,-2.0505319453232285,0.0,-0.5195688890033983,0,0,0,0
789,45349,1.0,0,-1.11765524842248,0,Logistic regression,-2.168873422131444,-0.921725739713287,-2.168873422131444,0.01,-0.8167315835370483,0,0,0,0
789,270179,19.35,0,-1.2352632887969328,0,Logistic regression,-1.715490276159958,-0.6484330611397693,-1.715490276159958,0.01,-0.8338972698596336,0,0,0,0
789,245218,19.95,0,-1.2288864701846964,0,Logistic regression,-2.251986545713892,-1.0482683011796428,-2.251986545713892,0.0,-0.7097430039107027,0,0,0,0
789,73417,1.0,0,-1.1823712949249006,0,Logistic regression,-1.74202896583128,-1.0450858060171795,-1.74202896583128,0.0,-0.9336261555726513,0,0,0,0
789,241134,59.29,0,-1.377819728211192,0,Logistic regression,-2.3192470998931674,-0.9836043813493993,-2.3192470998931674,0.0,-0.9676650613828288,0,0,0,0
789,9805,15.95,0,-1.1963814361230571,0,Logistic regression,-1.733067911954074,-0.5039872392787121,-1.733067911954074,0.045,-0.27015577949847164,0,0,0,0
789,15591,17.99,0,-1.241596246343129,0,Logistic regression,-1.5209483811652953,-0.8500074284720984,-1.5209483811652953,0.01,-0.601079578603231,0,0,0,0
789,93214,200.0,0,-1.0988478658719438,0,Logistic regression,-2.154638813865193,-1.114314388826898,-2.154638813865193,0.0,-0.7846972001794508,0,0,0,0
789,30234,39.8,0,-1.2025278639899466,0,Logistic regression,-1.887984839965673,-0.6978648856345866,-1.887984839965673,0.015,-0.5849309078197651,0,0,0,0
789,213360,5.28,0,-1.2134799578405004,0,Logistic regression,-2.8202626536846864,-0.5344339549904726,-2.8202626536846864,0.01,-0.10493545004664029,0,0,0,0
789,37193,55.75,0,-1.2497314487030255,0,Logistic regression,-1.9960563154870512,-1.072334496325133,-1.9960563154870512,0.005,-0.7508893554142984,0,0,0,0
789,183291,120.0,0,-1.1368263599886492,0,Logistic regression,-2.0474706889631245,-1.0050802885049757,-2.0474706889631245,0.0,-0.8717089035972339,0,0,0,0
789,95341,0.89,0,-0.9563648588638015,0,Logistic regression,-1.930131718994044,-1.0922518863532011,-1.930131718994044,0.01,-1.366069694761345,0,0,0,0
789,281575,0.99,0,-1.146766406382996,0,Logistic regression,-1.9539833889082543,-0.7859455859043338,-1.9539833889082543,0.0,-0.5779538893432348,0,0,0,0
789,282562,1.98,0,-1.087226158616427,0,Logistic regression,-1.706614714141552,-0.8385544944490688,-1.706614714141552,0.0,0.011675863381986618,0,0,0,0
789,7773,59.91,0,-1.2449114393325234,0,Logistic regression,-1.693406808557735,-0.5581086204689079,-1.693406808557735,0.015,-0.41017503976040975,0,0,0,0
789,74496,0.83,1,0.07438177787343694,1,Logistic regression,7.418500717374424,0.5130979758894142,7.418500717374424,0.84,0.3410890152112814,1,1,1,1
789,245268,3.7,0,-1.3020783671411778,0,Logistic regression,-1.9211234650325573,-0.8450442579367887,-1.9211234650325573,0.0,-0.1300141138770649,0,0,0,0
789,42549,88.23,1,0.0684565627852661,1,Logistic regression,11.229114287635621,0.5015327317047592,11.229114287635621,0.75,0.3347132898139363,1,1,1,1
789,13319,511.0,0,-0.7926869126905616,0,Logistic regression,-1.4782762689567195,0.43247183678497664,-1.4782762689567195,0.155,0.295437184981568,1,0,0,1
789,216843,9.99,0,-1.2539233134395258,0,Logistic regression,-2.6569587762700944,-0.7032290237976067,-2.6569587762700944,0.0,-0.7737392886058687,0,0,0,0
789,43178,380.1,0,-1.2245876133757787,0,Logistic regression,-1.899281663684656,-0.545502230509092,-1.899281663684656,0.05,-0.4629923323914043,0,0,0,0
789,140394,33.17,0,-0.8985810436700346,0,Logistic regression,-1.2219193584937487,0.29689253905139823,-1.2219193584937487,0.025,0.26744791096194326,0,0,0,1
789,22532,0.89,0,-1.1973254307215657,0,Logistic regression,-1.1626771236311617,0.10198296976964105,-1.1626771236311617,0.175,-0.029757940459870735,0,0,0,0
789,42741,459.07,1,-0.16054194353339246,1,Logistic regression,11.897000129653836,0.5004061187285699,11.897000129653836,0.885,0.34657397057772094,1,1,1,1
789,213999,74.99,0,-1.329553976458292,0,Logistic regression,-2.561958160791912,-1.0074169471716252,-2.561958160791912,0.0,-0.6326607505973256,0,0,0,0
789,158584,151.33,0,-0.2969016492160732,1,Logistic regression,-0.5410339020123629,0.45671174523134495,-0.5410339020123629,0.155,0.24876086218973611,1,0,0,1
789,188100,216.98,0,-1.1814313287735008,0,Logistic regression,-1.5577394307957295,-0.012069630860062464,-1.5577394307957295,0.1,-0.15531932181525154,0,0,0,0
789,123673,75.78,0,-1.2306624345236439,0,Logistic regression,-2.166111730486181,-0.9133644898516131,-2.166111730486181,0.03,-0.8129533313882422,0,0,0,0
789,215994,270.0,0,0.4824554170285327,1,Logistic regression,-1.1965564633861536,0.5260656268247076,-1.1965564633861536,0.215,0.3181253329028016,1,0,0,1
789,39103,48.85,0,-1.1776716737255697,0,Logistic regression,-2.0241421753222917,-1.0489284485237327,-2.0241421753222917,0.0,-1.0726688084830978,0,0,0,0
789,233667,4.49,0,-1.1111860923129875,0,Logistic regression,-2.2224005649312804,-1.0457117050062015,-2.2224005649312804,0.005,-1.1065401510079635,0,0,0,0
789,124115,1.0,1,-0.06806994864360799,1,Logistic regression,1.3917115065558243,0.527054238119979,1.3917115065558243,0.84,0.49356407927235335,1,1,1,1
789,193441,4.48,0,-1.0628880858935104,0,Logistic regression,-2.202693744924422,-0.9992853678990015,-2.202693744924422,0.0,-1.0731426858637496,0,0,0,0
789,76555,153.46,1,-0.031192969423055356,1,Logistic regression,7.477117488178025,0.4997169550900076,7.477117488178025,0.88,0.3333420796638251,1,1,1,1
789,74794,311.91,1,-0.5026598646677795,0,Logistic regression,-1.5846603701878654,0.4721293379795519,-1.5846603701878654,0.135,0.3216932654692922,1,0,0,1
789,184836,6.82,0,-0.6791373575699123,0,Logistic regression,-2.1383172871147362,0.48083716019711725,-2.1383172871147362,0.085,0.3048277079721872,1,0,0,1
789,203675,20.51,0,-1.401377312835205,0,Logistic regression,-2.2481809626452676,-0.5736547521868793,-2.2481809626452676,0.01,-0.40383441983369345,0,0,0,0
789,239167,1.98,0,-1.2461512698948212,0,Logistic regression,-2.1127863427951823,-1.049785404972429,-2.1127863427951823,0.0,-0.8904126966973738,0,0,0,0
789,83900,161.94,0,-1.1543238685810215,0,Logistic regression,-1.9188625351089819,-0.2264316213502527,-1.9188625351089819,0.035,-0.18865099480832676,0,0,0,0
789,17823,29.95,0,-1.3805239247975598,0,Logistic regression,-2.2628604593457577,-0.7793474289278715,-2.2628604593457577,0.0,-0.5285696968325777,0,0,0,0
789,34108,79.0,0,-1.386043409906875,0,Logistic regression,-1.7440710506839974,-0.625430007265475,-1.7440710506839974,0.015,-0.8139545828973196,0,0,0,0
789,154676,2.28,1,0.25606398530384233,1,Logistic regression,6.558491948470768,0.5136428391276597,6.558491948470768,0.93,0.3271548312258743,1,1,1,1
789,86155,101.5,1,-0.12054127436937503,1,Logistic regression,1.2270602505379071,0.49978627614961274,1.2270602505379071,0.81,0.3424731463339588,1,1,1,1
789,275908,106.99,0,-1.3914746155739406,0,Logistic regression,-2.525893019971791,-0.7405150948996824,-2.525893019971791,0.005,-0.3281623659747194,0,0,0,0
789,87246,217.47,0,-1.2841383352392453,0,Logistic regression,-1.6249738197246584,-0.43905665893321016,-1.6249738197246584,0.02,-0.4228827568147941,0,0,0,0
789,164746,8.73,0,-0.6783132702108723,0,Logistic regression,-2.651040408099374,0.4543893332437758,-2.651040408099374,0.11,0.0014298642625103497,1,0,0,0
789,144001,50.85,0,-1.2868029671214416,0,Logistic regression,-2.1442194137106694,-1.023791066892011,-2.1442194137106694,0.005,-0.6205282120285605,0,0,0,0
789,30314,7.61,1,0.18789164033570113,1,Logistic regression,5.8998665206445,0.5345480929805744,5.8998665206445,0.83,0.37850647618605265,1,1,1,1
789,106382,2.69,0,-1.265305469820818,0,Logistic regression,-1.7476220024328082,-0.8214421688347133,-1.7476220024328082,0.0,-0.9278140911617359,0,0,0,0
789,65086,164.58,0,-1.1616677409962426,0,Logistic regression,-1.8365664275925084,-1.1521189615277765,-1.8365664275925084,0.0,-1.0830690370069858,0,0,0,0
789,58613,74.0,0,-1.4277380552455523,0,Logistic regression,-2.2468645179482984,-0.6719958956443781,-2.2468645179482984,0.0,-0.44057422470009683,0,0,0,0
789,54288,100.78,0,-1.1519811063542051,0,Logistic regression,-1.7320775488408158,-0.3873966664002581,-1.7320775488408158,0.0,-0.5969060206042738,0,0,0,0
789,248763,21.0,0,-0.6960261056711865,0,Logistic regression,-2.817766577961719,0.03268435214661514,-2.817766577961719,0.1,-0.36351450869543883,0,0,0,0
789,226991,130.54,0,-1.3736530975415386,0,Logistic regression,-1.7738437958695514,-0.9617021939431531,-1.7738437958695514,0.005,-0.5556714656929309,0,0,0,0
789,140400,98.5,0,-1.2803212470273742,0,Logistic regression,-1.8234127459587268,-0.38250431955270364,-1.8234127459587268,0.035,-0.40964860474389936,0,0,0,0
789,253267,12.4,0,-0.2768891200078329,1,Logistic regression,-2.6450496185510946,0.4995940731910687,-2.6450496185510946,0.135,0.3219857512530565,1,0,0,1
789,83594,0.89,0,-1.128340980647749,0,Logistic regression,-1.9214128400039145,-0.9771241035263358,-1.9214128400039145,0.0,-0.9756999267811974,0,0,0,0
789,213092,22.47,1,-0.22921053143150913,1,Logistic regression,-1.562085371170558,0.4993643581673213,-1.562085371170558,0.18,0.31933767288932335,1,0,0,1
789,123201,1.0,1,-0.7114376893684776,0,Logistic regression,-0.8739550782555958,0.3557001329095155,-0.8739550782555958,0.3,-0.022358185128504016,0,0,0,0
789,2147,635.91,0,-0.8154620833987353,0,Logistic regression,-2.4388159148770026,0.42159972630396325,-2.4388159148770026,0.05,0.17227949396071407,0,0,0,1
789,245130,7.02,0,-1.073208247320374,0,Logistic regression,-2.065685502488845,-1.18836229355906,-2.065685502488845,0.005,-1.0780820683366716,0,0,0,0
789,12218,0.61,0,-0.9436416820884268,0,Logistic regression,-1.5551353055950143,-0.3740082738090738,-1.5551353055950143,0.165,-0.1654385273422576,0,0,0,0
789,7387,8.2,0,-0.8310298221012249,0,Logistic regression,-1.3107797906190846,-0.5797643210755492,-1.3107797906190846,0.015,0.31503125702354456,0,0,0,1
789,134845,2.46,0,-1.345059969258144,0,Logistic regression,-1.7381708280939434,-0.7038174912894217,-1.7381708280939434,0.01,-0.08107004524603667,0,0,0,0
789,237603,17.99,0,-1.39298181787406,0,Logistic regression,-1.9057381687822827,-0.6793362458486372,-1.9057381687822827,0.0,-0.17952779520731282,0,0,0,0
789,12261,1.0,1,-0.03798780830840062,1,Logistic regression,15.560783641279656,0.4995952517007138,15.560783641279656,0.755,0.32199005119029095,1,1,1,1
789,202913,50.33,0,-1.2273450128855077,0,Logistic regression,-1.4143936602409182,-0.24209833902292927,-1.4143936602409182,0.0,-0.36607470673664116,0,0,0,0
789,186712,81.82,0,-1.158510143455609,0,Logistic regression,-2.3814902264030264,-0.7119126111277112,-2.3814902264030264,0.025,-0.1389097452053708,0,0,0,0
789,72757,1.79,1,-0.8123705862648176,0,Logistic regression,-1.8167963250383483,0.0732613284955917,-1.8167963250383483,0.055,0.17628003984479854,0,0,0,1
789,181966,40.0,1,0.036267008690670816,1,Logistic regression,0.9104927867199915,0.5812443135108084,0.9104927867199915,0.825,0.3916786451339379,1,0,1,1
789,154234,1.0,1,-0.30876004862854145,1,Logistic regression,18.459843712610475,0.4995952517007138,18.459843712610475,0.815,0.32199005117491847,1,1,1,1
789,101140,1.0,0,-1.1968015267007712,0,Logistic regression,-1.909571224123889,-0.38919519548515397,-1.909571224123889,0.0,-0.11974927181802564,0,0,0,0
789,110219,4.99,0,-1.0503012030834766,0,Logistic regression,-2.0308514098893062,-1.116285763455313,-2.0308514098893062,0.0,-1.220981048260614,0,0,0,0
789,253461,32.18,0,-0.9410093794451039,0,Logistic regression,-1.6764704989958008,-0.15623570364389167,-1.6764704989958008,0.02,-0.08839443499061223,0,0,0,0
789,108929,11.5,0,-1.281880824149725,0,Logistic regression,-2.0322942688949865,-0.8809882846555237,-2.0322942688949865,0.0,-0.9486078624856138,0,0,0,0
789,7236,7.11,0,-1.390618865511297,0,Logistic regression,-1.9402326634880052,-0.2871365587115587,-1.9402326634880052,0.0,0.026553945153682312,0,0,0,0
789,249239,1096.99,1,-0.6969966142390537,0,Logistic regression,-1.857164516858257,0.48521377496608153,-1.857164516858257,0.27,0.29399954902432046,1,0,0,1
789,113017,12.32,0,-1.4146842655506624,0,Logistic regression,-1.8888164866755723,-1.0877442239389972,-1.8888164866755723,0.005,-0.9728794559581913,0,0,0,0
789,147076,465.05,0,-1.3520743903122243,0,Logistic regression,-2.4740617021439895,-0.1251003900349344,-2.4740617021439895,0.025,0.08805309887912871,0,0,0,0
789,174060,469.0,0,-0.8943142295574847,0,Logistic regression,-1.6125547447475548,-0.2574276019636678,-1.6125547447475548,0.075,-0.09650663009001159,0,0,0,0
789,23526,32.0,0,-1.216724125161847,0,Logistic regression,-1.8015646387161466,-0.8580458197075744,-1.8015646387161466,0.0,-0.9492118892509807,0,0,0,0
789,26656,72.96,0,-1.196417322180562,0,Logistic regression,-2.0545864544367953,-0.7604173851977396,-2.0545864544367953,0.0,-0.20307191595505986,0,0,0,0
789,193662,259.99,0,-1.304630900183521,0,Logistic regression,-1.6222470565130445,0.25953525352320006,-1.6222470565130445,0.225,-0.05018303452384931,0,0,0,0
789,187872,1038.11,0,-1.0575585376153953,0,Logistic regression,-2.137566719942366,0.472774378329499,-2.137566719942366,0.245,0.30344205652396333,1,0,0,1
789,16539,56.1,0,-1.2430205550352746,0,Logistic regression,-2.5500700737519946,0.28132296937806545,-2.5500700737519946,0.105,0.2973429235739258,0,0,0,1
789,119588,2.58,0,-1.0487141368142299,0,Logistic regression,-1.9552643505226546,-1.2032593965423284,-1.9552643505226546,0.0,-1.267550896723323,0,0,0,0
789,256474,127.95,0,-1.2407232579388592,0,Logistic regression,-1.7200870396607943,-0.936429714120049,-1.7200870396607943,0.01,-0.8450142405498444,0,0,0,0
789,6278,94.12,0,-1.1368711442666073,0,Logistic regression,-2.0922828572511913,-0.9742190124708807,-2.0922828572511913,0.0,-0.3801790822179371,0,0,0,0
789,239845,8.99,0,-1.1723479372433103,0,Logistic regression,-2.352192242418369,-0.5955637082993777,-2.352192242418369,0.005,-0.8839774849183197,0,0,0,0
789,196917,100.0,0,-1.2631984309203521,0,Logistic regression,-2.0349749777064696,-0.9094818435959646,-2.0349749777064696,0.0,-0.3141273330842605,0,0,0,0
789,264670,2.69,0,-1.1433758393954254,0,Logistic regression,-1.7361890831438105,-0.7179832188341411,-1.7361890831438105,0.04,-0.2708359011862164,0,0,0,0
789,118277,1.0,0,-1.3890311278857486,0,Logistic regression,-1.9092715546416523,-1.1847617168645168,-1.9092715546416523,0.0,-1.1442198835506574,0,0,0,0
789,25292,9.95,0,-1.3443554829516169,0,Logistic regression,-2.3706737133710947,-0.9710602067866265,-2.3706737133710947,0.0,-0.595443742637376,0,0,0,0
789,8864,8.99,0,-1.1092489309643347,0,Logistic regression,-1.7232305412197735,-1.0456556564652797,-1.7232305412197735,0.005,-0.3175497053788609,0,0,0,0
789,8482,43.9,0,-1.0807651149285273,0,Logistic regression,-2.091673770983085,-0.518793787359082,-2.091673770983085,0.0,-0.22894426169365928,0,0,0,0
789,96656,39.0,0,-1.1683777592016746,0,Logistic regression,-1.9011825181607405,-0.7704400945493073,-1.9011825181607405,0.0,-0.5233899797483372,0,0,0,0
789,122174,124.5,0,-1.204948198385685,0,Logistic regression,-1.8461491251005901,-1.1780998201243023,-1.8461491251005901,0.0,-0.7768688438758184,0,0,0,0
789,9035,1.0,1,-0.11301247382169796,1,Logistic regression,12.58104822707309,0.49959525180751696,12.58104822707309,0.92,0.32203125553748074,1,1,1,1
789,147548,1.18,1,-0.19254711569114646,1,Logistic regression,2.9894091376388907,0.4996981577514226,2.9894091376388907,0.845,0.32660126918422994,1,1,1,1
789,108248,89.98,0,-1.1038533796107308,0,Logistic regression,-2.487737406991565,-0.4862623761410017,-2.487737406991565,0.0,-0.1607810717742994,0,0,0,0
789,69577,51.49,0,-1.2774898162414063,0,Logistic regression,-1.6175702616155896,-0.20946425622893,-1.6175702616155896,0.055,-0.13546761513833744,0,0,0,0
789,152209,72.6,0,-1.1084802765486368,0,Logistic regression,-2.3352684789666087,-1.0561300778921046,-2.3352684789666087,0.0,-0.4576787810075112,0,0,0,0
789,156322,1962.02,0,-0.09295423056955843,1,Logistic regression,0.46587410877127144,0.49959525171717956,0.46587410877127144,0.125,0.3219930561513817,1,0,0,1
789,6669,9.8,0,-0.5491382483071692,0,Logistic regression,-1.790567920316427,0.49155686989244246,-1.790567920316427,0.13,0.3178057293267317,1,0,0,1
789,229713,47.0,0,-0.7136770053475399,0,Logistic regression,-2.539511055652277,0.05767291902539495,-2.539511055652277,0.005,0.006885818988814685,0,0,0,0
789,27942,54.99,0,-1.2030002474519452,0,Logistic regression,-2.1148470128479406,-1.2019677547628975,-2.1148470128479406,0.0,-0.5863457208953571,0,0,0,0
789,30425,210.51,0,-1.0481698450258103,0,Logistic regression,-2.2496638626437204,-0.40472633041915956,-2.2496638626437204,0.0,-0.5994706623372206,0,0,0,0
789,72165,337.6,0,-1.145250964743007,0,Logistic regression,-1.610465757710092,-0.7627799802117694,-1.610465757710092,0.07,-0.6251255980073374,0,0,0,0
789,82682,103.88,0,0.01708097536170164,1,Logistic regression,-1.4613332350026491,0.393816446164235,-1.4613332350026491,0.17,0.06544823262756155,0,0,0,0
789,132459,184.99,0,-1.3136197217272072,0,Logistic regression,-1.7104184477815827,-0.755218932240235,-1.7104184477815827,0.0,-0.7240614779041017,0,0,0,0
789,83053,6.27,1,0.6692693705306333,1,Logistic regression,1.4649490471712903,0.8769704014586287,1.4649490471712903,0.93,0.6971795376343678,1,1,1,1
1000,247747,38.53,0,-1.04556334967282,0,Logistic regression,-1.2389294947035234,-1.0169213105899453,-1.2389294947035234,0.025,-0.09237114808192826,0,0,0,0
1000,71504,110.28,0,-1.2159426549827714,0,Logistic regression,-1.3313408219878273,-1.0116740989329425,-1.3313408219878273,0.03,-0.7059368364742443,0,0,0,0
1000,53929,7.0,0,-0.9246114868778288,0,Logistic regression,-1.9351597137223142,-1.0598566798368045,-1.9351597137223142,0.105,-0.2172044919764896,0,0,0,0
1000,80760,113.92,1,0.47755151315123817,1,Logistic regression,1.6032477064808244,0.6762629724570794,1.6032477064808244,0.82,0.41751488903029566,1,1,1,1
1000,234528,26.01,0,-1.2984125706700531,0,Logistic regression,-2.3127523321567436,-1.251731658776459,-2.3127523321567436,0.0,-0.8377480388287498,0,0,0,0
1000,43516,12.0,0,-1.0833840103381578,0,Logistic regression,-1.2028853802099109,-0.9402146054325947,-1.2028853802099109,0.01,-0.734609995242035,0,0,0,0
1000,150680,104.03,1,0.5120340364522713,1,Logistic regression,11.186408002274272,0.5516692916027932,11.186408002274272,0.865,0.41136279710565626,1,1,1,1
1000,207030,192.4,0,-1.1980510255681118,0,Logistic regression,-2.3541230518749563,-1.1881371055325678,-2.3541230518749563,0.0,-0.4427078178630218,0,0,0,0
1000,193257,50.0,0,-1.4088813955831212,0,Logistic regression,-0.7246864904123442,-0.6258687693240031,-0.7246864904123442,0.135,0.28562989207144884,0,0,0,1
1000,221594,39.9,0,-1.3204174231951749,0,Logistic regression,-1.4016106193340208,-0.971448833612328,-1.4016106193340208,0.005,-0.5558135726709345,0,0,0,0
1000,227974,20.64,0,-0.977714627232237,0,Logistic regression,-1.7186637572751366,-1.105206246763593,-1.7186637572751366,0.035,-0.884357851244982,0,0,0,0
1000,45732,1.0,1,-0.10682541377551807,0,Logistic regression,6.224605202920904,0.9645291883857257,6.224605202920904,0.91,0.4132953109201692,1,1,1,1
1000,623,529.0,1,0.17769142734965715,0,Logistic regression,-0.1317990374354947,0.22957638435223526,-0.1317990374354947,0.175,0.3866044384511164,0,0,0,1
1000,249607,35.0,1,0.4605816618663966,1,Logistic regression,4.458061453948171,0.8341955000813164,4.458061453948171,0.815,0.4113701571613104,1,1,1,1
1000,96762,9.98,0,-1.1237171660973295,0,Logistic regression,-1.5160101354966375,-0.8703574441257765,-1.5160101354966375,0.075,-0.4613179909295321,0,0,0,0
1000,226517,4.99,0,-1.3304453919139447,0,Logistic regression,-1.3989305408792339,-1.0157774772185615,-1.3989305408792339,0.135,-0.624287239495842,0,0,0,0
1000,144754,323.77,1,-0.35127598017506184,0,Logistic regression,-1.3813055135769614,-0.44742893591768074,-1.3813055135769614,0.26,0.36647916809398406,0,0,0,1
1000,113393,0.89,0,-1.1727437172512396,0,Logistic regression,-1.8691109761977385,-1.0118526926369014,-1.8691109761977385,0.005,-0.1351065972504758,0,0,0,0
1000,77072,1500.0,0,0.07050953456816467,0,Logistic regression,-0.9634174604478749,0.5131782396045333,-0.9634174604478749,0.105,0.4096250960829032,1,0,0,1
1000,190368,175.9,1,0.6441388863749673,1,Logistic regression,3.1107064829291167,0.9143317216528744,3.1107064829291167,0.825,0.4393059380337656,1,1,1,1
1000,10755,5.4,0,-1.5313770349201765,0,Logistic regression,-1.5529208146544287,-1.0297509907037732,-1.5529208146544287,0.005,0.03662639377868282,0,0,0,1
1000,56051,11.9,0,-1.0410956467056673,0,Logistic regression,-1.6112630346434638,-1.104224698181635,-1.6112630346434638,0.005,-0.7828456302022712,0,0,0,0
1000,275426,30.0,0,-1.0078706646217317,0,Logistic regression,-0.865655241600662,-0.8104278525596308,-0.865655241600662,0.035,-0.7312209378174231,0,0,0,0
1000,278123,15.0,0,-0.6342249360355072,0,Logistic regression,-2.815795323352206,-1.0351004193744164,-2.815795323352206,0.005,-0.3692576645495006,0,0,0,0
1000,225304,1.46,0,-1.119022454543154,0,Logistic regression,-1.778667792415535,-1.0615127121591712,-1.778667792415535,0.09,-0.21182559572623338,0,0,0,0
1000,183235,10.74,0,-1.149588377755891,0,Logistic regression,-2.0548624725168216,-1.1873847928572312,-2.0548624725168216,0.015,-1.0587057144462912,0,0,0,0
1000,80702,76.0,0,-0.8435760176681131,0,Logistic regression,-2.2643998843752726,-1.001983154465337,-2.2643998843752726,0.025,0.09861600092811967,0,0,0,1
1000,262024,1.79,0,-0.9975980325060245,0,Logistic regression,-1.68147940805374,-1.1430806511063856,-1.68147940805374,0.0,-0.8967326096081109,0,0,0,0
1000,13355,89.99,0,-1.280474334781064,0,Logistic regression,-1.1346943687564344,-0.8522193099157139,-1.1346943687564344,0.235,-0.1953445578089803,0,0,0,0
1000,48788,0.77,0,-1.1070717788710975,0,Logistic regression,-2.241316165847744,-1.2566163163131514,-2.241316165847744,0.095,0.3710739791890289,0,0,0,1
1000,132108,1.79,0,-1.0891589091380123,0,Logistic regression,-1.5387886610239296,-1.1692193453697985,-1.5387886610239296,0.005,-1.1755780447762603,0,0,0,0
1000,214100,1.98,0,-0.9900067589969035,0,Logistic regression,-1.4575983537730623,-1.0545287074306429,-1.4575983537730623,0.0,-0.809201838417776,0,0,0,0
1000,131674,56.94,0,-1.100986699803614,0,Logistic regression,-1.9043210768850347,-1.1987934826542603,-1.9043210768850347,0.01,-0.6263589941215776,0,0,0,0
1000,159534,456.0,0,0.2221368381427718,0,Logistic regression,-0.9731469850873011,-0.08980978031771614,-0.9731469850873011,0.095,0.15596341770326133,0,0,0,1
1000,50799,535.54,0,-0.5356799656297924,0,Logistic regression,-1.9206315394260234,-0.45216133624521493,-1.9206315394260234,0.045,0.10445798760641373,0,0,0,1
1000,206838,13.37,0,-0.9538528588688657,0,Logistic regression,-0.48816111726872846,-0.6762174804571778,-0.48816111726872846,0.185,-0.3993904310565275,0,0,0,0
1000,160631,1.0,0,-1.0658908600856845,0,Logistic regression,-1.7654069786580706,-1.0763030368437798,-1.7654069786580706,0.01,-0.08680428790596934,0,0,0,0
1000,151519,1.63,1,0.3435126805698675,1,Logistic regression,9.930705442008716,0.5339050350130827,9.930705442008716,0.65,0.4113627970853625,1,1,1,1
1000,23016,3.76,0,-0.9268417050551572,0,Logistic regression,-1.583964811430042,-1.1307002092106457,-1.583964811430042,0.0,-0.6557832006382266,0,0,0,0
1000,8335,1.0,1,0.6454364551203167,1,Logistic regression,7.436603076208672,0.5697435486650996,7.436603076208672,0.86,0.4113630112350194,1,1,1,1
1000,91009,1.98,0,-1.1396917006028782,0,Logistic regression,-1.767553074734762,-1.2218807033198655,-1.767553074734762,0.005,-1.0035254104225153,0,0,0,0
1000,56787,100.0,0,-1.1662081612743371,0,Logistic regression,-2.020607787637032,-1.272153372469159,-2.020607787637032,0.025,-0.03816858969146436,0,0,0,0
1000,541,0.0,1,0.5110392609520652,1,Logistic regression,2.5145127651043078,0.6451309960034138,2.5145127651043078,0.825,0.41612899505354206,1,1,1,1
1000,73231,12.27,0,-1.0732825144155045,0,Logistic regression,-1.5111795312976284,-1.1153237668392135,-1.5111795312976284,0.005,-1.0054610055725104,0,0,0,0
1000,63708,0.76,0,-0.04190018141149415,0,Logistic regression,-0.05100975021082399,-0.15268847774835315,-0.05100975021082399,0.645,0.042921937269885024,0,0,1,1
1000,166527,78.0,0,-1.2959890610664773,0,Logistic regression,-1.7314969455868345,-1.0727729800910586,-1.7314969455868345,0.02,-0.2001822934324593,0,0,0,0
1000,159229,18.2,0,0.577192908794595,1,Logistic regression,3.7638822627146045,1.1427837845001871,3.7638822627146045,0.78,0.4501951798974969,1,1,1,1
1000,119006,2.66,0,-0.9179241524135642,0,Logistic regression,-1.064340681923681,-0.8233568406112376,-1.064340681923681,0.23,-0.031409724738347355,0,0,0,0
1000,38021,247.83,0,-0.02365332520552088,0,Logistic regression,-0.5141897336896786,0.04773344569912308,-0.5141897336896786,0.125,0.3980223033074771,0,0,0,1
1000,4960,96.27,0,-0.9589845195349094,0,Logistic regression,-2.354200516090522,-1.02564173066499,-2.354200516090522,0.005,0.1455169083711157,0,0,0,1
1000,249239,1096.99,1,0.17321951960286536,0,Logistic regression,-0.519265383627393,0.49637523169825093,-0.519265383627393,0.105,0.4137691413426328,1,0,0,1
1000,121068,14.1,0,-0.9439369865974785,0,Logistic regression,-1.3316995166568257,-0.9182491390479849,-1.3316995166568257,0.14,-0.09625370109986053,0,0,0,0
1000,207130,0.89,0,-1.1863318890775087,0,Logistic regression,-2.2704236313912256,-1.1844912350583252,-2.2704236313912256,0.0,-0.9712542231759852,0,0,0,0
1000,273582,9.99,0,-1.2952358626103242,0,Logistic regression,-1.0102497636137373,-0.849785980996903,-1.0102497636137373,0.12,-0.8148577287369098,0,0,0,0
1000,219371,10.0,0,-0.7202873086375547,0,Logistic regression,-0.7525980588288026,-0.629469369930643,-0.7525980588288026,0.005,-0.49280995878245304,0,0,0,0
1000,208835,35.18,0,-0.42979656321803045,0,Logistic regression,-1.1911588322405784,-0.6207186096945102,-1.1911588322405784,0.08,-0.22646740086157857,0,0,0,0
1000,110416,9.98,0,-1.1077697060988447,0,Logistic regression,-1.1287491998361487,-1.000615624324014,-1.1287491998361487,0.045,-1.179078742481841,0,0,0,0
1000,118206,38.5,0,-0.9253952649650508,0,Logistic regression,-2.9361153662290564,-0.9549914548556014,-2.9361153662290564,0.04,-0.09485824208476568,0,0,0,0
1000,246558,29.76,0,-0.9745147696319085,0,Logistic regression,-1.6678163315840202,-0.9295384784442348,-1.6678163315840202,0.13,-0.03850824450861823,0,0,0,0
1000,106104,37.79,0,-0.944214310370117,0,Logistic regression,-1.0901811148657876,-0.8457846513047994,-1.0901811148657876,0.235,-0.686189573301445,0,0,0,0
1000,192529,1.0,1,0.3954319550927082,1,Logistic regression,5.4392966368246345,1.1704809097736388,5.4392966368246345,0.965,0.43553777626361145,1,1,1,1
1000,114847,12.02,0,-1.0226282517614709,0,Logistic regression,-1.0349372340618128,-0.9228110761298606,-1.0349372340618128,0.03,-0.03555466578965094,0,0,0,0
1000,29833,6.99,0,-1.4245650093881501,0,Logistic regression,-1.7571467911759233,-1.0933555188163937,-1.7571467911759233,0.02,-0.36906061108459143,0,0,0,0
1000,179151,17.02,0,-1.265258780699576,0,Logistic regression,-2.3714204077284142,-1.2273507129390357,-2.3714204077284142,0.0,-0.5051664050445386,0,0,0,0
1000,219461,4.98,0,-0.5787879603792814,0,Logistic regression,-1.848391534033238,-0.726013127572695,-1.848391534033238,0.035,-0.11440479548588756,0,0,0,0
1000,4501,75.84,0,-1.1673749048616895,0,Logistic regression,-1.9578272929564156,-1.157948195186746,-1.9578272929564156,0.045,0.22118141750871328,0,0,0,1
1000,235574,318.0,0,-0.7389673727590098,0,Logistic regression,-2.2670277820223115,-0.7669699787291954,-2.2670277820223115,0.15,-0.3501200271349092,0,0,0,0
1000,127133,1.0,0,-0.022573649290569875,0,Logistic regression,-0.4064103287287454,-0.4302957838207193,-0.4064103287287454,0.22,-0.4592686669828804,0,0,0,0
1000,218024,12.13,0,-0.9827730186032122,0,Logistic regression,-1.07326339829743,-0.7514778723057817,-1.07326339829743,0.11,0.052001213095331844,0,0,0,1
1000,130709,101.94,0,-1.0941654762618276,0,Logistic regression,-0.907343681933787,-0.7550724364220481,-0.907343681933787,0.055,0.26968355452289317,0,0,0,1
1000,33905,12.0,0,-1.1621260967967748,0,Logistic regression,-1.6945975084903906,-1.0057665226766828,-1.6945975084903906,0.0,-0.04466776973754982,0,0,0,0
1000,116651,1.98,0,-1.0011338809757344,0,Logistic regression,-1.834594315286801,-0.9278401446618288,-1.834594315286801,0.0,-0.2680026981481235,0,0,0,0
1000,190351,4.19,0,-0.4932944505589713,0,Logistic regression,-1.383628730744778,-0.6518670427269683,-1.383628730744778,0.1,0.09348211625445879,0,0,0,1
1000,222634,18.0,0,-0.8390489845925506,0,Logistic regression,-1.6896018381645985,-1.1323708479099688,-1.6896018381645985,0.015,0.04865222843228445,0,0,0,1
1000,11692,24.0,0,-1.5230828572548507,0,Logistic regression,-1.274447289977827,-0.9588741515877489,-1.274447289977827,0.0,-0.27358021794911747,0,0,0,0
1000,275357,21.68,0,-1.1729121991164606,0,Logistic regression,-2.1646948913075175,-1.205137489845526,-2.1646948913075175,0.01,-0.659143075790474,0,0,0,0
1000,41395,1.0,1,0.5553446677131388,1,Logistic regression,7.174512567496092,0.942904777458859,7.174512567496092,0.945,0.4128789073643788,1,1,1,1
1000,150669,188.52,1,0.538490842239619,1,Logistic regression,10.862197729957902,0.5517545825722314,10.862197729957902,0.745,0.4113627979270379,1,1,1,1
1000,152305,49.2,0,-1.2147031018267627,0,Logistic regression,-2.081449459752612,-1.1945924974601412,-2.081449459752612,0.015,-0.12843392413968036,0,0,0,0
1000,149357,38.76,1,0.5098973098194063,1,Logistic regression,0.3590332645580976,0.02400550117145528,0.3590332645580976,0.71,0.4062568139521028,0,0,1,1
1000,58464,24.99,0,-1.0478000537284156,0,Logistic regression,-1.1838419056066123,-0.922685972290684,-1.1838419056066123,0.05,-0.4007268004723922,0,0,0,0
1000,160638,2.49,0,-1.085462664447753,0,Logistic regression,-1.7791938474557583,-1.2107629643980458,-1.7791938474557583,0.015,-0.7166697969971602,0,0,0,0
1000,18466,0.68,1,0.683078656841522,1,Logistic regression,4.985678892808287,1.0961545607176786,4.985678892808287,0.97,0.5537994240324384,1,1,1,1
1000,87354,19.04,1,0.4347158348544831,1,Logistic regression,-0.7801745771575875,-0.1614257659166226,-0.7801745771575875,0.665,0.3835288252586834,0,0,1,1
1000,117159,0.89,0,-1.2101051698505227,0,Logistic regression,-1.3949538175889058,-0.9103938288659267,-1.3949538175889058,0.15,-0.22113927742260353,0,0,0,0
1000,222511,6.02,0,-0.38748068203809966,0,Logistic regression,-1.4134807804844656,-0.9157281009547479,-1.4134807804844656,0.14,0.25243960564687007,0,0,0,1
1000,177026,274.0,0,-1.0933715800674273,0,Logistic regression,-2.3011431071383326,-1.0338826460970925,-2.3011431071383326,0.0,-0.4181186675287325,0,0,0,0
1000,234369,14.34,0,-1.0360150154749597,0,Logistic regression,-1.9599558287091057,-1.1146026615748381,-1.9599558287091057,0.025,-0.0902163322224313,0,0,0,0
1000,22825,22.7,0,-1.0244578045478536,0,Logistic regression,-0.5995678224913694,-0.5885567301524669,-0.5995678224913694,0.05,-0.6574328500034509,0,0,0,0
1000,28156,234.0,0,-0.7547512166954367,0,Logistic regression,-1.262340033104515,-0.6956257533185349,-1.262340033104515,0.055,-0.5201396704397614,0,0,0,0
1000,46656,65.0,0,-0.16041283570703363,0,Logistic regression,-0.4178127282759876,-0.1785292905458974,-0.4178127282759876,0.035,-0.11422026664797869,0,0,0,0
1000,103272,12.95,0,-1.056025131898662,0,Logistic regression,-1.6593708312363034,-1.1604502944654786,-1.6593708312363034,0.01,-0.9026607899810292,0,0,0,0
1000,154371,2.28,1,0.47821786961124374,1,Logistic regression,11.328533952904547,0.533879159037283,11.328533952904547,0.51,0.4113627970853625,1,1,0,1
1000,163798,105.04,0,-1.4948683430671428,0,Logistic regression,-1.1853556142326287,-0.9334903403548028,-1.1853556142326287,0.01,-0.328245210793082,0,0,0,0
1000,49379,671.9,0,0.2972905055869878,1,Logistic regression,0.08302473570717273,0.37404580340299487,0.08302473570717273,0.08,0.40320666829819224,0,0,0,1
1000,120955,23.98,0,-1.313272782146344,0,Logistic regression,-1.8019188883805175,-1.202021435813411,-1.8019188883805175,0.025,-0.7111581602233116,0,0,0,0
1000,781,50.0,0,-1.2367154086845258,0,Logistic regression,-2.083539633620797,-1.0845094408611384,-2.083539633620797,0.015,-0.4821695245068248,0,0,0,0
1000,150980,6.16,0,-0.613860817081147,0,Logistic regression,-2.683582506381714,-0.82666361753456,-2.683582506381714,0.24,0.363410581767828,0,0,0,1
1000,269132,121.28,0,-1.047024403400606,0,Logistic regression,-1.2811227078395178,-0.8621688678667979,-1.2811227078395178,0.025,-0.34398785639883767,0,0,0,0
1000,205149,84.95,0,-0.9492503807481556,0,Logistic regression,-2.431971816886527,-1.0171622493277384,-2.431971816886527,0.0,-0.2135597496730497,0,0,0,0
1000,61691,269.95,0,-0.5715871145728002,0,Logistic regression,-1.7214915108793236,-0.6306844882873391,-1.7214915108793236,0.06,0.1918286058797844,0,0,0,1
1000,260505,1.98,0,-0.9737551608491375,0,Logistic regression,-1.385351387687681,-1.0162675944841593,-1.385351387687681,0.0,-0.7329940248367929,0,0,0,0
1000,247995,51.37,1,0.6544209836835175,1,Logistic regression,3.0041233281443906,0.9411110858530959,3.0041233281443906,0.875,0.4646143912792,1,1,1,1
1000,150473,15.99,0,-0.9524723697186859,0,Logistic regression,-2.217969241394035,-1.0271828254799589,-2.217969241394035,0.02,-0.24882881494868758,0,0,0,0
1000,283004,8.1,0,-1.03815422942429,0,Logistic regression,-0.9050436797606422,-0.7598200886963001,-0.9050436797606422,0.035,-0.6270156515137669,0,0,0,0
1000,242041,136.0,0,-1.2638616017629882,0,Logistic regression,-1.3027563652503182,-0.8006897023165679,-1.3027563652503182,0.025,-0.45514402495708206,0,0,0,0
1000,165176,34.04,0,-1.079347831399864,0,Logistic regression,-2.2270770463302254,-1.2557644302499456,-2.2270770463302254,0.0,-0.6313527505798159,0,0,0,0
1000,74794,311.91,1,0.3129331547442199,1,Logistic regression,0.5611154439094952,0.5732147238224455,0.5611154439094952,0.435,0.40968737551821033,1,0,0,1
1000,37297,127.35,0,-1.2263665385486229,0,Logistic regression,-2.0085958105741533,-1.2109560066196536,-2.0085958105741533,0.005,-0.3363613294040889,0,0,0,0
1000,72430,102.43,0,-1.131806749825034,0,Logistic regression,-2.1950542427513917,-1.1880022376644153,-2.1950542427513917,0.0,-0.2757820966407707,0,0,0,0
1000,192066,184.99,0,-0.9964615041450793,0,Logistic regression,-1.6694448196877776,-1.1293612294373672,-1.6694448196877776,0.025,-0.6769905997530431,0,0,0,0
1000,192179,1.0,0,-0.9486248505743706,0,Logistic regression,-0.35371206181902104,-0.4769573064395042,-0.35371206181902104,0.41,-0.34977823300971544,0,0,0,0
1000,151007,1.0,1,0.2967788257539915,1,Logistic regression,12.586514213784199,0.5338791448277169,12.586514213784199,0.56,0.4113627970853625,1,1,1,1
1000,244792,105.9,0,-0.9620248406901524,0,Logistic regression,-1.5650017638835374,-0.9300550726377405,-1.5650017638835374,0.025,0.20569187913355902,0,0,0,1
1000,115465,259.0,0,-1.2541047612480474,0,Logistic regression,-1.6842594527841683,-0.9189126545232665,-1.6842594527841683,0.005,-0.39964009590277094,0,0,0,0
1000,167924,25.65,0,-0.7737072216463299,0,Logistic regression,-2.8202002312129895,-0.9116211214403086,-2.8202002312129895,0.06,-0.008885252620247086,0,0,0,1
1000,216094,12.57,0,-0.9389500906550845,0,Logistic regression,-2.6239325058386385,-1.1208520958457848,-2.6239325058386385,0.01,-0.23840471155335796,0,0,0,0
1000,216885,1.18,0,-0.9186705422121066,0,Logistic regression,-1.3340232231305436,-0.8376777127790566,-1.3340232231305436,0.14,-0.23320343280317235,0,0,0,0
1000,19707,0.89,0,0.512220963589782,1,Logistic regression,1.1202885250949575,0.5760159848040444,1.1202885250949575,0.745,0.3146209257185478,1,1,1,1
1000,4914,47.98,0,-1.3084315801570827,0,Logistic regression,-1.9399029492566546,-1.153841296741168,-1.9399029492566546,0.025,-0.3027893546309205,0,0,0,0
1000,206177,1.0,0,-1.181909637671563,0,Logistic regression,-1.6605737929765363,-1.1149509786634653,-1.6605737929765363,0.055,-0.5088218573458541,0,0,0,0
1000,17366,99.99,1,0.6761010525634235,1,Logistic regression,10.798361541552046,0.5652679097946541,10.798361541552046,0.74,0.4113627970853625,1,1,1,1
1000,24871,250.0,0,-0.2716863719837293,0,Logistic regression,-0.6397677653727956,-0.4183465837399848,-0.6397677653727956,0.07,-0.5557657590991181,0,0,0,0
1000,57094,29.99,0,-0.6889718553018325,0,Logistic regression,-1.9395955243335141,-1.0475954518539763,-1.9395955243335141,0.065,0.3617228872638816,0,0,0,1
1000,248317,238.62,0,-0.6590512956557366,0,Logistic regression,-1.7971317176980532,-0.9329534138385628,-1.7971317176980532,0.03,-0.6728625253607808,0,0,0,0
1000,158544,3.39,0,-1.357731916403737,0,Logistic regression,-1.0444215728087969,-0.8659622900481011,-1.0444215728087969,0.045,-0.14878670553589313,0,0,0,0
1000,166375,1.79,0,-1.222668425786239,0,Logistic regression,-2.1073198856264153,-1.2473270677684467,-2.1073198856264153,0.005,-1.086958859222627,0,0,0,0
1000,227531,0.01,0,-1.2169761422825465,0,Logistic regression,-1.9984505311004903,-1.2180916428260882,-1.9984505311004903,0.0,-0.9882390712413968,0,0,0,0
1000,150678,30.31,1,0.6251516562969407,1,Logistic regression,10.18740226869296,0.5533372287313315,10.18740226869296,0.85,0.4113627970998706,1,1,1,1
1000,35382,235.0,0,-0.7900970442846182,0,Logistic regression,-3.074042727932633,-1.051080573307687,-3.074042727932633,0.025,0.15846511092972143,0,0,0,1
1000,257583,26.0,0,-0.9064627999495607,0,Logistic regression,-2.1374053181102424,-1.0864738279657709,-2.1374053181102424,0.035,-0.2894917691546145,0,0,0,0
1000,223578,8.9,1,0.7050780400492154,1,Logistic regression,2.037851376947506,0.8541991936554111,2.037851376947506,0.795,0.4175488792232629,1,1,1,1
1000,154919,6.78,0,-0.9706235064329494,0,Logistic regression,-2.3697310212255838,-1.0173666712713345,-2.3697310212255838,0.015,-0.15500152895328123,0,0,0,0
1000,102442,1.0,1,0.3605155805053408,1,Logistic regression,8.099650638478277,0.5338937562797083,8.099650638478277,0.86,0.4113627970853625,1,1,1,1
1000,234632,1.59,1,0.5318109949931518,1,Logistic regression,4.005916505828156,1.1157742992092268,4.005916505828156,0.85,0.43171301167433745,1,1,1,1
1000,62353,30.99,0,-1.3445522222118211,0,Logistic regression,-1.9850716020065802,-1.0899171512418824,-1.9850716020065802,0.04,-0.5272530283151627,0,0,0,0
1000,60872,14.05,0,-1.3691571365377038,0,Logistic regression,-2.0385892576241833,-1.202563664756532,-2.0385892576241833,0.0,-0.46999402682154723,0,0,0,0
1000,191544,80.9,1,0.807140237129857,1,Logistic regression,2.6985769479975525,0.6924735230535106,2.6985769479975525,0.835,0.4328511487868961,1,1,1,1
1000,18773,0.68,1,0.673500383880461,1,Logistic regression,7.295909712235242,0.9108633693486105,7.295909712235242,0.955,0.4153905767827056,1,1,1,1
1000,33889,200.0,0,-0.7765801166883328,0,Logistic regression,-2.461625812904466,-0.8927653804483596,-2.461625812904466,0.025,-0.096841697356153,0,0,0,0
1000,192763,8.99,0,-1.2285838314795836,0,Logistic regression,-2.128189561577806,-1.2456061154330529,-2.128189561577806,0.005,-1.197638489830637,0,0,0,0
1000,133636,15.0,0,-0.7550848635341079,0,Logistic regression,-2.431504229711842,-0.911621321607513,-2.431504229711842,0.09,-0.1950688892311795,0,0,0,0
1000,158799,21.38,0,-1.070532870385656,0,Logistic regression,-2.199572418884644,-1.0505640655057147,-2.199572418884644,0.085,0.04895019414720969,0,0,0,1
1000,3431,1.0,0,-1.046126064698586,0,Logistic regression,-1.0789906226551973,-0.8444495495653114,-1.0789906226551973,0.035,-0.3061222925752779,0,0,0,0
1000,101514,1.99,0,-1.033220240714004,0,Logistic regression,-1.0534543279074347,-0.9374292688905989,-1.0534543279074347,0.0,-1.1422738625976874,0,0,0,0
1000,69851,23.08,0,-0.9279686304033343,0,Logistic regression,-2.271384341668324,-1.0064417326071107,-2.271384341668324,0.075,-0.2847065509022012,0,0,0,0
1000,189878,1.0,1,0.3532625034178695,1,Logistic regression,1.7890327047170975,0.46929263236733676,1.7890327047170975,0.855,0.4139950440928457,1,1,1,1
1000,189622,60.47,0,-0.6759182890978228,0,Logistic regression,-1.5864839595275695,-0.8315508571055815,-1.5864839595275695,0.035,-0.15525153077450737,0,0,0,0
1000,12108,1.0,1,0.5598028809583611,1,Logistic regression,12.105935601782782,0.5377152421025413,12.105935601782782,0.745,0.4113627970901307,1,1,1,1
1000,41243,7.0,0,-1.209760525670055,0,Logistic regression,-2.1891727654212554,-1.2156478182682244,-2.1891727654212554,0.01,-0.4601785443870797,0,0,0,0
1000,278257,111.67,0,-0.9367122944653032,0,Logistic regression,-1.320307618115946,-0.8985094519489113,-1.320307618115946,0.065,-0.12904958423915047,0,0,0,0
1000,147181,12.99,0,-1.2849456114117805,0,Logistic regression,-1.7576353946696135,-1.1801817839497795,-1.7576353946696135,0.0,-0.917215530400931,0,0,0,0
1000,143188,2.0,1,0.5741051077574872,1,Logistic regression,0.7474385484778765,0.3683394174784942,0.7474385484778765,0.76,0.4534797356572463,0,1,1,1
1000,249637,12.0,0,-1.0528273913050354,0,Logistic regression,-2.6512783387318,-1.1494066974742623,-2.6512783387318,0.0,-0.20677416131169757,0,0,0,0
1000,18635,0.68,0,-0.6332970394819317,0,Logistic regression,-1.0243258040485532,-0.8814595426735737,-1.0243258040485532,0.035,0.1908945805490401,0,0,0,1
1000,192927,5.98,0,-0.7811445114381603,0,Logistic regression,-0.9298500855858348,-0.7621889360718436,-0.9298500855858348,0.37,-0.8510207122964902,0,0,0,0
1000,165175,77.71,0,-0.9490509415282664,0,Logistic regression,-1.357345156455699,-0.9604161446342868,-1.357345156455699,0.015,0.17925008270955717,0,0,0,1
1000,114784,63.82,0,-1.4069739901574092,0,Logistic regression,-1.3657823049624875,-1.0581020268791126,-1.3657823049624875,0.005,-0.9202058042937405,0,0,0,0
1000,130305,6.44,0,-0.7617229282219016,0,Logistic regression,-1.6041002775260493,-0.6520877732191662,-1.6041002775260493,0.09,0.3252846812043333,0,0,0,1
1000,280149,77.89,1,0.48805581518406327,1,Logistic regression,0.17447659330103704,-0.0014912869323303601,0.17447659330103704,0.68,0.3693824041272544,0,0,1,1
1000,107637,824.83,1,0.5091625644045091,1,Logistic regression,0.9630098786458416,0.7113928921528883,0.9630098786458416,0.88,0.41269498403798754,1,1,1,1
1000,269372,413.84,0,-0.9121021398210081,0,Logistic regression,-1.8290822572285876,-0.6903537872881594,-1.8290822572285876,0.035,-0.34722495219493255,0,0,0,0
1000,218760,1.98,0,-1.1333829742875305,0,Logistic regression,-2.039845234771321,-1.18868917277605,-2.039845234771321,0.01,-1.0480335596110613,0,0,0,0
1000,237508,23.63,0,-1.1086697775664252,0,Logistic regression,-2.0138576422487384,-1.0944862262269157,-2.0138576422487384,0.015,-0.6916892647289653,0,0,0,0
1000,229712,1.18,1,0.27252110490804726,1,Logistic regression,5.405082730727368,1.1272026413387932,5.405082730727368,0.95,0.4265997600575412,1,1,1,1
1000,14170,99.99,1,0.6884782563756604,1,Logistic regression,9.544505221228269,0.6207408753476636,9.544505221228269,0.76,0.4113631073181618,1,1,1,1
1000,53297,81.62,0,-1.1850580426739084,0,Logistic regression,-1.8087075974262405,-1.175942957715285,-1.8087075974262405,0.025,-0.6726751325465973,0,0,0,0
1000,157324,29.7,0,-0.6910703655751711,0,Logistic regression,-1.6914396934536169,-0.88709289774864,-1.6914396934536169,0.025,-0.03968627456825696,0,0,0,0
1000,175782,17.93,0,-1.166010424012102,0,Logistic regression,-2.19025161234464,-1.1940265202496394,-2.19025161234464,0.01,-1.0881817792624742,0,0,0,0
1000,218494,91.9,0,-0.9526761622162099,0,Logistic regression,-0.9558756250554529,-0.7185865734965543,-0.9558756250554529,0.06,-0.19763150574243815,0,0,0,0
1000,256412,169.43,0,-1.506308131991718,0,Logistic regression,-1.5448563265571105,-0.974341654028937,-1.5448563265571105,0.09,-0.5941464413184235,0,0,0,0
1000,109072,3.73,0,-0.6150488175431879,0,Logistic regression,-1.2200272328232433,-0.952864795631898,-1.2200272328232433,0.14,0.0060821889407509655,0,0,0,1
1000,92777,294.9,1,0.6627994613751599,1,Logistic regression,3.279636021306616,1.0232383522190378,3.279636021306616,0.825,0.4264353519739431,1,1,1,1
1000,56276,1.98,0,-1.3057353797384441,0,Logistic regression,-1.8368144710223535,-1.2053696845380335,-1.8368144710223535,0.07,-1.1907410131722393,0,0,0,0
1000,154693,1.0,1,0.761199472291952,1,Logistic regression,5.049756050062669,1.0045332553596211,5.049756050062669,0.935,0.5073816068158526,1,1,1,1
1000,176814,32.26,0,-0.8612874631714635,0,Logistic regression,-1.7412750544891504,-1.0905842892795015,-1.7412750544891504,0.105,0.0397186390203037,0,0,0,1
1000,88335,96.15,0,-1.055825308778412,0,Logistic regression,-0.9188891024943194,-0.5562391843279121,-0.9188891024943194,0.095,0.22712916520971438,0,0,0,1
1000,193380,206.0,0,-0.3423237117293843,0,Logistic regression,-2.4683337445849975,-0.5249741912852758,-2.4683337445849975,0.155,0.3743261376441674,0,0,0,1
1000,120333,11.35,0,-1.4290578224670236,0,Logistic regression,-1.2934836374611938,-0.9611925834920022,-1.2934836374611938,0.16,-0.25136036910852744,0,0,0,0
1000,42696,88.23,1,0.5866816056981142,1,Logistic regression,8.113003772096839,0.558076994720298,8.113003772096839,0.75,0.4113628153926533,1,1,1,1
1000,180431,20.0,0,-1.0029121114267863,0,Logistic regression,-2.4488937396793986,-1.0323890759376981,-2.4488937396793986,0.03,0.03410722503433933,0,0,0,1
1000,143334,0.0,1,0.8334854086796066,1,Logistic regression,6.48890708749899,0.95881472135812,6.48890708749899,0.935,0.4476060326687613,1,1,1,1
1000,149626,2.0,0,-1.397229969404914,0,Logistic regression,-1.6124254360979138,-1.097297911445199,-1.6124254360979138,0.02,0.04082786095730773,0,0,0,1
1000,157918,635.1,1,-0.03746915153722097,0,Logistic regression,-1.6306972883140463,-0.2744025085109465,-1.6306972883140463,0.485,0.3868182540912283,0,0,0,1
1000,15166,99.99,1,0.7520559900219623,1,Logistic regression,9.80119541255771,0.6166687377821718,9.80119541255771,0.775,0.41136281226990307,1,1,1,1
1000,39183,776.83,1,0.03317982619809362,0,Logistic regression,-0.80689888853792,0.09311435169494947,-0.80689888853792,0.435,0.4052313994670306,0,0,0,1
1000,51715,23.68,0,-1.0390212982276044,0,Logistic regression,-1.5584806019771915,-1.1566819210368413,-1.5584806019771915,0.0,-0.7125603561950827,0,0,0,0
1000,241808,22.4,0,-0.7493409900566264,0,Logistic regression,-2.6033726359883946,-1.0247837427484283,-2.6033726359883946,0.015,0.006202941735348855,0,0,0,1
1000,258118,45.0,0,-0.4782828326000616,0,Logistic regression,-0.7657137548243778,-0.4431150336131172,-0.7657137548243778,0.235,0.22865354842469313,0,0,0,1
1000,108012,28.0,0,-1.1582878909946126,0,Logistic regression,-1.6280193340912419,-1.1834301023263478,-1.6280193340912419,0.0,-0.44558664101659484,0,0,0,0
1000,40085,1.0,1,0.8952255908850371,1,Logistic regression,1.8681968349377047,1.052258797898305,1.8681968349377047,0.91,0.8442982367459645,1,1,1,1
1000,177384,22.39,0,-1.0467832926828997,0,Logistic regression,-2.0835438753009257,-1.0310911874305417,-2.0835438753009257,0.02,0.23732035790251152,0,0,0,1
1000,44644,16.85,0,-1.043456961416438,0,Logistic regression,-1.7074551525758437,-1.207540737125929,-1.7074551525758437,0.0,-0.35671802002658326,0,0,0,0
1000,107325,158.0,0,-0.9898813380160723,0,Logistic regression,-2.6399856743306938,-1.1076256905071156,-2.6399856743306938,0.015,0.35784619561075226,0,0,0,1
1000,78481,201.57,0,-0.602629521200795,0,Logistic regression,-1.5796960019022945,-0.8578136039009744,-1.5796960019022945,0.105,-0.06483640047757006,0,0,0,0
1000,229684,0.62,0,-0.9934260617141406,0,Logistic regression,-1.5137654203220876,-1.0369000250045906,-1.5137654203220876,0.29,0.12754147510547265,0,0,0,1
1000,141259,512.25,1,0.6219278384749749,1,Logistic regression,6.817045692883537,0.8614712491707768,6.817045692883537,0.9,0.4133377781476238,1,1,1,1
1000,55401,1.0,1,-0.2209414883424708,0,Logistic regression,-0.12061115067580275,-0.2843789338633499,-0.12061115067580275,0.31,-0.47086070725154705,0,0,0,0
1000,114132,16.81,0,-1.2194757460797168,0,Logistic regression,-1.4291313035840585,-0.9289560539750829,-1.4291313035840585,0.12,-0.6218211953400631,0,0,0,0
1000,19716,1.79,0,-1.2819884493044784,0,Logistic regression,-1.6213752454318633,-1.1642360796210518,-1.6213752454318633,0.0,-1.1518018185836811,0,0,0,0
1000,141258,0.0,1,0.6601084364261851,1,Logistic regression,6.436949425485226,0.9252633108127759,6.436949425485226,0.94,0.41838915970067664,1,1,1,1
1000,23308,0.0,1,0.7884653545025329,1,Logistic regression,2.060403954897575,0.546804211228878,2.060403954897575,0.865,0.4968934361261762,1,1,1,1
1000,11841,1.0,1,0.5078750013324834,1,Logistic regression,11.960602045008118,0.5385794781153632,11.960602045008118,0.725,0.4113627971838263,1,1,1,1
1000,126063,1.98,0,-1.1804077094269931,0,Logistic regression,-1.228183372167028,-0.9951119930673785,-1.228183372167028,0.005,-0.682621247290825,0,0,0,0
1000,11146,11.85,0,-1.5331790300191643,0,Logistic regression,-1.6835860040012336,-1.0493448225612712,-1.6835860040012336,0.0,0.07153170969603562,0,0,0,1
1000,73015,41.5,0,-1.4085746440381814,0,Logistic regression,-2.015098452075775,-1.1359277194585378,-2.015098452075775,0.0,-0.5767330176276445,0,0,0,0
1000,161334,82.94,0,-1.0545563628275125,0,Logistic regression,-2.4064047337990813,-1.0878758164978715,-2.4064047337990813,0.0,-0.559909603604841,0,0,0,0
1000,227522,450.0,0,-0.49004864062013725,0,Logistic regression,-2.8544643998360453,-0.7491560885230181,-2.8544643998360453,0.015,0.17852338684939079,0,0,0,1
1000,17317,99.99,1,0.6869910591120243,1,Logistic regression,10.73513258174257,0.5680770425894466,10.73513258174257,0.74,0.4113627970853625,1,1,1,1
1000,69381,12.99,0,-1.052979265278622,0,Logistic regression,-1.2693493841559618,-0.9189060637926406,-1.2693493841559618,0.005,-0.8427836589899268,0,0,0,0
1000,93486,0.0,1,0.9101187766985013,1,Logistic regression,1.285076712476853,0.7645703923793286,1.285076712476853,0.7,0.2505832566721093,1,1,1,1
1000,70798,22.63,0,-1.0785529719757114,0,Logistic regression,-1.969043015606105,-1.2535304725857181,-1.969043015606105,0.005,-0.622531657784544,0,0,0,0
1000,82543,60.67,0,-1.0288935454802812,0,Logistic regression,-2.3620306538271576,-1.1853366833692602,-2.3620306538271576,0.075,0.3082241296831415,0,0,0,1
1000,42218,11.5,0,-1.1299126198708982,0,Logistic regression,-1.9037024555247268,-1.2394032309541396,-1.9037024555247268,0.045,-1.051094968246003,0,0,0,0
1000,212164,25.0,0,-1.2017599538762382,0,Logistic regression,-1.7974204270879364,-1.154117479113677,-1.7974204270879364,0.02,-0.4734888848501684,0,0,0,0
1000,194385,3.8,0,-1.19269993724488,0,Logistic regression,-2.1520349841591853,-1.2623813287058905,-2.1520349841591853,0.0,-0.4398367154589191,0,0,0,0
1000,178934,166.67,0,-1.1755257345937398,0,Logistic regression,-0.8814854823043774,-0.6669526094180863,-0.8814854823043774,0.085,-0.33139019478392495,0,0,0,0
1000,261473,4.9,1,0.7090910689181982,1,Logistic regression,1.879639963119229,0.678625640769694,1.879639963119229,0.94,0.5627736876980326,1,1,1,1
1000,189014,4.99,0,-1.2829625724750193,0,Logistic regression,-2.2944418537940257,-1.2260967798636533,-2.2944418537940257,0.0,-0.7273095834673317,0,0,0,0
1000,260593,0.99,0,-1.2128276412662742,0,Logistic regression,-1.3897197976551021,-0.9965232447440459,-1.3897197976551021,0.185,0.15812119248276169,0,0,0,1
1000,163149,17.06,1,0.5544034064952257,1,Logistic regression,0.5488912289148831,0.8158516341976958,0.5488912289148831,0.795,0.4996245055438785,1,0,1,1
1000,65442,59.74,0,-0.9207299180334034,0,Logistic regression,-1.2559368257187915,-1.013025668444226,-1.2559368257187915,0.0,-0.8304465477549098,0,0,0,0
1000,95664,141.0,0,-0.9907042559592554,0,Logistic regression,-1.2917786230745592,-0.9401790533110234,-1.2917786230745592,0.13,-0.45186917341110455,0,0,0,0
1000,109081,29.0,0,-1.1149060601644596,0,Logistic regression,-1.3192381599898502,-1.0274681481587788,-1.3192381599898502,0.135,-0.4479402785576778,0,0,0,0
1000,237093,544.0,0,-0.572338037399271,0,Logistic regression,-1.9742737249677882,-0.5037738273176754,-1.9742737249677882,0.105,0.10932629474797606,0,0,0,1
1000,251919,26.08,0,-1.156074255729712,0,Logistic regression,-2.011187874246203,-1.2254330301116219,-2.011187874246203,0.0,-0.9839695335801767,0,0,0,0
1000,39034,5.76,0,-0.7657846037265466,0,Logistic regression,-1.9625868569127736,-1.174498851979537,-1.9625868569127736,0.01,-0.7021546215159734,0,0,0,0
1000,110979,4.0,0,-1.178394201748245,0,Logistic regression,-1.9001864759400529,-1.2406955015283962,-1.9001864759400529,0.01,-0.9898546506734832,0,0,0,0
1000,172460,64.17,0,-0.7989984090072557,0,Logistic regression,-2.400191001748446,-0.9197930486075191,-2.400191001748446,0.015,-0.0072870100491636,0,0,0,1
1000,234574,0.0,1,0.40317812754027277,1,Logistic regression,7.334785670658737,0.9157280861424042,7.334785670658737,0.95,0.4136246981902102,1,1,1,1
1000,185318,74.42,0,-0.9785635753007791,0,Logistic regression,-1.4230776100834897,-1.029425305729069,-1.4230776100834897,0.02,-0.03283792602649527,0,0,0,0
1000,153823,2.28,1,0.3268966255495718,1,Logistic regression,10.568538757754816,0.5338791648104529,10.568538757754816,0.63,0.4113627970853625,1,1,1,1
1000,282586,1.98,0,-0.9401146435957186,0,Logistic regression,-1.2051576429093331,-0.9328230194467938,-1.2051576429093331,0.025,-0.7456058760073742,0,0,0,0
1000,83297,319.2,1,0.33581282407177493,1,Logistic regression,1.3924641543756662,0.5238898322004011,1.3924641543756662,0.735,0.41135892217103176,1,1,1,1
1000,92507,286.87,0,-0.6439304116404732,0,Logistic regression,-0.6493805318451997,-0.4295361138452325,-0.6493805318451997,0.09,-0.2906253290435522,0,0,0,0
1000,211415,3.28,0,-1.0706245096891924,0,Logistic regression,-1.7585795766134074,-1.134925739276635,-1.7585795766134074,0.105,-0.6972776862144919,0,0,0,0
1000,83417,5.91,1,0.7292834860085033,1,Logistic regression,2.015053312068501,1.0396947914170482,2.015053312068501,0.84,0.42891394380021186,1,1,1,1
1000,25785,17.85,0,-0.9072338080999667,0,Logistic regression,-1.3522195933409744,-0.9696380603819575,-1.3522195933409744,0.075,-0.4755309475325977,0,0,0,0
1000,176060,201.23,0,-0.42777713540017887,0,Logistic regression,-0.7001419426775746,-0.3773989366563627,-0.7001419426775746,0.42,0.06259405068395446,0,0,0,1
1000,155811,6.95,0,-0.8120799076040495,0,Logistic regression,-1.9669722697311318,-0.8713890380304546,-1.9669722697311318,0.025,0.07350324337155528,0,0,0,1
1000,39057,7.26,0,-0.9887199184176343,0,Logistic regression,-1.8858016279282328,-1.16796971286178,-1.8858016279282328,0.045,-0.39970545464964324,0,0,0,0
1000,146790,829.41,1,-0.19985619092455403,0,Logistic regression,-1.6068948687718883,-0.14767069723911708,-1.6068948687718883,0.08,0.40623098245957096,0,0,0,1
1000,76929,1.0,1,0.4359093996956379,1,Logistic regression,4.25763038602021,1.071175424064215,4.25763038602021,0.89,0.5348347659737583,1,1,1,1
1000,144662,9.99,0,-1.204000453887669,0,Logistic regression,-1.2473210701036632,-0.9907867978948589,-1.2473210701036632,0.0,-0.6131350068806344,0,0,0,0
1000,260587,20.0,0,-1.067840893283696,0,Logistic regression,-1.6598336282513737,-1.158235275817745,-1.6598336282513737,0.005,-0.7144008386371984,0,0,0,0
1000,104891,425.0,0,0.07667281776882534,0,Logistic regression,-1.4359065237656192,-0.27356701200443767,-1.4359065237656192,0.05,0.118395760331097,0,0,0,1
1000,217206,231.71,0,-1.3962507357595233,0,Logistic regression,-1.4999844255022377,-0.9517738671833368,-1.4999844255022377,0.025,-0.427971719501937,0,0,0,0
1000,156964,47.19,0,-1.144976258597821,0,Logistic regression,-2.284433641865091,-1.129352159784526,-2.284433641865091,0.02,-0.00016787445617211239,0,0,0,1
1000,46998,204.27,1,0.5694747726545706,1,Logistic regression,-0.5505058123990647,0.32834004704908193,-0.5505058123990647,0.73,0.4427587957623439,0,0,1,1
1000,78700,7.3,0,-0.949926193953956,0,Logistic regression,-0.5334558521912229,-0.5334920339375636,-0.5334558521912229,0.505,-0.5631949072288271,0,0,0,0
1000,116924,28.75,0,-1.04662860348988,0,Logistic regression,-1.674276524097987,-1.1723798414793793,-1.674276524097987,0.04,-0.8629757014609584,0,0,0,0
1000,87606,1.0,0,-1.2333781301691567,0,Logistic regression,-1.3210652549444732,-1.002711026435759,-1.3210652549444732,0.165,-0.6281010355361173,0,0,0,0
1000,151683,8.99,0,-0.9136404467589028,0,Logistic regression,-2.0587369416461248,-1.03472733885227,-2.0587369416461248,0.025,-0.333796825371515,0,0,0,0
1000,145783,87.19,0,-1.2260381965127538,0,Logistic regression,-0.7998781773774426,-0.6628084143278742,-0.7998781773774426,0.275,-0.5311639100909945,0,0,0,0
1000,100967,138.87,0,-1.394659859012862,0,Logistic regression,-1.6606082640894897,-0.9432503022487387,-1.6606082640894897,0.015,-0.23672782310362384,0,0,0,0
1000,11391,11.85,0,-1.2909116297415004,0,Logistic regression,-1.9196781819598756,-1.1032009092891588,-1.9196781819598756,0.005,0.02266771701061787,0,0,0,1
1000,43479,40.78,0,-1.2438636715759266,0,Logistic regression,-2.1281938304385895,-1.1995928893952121,-2.1281938304385895,0.025,-0.5410097086552417,0,0,0,0
1000,111896,0.76,0,-0.7430669043034026,0,Logistic regression,-0.8802508799527667,-0.8276920366627655,-0.8802508799527667,0.035,-0.5661400001157375,0,0,0,0
1000,77099,5.0,1,0.7344280548778777,1,Logistic regression,3.3483612938473115,0.932498140770429,3.3483612938473115,0.805,0.5154313582088688,1,1,1,1
1000,189764,23.0,0,-1.0080339586460612,0,Logistic regression,-2.228079331576268,-1.136685389234359,-2.228079331576268,0.005,-0.4014752570880382,0,0,0,0
1000,106008,1.0,0,-0.21955166036939616,0,Logistic regression,-0.06675398515595954,-0.15806485989838437,-0.06675398515595954,0.5,-0.3866721598463876,0,0,0,0
1000,80599,4.49,0,-1.219492187731195,0,Logistic regression,-1.6424789677112321,-1.1727356839283711,-1.6424789677112321,0.0,-1.2163212112770876,0,0,0,0
1000,201453,11.25,0,-1.1434758692224443,0,Logistic regression,-1.4448364515731968,-0.9298363994065894,-1.4448364515731968,0.065,-0.31697898894387644,0,0,0,0
1000,170270,13.01,0,0.8248897858382763,1,Logistic regression,0.9579490152080943,0.5574121081208878,0.9579490152080943,0.795,0.29275865336503704,1,1,1,1
1000,273839,10.0,0,-1.2080965142279045,0,Logistic regression,-2.3795816251833033,-1.2068448853424272,-2.3795816251833033,0.0,-0.37421994706711004,0,0,0,0
1000,156990,186.13,1,0.6534739353106285,1,Logistic regression,4.291627843895072,1.1329434220946426,4.291627843895072,0.915,0.4822892732873417,1,1,1,1
1000,182785,90.0,0,-0.7858217638000091,0,Logistic regression,-1.2024375900249082,-0.9865067086330318,-1.2024375900249082,0.09,0.24423755235035502,0,0,0,1
1000,113095,4.95,0,-0.15668409668977673,0,Logistic regression,-0.44160762306944834,-0.08411522052589393,-0.44160762306944834,0.26,0.32625794919153844,0,0,0,1
1000,92889,10.99,0,-0.8590295369667313,0,Logistic regression,-0.8933717547855058,-0.7611855599678025,-0.8933717547855058,0.025,-0.6307368955153555,0,0,0,0
1000,226877,0.0,1,0.5569326213878334,1,Logistic regression,4.914840598050594,0.9009600344598183,4.914840598050594,0.815,0.4121646804397882,1,1,1,1
1000,58189,12.31,0,-0.6720449633157648,0,Logistic regression,-2.5400277806905702,-0.955430675939081,-2.5400277806905702,0.04,-0.20477464532928613,0,0,0,0
1000,188897,17.7,0,-1.1633517052857518,0,Logistic regression,-2.236358813439349,-1.182195710225069,-2.236358813439349,0.0,-0.5207755921846909,0,0,0,0
1000,58422,208.58,1,-0.8031354330827543,0,Logistic regression,-1.5272388808326323,-0.6737281190753809,-1.5272388808326323,0.14,0.10011787227698982,0,0,0,1
1000,189334,21.53,0,-0.8127697391259092,0,Logistic regression,-1.7732723285381422,-0.8283363912059546,-1.7732723285381422,0.15,-0.0650043013673649,0,0,0,0
1000,15539,99.99,1,0.6534235251370408,1,Logistic regression,10.241528579194155,0.5930898136049845,10.241528579194155,0.775,0.4113627970864339,1,1,1,1
1000,196303,10.0,0,-0.7664239032531255,0,Logistic regression,-1.6772345406054345,-0.9979537908574952,-1.6772345406054345,0.08,-0.08949865457975514,0,0,0,0
1000,18821,1.98,0,-1.1379435711052546,0,Logistic regression,-1.3756710664718386,-1.0786635143537597,-1.3756710664718386,0.0,-0.9767590095503261,0,0,0,0
1000,175141,0.92,0,-1.1077733834984715,0,Logistic regression,-1.565290926576683,-1.0536787891824568,-1.565290926576683,0.0,-0.1907346329492573,0,0,0,0
1000,37464,52.5,0,-0.5198607010654221,0,Logistic regression,-1.17444353953686,-0.6990476537167211,-1.17444353953686,0.09,-0.08679040025824286,0,0,0,0
1000,229809,49.95,0,-1.2240119825965472,0,Logistic regression,-2.2431479714997344,-1.2843995867265452,-2.2431479714997344,0.005,-1.0125527020972167,0,0,0,0
1000,106786,156.0,0,-1.5220671817764815,0,Logistic regression,-1.6681190286130612,-1.0247371167487507,-1.6681190286130612,0.0,-0.5051510243884237,0,0,0,0
1000,17453,99.99,1,0.6415598125568587,1,Logistic regression,10.924781920018331,0.5600676249188506,10.924781920018331,0.69,0.4113627970853625,1,1,1,1
1000,107466,358.0,0,-1.2225317678176741,0,Logistic regression,-1.405389310716173,-0.8126033594445444,-1.405389310716173,0.1,-0.04917461525379252,0,0,0,0
1000,70521,1.19,0,-0.7961109148258834,0,Logistic regression,-0.3595277264007857,-0.34487433799546174,-0.3595277264007857,0.28,-0.35076635301787307,0,0,0,0
1000,100107,2.0,0,-1.3770531889922502,0,Logistic regression,-2.468562416074753,-1.2824534987368765,-2.468562416074753,0.015,-0.1202164351150975,0,0,0,0
1000,8296,1.0,1,0.6002878443229087,1,Logistic regression,12.694748053302455,0.5566585802125783,12.694748053302455,0.835,0.41136285614510043,1,1,1,1
1000,22527,3.91,0,-1.180171849843828,0,Logistic regression,-1.9252096875027243,-1.2489653778156162,-1.9252096875027243,0.005,-0.5379234840452403,0,0,0,0
1000,172553,1643.0,0,-0.10307598131844503,0,Logistic regression,-1.290271062287681,0.4936668009493914,-1.290271062287681,0.11,0.4112561933001907,1,0,0,1
1000,143158,7.56,0,-1.0073426641957017,0,Logistic regression,-1.2375793023707038,-1.0093435627407108,-1.2375793023707038,0.005,-0.724442781918701,0,0,0,0
1000,231288,0.99,0,-0.8760790116821371,0,Logistic regression,-1.3083852314558706,-0.9565400301020107,-1.3083852314558706,0.055,-0.7933199300156216,0,0,0,0
1000,228487,82.25,0,-1.0249875076567188,0,Logistic regression,-2.21369084562071,-1.051411419066277,-2.21369084562071,0.02,-0.41599215402105993,0,0,0,0
1000,249337,12.99,0,-1.0759615630696966,0,Logistic regression,-1.921651829011169,-1.1679456254925404,-1.921651829011169,0.015,-1.0531616737626215,0,0,0,0
1000,155522,407.98,0,-0.48470345411705534,0,Logistic regression,-1.34752909220643,-0.5802432506127192,-1.34752909220643,0.135,0.3871291692925225,0,0,0,1
1000,167596,123.99,0,-0.7026208033454604,0,Logistic regression,-2.2529144732357973,-0.962900715266419,-2.2529144732357973,0.065,-0.26422317641729853,0,0,0,0
1000,24733,16.0,0,-1.0071417122082562,0,Logistic regression,-1.6360162079977727,-1.1704398254605084,-1.6360162079977727,0.03,-0.6976239312723992,0,0,0,0
1000,17310,2.99,0,0.7969345771012523,1,Logistic regression,0.7074959063211397,0.3730633559480311,0.7074959063211397,0.54,0.3539549859875461,0,0,1,1
1000,43477,25.79,0,-0.967886112129466,0,Logistic regression,-1.6578562865974384,-1.0954782678298867,-1.6578562865974384,0.005,-0.4253243481147835,0,0,0,0
1000,191682,14.99,0,-1.2761177599722882,0,Logistic regression,-2.306363719240519,-1.241574920627825,-2.306363719240519,0.0,-0.91360610630802,0,0,0,0
1000,249082,17.61,0,-0.6170084313856166,0,Logistic regression,-1.0485637633890517,-0.587638297342829,-1.0485637633890517,0.115,-0.040969704729649004,0,0,0,0
1000,281144,245.0,1,0.6111714548542555,1,Logistic regression,2.9652327476958265,0.9416027292180669,2.9652327476958265,0.895,0.471313906686991,1,1,1,1
1000,1939,5.0,0,-1.0401348406046775,0,Logistic regression,-1.5777555436564328,-1.1042681649205126,-1.5777555436564328,0.025,-0.8542829651077543,0,0,0,0
1000,218446,1.98,0,-1.0316884802283683,0,Logistic regression,-1.6994834778000736,-1.1326534825229886,-1.6994834778000736,0.0,-0.40219058893136117,0,0,0,0
1000,147531,20.0,0,-1.2062347700153826,0,Logistic regression,-1.0578654338270874,-0.715384163867223,-1.0578654338270874,0.16,0.1633669702213656,0,0,0,1
1000,72113,27.8,0,-1.1168690781725734,0,Logistic regression,-1.7801048437831617,-1.0707867340257442,-1.7801048437831617,0.065,0.03402384514633355,0,0,0,1
1000,226458,47.0,0,-0.7196240321592293,0,Logistic regression,-1.2086017075741786,-0.824498939303462,-1.2086017075741786,0.485,0.0698138603860608,0,0,0,1
1000,120144,0.89,0,-0.8241400118690703,0,Logistic regression,-2.280477294636124,-1.1050528694460526,-2.280477294636124,0.095,0.4108117490473785,0,0,0,1
1000,147871,39.99,0,-0.7702738574413306,0,Logistic regression,-1.7104622582662337,-0.8847977667033801,-1.7104622582662337,0.045,-0.5631637288947016,0,0,0,0
1000,40559,28.14,0,-1.0407527014973859,0,Logistic regression,-0.9722585408662356,-0.8507115855580308,-0.9722585408662356,0.105,-0.6240638757408924,0,0,0,0
1000,14992,8.99,0,-1.020928601090151,0,Logistic regression,-1.3416409339859436,-1.0259646516692444,-1.3416409339859436,0.0,-1.0458523360118739,0,0,0,0
1000,151164,591.82,0,-0.31979936804515213,0,Logistic regression,-2.785112994271606,-0.11012879367101625,-2.785112994271606,0.1,0.4047080269387692,0,0,0,1
1000,30100,60.6,1,0.774105040850358,1,Logistic regression,3.2880040038201583,1.0537425867473926,3.2880040038201583,0.865,0.4454245744078443,1,1,1,1
1000,72321,9.95,0,-0.9744244837532623,0,Logistic regression,-1.455311465063986,-1.1241927612040925,-1.455311465063986,0.0,-0.825681391812619,0,0,0,0
1000,24298,91.0,0,-1.1515476706563121,0,Logistic regression,-1.4230508407910585,-1.0428944290507958,-1.4230508407910585,0.03,-0.13023703487799188,0,0,0,0
1000,150921,141.0,0,-0.730637837178784,0,Logistic regression,-2.3026716552293856,-0.909828456711118,-2.3026716552293856,0.08,-0.14071181833595026,0,0,0,0
1000,15225,99.99,1,0.7530008308540268,1,Logistic regression,9.988103823130704,0.6076814623660121,9.988103823130704,0.805,0.41136279782914864,1,1,1,1
1000,3165,6.24,0,-1.0640602748841688,0,Logistic regression,-1.1433812257783087,-0.9786396941715373,-1.1433812257783087,0.01,-0.960437220875359,0,0,0,0
1000,154234,1.0,1,0.19200769447588076,0,Logistic regression,8.66647550983417,0.5338791510736063,8.66647550983417,0.555,0.4113627970853625,1,1,1,1
1000,246942,6.99,0,-1.2311189698375424,0,Logistic regression,-2.378175280030579,-1.217806734041626,-2.378175280030579,0.0,-0.8231273042701285,0,0,0,0
1000,166252,17.0,0,-1.2284394944102837,0,Logistic regression,-2.725933926586503,-1.21910488118225,-2.725933926586503,0.0,-0.5684657846304126,0,0,0,0
1000,6336,1.0,1,0.5839145655138935,1,Logistic regression,7.057801209997071,0.9198433292909217,7.057801209997071,0.955,0.41409326470668195,1,1,1,1
1000,175556,6.98,0,-1.2540782893505125,0,Logistic regression,-1.280682383318092,-1.0056772364600803,-1.280682383318092,0.005,-0.7878722562818122,0,0,0,0
1000,29954,17.74,0,-1.025421016461129,0,Logistic regression,-1.6729903026954371,-1.180395798273722,-1.6729903026954371,0.0,-1.052359496439235,0,0,0,0
1000,201098,0.0,1,0.39581111513851575,1,Logistic regression,5.950954115872688,1.1262668384871384,5.950954115872688,0.95,0.4239224928753982,1,1,1,1
1000,224995,13.99,0,-0.99135580447603,0,Logistic regression,-1.8609576499951066,-1.134289847335629,-1.8609576499951066,0.005,-0.9074717986681599,0,0,0,0
1000,177818,9.0,0,-0.9790152200137638,0,Logistic regression,-1.3453350604863639,-0.9949300864457568,-1.3453350604863639,0.02,-0.4748994492471501,0,0,0,0
1000,54267,485.55,0,-0.5106858974978619,0,Logistic regression,-1.9824349370715564,-0.5039006884434517,-1.9824349370715564,0.25,0.322910393288264,0,0,0,1
1000,12259,298.47,0,-0.8109293940323945,0,Logistic regression,-1.9743120555357936,-0.6389252873167027,-1.9743120555357936,0.025,0.2292980343409568,0,0,0,1
1000,42590,5.3,1,0.5738678177267529,1,Logistic regression,8.267722119397332,0.5578924355566688,8.267722119397332,0.89,0.41136281788407586,1,1,1,1
1000,276986,0.76,0,-0.5200270815377688,0,Logistic regression,-0.4250711790231769,-0.5514250562506294,-0.4250711790231769,0.265,-0.015778548004500348,0,0,0,1
1000,182392,1218.4,0,0.4751141042906757,1,Logistic regression,-1.438286852611211,0.4708506726325362,-1.438286852611211,0.13,0.40988992182236506,1,0,0,1
1000,99466,40.06,0,-0.9867546570672181,0,Logistic regression,-1.6696632007249983,-1.1504115814607339,-1.6696632007249983,0.025,-0.5572079662284883,0,0,0,0
1000,147881,22.07,0,-0.8001421019369281,0,Logistic regression,-1.006810822980302,-0.7197630697000846,-1.006810822980302,0.07,-0.5408606313604575,0,0,0,0
1000,133622,0.76,0,-0.7380349124240722,0,Logistic regression,-0.9205029208918398,-0.6173628598509028,-0.9205029208918398,0.155,-0.14603873077556462,0,0,0,0
1000,130381,638.6,0,0.09654708255497163,0,Logistic regression,-1.9521631619213051,-0.2831108662927099,-1.9521631619213051,0.265,0.3647222730119931,0,0,0,1
1000,151702,4.9,0,-1.1952807716954081,0,Logistic regression,-1.8937236914245728,-1.1714695397599106,-1.8937236914245728,0.04,-0.2715295762136414,0,0,0,0
1000,75511,170.92,1,0.6597605385546019,1,Logistic regression,0.7191103108817243,0.4671578433422251,0.7191103108817243,0.71,0.5238492448683543,1,1,1,1
1000,95675,36.59,0,-1.1465875027848003,0,Logistic regression,-1.776578240645273,-1.103862470963663,-1.776578240645273,0.025,-0.058814703620581,0,0,0,0
1000,274545,1.79,0,-0.9944291381940054,0,Logistic regression,-1.4589620248045243,-1.0411686034621535,-1.4589620248045243,0.065,-0.4064389540988389,0,0,0,0
1000,158343,1.0,0,-1.1930034558128038,0,Logistic regression,-1.2233112369271617,-0.9457278112893678,-1.2233112369271617,0.035,-0.21135532957324565,0,0,0,0
1000,166088,35.5,0,-1.1453138361704827,0,Logistic regression,-2.038782469081826,-1.1604785976108078,-2.038782469081826,0.0,-0.4534270439293553,0,0,0,0
1000,166021,9.99,0,-0.9650270410143156,0,Logistic regression,-1.765317500240291,-1.0916807864693534,-1.765317500240291,0.02,-0.8019821510294504,0,0,0,0
1000,36258,14.0,0,-0.9838201231308903,0,Logistic regression,-1.4020822041671064,-1.0442718386553702,-1.4020822041671064,0.035,-0.3538200085793398,0,0,0,0
1000,145968,6.92,0,-0.9644646448252199,0,Logistic regression,-1.5107181640990999,-1.1342224937975733,-1.5107181640990999,0.0,-0.565220440340111,0,0,0,0
1000,214019,570.0,0,-0.04402272327533624,0,Logistic regression,-1.0722710892693583,0.07166226905334333,-1.0722710892693583,0.045,0.37591095496601196,0,0,0,1
1000,225879,36.0,0,-1.2542301736052885,0,Logistic regression,-2.497265458264164,-1.2141245240431413,-2.497265458264164,0.0,-0.7715756038548959,0,0,0,0
1000,78331,18.4,0,-0.8574413363395283,0,Logistic regression,-1.5697687535869518,-0.8872026376945276,-1.5697687535869518,0.08,-0.10262017344333729,0,0,0,0
1000,154684,0.01,1,0.47102755720541795,1,Logistic regression,10.506770413887157,0.533879159323565,10.506770413887157,0.51,0.4113627970853625,1,1,0,1
1000,125309,14.11,0,-1.2202670293687146,0,Logistic regression,-2.209394888995443,-1.1830917969957198,-2.209394888995443,0.035,-0.1769968921388666,0,0,0,0
1000,203324,1.0,1,0.17438379297093826,0,Logistic regression,2.244369724453745,0.5043907351935838,2.244369724453745,0.7,0.43041641002877734,1,1,1,1
1000,168066,69.0,0,-0.5844064416384285,0,Logistic regression,-2.639599313210921,-0.9194954004558517,-2.639599313210921,0.005,0.11827576565271802,0,0,0,1
1000,133157,4.99,0,-1.124944007128533,0,Logistic regression,-1.868570813579336,-1.1456477301556207,-1.868570813579336,0.02,-0.5801494914172992,0,0,0,0
1000,160939,12.99,0,-0.9718327469468329,0,Logistic regression,-1.5233600931499098,-1.0700896942872427,-1.5233600931499098,0.025,-0.8898452927884025,0,0,0,0
1000,197553,22.8,0,-0.8186235741213816,0,Logistic regression,-2.6842433746089673,-0.9285387059972806,-2.6842433746089673,0.035,0.1287855495846565,0,0,0,1
1000,196979,23.75,0,-0.38626681544842384,0,Logistic regression,-3.104741509619855,-0.8656430781394758,-3.104741509619855,0.005,-0.05878142403821057,0,0,0,0
1000,268295,7.56,0,-0.6103789495417886,0,Logistic regression,-1.6550241270412154,-1.0867977955440047,-1.6550241270412154,0.135,0.3844486597355865,0,0,0,1
1000,205986,12.31,0,-0.5121844194780958,0,Logistic regression,-0.40147983341967075,-0.509602103667855,-0.40147983341967075,0.105,-0.1083890885286638,0,0,0,0
1000,247149,76.63,0,-1.0003206341638238,0,Logistic regression,-2.2674669240936645,-1.0592934816145525,-2.2674669240936645,0.025,0.22436479455408542,0,0,0,1
1000,202370,1.29,0,-0.9604876875372659,0,Logistic regression,-1.3929394511102577,-0.9777167218022443,-1.3929394511102577,0.09,-0.7594571351969915,0,0,0,0
1000,96994,7.53,1,0.7955298740301948,1,Logistic regression,1.8684880444439782,0.44590746845417384,1.8684880444439782,0.835,0.45129364073066647,1,1,1,1
1000,76410,25.9,0,-0.9891318207646564,0,Logistic regression,-1.3661815213270607,-1.0684781584615979,-1.3661815213270607,0.03,-0.8103972092796684,0,0,0,0
1000,257740,10.88,0,-1.1375193290190508,0,Logistic regression,-2.1362892455281832,-1.1840139711806965,-2.1362892455281832,0.01,-1.0540885566607865,0,0,0,0
1000,223780,160.0,0,-0.5409112317255163,0,Logistic regression,-1.2116057790552293,-0.5441784986058037,-1.2116057790552293,0.12,-0.26629315517716834,0,0,0,0
1000,229664,69.0,0,-0.6515238644664505,0,Logistic regression,-3.2721655510005476,-0.9394065331150206,-3.2721655510005476,0.015,0.25168876100950144,0,0,0,1
1000,95394,63.42,0,-1.0785828442070515,0,Logistic regression,-1.6096270844598215,-0.913324258943906,-1.6096270844598215,0.02,-0.15237627757638272,0,0,0,0
1000,81928,1.98,0,-1.0649127821835973,0,Logistic regression,-1.1967467314154818,-0.9870502541924574,-1.1967467314154818,0.11,-0.9406265636255241,0,0,0,0
1000,277511,594.37,0,-0.1350262533459748,0,Logistic regression,-1.026766532977261,-0.09447278900931977,-1.026766532977261,0.01,0.18611525741056612,0,0,0,1
1000,156489,33.94,0,-1.0806901017151334,0,Logistic regression,-2.7015662629548656,-1.1512811566576744,-2.7015662629548656,0.02,0.18204382556185295,0,0,0,1
1000,224868,68.0,0,-1.4008337635659334,0,Logistic regression,-1.4785247904985916,-1.0528422419012275,-1.4785247904985916,0.0,-0.5206932292844763,0,0,0,0
1000,178225,177.0,0,-1.281391412638224,0,Logistic regression,-1.775022913411564,-1.1250765131639597,-1.775022913411564,0.0,-0.4708011863570015,0,0,0,0
1000,38382,19.4,0,-0.5882239530421043,0,Logistic regression,-0.655131570924006,-0.5210108797682985,-0.655131570924006,0.105,-0.43439412693060486,0,0,0,0
1000,223383,577.18,0,0.1408769824014217,0,Logistic regression,-2.195695859793993,0.1604416279891312,-2.195695859793993,0.14,0.40569971791942744,0,0,0,1
1000,132502,1.0,0,-0.07031327664567477,0,Logistic regression,-1.6208986203865736,-0.2133175315950694,-1.6208986203865736,0.18,0.2955854317458396,0,0,0,1
1000,208656,65.54,0,-1.1229321081808072,0,Logistic regression,-1.9900641243195207,-0.9356454293081985,-1.9900641243195207,0.05,-0.14135014207389884,0,0,0,0
1000,275992,634.3,1,-0.21562507261838454,0,Logistic regression,-1.1360534236462774,-0.2508968718822365,-1.1360534236462774,0.155,0.29784657285330063,0,0,0,1
1000,115032,9.99,0,-1.1174449090047436,0,Logistic regression,-1.6710752083482507,-1.1432791431765867,-1.6710752083482507,0.15,-0.04957509267151233,0,0,0,0
1000,273574,1.0,0,-1.105940933631086,0,Logistic regression,-1.7807536517481815,-1.0051179215842052,-1.7807536517481815,0.005,-0.46824237942796687,0,0,0,0
1000,187997,19.99,0,-0.8844963296533535,0,Logistic regression,-0.9639353451441732,-0.7658484859937643,-0.9639353451441732,0.065,0.045136490129671525,0,0,0,1
1000,40622,14.4,0,-1.0701613813165476,0,Logistic regression,-1.56849649137071,-1.1266877346001265,-1.56849649137071,0.005,-0.615794159528488,0,0,0,0
1000,181267,18.97,0,-0.9593952829810177,0,Logistic regression,-1.4544621995860443,-1.0132988074668865,-1.4544621995860443,0.065,-0.7521310441381374,0,0,0,0
1000,244333,1.0,1,0.9751995134455804,1,Logistic regression,6.253822954251492,0.972985684922679,6.253822954251492,0.955,0.8739419813409408,1,1,1,1
1000,20215,1.98,0,-0.8260912224853068,0,Logistic regression,-1.428780252360791,-1.063792082004889,-1.428780252360791,0.035,-0.143269031739097,0,0,0,0
1000,200456,15.95,0,-0.8927725656916643,0,Logistic regression,-2.6470394941176156,-1.0849389669117149,-2.6470394941176156,0.015,0.034941480641370926,0,0,0,1
1000,76336,15.35,0,-1.3334786709092663,0,Logistic regression,-1.3200534789524476,-0.9986003069293953,-1.3200534789524476,0.01,-0.8156424448533847,0,0,0,0
1000,276071,19.95,1,-1.0434420277134027,0,Logistic regression,-1.3981997149976604,-1.077242457914576,-1.3981997149976604,0.0,-0.4974950461379498,0,0,0,0
1000,280118,25.0,0,-0.6509000101362961,0,Logistic regression,-1.3657161240677191,-0.7744455872342398,-1.3657161240677191,0.095,-0.415215919650325,0,0,0,0
1000,78496,16.0,0,-1.2327175788682487,0,Logistic regression,-1.3114279193911156,-1.0653573675546029,-1.3114279193911156,0.0,-1.1700803018504002,0,0,0,0
1000,4350,196.78,0,-0.9916492051650669,0,Logistic regression,-2.2167101992694214,-1.1258923912229295,-2.2167101992694214,0.015,0.18798571600986888,0,0,0,1
1000,79883,270.0,1,0.900481565048759,1,Logistic regression,1.7075031752676357,0.6532267815658425,1.7075031752676357,0.79,0.4900885514311994,1,1,1,1
1000,253294,1.0,0,0.5270090987773626,1,Logistic regression,0.021042643919427784,-0.12075764123482757,0.021042643919427784,0.185,-0.059066575631228524,0,0,0,0
1000,209135,0.89,0,-0.9612429336410082,0,Logistic regression,-1.4336826176690436,-1.0212606230164165,-1.4336826176690436,0.015,-0.8736074625568159,0,0,0,0
1000,196264,15.9,0,-1.0104202289212036,0,Logistic regression,-1.067837655216997,-0.814582196608724,-1.067837655216997,0.0,-0.5589624403050166,0,0,0,0
1000,166034,16.99,0,-1.2082662892273806,0,Logistic regression,-2.214651282173075,-1.1831086534286648,-2.214651282173075,0.0,-0.9422420411881577,0,0,0,0
1000,133108,80.49,0,-1.161992128821668,0,Logistic regression,-2.064178904236199,-1.2694783114555106,-2.064178904236199,0.005,-0.4959656244483225,0,0,0,0
1000,230503,9.42,0,-1.0519200167998433,0,Logistic regression,-1.2918691111175038,-1.051179023936549,-1.2918691111175038,0.03,-0.7064302708030988,0,0,0,0
1000,241254,9.29,1,0.089761606303629,0,Logistic regression,2.125411417564994,0.5778280177315726,2.125411417564994,0.67,0.42888058032231874,1,1,1,1
1000,64829,108.52,0,-1.0541902348133747,0,Logistic regression,-1.4826760101563228,-1.067481053795928,-1.4826760101563228,0.015,-0.6525461066430406,0,0,0,0
1000,27707,40.99,0,-1.1892622498440415,0,Logistic regression,-1.0432228437815891,-0.8615916392344632,-1.0432228437815891,0.105,-0.6039182228855732,0,0,0,0
1000,6329,1.0,1,0.5399310100898923,1,Logistic regression,4.407614591966459,0.9510529134040138,4.407614591966459,0.945,0.43598981277286,1,1,1,1
1000,119682,1.0,0,-0.6738224927365777,0,Logistic regression,0.10114235368930857,-0.2275879998580631,0.10114235368930857,0.375,-0.16880792762380026,0,0,0,0
1000,12681,41.36,0,-1.058164550652619,0,Logistic regression,-2.4360582655560306,-1.1161142184119361,-2.4360582655560306,0.065,0.11362371143543365,0,0,0,1
1000,60178,88.5,0,-1.2352181704922096,0,Logistic regression,-2.0287329350536147,-1.0913031764539198,-2.0287329350536147,0.005,-0.25338030804783684,0,0,0,0
1000,14017,75.08,0,-0.9059012307350498,0,Logistic regression,-1.3927436276391791,-0.7734146218623338,-1.3927436276391791,0.025,0.15993430448032192,0,0,0,1
1000,258093,1.0,0,-1.1543304045972749,0,Logistic regression,-0.9742694362090574,-0.8226900580306323,-0.9742694362090574,0.02,-0.42662375724095647,0,0,0,0
1000,279570,97.0,0,-1.0982155080376195,0,Logistic regression,-0.6758008015187664,-0.6874658450884162,-0.6758008015187664,0.04,-0.4967170093291299,0,0,0,0
1000,100874,1.98,0,-1.1670841255376627,0,Logistic regression,-1.2934198517296003,-1.006902550817737,-1.2934198517296003,0.075,-0.22413417299617577,0,0,0,0
1000,278472,9.99,0,-1.2857705305630958,0,Logistic regression,-1.3708437963259212,-0.9627553091287958,-1.3708437963259212,0.005,0.04818893874248531,0,0,0,1
1000,47115,196.0,0,-1.3980664708348705,0,Logistic regression,-1.888759886529576,-1.0120748204140093,-1.888759886529576,0.0,-0.33248803574472485,0,0,0,0
1000,142484,331.0,0,-1.3013992353764199,0,Logistic regression,-2.1025068415712775,-1.0816165563445406,-2.1025068415712775,0.02,-0.4587068167116567,0,0,0,0
1000,13581,16.7,0,-1.401563224030476,0,Logistic regression,-0.9758094710573881,-0.7484409452169146,-0.9758094710573881,0.085,-0.06385404735608691,0,0,0,0
1000,23158,0.69,0,-1.0638404094848672,0,Logistic regression,-1.8876502656308325,-1.2131363638020245,-1.8876502656308325,0.0,-0.7484353107626934,0,0,0,0
1000,129599,134.85,0,-1.2470740516945662,0,Logistic regression,-1.6904366860714268,-1.1931864843356386,-1.6904366860714268,0.0,-0.2796697781426506,0,0,0,0
1000,183415,9.99,0,-1.166064637271013,0,Logistic regression,-2.068853339537793,-1.1920730300494995,-2.068853339537793,0.005,-1.0443637695475365,0,0,0,0
1000,124288,1.0,0,0.5932919055645924,1,Logistic regression,-0.039233511197674265,-0.09908448673141279,-0.039233511197674265,0.6,-0.209404762596348,0,0,1,0
1000,271309,57.6,0,-0.9603304755596345,0,Logistic regression,-2.661088462291719,-1.086469187321779,-2.661088462291719,0.005,-0.4672561816095726,0,0,0,0
1000,46909,1.0,1,0.6627601167554555,1,Logistic regression,5.518938608958314,1.0243140546184482,5.518938608958314,0.86,0.416165552638746,1,1,1,1
1000,102566,10.0,0,-1.2813125444737852,0,Logistic regression,-2.131750644624196,-1.1098264943637148,-2.131750644624196,0.05,-0.40821631661441227,0,0,0,0
1000,271984,0.99,0,-1.465979581203962,0,Logistic regression,-1.7145697359719683,-1.1247750016864795,-1.7145697359719683,0.0,-0.331101231982455,0,0,0,0
1000,83053,6.27,1,0.6424595641644093,1,Logistic regression,2.586593947069236,0.6634297172314326,2.586593947069236,0.785,0.464291684235147,1,1,1,1
1000,221335,90.0,0,-0.8742903916354403,0,Logistic regression,-1.2438907354773114,-0.6982446742016449,-1.2438907354773114,0.03,-0.47661912581833066,0,0,0,0
1000,231567,10.8,0,-0.9379999747832113,0,Logistic regression,-2.20492535564862,-1.0640333863454394,-2.20492535564862,0.06,0.15126459652855112,0,0,0,1
1000,150677,30.31,1,0.6251516562969407,1,Logistic regression,10.18740226869296,0.5533372287313315,10.18740226869296,0.85,0.4113627970998706,1,1,1,1
1000,194442,7.59,0,-0.8452196148939661,0,Logistic regression,-0.9920495183211999,-0.7310074395167964,-0.9920495183211999,0.475,-0.29886003476149625,0,0,0,0
1000,36408,14.2,0,-1.088293592652278,0,Logistic regression,-1.7398438266108625,-1.1018752424270328,-1.7398438266108625,0.025,-0.294500028747508,0,0,0,0
1000,111690,238.9,1,0.48739250217694097,1,Logistic regression,3.8304439872903293,1.0215206589094037,3.8304439872903293,0.91,0.47150612352846943,1,1,1,1
1000,191899,272.03,0,-0.6188247809648415,0,Logistic regression,-1.4242266378010175,-0.46274689768875177,-1.4242266378010175,0.135,-0.25000559269697054,0,0,0,0
1000,184027,81.71,0,-1.3092994928645778,0,Logistic regression,-1.2215658292855571,-0.9344033392180789,-1.2215658292855571,0.015,-0.8253226489403512,0,0,0,0
1000,99705,150.0,0,-0.7685346973119087,0,Logistic regression,-2.7586466484549375,-1.025740063251427,-2.7586466484549375,0.04,-0.11970943572389636,0,0,0,0
1000,146647,52.06,0,-0.6801026904116341,0,Logistic regression,-2.1265040958639885,-0.6855030138823383,-2.1265040958639885,0.1,0.0840457928064261,0,0,0,1
1000,88542,146.0,0,-1.241133943791138,0,Logistic regression,-2.770671812484263,-1.2146858729265664,-2.770671812484263,0.005,-0.006261321539677844,0,0,0,1
1000,250083,49.35,0,-0.952615002190697,0,Logistic regression,-2.5077756240847613,-0.9958517414319418,-2.5077756240847613,0.155,0.11655119507631195,0,0,0,1
1000,42700,30.26,1,0.5832430583772137,1,Logistic regression,8.486416635921305,0.5572199403587733,8.486416635921305,0.77,0.41136281459674845,1,1,1,1
1000,102284,1.29,0,-1.3547004701761196,0,Logistic regression,-1.6345683890861789,-1.141263379094673,-1.6345683890861789,0.0,-0.9200178245146665,0,0,0,0
1000,203328,925.31,1,0.5030488538066069,1,Logistic regression,0.905477805777591,0.7357223785221849,0.905477805777591,0.855,0.4144162415594565,1,1,1,1
1000,260468,407.0,0,-0.7868978007667784,0,Logistic regression,-2.4743642508153987,-0.771380403626532,-2.4743642508153987,0.06,-0.10331759582973488,0,0,0,0
1000,186942,11.83,0,-0.9415131713428337,0,Logistic regression,-1.7139627795065657,-1.048346408125048,-1.7139627795065657,0.05,-0.118046633864892,0,0,0,0
1000,263324,127.14,1,0.5551862374106784,1,Logistic regression,1.189189229574492,0.9536272227886586,1.189189229574492,0.795,0.5070229527530467,1,1,1,1
1000,90578,29.99,0,-0.9768415707405647,0,Logistic regression,-1.435110381335344,-1.0461926691037435,-1.435110381335344,0.06,-0.81705604917469,0,0,0,0
1000,279307,29.95,0,-1.0525201154785768,0,Logistic regression,-1.74442506183393,-1.200975370699381,-1.74442506183393,0.025,-0.4585967645417691,0,0,0,0
1000,246588,0.23,0,-0.7529929935934725,0,Logistic regression,-1.121990812263599,-0.5497518022025235,-1.121990812263599,0.02,0.38879999231972623,0,0,0,1
1000,49105,25.69,0,-1.0969322339964283,0,Logistic regression,-2.0048731125274646,-1.2027836641172,-2.0048731125274646,0.01,-0.3032865991540117,0,0,0,0
1000,146716,80.0,0,-0.700518280357181,0,Logistic regression,-1.860130756013151,-1.0751721236379206,-1.860130756013151,0.14,0.0009603737653089417,0,0,0,1
1000,30748,11.5,0,-1.0927351610167098,0,Logistic regression,-1.8536093089067913,-1.213616765039192,-1.8536093089067913,0.0,-0.9964594777624861,0,0,0,0
1000,163394,0.76,0,-0.7695579739451341,0,Logistic regression,-2.102455530647103,-1.192838041406219,-2.102455530647103,0.0,-0.6446190233056596,0,0,0,0
1000,56703,0.76,1,-0.5314297505694114,0,Logistic regression,-0.26803151508905354,-0.4411931728987425,-0.26803151508905354,0.33,-0.6116852293558813,0,0,0,0
1000,140786,1.0,1,0.8169364339819432,1,Logistic regression,4.110844591881703,1.1484705309896444,4.110844591881703,0.94,0.4743990396938775,1,1,1,1
1000,61180,3.68,0,-1.090758137018829,0,Logistic regression,-0.9402218788140844,-0.8580783782776308,-0.9402218788140844,0.0,-0.8162126718283919,0,0,0,0
1000,160373,0.89,0,-0.9745260175187307,0,Logistic regression,-0.8281065379498985,-0.6401438671301819,-0.8281065379498985,0.03,-0.3722424795273699,0,0,0,0
1000,15566,99.99,1,0.6473464617305169,1,Logistic regression,10.30482382801078,0.5894900259931666,10.30482382801078,0.775,0.4113627970855298,1,1,1,1
1000,221207,3.57,0,-0.9625355665440569,0,Logistic regression,-1.2315534208802243,-0.9738351380782942,-1.2315534208802243,0.045,-0.8558156587923694,0,0,0,0
1000,258262,1.5,0,-0.9187199816685656,0,Logistic regression,-1.4475288899761165,-1.0383398523313163,-1.4475288899761165,0.0,-0.6513310933244371,0,0,0,0
1000,68320,0.76,1,0.056631064345595616,0,Logistic regression,0.17854194147368463,-0.03011206033884195,0.17854194147368463,0.475,0.12904467186587204,0,0,0,1
1000,13169,1.78,0,-1.073971428655346,0,Logistic regression,-1.0674003792892637,-0.9114756024293785,-1.0674003792892637,0.125,-0.49528061532641043,0,0,0,0
1000,151730,18.96,1,0.7109430180271687,1,Logistic regression,0.40022126969222915,0.6430340535833685,0.40022126969222915,0.675,0.41631883103884193,1,0,1,1
1000,224433,44.34,0,-1.4339145672890743,0,Logistic regression,-1.4408806587798075,-1.0830598726371705,-1.4408806587798075,0.025,-0.39526612355065416,0,0,0,0
1000,52854,0.89,0,-1.1926109352433036,0,Logistic regression,-1.1377677920884304,-0.9259878496797099,-1.1377677920884304,0.075,-0.7327195182493557,0,0,0,0
1000,196143,45.0,0,-0.8786528109637854,0,Logistic regression,-1.8622112003331002,-0.9308843363084304,-1.8622112003331002,0.065,0.037408902000554745,0,0,0,1
1000,16863,730.86,1,0.30605197706915926,1,Logistic regression,1.1138326162713643,0.5714226408597988,1.1138326162713643,0.89,0.41250483700074037,1,1,1,1
1000,34834,24.99,0,-1.0025197499130882,0,Logistic regression,-1.3697690383966616,-1.0449197208975995,-1.3697690383966616,0.015,-0.6861622081757689,0,0,0,0
1000,190626,86.3,0,-0.8659626854867291,0,Logistic regression,-2.5301699191214797,-0.909775878157424,-2.5301699191214797,0.015,-0.18596614389893618,0,0,0,0
1000,256573,9.0,0,-1.0514265518906878,0,Logistic regression,-1.0671673878822632,-0.9379584233400785,-1.0671673878822632,0.16,-0.34694364770071595,0,0,0,0
1000,205168,137.5,0,-0.9771642130203579,0,Logistic regression,-2.296905968052309,-1.0788008016574566,-2.296905968052309,0.0,-0.8107054097248615,0,0,0,0
1000,259500,1.79,0,-1.1896075648626872,0,Logistic regression,-2.032988081388759,-1.207967050752174,-2.032988081388759,0.045,-0.770754878628075,0,0,0,0
1000,193325,59.88,0,-0.8615275885513316,0,Logistic regression,-0.674075451539254,-0.44573083966321825,-0.674075451539254,0.265,-0.1399063757016269,0,0,0,0
1000,36108,304.48,0,0.0988280741568433,0,Logistic regression,-1.9355745793142423,-0.49844302570375587,-1.9355745793142423,0.0,0.18421937332783173,0,0,0,1
1000,258339,2.69,0,-0.4314496521323577,0,Logistic regression,-1.3776576324212715,-0.6182959580799611,-1.3776576324212715,0.35,0.030065340324562262,0,0,0,1
1000,86908,37.15,0,-0.9914611531652948,0,Logistic regression,-1.605644188617259,-0.9678660377824356,-1.605644188617259,0.025,0.1190595997467706,0,0,0,1
1000,9442,9.91,0,-1.1825201945898505,0,Logistic regression,-2.1746123883549755,-1.1826282462934836,-2.1746123883549755,0.13,-0.20611299778008674,0,0,0,0
1000,56497,20.0,0,-1.0434158751789093,0,Logistic regression,-1.698291877191375,-1.0528034774919974,-1.698291877191375,0.065,0.14472058959631495,0,0,0,1
1000,117860,664.29,0,-0.15480918394117643,0,Logistic regression,-1.8401878425609628,-0.20601520266034912,-1.8401878425609628,0.405,0.3210005597516773,0,0,0,1
1000,279195,3.78,0,-0.82453162519216,0,Logistic regression,-1.8526491132502663,-1.1974330133096025,-1.8526491132502663,0.025,-0.5431730207736493,0,0,0,0
1000,113573,104.45,0,-1.0842272413960774,0,Logistic regression,-2.108624995717184,-1.1692885265719886,-2.108624995717184,0.045,0.03818676238094554,0,0,0,1
1000,28390,64.95,0,-0.866320363730283,0,Logistic regression,-2.5298448702620604,-1.1037172623128195,-2.5298448702620604,0.04,-0.14543888619887357,0,0,0,0
1000,267740,8.96,0,-1.27715697114047,0,Logistic regression,-2.297192586467003,-1.2570443703194334,-2.297192586467003,0.005,-0.47446979682900703,0,0,0,0
1000,33242,106.0,0,-1.101484154440868,0,Logistic regression,-2.108654057060577,-1.2280453479893967,-2.108654057060577,0.01,-0.24066776431628434,0,0,0,0
1000,180768,0.89,0,-1.1031646529372272,0,Logistic regression,-2.322652566363448,-1.1704051315363544,-2.322652566363448,0.01,-0.4847692274037749,0,0,0,0
1000,17480,99.99,1,0.6229727209765745,1,Logistic regression,10.987975084775243,0.5576835420526441,10.987975084775243,0.695,0.4113627970853625,1,1,1,1
1000,90636,102.0,0,-1.0957024912194078,0,Logistic regression,-1.6536267633853257,-1.189562659014022,-1.6536267633853257,0.0,-0.8351951723028802,0,0,0,0
1000,197674,34.09,0,-1.0224561144551694,0,Logistic regression,-1.176710168998349,-0.8137231952095189,-1.176710168998349,0.03,-0.567595586553339,0,0,0,0
1000,262560,4.69,1,0.4485591446925735,1,Logistic regression,5.88898050471481,1.056702974409043,5.88898050471481,0.835,0.4431340599997135,1,1,1,1
1000,228200,32.94,0,-1.041651907583245,0,Logistic regression,-1.616744015857244,-1.1299288928281706,-1.616744015857244,0.0,-0.9715112988523088,0,0,0,0
1000,56287,20.0,0,-1.2128298186959865,0,Logistic regression,-2.011805375901797,-1.2251959848868483,-2.011805375901797,0.005,-0.24891010087028476,0,0,0,0
1000,279114,7.41,0,-0.5218668760944647,0,Logistic regression,-1.4652208235558684,-0.6235859214104641,-1.4652208235558684,0.055,-0.003156345389205062,0,0,0,1
1000,143883,20.99,0,-0.9010769513616494,0,Logistic regression,-1.9131423630442763,-1.0482071863274705,-1.9131423630442763,0.035,-0.18530709171310433,0,0,0,0
1000,134228,227.0,0,-0.4420745392397994,0,Logistic regression,-0.44197793590830403,-0.20749723476764503,-0.44197793590830403,0.2,0.06725256191521922,0,0,0,1
1000,250833,2.69,0,-0.9502304004140056,0,Logistic regression,-1.2801237227003162,-0.9826844942756298,-1.2801237227003162,0.06,-0.9047874113608071,0,0,0,0
1000,107100,9.12,0,-1.062691469405591,0,Logistic regression,-0.9239753652989104,-0.8696839262548653,-0.9239753652989104,0.03,-0.9069180970311955,0,0,0,0
1000,43061,34.12,1,0.5876168252397382,1,Logistic regression,9.564347309311652,0.5644423261625402,9.564347309311652,0.745,0.4113627971068779,1,1,1,1
1000,277205,3.57,0,-1.1048024012553148,0,Logistic regression,-1.5612416656120778,-0.9234128352920147,-1.5612416656120778,0.04,-0.20474632615568145,0,0,0,0
1000,184379,25.0,1,0.22689746134396904,0,Logistic regression,1.6153292723087984,0.32236726294468254,1.6153292723087984,0.835,0.41311367961894563,0,1,1,1
1000,174135,9.99,0,-1.2398716362987727,0,Logistic regression,-2.0202083798544237,-1.2178119336955477,-2.0202083798544237,0.0,-0.7741425413105728,0,0,0,0
1000,232565,44.95,0,-0.9957699881458288,0,Logistic regression,-1.0641751572491038,-0.8386027086463234,-1.0641751572491038,0.0,-0.5849489091010659,0,0,0,0
1000,259103,355.74,0,-0.04700103632844305,0,Logistic regression,-2.9556561368891874,-0.025265457826355697,-2.9556561368891874,0.275,0.40819694657738137,0,0,0,1
1000,167096,18.59,0,-1.289027504988781,0,Logistic regression,-1.7170662525376477,-0.9588291332458837,-1.7170662525376477,0.03,0.023307048799822316,0,0,0,1
1000,59871,155.24,0,-0.4521006706779304,0,Logistic regression,-1.2223253586642597,-0.5185801363413439,-1.2223253586642597,0.065,0.3474559677393188,0,0,0,1
1000,132010,39.38,0,-0.38201267171584835,0,Logistic regression,-1.7104886550598797,-0.691682489755323,-1.7104886550598797,0.005,0.3871463975944172,0,0,0,1
1000,145176,1.18,0,-0.5839677720879162,0,Logistic regression,-1.4048512605803902,-0.7466988312979556,-1.4048512605803902,0.065,-0.2700997309218919,0,0,0,0
1000,102717,78.26,0,-0.665315475140982,0,Logistic regression,-1.570959311245045,-1.0807733100173125,-1.570959311245045,0.19,-0.5383937463756273,0,0,0,0
1000,142389,52.47,0,-1.5041565349784511,0,Logistic regression,-1.8011068290975571,-1.1077571861846263,-1.8011068290975571,0.0,-0.1113622491059102,0,0,0,0
1000,36597,12.31,0,-1.0059434794417301,0,Logistic regression,-0.7849215523802431,-0.7837929672291398,-0.7849215523802431,0.03,-0.6391193065757491,0,0,0,0
1000,2906,16.15,0,-0.7021525094309551,0,Logistic regression,-1.3576839734184682,-0.7477475721664478,-1.3576839734184682,0.04,0.028062761308478346,0,0,0,1
2024,182239,467.6,0,-0.8851750621683727,0,Classical (all features),-0.2254616990539376,-0.9089759724165435,-2.4315788343985787,0.025,-0.2254616990539376,0,0,0,1
2024,114921,0.89,0,-1.2643384386122765,0,Classical (all features),-1.1140692832069623,-1.0210395121552982,-1.8131152201865972,0.0,-1.1140692832069623,0,0,0,0
2024,111013,0.77,0,-0.8051770267147831,0,Classical (all features),-0.8942655414986278,-1.5627100982600663,-2.8032557023714038,0.005,-0.8942655414986278,0,0,0,0
2024,36520,36.9,0,-1.266093360931758,0,Classical (all features),-1.1897928336144632,-1.2780100048745293,-2.12822141540396,0.0,-1.1897928336144632,0,0,0,0
2024,184440,1.5,0,-1.4056542695693213,0,Classical (all features),-1.4248729583684048,-1.3776331264293757,-2.28667494406701,0.0,-1.4248729583684048,0,0,0,0
2024,213474,104.0,0,-1.2495970204795783,0,Classical (all features),-0.8312785070499062,-1.5004479941052704,-2.2028676038892883,0.005,-0.8312785070499062,0,0,0,0
2024,138195,0.89,0,-1.0742190054465506,0,Classical (all features),-1.046439480045394,-0.8638045139985157,-1.2381518613416143,0.005,-1.046439480045394,0,0,0,0
2024,124525,15.97,0,-1.0528737055432562,0,Classical (all features),-1.0203306641242853,-0.9452062471630055,-1.2327809523882705,0.0,-1.0203306641242853,0,0,0,0
2024,92777,294.9,1,-0.008580065456699038,1,Classical (all features),-0.20185537674598203,0.8473504036606982,1.9719763926145129,0.77,-0.20185537674598203,1,1,1,1
2024,88379,9.2,0,-1.4896305492274393,0,Classical (all features),-1.2251954434370997,-1.25670566701864,-1.8355945017478057,0.0,-1.2251954434370997,0,0,0,0
2024,6472,1.0,1,0.2806932144271857,1,Classical (all features),-0.14791086970729608,0.5213374420906267,0.9664208769330671,0.84,-0.14791086970729608,1,1,1,1
2024,253102,69.99,0,-1.445720650375496,0,Classical (all features),-1.542632642800025,-1.1553789041630296,-1.5805016690543674,0.0,-1.542632642800025,0,0,0,0
2024,240244,8.95,0,-1.5807905185243112,0,Classical (all features),-1.1738739506264084,-1.5145190986775958,-2.497872513968676,0.01,-1.1738739506264084,0,0,0,0
2024,124610,20.0,0,-1.2294103576536048,0,Classical (all features),-1.0904411049163816,-1.0996649644114598,-1.5687146310095736,0.0,-1.0904411049163816,0,0,0,0
2024,163586,65.0,1,-0.03355393078459663,1,Classical (all features),0.5561999872073156,1.0281803655636583,2.1420244337232637,0.965,0.5561999872073156,1,1,1,1
2024,89866,80.13,0,-1.4556675433849873,0,Classical (all features),-1.4371562448314725,-1.160967849425528,-1.6373232609797077,0.0,-1.4371562448314725,0,0,0,0
2024,50722,361.4,0,-0.45740697629691146,0,Classical (all features),-0.5059461746974128,-0.5703625971690646,-1.4205881020039515,0.315,-0.5059461746974128,0,0,0,0
2024,222546,61.85,0,-1.0558695829633449,0,Classical (all features),-0.9285764203533473,-1.151679826992189,-1.4131953002435511,0.0,-0.9285764203533473,0,0,0,0
2024,133865,2.15,0,-1.2523514821249788,0,Classical (all features),-0.6982177541303927,-1.45640884835617,-2.416066917719108,0.0,-0.6982177541303927,0,0,0,0
2024,139508,2.69,0,-0.8991150416452527,0,Classical (all features),-1.4971829398107936,-1.2800126801198735,-1.6992310581912307,0.01,-1.4971829398107936,0,0,0,0
2024,243049,0.99,0,-1.3643198643263241,0,Classical (all features),-1.439949794908217,-1.1561040020507574,-1.6139109007459371,0.0,-1.439949794908217,0,0,0,0
2024,218442,195.66,1,0.022341468056095215,1,Classical (all features),-0.185394007862932,0.18791066118573674,0.1111267476990967,0.685,-0.185394007862932,0,0,1,1
2024,30100,60.6,1,-0.017234961479063393,1,Classical (all features),-0.15884415642838462,0.24563482969124156,0.1797006151044802,0.695,-0.15884415642838462,0,0,1,1
2024,102443,1.0,1,0.24599372001340902,1,Classical (all features),-0.22106787724479166,1.1131075737576106,3.7188788351455617,0.85,-0.22106787724479166,1,1,1,1
2024,159371,237.0,0,-0.8939260440080865,0,Classical (all features),-1.0245970062499246,-1.0736052892915504,-1.622715149143327,0.0,-1.0245970062499246,0,0,0,0
2024,275150,5.1,0,-0.9395303392612684,0,Classical (all features),-1.2178245685795448,-1.0793058592306335,-1.5517064363579334,0.0,-1.2178245685795448,0,0,0,0
2024,70493,0.75,0,-1.173163491435682,0,Classical (all features),-1.103264295118657,-0.8210443999316007,-1.4307208253523882,0.0,-1.103264295118657,0,0,0,0
2024,221991,114.91,0,-1.068381682105214,0,Classical (all features),-1.4505344699798215,-1.3158404570678175,-1.9192460403931935,0.0,-1.4505344699798215,0,0,0,0
2024,257915,11.5,0,-1.4488461967484763,0,Classical (all features),-1.139351202722684,-0.5735089629917917,-1.1802198370257235,0.02,-1.139351202722684,0,0,0,0
2024,224301,74.0,0,-1.2771785564316203,0,Classical (all features),-1.1293644697587397,-1.4357530373316405,-2.394729428580734,0.0,-1.1293644697587397,0,0,0,0
2024,42508,11.53,0,-0.7497586791586874,0,Classical (all features),-1.1013787455415085,-1.126350090552168,-1.4687149074720331,0.0,-1.1013787455415085,0,0,0,0
2024,243589,15.0,0,-1.2375447355182907,0,Classical (all features),-1.4588127146310144,-1.4062103306865459,-2.0350400455223365,0.0,-1.4588127146310144,0,0,0,0
2024,161845,88.0,0,-1.6051629305177462,0,Classical (all features),-1.3395757726309525,-1.1523636246027475,-1.67831326887383,0.0,-1.3395757726309525,0,0,0,0
2024,178525,17.07,0,-1.283739661833491,0,Classical (all features),-1.2479846461266015,-1.2238632158308023,-1.8590130923689954,0.0,-1.2479846461266015,0,0,0,0
2024,69919,26.15,0,-0.8793553704366859,0,Classical (all features),-0.2538026381731216,0.43996553149498974,-1.8399093764829897,0.235,-0.2538026381731216,0,0,0,1
2024,231968,1.46,0,-0.644295437440283,0,Classical (all features),-0.533688681511555,-1.1526320849221414,-1.3747272873945804,0.05,-0.533688681511555,0,0,0,0
2024,100097,1.0,0,-0.8571993979704342,0,Classical (all features),-0.9858995830013817,-1.0801228130908456,-1.842575468204033,0.015,-0.9858995830013817,0,0,0,0
2024,199896,1335.0,1,-0.7564397059218213,0,Classical (all features),-0.23028096315264912,0.6627373155426791,3.781734155844223,0.745,-0.23028096315264912,1,1,1,1
2024,40217,1.0,0,-1.1645606316442543,0,Classical (all features),-0.9042130112421845,-1.1998957190982855,-2.475936880771857,0.0,-0.9042130112421845,0,0,0,0
2024,68067,519.9,1,-0.8239385645140638,0,Classical (all features),-0.5661471142683014,-0.7060099405271797,-1.3370195740313404,0.075,-0.5661471142683014,0,0,0,0
2024,93627,62.0,0,-0.814487161033769,0,Classical (all features),-0.6846297905569438,-1.5010639729512056,-2.396235275177726,0.0,-0.6846297905569438,0,0,0,0
2024,258238,148.22,0,-0.5697093496077429,0,Classical (all features),-0.8269007384471121,-1.1363056695520815,-2.9273513005139797,0.005,-0.8269007384471121,0,0,0,0
2024,41429,26.44,0,-1.042356963771017,0,Classical (all features),-0.6717800256609887,-1.0934507947857948,-4.010176679890766,0.005,-0.6717800256609887,0,0,0,0
2024,185734,45.0,0,-1.048501004279681,0,Classical (all features),-1.2661109806976505,-0.9500522404452661,-1.338955800779973,0.0,-1.2661109806976505,0,0,0,0
2024,51332,672.69,0,-1.0709414788686686,0,Classical (all features),-0.42811823646057534,-1.1650253495364975,-1.7495246369965354,0.38,-0.42811823646057534,0,0,0,0
2024,153885,0.76,1,0.508747112564732,1,Classical (all features),-0.21901468924146547,1.3828984900308208,4.709995970445616,0.985,-0.21901468924146547,1,1,1,1
2024,146864,89.99,0,0.05524396553499461,1,Classical (all features),-0.6094928501220576,-0.33976371805143957,-0.28961163127250766,0.2,-0.6094928501220576,0,0,0,0
2024,137290,102.97,0,-1.4254036494054385,0,Classical (all features),-1.1990489204284405,-1.2676978963122743,-1.5849212067341938,0.0,-1.1990489204284405,0,0,0,0
2024,55879,9.99,0,-0.9277011546427245,0,Classical (all features),-0.805167758505849,-1.3381876995002062,-1.8787776990228866,0.005,-0.805167758505849,0,0,0,0
2024,56622,266.0,0,-1.3507531323457271,0,Classical (all features),-1.3678036114929473,-1.1034057661573011,-1.232846314353456,0.0,-1.3678036114929473,0,0,0,0
2024,265886,25.59,0,-1.4333960591334083,0,Classical (all features),-0.8548334517590392,-1.3653942653176876,-1.8160107943863637,0.0,-0.8548334517590392,0,0,0,0
2024,164077,5.37,0,-1.3406743046853693,0,Classical (all features),-0.8834117011931497,-0.7174816500361346,-1.206338051028398,0.12,-0.8834117011931497,0,0,0,0
2024,138328,139.9,0,-1.26018781485601,0,Classical (all features),-1.2157873713709453,-1.113109812591273,-1.4547331897852325,0.0,-1.2157873713709453,0,0,0,0
2024,2794,5.99,0,-1.1565668930171316,0,Classical (all features),-1.4656519229739184,-1.1260726834054102,-1.5789596822234957,0.0,-1.4656519229739184,0,0,0,0
2024,77548,0.76,0,-0.8305000010168202,0,Classical (all features),-0.41092302378499923,-1.0224372972438784,-4.571830710103229,0.02,-0.41092302378499923,0,0,0,0
2024,182762,0.77,0,-0.3254716923816845,1,Classical (all features),-0.221739380837606,0.05443631581198205,-7.830331528440852,0.135,-0.221739380837606,0,0,0,1
2024,44168,105.0,0,-1.5730049791602794,0,Classical (all features),-1.3903254305988442,-1.14487483693398,-1.295405125931783,0.0,-1.3903254305988442,0,0,0,0
2024,133355,12.99,0,-1.356415824560569,0,Classical (all features),-1.2982709351717843,-1.0858819486233675,-1.5758501194362573,0.0,-1.2982709351717843,0,0,0,0
2024,112070,210.0,0,-1.7356613758201356,0,Classical (all features),-1.283080412278219,-1.0528918485646641,-1.3161244022450933,0.015,-1.283080412278219,0,0,0,0
2024,248296,0.0,1,-0.061882048119275126,1,Classical (all features),0.37937423074031157,0.9143797854644524,2.2618020541944217,0.97,0.37937423074031157,1,1,1,1
2024,1857,15.98,0,-1.3004427468220414,0,Classical (all features),-1.2787806348013753,-1.1188939298714784,-2.107320314121324,0.0,-1.2787806348013753,0,0,0,0
2024,94425,1.79,0,-1.5064522291379328,0,Classical (all features),-1.108520402116364,-1.1437143548893682,-1.4980178813071148,0.0,-1.108520402116364,0,0,0,0
2024,199175,192.1,0,-0.9466997818293168,0,Classical (all features),-1.0560106109148253,-1.0603315088233805,-2.148419339215743,0.02,-1.0560106109148253,0,0,0,0
2024,247995,51.37,1,-0.12240224592216037,1,Classical (all features),0.6034809590628811,0.8230780237567743,1.6023276142692053,0.985,0.6034809590628811,1,1,1,1
2024,103004,91.55,0,-0.5766869967613535,0,Classical (all features),-0.7623685589573519,-1.4653732426944712,-3.598115146350356,0.02,-0.7623685589573519,0,0,0,0
2024,157586,1.09,0,-0.9731385834286395,0,Classical (all features),-1.044023233536644,-1.3791980743845391,-2.1334337171234323,0.0,-1.044023233536644,0,0,0,0
2024,111388,12.1,0,-0.015819060703098103,1,Classical (all features),-0.7786882848384853,-0.494131175547479,-0.5510813876993377,0.02,-0.7786882848384853,0,0,0,0
2024,263603,0.92,0,-1.3756804021477256,0,Classical (all features),-1.4217199578408262,-1.6085582914398033,-2.586414110725044,0.0,-1.4217199578408262,0,0,0,0
2024,34134,134.99,0,-1.2675252126224519,0,Classical (all features),-0.8749872389915081,-1.5006829489803737,-2.8938189711006297,0.015,-0.8749872389915081,0,0,0,0
2024,253533,29.0,0,-1.1324543901927895,0,Classical (all features),-1.53619220794156,-1.2483625924767003,-1.7716959752771195,0.0,-1.53619220794156,0,0,0,0
2024,26621,1.0,0,-1.0030847769210944,0,Classical (all features),-1.0643980195319622,-1.320943950243779,-1.8103374029871517,0.0,-1.0643980195319622,0,0,0,0
2024,18809,30.3,1,0.25091668839495496,1,Classical (all features),-0.15274220035582106,0.45281012227935036,-0.07990544921973464,0.815,-0.15274220035582106,0,0,1,1
2024,277197,24.62,0,-1.0477394099949382,0,Classical (all features),-1.04806112592538,-1.1397207838970345,-1.6518309317650064,0.0,-1.04806112592538,0,0,0,0
2024,243547,57.73,1,0.051151934525550086,1,Classical (all features),-0.21333951447462768,1.4072226624464412,3.0989556342373374,0.97,-0.21333951447462768,1,1,1,1
2024,6932,314.55,0,0.01745996477340031,1,Classical (all features),-0.25293661526747385,0.04436619550378362,0.7074514718254361,0.765,-0.25293661526747385,0,0,1,1
2024,174437,1.0,0,-1.256198680443349,0,Classical (all features),-0.9395903047322915,-1.3876125312407699,-2.069243717311851,0.0,-0.9395903047322915,0,0,0,0
2024,109137,20.0,0,-0.1006653970331112,1,Classical (all features),-0.22204011797964998,0.14930742350434523,-1.7919993082593462,0.685,-0.22204011797964998,0,0,1,1
2024,137540,138.62,0,-0.8108416482749208,0,Classical (all features),-1.3540992956897597,-1.477495463348188,-1.9992327389596856,0.0,-1.3540992956897597,0,0,0,0
2024,124087,1.0,1,0.42401582546244715,1,Classical (all features),0.9759409134627317,-0.1407880473849531,-0.3391019122737915,0.82,0.9759409134627317,0,0,1,1
2024,43148,53.89,0,-1.3208480968662535,0,Classical (all features),-0.9615223165861346,-1.2250978688662495,-1.5134249595894183,0.005,-0.9615223165861346,0,0,0,0
2024,123971,15.0,0,-1.1255711329186764,0,Classical (all features),-1.0210728047776028,-1.1833637829934958,-1.6443770249667828,0.015,-1.0210728047776028,0,0,0,0
2024,154185,39.0,0,-1.1359818883850397,0,Classical (all features),-1.086112739830724,-1.3230362487888092,-2.1256971419886392,0.005,-1.086112739830724,0,0,0,0
2024,165682,0.76,0,-0.5999405912801792,0,Classical (all features),-0.8722853673858222,-0.7456016946630771,-1.504000051037259,0.05,-0.8722853673858222,0,0,0,0
2024,251653,9.99,0,-0.9666186484520995,0,Classical (all features),-1.1540108494941692,-1.0918406806164658,-2.2229897704275414,0.0,-1.1540108494941692,0,0,0,0
2024,62602,224.4,0,-1.3981462009522523,0,Classical (all features),-0.99319174916214,-1.3197198381374347,-1.7571816339589623,0.0,-0.99319174916214,0,0,0,0
2024,108100,23.42,0,-1.2037248186725407,0,Classical (all features),-1.0987478333206806,-1.295166441413456,-1.8958793008519332,0.0,-1.0987478333206806,0,0,0,0
2024,30398,9.13,1,-0.2531877288350096,1,Classical (all features),-0.15579721531036048,1.56139081774135,5.134767885996666,0.995,-0.15579721531036048,1,1,1,1
2024,64460,99.99,1,-0.20564818079116662,1,Classical (all features),-0.21001867048631795,0.9686281452074677,2.914151898165936,0.86,-0.21001867048631795,1,1,1,1
2024,48094,24.9,1,-0.3344701128123568,1,Classical (all features),0.06333351404676385,0.4408018981534423,0.8901091149141498,0.83,0.06333351404676385,0,1,1,1
2024,111441,23.88,0,-0.65898208948251,0,Classical (all features),-1.149373656165845,-1.0479151380281233,-1.360406017470553,0.015,-1.149373656165845,0,0,0,0
2024,111709,154.0,0,-0.2640811345202946,1,Classical (all features),-0.7404417134269108,-0.7005886757971868,-0.8838564509103424,0.0,-0.7404417134269108,0,0,0,0
2024,96994,7.53,1,0.14041011633329492,1,Classical (all features),0.711837123202969,0.7728497048506972,1.5152389630172667,0.985,0.711837123202969,1,1,1,1
2024,179542,0.0,0,-1.0314801631861006,0,Classical (all features),-0.35411490704392395,-0.9363720891099311,-1.6919185408473543,0.035,-0.35411490704392395,0,0,0,0
2024,203700,0.0,1,0.4395545872483107,1,Classical (all features),0.4065219101493021,1.330293932857415,2.979010289841759,0.995,0.4065219101493021,1,1,1,1
2024,273979,33.18,0,-1.1766762556818584,0,Classical (all features),-1.28727594004144,-1.0229278142558846,-1.655685815256636,0.0,-1.28727594004144,0,0,0,0
2024,249607,35.0,1,-0.13437708295988743,1,Classical (all features),-0.22111215712788296,-0.1196849708904354,-0.5327640797502134,0.675,-0.22111215712788296,0,0,1,1
2024,105301,0.76,0,0.4210415378680255,1,Classical (all features),-0.9298787997825606,-0.7730470920124833,-1.097789430235975,0.095,-0.9298787997825606,0,0,0,0
2024,224592,5.0,0,-1.2103688103723935,0,Classical (all features),-1.4324240951516138,-1.196811339875358,-1.7157061574702333,0.0,-1.4324240951516138,0,0,0,0
2024,5041,130.07,0,-1.214749285829861,0,Classical (all features),-0.5283203495039757,-1.3059174063556056,-2.310028977358461,0.005,-0.5283203495039757,0,0,0,0
2024,176604,62.0,0,-0.5519359995159616,0,Classical (all features),-0.964692122203507,-0.8083629762465095,-1.4078182071848238,0.01,-0.964692122203507,0,0,0,0
2024,119435,3.59,0,-0.8984154968759628,0,Classical (all features),-1.0726128566791153,-0.7494590885639433,-0.9508699075022281,0.005,-1.0726128566791153,0,0,0,0
2024,80852,34.85,0,-0.9741774724976706,0,Classical (all features),-0.8387418317505937,-0.5569479028663354,-1.1785442531441177,0.0,-0.8387418317505937,0,0,0,0
2024,42784,45.49,1,-0.217928438186719,1,Classical (all features),-0.014325904856583582,1.005827636014514,5.141807184865687,0.925,-0.014325904856583582,1,1,1,1
2024,30582,4.9,0,-1.6074459640605627,0,Classical (all features),-1.3991780468009305,-0.974315676963667,-1.242700887192826,0.0,-1.3991780468009305,0,0,0,0
2024,240608,16.99,0,-1.5439809107817317,0,Classical (all features),-1.4832790004339211,-1.0900868050346433,-1.530949319191821,0.0,-1.4832790004339211,0,0,0,0
2024,146790,829.41,1,-0.924114551107335,0,Classical (all features),-0.24934876611240758,-0.9162967064016162,-4.469016639375858,0.085,-0.24934876611240758,0,0,0,1
2024,195532,307.68,0,-1.0334671536398565,0,Classical (all features),-1.2633961480776932,-1.1638777103227675,-2.3660504095565136,0.02,-1.2633961480776932,0,0,0,0
2024,132441,80.0,0,-1.5464606211261758,0,Classical (all features),-1.0920787478034448,-1.484548494674391,-2.6255325205150486,0.0,-1.0920787478034448,0,0,0,0
2024,141258,0.0,1,-0.026577921726834625,1,Classical (all features),-0.1571206637762808,1.081083431671762,6.971283933742606,0.985,-0.1571206637762808,1,1,1,1
2024,158067,9.99,0,-0.9433441735093351,0,Classical (all features),-0.9840140422067198,-1.2390309987981487,-1.8116231604142117,0.0,-0.9840140422067198,0,0,0,0
2024,114506,72.6,0,-1.338966836536708,0,Classical (all features),-1.1986735535687008,-1.0697737645219476,-1.571551815914183,0.055,-1.1986735535687008,0,0,0,0
2024,246134,15.9,0,-1.229141076667868,0,Classical (all features),-0.8048205338938754,-0.771142290625925,-2.104942924945808,0.0,-0.8048205338938754,0,0,0,0
2024,145483,282.69,0,-1.1678329487957033,0,Classical (all features),-1.2639239400308713,-1.0661361404384069,-1.4066152394389562,0.0,-1.2639239400308713,0,0,0,0
2024,34439,11.5,0,-1.0193597672038455,0,Classical (all features),-1.1288261959934263,-0.9579473285904255,-1.7826662191641567,0.045,-1.1288261959934263,0,0,0,0
2024,13186,935.57,0,-1.100754210292518,0,Classical (all features),-0.25968460184881664,-0.17478661906125348,-0.14324195726315114,0.06,-0.25968460184881664,0,0,0,1
2024,190634,1.0,0,-0.8800894139579476,0,Classical (all features),-0.4018819033170433,-0.1381560879379311,-1.5454834616015574,0.065,-0.4018819033170433,0,0,0,0
2024,132294,5.99,0,-1.0466440349676749,0,Classical (all features),-1.0189685492807106,-1.6012825373359383,-2.4120793808435383,0.0,-1.0189685492807106,0,0,0,0
2024,235950,79.95,0,-1.6353128870173301,0,Classical (all features),-1.367548703475655,-1.2451513441443889,-1.6400674767860415,0.0,-1.367548703475655,0,0,0,0
2024,213154,139.91,0,-0.9137975529167846,0,Classical (all features),-0.8683043132962966,-1.4397152954498291,-3.878241787169542,0.01,-0.8683043132962966,0,0,0,0
2024,68074,8.0,0,-1.2804999470815812,0,Classical (all features),-1.409261561937215,-1.1881097385689947,-1.8445783082278142,0.0,-1.409261561937215,0,0,0,0
2024,249239,1096.99,1,-0.23107001449222575,1,Classical (all features),-0.5093081044717018,0.3113372645804682,-0.5029128458577807,0.07,-0.5093081044717018,0,0,0,0
2024,58077,0.77,0,-1.2544852654903451,0,Classical (all features),-0.22696215804464073,-1.2533271852770564,-3.9595737658943415,0.285,-0.22696215804464073,0,0,0,1
2024,238254,1.18,0,-1.2425667134156135,0,Classical (all features),-1.217796210860202,-0.8988627924589255,-1.4402160055318212,0.0,-1.217796210860202,0,0,0,0
2024,173475,250.0,0,-0.8663252413189015,0,Classical (all features),-0.9730322279800403,-0.9311824336170348,-1.9810970946167266,0.04,-0.9730322279800403,0,0,0,0
2024,231987,26.0,0,-1.2513637635376498,0,Classical (all features),-1.4675770946695195,-1.425270629562044,-2.0774977892387376,0.0,-1.4675770946695195,0,0,0,0
2024,39885,264.99,0,-1.2310062538928592,0,Classical (all features),-0.9071817004286284,-1.033884570775884,-1.2272484935205774,0.0,-0.9071817004286284,0,0,0,0
2024,50224,3.59,0,-0.3796833799157749,1,Classical (all features),-1.1285165951974392,-0.8463158502868863,-1.2363116135282974,0.03,-1.1285165951974392,0,0,0,0
2024,35043,246.5,0,-1.106381332757823,0,Classical (all features),-1.3068962834021933,-0.9741772216790948,-1.5399775784545793,0.015,-1.3068962834021933,0,0,0,0
2024,86155,101.5,1,-0.17217265489473396,1,Classical (all features),-0.17731764058733954,0.698310656958572,1.4416516378468731,0.985,-0.17731764058733954,1,1,1,1
2024,75199,22.99,0,-0.9193206282677806,0,Classical (all features),-0.9916302950547911,-0.8395067790688592,-1.1168770204058607,0.02,-0.9916302950547911,0,0,0,0
2024,71295,219.0,0,-0.969822883608972,0,Classical (all features),-1.1169868907649216,-1.250032763883083,-2.1765923044558497,0.025,-1.1169868907649216,0,0,0,0
2024,191267,7.18,1,-0.7406515595831509,0,Classical (all features),-0.294265480524147,-0.2636826764251722,-0.9696639698446106,0.245,-0.294265480524147,0,0,0,1
2024,61997,119.99,0,-1.2933039043598564,0,Classical (all features),-1.1469917764385968,-1.1787490504093858,-1.951281938855876,0.0,-1.1469917764385968,0,0,0,0
2024,274126,60.0,0,-1.371181874241501,0,Classical (all features),-1.5124255547513794,-1.1998846237887357,-1.6776219131423071,0.0,-1.5124255547513794,0,0,0,0
2024,197427,59.75,0,-0.9127905644004695,0,Classical (all features),-1.1706993683047344,-1.3381829281793678,-2.131302866895421,0.0,-1.1706993683047344,0,0,0,0
2024,149587,1.0,1,-0.754024066281765,0,Classical (all features),0.1869109419028201,-0.4429559020031383,-0.5985707017875096,0.375,0.1869109419028201,0,0,0,1
2024,17448,19.39,0,-1.3159012128869192,0,Classical (all features),-0.9977477347118866,-0.6405329891572972,-0.9681679810313052,0.015,-0.9977477347118866,0,0,0,0
2024,84179,296.0,0,-1.2627111435270821,0,Classical (all features),-0.8533759054840326,-1.1799649670233108,-1.9859493713106706,0.0,-0.8533759054840326,0,0,0,0
2024,94810,7.49,0,-1.4160118287941739,0,Classical (all features),-1.1492983220332944,-1.0101453700151208,-1.294134433256174,0.0,-1.1492983220332944,0,0,0,0
2024,143503,19.99,0,-1.1257335888242017,0,Classical (all features),-0.907719335203,-0.99895350294444,-1.546654139188997,0.205,-0.907719335203,0,0,0,0
2024,180318,20.0,0,-1.0909724772755809,0,Classical (all features),-0.9262571386721963,-1.1809600723139995,-2.3123115405088726,0.01,-0.9262571386721963,0,0,0,0
2024,43204,106.55,1,-0.14789635777951077,1,Classical (all features),-0.09858668302990135,0.8555488167995957,0.7424780532622093,0.99,-0.09858668302990135,1,0,1,1
2024,267463,1.79,0,-1.2414840712368338,0,Classical (all features),-1.3119037261095992,-1.1818152994784334,-1.678776283173043,0.0,-1.3119037261095992,0,0,0,0
2024,47821,1.0,0,-1.5955319803849102,0,Classical (all features),-1.2896258068486541,-1.0888183018841313,-1.4668759777017737,0.0,-1.2896258068486541,0,0,0,0
2024,25913,166.58,0,-1.5516157970768552,0,Classical (all features),-1.1726665183140874,-1.2565854400875507,-1.6480269484109111,0.02,-1.1726665183140874,0,0,0,0
2024,188334,46.0,0,-1.262086241201572,0,Classical (all features),-1.0261158294183663,-1.4166449789546642,-2.1832644401293453,0.0,-1.0261158294183663,0,0,0,0
2024,153874,18.31,0,-1.3265112594301234,0,Classical (all features),-0.5006034897323256,-1.3499521081476038,-2.089902212948352,0.0,-0.5006034897323256,0,0,0,0
2024,83543,168.0,0,-0.24185516772709112,1,Classical (all features),-1.1725485167956684,-0.9202784077753655,-1.0095532863477565,0.03,-1.1725485167956684,0,0,0,0
2024,72752,983.05,0,-0.4457847008118111,1,Classical (all features),-0.49964480094730285,0.0682950216826207,0.22879824195330412,0.13,-0.49964480094730285,0,0,0,0
2024,113924,1.23,0,-1.1830388137515775,0,Classical (all features),-1.4294852550082537,-1.192064074903859,-1.5652730663298888,0.015,-1.4294852550082537,0,0,0,0
2024,44147,1163.5,0,-0.6542616619163453,0,Classical (all features),-0.22117667163071766,-0.5434282358948005,-4.365254365634081,0.105,-0.22117667163071766,0,0,0,1
2024,59087,584.7,0,-1.372402435423648,0,Classical (all features),-0.7262003442383309,-0.5523335971869242,-0.9542877395169026,0.075,-0.7262003442383309,0,0,0,0
2024,133794,111.16,0,-1.6602479394242864,0,Classical (all features),-1.4700649647973294,-1.4970839653749155,-2.2855754239057893,0.0,-1.4700649647973294,0,0,0,0
2024,57197,46.58,0,-1.7917427624064886,0,Classical (all features),-1.2887286377784477,-1.1006078365474568,-1.2763428655000388,0.0,-1.2887286377784477,0,0,0,0
2024,275083,10.0,0,-1.0419923600610614,0,Classical (all features),-0.9988865368271338,-1.0396223097108521,-1.9039228234567527,0.03,-0.9988865368271338,0,0,0,0
2024,49339,2.98,0,-1.2135029661328296,0,Classical (all features),-1.257188438731827,-1.3836222052180536,-2.2383672656362426,0.02,-1.257188438731827,0,0,0,0
2024,108370,4.49,0,-1.668686948186536,0,Classical (all features),-1.179002826503297,-0.950818088926973,-1.210947422499654,0.0,-1.179002826503297,0,0,0,0
2024,180515,1.98,0,-1.0839911389693058,0,Classical (all features),-1.0382228515414682,-0.8961416383395592,-1.8068780322334386,0.1,-1.0382228515414682,0,0,0,0
2024,235644,122.68,1,-0.043202178683693304,1,Classical (all features),0.3115616445736981,1.2444761167472524,2.5339518158737064,0.98,0.3115616445736981,1,1,1,1
2024,177620,5.42,0,-0.9864990432471168,0,Classical (all features),-0.4891871659823307,-1.5820951947181503,-2.394123613595859,0.0,-0.4891871659823307,0,0,0,0
2024,14104,3.12,1,-0.7181639296652964,0,Classical (all features),0.23306971337733007,-0.45343063243434967,-0.7938733126259798,0.01,0.23306971337733007,0,0,0,1
2024,120215,10.88,0,-1.0154034400767913,0,Classical (all features),-1.3621850604860402,-1.0952628863665046,-1.4698816635925624,0.005,-1.3621850604860402,0,0,0,0
2024,270776,0.99,0,-1.161550033205964,0,Classical (all features),-1.2648208094840332,-0.948602528413783,-1.517222636227316,0.0,-1.2648208094840332,0,0,0,0
2024,15736,99.99,1,-0.29106972627177374,1,Classical (all features),-0.22106771849902954,0.589484101589422,5.1141489614444025,0.905,-0.22106771849902954,1,1,1,1
2024,136529,78.1,0,-1.0333354488911068,0,Classical (all features),-1.2823261110605266,-1.2436792182007976,-1.6247314579195284,0.0,-1.2823261110605266,0,0,0,0
2024,172220,39.0,0,-1.1112918130464622,0,Classical (all features),-1.3924255473174154,-1.3075520317588656,-1.8055434024260735,0.0,-1.3924255473174154,0,0,0,0
2024,153803,12.0,0,-1.333199283301083,0,Classical (all features),-0.871784427132327,-1.1619829438191696,-1.6670417074862391,0.0,-0.871784427132327,0,0,0,0
2024,281144,245.0,1,0.029582409930885206,1,Classical (all features),0.14232058768962919,0.48372793709752193,1.1212907707500996,0.685,0.14232058768962919,0,1,1,1
2024,163077,20.74,0,-1.4509468613546015,0,Classical (all features),-1.0040714627666067,-0.968386470699386,-2.0531478541308257,0.01,-1.0040714627666067,0,0,0,0
2024,17050,299.23,0,-0.899766835004427,0,Classical (all features),-1.0100512839813545,-0.9789547012534449,-1.680615493451488,0.015,-1.0100512839813545,0,0,0,0
2024,39677,43.87,0,-1.2374297331018778,0,Classical (all features),-1.3095449855509191,-1.1203080191137311,-1.4215650705007776,0.01,-1.3095449855509191,0,0,0,0
2024,213209,45.95,0,-1.4607491053783919,0,Classical (all features),-1.1477650832003015,-1.3604729668684064,-2.0004240853480733,0.0,-1.1477650832003015,0,0,0,0
2024,222421,120.0,0,-0.6153710060574207,0,Classical (all features),-0.22106787724479166,0.5516209905740785,13.295293423735382,0.625,-0.22106787724479166,1,1,0,1
2024,245066,3.99,0,-1.2143737265952128,0,Classical (all features),-1.5808696993173963,-1.2415967806376074,-1.7675525911229224,0.0,-1.5808696993173963,0,0,0,0
2024,89004,149.0,0,-0.8937659547633161,0,Classical (all features),-1.5478893121985409,-1.0531729617456569,-1.4533525633238902,0.02,-1.5478893121985409,0,0,0,0
2024,9179,1.0,1,-0.2322050904978672,1,Classical (all features),-0.10524102161927486,0.9238854593702932,8.344996719082467,0.86,-0.10524102161927486,1,1,1,1
2024,41943,0.76,1,-0.16691583074908486,1,Classical (all features),-0.14916382719253374,0.7524429061087788,11.235064830289549,0.97,-0.14916382719253374,1,1,1,1
2024,265300,29.74,0,-1.2735380518800077,0,Classical (all features),-1.1630814779650753,-1.465312717332473,-2.1136741669780426,0.0,-1.1630814779650753,0,0,0,0
2024,238222,1.1,1,0.03631772620627316,1,Classical (all features),-0.2126988264258937,0.8354291228156792,1.8657979030408882,0.695,-0.2126988264258937,1,1,1,1
2024,147403,1.0,0,-0.8127264173137991,0,Classical (all features),-0.5159531382359481,-0.43382555928764144,-0.9804801622876764,0.175,-0.5159531382359481,0,0,0,0
2024,189945,38.96,0,-1.492626743283828,0,Classical (all features),-1.2354759660194419,-1.382042388540352,-2.18852433295676,0.0,-1.2354759660194419,0,0,0,0
2024,150667,78.0,1,0.99981059825209,1,Classical (all features),1.0000279783935582,1.0001857022567229,4.007178899111608,1.0,1.0000279783935582,1,1,1,1
2024,235155,79.0,0,-0.2874529870532143,1,Classical (all features),-0.3782556169289323,-0.6216731781444954,-1.665594633622538,0.405,-0.3782556169289323,0,0,0,0
2024,11879,0.99,0,-1.4729986043186185,0,Classical (all features),-0.9155979663245415,-0.9037962393984839,-1.1868786100708055,0.005,-0.9155979663245415,0,0,0,0
2024,255007,21.15,0,-0.7352675949732339,0,Classical (all features),-1.2075311958118011,-1.0120178952204189,-1.4318678172482442,0.0,-1.2075311958118011,0,0,0,0
2024,212943,0.76,0,-0.9152014496779428,0,Classical (all features),-0.48523656794824577,-0.682626155583656,-1.0972870606005352,0.205,-0.48523656794824577,0,0,0,0
2024,182992,3.22,1,-0.7442164975569621,0,Classical (all features),0.012747083763871847,-0.27923654427476363,-0.6581211972129984,0.285,0.012747083763871847,0,0,0,1
2024,278450,19.99,0,-1.6437244585462356,0,Classical (all features),-1.5209289700634023,-1.2791920883021768,-2.0067335827016004,0.0,-1.5209289700634023,0,0,0,0
2024,73681,0.76,0,-1.246909684689088,0,Classical (all features),-1.0377588155015374,-0.751788580765722,-1.3517766621926868,0.0,-1.0377588155015374,0,0,0,0
2024,156990,186.13,1,0.5635076284823808,1,Classical (all features),0.3691873951708842,1.5047120518710804,3.571684530172919,0.985,0.3691873951708842,1,1,1,1
2024,101851,30.72,0,-0.5863937153778191,0,Classical (all features),-0.5394865241061624,-0.985982782219695,-3.277915270665545,0.035,-0.5394865241061624,0,0,0,0
2024,133678,125.1,0,-1.2552771396731754,0,Classical (all features),-0.8997471328739077,-1.1496750813215466,-2.007099781389289,0.03,-0.8997471328739077,0,0,0,0
2024,64544,1.0,0,-1.1533595556435248,0,Classical (all features),-1.1409448594248115,-0.863062690439251,-1.1745982913689939,0.01,-1.1409448594248115,0,0,0,0
2024,20198,104.81,1,-1.1336387592916386,0,Classical (all features),-0.41114524062910884,-1.3940860336416616,-2.3934281748770054,0.005,-0.41114524062910884,0,0,0,0
2024,107486,56.0,0,-1.5737795691931802,0,Classical (all features),-1.08478175946464,-1.301840609434501,-1.8459837293459274,0.0,-1.08478175946464,0,0,0,0
2024,32846,0.76,0,-1.2472261530983624,0,Classical (all features),-0.990495787472905,-0.7015482241547052,-1.2970705340249433,0.0,-0.990495787472905,0,0,0,0
2024,23422,717.15,1,0.5410941923717527,1,Classical (all features),-0.05003830542326426,1.158841613800457,2.570039458618605,0.98,-0.05003830542326426,1,1,1,1
2024,277125,35.0,0,-1.426454112076978,0,Classical (all features),-1.3992349000262103,-1.429751587669986,-2.239813366306943,0.01,-1.3992349000262103,0,0,0,0
2024,84574,0.44,0,-1.2739312983446496,0,Classical (all features),-0.9733568883850057,-1.496072531574157,-2.1666583089740334,0.0,-0.9733568883850057,0,0,0,0
2024,241445,10.7,1,-0.12533545418404574,1,Classical (all features),0.17757727707210524,0.5485867085829648,1.0298259707651278,0.705,0.17757727707210524,1,1,1,1
2024,54433,234.91,0,-1.5515916219722414,0,Classical (all features),-1.300583571630061,-0.9154495850236825,-1.1836394655164857,0.0,-1.300583571630061,0,0,0,0
2024,216000,30.0,0,-0.821542737145563,0,Classical (all features),-1.1660731166490395,-0.6618205772976594,-0.7475968126002339,0.29,-1.1660731166490395,0,0,0,0
2024,53263,22.47,0,-0.5793242337454461,0,Classical (all features),-0.23159117879021396,-0.4766441729611198,-6.245459809850523,0.135,-0.23159117879021396,0,0,0,1
2024,42936,59.68,1,-0.20983896232571309,1,Classical (all features),0.11611205773352884,1.0133794230052902,3.08314760334195,0.965,0.11611205773352884,1,1,1,1
2024,20944,567.13,0,-1.424945169661255,0,Classical (all features),-0.6427137223126496,-0.6465372864846938,-1.0380767641071083,0.055,-0.6427137223126496,0,0,0,0
2024,192051,45.0,0,-1.332707878174364,0,Classical (all features),-1.3288475131342374,-1.3384771844380272,-2.0201071469397385,0.0,-1.3288475131342374,0,0,0,0
2024,244333,1.0,1,0.01245442122624596,1,Classical (all features),-0.2102118094940716,0.6833513460765863,1.8651047562181835,0.85,-0.2102118094940716,1,1,1,1
2024,157918,635.1,1,-0.8282055215988422,0,Classical (all features),-0.3297366450065001,-0.9047950169771174,-1.9837378682092848,0.04,-0.3297366450065001,0,0,0,1
2024,106014,15.3,0,-0.02904682118689983,1,Classical (all features),-0.42234562973345735,0.0816480228928278,0.12312861369447892,0.29,-0.42234562973345735,0,0,0,0
2024,269762,0.76,0,-0.9527692152017213,0,Classical (all features),-1.574050133253077,-1.1106435574992624,-1.8276336445794918,0.005,-1.574050133253077,0,0,0,0
2024,202225,16.1,0,-1.3091714203603517,0,Classical (all features),-1.2528684495067248,-1.270250122641598,-2.0181379200546417,0.025,-1.2528684495067248,0,0,0,0
2024,38023,4.99,0,-0.6608138860506505,0,Classical (all features),-0.9115219425091925,-0.8891407739168921,-1.6682837204607721,0.21,-0.9115219425091925,0,0,0,0
2024,159446,25.19,0,-1.1837721133740968,0,Classical (all features),-0.3840305627175004,0.07025789399530707,-0.07831268532643776,0.255,-0.3840305627175004,0,0,0,0
2024,38776,119.79,0,-1.3660545479351613,0,Classical (all features),-1.1918016446873896,-1.2628073798283541,-1.549843085081416,0.0,-1.1918016446873896,0,0,0,0
2024,236087,70.0,0,-1.2813697293908735,0,Classical (all features),-1.5305732642551357,-1.250885133595824,-1.7544851364646037,0.005,-1.5305732642551357,0,0,0,0
2024,150804,36.0,0,-1.5243827667056522,0,Classical (all features),-1.0316400734246653,-1.2465765319419257,-1.6532322704586693,0.0,-1.0316400734246653,0,0,0,0
2024,224681,0.89,0,-1.1416142132416034,0,Classical (all features),-1.2837339198562543,-1.1384735588644128,-1.6179567826614856,0.0,-1.2837339198562543,0,0,0,0
2024,105907,87.9,0,-1.3893203487504913,0,Classical (all features),-1.0555842824293193,-0.8051427046987242,-0.8003557443979092,0.0,-1.0555842824293193,0,0,0,0
2024,148999,0.0,0,-1.0990344307653446,0,Classical (all features),-0.4810390086735049,-0.9770195009602588,-1.430512269671163,0.0,-0.4810390086735049,0,0,0,0
2024,150056,59.9,0,-1.0814407271820545,0,Classical (all features),-0.9153832926610457,-1.0681405489063422,-1.6025282378325698,0.0,-0.9153832926610457,0,0,0,0
2024,201131,300.0,0,-0.8630238460530193,0,Classical (all features),-0.732196228546171,-1.2525687192836616,-2.0401436895219724,0.005,-0.732196228546171,0,0,0,0
2024,243749,1.0,1,-0.11911205542570277,1,Classical (all features),-0.21035414753233164,0.7260285214103638,2.139918301200021,0.88,-0.21035414753233164,1,1,1,1
2024,280904,0.99,0,-1.3546484938971752,0,Classical (all features),-1.4483370565524156,-1.291335450849636,-1.9537461662382496,0.0,-1.4483370565524156,0,0,0,0
2024,219892,0.76,1,-0.4903451689099136,0,Classical (all features),-0.35838152567708037,-0.42354150888754727,-0.5764949694602775,0.245,-0.35838152567708037,0,0,0,0
2024,268762,2.5,0,-1.519145705511926,0,Classical (all features),-1.192847195607547,-1.434973198931453,-2.675303857812324,0.0,-1.192847195607547,0,0,0,0
2024,18432,1.29,0,-1.2334411152569096,0,Classical (all features),-1.4365494855515457,-1.3203282259611644,-1.8259638238181866,0.005,-1.4365494855515457,0,0,0,0
2024,279863,390.0,1,0.16639011375160456,1,Classical (all features),0.4133629858604088,0.9317158192826553,2.3040271226512656,0.955,0.4133629858604088,1,1,1,1
2024,274585,0.0,0,-0.7801205110900364,0,Classical (all features),-0.9117898307770989,-1.1914794729858444,-2.087062486230137,0.01,-0.9117898307770989,0,0,0,0
2024,55736,8.99,0,-1.4983979019954878,0,Classical (all features),-1.2022071478185192,-1.206683713775068,-1.6758148718528063,0.0,-1.2022071478185192,0,0,0,0
2024,249731,69.0,0,-0.9973321204840846,0,Classical (all features),-1.2501694065276336,-1.0688856660833554,-1.4882063142719277,0.0,-1.2501694065276336,0,0,0,0
2024,204176,0.89,0,-1.1192685712366006,0,Classical (all features),-1.2460815433448162,-1.2527484380747493,-2.5594681609873193,0.02,-1.2460815433448162,0,0,0,0
2024,92403,39.97,0,-0.8778644513854819,0,Classical (all features),-1.2371933455486395,-1.499769708646248,-2.718633997993976,0.01,-1.2371933455486395,0,0,0,0
2024,197724,157.75,0,-0.7971800370808242,0,Classical (all features),-0.74808129976297,-0.9225550605470662,-1.8789673672471932,0.025,-0.74808129976297,0,0,0,0
2024,10568,1.0,1,-0.004671334828254464,1,Classical (all features),-0.2113683801362431,0.7998871741108462,9.793422626763936,0.985,-0.2113683801362431,1,1,1,1
2024,263351,56.16,0,-1.5320014999138876,0,Classical (all features),-1.313510505332231,-1.2874342917139439,-1.731573387913202,0.0,-1.313510505332231,0,0,0,0
2024,16415,23.36,1,-0.09442364671889564,1,Classical (all features),0.28332249358746847,1.0145757704460483,1.8532578694298205,0.99,0.28332249358746847,1,1,1,1
2024,183257,26.58,0,-0.9696829901059136,0,Classical (all features),-1.2325184789947037,-1.4863264229240691,-2.0907291646036557,0.0,-1.2325184789947037,0,0,0,0
2024,221018,320.01,1,-0.20924676672348297,1,Classical (all features),0.03537011576381771,1.5067007641809704,3.1680425514402852,0.985,0.03537011576381771,1,1,1,1
2024,172692,2.24,0,-0.671618869404778,0,Classical (all features),-0.9043316544847493,-0.6759121923324262,-1.1170019943844811,0.255,-0.9043316544847493,0,0,0,0
2024,246031,63.92,0,-1.1831039837211186,0,Classical (all features),-1.024467410049041,-0.9822208186570104,-1.1534825400845996,0.0,-1.024467410049041,0,0,0,0
2024,237691,4.46,0,0.04679027709028241,1,Classical (all features),-0.47080612943422495,-0.6462269461648115,-1.5489802236957053,0.265,-0.47080612943422495,0,0,0,0
2024,57860,36.25,0,-1.2621224267975026,0,Classical (all features),-1.4406035734632034,-1.2468136917590273,-1.6559573970703862,0.0,-1.4406035734632034,0,0,0,0
2024,188939,1.98,0,-1.291975032685288,0,Classical (all features),-1.2264496421142392,-1.067182695253102,-1.5243754816645765,0.0,-1.2264496421142392,0,0,0,0
2024,42549,88.23,1,0.048943042723700314,1,Classical (all features),0.37449616527014457,0.9785176948923449,9.468122218779675,0.985,0.37449616527014457,1,1,1,1
2024,9670,39.0,0,-1.3829500637228458,0,Classical (all features),-1.0590921320831903,-0.973405697383407,-1.5987594706264838,0.02,-1.0590921320831903,0,0,0,0
2024,174727,1.98,0,-0.6979186874624481,0,Classical (all features),-0.6516407464728705,-0.3113898865399436,-1.4550900115681284,0.075,-0.6516407464728705,0,0,0,0
2024,108062,1.0,0,-1.2879105057609137,0,Classical (all features),-0.7895620418842186,-0.7628142339023111,-1.7979653573908223,0.215,-0.7895620418842186,0,0,0,0
2024,116404,311.28,1,-0.21099975374938632,1,Classical (all features),-0.20226545221633077,0.35502398643224214,0.2206144489264532,0.725,-0.20226545221633077,0,0,1,1
2024,139402,36.39,0,-1.5846626055287454,0,Classical (all features),-1.4103133915455872,-1.0406246133515773,-1.2819854894085885,0.015,-1.4103133915455872,0,0,0,0
2024,63878,101.09,0,-0.9751787358235482,0,Classical (all features),-0.511424548480585,-0.9063349538501081,-4.8839362091383585,0.105,-0.511424548480585,0,0,0,0
2024,246513,84.92,0,-1.350496721893999,0,Classical (all features),-1.7185079684604483,-1.3489602645840857,-1.960171805845793,0.0,-1.7185079684604483,0,0,0,0
2024,54182,160.5,0,-1.210181799105519,0,Classical (all features),-1.4481427531046211,-0.9803985226878295,-1.2336730548061614,0.01,-1.4481427531046211,0,0,0,0
2024,182234,33.6,0,-1.2914583333542364,0,Classical (all features),-1.1837039397025502,-1.4486566318867964,-2.341466059191461,0.0,-1.1837039397025502,0,0,0,0
2024,42473,3.79,1,-0.2587091872638262,1,Classical (all features),-0.09156892921245474,0.9177408170967064,9.975740449435756,0.965,-0.09156892921245474,1,1,1,1
2024,160970,1.0,0,-1.0642984390640657,0,Classical (all features),-1.5131511894827376,-1.3394169482782528,-1.9030561245899114,0.0,-1.5131511894827376,0,0,0,0
2024,186378,18.53,0,-1.3569076321522189,0,Classical (all features),-1.0986430944521597,-1.502918125151405,-2.7405533001143527,0.0,-1.0986430944521597,0,0,0,0
2024,250161,9.78,0,-0.8754284463534892,0,Classical (all features),-0.682101725114765,-0.36755225445009954,-0.2831860181377761,0.285,-0.682101725114765,0,0,0,0
2024,10973,11.85,0,-1.4411820449231438,0,Classical (all features),-0.8847320980324991,-1.3223874786729488,-1.846924058784457,0.0,-0.8847320980324991,0,0,0,0
2024,151693,41.31,0,-1.4718056647517106,0,Classical (all features),-0.40772553792878213,-1.2421318774076386,-1.8507756274991285,0.0,-0.40772553792878213,0,0,0,0
2024,40104,85.8,0,-1.5170101087547716,0,Classical (all features),-0.9614423436699697,-1.3418558040142643,-1.8290369379343239,0.01,-0.9614423436699697,0,0,0,0
2024,209899,1.0,0,-1.3128187675746494,0,Classical (all features),-0.6948351968201029,-0.9686452418840298,-1.50174388474482,0.005,-0.6948351968201029,0,0,0,0
2024,129678,9.03,0,-1.075792306327317,0,Classical (all features),-1.253527425317918,-1.2116546382287052,-1.5811391330524425,0.0,-1.253527425317918,0,0,0,0
2024,97829,11.5,0,-1.5626267438475379,0,Classical (all features),-1.4345911086370693,-1.2129418273835197,-1.5687159389282208,0.0,-1.4345911086370693,0,0,0,0
2024,36036,149.97,0,-0.7955763486515623,0,Classical (all features),-0.7488112490497094,-1.3779072292450887,-2.4128224941504173,0.0,-0.7488112490497094,0,0,0,0
2024,120528,37.15,0,-1.1896602800111749,0,Classical (all features),-1.1118103540821154,-1.3892609319312434,-2.0792148691255314,0.0,-1.1118103540821154,0,0,0,0
2024,232046,708.99,0,-1.0043728009568085,0,Classical (all features),-0.868040284307734,-0.478675670848988,-1.0166512095011864,0.045,-0.868040284307734,0,0,0,0
2024,226814,667.55,1,0.030726441779526825,1,Classical (all features),-0.10298427639219476,0.5379427089257374,1.1431811917086574,0.68,-0.10298427639219476,1,1,1,1
2024,195455,9.99,0,-1.5843925356534292,0,Classical (all features),-1.3338554823363686,-1.179262565656356,-1.6794287436227595,0.0,-1.3338554823363686,0,0,0,0
2024,160006,1.0,0,-1.4552216893188619,0,Classical (all features),-0.9013465650998338,-1.3682841895811668,-2.0189827800137037,0.0,-0.9013465650998338,0,0,0,0
2024,138019,1.98,0,-1.3906455664979023,0,Classical (all features),-1.093580758014018,-1.0039645021749228,-1.2229181392185313,0.0,-1.093580758014018,0,0,0,0
2024,50211,1.0,1,-0.22739027887190422,1,Classical (all features),-0.04852091499591757,0.8244776864825968,1.6157602671291416,0.68,-0.04852091499591757,1,1,1,1
2024,42635,11.38,1,0.024366612903219925,1,Classical (all features),0.28953682939789877,1.0346539733365459,7.81287909449857,0.89,0.28953682939789877,1,1,1,1
2024,5973,231.48,0,-0.7148493677105829,0,Classical (all features),-0.6473772994574644,-0.6548329231988624,-0.8432974809137385,0.155,-0.6473772994574644,0,0,0,0
2024,198313,59.95,0,-0.5090482759211725,0,Classical (all features),-0.22106796204013276,0.36876943466385725,-7.3863183952625135,0.385,-0.22106796204013276,0,0,0,1
2024,50601,52.5,0,-1.602792573628265,0,Classical (all features),-0.9476903311203622,-1.3108236879230901,-2.00440273936435,0.0,-0.9476903311203622,0,0,0,0
2024,122645,11.57,0,-1.1143040034138412,0,Classical (all features),-0.8880333695597586,-1.4349429484241436,-2.8817193024995893,0.0,-0.8880333695597586,0,0,0,0
2024,248565,140.4,0,-1.6307318281487444,0,Classical (all features),-1.38615335655713,-1.229150981524994,-1.4389483132272796,0.005,-1.38615335655713,0,0,0,0
2024,276009,29.0,0,-0.9557555438759595,0,Classical (all features),-1.1982491241324742,-1.177598105867082,-1.9573059609504402,0.015,-1.1982491241324742,0,0,0,0
2024,169457,11789.84,0,-0.09628064787583795,1,Classical (all features),-0.22106787724479166,0.5516201747124662,16.9351782272195,0.84,-0.22106787724479166,1,1,1,1
2024,195515,162.03,0,-1.6309725457246032,0,Classical (all features),-0.6693562558995088,-1.2065358502759214,-1.7283952897877743,0.0,-0.6693562558995088,0,0,0,0
2024,255317,15.33,0,-1.0598565928720418,0,Classical (all features),-1.3155705998351626,-1.403179741499093,-2.73502362299764,0.015,-1.3155705998351626,0,0,0,0
2024,219890,1.29,0,-1.784910136216408,0,Classical (all features),-1.2677735183466987,-1.2375793060854958,-1.8664571715845442,0.005,-1.2677735183466987,0,0,0,0
2024,184379,25.0,1,-0.0075851004417341605,1,Classical (all features),-0.010122629313785547,0.40125991222071156,0.5894866825009368,0.695,-0.010122629313785547,0,0,1,1
2024,50537,1.0,1,-1.6364224145728303,0,Classical (all features),-1.1895363808120614,-1.1926096013299126,-1.689507656504839,0.005,-1.1895363808120614,0,0,0,0
2024,167673,14.02,0,-1.456911112635151,0,Classical (all features),-1.5655669974034274,-1.3130822987580517,-1.990175859193413,0.0,-1.5655669974034274,0,0,0,0
2024,8617,1.0,1,0.1412172039758564,1,Classical (all features),0.07951392362264115,1.4085505738303699,2.9027635509978653,0.99,0.07951392362264115,1,1,1,1
2024,213533,26.89,0,-0.9193294792185005,0,Classical (all features),-0.7345910532820312,-0.8673434846099494,-1.6933219522054523,0.11,-0.7345910532820312,0,0,0,0
2024,61046,1.0,0,-1.2588649992581733,0,Classical (all features),-0.8030699311895859,-0.7311906884276979,-1.7240693784407033,0.1,-0.8030699311895859,0,0,0,0
2024,64232,12.31,0,-0.7575333533212201,0,Classical (all features),-1.187785018617362,-0.8466281036552384,-1.2005341802534182,0.0,-1.187785018617362,0,0,0,0
2024,265871,1.29,0,-1.432288194354922,0,Classical (all features),-1.2904910482270782,-1.163101314514595,-1.6617073803999558,0.0,-1.2904910482270782,0,0,0,0
2024,100623,549.06,1,-1.4863461078539422,0,Classical (all features),-0.9769079162036189,-1.1145763465389895,-1.6508750994844947,0.005,-0.9769079162036189,0,0,0,0
2024,225060,48.0,0,-1.3278338564984458,0,Classical (all features),-1.3618878536091348,-1.3747532623993073,-1.9282150127943485,0.0,-1.3618878536091348,0,0,0,0
2024,218737,19.98,0,-0.6881569818405648,0,Classical (all features),-0.8863728267712325,-1.1463752856350742,-1.5643276729247373,0.035,-0.8863728267712325,0,0,0,0
2024,202964,180.3,0,-1.6884138359155494,0,Classical (all features),-1.3957304297963853,-1.2816822595043216,-1.5994531742670597,0.0,-1.3957304297963853,0,0,0,0
2024,89767,22.78,0,-1.0012881666855482,0,Classical (all features),-1.02992078156342,-0.9152952749443634,-1.6062425976787358,0.07,-1.02992078156342,0,0,0,0
2024,254344,187.11,1,-1.2656340577837195,0,Classical (all features),-1.2937658523906002,-1.0030197783048793,-1.1498076237413857,0.0,-1.2937658523906002,0,0,0,0
2024,154234,1.0,1,-0.15858298723758227,1,Classical (all features),-0.2210673076443197,0.5708408563858061,1.7529208112618708,0.61,-0.2210673076443197,1,1,0,1
2024,189419,25.9,0,-0.6489931566349882,0,Classical (all features),-1.1904451286081235,-0.7435441263119328,-1.442473082570375,0.005,-1.1904451286081235,0,0,0,0
2024,78281,25.97,0,-1.0296435074336607,0,Classical (all features),-1.4020878586869603,-1.3189145362007832,-2.440924323416673,0.01,-1.4020878586869603,0,0,0,0
2024,223366,1.0,1,0.017012017415901304,1,Classical (all features),0.6524452564502641,0.8446344994518613,1.7467073381883582,0.97,0.6524452564502641,1,1,1,1
2024,148180,118.8,0,-1.3019594578402014,0,Classical (all features),-1.0675383030890082,-1.2780623206874893,-1.741199841113422,0.0,-1.0675383030890082,0,0,0,0
2024,77387,444.17,1,0.13169987386203363,1,Classical (all features),0.3270462403153334,0.9870469545306555,2.235225500315889,0.715,0.3270462403153334,1,1,1,1
2024,171801,184.0,0,-0.9552925626849627,0,Classical (all features),-1.5388021546562711,-1.2967945488537707,-1.6467459004618672,0.0,-1.5388021546562711,0,0,0,0
2024,186933,185.0,0,-1.552476937765424,0,Classical (all features),-1.0875881703334584,-1.3420315141807686,-1.6702450495803272,0.005,-1.0875881703334584,0,0,0,0
2024,28458,810.62,0,-0.8029196536103063,0,Classical (all features),-0.30379865507998227,0.072721238991721,0.10890930151624145,0.14,-0.30379865507998227,0,0,0,1
2024,126805,52.95,0,-1.8358702715171613,0,Classical (all features),-0.9481864781494409,-1.1603194303948272,-1.3264012728852816,0.0,-0.9481864781494409,0,0,0,0
2024,237184,10.82,0,-0.9786390807113365,0,Classical (all features),-0.8030729466926778,-0.9448816857956207,-1.4776933703740571,0.005,-0.8030729466926778,0,0,0,0
2024,4632,49.99,0,-0.9056795423274862,0,Classical (all features),-0.883274943556714,-0.8664395869268228,-1.1216432765960762,0.0,-0.883274943556714,0,0,0,0
2024,39440,6.95,0,-0.7411685713521801,0,Classical (all features),-1.0377987944065712,-0.7221455894475847,-0.8470875146314921,0.0,-1.0377987944065712,0,0,0,0
2024,95597,1354.25,1,-0.35310407472153893,1,Classical (all features),-0.22125179189604524,0.4480205430231977,0.6495264034352208,0.83,-0.22125179189604524,0,0,1,1
2024,5573,26.99,0,-1.242125921463639,0,Classical (all features),-0.6354702214740524,-0.8958902480154171,-1.0066145771556791,0.0,-0.6354702214740524,0,0,0,0
2024,47365,31.25,0,-1.4037783982180148,0,Classical (all features),-1.3777997820722045,-1.455435805196227,-2.304639387042969,0.0,-1.3777997820722045,0,0,0,0
2024,168546,5.71,0,-1.1477306814885557,0,Classical (all features),-1.2076454875888767,-1.1756438936311873,-1.5971967331871777,0.0,-1.2076454875888767,0,0,0,0
2024,27749,19.02,1,-0.28801054716091595,1,Classical (all features),-0.10564019772850294,1.279006857723197,6.561820029529123,0.965,-0.10564019772850294,1,1,1,1
2024,16932,12.99,0,-0.7429362211094808,0,Classical (all features),-1.0734955327479327,-0.9749642151491772,-1.4085185386056842,0.53,-1.0734955327479327,0,0,0,0
2024,9509,1.0,1,0.017278502269436558,1,Classical (all features),-0.21005036043411565,0.7912095657165389,9.874178788008598,0.975,-0.21005036043411565,1,1,1,1
2024,186885,9.0,0,-1.6401768513571338,0,Classical (all features),-0.9608661388088728,-1.0562725923711613,-1.4759467392536048,0.0,-0.9608661388088728,0,0,0,0
2024,184299,58.5,0,-1.2440074209520489,0,Classical (all features),-0.5951188067979671,-0.9903882879611124,-1.514350266001613,0.055,-0.5951188067979671,0,0,0,0
2024,210750,15.0,0,-1.155559214290474,0,Classical (all features),-1.2953708998505602,-1.0592005569954646,-1.626599307048699,0.0,-1.2953708998505602,0,0,0,0
2024,177195,11.0,1,-0.38277631541027973,1,Classical (all features),0.07153752231093818,0.2498833054018179,0.39859424794332443,0.705,0.07153752231093818,0,0,1,1
2024,238832,0.89,0,-1.1952147404459825,0,Classical (all features),-1.3254387283778768,-1.0913979134534348,-1.6304152201758098,0.0,-1.3254387283778768,0,0,0,0
2024,160176,48.99,0,-0.39232694711466853,1,Classical (all features),-0.7375395132602967,-0.5499843057749193,-1.0029342442363038,0.065,-0.7375395132602967,0,0,0,0
2024,267433,100.0,0,-1.3999387962133987,0,Classical (all features),-1.1494896443120557,-1.2120375286227478,-1.5026308690487356,0.01,-1.1494896443120557,0,0,0,0
2024,105376,49.95,0,-1.5718202155526122,0,Classical (all features),-1.0719278262452918,-1.26130091991743,-1.6767634408626373,0.0,-1.0719278262452918,0,0,0,0
2024,249201,8.59,0,-1.211797779531979,0,Classical (all features),-1.264552556193082,-1.354596948268894,-1.9247428725731914,0.0,-1.264552556193082,0,0,0,0
2024,215132,723.21,1,-0.16060779357494295,1,Classical (all features),-0.12860210771136737,0.8371241913363627,3.774159035631783,0.88,-0.12860210771136737,1,1,1,1
2024,128250,23.73,0,-1.5832934936981888,0,Classical (all features),-0.9808341377384799,-1.4377691668337982,-2.604595371126342,0.005,-0.9808341377384799,0,0,0,0
2024,57355,40.0,0,-0.9906283296521936,0,Classical (all features),-1.3235384029374788,-1.0985552028939898,-2.0442732739840634,0.005,-1.3235384029374788,0,0,0,0
2024,183206,17.6,0,-1.1879694956404276,0,Classical (all features),-1.295094474680154,-1.1358808298870944,-1.9141907662543136,0.02,-1.295094474680154,0,0,0,0
2024,145006,11.84,0,-0.5660732897724849,0,Classical (all features),-0.9950033395625144,-0.6504797580223615,-0.7722901263974018,0.65,-0.9950033395625144,0,0,1,0
2024,61062,6.99,0,-0.609892235871968,0,Classical (all features),-1.1686446767596803,-0.92163680563502,-1.3201056504570308,0.005,-1.1686446767596803,0,0,0,0
2024,160309,11.5,0,-0.9396788759508719,0,Classical (all features),-1.5351319145369045,-1.2412481450706498,-1.8943958866289068,0.0,-1.5351319145369045,0,0,0,0
2024,24948,10.0,0,-1.0457102222413284,0,Classical (all features),-1.348012351051457,-0.8562767531640195,-1.4405297132767423,0.02,-1.348012351051457,0,0,0,0
2024,27855,69.99,0,-1.0103878251940412,0,Classical (all features),-1.1460277519144852,-1.088104465696551,-1.7548475716799654,0.0,-1.1460277519144852,0,0,0,0
2024,176831,9.99,0,-1.0968021161757833,0,Classical (all features),-1.1665013993570779,-1.3476499636859613,-1.8267306464038768,0.0,-1.1665013993570779,0,0,0,0
2024,60255,12.85,0,-1.4480364260459133,0,Classical (all features),-1.285549601421965,-1.2331477498854855,-1.5795571856123345,0.0,-1.285549601421965,0,0,0,0
2024,69550,41.0,0,-1.510904099636678,0,Classical (all features),-1.0933079593585244,-1.2191883880532512,-1.5952672016478258,0.32,-1.0933079593585244,0,0,0,0
2024,227605,4.69,0,-0.21559685176179383,1,Classical (all features),-0.5003410091272988,-0.43343188985680237,-1.2314593900815565,0.13,-0.5003410091272988,0,0,0,0
2024,23751,85.89,0,-1.035268845361192,0,Classical (all features),-0.8366986676024495,-0.9255437209680261,-1.3548135585203456,0.01,-0.8366986676024495,0,0,0,0
2024,70258,49.25,0,-0.9973420701907636,0,Classical (all features),-1.3315896241955851,-0.8983563369344044,-1.3159370137412871,0.01,-1.3315896241955851,0,0,0,0
2024,73970,0.89,0,-1.388784309711662,0,Classical (all features),-1.3294186845971268,-1.1309375845200473,-1.535217657106743,0.03,-1.3294186845971268,0,0,0,0
2024,188686,0.76,0,-0.7509010744580791,0,Classical (all features),-0.753146998653919,-0.5569018602391379,-0.6795052965223556,0.51,-0.753146998653919,0,0,0,0
2024,242709,1.98,0,-0.9360820554872704,0,Classical (all features),-1.5402859943029048,-1.4580958281493928,-2.560268967640455,0.0,-1.5402859943029048,0,0,0,0
2024,138077,11.5,0,-1.3058254039544923,0,Classical (all features),-1.2753006354662415,-1.424756521056736,-2.1155889622334887,0.005,-1.2753006354662415,0,0,0,0
2024,30137,21.95,0,-1.6772732861147488,0,Classical (all features),-1.1093048571500148,-1.2566509980933982,-1.7832497454937304,0.0,-1.1093048571500148,0,0,0,0
2024,1973,5.0,0,-1.268402832993916,0,Classical (all features),-0.9187231945149337,-0.9234520603007138,-1.4665451700229357,0.135,-0.9187231945149337,0,0,0,0
2024,195355,22.0,0,-0.967442577819853,0,Classical (all features),-1.0006531213191339,-1.175381538602403,-1.6554303437879112,0.0,-1.0006531213191339,0,0,0,0
2024,8615,1.0,1,-0.6240895965949775,0,Classical (all features),-0.21971175685873479,0.62779532282922,10.814277447157648,0.985,-0.21971175685873479,1,1,1,1
2024,107395,29.07,0,-1.300210394755112,0,Classical (all features),-1.1427033121779624,-1.4828527461319019,-2.666700296721597,0.0,-1.1427033121779624,0,0,0,0
2024,242587,29.8,0,-1.4161351657229928,0,Classical (all features),-1.3062120813877691,-1.273383049551887,-1.7813722789318338,0.005,-1.3062120813877691,0,0,0,0
2024,14809,8.98,0,0.0942409944353726,1,Classical (all features),-0.27921129369503944,-0.3513707109833212,-0.9011808161770349,0.31,-0.27921129369503944,0,0,0,1
2024,8845,30.39,1,-0.01980655164643727,1,Classical (all features),-0.1898676851073401,1.3644463162001021,3.3679675787401955,0.94,-0.1898676851073401,1,1,1,1
2024,176455,152.65,0,-0.8074626085991137,0,Classical (all features),-0.6049571308539738,-0.7700232377798021,-2.5309637588065637,0.06,-0.6049571308539738,0,0,0,0
2024,108258,0.76,1,-0.6051026327748235,0,Classical (all features),-0.8565029497226839,-0.48052125972107407,-0.8710033278542267,0.33,-0.8565029497226839,0,0,0,0
2024,237366,1.0,0,-1.6267642649682375,0,Classical (all features),-1.079785851020564,-1.2132336507779073,-1.7283737173999079,0.0,-1.079785851020564,0,0,0,0
2024,24420,1.29,0,-1.6962778956188296,0,Classical (all features),-1.5477626150623978,-1.3510451069889222,-2.1120536403714807,0.0,-1.5477626150623978,0,0,0,0
2024,216854,495.2,0,-1.0948801679478066,0,Classical (all features),-0.8568507614085052,-0.6027506516315783,-1.3574010530247262,0.05,-0.8568507614085052,0,0,0,0
2024,151009,1.0,1,-0.14455580859451675,1,Classical (all features),-0.2210678772447915,0.5516704349606926,-2.6304998582801007,0.605,-0.2210678772447915,1,0,0,1
2024,206086,15.0,0,-1.3895335211690998,0,Classical (all features),-1.1224621654264018,-1.0549213880657242,-1.3916678714753123,0.035,-1.1224621654264018,0,0,0,0
2024,245691,14.49,0,-1.1908188961490338,0,Classical (all features),-1.0270243400514074,-1.4165973240664838,-2.054175204202396,0.005,-1.0270243400514074,0,0,0,0
2024,102442,1.0,1,0.24599372001340902,1,Classical (all features),-0.22106787724479166,1.1131075737576106,3.7188788351455617,0.85,-0.22106787724479166,1,1,1,1
2024,211362,138.0,0,-1.3926268697143982,0,Classical (all features),-0.9510241402833437,-1.4628725242068366,-2.2534736269489506,0.0,-0.9510241402833437,0,0,0,0
2024,3197,1.0,0,-1.2913081333442311,0,Classical (all features),-0.9920927280091689,-1.382939234083279,-1.942870078182523,0.0,-0.9920927280091689,0,0,0,0
2024,2210,220.0,0,-1.1159576006833574,0,Classical (all features),-1.378927275731036,-1.0421735350557118,-1.242839376830386,0.035,-1.378927275731036,0,0,0,0
2024,79240,11.99,0,-1.1950141663066365,0,Classical (all features),-0.8201938991010174,-0.8034555915031601,-1.1942189612524658,0.38,-0.8201938991010174,0,0,0,0
2024,151201,0.89,0,-1.1877691733002753,0,Classical (all features),-0.8454701721252822,-0.8993484247082203,-1.3983247497841276,0.0,-0.8454701721252822,0,0,0,0
2024,126118,24.99,0,-1.4341795709193776,0,Classical (all features),-1.3149405105849457,-1.0177830976480071,-1.3214652940906078,0.0,-1.3149405105849457,0,0,0,0
2024,65689,2.35,0,-0.944828101392253,0,Classical (all features),-1.1814316329918328,-1.4151973583364832,-2.233547158180227,0.03,-1.1814316329918328,0,0,0,0
2024,27362,1.52,1,-1.5176022842408536,0,Classical (all features),-1.021997018349471,-1.0685089693405123,-1.4001910186836901,0.0,-1.021997018349471,0,0,0,0
2024,68522,0.76,1,-0.4164930397602267,1,Classical (all features),0.6154620526493588,1.0333605437782047,1.9243348909066837,0.995,0.6154620526493588,1,1,1,1
2024,264735,249.0,0,-1.1311794446084005,0,Classical (all features),-1.239919903182967,-1.2886278141008005,-1.6306010461559066,0.0,-1.239919903182967,0,0,0,0
2024,199703,2.28,0,-1.0512898883608588,0,Classical (all features),-0.902862847037462,-1.1375096746562874,-1.6720781019408588,0.045,-0.902862847037462,0,0,0,0
2024,212613,16.06,0,-1.036757295080265,0,Classical (all features),-1.1030898636198452,-0.8893327303726214,-1.410844590801134,0.01,-1.1030898636198452,0,0,0,0
2024,212242,24.99,0,-0.9590105712666788,0,Classical (all features),-1.3070955705819058,-1.189259885929547,-1.651634473634057,0.0,-1.3070955705819058,0,0,0,0
2024,105157,48.63,0,-1.4993989520784032,0,Classical (all features),-1.3013010802136527,-1.2519204297021407,-1.5837789519783563,0.0,-1.3013010802136527,0,0,0,0
2024,271347,6.48,0,-1.2269008660195362,0,Classical (all features),-1.4902225984518558,-1.418828157761887,-2.276104255825908,0.0,-1.4902225984518558,0,0,0,0
2024,257467,72.0,0,-1.300230978052047,0,Classical (all features),-0.878926998785547,-1.1819406650489235,-1.6696768825040698,0.005,-0.878926998785547,0,0,0,0
2024,221983,9.72,0,-0.9128329135161168,0,Classical (all features),-1.4300281383325955,-1.2443226059435304,-2.048797122355677,0.0,-1.4300281383325955,0,0,0,0
2024,196495,314.3,0,-1.7237790319532063,0,Classical (all features),-1.1895598133499004,-1.089451834128246,-1.2838435458130335,0.035,-1.1895598133499004,0,0,0,0
2024,59539,19.73,1,-0.802028489117639,0,Classical (all features),-0.17153045880641724,-0.4750986928500599,-0.48497196605369663,0.705,-0.17153045880641724,0,0,1,1
2024,88459,321.42,0,-1.2731689658655145,0,Classical (all features),-1.1454827355494084,-1.048462691271236,-1.2200103762195447,0.035,-1.1454827355494084,0,0,0,0
2024,88257,31.42,0,-1.400867915725308,0,Classical (all features),-1.0673074093048225,-1.0663221562727996,-1.2180127793202444,0.0,-1.0673074093048225,0,0,0,0
2024,96677,21.9,0,-1.00780826921346,0,Classical (all features),-1.1738662296350983,-1.4378663745217168,-2.941144376953286,0.0,-1.1738662296350983,0,0,0,0
2024,73857,0.83,1,0.054838464516921426,1,Classical (all features),-0.16408822731176959,1.290582872873033,4.348383768091785,0.875,-0.16408822731176959,1,1,1,1
2024,14338,3.76,1,-0.6857615340439918,0,Classical (all features),0.16653407457352948,-0.43825798129208404,-0.9016898221109046,0.26,0.16653407457352948,0,0,0,1
2024,217670,1.98,0,-1.156170783569686,0,Classical (all features),-1.2719885140067098,-1.2657308723698093,-2.6421787248026423,0.0,-1.2719885140067098,0,0,0,0
2024,55478,39.98,0,-1.4692632190203845,0,Classical (all features),-1.3831833350753089,-1.1282627133811638,-1.4519183178406305,0.0,-1.3831833350753089,0,0,0,0
2024,237241,60.0,0,-0.8723294923733123,0,Classical (all features),-1.1036218357651741,-1.0707733889819977,-1.660174417054726,0.015,-1.1036218357651741,0,0,0,0
2024,178392,25.0,0,-0.7886249531976974,0,Classical (all features),-0.9705149516279485,-1.0434734574930138,-2.1619131765861628,0.03,-0.9705149516279485,0,0,0,0
2024,47800,6.99,0,-1.4423579111644655,0,Classical (all features),-1.1433005986894982,-0.8194584107997999,-1.0690517443207583,0.0,-1.1433005986894982,0,0,0,0
2024,51634,1.5,0,-0.7351850172753442,0,Classical (all features),-1.5750664979201188,-1.431758978287398,-2.521514406486421,0.015,-1.5750664979201188,0,0,0,0
2024,151536,0.01,0,-0.6707800975348097,0,Classical (all features),-0.8394532587356578,-1.0523762349957053,-2.0146618793462805,0.0,-0.8394532587356578,0,0,0,0
2024,20813,2.49,0,-0.7259335613533806,0,Classical (all features),-1.3350664612957568,-1.2279106050715978,-1.9543158464798376,0.01,-1.3350664612957568,0,0,0,0
2024,193731,120.3,0,0.11563314481834963,1,Classical (all features),0.10306915565179225,-0.4643828673557099,-0.4268027484116099,0.49,0.10306915565179225,0,0,0,1
2024,116519,5.41,0,-0.9182775998008481,0,Classical (all features),-0.9653809995627363,-1.1065097964975594,-2.0345177455429675,0.02,-0.9653809995627363,0,0,0,0
2024,244004,1.0,1,-0.015453745191944895,1,Classical (all features),-0.20979990055458136,0.6995478937225698,1.9556206175678448,0.88,-0.20979990055458136,1,1,1,1
2024,58892,16.04,0,-1.1974695038415049,0,Classical (all features),-1.0201236626563075,-1.3003321460400277,-1.6985692470041243,0.0,-1.0201236626563075,0,0,0,0
2024,42741,459.07,1,-0.1797577026699417,1,Classical (all features),-0.12717026329226067,0.9423473911061081,5.740906844946832,0.9,-0.12717026329226067,1,1,1,1
2024,79835,1.75,1,0.5069062623592524,1,Classical (all features),0.998211676609746,0.9954278711763792,2.009990806423769,0.995,0.998211676609746,1,1,1,1
2024,206682,12.99,0,-1.413849637810322,0,Classical (all features),-1.4213036178182445,-1.1645456901696907,-1.8845531578178312,0.015,-1.4213036178182445,0,0,0,0
2024,262733,60.97,0,-1.3628664347070376,0,Classical (all features),-0.9533272504050798,-1.305692968909466,-1.950048262419427,0.0,-0.9533272504050798,0,0,0,0
2024,176785,141.78,0,-1.141323084194835,0,Classical (all features),-1.0841773551318414,-0.9789764393143677,-1.3470938659569478,0.005,-1.0841773551318414,0,0,0,0
2024,263568,45.04,0,-1.4885946921896525,0,Classical (all features),-0.848995108650036,-1.22574697275736,-1.6457086554141946,0.0,-0.848995108650036,0,0,0,0
2024,263809,253.05,0,-0.9185093364496966,0,Classical (all features),-0.6119306343561068,-1.182024845488292,-2.213275485018416,0.0,-0.6119306343561068,0,0,0,0
2024,7533,31.1,0,-0.593970383732672,0,Classical (all features),-0.9657042679905183,-0.9693624158819384,-1.3384187829840928,0.065,-0.9657042679905183,0,0,0,0
2024,15539,99.99,1,-0.3492444726524667,1,Classical (all features),-0.22106715271462538,0.6099901658715723,5.341492932184072,0.9,-0.22106715271462538,1,1,1,1
2024,235176,449.64,0,-0.895122142161292,0,Classical (all features),-1.0557601374826375,-0.6362828533039503,-1.6696848091261538,0.05,-1.0557601374826375,0,0,0,0
2024,253018,16.0,0,-1.5868708854804554,0,Classical (all features),-0.9724805284746825,-1.042709396960281,-1.4041130626778455,0.02,-0.9724805284746825,0,0,0,0
2024,242149,9.99,0,-0.5529184598652896,0,Classical (all features),-0.7746933741621984,-1.4747475692639958,-2.2580082901008622,0.02,-0.7746933741621984,0,0,0,0
2024,88263,0.99,0,-1.1700529048983803,0,Classical (all features),-1.183745691024174,-0.8832746719060404,-1.1152189269461932,0.0,-1.183745691024174,0,0,0,0
2024,37116,160.0,0,-1.4924362651145555,0,Classical (all features),-1.1115423011720218,-1.051525826975253,-1.0884561072763401,0.16,-1.1115423011720218,0,0,0,0
2024,97266,8.99,0,-1.3010060131013177,0,Classical (all features),-1.109066101907011,-1.0811952919522945,-1.4466694673769098,0.0,-1.109066101907011,0,0,0,0
2024,9897,0.0,0,-1.141443900135257,0,Classical (all features),-0.4708893454980372,-1.3585863627795765,-1.8236279731766265,0.0,-0.4708893454980372,0,0,0,0
2024,219460,4.76,0,-1.136711919116207,0,Classical (all features),-0.9630252072024219,-1.2046324717613368,-2.14875778345227,0.005,-0.9630252072024219,0,0,0,0
2024,62075,147.03,0,-1.10815094373761,0,Classical (all features),-1.1845276197167074,-1.4509578563805716,-3.400515505956659,0.01,-1.1845276197167074,0,0,0,0
2024,182004,8.99,0,-1.5309830086224154,0,Classical (all features),-1.3354384592694537,-1.136755486845844,-1.7544802788395413,0.0,-1.3354384592694537,0,0,0,0
2024,42756,0.0,1,-0.20614920039276452,1,Classical (all features),-0.07793529948224609,0.9432267726947292,6.003978847676781,0.895,-0.07793529948224609,1,1,1,1
2024,35774,45.0,0,-0.5478988963234446,0,Classical (all features),-1.251625477675476,-1.055414325778699,-1.3756129263906378,0.02,-1.251625477675476,0,0,0,0
2024,4588,10.0,0,-1.1423547886088434,0,Classical (all features),-0.7363563544093181,-0.9683147065348091,-1.3864383573920849,0.0,-0.7363563544093181,0,0,0,0
2024,231296,12.0,0,-1.2310940963973058,0,Classical (all features),-0.7857356011677759,-1.4439713885314225,-2.22726591409459,0.005,-0.7857356011677759,0,0,0,0
2024,124703,13.26,0,-1.291222818594396,0,Classical (all features),-1.5470931863951565,-1.4432343438890536,-2.255257559842569,0.0,-1.5470931863951565,0,0,0,0
2024,44556,1.0,1,-0.2250215782698355,1,Classical (all features),-0.008742726359322772,1.054759137861319,2.245195120923028,0.76,-0.008742726359322772,1,1,1,1
2024,139127,24.99,0,-1.5632204381418802,0,Classical (all features),-1.2424065972464071,-1.144387976054066,-2.013159123679479,0.01,-1.2424065972464071,0,0,0,0
2024,247673,247.86,1,-0.3963245603739176,1,Classical (all features),-0.227085353799954,-0.4927630094460401,-1.70968191194399,0.66,-0.227085353799954,0,0,1,1
2024,14170,99.99,1,-0.19083702977740075,1,Classical (all features),-0.2207346613515613,0.7973188467604946,6.488917569633964,0.89,-0.2207346613515613,1,1,1,1
2024,143793,8.99,0,0.3284062760429203,1,Classical (all features),-0.9984804084644407,-0.4324767500954475,-0.8416512595377101,0.135,-0.9984804084644407,0,0,0,0
2024,214880,2.99,0,-1.283618362431109,0,Classical (all features),-1.2066923160109961,-0.9609754249218793,-1.2615886897688315,0.0,-1.2066923160109961,0,0,0,0
2024,141257,0.0,1,-0.026577921726833736,1,Classical (all features),-0.1571206637762808,1.081083431671762,6.971283933742606,0.985,-0.1571206637762808,1,1,1,1
2024,39504,24.5,0,-1.5613290313558355,0,Classical (all features),-0.9997421631070276,-1.3502869303060883,-2.078613389623786,0.0,-0.9997421631070276,0,0,0,0
2024,81908,2.69,0,-1.453001653795285,0,Classical (all features),-1.491761544953573,-1.1138436113166752,-1.6434286182222302,0.005,-1.491761544953573,0,0,0,0
2024,126373,1.0,0,-0.971239459789444,0,Classical (all features),-1.0144001747042692,-1.380617074848383,-1.9492071330031906,0.0,-1.0144001747042692,0,0,0,0
2024,143334,0.0,1,0.22021584602611227,1,Classical (all features),-0.16442291674675827,1.28737203172206,4.221094601117425,0.885,-0.16442291674675827,1,1,1,1
2024,220642,66.0,0,-1.0641351921915652,0,Classical (all features),-1.4788339685481384,-1.3684777153448922,-2.3773921187656684,0.0,-1.4788339685481384,0,0,0,0
2024,255269,31.52,0,-0.12095119811754257,1,Classical (all features),-0.5879992179249129,-0.21218702174583737,-1.2087580588953117,0.185,-0.5879992179249129,0,0,0,0
2024,235026,78.03,0,-1.054159295711594,0,Classical (all features),-0.9649080326755839,-1.1893890378827803,-1.7216349599748149,0.0,-0.9649080326755839,0,0,0,0
2024,18868,45.96,0,-1.301425657360357,0,Classical (all features),-1.2469853544200242,-1.2143416266529607,-1.53065016680847,0.015,-1.2469853544200242,0,0,0,0
2024,143642,3.0,0,-1.382373198334241,0,Classical (all features),-0.8832904816803495,-0.897383850023551,-1.3822816982612638,0.195,-0.8832904816803495,0,0,0,0
2024,106615,118.9,0,-1.6577308908731545,0,Classical (all features),-1.3007562219985154,-1.2320925460653611,-1.4562928362842251,0.0,-1.3007562219985154,0,0,0,0
2024,88900,1.98,0,-1.678113427455258,0,Classical (all features),-1.227163714347461,-0.9501105315832111,-1.1816438047909088,0.0,-1.227163714347461,0,0,0,0
2024,266984,49.22,0,-0.8729576210119594,0,Classical (all features),-1.1950183623050543,-0.4635108791537478,-0.9178704783950109,0.0,-1.1950183623050543,0,0,0,0
2024,185079,16.32,0,-1.4690257591650115,0,Classical (all features),-1.1890145089337403,-1.132047085150984,-1.5500564162078514,0.01,-1.1890145089337403,0,0,0,0
2024,249476,301.51,0,-1.2170585469996271,0,Classical (all features),-0.7166508460379177,-1.1876635213747813,-3.4649044257039305,0.005,-0.7166508460379177,0,0,0,0
2024,174478,2.36,0,-1.3668619925693783,0,Classical (all features),-1.4379687754090225,-1.0652066103987283,-1.728527882814242,0.02,-1.4379687754090225,0,0,0,0
2024,264612,4.99,0,-1.7668697942765104,0,Classical (all features),-1.321481091085853,-1.0299354721761311,-1.3707773633808213,0.12,-1.321481091085853,0,0,0,0
2024,151006,1.0,1,-0.14455580859451678,1,Classical (all features),-0.2210678772447915,0.5516704349606926,-2.6304998582801007,0.605,-0.2210678772447915,1,0,0,1
2024,27342,9.99,0,-1.3987511828501265,0,Classical (all features),-1.3798849673231643,-1.3652423706438284,-1.9094201950652505,0.005,-1.3798849673231643,0,0,0,0
2024,8972,179.66,1,-0.3508751755584411,1,Classical (all features),-0.23027033189030105,-0.48011238862328953,-2.8223617960749854,0.405,-0.23027033189030105,0,0,0,1
2024,196650,47.96,0,-1.2819919811498206,0,Classical (all features),-1.4588205302144681,-1.277149893479809,-2.0256354218641346,0.015,-1.4588205302144681,0,0,0,0
2024,171437,54.0,0,-1.341307764790708,0,Classical (all features),-1.3588539848310222,-1.2810684083830832,-2.0150920986318765,0.0,-1.3588539848310222,0,0,0,0
2024,76878,46.78,0,-1.3381849329285747,0,Classical (all features),-1.4077894208469488,-1.4469815797771761,-2.5403932484074883,0.025,-1.4077894208469488,0,0,0,0
2024,623,529.0,1,-0.9785665263943153,0,Classical (all features),-0.3741126714875621,-0.2391783489375553,0.015725887802299665,0.185,-0.3741126714875621,0,0,0,0
2024,209312,3104.97,0,-0.4338670894360591,1,Classical (all features),-0.22106787724479166,0.5549895561789425,-4.724934368372293,0.345,-0.22106787724479166,1,0,0,1
2024,88063,9.35,0,-1.0558578248560215,0,Classical (all features),-0.8840912693384795,-1.045937422645947,-1.759994898380659,0.03,-0.8840912693384795,0,0,0,0
2024,250744,0.0,0,-1.1148686102064096,0,Classical (all features),-0.7124082120266104,-0.925456616331023,-1.4899337089851121,0.25,-0.7124082120266104,0,0,0,0
2024,231125,4.29,0,-1.5880249532694033,0,Classical (all features),-0.9831674396561911,-1.4438811418780815,-2.470504244574477,0.0,-0.9831674396561911,0,0,0,0
2024,20069,10.0,0,-1.5826177496555816,0,Classical (all features),-1.0236894931480445,-1.2260665624158213,-1.801239034384126,0.025,-1.0236894931480445,0,0,0,0
2024,20232,91.28,0,-1.0304245052317418,0,Classical (all features),-0.9359929003010443,-0.9760208785117389,-1.232456125291569,0.02,-0.9359929003010443,0,0,0,0
2024,259395,1.98,0,-1.3510168310709039,0,Classical (all features),-1.459067414826394,-1.286625740182921,-1.954161363882155,0.0,-1.459067414826394,0,0,0,0
2024,81186,45.64,1,-0.3088702831387464,1,Classical (all features),-0.21414020589891292,0.01452481720389931,-1.4031402100048764,0.765,-0.21414020589891292,0,0,1,1
2024,10690,1218.89,1,-0.440810604295742,1,Classical (all features),-0.22106787724479166,0.5516358598197684,3.5236281921436445,0.905,-0.22106787724479166,1,1,1,1
2024,80867,118.65,0,-1.1474438556570796,0,Classical (all features),-1.2542174436052922,-1.0886528639697568,-1.7327885057615577,0.005,-1.2542174436052922,0,0,0,0
2024,62679,11.38,0,-1.4836299928073902,0,Classical (all features),-1.1150086443988152,-1.0368173756986292,-1.5238390296840634,0.015,-1.1150086443988152,0,0,0,0
2024,133796,37.6,0,-1.184377980489839,0,Classical (all features),-1.3382642330639074,-1.1070264607208515,-1.445630685564439,0.0,-1.3382642330639074,0,0,0,0
2024,120600,30.0,0,-1.3154252186691595,0,Classical (all features),-1.1844962264359258,-1.287372667444544,-1.8076695885857328,0.0,-1.1844962264359258,0,0,0,0
2024,74825,114.65,0,-0.8061126816790893,0,Classical (all features),-0.7179384918677769,-0.4554066606504096,-1.235476373382066,0.03,-0.7179384918677769,0,0,0,0
2024,172787,144.62,1,-0.38207592694486736,1,Classical (all features),0.4022731490555524,0.8679538884503063,1.6596105991727115,0.72,0.4022731490555524,1,1,1,1
2024,280995,8.98,0,-1.2866468933437618,0,Classical (all features),-1.3212273159317591,-1.3142807485021146,-1.8812706066746512,0.0,-1.3212273159317591,0,0,0,0
2024,70141,112.45,1,-0.2588598056943803,1,Classical (all features),-0.060203076356366764,0.36942010417298565,0.793445591674278,0.9,-0.060203076356366764,0,1,1,1
2024,246191,2.85,0,-1.2670490530393612,0,Classical (all features),-0.6466909227298276,-1.1483168286742962,-2.1905574158605776,0.005,-0.6466909227298276,0,0,0,0
2024,170077,188.72,0,-1.422202477841603,0,Classical (all features),-1.124442772454651,-0.8290220735970785,-0.896906124217691,0.015,-1.124442772454651,0,0,0,0
2024,154684,0.01,1,0.8416633714910127,1,Classical (all features),0.4717743919033119,0.9700639988182455,2.4420128146332605,0.765,0.4717743919033119,1,1,1,1
2024,255609,369.72,0,-1.3463654965696004,0,Classical (all features),-0.9032974068302086,-0.9775130461955283,-1.2609376121934348,0.02,-0.9032974068302086,0,0,0,0
2024,91956,161.01,0,-1.3717451053923915,0,Classical (all features),-1.0033010037173153,-0.886149086138622,-1.0966823937869918,0.0,-1.0033010037173153,0,0,0,0
2024,89676,166.48,0,-0.8084336566435137,0,Classical (all features),-1.3075881640363263,-1.5395988263846085,-2.1606487989398726,0.005,-1.3075881640363263,0,0,0,0
2024,12275,11.85,0,-1.4208775212122073,0,Classical (all features),-0.8657693346291144,-1.4182959853483506,-2.097007946145881,0.0,-0.8657693346291144,0,0,0,0
2024,261409,42.81,0,-1.062571103403765,0,Classical (all features),-1.3387538666076,-1.2515332695432684,-1.8124615868490428,0.0,-1.3387538666076,0,0,0,0
2024,260761,9.99,0,-1.2300051574899626,0,Classical (all features),-1.1721831071235684,-1.4330217247264931,-2.026276250126167,0.0,-1.1721831071235684,0,0,0,0
2024,67472,62.95,0,-1.244773626969019,0,Classical (all features),-0.9707861701771725,-0.9822038022569853,-1.125786379377045,0.03,-0.9707861701771725,0,0,0,0
2024,53218,7.98,0,-0.7641212923187932,0,Classical (all features),-0.976510817099395,-0.6854987797726516,-0.7970217669517753,0.185,-0.976510817099395,0,0,0,0
2024,157871,80.22,1,-0.47493045823758945,0,Classical (all features),0.09762999101208619,0.4481771727679634,0.8143121085997442,0.7,0.09762999101208619,0,1,1,1
2024,118957,10.75,0,-1.258106169644569,0,Classical (all features),-1.2198463807779993,-0.7661651079463613,-1.1814825723814404,0.01,-1.2198463807779993,0,0,0,0
2024,9487,1.0,1,0.012410564390180123,1,Classical (all features),-0.209054022283094,0.7814711905196545,9.954947676817747,0.98,-0.209054022283094,1,1,1,1
2024,166322,11.95,0,-1.1003561073469386,0,Classical (all features),-1.2844180812964094,-1.0651567026192845,-1.5143411142416763,0.055,-1.2844180812964094,0,0,0,0
2024,87130,9.99,0,-1.4398051317124172,0,Classical (all features),-1.482615441670877,-1.2927098805230335,-1.7299442752774594,0.0,-1.482615441670877,0,0,0,0
2024,10265,1.98,0,-0.8914815602263644,0,Classical (all features),-0.8482453914409025,-0.8298475210397221,-1.1266811088068402,0.35,-0.8482453914409025,0,0,0,0
2024,38192,28.75,0,-1.1935889600173337,0,Classical (all features),-1.1559805661218079,-0.991832976359457,-1.3537455370978224,0.0,-1.1559805661218079,0,0,0,0
2024,117421,1.0,0,-1.103203214179003,0,Classical (all features),-0.8716011095452079,-0.9467987365127767,-1.8709084754926097,0.035,-0.8716011095452079,0,0,0,0
2024,61161,15.17,0,-1.1557803200922137,0,Classical (all features),-0.7864216649206028,-1.180461601438012,-2.2792253913073877,0.0,-0.7864216649206028,0,0,0,0
2024,77916,51.09,0,-0.8685172808903776,0,Classical (all features),-0.9064756806195859,-0.6868465738782134,-1.0988872041295004,0.0,-0.9064756806195859,0,0,0,0
2024,283014,99.99,0,-1.4550064842066197,0,Classical (all features),-0.9116431291898266,-1.1849324473540905,-1.4859290512099013,0.0,-0.9116431291898266,0,0,0,0
2024,187802,9.99,0,-1.2649745688293224,0,Classical (all features),-0.726173755210028,-0.8747091142252165,-1.5996679750896714,0.095,-0.726173755210028,0,0,0,0
2024,233258,996.27,1,0.5035653515357275,1,Classical (all features),-0.11136153566683442,0.9618576945763224,2.229972848315783,0.89,-0.11136153566683442,1,1,1,1
2024,36142,12.0,0,-1.1765516583352613,0,Classical (all features),-1.271860602180554,-1.4068196584818145,-2.2713820313587103,0.0,-1.271860602180554,0,0,0,0
2024,84760,100.0,0,0.7512704543635591,1,Classical (all features),-0.7501755761524265,-0.24548770210501802,-0.3815036427813334,0.07,-0.7501755761524265,0,0,0,0
2024,149411,45.9,0,-1.2390646062007717,0,Classical (all features),-0.6337034562128467,-1.2790034556244803,-2.150892760902563,0.0,-0.6337034562128467,0,0,0,0
2024,236600,31.07,0,-1.173431573824343,0,Classical (all features),-1.5380741772317736,-1.1459751503642046,-1.6720779048299748,0.0,-1.5380741772317736,0,0,0,0
2024,221052,0.74,0,-0.6422249075249262,0,Classical (all features),-0.23765436984367136,-0.8069232289915423,-1.3029088654989076,0.015,-0.23765436984367136,0,0,0,1
2024,113563,30.0,0,-1.3288503335747188,0,Classical (all features),-1.1489747452458703,-0.9470142329916543,-1.362189657955521,0.0,-1.1489747452458703,0,0,0,0
2024,59506,44.0,0,-0.6184315660412558,0,Classical (all features),-0.8726660905225476,-1.0311454551839088,-1.4058607643595948,0.02,-0.8726660905225476,0,0,0,0
2024,255850,0.89,0,-1.0145753393683106,0,Classical (all features),-1.3844065485231363,-1.2817300598791466,-2.4306326926250414,0.0,-1.3844065485231363,0,0,0,0
2025,40917,62.48,0,-1.0794546117475639,0,Logistic regression,-2.2384242295357275,-1.0655296037863022,-2.2384242295357275,0.005,-1.3469504884761574,0,0,0,0
2025,128944,233.41,0,-0.6594152191909686,0,Logistic regression,-4.2756053714874245,-1.1267357270778633,-4.2756053714874245,0.015,-1.104358017199467,0,0,0,0
2025,139438,12.1,0,0.07349875838154346,1,Logistic regression,0.7320932897989256,0.4254007188877162,0.7320932897989256,0.655,0.05981806295501857,1,1,1,1
2025,193374,15.94,0,-1.0481513576292434,0,Logistic regression,-5.546983482327359,-1.5265958779687312,-5.546983482327359,0.0,-1.1971688755900576,0,0,0,0
2025,226272,9.59,0,-0.8600325023845351,0,Logistic regression,-1.7129821512806749,-0.9269135440456004,-1.7129821512806749,0.01,-1.0234588669015676,0,0,0,0
2025,57123,8.93,0,-1.0487002682499864,0,Logistic regression,-1.6712761102638956,-1.102069211305481,-1.6712761102638956,0.0,-1.5483496127193137,0,0,0,0
2025,43204,106.55,1,0.4283390203631905,1,Logistic regression,29.550752227546937,0.6696234618251073,29.550752227546937,0.95,0.020915665060593336,1,1,1,1
2025,65092,1.99,0,-0.7544453301558923,0,Logistic regression,-2.2174907755622897,-1.2052399944882382,-2.2174907755622897,0.19,-1.167459242705242,0,0,0,0
2025,42784,45.49,1,0.22780901867136719,1,Logistic regression,32.782422730169785,1.0385806787921235,32.782422730169785,0.905,-0.20041663917152086,1,1,1,1
2025,32809,34.9,0,-1.2778196658964975,0,Logistic regression,-3.039065957879122,-1.3670745182714041,-3.039065957879122,0.02,-1.0416030515316097,0,0,0,0
2025,48094,24.9,1,0.5839992626141948,1,Logistic regression,5.796504461488236,1.748936442519807,5.796504461488236,0.985,0.22439110197919732,1,1,1,1
2025,54018,11898.09,0,0.5148492380082418,1,Logistic regression,-68.60872123999371,0.10166836906691311,-68.60872123999371,0.33,-0.24769412497046045,1,0,0,1
2025,190584,17.99,0,-1.0764653720942787,0,Logistic regression,-2.0861169456803816,-1.3541496924398086,-2.0861169456803816,0.015,-1.3192680332828601,0,0,0,0
2025,63685,59.0,0,-1.0846764985632422,0,Logistic regression,-4.281035635739311,-1.5190007108973025,-4.281035635739311,0.08,-0.8504323634115099,0,0,0,0
2025,100967,138.87,0,-0.8784116802683645,0,Logistic regression,-4.057551847336064,-1.4412457717703675,-4.057551847336064,0.045,-1.1168277652841045,0,0,0,0
2025,117334,9.99,0,-0.7498020179175934,0,Logistic regression,-2.2320223928428566,-1.0569199951085042,-2.2320223928428566,0.12,-0.9439433951478122,0,0,0,0
2025,42945,0.76,1,0.3692278334688585,1,Logistic regression,30.607555179202798,0.8670094226525773,30.607555179202798,0.945,-0.06302742892334584,1,1,1,1
2025,28530,33.8,0,-1.0613085541009761,0,Logistic regression,-4.0718844314932445,-1.428314317046981,-4.0718844314932445,0.0,-1.1955667339621427,0,0,0,0
2025,8845,30.39,1,0.21899537475656145,1,Logistic regression,15.393503806220584,2.152545216947445,15.393503806220584,0.83,-0.1361317202428177,1,1,1,1
2025,269619,1.0,0,-1.0336263722193935,0,Logistic regression,-2.8477226912289915,-1.5519897752005631,-2.8477226912289915,0.01,-1.1201172352210576,0,0,0,0
2025,163149,17.06,1,0.7224473538676366,1,Logistic regression,7.44983083910499,2.012125290504414,7.44983083910499,0.98,0.526455787303471,1,1,1,1
2025,182094,66.1,0,-0.9986755992470909,0,Logistic regression,-4.0896271029064835,-1.4557284778938004,-4.0896271029064835,0.005,-0.7493863556735141,0,0,0,0
2025,10325,100.0,0,-0.5962731759150507,0,Logistic regression,-7.209480571199785,-1.4528179840575646,-7.209480571199785,0.01,-0.6834644350512054,0,0,0,0
2025,76004,8.94,0,-0.942076039608107,0,Logistic regression,-1.0033984520089212,-0.7794667700503382,-1.0033984520089212,0.105,-1.3788090112531906,0,0,0,0
2025,58487,119.0,0,-1.0719747324411992,0,Logistic regression,-3.362423170372343,-0.9851161991903734,-3.362423170372343,0.025,-1.4324342204079659,0,0,0,0
2025,102444,1.0,1,1.0002804340439329,1,Logistic regression,24.762022487885993,0.9998740035569421,24.762022487885993,1.0,0.9999627798805271,1,1,1,1
2025,155008,215.12,0,-1.170465101781963,0,Logistic regression,-4.772219748713278,-1.4754940040828912,-4.772219748713278,0.0,-0.9878902425521641,0,0,0,0
2025,114556,31.03,0,-1.1424816304518126,0,Logistic regression,-1.941461865447142,-1.0839960416116485,-1.941461865447142,0.07,-1.4468438333406435,0,0,0,0
2025,149081,17.82,0,-0.8241126284131121,0,Logistic regression,-3.69548055463077,-1.3494220254043097,-3.69548055463077,0.075,-0.8288776902773614,0,0,0,0
2025,84133,105.42,0,-1.266717012090155,0,Logistic regression,-3.0099525274350283,-1.24283581410901,-3.0099525274350283,0.0,-1.126745909539985,0,0,0,0
2025,215644,30.0,0,-1.0668946583292067,0,Logistic regression,-2.221257920073722,-1.217946678561601,-2.221257920073722,0.01,-1.357647736462074,0,0,0,0
2025,92777,294.9,1,0.4365279507846299,1,Logistic regression,12.770920642715454,2.1273585364270056,12.770920642715454,0.63,-0.22863501707052966,1,1,1,1
2025,132787,23.4,0,-1.0757166969596055,0,Logistic regression,-2.791803360409105,-1.3665454725567352,-2.791803360409105,0.005,-0.9567504696053681,0,0,0,0
2025,47022,22.06,0,-0.8351860364593947,0,Logistic regression,-1.450618607718302,-0.7641760381321308,-1.450618607718302,0.03,-0.6245188979625307,0,0,0,0
2025,242520,7.7,0,-0.061230220094822485,0,Logistic regression,-4.232667266116612,-0.5025716551062731,-4.232667266116612,0.025,-0.42036356921412044,0,0,0,0
2025,111068,534.43,0,-0.1237825804924575,0,Logistic regression,-5.822277414671505,-1.3144539852689554,-5.822277414671505,0.04,-0.686524211796947,0,0,0,0
2025,76086,123.14,0,-0.7165498168371736,0,Logistic regression,-2.6104263365145197,-1.1917548745341264,-2.6104263365145197,0.13,-1.087407052194969,0,0,0,0
2025,39015,42.95,0,-1.1016662964657389,0,Logistic regression,-2.771474095456674,-1.2920272012312888,-2.771474095456674,0.0,-1.1037638249501902,0,0,0,0
2025,158176,11.34,0,-0.9177092489255524,0,Logistic regression,-2.466324085120872,-1.1800332899708592,-2.466324085120872,0.065,-0.4741920207661579,0,0,0,0
2025,282556,14.99,0,-1.0433728694310003,0,Logistic regression,-1.897539437875193,-1.1972899211180914,-1.897539437875193,0.015,-1.4165471388730357,0,0,0,0
2025,215953,0.77,1,-0.18187409034187235,0,Logistic regression,5.848002676509314,1.5236702436191694,5.848002676509314,0.555,-0.2427172570225538,1,1,1,1
2025,269278,56.4,0,-1.1660368303359232,0,Logistic regression,-3.7919681980407525,-1.6094839799536904,-3.7919681980407525,0.0,-1.198094953580213,0,0,0,0
2025,113883,4.49,0,-1.0329839616258703,0,Logistic regression,-1.616503385681841,-1.2096582737237642,-1.616503385681841,0.0,-1.588806926785998,0,0,0,0
2025,204064,345.0,1,0.43246743148939065,1,Logistic regression,3.2711079345234673,1.715461518700176,3.2711079345234673,0.945,-0.22178641227459148,1,1,1,1
2025,113285,1.98,0,-0.982356106625979,0,Logistic regression,-1.8186149715603421,-1.2978231857151041,-1.8186149715603421,0.18,-1.1399524570274666,0,0,0,0
2025,11343,1.0,1,0.31326346190218024,1,Logistic regression,35.94224224688939,0.8948019189491667,35.94224224688939,0.95,-0.24760711439376623,1,1,1,1
2025,70298,35.61,0,-0.8709216842645012,0,Logistic regression,-2.8708807463192434,-1.3090885845019873,-2.8708807463192434,0.0,-0.7676213582598088,0,0,0,0
2025,278396,12.99,0,-1.1118012118039053,0,Logistic regression,-2.821394562217867,-1.4887009587906808,-2.821394562217867,0.0,-1.0695455365210993,0,0,0,0
2025,15638,13.98,0,-0.11392099736835948,0,Logistic regression,-0.17192684785447887,-0.5359956170548256,-0.17192684785447887,0.09,-0.3785315873005579,0,0,0,1
2025,171775,9.12,0,-1.0951430693651352,0,Logistic regression,-2.4201149947723186,-1.407938615698119,-2.4201149947723186,0.02,-1.4619389610694964,0,0,0,0
2025,191815,38.63,0,-1.0393897841645536,0,Logistic regression,-2.7728766041660795,-1.3761985116817992,-2.7728766041660795,0.005,-1.0423432365584189,0,0,0,0
2025,108858,1.0,0,-0.9520038425683991,0,Logistic regression,-3.609294953790541,-1.2748705731001522,-3.609294953790541,0.005,-1.1481479898788185,0,0,0,0
2025,183918,0.99,0,-0.08711444308365451,0,Logistic regression,-3.2434462366217147,-1.5311074349055322,-3.2434462366217147,0.33,-0.526649650607859,0,0,0,0
2025,249743,0.79,0,-0.2731787710925062,0,Logistic regression,-3.7304780716763837,-0.9868478286434434,-3.7304780716763837,0.165,-0.6327528754115475,0,0,0,0
2025,246169,10.77,0,-0.09092332644931561,0,Logistic regression,-1.4090956809078312,-0.8981563631048953,-1.4090956809078312,0.215,-0.5118005649739197,0,0,0,0
2025,260339,200.0,0,-1.1922610215236387,0,Logistic regression,-4.611052990407221,-1.606658911002355,-4.611052990407221,0.0,-0.8073088967966897,0,0,0,0
2025,263274,0.77,1,0.24442171971900895,1,Logistic regression,19.12309881115536,1.742978545497678,19.12309881115536,0.97,-0.007098327934746268,1,1,1,1
2025,42313,162.85,0,-0.8633412630041247,0,Logistic regression,-1.9303821265216676,-0.8356583891584608,-1.9303821265216676,0.035,-0.9741976650576698,0,0,0,0
2025,58910,15.0,0,-1.017673937110589,0,Logistic regression,-3.660721823902256,-1.1223756779347895,-3.660721823902256,0.13,-1.402838718873994,0,0,0,0
2025,211368,1.98,0,-0.9741094386653683,0,Logistic regression,-2.1883261721451994,-1.200715767287211,-2.1883261721451994,0.0,-1.5193251378199033,0,0,0,0
2025,89490,2.99,0,-1.153923480052717,0,Logistic regression,-2.6979462650268724,-1.1981731259168387,-2.6979462650268724,0.01,-1.2533502201043791,0,0,0,0
2025,24959,436.2,0,-0.037957530453143706,0,Logistic regression,-6.97991504592583,-1.0047770815057107,-6.97991504592583,0.0,-0.617573374891154,0,0,0,0
2025,175828,309.98,0,0.013102641757906819,0,Logistic regression,-6.365176428581443,-1.4691850754737368,-6.365176428581443,0.005,-0.8742058109136004,0,0,0,0
2025,146634,5.0,0,-0.8427225569766127,0,Logistic regression,-1.529817459491218,-0.7870380108440693,-1.529817459491218,0.0,-1.0358932343103866,0,0,0,0
2025,37059,72.44,0,-1.013606848771213,0,Logistic regression,-3.0267194163346867,-1.355637946243648,-3.0267194163346867,0.0,-1.4793210503134886,0,0,0,0
2025,167380,12.99,0,-0.9353462454378759,0,Logistic regression,-3.9631386745913857,-1.5141618818490685,-3.9631386745913857,0.02,-1.3730525279660823,0,0,0,0
2025,189194,4.49,0,-0.9878966771184235,0,Logistic regression,-1.7955267127397287,-1.1444549571566716,-1.7955267127397287,0.005,-1.418460804211161,0,0,0,0
2025,31210,702.84,0,0.23529775765380348,1,Logistic regression,-5.751273417703239,-1.142529241956182,-5.751273417703239,0.03,-0.4921132277780504,0,0,0,0
2025,175963,12.6,0,-1.1179231179007107,0,Logistic regression,-3.1029609225554053,-1.460773087062725,-3.1029609225554053,0.0,-1.1937306626482838,0,0,0,0
2025,29555,10.0,0,-1.0924022602812147,0,Logistic regression,-3.043580621295224,-1.174182316896824,-3.043580621295224,0.01,-1.3002637386824762,0,0,0,0
2025,223366,1.0,1,0.9042699041831503,1,Logistic regression,9.867728224104175,1.8286570342104969,9.867728224104175,0.975,0.871933194558195,1,1,1,1
2025,214662,120.54,1,0.41559094943730235,1,Logistic regression,10.840321855042667,2.0865024790677356,10.840321855042667,0.87,-0.020225304001502104,1,1,1,1
2025,27627,18.96,1,0.22945949458283987,1,Logistic regression,8.669162700854232,1.6699412274054204,8.669162700854232,0.93,0.43319883230002204,1,1,1,1
2025,115849,4.65,0,-1.1112462799184142,0,Logistic regression,-2.046619139914804,-1.1859907155219012,-2.046619139914804,0.045,-1.3021208784857605,0,0,0,0
2025,185650,1199.42,0,0.16213272141547558,1,Logistic regression,-9.475205835233778,-0.8773624247435834,-9.475205835233778,0.145,-0.25487544439526844,0,0,0,1
2025,101905,1.5,0,-1.1125702185003492,0,Logistic regression,-3.0690759511187844,-1.2618176871587568,-3.0690759511187844,0.005,-1.08429390922204,0,0,0,0
2025,223076,38.7,0,-0.7720727099133254,0,Logistic regression,-1.3807375276238276,-0.9659128309874956,-1.3807375276238276,0.125,-0.8085109919280613,0,0,0,0
2025,17480,99.99,1,0.3246750545460748,1,Logistic regression,30.34653325948124,0.8803703062007916,30.34653325948124,0.955,0.6702363756058523,1,1,1,1
2025,106639,20.97,0,-0.956053811017819,0,Logistic regression,-2.101488623597667,-1.154715022926197,-2.101488623597667,0.065,-1.000211469288508,0,0,0,0
2025,189992,20.7,0,-0.9317002219990796,0,Logistic regression,-4.471804055033352,-1.607030685696055,-4.471804055033352,0.01,-0.9543389500682469,0,0,0,0
2025,9413,20.86,0,-1.1233634586167307,0,Logistic regression,-3.0836912233184783,-1.4480120045145715,-3.0836912233184783,0.005,-0.9151411766099704,0,0,0,0
2025,155801,2.12,0,-1.0521167937095304,0,Logistic regression,-4.100714309531789,-1.3979239070708491,-4.100714309531789,0.01,-1.2420260071913805,0,0,0,0
2025,188563,1.0,0,-0.18420640750463557,0,Logistic regression,-0.04348381740120777,0.174184686250467,-0.04348381740120777,0.38,-0.3331438805801248,1,0,0,1
2025,228047,15.17,0,-0.019342945193640826,0,Logistic regression,-6.285493125636113,-1.3470496446416944,-6.285493125636113,0.2,-0.555829261728173,0,0,0,0
2025,14900,275.2,0,0.17261799536605416,1,Logistic regression,-7.200593932891475,-0.21620235357907552,-7.200593932891475,0.235,-0.247694133709231,0,0,0,1
2025,247449,21.9,0,-0.6370557640746699,0,Logistic regression,-1.2128422096067852,-0.9189926340959127,-1.2128422096067852,0.405,-0.2508655795112489,0,0,1,1
2025,94218,720.38,1,0.3078108817770249,1,Logistic regression,9.813349589158515,0.8259112478877244,9.813349589158515,0.895,-0.24665140145931547,1,1,1,1
2025,238222,1.1,1,0.09813795931627706,1,Logistic regression,12.964268559465626,1.0953338653695444,12.964268559465626,0.835,-0.22854402093431847,1,1,1,1
2025,82076,37.87,0,-1.1160815499705103,0,Logistic regression,-2.5261432235812555,-1.3714472878751642,-2.5261432235812555,0.0,-1.5485056953209864,0,0,0,0
2025,2182,80.0,0,-0.16427517767420458,0,Logistic regression,-0.5554296034756985,-0.5321155475682371,-0.5554296034756985,0.045,-0.330910027469557,0,0,0,1
2025,68468,9.0,0,-0.841477835971331,0,Logistic regression,-1.5742887429466572,-1.1825971743844292,-1.5742887429466572,0.07,-1.3748964910105532,0,0,0,0
2025,268405,18.8,0,-1.1310417892584446,0,Logistic regression,-2.0986163281958583,-1.0231307038607553,-2.0986163281958583,0.01,-0.796984455015771,0,0,0,0
2025,62452,27.31,0,0.15516775188137066,1,Logistic regression,-1.3037520892129537,0.2552273253485932,-1.3037520892129537,0.17,-0.5541486982370427,1,0,0,0
2025,37827,166.35,0,-0.7953214355232582,0,Logistic regression,-2.4141491582843813,-1.092243280425742,-2.4141491582843813,0.045,-1.2942244684314206,0,0,0,0
2025,73324,34.6,0,-0.8314800547925839,0,Logistic regression,-1.6167379846311098,-0.8198015125022866,-1.6167379846311098,0.035,-1.2407030063168654,0,0,0,0
2025,145971,50.05,0,-1.1413143513428894,0,Logistic regression,-2.4482986236488093,-1.2767808783483914,-2.4482986236488093,0.025,-1.6276352682700461,0,0,0,0
2025,212130,12.96,0,-1.0308414117982703,0,Logistic regression,-3.4554532495948482,-1.4524953531681857,-3.4554532495948482,0.0,-1.3718901114201385,0,0,0,0
2025,1891,8.98,0,-0.9755704354391165,0,Logistic regression,-0.805928610090672,-0.8374826961168953,-0.805928610090672,0.04,-1.3177863642702379,0,0,0,0
2025,124036,129.0,1,-0.26665719362131557,0,Logistic regression,-1.0095937933198997,-0.35781209130415,-1.0095937933198997,0.015,-0.8966188665587322,0,0,0,0
2025,130958,29.56,0,-0.3203253975186269,0,Logistic regression,-0.44126755094867454,-0.1937922516946598,-0.44126755094867454,0.005,-0.7652076833759827,0,0,0,0
2025,272800,8.99,0,-1.1115026332054732,0,Logistic regression,-2.716777860519919,-1.306740063903495,-2.716777860519919,0.0,-1.5460263257032634,0,0,0,0
2025,141061,29.99,0,-1.1226723776278504,0,Logistic regression,-4.071465781995531,-1.4046949191298295,-4.071465781995531,0.0,-1.448867189999311,0,0,0,0
2025,43061,34.12,1,0.3679323600437527,1,Logistic regression,32.14534960881911,1.035406094213061,32.14534960881911,0.94,0.2709996897995634,1,1,1,1
2025,235000,20.76,0,-1.2077022011397487,0,Logistic regression,-3.644494339938745,-1.4421893901922034,-3.644494339938745,0.0,-0.7343385702936613,0,0,0,0
2025,108258,0.76,1,-0.7704095188866572,0,Logistic regression,-1.9658682483634504,-1.0590373324903515,-1.9658682483634504,0.035,-0.8995717158133691,0,0,0,0
2025,19457,25.0,0,-1.2175341583740114,0,Logistic regression,-3.470190897866905,-1.3566415741987656,-3.470190897866905,0.0,-0.4686837316432979,0,0,0,0
2025,263877,0.38,1,0.5151651409620721,1,Logistic regression,14.635858650441135,2.369603769616505,14.635858650441135,0.94,0.2515477919790603,1,1,1,1
2025,191690,0.0,1,0.17690268875589232,1,Logistic regression,13.157567338318115,1.640295465723133,13.157567338318115,0.87,0.3340434491929157,1,1,1,1
2025,138015,25.0,0,-1.176017312162982,0,Logistic regression,-4.499323614970325,-1.4134981928705008,-4.499323614970325,0.005,-1.1840310882895118,0,0,0,0
2025,156231,7.55,0,-0.88896229862074,0,Logistic regression,-4.397869564069266,-1.5911267696792928,-4.397869564069266,0.085,-1.0166369444628782,0,0,0,0
2025,152363,2.83,0,-0.6415796427354371,0,Logistic regression,-6.930684971970445,-1.2656567895717745,-6.930684971970445,0.02,-0.3527949846397792,0,0,0,1
2025,114269,20.0,0,-1.056788289970612,0,Logistic regression,-2.1801864015625845,-1.0720357933630473,-2.1801864015625845,0.04,-0.9829900315875082,0,0,0,0
2025,52521,105.99,1,-0.8989322924173905,0,Logistic regression,-2.395129444219376,-0.960266580455682,-2.395129444219376,0.175,-0.9719705916216415,0,0,0,0
2025,253075,1.29,0,-0.810937146167079,0,Logistic regression,-1.705395484268436,-1.1849867132919207,-1.705395484268436,0.04,-1.1380448583188583,0,0,0,0
2025,16894,1.98,0,-0.962352523266813,0,Logistic regression,-2.7355574255185076,-1.4652805784549894,-2.7355574255185076,0.025,-1.5657626567831269,0,0,0,0
2025,268140,56.0,0,-1.0824499293938574,0,Logistic regression,-5.2611721394125786,-1.5595414675931007,-5.2611721394125786,0.0,-1.4381410238797474,0,0,0,0
2025,197937,0.76,0,-0.16632024274536605,0,Logistic regression,0.19611646189154008,0.014033142734739795,0.19611646189154008,0.26,-0.6911132200336157,1,1,0,0
2025,4005,8.99,0,-0.7303239971054193,0,Logistic regression,-3.6746959939901505,-1.1513958096815717,-3.6746959939901505,0.085,-0.8418678700563889,0,0,0,0
2025,124176,1.0,1,-0.7281733453257684,0,Logistic regression,0.3772944775554423,-0.40073090729084504,0.3772944775554423,0.17,-0.41373292963098063,0,1,0,0
2025,203944,24.2,0,-1.2032370501095366,0,Logistic regression,-2.9110592315402535,-1.2554136449954372,-2.9110592315402535,0.0,-0.7810638789417195,0,0,0,0
2025,266964,8.99,0,-0.9011502907268524,0,Logistic regression,-1.4569706749538507,-0.9424261454788241,-1.4569706749538507,0.12,-1.234820988434987,0,0,0,0
2025,106726,19.0,0,-0.9572125127181766,0,Logistic regression,-2.7014231794012518,-1.2505318796718987,-2.7014231794012518,0.02,-0.43729617615433064,0,0,0,0
2025,255858,50.0,0,-0.25336747305204854,0,Logistic regression,-2.4749371566160616,-0.7280068910063668,-2.4749371566160616,0.095,-0.5470146652716589,0,0,0,0
2025,38392,52.99,0,-1.0241252933043539,0,Logistic regression,-1.6758227315434553,-1.2614800614406907,-1.6758227315434553,0.02,-1.322202241659211,0,0,0,0
2025,12786,9.44,0,-1.2007589558030602,0,Logistic regression,-4.267630468778993,-1.657615589508982,-4.267630468778993,0.0,-0.5917690547124216,0,0,0,0
2025,54565,27.54,0,-0.820755336546617,0,Logistic regression,-2.070239963922369,-1.1163190696359502,-2.070239963922369,0.135,-1.2866454137167223,0,0,0,0
2025,128053,0.89,0,-0.6945039211320975,0,Logistic regression,-0.3260572797673138,-0.2965704137783826,-0.3260572797673138,0.34,-0.49793896577597613,0,0,0,0
2025,128076,1.0,0,-1.0974354408965223,0,Logistic regression,-2.163706702732297,-1.1860001643237534,-2.163706702732297,0.0,-1.4302155811254136,0,0,0,0
2025,75816,39.0,0,-1.0464042327909406,0,Logistic regression,-3.133407013415968,-1.139085703385678,-3.133407013415968,0.0,-1.7391414940362357,0,0,0,0
2025,149874,600.73,1,0.36972903012448666,1,Logistic regression,2.7941653151716146,0.5103654899290766,2.7941653151716146,0.63,-0.2535562172308649,1,1,1,1
2025,143731,240.77,1,0.5543626449980019,1,Logistic regression,13.188106637204328,2.712917538939585,13.188106637204328,0.775,0.36445007939582125,1,1,1,1
2025,29495,61.55,0,-1.2653649631586807,0,Logistic regression,-3.500606161083198,-1.298942416395654,-3.500606161083198,0.0,-1.3975658838604623,0,0,0,0
2025,272684,69.99,0,-1.1634178619139504,0,Logistic regression,-4.179169541932676,-1.475873195971889,-4.179169541932676,0.0,-1.3299853090954437,0,0,0,0
2025,222810,1.49,0,0.07638076519022041,1,Logistic regression,0.6874439277115352,0.5254181955365067,0.6874439277115352,0.525,-0.01318798699842974,1,1,1,1
2025,69395,35.0,0,-1.0710073022193916,0,Logistic regression,-2.9357996529856125,-1.4894667419613523,-2.9357996529856125,0.0,-1.4585028794221497,0,0,0,0
2025,269046,76.15,0,-1.1891311977156778,0,Logistic regression,-4.106175332381294,-1.6995530396645104,-4.106175332381294,0.0,-0.6696782766015197,0,0,0,0
2025,153835,1.0,1,0.31462225907313335,1,Logistic regression,30.120713517584143,0.22533422516918833,30.120713517584143,0.95,-0.2476939622922272,1,1,1,1
2025,109816,45.0,0,-1.0548335751454574,0,Logistic regression,-3.1952224921181136,-1.4237402233838228,-3.1952224921181136,0.0,-1.372646696726295,0,0,0,0
2025,199422,84.95,0,-1.0602586257437876,0,Logistic regression,-5.4408537398170935,-1.5949706704146607,-5.4408537398170935,0.0,-1.367916892344498,0,0,0,0
2025,211119,166.13,0,-0.5793106058491903,0,Logistic regression,-3.687886609750065,-0.9125828169589796,-3.687886609750065,0.06,-0.682217010494452,0,0,0,0
2025,58176,45.0,0,-1.1731332775642844,0,Logistic regression,-3.0595507174025776,-1.3120870219519793,-3.0595507174025776,0.005,-1.4266349603565256,0,0,0,0
2025,166048,160.0,0,-0.7633854270387458,0,Logistic regression,-4.72106978870127,-1.134815602409755,-4.72106978870127,0.12,-0.7771021468733392,0,0,0,0
2025,89190,1402.16,1,0.26058570523385416,1,Logistic regression,2.602610135769142,-0.3325981341060514,2.602610135769142,0.885,-0.2476986002184251,0,1,1,1
2025,16473,24.99,0,-1.075135896013157,0,Logistic regression,-3.199418811608684,-1.0478497050507316,-3.199418811608684,0.145,-1.4798761783981822,0,0,0,0
2025,219025,4.49,1,-0.9355518290202486,0,Logistic regression,-1.0496899771716421,-1.077662071690092,-1.0496899771716421,0.175,-1.3702307162007341,0,0,0,0
2025,249741,69.85,0,-0.8902492882967029,0,Logistic regression,-4.584251516499684,-1.6035423852342892,-4.584251516499684,0.0,-1.4084010778739817,0,0,0,0
2025,257031,572.84,0,-0.27309366532796986,0,Logistic regression,-5.8048609787437435,-1.1843792621832254,-5.8048609787437435,0.0,-0.653124619308965,0,0,0,0
2025,30314,7.61,1,0.5390537850363444,1,Logistic regression,17.585634018729955,2.3679575289312313,17.585634018729955,0.995,-0.1066088226462269,1,1,1,1
2025,158547,11.0,0,-0.8845423346724878,0,Logistic regression,-6.242498155398515,-1.4228677203724218,-6.242498155398515,0.02,-0.9070630891966773,0,0,0,0
2025,11710,1.0,1,0.4003697437781545,1,Logistic regression,35.95624797383266,0.847829342798251,35.95624797383266,0.95,-0.2476039402120082,1,1,1,1
2025,257014,11.5,0,-1.1244292651003218,0,Logistic regression,-2.660465665928773,-1.4364493043004414,-2.660465665928773,0.0,-1.416971557817914,0,0,0,0
2025,201067,0.99,0,-1.0080662534014038,0,Logistic regression,-2.122250712623697,-1.3071863763900096,-2.122250712623697,0.005,-1.3082738311347433,0,0,0,0
2025,224746,11.4,0,-1.123991561212487,0,Logistic regression,-2.924848376556439,-1.4534521503386384,-2.924848376556439,0.0,-1.1291851737537573,0,0,0,0
2025,76228,68.75,0,-0.8371937158782535,0,Logistic regression,-0.9128977104366414,-0.5383041913522092,-0.9128977104366414,0.0,-1.027921780654877,0,0,0,0
2025,191016,159.09,0,-1.1925964060000416,0,Logistic regression,-3.920114583105505,-1.272420390892314,-3.920114583105505,0.0,-1.3112372450744922,0,0,0,0
2025,90523,61.66,0,-0.9773948671982143,0,Logistic regression,-2.431991082455249,-1.407918523127814,-2.431991082455249,0.015,-1.1640904933012635,0,0,0,0
2025,150752,36.0,0,-1.113529202994214,0,Logistic regression,-3.055792922980894,-1.3688822347744345,-3.055792922980894,0.185,-1.0066473602180233,0,0,0,0
2025,38423,5.47,0,-0.3425577050213692,0,Logistic regression,-1.776904341267493,-0.8949758349553235,-1.776904341267493,0.115,-0.745393544118993,0,0,0,0
2025,151011,1.0,1,0.5406794285069744,1,Logistic regression,30.265096743210492,0.855067191525224,30.265096743210492,0.95,-0.20286123114966348,1,1,1,1
2025,29236,10.65,0,-0.6532194188882665,0,Logistic regression,-1.3359574698311625,-0.49915594841573185,-1.3359574698311625,0.01,-0.6103457121503706,0,0,0,0
2025,7958,39.0,0,-1.079382899334683,0,Logistic regression,-3.4457307127391323,-1.1942783742105147,-3.4457307127391323,0.015,-1.1937002417890976,0,0,0,0
2025,25635,159.0,0,-0.9771207163443737,0,Logistic regression,-4.305012852896681,-1.0995948758853564,-4.305012852896681,0.02,-1.5437350263787268,0,0,0,0
2025,242797,1.0,0,-1.0329774117139867,0,Logistic regression,-1.3564842819020573,-0.8183355379046333,-1.3564842819020573,0.0,-0.7758370327831445,0,0,0,0
2025,152295,9.82,1,0.4355166515237552,1,Logistic regression,29.123352639889518,0.5146093350043052,29.123352639889518,0.965,-0.244867123621406,1,1,1,1
2025,157918,635.1,1,-0.027022897304595617,0,Logistic regression,-6.362646749351218,-0.6026280338602092,-6.362646749351218,0.22,-0.29521717316990054,0,0,0,1
2025,127121,9.99,0,-1.1119742365938379,0,Logistic regression,-3.243523925196931,-1.4360763302252857,-3.243523925196931,0.0,-1.0733508155136675,0,0,0,0
2025,156180,14.81,0,-1.0847920238635034,0,Logistic regression,-2.140808283776396,-1.2683662162399114,-2.140808283776396,0.0,-0.6943898418740979,0,0,0,0
2025,12355,8.65,0,-1.002244577980988,0,Logistic regression,-2.4678145066558894,-1.3758543855497434,-2.4678145066558894,0.01,-1.0829143772085228,0,0,0,0
2025,34897,12.96,0,-0.5696354338645383,0,Logistic regression,-1.2062939927509158,-0.69979877207861,-1.2062939927509158,0.045,-1.1020688863068184,0,0,0,0
2025,90906,57.96,0,-0.9039899069633385,0,Logistic regression,-4.0876020573628535,-1.456387400493763,-4.0876020573628535,0.015,-1.1580564832629174,0,0,0,0
2025,199211,5.48,0,-0.2310201979806057,0,Logistic regression,-2.3850132646367737,-0.6840853707292642,-2.3850132646367737,0.275,-0.7021127122755426,0,0,0,0
2025,248296,0.0,1,0.3917465155265456,1,Logistic regression,13.045778368574984,1.6341559385964963,13.045778368574984,0.89,0.27791491858797207,1,1,1,1
2025,131697,1.98,0,-1.0056329911417792,0,Logistic regression,-1.5565225940229368,-1.1129714322315114,-1.5565225940229368,0.005,-1.3620836059473707,0,0,0,0
2025,43773,172.32,1,0.4209484551644359,1,Logistic regression,12.76573866119448,2.667758820475623,12.76573866119448,0.845,0.018056214660329972,1,1,1,1
2025,27254,1.0,0,-0.9185029976029603,0,Logistic regression,-2.037356453904218,-1.1644751832689741,-2.037356453904218,0.0,-1.1650281237792013,0,0,0,0
2025,204503,84.28,1,0.4133271419967299,1,Logistic regression,7.341772480366586,1.896097294763989,7.341772480366586,0.86,0.2736407170079315,1,1,1,1
2025,221148,0.0,0,0.04866126176974922,1,Logistic regression,-1.1942185723083045,-0.20935232807354726,-1.1942185723083045,0.405,-0.5086789175352732,0,0,1,0
2025,122626,6.99,0,-1.0027256080050955,0,Logistic regression,-1.168691300658755,-1.0625792124392104,-1.168691300658755,0.03,-1.4726653321360959,0,0,0,0
2025,106581,1.0,0,-0.9059183383683641,0,Logistic regression,-3.6589093989747763,-1.3593227237349206,-3.6589093989747763,0.075,-0.9917450243848716,0,0,0,0
2025,54926,12.83,0,-0.2939323363689441,0,Logistic regression,-5.168090750039459,-1.7018777074624862,-5.168090750039459,0.13,-0.3466733633556728,0,0,0,1
2025,68538,22.99,0,-1.0709891474331958,0,Logistic regression,-1.6558550144324147,-1.2242615491398918,-1.6558550144324147,0.08,-1.419276031194456,0,0,0,0
2025,42674,1.52,1,0.3899067753953819,1,Logistic regression,31.435202485687185,1.1382753484516903,31.435202485687185,0.99,-0.1453302105820756,1,1,1,1
2025,118923,194.23,0,-0.7893673979004497,0,Logistic regression,-3.091763369948274,-1.123746225391892,-3.091763369948274,0.0,-1.2316997072972593,0,0,0,0
2025,142405,12.31,1,0.4074219000805419,1,Logistic regression,19.29396390918869,2.857986581624875,19.29396390918869,0.935,-0.09528834201050454,1,1,1,1
2025,171992,35.15,0,-1.180444197801965,0,Logistic regression,-3.454761987804414,-1.4211075716210773,-3.454761987804414,0.0,-1.5106654032847149,0,0,0,0
2025,245347,2.47,1,-1.1999655783507848,0,Logistic regression,-2.0004339088364365,-1.0466229742220379,-2.0004339088364365,0.005,-0.5354653190574963,0,0,0,0
2025,146872,1.0,0,-0.9803354428732246,0,Logistic regression,-2.4245660117482135,-1.085584973161986,-2.4245660117482135,0.025,-1.2351041262276246,0,0,0,0
2025,42528,340.11,1,0.4208804732285,1,Logistic regression,30.470594715939477,0.6060071951224424,30.470594715939477,0.95,-0.14893253547946436,1,1,1,1
2025,222804,99.0,0,-1.094474485287432,0,Logistic regression,-2.550614607524291,-1.1769677616132521,-2.550614607524291,0.01,-1.075665827780708,0,0,0,0
2025,74648,18.81,0,-1.1105129392348942,0,Logistic regression,-2.2916807048600214,-1.291967563455192,-2.2916807048600214,0.01,-1.593749309216577,0,0,0,0
2025,196484,74.99,0,-0.9589901563414164,0,Logistic regression,-4.004861278014412,-1.7067493770830244,-4.004861278014412,0.015,-1.5065383083290387,0,0,0,0
2025,124689,23.58,0,-0.5454224748783271,0,Logistic regression,-1.3496719847156977,-0.4435208430957307,-1.3496719847156977,0.215,-0.9377452546749356,0,0,0,0
2025,131364,13.73,0,-1.1911774932854744,0,Logistic regression,-4.437620809665266,-1.4629645135915565,-4.437620809665266,0.0,-1.0776170370792015,0,0,0,0
2025,48586,1697.42,0,0.45928305894461224,1,Logistic regression,-14.195449019080295,-0.07581056393861664,-14.195449019080295,0.15,-0.24787543725403774,1,0,0,1
2025,188159,6.97,0,-0.9475903857010529,0,Logistic regression,-1.8808633950490519,-1.2286208291289782,-1.8808633950490519,0.02,-1.1360718549206759,0,0,0,0
2025,186611,1.0,0,-0.8445654112048565,0,Logistic regression,-2.8231068278516043,-1.0421220634412838,-2.8231068278516043,0.085,-0.9961640392514384,0,0,0,0
2025,116074,50.0,0,-0.9459528473312698,0,Logistic regression,-2.725790653519256,-1.3040202206991234,-2.725790653519256,0.055,-1.0740738383450756,0,0,0,0
2025,76555,153.46,1,0.3297385282475814,1,Logistic regression,18.939630083172446,2.6327806077952025,18.939630083172446,0.735,-0.18030358601188484,1,1,1,1
2025,227795,79.95,0,-1.1087449683903916,0,Logistic regression,-5.196037522321889,-1.6125785551857346,-5.196037522321889,0.02,-1.3322184510098651,0,0,0,0
2025,28327,213.5,0,-0.8826074170885808,0,Logistic regression,-3.5447456891319304,-1.2906293630216246,-3.5447456891319304,0.0,-0.9986754943041314,0,0,0,0
2025,46909,1.0,1,0.3093032972229453,1,Logistic regression,22.279360953926307,1.6421276713448318,22.279360953926307,1.0,-0.09808667999618864,1,1,1,1
2025,117208,4.0,0,-0.9171032773356517,0,Logistic regression,-1.4297860031851162,-0.7376235291434318,-1.4297860031851162,0.045,-1.193485568911473,0,0,0,0
2025,181784,0.89,0,-1.1018202647973,0,Logistic regression,-2.005461512392008,-1.0311296159317682,-2.005461512392008,0.01,-1.0967829696072107,0,0,0,0
2025,249239,1096.99,1,0.16813515906826002,1,Logistic regression,-9.36645239851152,-0.9875300848938573,-9.36645239851152,0.185,-0.26111327770927345,0,0,0,1
2025,261056,45.51,1,0.24329979143700775,1,Logistic regression,6.618404136526852,1.2700111103703853,6.618404136526852,0.755,-0.057832712822391746,1,1,1,1
2025,78018,19.49,0,-0.9098923879860431,0,Logistic regression,-4.117129829319548,-1.5701270994712435,-4.117129829319548,0.02,-0.9693549912182056,0,0,0,0
2025,62062,498.59,0,-0.22056325099021723,0,Logistic regression,-7.135451576740736,-0.8867914173213441,-7.135451576740736,0.005,-0.8202041495634949,0,0,0,0
2025,93128,125.79,0,-0.7561333453810551,0,Logistic regression,-2.3026384622975278,-0.9477963088542098,-2.3026384622975278,0.12,-1.0801388152598679,0,0,0,0
2025,247128,25.0,0,-1.025819847814308,0,Logistic regression,-2.751449231785213,-1.1204761263457397,-2.751449231785213,0.03,-1.3141634083203209,0,0,0,0
2025,240211,5.25,0,-1.1568782878104336,0,Logistic regression,-2.881583863769265,-1.3999604907974736,-2.881583863769265,0.0,-1.3353148349552157,0,0,0,0
2025,158792,626.01,0,-0.0005891275784219996,0,Logistic regression,-6.520372031797582,-0.4669806283791169,-6.520372031797582,0.26,-0.25207371321412714,0,0,0,1
2025,232145,0.76,0,-0.9794565543812105,0,Logistic regression,-0.48234325898910013,-0.6543985856905313,-0.48234325898910013,0.26,-0.8556464938611557,0,0,0,0
2025,276071,19.95,1,-1.1311615284985859,0,Logistic regression,-2.3825267047964784,-1.2748553954050155,-2.3825267047964784,0.0,-1.3578659754697364,0,0,0,0
2025,284030,1.99,0,-1.171665507023563,0,Logistic regression,-3.375150849821786,-1.4017842542392536,-3.375150849821786,0.02,-1.357997737891111,0,0,0,0
2025,99962,66.07,0,-1.1255159448033933,0,Logistic regression,-2.093952464301508,-1.1574006077392238,-2.093952464301508,0.015,-0.9678830592473333,0,0,0,0
2025,87599,205.33,0,-0.837267435233158,0,Logistic regression,-4.2724349213280135,-1.3257198241266643,-4.2724349213280135,0.0,-1.048642938470747,0,0,0,0
2025,91075,17.35,0,-0.7670057527844153,0,Logistic regression,-2.5003183681641494,-0.8333221050190576,-2.5003183681641494,0.06,-0.42978455331701904,0,0,0,0
2025,252774,0.77,1,0.2890059010208874,1,Logistic regression,16.935002690022486,2.0129970053844666,16.935002690022486,0.935,-0.026428423929879125,1,1,1,1
2025,161698,1.98,0,-0.9942739743372285,0,Logistic regression,-2.053588824266868,-1.3118165652131886,-2.053588824266868,0.01,-1.352303100300836,0,0,0,0
2025,141259,512.25,1,0.16741083499511128,1,Logistic regression,21.19362296916131,0.8016735750007704,21.19362296916131,0.865,-0.2418796825046283,1,1,1,1
2025,235222,2.69,0,-1.081542141302498,0,Logistic regression,-3.018781355234939,-1.4815791598749404,-3.018781355234939,0.0,-1.5340010155322974,0,0,0,0
2025,192529,1.0,1,0.22841070530969387,1,Logistic regression,12.251634101874727,1.8725483683399904,12.251634101874727,0.955,0.09176625042845127,1,1,1,1
2025,15204,99.99,1,0.3445054509391748,1,Logistic regression,30.130782336511906,0.2669282404239015,30.130782336511906,0.93,-0.19694116744766788,1,1,1,1
2025,86514,55.0,0,-0.8642082340420508,0,Logistic regression,-4.36925975436843,-1.3801524956505606,-4.36925975436843,0.0,-0.9802674093709036,0,0,0,0
2025,59150,19.47,0,-1.0543188696839274,0,Logistic regression,-2.3285288632458983,-1.39468709595166,-2.3285288632458983,0.01,-1.4353335310097481,0,0,0,0
2025,17525,310.0,0,-0.6294053917696515,0,Logistic regression,-3.943702065065327,-1.2808956820158568,-3.943702065065327,0.0,-1.299368115538082,0,0,0,0
2025,77348,0.01,1,0.5819915973036458,1,Logistic regression,9.974517897432186,2.329147066414431,9.974517897432186,0.92,0.25034594927518256,1,1,1,1
2025,39977,67.99,0,-1.035798065621715,0,Logistic regression,-1.247621774716264,-0.8136717973679857,-1.247621774716264,0.015,-1.1198626631260997,0,0,0,0
2025,31217,69.22,0,-1.0970320348821532,0,Logistic regression,-3.1634049299021085,-1.1983559188962793,-3.1634049299021085,0.0,-1.289421643452593,0,0,0,0
2025,18597,45.0,0,-0.9571649368659173,0,Logistic regression,-2.6946002031553,-1.2789570645759263,-2.6946002031553,0.01,-1.2264105334284714,0,0,0,0
2025,213711,74.95,0,-1.2658382392720484,0,Logistic regression,-4.449076858377078,-1.611523513162211,-4.449076858377078,0.0,-1.2874015122100522,0,0,0,0
2025,80526,75.97,0,-1.1647353135868777,0,Logistic regression,-1.9888172592569775,-1.0785232289640956,-1.9888172592569775,0.04,-1.285234109340564,0,0,0,0
2025,145377,59.9,0,-0.5587545715158649,0,Logistic regression,-1.450744444566001,-0.5343146236894879,-1.450744444566001,0.055,-0.8323086177345473,0,0,0,0
2025,140721,27.62,0,-0.9687071997668456,0,Logistic regression,-2.013234788794013,-1.1158050889054791,-2.013234788794013,0.015,-0.9806814758743967,0,0,0,0
2025,50980,0.12,0,-1.0009709901886508,0,Logistic regression,-2.571021192380763,-1.3565136085358733,-2.571021192380763,0.03,-1.3027754975324197,0,0,0,0
2025,236167,184.0,0,-1.1289201349118003,0,Logistic regression,-3.6018268244234397,-1.1708958981534037,-3.6018268244234397,0.005,-1.0024312398966813,0,0,0,0
2025,230372,18.14,0,-1.0709207108285201,0,Logistic regression,-2.468462340965218,-1.3524551760953174,-2.468462340965218,0.0,-1.572547311820255,0,0,0,0
2025,127179,83.5,0,-1.1228491036217365,0,Logistic regression,-4.336934899232925,-1.2052664899121692,-4.336934899232925,0.0,-1.1746310678848026,0,0,0,0
2025,12116,11.85,0,-1.0016147713454746,0,Logistic regression,-4.124855456231387,-1.4416996703073965,-4.124855456231387,0.005,-0.9664187533162676,0,0,0,0
2025,175577,38.52,0,-0.9267959981061417,0,Logistic regression,-2.3045210767528106,-1.119583993872473,-2.3045210767528106,0.0,-1.2103108687375255,0,0,0,0
2025,154697,7.59,1,0.2631773725141649,1,Logistic regression,15.877788345634373,1.7019398634711465,15.877788345634373,0.975,-0.2290152273300561,1,1,1,1
2025,205800,102.7,0,-1.0680580872560812,0,Logistic regression,-3.3451023714647232,-1.1821897160107029,-3.3451023714647232,0.005,-0.6408942488421864,0,0,0,0
2025,100073,303.62,0,-0.6221975933300052,0,Logistic regression,-5.1562088454278445,-1.2674340804661999,-5.1562088454278445,0.0,-0.8835159673224569,0,0,0,0
2025,26649,147.72,0,-0.41059119891893125,0,Logistic regression,-4.620114981446578,-0.9918462437358562,-4.620114981446578,0.225,-0.9518325768844853,0,0,0,0
2025,15566,99.99,1,0.4138081117832588,1,Logistic regression,30.208257175927038,0.6218163423456292,30.208257175927038,0.97,0.24886061285030875,1,1,1,1
2025,195108,202.94,0,-0.9039562953415706,0,Logistic regression,-5.307748296756062,-1.239461076216163,-5.307748296756062,0.0,-1.2838944525711042,0,0,0,0
2025,265313,82.2,0,-0.8424691338467777,0,Logistic regression,-2.9966495592022944,-1.2849236416684962,-2.9966495592022944,0.0,-1.4196069121110761,0,0,0,0
2025,137357,239.57,0,-0.8864483917093336,0,Logistic regression,-4.66014035802407,-1.1442486785040074,-4.66014035802407,0.0,-1.2099675574192839,0,0,0,0
2025,95313,45.0,0,-0.640707189946998,0,Logistic regression,-6.337703877999257,-1.0429482435178634,-6.337703877999257,0.045,-1.0618367667564423,0,0,0,0
2025,6334,1.0,1,0.41165066562760216,1,Logistic regression,17.67563324673683,1.552219331249052,17.67563324673683,0.905,0.4722436058584632,1,1,1,1
2025,27738,125.3,1,0.5326138171682233,1,Logistic regression,11.819467499033816,2.299345713528501,11.819467499033816,0.925,-0.08270806155739727,1,1,1,1
2025,217118,81.1,0,-0.9453932397854762,0,Logistic regression,-3.157860785294586,-1.4092898224798642,-3.157860785294586,0.03,-0.9409946497115647,0,0,0,0
2025,18459,154.9,0,-0.7984839882112543,0,Logistic regression,-3.8819369004708864,-1.044904372658517,-3.8819369004708864,0.015,-1.546430028397219,0,0,0,0
2025,42186,35.99,0,-1.2324526926654045,0,Logistic regression,-3.556480549974998,-1.346995970328296,-3.556480549974998,0.0,-0.5460110681878357,0,0,0,0
2025,103381,71.0,0,-0.8847659751918396,0,Logistic regression,-2.514105022523025,-1.0984050060161246,-2.514105022523025,0.01,-1.4991134437567852,0,0,0,0
2025,252919,9.99,0,-0.796428591658097,0,Logistic regression,-4.8881349731005574,-1.578108193928233,-4.8881349731005574,0.1,-1.0751961049187817,0,0,0,0
2025,12070,1.0,1,0.4036582349200373,1,Logistic regression,35.992175097114774,0.6690887203885175,35.992175097114774,0.945,-0.2476060313885154,1,1,1,1
2025,80976,0.8,0,-1.1717787067398193,0,Logistic regression,-3.4865453777185693,-1.2475639314124864,-3.4865453777185693,0.0,-1.5072531528700146,0,0,0,0
2025,52970,28.81,0,-0.8689931448886344,0,Logistic regression,-1.972536148714277,-0.7439186416832171,-1.972536148714277,0.095,-1.1629527647823237,0,0,0,0
2025,160604,13.74,0,-1.0505674109966856,0,Logistic regression,-2.4194779464454625,-1.3255984756990213,-2.4194779464454625,0.0,-1.420668785744959,0,0,0,0
2025,32825,105.0,0,-0.7947103393705465,0,Logistic regression,-3.7990368408617012,-0.950931602713043,-3.7990368408617012,0.22,-0.9661546566143939,0,0,0,0
2025,60551,40.0,0,-1.104409401813121,0,Logistic regression,-2.1003394034804406,-1.1972991681964347,-2.1003394034804406,0.025,-1.2644263266948979,0,0,0,0
2025,96789,101.5,1,0.28631716229686527,1,Logistic regression,4.733044776828374,0.5660366397776819,4.733044776828374,0.675,-0.2563127278820134,1,1,1,1
2025,87874,79.9,0,-1.1363611527418023,0,Logistic regression,-3.5465380170527645,-1.2306446059687488,-3.5465380170527645,0.0,-1.5561248047694487,0,0,0,0
2025,196886,29.99,0,-1.054707036912741,0,Logistic regression,-2.9616131944877795,-1.3743926603959762,-2.9616131944877795,0.0,-1.500048899744428,0,0,0,0
2025,145619,1.9,0,-1.0300112166432998,0,Logistic regression,-3.339876402727932,-1.6468450804631025,-3.339876402727932,0.0,-1.2462905549009915,0,0,0,0
2025,195145,50.0,0,-1.2133471989888065,0,Logistic regression,-4.184610373868086,-1.6239614600773495,-4.184610373868086,0.0,-1.143404176403508,0,0,0,0
2025,183898,59.9,0,-0.9865556748293277,0,Logistic regression,-2.5568192872978512,-1.2038517015680419,-2.5568192872978512,0.02,-1.2976394525841528,0,0,0,0
2025,204079,108.51,1,-1.1738066573281936,0,Logistic regression,-3.502322421914341,-1.383642718345124,-3.502322421914341,0.0,-1.377888756573742,0,0,0,0
2025,78253,14.2,0,-1.1218531049060134,0,Logistic regression,-2.152722743997037,-1.2124456836324693,-2.152722743997037,0.01,-0.48850228407447954,0,0,0,0
2025,70035,124.62,0,-1.0152849271172704,0,Logistic regression,-3.9728044321938696,-1.4526493877045437,-3.9728044321938696,0.0,-1.282354523371281,0,0,0,0
2025,6294,12.94,0,-0.535972917945344,0,Logistic regression,-3.0089579121305947,-1.4606754381656932,-3.0089579121305947,0.18,-1.0468124707730393,0,0,0,0
2025,136723,41.88,0,-0.8774999382868279,0,Logistic regression,-3.0623484504157372,-1.1356559458727233,-3.0623484504157372,0.08,-1.5172146579459225,0,0,0,0
2025,150046,49.99,0,-0.18578288417295497,0,Logistic regression,-4.799665855385084,-1.4308778171147023,-4.799665855385084,0.085,-0.5574365836083711,0,0,0,0
2025,181264,8.99,0,-1.0933571701647953,0,Logistic regression,-2.8027845794006767,-1.4812921136147366,-2.8027845794006767,0.005,-1.5000304298793494,0,0,0,0
2025,275307,14.0,0,-1.0740681119215734,0,Logistic regression,-2.823384740077929,-1.3610096485747676,-2.823384740077929,0.005,-0.9169192456148565,0,0,0,0
2025,191836,31.86,0,-0.9635849904184103,0,Logistic regression,-2.94478684573494,-1.1787979332227914,-2.94478684573494,0.0,-0.6567197998708733,0,0,0,0
2025,94639,46.98,0,-1.1637014011602358,0,Logistic regression,-3.9645930973767003,-1.2856019952955402,-3.9645930973767003,0.0,-0.9992752651129273,0,0,0,0
2025,192578,5.49,0,-1.0607558805098942,0,Logistic regression,-2.138163985171917,-1.031497281984348,-2.138163985171917,0.005,-0.6089415152316469,0,0,0,0
2025,12488,7.6,0,-0.6569202675525044,0,Logistic regression,-5.20291373152528,-1.210994308083656,-5.20291373152528,0.005,-0.8064237774343515,0,0,0,0
2025,137199,0.99,0,-0.935898382538087,0,Logistic regression,-2.7433849625753797,-1.344141485902552,-2.7433849625753797,0.095,-1.3391659549575137,0,0,0,0
2025,38706,39.95,0,-1.0753891325900629,0,Logistic regression,-2.718596014497602,-1.3469958423843877,-2.718596014497602,0.0,-1.251480867804843,0,0,0,0
2025,32967,4.0,0,-1.0696292593307986,0,Logistic regression,-2.3428692874457333,-1.3342368713432138,-2.3428692874457333,0.005,-1.3803844983425413,0,0,0,0
2025,264636,635.21,0,-0.0999814489303954,0,Logistic regression,-9.385056743148539,-1.1314775725197266,-9.385056743148539,0.01,-0.3526822553946415,0,0,0,1
2025,21942,0.01,0,-1.0364726058881581,0,Logistic regression,-2.2372177394567956,-1.2107677021288348,-2.2372177394567956,0.06,-1.1139415105967125,0,0,0,0
2025,67179,50.0,0,-1.1557034643587145,0,Logistic regression,-3.1484191494461617,-1.3449645151557594,-3.1484191494461617,0.045,-1.0220101256499878,0,0,0,0
2025,129511,199.0,0,-0.8729519785240815,0,Logistic regression,-4.2386372484350066,-1.2609641803177751,-4.2386372484350066,0.0,-1.5174207075553199,0,0,0,0
2025,186240,607.29,0,0.1126375614662391,1,Logistic regression,-9.318374196863981,-0.6066700136251325,-9.318374196863981,0.035,-0.2903523027262612,0,0,0,1
2025,68254,150.0,0,-0.6246024929495437,0,Logistic regression,-4.6495032851561255,-1.1102388349733947,-4.6495032851561255,0.0,-1.2118290037890111,0,0,0,0
2025,93980,15.37,0,-1.0341491216247203,0,Logistic regression,-1.3313553142039405,-1.0989089335562194,-1.3313553142039405,0.015,-1.4456388024028033,0,0,0,0
2025,80669,110.0,0,-0.9264697521290056,0,Logistic regression,-3.2905182135693423,-1.2822957211174015,-3.2905182135693423,0.0,-1.1824669115826498,0,0,0,0
2025,276703,284.8,0,-0.9019335667955385,0,Logistic regression,-4.2425275004255045,-1.4119984991304482,-4.2425275004255045,0.0,-1.569383096316727,0,0,0,0
2025,199477,9.6,0,-1.0641532731074896,0,Logistic regression,-4.48671470017589,-1.5283331420584108,-4.48671470017589,0.0,-1.1506202732845636,0,0,0,0
2025,196857,500.0,0,-0.4156475700309573,0,Logistic regression,-6.161959181178116,-1.3641442900817438,-6.161959181178116,0.0,-0.6230700415440147,0,0,0,0
2025,104598,9.99,0,-1.006002445415429,0,Logistic regression,-2.6350826629539257,-1.290572715322943,-2.6350826629539257,0.0,-1.098197628114172,0,0,0,0
2025,242679,66.52,0,-0.8957371959940451,0,Logistic regression,-2.7020811808635656,-1.4258100034368917,-2.7020811808635656,0.01,-0.9341644016431045,0,0,0,0
2025,73738,121.67,0,-1.1514206854493878,0,Logistic regression,-2.681296455008625,-1.2235397831525687,-2.681296455008625,0.075,-1.5010153831604045,0,0,0,0
2025,9014,125.26,0,-0.7499540916707869,0,Logistic regression,-3.707013473810361,-1.2563781954626094,-3.707013473810361,0.0,-0.2772141201474784,0,0,0,1
2025,228745,115.47,0,-1.112117818291014,0,Logistic regression,-4.189890968183028,-1.496954578950776,-4.189890968183028,0.0,-1.5158094739730017,0,0,0,0
2025,283681,174.98,0,-0.8519035753805725,0,Logistic regression,-4.494951094434796,-1.472297525205431,-4.494951094434796,0.0,-0.8648821640454165,0,0,0,0
2025,131272,0.2,1,-0.6962383555623152,0,Logistic regression,-1.5720121910829357,-0.9981424870580093,-1.5720121910829357,0.19,-0.9361175426830213,0,0,0,0
2025,80723,346.23,0,-0.040316948140359354,0,Logistic regression,-5.043799436147836,-1.3492541868019157,-5.043799436147836,0.025,-1.0786437617805498,0,0,0,0
2025,111793,110.0,0,-0.8101300030764133,0,Logistic regression,-2.7968067347539574,-1.2167708166690403,-2.7968067347539574,0.0,-1.1493743668550453,0,0,0,0
2025,105018,0.89,0,-1.0050323572743607,0,Logistic regression,-1.6422168175080123,-1.158151165864782,-1.6422168175080123,0.005,-1.4025736027047588,0,0,0,0
2025,174613,10.0,0,-0.9192598661772712,0,Logistic regression,-5.32049967386039,-1.1990052007391119,-5.32049967386039,0.005,-1.0799431192951903,0,0,0,0
2025,236918,5.99,0,-1.1503009518078122,0,Logistic regression,-2.395313507447819,-1.2808419546678609,-2.395313507447819,0.0,-1.5471466999548364,0,0,0,0
2025,158232,1.0,0,-0.8756020515026611,0,Logistic regression,-4.98181565199854,-1.279168883854157,-4.98181565199854,0.005,-1.1044368381243321,0,0,0,0
2025,19250,25.35,0,-1.1109355385509136,0,Logistic regression,-4.950859693243829,-1.5769695891187403,-4.950859693243829,0.0,-0.6907466285315597,0,0,0,0
2025,14211,99.99,1,0.3479901138036693,1,Logistic regression,30.096658430350352,0.2493135128853039,30.096658430350352,0.93,-0.23746990722826197,1,1,1,1
2025,89292,13.57,0,-1.008735569050076,0,Logistic regression,-3.566266125256394,-1.5633302596838752,-3.566266125256394,0.015,-0.88251041414111,0,0,0,0
2025,206930,34.38,0,-0.6591807233849228,0,Logistic regression,-1.7491863908200345,-0.9474247281734989,-1.7491863908200345,0.06,-0.9203340433205536,0,0,0,0
2025,103377,2.9,0,-1.0834705923400212,0,Logistic regression,-1.7808318370322365,-1.1260310448824975,-1.7808318370322365,0.01,-1.3851477762531272,0,0,0,0
2025,113771,107.49,0,-0.7064884583179493,0,Logistic regression,-3.842292120689766,-1.1931940171390025,-3.842292120689766,0.065,-0.92573028850312,0,0,0,0
2025,63421,99.99,1,0.11412545694153867,1,Logistic regression,17.531601728360563,1.1485462407674307,17.531601728360563,0.7,-0.15998195114454633,1,1,1,1
2025,55401,1.0,1,-1.0310267256673753,0,Logistic regression,-1.069095292858016,-0.9285302491008016,-1.069095292858016,0.105,-1.0619781286458727,0,0,0,0
2025,174449,61.2,0,-1.0155676239104796,0,Logistic regression,-3.90310847685842,-1.5930031076989706,-3.90310847685842,0.05,-0.9498061486779339,0,0,0,0
2025,95534,31.91,1,-1.1950355440812443,0,Logistic regression,-3.716370313840468,-1.4443704995321713,-3.716370313840468,0.0,-0.8891569248661784,0,0,0,0
2025,110419,10.52,0,-1.079941540109286,0,Logistic regression,-2.4809618299407585,-1.1255054976337069,-2.4809618299407585,0.01,-1.560651534389229,0,0,0,0
2025,91671,290.18,1,-0.26643786738605246,0,Logistic regression,-5.824995398098717,-0.7497472029506843,-5.824995398098717,0.01,-0.8980280730930981,0,0,0,0
2025,274193,14.95,0,-1.1091521947333964,0,Logistic regression,-2.8849546011243454,-1.4189753338336693,-2.8849546011243454,0.0,-1.3610513613702,0,0,0,0
2025,100399,4.0,0,-0.7456888832550225,0,Logistic regression,-2.44371629697361,-1.174353047490521,-2.44371629697361,0.0,-0.9897137186842377,0,0,0,0
2025,212592,150.0,0,-0.7369206205001791,0,Logistic regression,-4.118897696061744,-1.5456134575508658,-4.118897696061744,0.0,-0.9085901354451928,0,0,0,0
2025,268815,421.21,0,-0.21278628270370875,0,Logistic regression,-6.742493518747558,-1.0559783352582188,-6.742493518747558,0.03,-0.35216784033673726,0,0,0,1
2025,61235,10.0,0,-1.2139738287909423,0,Logistic regression,-3.595382875379749,-1.2723885001626156,-3.595382875379749,0.0,-1.5893794537622032,0,0,0,0
2025,186153,237.42,0,-0.750654743056769,0,Logistic regression,-3.499232097035816,-1.1985942435127563,-3.499232097035816,0.1,-0.5995141224276981,0,0,0,0
2025,25475,2.58,0,-1.0533063251072061,0,Logistic regression,-2.4424677942176083,-1.3999006260187745,-2.4424677942176083,0.0,-1.5179230914996105,0,0,0,0
2025,108842,19.99,0,-0.9634068158987189,0,Logistic regression,-4.0690149605295405,-1.569358050722857,-4.0690149605295405,0.0,-1.1615911525818479,0,0,0,0
2025,196021,1.54,0,-0.007801155037286733,0,Logistic regression,-3.4383429978191398,-1.1256998050929625,-3.4383429978191398,0.205,-0.3108855733879693,0,0,0,1
2025,153343,49.0,0,-0.9866498226619679,0,Logistic regression,-3.6273776369886654,-1.5905764324142544,-3.6273776369886654,0.0,-0.987777925888252,0,0,0,0
2025,167566,19.8,0,0.16568694908597398,1,Logistic regression,-2.901918922712148,-0.6951660933105807,-2.901918922712148,0.41,-0.4926054939462745,0,0,1,0
2025,42958,9.99,1,0.34771135049635105,1,Logistic regression,27.812765037356442,0.42121922497161046,27.812765037356442,0.985,-0.19236224678753586,1,1,1,1
2025,83297,319.2,1,0.3493355441041954,1,Logistic regression,2.5501090000954516,-0.14927411112655425,2.5501090000954516,0.93,-0.24901169285380803,0,1,1,1
2025,263356,1.0,0,-0.983148895739418,0,Logistic regression,-3.4076989768678465,-1.3612984189670538,-3.4076989768678465,0.005,-0.5550994497665788,0,0,0,0
2025,282167,10.0,0,-1.0408262749707777,0,Logistic regression,-2.0310282530945183,-1.1727915505864015,-2.0310282530945183,0.04,-1.403059826753264,0,0,0,0
2025,202981,9.99,0,-1.1156857434460608,0,Logistic regression,-2.867233530606087,-1.3194280567084535,-2.867233530606087,0.0,-1.34093509265846,0,0,0,0
2025,58761,1.0,1,-0.8955423784926192,0,Logistic regression,-1.6837997254906971,-0.7538172459253224,-1.6837997254906971,0.12,-0.7331287827574765,0,0,0,0
2025,51864,2407.72,0,0.3590724044989776,1,Logistic regression,-16.37997578892377,0.09428812134656739,-16.37997578892377,0.355,-0.24769412497085133,1,0,0,1
2025,180214,96.53,0,-0.5462313710553683,0,Logistic regression,-1.689270399576622,-0.5715219436579825,-1.689270399576622,0.11,-0.9336579613725844,0,0,0,0
2025,156797,14.9,0,-0.9849281162371889,0,Logistic regression,-4.513168763070141,-1.5527683773430605,-4.513168763070141,0.01,-0.9056347644999292,0,0,0,0
2025,61690,32.5,0,-1.181813516357725,0,Logistic regression,-2.9108724816408778,-1.34689841175419,-2.9108724816408778,0.015,-0.9580733285034,0,0,0,0
2025,216140,6.25,0,-1.1783485354642704,0,Logistic regression,-3.78196328423157,-1.5126962426185722,-3.78196328423157,0.0,-1.5053069870588267,0,0,0,0
2025,157091,0.89,0,-1.0105502904707708,0,Logistic regression,-4.197060724609974,-1.5085620422473736,-4.197060724609974,0.035,-1.127822654179545,0,0,0,0
2025,99358,45.87,0,-1.190603667679802,0,Logistic regression,-3.0638833712805136,-1.2017778593275297,-3.0638833712805136,0.0,-0.9958585837876937,0,0,0,0
2025,130989,1.0,0,-1.071088981391819,0,Logistic regression,-2.5958227733972454,-1.4287792142566813,-2.5958227733972454,0.0,-0.9703018324711934,0,0,0,0
2025,15451,99.99,1,0.4075369149098741,1,Logistic regression,30.15640747517235,0.3462992013044263,30.15640747517235,0.95,-0.12123332589621397,1,1,1,1
2025,221930,145.0,0,-1.0870534936318847,0,Logistic regression,-5.130753196328985,-1.3197218576788792,-5.130753196328985,0.045,-1.2694822054488806,0,0,0,0
2025,84310,193.64,0,-0.036894767333280454,0,Logistic regression,-5.208589642832044,-1.00013881539134,-5.208589642832044,0.065,-0.7279372592114133,0,0,0,0
2025,256373,321.78,0,-0.5582666503170742,0,Logistic regression,-6.180366790014685,-1.4506628160686064,-6.180366790014685,0.0,-0.9183374919863061,0,0,0,0
2025,263735,9.99,0,-1.0133519922256586,0,Logistic regression,-2.0594994167272755,-1.2817214128872034,-2.0594994167272755,0.005,-1.304064836961816,0,0,0,0
2025,123349,0.76,0,-0.9727829087121959,0,Logistic regression,-0.9106370615889683,-0.7098287716255767,-0.9106370615889683,0.0,-0.8829030268383784,0,0,0,0
2025,161549,395.0,0,-0.3706486706479113,0,Logistic regression,-4.901459349673088,-1.3449251320143356,-4.901459349673088,0.005,-0.6481885368772411,0,0,0,0
2025,113951,4.49,0,-0.9923982611985017,0,Logistic regression,-1.1868083617594904,-0.992414507748554,-1.1868083617594904,0.03,-1.4871193978098123,0,0,0,0
2025,245120,2.31,0,-0.7233141003496576,0,Logistic regression,-3.6335205677704585,-1.2049760532268912,-3.6335205677704585,0.105,-0.8226483150763342,0,0,0,0
2025,162780,34.32,0,-1.0474279070944652,0,Logistic regression,-3.0959824469728203,-1.3931880706753046,-3.0959824469728203,0.0,-1.4693688778649994,0,0,0,0
2025,258403,296.0,1,0.10156631827397905,1,Logistic regression,3.722868012119914,1.34414170774523,3.722868012119914,0.945,-0.24858754232915228,1,1,1,1
2025,76684,20.99,0,-0.9860045608515638,0,Logistic regression,-1.3604600114862893,-0.6858684715708891,-1.3604600114862893,0.11,-0.8643297221803401,0,0,0,0
2025,283650,2.58,0,-1.1948077979631266,0,Logistic regression,-2.606738780760439,-1.3419216451204405,-2.606738780760439,0.0,-1.5356055512412776,0,0,0,0
2025,191544,80.9,1,0.37490239244511525,1,Logistic regression,7.700666217323121,1.5184573988952528,7.700666217323121,0.915,-0.011098258071464473,1,1,1,1
2025,154286,0.92,1,-0.04584955009255026,0,Logistic regression,8.743630243946217,0.11646331548664861,8.743630243946217,0.555,-0.24769412497046042,1,1,1,1
2025,47802,88.0,1,-0.0048314158616643565,0,Logistic regression,9.90892480840246,1.1551679087878264,9.90892480840246,0.795,-0.16668281402760118,1,1,1,1
2025,35820,101.62,0,-1.0264295982247358,0,Logistic regression,-4.55546923018818,-1.3631944388810222,-4.55546923018818,0.06,-0.9898953897879779,0,0,0,0
2025,215385,702.83,0,-0.014971906864944762,0,Logistic regression,-8.994699666970165,-0.7438855949062813,-8.994699666970165,0.1,-0.3882978688581554,0,0,0,1
2025,123238,1.0,1,0.8552283616129374,1,Logistic regression,1.8351828372733001,1.152275279902622,1.8351828372733001,0.915,0.5731547955156819,1,1,1,1
2025,76993,80.0,0,-1.194031386599843,0,Logistic regression,-3.903232610799045,-1.2800097858666593,-3.903232610799045,0.0,-1.6782649139287789,0,0,0,0
2025,80280,108.0,0,-1.2778975390861538,0,Logistic regression,-3.160404572085432,-1.2431385735650335,-3.160404572085432,0.0,-1.5478331676450536,0,0,0,0
2025,215132,723.21,1,0.24180422773387505,1,Logistic regression,6.06786767121882,-0.18600119548451183,6.06786767121882,0.74,-0.24744399882020685,0,1,1,1
2025,29687,0.76,1,-0.23785510098758056,0,Logistic regression,1.6562332607713777,0.09767146818019562,1.6562332607713777,0.475,-0.5461660202617905,1,1,1,0
2025,218231,0.12,0,-0.4735833760294501,0,Logistic regression,-3.8879705038477277,-0.9184821758141177,-3.8879705038477277,0.065,-0.538090796228094,0,0,0,0
2025,234210,81.8,0,-1.0838205266266394,0,Logistic regression,-4.973173456136513,-1.7059092562774874,-4.973173456136513,0.0,-1.2559112154414374,0,0,0,0
2025,15736,99.99,1,0.420297685669701,1,Logistic regression,30.22131799132581,0.7010489921020833,30.22131799132581,0.98,0.3874305651194853,1,1,1,1
2025,212516,0.01,1,0.4103257542678725,1,Logistic regression,10.329484893119309,2.490314561544828,10.329484893119309,0.935,-0.07282582511640204,1,1,1,1
2025,189775,139.0,0,-0.8740387911307691,0,Logistic regression,-2.3808697547833946,-0.8780174093571441,-2.3808697547833946,0.1,-0.7704550625866116,0,0,0,0
2025,275627,5.73,0,-1.012961984144844,0,Logistic regression,-2.010471217239988,-1.1943124209773652,-2.010471217239988,0.0,-1.3430138671508127,0,0,0,0
2025,139839,250.0,0,-0.7973570633445469,0,Logistic regression,-4.092412711528283,-1.1157906751214823,-4.092412711528283,0.035,-1.0722840874939474,0,0,0,0
2025,14784,61.0,0,-1.022697750081924,0,Logistic regression,-2.3826776603630098,-1.1474342125980472,-2.3826776603630098,0.01,-1.0675634640419445,0,0,0,0
2025,186661,5.9,0,-1.062076094972538,0,Logistic regression,-3.58852128739272,-1.6580101695668172,-3.58852128739272,0.0,-1.2496080486918724,0,0,0,0
2025,154571,0.0,0,-0.9423931681119194,0,Logistic regression,-5.008659167375805,-1.4083279904578943,-5.008659167375805,0.005,-1.233254198685808,0,0,0,0
2025,140121,13.79,0,-1.026147808379044,0,Logistic regression,-2.1642169615394007,-1.2664704383825336,-2.1642169615394007,0.06,-1.1977575219915728,0,0,0,0
2025,228707,0.69,0,-1.006158932714885,0,Logistic regression,-1.301190798350579,-1.0454823785111962,-1.301190798350579,0.04,-1.339326842884207,0,0,0,0
2025,120928,110.0,0,-1.0436475302270471,0,Logistic regression,-2.667435578865262,-1.0974539933304337,-2.667435578865262,0.06,-0.6455123625931943,0,0,0,0
2025,162823,4.4,0,-0.6437452037287071,0,Logistic regression,-2.586944213545445,-0.9380993313814052,-2.586944213545445,0.16,-0.3276533046224405,0,0,0,1
2025,47567,596.39,0,-0.07207877828789888,0,Logistic regression,-5.158391148340238,-1.189756664301671,-5.158391148340238,0.0,-0.6390400374128645,0,0,0,0
2025,100896,6.45,0,-1.0336687194715184,0,Logistic regression,-2.4060554240679,-1.3079770292106028,-2.4060554240679,0.0,-1.2714782096898514,0,0,0,0
2025,126756,88.79,0,-1.1558230934978857,0,Logistic regression,-4.454393426898879,-1.3424259089708395,-4.454393426898879,0.0,-1.6438189170720559,0,0,0,0
2025,268162,339.8,0,-0.4515930788220287,0,Logistic regression,-3.6964460949410554,-1.1130986137123227,-3.6964460949410554,0.01,-1.040668555834593,0,0,0,0
2025,196234,27.53,0,-1.0320768120401964,0,Logistic regression,-2.1947575060269093,-1.2673543312395987,-2.1947575060269093,0.0,-1.5296657762150896,0,0,0,0
2025,73889,38.2,0,-0.9555349593054815,0,Logistic regression,-2.082955569487387,-1.110325250653618,-2.082955569487387,0.0,-1.2876860312269032,0,0,0,0
2025,45732,1.0,1,0.3391091634915765,1,Logistic regression,14.099799482619927,1.8466876848219267,14.099799482619927,0.95,-0.05349566937184716,1,1,1,1
2025,164074,9.99,0,-1.0753245250972059,0,Logistic regression,-2.512308980938493,-1.4243959822251822,-2.512308980938493,0.03,-1.4936790568693796,0,0,0,0
2025,34393,159.0,0,-1.0835641248005263,0,Logistic regression,-5.33887971973058,-1.431154737263502,-5.33887971973058,0.015,-1.1902832181623906,0,0,0,0
2025,152930,4.06,0,-1.2121124730018291,0,Logistic regression,-3.2381383925190814,-1.3722895238362374,-3.2381383925190814,0.0,-0.8043061669349778,0,0,0,0
2025,106679,227.3,1,0.44991744801066824,1,Logistic regression,10.91289117862671,1.9429281789564639,10.91289117862671,0.875,0.025765015015683845,1,1,1,1
2025,95780,116.87,0,-0.6274343153223785,0,Logistic regression,-3.955141028273511,-0.9581830388458927,-3.955141028273511,0.045,-0.9824589723336052,0,0,0,0
2025,269703,29.59,0,-1.090326358703928,0,Logistic regression,-3.540504579081442,-1.540903274257422,-3.540504579081442,0.0,-1.4038222939945886,0,0,0,0
2025,75061,4.39,0,-0.8805644807332188,0,Logistic regression,-4.675340400803227,-1.2880559670842209,-4.675340400803227,0.01,-1.0739551728889811,0,0,0,0
2025,84600,130.99,0,-0.6510158283512636,0,Logistic regression,-2.4064678544240152,-0.8970967661284541,-2.4064678544240152,0.125,-0.9084407818736291,0,0,0,0
2025,1902,79.0,0,-0.2255310775109896,0,Logistic regression,-0.2685952275655512,-0.05343986382401243,-0.2685952275655512,0.24,-0.5280757158530183,1,0,0,0
2025,38084,28.0,0,-0.4518731454062245,0,Logistic regression,-1.4546467264637009,-0.3334342390336775,-1.4546467264637009,0.06,-0.6695301540962615,0,0,0,0
2025,176212,1.0,0,-0.183788924412363,0,Logistic regression,-0.227728632802783,-0.14293804817156802,-0.227728632802783,0.355,-0.37030147753552917,0,0,0,1
2025,150678,30.31,1,0.5714348781284329,1,Logistic regression,33.45394529623669,0.9456925452215676,33.45394529623669,1.0,0.08216849710765223,1,1,1,1
2025,80760,113.92,1,0.2554129127344494,1,Logistic regression,9.175273472991986,1.887269671933117,9.175273472991986,0.795,-0.03955404845175545,1,1,1,1
2025,56248,235.75,0,-0.44590271080521926,0,Logistic regression,-5.707031029161012,-1.0117520584135284,-5.707031029161012,0.03,-1.0868326469984504,0,0,0,0
2025,8312,1.0,1,0.24083260079325744,1,Logistic regression,14.051045880727848,1.739828609518829,14.051045880727848,0.915,0.18437896089654776,1,1,1,1
2025,203324,1.0,1,0.043860994180664414,1,Logistic regression,8.60600106886353,1.2109369940158698,8.60600106886353,0.875,-0.1649740183960083,1,1,1,1
2025,146531,1.0,0,-0.26480429580377385,0,Logistic regression,-1.329833988184962,-0.15735900867010805,-1.329833988184962,0.22,-0.8192386802777107,0,0,0,0
2025,54384,119.6,0,-0.8944032728956596,0,Logistic regression,-2.087374223613872,-0.8595891844702166,-2.087374223613872,0.0,-1.074591131527744,0,0,0,0
2025,238771,4.49,0,-1.092626496360384,0,Logistic regression,-2.53754934066942,-1.290283479855611,-2.53754934066942,0.015,-1.5584960879818888,0,0,0,0
2025,38822,0.0,0,-1.0384839073053085,0,Logistic regression,-1.9066122604720115,-0.8611637993299104,-1.9066122604720115,0.02,-0.4207167942780151,0,0,0,0
2025,271428,0.77,0,-1.0111488287654877,0,Logistic regression,-2.8660994725446027,-1.2527444858162111,-2.8660994725446027,0.175,-0.6253835393808902,0,0,0,0
2025,137793,1.98,0,-0.6057206959537237,0,Logistic regression,-2.3163005691438983,-0.9870764299570194,-2.3163005691438983,0.13,-1.3648631223506558,0,0,0,0
2025,171861,176.0,0,-1.0907751305120659,0,Logistic regression,-4.233190225519349,-1.432578052185095,-4.233190225519349,0.0,-1.1823422902173928,0,0,0,0
2025,265156,296.0,0,-0.6637489665121192,0,Logistic regression,-4.7158573148782015,-0.9807718689969156,-4.7158573148782015,0.19,-0.9597169807284587,0,0,0,0
2025,99565,20.0,0,-0.17940433225684504,0,Logistic regression,-1.4735502666896223,-0.9111899029548265,-1.4735502666896223,0.51,-0.3022168853640679,0,0,1,1
2025,19347,16.98,0,-0.8174056375303435,0,Logistic regression,-1.802321844712418,-0.7763697361301913,-1.802321844712418,0.015,-1.1368914977336484,0,0,0,0
2025,84525,64.45,0,-1.0531416274022871,0,Logistic regression,-2.615921786104953,-1.2913941775702222,-2.615921786104953,0.0,-1.3384197253300245,0,0,0,0
2025,53879,223.0,0,-0.512214704532812,0,Logistic regression,-4.28027448899903,-1.3960369994590527,-4.28027448899903,0.0,-1.133502589839499,0,0,0,0
2025,283484,11.93,0,-0.9282182551946813,0,Logistic regression,-3.284660092707159,-1.3009705935268505,-3.284660092707159,0.0,-1.4295379083200441,0,0,0,0
2025,66399,507.25,0,-0.26083799166376265,0,Logistic regression,-5.039709411072986,-1.1734519515233746,-5.039709411072986,0.0,-0.7805461482897602,0,0,0,0
2025,241728,1.98,0,-0.7999462424137805,0,Logistic regression,-2.9574601444382935,-1.1941538135732703,-2.9574601444382935,0.075,-1.0064707812832707,0,0,0,0
2025,261077,43.67,0,-0.7742407541957793,0,Logistic regression,-3.706138558441616,-1.4607165854868531,-3.706138558441616,0.02,-1.0831216662117964,0,0,0,0
2025,143188,2.0,1,0.430254356206142,1,Logistic regression,6.086920714227977,1.720532415171645,6.086920714227977,0.945,0.19894141152682165,1,1,1,1
2025,81609,1389.56,1,0.3538037714371252,1,Logistic regression,-0.15626363851736835,-0.3486559930159384,-0.15626363851736835,0.905,-0.24773785462450773,0,0,1,1
2025,253630,34.9,0,-1.1756829846527554,0,Logistic regression,-4.483459261947811,-1.54275400459403,-4.483459261947811,0.0,-0.2863764287015412,0,0,0,1
2025,73857,0.83,1,0.4864522970633317,1,Logistic regression,20.73494640404305,2.7551624641012196,20.73494640404305,0.945,-0.06551495393186779,1,1,1,1
2025,78114,5.0,0,-0.9479174457130598,0,Logistic regression,-3.197623396012946,-1.2810008283602305,-3.197623396012946,0.01,-0.9389607791462702,0,0,0,0
2025,78276,12.75,0,-1.1259264030494878,0,Logistic regression,-2.633252769558516,-1.355720388724356,-2.633252769558516,0.005,-1.3045317474971785,0,0,0,0
2025,108708,426.4,1,0.21849458288500676,1,Logistic regression,8.975565340242007,1.2030667935571275,8.975565340242007,0.765,-0.17045108233618367,1,1,1,1
2025,133577,240.8,0,-0.8344321774452909,0,Logistic regression,-4.258320535358385,-1.285515497758055,-4.258320535358385,0.0,-0.8714234910833556,0,0,0,0
2025,281144,245.0,1,0.31885303105550755,1,Logistic regression,9.492613070027426,1.6802975726119111,9.492613070027426,0.895,-0.03307213400928219,1,1,1,1
2025,171437,54.0,0,-0.7375275845367916,0,Logistic regression,-4.448910611537483,-1.3054256707973195,-4.448910611537483,0.0,-1.591766225186769,0,0,0,0
2025,52221,6.26,0,-0.9832133796935502,0,Logistic regression,-1.1244095948536237,-0.8243827702217065,-1.1244095948536237,0.025,-1.2295060598035794,0,0,0,0
2025,225758,1.0,0,-0.11887506339374826,0,Logistic regression,1.2413182687299176,-0.5530408357417473,1.2413182687299176,0.76,-0.24695438529968922,0,1,1,1
2025,190368,175.9,1,0.1824039487365969,1,Logistic regression,7.641614791556313,1.3137074254170982,7.641614791556313,0.665,0.13228953804268084,1,1,1,1
2025,135378,51.0,0,-1.0876893093631814,0,Logistic regression,-2.4789483062811444,-1.113330245807299,-2.4789483062811444,0.015,-1.602003987388496,0,0,0,0
2025,61193,13.0,0,-0.7814976557582697,0,Logistic regression,-2.650182940616623,-1.2242769257787545,-2.650182940616623,0.07,-0.8078801305381396,0,0,0,0
2025,28078,139.46,0,-0.7729779826164661,0,Logistic regression,-5.383333460408277,-1.4674843590282032,-5.383333460408277,0.0,-1.0479933094356422,0,0,0,0
2025,2546,1.0,0,-1.0551060551606426,0,Logistic regression,-3.5855998478168205,-1.4610806833390202,-3.5855998478168205,0.0,-1.3250204810727537,0,0,0,0
2025,129925,21.3,0,-0.7278851221871894,0,Logistic regression,-1.9135630929097402,-1.1238784674275162,-1.9135630929097402,0.29,-0.26570633741208877,0,0,0,1
2025,230116,86.87,0,-1.0615723977330083,0,Logistic regression,-4.16973047164864,-1.508397813467205,-4.16973047164864,0.0,-0.8270943163505102,0,0,0,0
2025,62038,1.0,0,-0.8374473696868,0,Logistic regression,-2.985528580925825,-1.2752590621365896,-2.985528580925825,0.19,-1.2406422019954473,0,0,0,0
2025,5804,95.48,0,-1.1579165117474943,0,Logistic regression,-2.827172117660871,-1.3315208184336342,-2.827172117660871,0.03,-1.0961739076956223,0,0,0,0
2025,262560,4.69,1,0.2793384926606466,1,Logistic regression,17.08985699289972,1.8407479552524415,17.08985699289972,0.995,0.36176358440383155,1,1,1,1
2025,234705,0.0,1,0.37660010124314425,1,Logistic regression,11.213823634791412,1.4863260101138627,11.213823634791412,0.92,-0.11032409692752376,1,1,1,1
2025,18620,90.0,0,-1.1724084116656193,0,Logistic regression,-3.37794568145097,-1.2792625925596837,-3.37794568145097,0.01,-1.4226893907857323,0,0,0,0
2025,208113,309.06,0,0.23615453391950006,1,Logistic regression,-5.357157543068215,-1.3811990684993354,-5.357157543068215,0.03,-0.2522174667878008,0,0,0,1
2025,159870,45.0,0,-1.137052136599468,0,Logistic regression,-4.088097878751769,-1.6276798884714148,-4.088097878751769,0.0,-1.3307127646770307,0,0,0,0
2025,51519,204.0,0,-0.8879398619702686,0,Logistic regression,-2.4933075909492617,-1.1259913061007356,-2.4933075909492617,0.075,-1.148179907852151,0,0,0,0
2025,159521,60.0,0,-1.2048717287678077,0,Logistic regression,-3.961070240711895,-1.4703169611700753,-3.961070240711895,0.0,-1.4773679742872665,0,0,0,0
2025,171862,8.99,0,-1.023914527407642,0,Logistic regression,-1.8496878212225087,-1.238257150790031,-1.8496878212225087,0.005,-1.255699399256864,0,0,0,0
2025,26880,19.0,0,-1.0520366307011675,0,Logistic regression,-2.691603082980811,-1.1427248358927036,-2.691603082980811,0.01,-1.4942130075160462,0,0,0,0
2025,128940,68.28,0,-1.0923716120006621,0,Logistic regression,-3.5343053094913848,-1.4513763245613986,-3.5343053094913848,0.0,-1.6499712796673376,0,0,0,0
2025,172876,273.29,0,-0.6901722527779324,0,Logistic regression,-4.229489305493722,-1.2997953459422913,-4.229489305493722,0.005,-1.2390855800693064,0,0,0,0
2025,164808,6.66,0,-1.139870135293413,0,Logistic regression,-3.4413019938387532,-1.2669930135284608,-3.4413019938387532,0.005,-1.5596569035459968,0,0,0,0
2025,229603,3.78,0,-1.141858372742821,0,Logistic regression,-3.1763286570356035,-1.505003477738127,-3.1763286570356035,0.0,-1.5146107529853492,0,0,0,0
2025,129990,1.29,0,-0.9083335872676394,0,Logistic regression,-3.8437929867924168,-1.5689378245607604,-3.8437929867924168,0.01,-1.2397575995449561,0,0,0,0
2025,154952,9.98,0,-1.0987751434802173,0,Logistic regression,-4.146598746740047,-1.170771750105558,-4.146598746740047,0.0,-0.9349168592645378,0,0,0,0
2025,187393,11.96,0,-0.5832574570014686,0,Logistic regression,-4.677997891654307,-1.745676492457777,-4.677997891654307,0.06,-0.9744056057053929,0,0,0,0
2025,144103,24.71,0,-1.0826748843631204,0,Logistic regression,-4.233260666501984,-1.1319421618246392,-4.233260666501984,0.01,-0.8317104444999863,0,0,0,0
2025,22514,86.1,0,-0.2863224845452117,0,Logistic regression,-1.8373709999571832,-0.9165904123997644,-1.8373709999571832,0.01,-0.8788098925774299,0,0,0,0
2025,8617,1.0,1,0.2975260573074616,1,Logistic regression,13.4401268525676,1.7149441466449735,13.4401268525676,0.99,-0.040784575224621034,1,1,1,1
2025,44515,0.01,0,-0.9500251393537921,0,Logistic regression,-3.206647175008005,-1.363420367463502,-3.206647175008005,0.0,-1.079327298417893,0,0,0,0
2025,76252,12.95,0,-1.0068705695941857,0,Logistic regression,-2.261841241081492,-1.2821701814868751,-2.261841241081492,0.015,-1.2047442466772507,0,0,0,0
2025,248146,110.9,0,-0.1753481949093173,0,Logistic regression,-0.996158660453375,-0.4647562227365619,-0.996158660453375,0.295,-0.40772197452082815,0,0,0,1
2025,146790,829.41,1,0.1963680491876068,1,Logistic regression,-8.94804725001278,-0.9310195734055204,-8.94804725001278,0.01,-0.26031889283290655,0,0,0,1
2025,12216,33.5,0,-1.0988095416633947,0,Logistic regression,-3.8192944414794967,-1.3868661679371765,-3.8192944414794967,0.0,-0.8435052639762353,0,0,0,0
2025,176084,76.0,0,-1.1853203789158053,0,Logistic regression,-3.0315167058674453,-1.3383011108131273,-3.0315167058674453,0.0,-1.0388659266740656,0,0,0,0
2025,102717,78.26,0,-1.0367549190824423,0,Logistic regression,-2.3628745825336654,-1.0520120967746307,-2.3628745825336654,0.055,-1.4611433536700984,0,0,0,0
2025,257007,14.95,0,-0.7612340735644615,0,Logistic regression,-2.7483998555369467,-1.0446201706877054,-2.7483998555369467,0.075,-1.1248210945597261,0,0,0,0
2025,283851,1.0,0,-1.0536633542472496,0,Logistic regression,-3.0236205592634375,-1.47385815159744,-3.0236205592634375,0.0,-1.5225108247442674,0,0,0,0
2025,248946,0.89,0,-1.0012592819163526,0,Logistic regression,-1.690097464703899,-1.1725150343322923,-1.690097464703899,0.005,-1.241407247148652,0,0,0,0
2025,272216,1.79,0,-1.1599313454535074,0,Logistic regression,-2.2639259316282536,-1.2970589511180803,-2.2639259316282536,0.0,-1.5387256921474104,0,0,0,0
2025,1479,0.85,0,-1.04169241670066,0,Logistic regression,-2.1969368453838536,-1.290235714698087,-2.1969368453838536,0.005,-1.369037536788934,0,0,0,0
2025,179262,1.0,0,-0.8047228171916564,0,Logistic regression,-1.9351756234023294,-1.2277134225602353,-1.9351756234023294,0.055,-1.0928461791573465,0,0,0,0
2025,240291,20.16,0,-0.6490106952126623,0,Logistic regression,-4.781886606829334,-1.1130693676439676,-4.781886606829334,0.035,-1.3192334918398108,0,0,0,0
2025,6704,4.38,0,-0.9996464845716356,0,Logistic regression,-3.4424967074807693,-1.0768219191538946,-3.4424967074807693,0.005,-0.8429248136506309,0,0,0,0
2025,158529,57.8,0,-0.7833310010463587,0,Logistic regression,-6.365005668191696,-1.5588874292034112,-6.365005668191696,0.0,-0.42084098855554175,0,0,0,0
2025,158417,2.36,0,-0.950900521140842,0,Logistic regression,-3.935360013805554,-1.286924771724737,-3.935360013805554,0.035,-0.6059520269784993,0,0,0,0
2025,134417,30.0,0,-0.9821443369375292,0,Logistic regression,-2.4929446103630477,-1.150354728679682,-2.4929446103630477,0.005,-1.2876895698940558,0,0,0,0
2025,11708,55.95,0,-1.1344764783935806,0,Logistic regression,-2.861438192908496,-1.4000257470638633,-2.861438192908496,0.01,-0.7119874967326459,0,0,0,0
2025,123141,254.76,1,0.3133986496763494,1,Logistic regression,14.222106174081217,2.4465975254564523,14.222106174081217,0.825,-0.1455438740124425,1,1,1,1
2025,87922,427.41,0,-0.08284468133386547,0,Logistic regression,-4.8403110426977465,-0.9677906528260747,-4.8403110426977465,0.1,-0.7485149221149439,0,0,0,0
2025,206763,267.79,0,-0.7583534959790036,0,Logistic regression,-2.9903938460453747,-1.137751397405289,-2.9903938460453747,0.01,-1.2276612789912769,0,0,0,0
2025,4526,2.0,0,-0.5276009023414624,0,Logistic regression,-2.4892127641742983,-1.369097459156697,-2.4892127641742983,0.225,-0.6325513479817241,0,0,0,0
2025,261656,6.28,0,-1.0844410876087696,0,Logistic regression,-2.013422281335811,-1.2135159251298633,-2.013422281335811,0.045,-1.4848159425528258,0,0,0,0
2025,6971,1809.68,1,0.2979807731897519,1,Logistic regression,-3.748187779396357,-0.3087430303874938,-3.748187779396357,0.835,-0.247694263532415,0,0,1,1
2025,116599,17.99,0,-0.1467158007298911,0,Logistic regression,-2.2028910724021253,-0.8387081582251389,-2.2028910724021253,0.145,-0.8060414708544767,0,0,0,0
2025,229730,2.22,1,0.2965188755768319,1,Logistic regression,4.011129938647134,1.9718600033233271,4.011129938647134,0.775,0.5091072165710293,1,1,1,1
2025,44556,1.0,1,0.3740587157780456,1,Logistic regression,15.1830229812248,2.5447773708392516,15.1830229812248,0.91,0.1548808991576226,1,1,1,1
2025,104581,500.0,0,-0.15665049292795774,0,Logistic regression,-6.911569444758651,-1.0304613302288481,-6.911569444758651,0.0,-0.691225799468355,0,0,0,0
2025,196915,9.81,0,-0.3247235541836646,0,Logistic regression,-1.7757799530855247,-1.371236409528568,-1.7757799530855247,0.085,-0.4569597142639514,0,0,0,0
2025,134756,17.99,0,-0.5883619646145037,0,Logistic regression,-3.2216578877307036,-1.5128029908722782,-3.2216578877307036,0.065,-0.7007199787619676,0,0,0,0
2025,134391,1.98,0,-1.0126059098761542,0,Logistic regression,-2.989639743878157,-1.3480967061681912,-2.989639743878157,0.065,-1.0028491818110747,0,0,0,0
2025,93728,49.55,0,-0.9329286780452232,0,Logistic regression,-2.4435413259745373,-0.9078234807439138,-2.4435413259745373,0.19,-0.7454497156988368,0,0,0,0
2025,14843,11.99,0,-1.0915834798898016,0,Logistic regression,-2.266136568652986,-1.368305391675954,-2.266136568652986,0.0,-1.723459246128659,0,0,0,0
2025,35929,1.0,0,-1.0244283990994125,0,Logistic regression,-2.817294002001165,-1.3311543644096544,-2.817294002001165,0.0,-1.3318062758077218,0,0,0,0
2025,174964,39.0,0,-0.23198191515714361,0,Logistic regression,-2.337542104491132,-0.9857216847031267,-2.337542104491132,0.13,-0.5077708085343016,0,0,0,0
2025,274382,0.0,1,-0.09866567449381586,0,Logistic regression,-0.8859778325107218,-0.26963362960182863,-0.8859778325107218,0.305,-0.25399184126000873,0,0,0,1
2025,159133,8.98,0,-1.0381238643032487,0,Logistic regression,-1.971985552821959,-1.294858581889546,-1.971985552821959,0.005,-1.2993562527769213,0,0,0,0
2025,19148,1.54,0,-0.009024204683684256,0,Logistic regression,-1.4756261002101052,-0.20709469172803935,-1.4756261002101052,0.04,-0.6257010071287576,0,0,0,0
2025,70141,112.45,1,0.6080157084370323,1,Logistic regression,5.593049472755124,1.7507716091332082,5.593049472755124,0.875,-0.12882881046874733,1,1,1,1
2026,82248,8.99,0,-0.7028200894718238,0,Classical (all features),-0.923214430151585,-1.1065950468836117,-1.4302927391641989,0.0,-0.923214430151585,0,0,0,0
2026,42674,1.52,1,0.7318436866827704,1,Classical (all features),0.5505182266174342,1.183656347497077,19.198457295006865,0.99,0.5505182266174342,1,1,1,1
2026,255403,4.97,1,0.9761137164982804,1,Classical (all features),0.5723220314840911,0.5665894220758995,3.2167043714004246,0.945,0.5723220314840911,0,0,1,1
2026,144399,26.76,0,-0.8615668069732608,0,Classical (all features),-0.39742859207605563,-0.7575726586996105,-1.4505255181555865,0.035,-0.39742859207605563,0,0,0,0
2026,152295,9.82,1,0.6508421327158311,1,Classical (all features),0.5167251215752978,0.9172979007326769,18.507744523944226,0.85,0.5167251215752978,1,1,1,1
2026,79121,1.0,0,-0.9338818953052698,0,Classical (all features),-0.7866413087255801,-1.214606686076371,-1.7294196698850044,0.105,-0.7866413087255801,0,0,0,0
2026,112650,13.24,0,-1.0637042807138983,0,Classical (all features),-0.4597090267087559,-1.0390771818538576,-1.5342100408807426,0.03,-0.4597090267087559,0,0,0,0
2026,234633,1.59,1,0.9605075508168774,1,Classical (all features),0.5778033569338769,0.41124254328852694,2.9911116506461,0.68,0.5778033569338769,0,0,0,1
2026,188711,1.0,0,-0.6839909191510293,0,Classical (all features),-0.5113419530665544,-1.195308856051156,-2.3506967793015905,0.115,-0.5113419530665544,0,0,0,0
2026,240222,1.0,1,-0.7573932709927637,0,Classical (all features),0.32331226635288096,-0.8580669325732739,-1.416247760537583,0.135,0.32331226635288096,0,0,0,0
2026,187658,35.85,0,-1.108299030229555,0,Classical (all features),-0.9877771494311189,-1.116235945013515,-1.6411658114315473,0.005,-0.9877771494311189,0,0,0,0
2026,267525,20.94,0,-1.120574957272277,0,Classical (all features),-1.0613074769936943,-1.150771271117648,-1.9561684361885803,0.055,-1.0613074769936943,0,0,0,0
2026,63728,18.0,0,-1.0931736357677382,0,Classical (all features),-1.066058439151147,-0.9343349473077713,-1.408419297480684,0.015,-1.066058439151147,0,0,0,0
2026,204587,120.32,0,-1.1400416333627512,0,Classical (all features),-0.9358821093296885,-1.136198346143576,-1.8926190697480458,0.0,-0.9358821093296885,0,0,0,0
2026,33558,17.99,0,-0.8011925259001064,0,Classical (all features),-1.027397735764547,-1.163309318075107,-1.6351169726876371,0.045,-1.027397735764547,0,0,0,0
2026,39552,11.35,0,-1.164614326037396,0,Classical (all features),-0.6982773230940158,-1.0733833009210976,-1.4361887866967038,0.0,-0.6982773230940158,0,0,0,0
2026,136927,4.49,0,-0.8370152707439945,0,Classical (all features),-0.7671448416733124,-0.8771750917497461,-1.5262795798187265,0.0,-0.7671448416733124,0,0,0,0
2026,134907,192.67,0,-0.9826274524978521,0,Classical (all features),-1.088657498211594,-0.8907555422738755,-1.4743939140893811,0.03,-1.088657498211594,0,0,0,0
2026,42769,118.3,1,0.7545943460310859,1,Classical (all features),0.6665309448711522,1.149448096920368,19.510043807255308,0.76,0.6665309448711522,1,1,1,1
2026,172115,1.0,0,-0.4213759008850021,0,Classical (all features),-0.5924305973204675,-1.3018582199014965,-2.2546973323286537,0.1,-0.5924305973204675,0,0,0,0
2026,265905,313.29,0,-0.8125328451546986,0,Classical (all features),0.0676955587704402,-0.846032248810227,-1.2635891605947502,0.27,0.0676955587704402,0,0,0,0
2026,79503,1.98,0,-1.1476873536831071,0,Classical (all features),-1.3282536951542232,-1.1111064457162254,-1.745366832750096,0.02,-1.3282536951542232,0,0,0,0
2026,170893,1.0,0,0.051732989023785314,0,Classical (all features),-0.29843591346532694,-0.7809845557953661,-1.9569188552941448,0.205,-0.29843591346532694,0,0,0,0
2026,193298,10.64,0,-0.3397289493974036,0,Classical (all features),-0.06512608192752645,-0.6932392234566829,-2.0039072590011857,0.175,-0.06512608192752645,0,0,0,0
2026,79695,10.0,0,-1.0731358035974297,0,Classical (all features),-0.46566849227898977,-0.9824565391855951,-1.7073536681771158,0.03,-0.46566849227898977,0,0,0,0
2026,91450,144.0,0,-0.9279210990145456,0,Classical (all features),-0.6897234230595009,-1.0284579263188156,-1.557812166692508,0.015,-0.6897234230595009,0,0,0,0
2026,30314,7.61,1,0.8178344921568557,1,Classical (all features),0.6343026527173864,1.8194396841177225,10.755670619118385,0.97,0.6343026527173864,1,1,1,1
2026,143731,240.77,1,0.8495587032376125,1,Classical (all features),0.82615301822541,1.4806469728206761,8.469227992290447,0.96,0.82615301822541,1,1,1,1
2026,255779,1.98,0,-1.0725058157316472,0,Classical (all features),-0.9410933231092646,-1.1043923567909395,-1.84668292925432,0.02,-0.9410933231092646,0,0,0,0
2026,132578,0.99,0,-1.013798755065535,0,Classical (all features),-1.045446227252596,-1.0850435395203857,-1.6463661531532099,0.005,-1.045446227252596,0,0,0,0
2026,156988,0.0,1,0.9270508235819115,1,Classical (all features),0.5805717841296976,1.2093398915413707,5.886215700930402,0.95,0.5805717841296976,1,1,1,1
2026,249828,6.74,1,0.8868564224772177,1,Classical (all features),0.5899596866872454,1.3107282051435634,6.108725086248654,0.955,0.5899596866872454,1,1,1,1
2026,221281,8.78,0,-0.7559269962225185,0,Classical (all features),-0.6044845472623799,-0.785254592208736,-1.5186031606109827,0.04,-0.6044845472623799,0,0,0,0
2026,88436,30.38,0,-1.1727694735552925,0,Classical (all features),-1.0700688326923122,-1.1297765601177803,-1.5663037923213277,0.0,-1.0700688326923122,0,0,0,0
2026,48683,0.77,0,-0.8098901758261497,0,Classical (all features),0.00771664102767905,-1.2024398406419623,-2.3993840442256578,0.185,0.00771664102767905,0,0,0,0
2026,33108,192.4,0,-1.0147620727537778,0,Classical (all features),-0.9450094103832694,-0.9656336805025083,-0.9878654396091745,0.06,-0.9450094103832694,0,0,0,0
2026,47821,1.0,0,-1.2082782790328657,0,Classical (all features),-1.0642497410688427,-1.0872460129130888,-1.4220270558890378,0.0,-1.0642497410688427,0,0,0,0
2026,65960,1.98,0,-1.0868273161719322,0,Classical (all features),-0.9947066248344552,-1.1749126858755843,-2.127278940727428,0.005,-0.9947066248344552,0,0,0,0
2026,166114,931.32,0,0.6312726321766734,0,Classical (all features),0.19131077890970016,0.375728450018435,-1.207420860069441,0.37,0.19131077890970016,0,0,0,0
2026,280987,29.17,0,-0.38855948129542084,0,Classical (all features),0.14010323619606851,-0.7043530251010781,-1.3460774977390693,0.15,0.14010323619606851,0,0,0,0
2026,148101,48.72,0,-0.9075266399187826,0,Classical (all features),-0.33256178938994496,-1.070231419727507,-2.0761212244240363,0.13,-0.33256178938994496,0,0,0,0
2026,38980,75.75,0,-1.1558066080688616,0,Classical (all features),-1.0851628154701956,-1.1272055406631176,-1.444992620148021,0.055,-1.0851628154701956,0,0,0,0
2026,167184,105.89,1,0.7643847316482316,1,Classical (all features),0.5142430774073012,1.2005405542673475,4.91663982936422,0.985,0.5142430774073012,1,1,1,1
2026,78896,26.5,0,-1.0553828988012595,0,Classical (all features),-0.7028932598115984,-1.1205273557832063,-1.6594428266513557,0.135,-0.7028932598115984,0,0,0,0
2026,104657,125.15,0,-0.7853492685745848,0,Classical (all features),-0.690771821640453,-0.7147076279496056,-1.0091881865593555,0.01,-0.690771821640453,0,0,0,0
2026,13185,788.77,0,0.23177864322198316,0,Classical (all features),0.3059937736590499,-0.1607946438964009,-1.0249252578057884,0.235,0.3059937736590499,0,0,0,0
2026,204114,20.0,0,-1.221319104318105,0,Classical (all features),-1.1497381015442556,-1.151451463397756,-1.8200045671146932,0.01,-1.1497381015442556,0,0,0,0
2026,12629,2.69,0,-1.015748999469261,0,Classical (all features),-0.6792166242009012,-0.9635525794806372,-1.723240023359125,0.035,-0.6792166242009012,0,0,0,0
2026,197586,480.72,1,-0.7098232767445877,0,Classical (all features),-0.16874292599420593,-1.055713631150661,-1.3024287961972973,0.135,-0.16874292599420593,0,0,0,0
2026,13670,176.77,0,-0.9374007096692775,0,Classical (all features),0.013709122448401445,-1.0477464114606363,-1.6061047125443522,0.045,0.013709122448401445,0,0,0,0
2026,140851,277.0,0,-0.7729563222650216,0,Classical (all features),-0.9479569327611286,-0.8039757948243096,-1.0034209246894088,0.055,-0.9479569327611286,0,0,0,0
2026,129928,10.0,0,-1.1776598053371408,0,Classical (all features),-1.262787562326996,-1.0864353331165293,-1.471599193490382,0.0,-1.262787562326996,0,0,0,0
2026,122860,345.29,0,-0.8299587798383689,0,Classical (all features),-0.6962577592002401,-0.9391176909044328,-1.3072503786436407,0.07,-0.6962577592002401,0,0,0,0
2026,196227,97.29,0,-1.0219591476449104,0,Classical (all features),-0.5512618264030105,-0.8768599153510506,-1.4030513138484042,0.15,-0.5512618264030105,0,0,0,0
2026,211907,6.0,0,-0.9120625019502991,0,Classical (all features),-0.5544972503072203,-1.0131983289761117,-1.88052087337029,0.055,-0.5544972503072203,0,0,0,0
2026,151038,1.0,0,-0.9911552978337611,0,Classical (all features),-0.46331606191995434,-1.273486466524019,-2.395120515753132,0.005,-0.46331606191995434,0,0,0,0
2026,211970,20.0,0,-0.9429505795186696,0,Classical (all features),-0.5842025253286804,-1.1819752932843022,-2.5695498673451116,0.13,-0.5842025253286804,0,0,0,0
2026,36175,47.98,0,-0.9328058345023321,0,Classical (all features),-0.6507182861343193,-1.096665976530664,-1.7861627949013479,0.0,-0.6507182861343193,0,0,0,0
2026,2910,20.8,0,-0.862548655720275,0,Classical (all features),-0.36397111959301964,-1.3099899321877166,-2.452555084627166,0.105,-0.36397111959301964,0,0,0,0
2026,93424,1.0,1,0.9670288011141221,1,Classical (all features),0.7695711575508881,0.9635369671643255,3.8132963329602565,1.0,0.7695711575508881,1,1,1,1
2026,151627,118.95,0,-1.052785710084415,0,Classical (all features),0.05638208532412997,-1.257354055213756,-2.366252283536683,0.035,0.05638208532412997,0,0,0,0
2026,58229,12.31,0,-1.1188409495744023,0,Classical (all features),-1.1159958526315867,-1.0855428679812726,-1.4852413548613053,0.005,-1.1159958526315867,0,0,0,0
2026,228548,130.53,0,-0.8473011953406381,0,Classical (all features),-0.13257857470221512,-1.0592862942885073,-1.8468838201151145,0.08,-0.13257857470221512,0,0,0,0
2026,272669,112.14,0,-1.1454845743247688,0,Classical (all features),-0.5663363246234832,-1.0569704239271334,-1.6536624193261282,0.06,-0.5663363246234832,0,0,0,0
2026,57876,0.99,0,-0.8549517629416287,0,Classical (all features),-1.0511772778859232,-0.8135730234562577,-1.487022285315334,0.02,-1.0511772778859232,0,0,0,0
2026,172652,44.87,0,-1.0886126457953225,0,Classical (all features),-0.7567829792898051,-1.20845161537203,-1.9537458057129802,0.03,-0.7567829792898051,0,0,0,0
2026,84114,14.79,0,-0.5251772145155248,0,Classical (all features),0.09579781924158048,-0.5748086830566654,-0.9327663060899253,0.11,0.09579781924158048,0,0,0,0
2026,182737,0.89,0,0.3694490785614184,0,Classical (all features),-0.15225168084390217,-0.14995025131341894,1.2866189721601176,0.13,-0.15225168084390217,0,0,0,0
2026,196987,44.53,0,-0.5726301154536052,0,Classical (all features),-0.22641087708707608,-0.7582852235348765,-1.6366846203011918,0.41,-0.22641087708707608,0,0,0,0
2026,114554,6.11,0,-0.8014576462745472,0,Classical (all features),-0.35452790516869404,-1.3077822856298902,-2.03401561190308,0.03,-0.35452790516869404,0,0,0,0
2026,28971,359.0,0,-0.664112860616254,0,Classical (all features),-0.18185391301101084,-0.7823955415749029,-1.464748751576784,0.125,-0.18185391301101084,0,0,0,0
2026,93843,7.49,0,-1.1310873367692156,0,Classical (all features),-0.9402339624244263,-1.0264808607526583,-1.5356220072993478,0.015,-0.9402339624244263,0,0,0,0
2026,83417,5.91,1,0.7677365828530995,1,Classical (all features),0.7823185595362527,1.8306081867523447,7.159805851307976,0.99,0.7823185595362527,1,1,1,1
2026,171610,1.79,0,-1.1047176379479136,0,Classical (all features),-1.1228436244106095,-1.0439552516653645,-1.7555181757214253,0.045,-1.1228436244106095,0,0,0,0
2026,178858,22.0,0,-0.8946664160750936,0,Classical (all features),-0.4439776027844434,-0.7976681995022326,-1.4817655344013314,0.06,-0.4439776027844434,0,0,0,0
2026,148712,178.87,0,-0.8007878093731383,0,Classical (all features),-0.3007249150737997,-1.1348116226256804,-1.3771684142181937,0.145,-0.3007249150737997,0,0,0,0
2026,89281,57.03,0,-0.735837106081466,0,Classical (all features),-0.31126225042222877,-1.0066394409660366,-1.0357056151403476,0.115,-0.31126225042222877,0,0,0,0
2026,97855,8.98,0,-1.061411329388216,0,Classical (all features),-1.2808663985436004,-1.105531959155588,-1.4114914309819035,0.0,-1.2808663985436004,0,0,0,0
2026,211193,99.99,0,-0.5570687420991586,0,Classical (all features),0.08021957696153315,-0.4904177581089499,-0.6901389013068979,0.015,0.08021957696153315,0,0,0,0
2026,95534,31.91,1,-0.8096880160918957,0,Classical (all features),-0.2938650788081044,-1.1383125832420045,-2.0011792205770185,0.03,-0.2938650788081044,0,0,0,0
2026,279162,38.2,0,-0.4599730248585404,0,Classical (all features),-0.004317476360459982,-0.6363857372434103,-2.0180425174109913,0.11,-0.004317476360459982,0,0,0,0
2026,46998,204.27,1,0.893910695536513,1,Classical (all features),0.44405960954533774,0.3046391006138732,3.273485388557661,0.65,0.44405960954533774,0,1,0,0
2026,263348,2.69,0,-1.0697986082457964,0,Classical (all features),-1.0238966789969628,-1.1328719630213089,-1.9965442420960482,0.03,-1.0238966789969628,0,0,0,0
2026,205657,66.8,0,-1.0023396674048533,0,Classical (all features),-1.0545324587929379,-1.171156475490763,-2.0851387002226467,0.06,-1.0545324587929379,0,0,0,0
2026,151009,1.0,1,0.69580260453141,1,Classical (all features),0.5051201221179652,0.5009383222248063,17.32097161982071,0.805,0.5051201221179652,0,1,1,1
2026,242900,0.89,0,-0.9904295866555571,0,Classical (all features),-1.2121457695690456,-1.0096693745340348,-1.8252805025102716,0.015,-1.2121457695690456,0,0,0,0
2026,237921,59.99,0,-1.0899273723645342,0,Classical (all features),-0.9687245855647995,-1.128910003894993,-1.8131811563887839,0.08,-0.9687245855647995,0,0,0,0
2026,101767,1.0,0,-1.0239713621289894,0,Classical (all features),-0.5143974375655356,-1.251395010403,-1.8780191078311708,0.015,-0.5143974375655356,0,0,0,0
2026,124176,1.0,1,-0.8757281169714487,0,Classical (all features),0.012229777528583285,-0.9293980614402777,-1.3134199589975348,0.0,0.012229777528583285,0,0,0,0
2026,164308,65.59,0,-0.9021746801706804,0,Classical (all features),-0.16494432822787164,-0.8592609849843116,-1.6857957095484595,0.27,-0.16494432822787164,0,0,0,0
2026,10497,3.79,1,-1.176624017076565,0,Classical (all features),-0.08980684169423125,-1.1712706366580334,-1.6864715750654071,0.0,-0.08980684169423125,0,0,0,0
2026,267145,29.0,0,-1.1574969283618097,0,Classical (all features),-1.0556435297262372,-1.2553540358259707,-1.899049728676456,0.015,-1.0556435297262372,0,0,0,0
2026,17695,17.99,0,-0.9790050696103073,0,Classical (all features),-1.1045302282093827,-1.0524540709448016,-1.7727985980909329,0.005,-1.1045302282093827,0,0,0,0
2026,120377,24.95,0,-0.9553249658864741,0,Classical (all features),-0.30839439788020717,-1.260914851964304,-1.840819450988994,0.03,-0.30839439788020717,0,0,0,0
2026,235616,0.76,1,0.9171740700758566,1,Classical (all features),0.6879204273657543,1.4136020641646208,6.144623846750594,0.965,0.6879204273657543,1,1,1,1
2026,84916,320.0,0,-0.9359461999363606,0,Classical (all features),-0.7772576449313127,-1.094153534764628,-1.535103440260547,0.16,-0.7772576449313127,0,0,0,0
2026,117157,29.57,0,-1.0064851147306264,0,Classical (all features),-1.0506840351348101,-1.0648320695297295,-1.5231345031688541,0.015,-1.0506840351348101,0,0,0,0
2026,144108,310.42,1,0.888589185496691,1,Classical (all features),0.7715397810834594,1.2727604083121278,8.410293379959324,0.695,0.7715397810834594,1,1,0,1
2026,266735,45.49,0,-0.6791341706495616,0,Classical (all features),-0.1361112839935642,-0.850654753884059,-1.945991443897532,0.035,-0.1361112839935642,0,0,0,0
2026,211313,100.0,0,-0.9744862257491612,0,Classical (all features),-0.3423440490571551,-1.0074902947647997,-1.5992441296284858,0.04,-0.3423440490571551,0,0,0,0
2026,267047,196.0,0,-1.0664997389046458,0,Classical (all features),-0.4075915173149277,-1.218851091873702,-1.8264145060284007,0.02,-0.4075915173149277,0,0,0,0
2026,145800,451.27,1,-0.08185627307195631,0,Classical (all features),-0.022370669285672218,-0.17723544163292898,-0.47368913259925693,0.235,-0.022370669285672218,0,0,0,0
2026,186980,18.0,0,-0.9126957169704125,0,Classical (all features),-0.24486214037511422,-1.024610597463667,-1.9285289641833498,0.135,-0.24486214037511422,0,0,0,0
2026,209983,6.95,0,-1.0433920370814742,0,Classical (all features),-0.48949658500676485,-1.0370078053494551,-1.8180255820102669,0.13,-0.48949658500676485,0,0,0,0
2026,114129,14.21,0,-1.1283684406218337,0,Classical (all features),-1.152510846728094,-1.259979599558145,-1.9913570913387293,0.17,-1.152510846728094,0,0,0,0
2026,36545,458.84,0,-0.6841480153708505,0,Classical (all features),-0.22837196432597684,-0.9586647652509146,-1.7794720215938264,0.08,-0.22837196432597684,0,0,0,0
2026,22094,92.42,0,-1.1167770396017849,0,Classical (all features),-1.1168035418254523,-1.1642014121311837,-1.9823054205183854,0.005,-1.1168035418254523,0,0,0,0
2026,18032,45.5,0,-0.6556087499919413,0,Classical (all features),-0.288343013167509,-0.6502638620254462,-1.2904101810714443,0.025,-0.288343013167509,0,0,0,0
2026,200225,23.78,0,-1.0687425894268552,0,Classical (all features),-1.112947970614136,-1.088888448630599,-1.712961601694424,0.005,-1.112947970614136,0,0,0,0
2026,59539,19.73,1,0.7965159396470766,1,Classical (all features),0.4692458527388603,0.23868069195100772,2.8134764455200827,0.64,0.4692458527388603,0,0,0,0
2026,91552,4.26,0,-0.9296947394158493,0,Classical (all features),-0.7293782391335946,-1.2366733412297675,-2.0341430591034624,0.015,-0.7293782391335946,0,0,0,0
2026,103471,119.88,0,-1.1043741811410341,0,Classical (all features),-0.876241538210436,-0.9830986019328596,-1.5401357523789172,0.07,-0.876241538210436,0,0,0,0
2026,141576,27.85,0,-0.9559820207734292,0,Classical (all features),-0.6294311844386427,-1.1575424046091463,-2.006672173317588,0.155,-0.6294311844386427,0,0,0,0
2026,146653,75.87,0,-0.733286394619247,0,Classical (all features),-0.14316904413838627,-1.03242729616767,-1.732834165583221,0.07,-0.14316904413838627,0,0,0,0
2026,231599,36.8,0,-1.0391017108061846,0,Classical (all features),-1.0689967254702082,-1.035838217271468,-1.8801694059253222,0.0,-1.0689967254702082,0,0,0,0
2026,134583,24.99,0,-1.0965111478724805,0,Classical (all features),-0.5314260242413189,-1.1814834427596774,-1.8578554939786902,0.0,-0.5314260242413189,0,0,0,0
2026,229474,150.0,0,-0.561767493111791,0,Classical (all features),-0.2183496432760812,-0.9776950147118746,-1.1315695255795652,0.135,-0.2183496432760812,0,0,0,0
2026,34322,292.82,0,-0.8565356649567951,0,Classical (all features),-0.45528011928280687,-0.9626754323823197,-1.6933689545739747,0.085,-0.45528011928280687,0,0,0,0
2026,79417,57.97,0,-0.5830152388900242,0,Classical (all features),-0.3374526908717055,-0.513344909153058,-1.081093531408182,0.045,-0.3374526908717055,0,0,0,0
2026,79883,270.0,1,0.9178895833556939,1,Classical (all features),0.8969962608185197,0.737610743747928,4.074037436000522,0.78,0.8969962608185197,1,1,1,1
2026,241445,10.7,1,0.8720202248016358,1,Classical (all features),0.70815225073763,0.979194822578678,5.4492311450696835,0.95,0.70815225073763,1,1,1,1
2026,230579,1.0,0,-1.0346033766904443,0,Classical (all features),0.032650218320244895,-1.2270377690258016,-2.2734564986865564,0.155,0.032650218320244895,0,0,0,0
2026,143333,0.0,1,0.843188064229917,1,Classical (all features),0.5896423110789807,1.6591798638612838,11.736979494039785,0.95,0.5896423110789807,1,1,1,1
2026,96234,8.39,0,-0.9641589464559769,0,Classical (all features),-0.8199334799044748,-0.9913339504315462,-1.6414226742678488,0.005,-0.8199334799044748,0,0,0,0
2026,105954,159.06,0,-1.179447746887393,0,Classical (all features),-0.6375499516796568,-1.0499093402678314,-1.5570629595542993,0.01,-0.6375499516796568,0,0,0,0
2026,278783,30.0,0,-1.0383400245903789,0,Classical (all features),-1.0503229205206266,-1.1873554386554992,-1.8157882150201434,0.035,-1.0503229205206266,0,0,0,0
2026,2526,56.75,0,-0.8422076766214225,0,Classical (all features),-0.7488225027257582,-1.3424703308857762,-2.383731955392294,0.12,-0.7488225027257582,0,0,0,0
2026,36572,49.35,0,-1.1175291914475034,0,Classical (all features),-0.9337708767140891,-1.141106658479471,-1.5661829044433913,0.025,-0.9337708767140891,0,0,0,0
2026,260798,0.99,0,-1.107193946330788,0,Classical (all features),-1.2561060396728314,-1.0475436162126446,-1.7126453930635779,0.0,-1.2561060396728314,0,0,0,0
2026,64251,1.0,0,-1.1557381584382362,0,Classical (all features),-1.0291709780955105,-1.1534173224068183,-1.5995925371015103,0.01,-1.0291709780955105,0,0,0,0
2026,183392,135.0,0,-0.7887204925833152,0,Classical (all features),-0.5130224877307188,-1.127219705961597,-2.0733914080834697,0.035,-0.5130224877307188,0,0,0,0
2026,30105,91.0,0,-0.8459360531428503,0,Classical (all features),-0.9546330352408687,-1.3046056936961856,-1.8849978919686283,0.04,-0.9546330352408687,0,0,0,0
2026,188692,49.91,0,-0.8643087989977006,0,Classical (all features),0.36326215135908885,-0.9047798249020462,-1.3082348773781067,0.1,0.36326215135908885,0,0,0,0
2026,115446,110.25,0,-1.0812136440995186,0,Classical (all features),-0.33203039711491367,-1.2538821252987036,-1.8391430262196824,0.01,-0.33203039711491367,0,0,0,0
2026,239622,0.99,0,-1.0522274130076865,0,Classical (all features),-1.094491713294773,-1.041417785341323,-1.8269816991883274,0.04,-1.094491713294773,0,0,0,0
2026,196100,1.98,0,-0.9121368905217052,0,Classical (all features),-0.9992163094834592,-0.9454935358885912,-1.6759117434359063,0.005,-0.9992163094834592,0,0,0,0
2026,277927,0.92,0,-0.5448382262280899,0,Classical (all features),0.18234562951506644,-0.9900902009547445,-2.041029718231367,0.27,0.18234562951506644,0,0,0,0
2026,197897,80.0,0,-1.1390218725178305,0,Classical (all features),-1.0912118112649223,-1.1438233546776033,-1.9569283953716186,0.015,-1.0912118112649223,0,0,0,0
2026,94885,34.96,0,-0.7797179516987164,0,Classical (all features),-0.2465729839629872,-1.3203784266993248,-2.1030864343068485,0.03,-0.2465729839629872,0,0,0,0
2026,9509,1.0,1,0.7504878090846122,1,Classical (all features),0.5318220879023018,1.0553682500730415,19.058821242099317,0.96,0.5318220879023018,1,1,1,1
2026,90751,20.0,0,-0.7578046957291994,0,Classical (all features),-0.6545349898489683,-0.8989978371553826,-1.2434423242872685,0.21,-0.6545349898489683,0,0,0,0
2026,154286,0.92,1,0.6794444660849107,1,Classical (all features),0.5051065400981332,0.4554230833883819,-1.3437757908974692,0.385,0.5051065400981332,0,0,0,1
2026,224351,100.0,0,-0.7411149428670464,0,Classical (all features),-0.5954168112210387,-0.8844932909581524,-1.9368915277149994,0.01,-0.5954168112210387,0,0,0,0
2026,201154,28.34,0,-0.200498893190739,0,Classical (all features),-0.29573459609575037,-0.5761379830535349,-1.9764275969283274,0.445,-0.29573459609575037,0,0,0,0
2026,262560,4.69,1,0.7791287206011055,1,Classical (all features),0.6158116168310726,1.4976933155554433,7.051279142688443,0.955,0.6158116168310726,1,1,1,1
2026,150601,1.0,1,0.8993533093706783,1,Classical (all features),0.5703802957068469,1.07916911166815,18.86776500223493,0.995,0.5703802957068469,1,1,1,1
2026,84388,9.85,0,-0.82434973874695,0,Classical (all features),-0.8856902885435594,-1.1358451378056647,-1.951708591534922,0.005,-0.8856902885435594,0,0,0,0
2026,166763,91.74,0,-1.0989353715503523,0,Classical (all features),-1.1427741812578958,-0.9905222056169878,-1.7820411829294764,0.01,-1.1427741812578958,0,0,0,0
2026,116502,40.19,0,-1.0917968251955328,0,Classical (all features),-0.7344367518056074,-1.1680892718951814,-1.6831159284356434,0.075,-0.7344367518056074,0,0,0,0
2026,32376,935.95,0,0.2628184893576492,0,Classical (all features),-0.14132841740298496,-0.048711266028283795,-0.43455670411956965,0.25,-0.14132841740298496,0,0,0,0
2026,135488,1.79,0,-1.0532897987506855,0,Classical (all features),-1.1290964900895644,-1.0515900602543882,-1.7912652686866424,0.015,-1.1290964900895644,0,0,0,0
2026,217083,10.0,0,-0.3249532671083565,0,Classical (all features),-0.054578250190156385,-1.2284398566865777,-2.187509201098192,0.215,-0.054578250190156385,0,0,0,0
2026,22708,17.07,0,-0.9189573142499897,0,Classical (all features),-1.2128471697273608,-1.1540135667400795,-1.718902653712044,0.005,-1.2128471697273608,0,0,0,0
2026,44474,88.27,0,-1.0078095673068255,0,Classical (all features),-0.43281591211314185,-0.8750209195613756,-1.2983849010895656,0.0,-0.43281591211314185,0,0,0,0
2026,167434,48.42,0,-1.156377549000255,0,Classical (all features),-0.643307791869488,-1.196122547731781,-1.8605084054013987,0.09,-0.643307791869488,0,0,0,0
2026,118847,1.5,0,-1.0144832977220144,0,Classical (all features),-0.5966898920636665,-0.9745236008572222,-1.7751932344647918,0.0,-0.5966898920636665,0,0,0,0
2026,157019,5.49,0,-1.1116272897735167,0,Classical (all features),-0.5022354971214997,-1.1165336022983172,-1.8404870302008864,0.025,-0.5022354971214997,0,0,0,0
2026,90704,1.46,0,-0.9574988539951871,0,Classical (all features),-0.19570866454168512,-1.266701222006369,-2.4514555970441094,0.0,-0.19570866454168512,0,0,0,0
2026,66007,194.65,0,-0.7393733178707403,0,Classical (all features),-0.32360662274147445,-0.8423153575329345,-1.6369908888497857,0.0,-0.32360662274147445,0,0,0,0
2026,46251,10.78,0,-0.9773386505888605,0,Classical (all features),-0.5927188430089139,-1.2353341283495602,-1.9720232067771886,0.015,-0.5927188430089139,0,0,0,0
2026,11841,1.0,1,0.8283833912807059,1,Classical (all features),0.783935795403325,0.952342783587304,18.675254722427088,0.89,0.783935795403325,1,1,1,1
2026,42887,37.32,1,0.9350290610311134,1,Classical (all features),0.9068271774641682,1.0539073217617911,19.39822318098096,0.955,0.9068271774641682,1,1,1,1
2026,219252,26.41,0,-0.7360331791789444,0,Classical (all features),-0.38469206850356086,-0.7778399007593806,-1.8830621718371183,0.035,-0.38469206850356086,0,0,0,0
2026,8007,15.95,0,-0.7064799384604193,0,Classical (all features),-0.2647264657136512,-1.243000502006016,-2.2645281566188316,0.065,-0.2647264657136512,0,0,0,0
2026,168211,1599.52,0,0.825947410539766,1,Classical (all features),0.5075711730143077,1.0334645905654989,0.08086854138817046,0.515,0.5075711730143077,1,0,0,1
2026,17951,1.0,0,-1.1611534146996365,0,Classical (all features),-1.1560569606794209,-1.0601266598301058,-1.636442487219765,0.05,-1.1560569606794209,0,0,0,0
2026,158899,2.28,0,-1.0683261130762034,0,Classical (all features),-1.2632380541118224,-1.0628576096401472,-1.8368307351938165,0.0,-1.2632380541118224,0,0,0,0
2026,43773,172.32,1,0.9058438678186481,1,Classical (all features),0.7499855176326378,1.687625360708164,8.691718765451066,0.985,0.7499855176326378,1,1,1,1
2026,9326,53.73,0,-0.8784308450935879,0,Classical (all features),-0.4739399631692641,-0.9544506031962667,-1.1469483874033184,0.08,-0.4739399631692641,0,0,0,0
2026,233180,12.99,0,-1.0138686713224567,0,Classical (all features),-1.1661386402194904,-1.1979664316288159,-2.2246092905966366,0.01,-1.1661386402194904,0,0,0,0
2026,156454,12.13,0,-0.8819354853292155,0,Classical (all features),0.19230997107287423,-1.0578619657937898,-1.8514878270175112,0.09,0.19230997107287423,0,0,0,0
2026,52466,1.0,1,0.8934826181850475,1,Classical (all features),0.6968476692429927,0.7233346415407642,3.2684568726219108,1.0,0.6968476692429927,1,1,1,1
2026,157882,72.9,0,-0.6740606181504224,0,Classical (all features),0.11269677277793622,-1.12146989898351,-2.298060686606572,0.015,0.11269677277793622,0,0,0,0
2026,72751,60.0,0,-0.8660132660584797,0,Classical (all features),-0.1974759679481386,-1.104144127299814,-2.206505636185298,0.015,-0.1974759679481386,0,0,0,0
2026,61657,59.96,0,-0.9921429911456919,0,Classical (all features),-0.24036968123618008,-1.0686669795995154,-1.3212469801520674,0.01,-0.24036968123618008,0,0,0,0
2026,250336,42.81,0,-1.0936937663324073,0,Classical (all features),-1.028180142864131,-1.133843296248877,-1.7808892007110377,0.005,-1.028180142864131,0,0,0,0
2026,212621,185.0,0,-0.9480730725300656,0,Classical (all features),-0.6933555028226666,-1.1738464201514334,-1.994296706710872,0.04,-0.6933555028226666,0,0,0,0
2026,50537,1.0,1,-0.9838870162476862,0,Classical (all features),-0.8798894715936343,-1.2178267539486072,-2.1430451965054456,0.075,-0.8798894715936343,0,0,0,0
2026,199419,3.59,0,-0.9752926832437819,0,Classical (all features),-1.1135715903005419,-0.9591661678689105,-1.8205596304633103,0.04,-1.1135715903005419,0,0,0,0
2026,215984,592.9,1,0.8528435302512991,1,Classical (all features),0.6339727057637519,0.8847676175544843,6.286699055417532,0.715,0.6339727057637519,1,1,0,1
2026,76609,7.52,1,0.9008537763069886,1,Classical (all features),0.7862107422888663,1.671270641236229,11.688399592722117,0.935,0.7862107422888663,1,1,1,1
2026,79835,1.75,1,1.0540220165915297,1,Classical (all features),0.6889722110652963,0.6637998843845655,3.611212253557189,0.96,0.6889722110652963,1,1,1,1
2026,160153,1.0,0,0.656307466955359,1,Classical (all features),0.5051157042652545,0.3577096093850093,-3.306804932945298,0.395,0.5051157042652545,0,0,0,1
2026,75890,12.93,0,-0.7164236335151654,0,Classical (all features),-0.37860073856265897,-1.0784863933178084,-1.9567526261678587,0.025,-0.37860073856265897,0,0,0,0
2026,68971,11.5,0,-0.983700116526313,0,Classical (all features),-0.9154117180377312,-1.2465334019016459,-1.8828842410654345,0.015,-0.9154117180377312,0,0,0,0
2026,33949,3202.91,0,0.4577399315512035,0,Classical (all features),0.504970084297294,0.3934590259510541,1.810943130094398,0.22,0.504970084297294,0,0,0,1
2026,220421,168.29,0,-1.0684066342444027,0,Classical (all features),-0.9231269960719337,-1.126113878199846,-1.921547813453269,0.0,-0.9231269960719337,0,0,0,0
2026,210410,148.79,0,-1.1195596939831804,0,Classical (all features),-0.4456611489348671,-1.252263445364367,-1.95375840046456,0.04,-0.4456611489348671,0,0,0,0
2026,134101,112.0,0,-0.9708395371520687,0,Classical (all features),-0.5850262833353723,-1.024088370547386,-1.5521169595898558,0.165,-0.5850262833353723,0,0,0,0
2026,1989,107.69,0,-0.8914955182257341,0,Classical (all features),-0.4628813107407169,-0.8821913523041125,-1.1487957653098144,0.12,-0.4628813107407169,0,0,0,0
2026,38364,71.89,0,-1.1229682763866036,0,Classical (all features),-1.0161819533883385,-1.0307882114420752,-1.785208807561481,0.0,-1.0161819533883385,0,0,0,0
2026,178773,93.73,0,-1.1463931176818694,0,Classical (all features),-0.6383964027928906,-1.104859529308487,-1.7492060214707794,0.04,-0.6383964027928906,0,0,0,0
2026,59204,0.95,0,-1.0908229143538257,0,Classical (all features),-0.3004552577077241,-1.3035120161464362,-2.2022002738269935,0.005,-0.3004552577077241,0,0,0,0
2026,32005,0.0,0,-0.8964625081356795,0,Classical (all features),-0.40931670453143865,-0.9743749568321496,-1.6119779151665223,0.065,-0.40931670453143865,0,0,0,0
2026,242066,16.0,0,-1.0664293936917173,0,Classical (all features),-0.5027232604195415,-1.1327097265220811,-1.8106256645824357,0.015,-0.5027232604195415,0,0,0,0
2026,229583,225.08,0,-0.680831437972767,0,Classical (all features),-0.6133559015134251,-0.6484372244285295,-1.3883718298105245,0.145,-0.6133559015134251,0,0,0,0
2026,68223,943.9,0,0.5358610215377905,0,Classical (all features),-0.08365174230812411,0.20229710643308024,-0.4370980046557522,0.19,-0.08365174230812411,0,0,0,0
2026,250536,0.76,0,-1.1086433302003567,0,Classical (all features),-1.0435147354792018,-1.1640933182152622,-1.9559649023292014,0.04,-1.0435147354792018,0,0,0,0
2026,181966,40.0,1,0.6832613135891926,1,Classical (all features),0.33448792544082007,0.03133850060647125,2.2244279912294243,0.595,0.33448792544082007,0,0,0,0
2026,135263,156.9,0,-1.0878291127923712,0,Classical (all features),-0.7446716744326376,-0.9522742473571255,-1.2056614302574806,0.06,-0.7446716744326376,0,0,0,0
2026,249364,15.0,0,-0.8234300958327289,0,Classical (all features),-0.5908068900922228,-1.2238440893780822,-2.0223324029301617,0.055,-0.5908068900922228,0,0,0,0
2026,192416,210.08,0,-0.7329232198771592,0,Classical (all features),-0.7457493313332193,-0.7042849828375424,-1.3063099613858191,0.03,-0.7457493313332193,0,0,0,0
2026,65401,25.82,0,-1.111327890727206,0,Classical (all features),-0.5398089263140993,-1.17188555879128,-1.5750618930151026,0.05,-0.5398089263140993,0,0,0,0
2026,93214,200.0,0,-0.9957369892284759,0,Classical (all features),-0.8370047103226124,-0.9989919897756243,-1.8769584102283476,0.005,-0.8370047103226124,0,0,0,0
2026,6331,1.0,1,0.8698664778127491,1,Classical (all features),0.5239071947329957,1.4462624916178057,6.185289628151459,0.965,0.5239071947329957,1,1,1,1
2026,123946,15.0,0,-1.2015345002513613,0,Classical (all features),-1.1334393027205742,-1.151885330769362,-1.6446630646434826,0.015,-1.1334393027205742,0,0,0,0
2026,124709,37.21,0,-0.762720725449639,0,Classical (all features),-0.2648101185464319,-0.9256069260715263,-1.1417365599497604,0.04,-0.2648101185464319,0,0,0,0
2026,95617,16.9,0,-0.9856972456430696,0,Classical (all features),-0.4611037373563076,-1.1763639084511368,-2.0440380731276084,0.0,-0.4611037373563076,0,0,0,0
2026,274697,1.0,0,-0.10646900070127474,0,Classical (all features),0.24444478171698464,-0.6215150232476714,-1.021368486866959,0.11,0.24444478171698464,0,0,0,0
2026,198531,9.99,0,-1.1051301177925663,0,Classical (all features),-0.5197575512542609,-1.0537298176688525,-1.8052715123946947,0.005,-0.5197575512542609,0,0,0,0
2026,40348,10.0,0,-1.0748727443419415,0,Classical (all features),-0.24480657009942408,-1.170944128339669,-2.104546379349805,0.005,-0.24480657009942408,0,0,0,0
2026,261424,376.25,0,-0.6482425702224272,0,Classical (all features),-0.8717261636571765,-0.6748879331271529,-1.337498896584104,0.015,-0.8717261636571765,0,0,0,0
2026,28772,69.0,0,-0.9662842531757386,0,Classical (all features),-0.7865707481060664,-0.8761135372383837,-1.2443192624004993,0.0,-0.7865707481060664,0,0,0,0
2026,22354,25.69,0,-1.1172331596854503,0,Classical (all features),-0.4754401124198624,-1.1914485166272566,-1.6970840775030631,0.085,-0.4754401124198624,0,0,0,0
2026,23914,134.9,0,-1.033749669108118,0,Classical (all features),-0.8228346438352077,-0.8867544027353271,-0.9490458098543852,0.0,-0.8228346438352077,0,0,0,0
2026,146827,5.0,0,-0.7754397579100384,0,Classical (all features),-0.4729086621082128,-1.037597533624932,-2.2291063112958143,0.03,-0.4729086621082128,0,0,0,0
2026,144104,1.0,1,0.7982094379913424,1,Classical (all features),0.8094851448443556,1.6324172412500695,8.201384382267575,0.975,0.8094851448443556,1,1,1,1
2026,131578,47.0,0,-1.1643789942218592,0,Classical (all features),-0.8048628498433983,-1.1994506946113899,-1.9983244078484026,0.0,-0.8048628498433983,0,0,0,0
2026,8683,9.8,0,-0.17256888155512418,0,Classical (all features),0.26876959546173673,-1.0273057090884188,-2.3692825185352335,0.155,0.26876959546173673,0,0,0,0
2026,87522,38.03,0,-0.7809608278319898,0,Classical (all features),-0.6834539119652767,-1.2515017904469272,-2.0325401429000545,0.005,-0.6834539119652767,0,0,0,0
2026,184379,25.0,1,0.7128799079415851,1,Classical (all features),0.38053861281588547,0.025615657551319615,2.452070885050696,0.645,0.38053861281588547,0,0,0,0
2026,23422,717.15,1,0.6122702585372354,0,Classical (all features),0.565008297708142,0.6004832174870589,4.569625370696016,0.74,0.565008297708142,0,1,1,1
2026,43645,10.95,0,-1.1874908907216417,0,Classical (all features),-1.1216691636024059,-1.0703919807018178,-1.7331670840448434,0.0,-1.1216691636024059,0,0,0,0
2026,221188,189.66,0,-0.8528993635681702,0,Classical (all features),-0.7772972917871839,-0.8239375724257372,-1.4409156390556246,0.045,-0.7772972917871839,0,0,0,0
2026,232776,63.56,0,-1.1361793965444416,0,Classical (all features),-0.814397675554599,-1.0745488462574169,-1.757573695951414,0.015,-0.814397675554599,0,0,0,0
2026,246703,1.0,0,-1.0047560556379982,0,Classical (all features),-0.649721383182811,-1.1629267030204693,-1.8962823373805142,0.09,-0.649721383182811,0,0,0,0
2026,155243,2.0,0,-0.7932942523729402,0,Classical (all features),0.08374799465763388,-1.0332727854978876,-1.7803700337586088,0.225,0.08374799465763388,0,0,0,0
2026,199103,3.99,0,-0.852083408574788,0,Classical (all features),-0.3286640037418612,-1.0340218498322862,-1.9037610762146606,0.025,-0.3286640037418612,0,0,0,0
2026,154530,470.6,0,-0.41294761902626653,0,Classical (all features),-0.13517026819204392,-0.7106731341706489,-1.94176095824086,0.16,-0.13517026819204392,0,0,0,0
2026,79525,1.0,1,0.7034471556559964,1,Classical (all features),0.5191165338059267,1.2187356837448498,6.311846010557209,0.95,0.5191165338059267,1,1,1,1
2026,30454,15.0,0,-0.9233548600956393,0,Classical (all features),-0.6009829465664152,-1.1377048227246482,-1.6555680847468826,0.025,-0.6009829465664152,0,0,0,0
2026,257632,1.96,0,-0.9239529135506493,0,Classical (all features),-0.8114314754796348,-1.214633929148154,-2.3421926652276523,0.0,-0.8114314754796348,0,0,0,0
2026,251758,38.52,0,-0.9465744098772758,0,Classical (all features),-0.3603577402565158,-1.0508940926962775,-1.9765829473306007,0.09,-0.3603577402565158,0,0,0,0
2026,161579,49.99,0,-0.92096624836082,0,Classical (all features),-0.7818991555227652,-1.1146498661004636,-2.0689852377107263,0.005,-0.7818991555227652,0,0,0,0
2026,16492,12.0,0,-1.1301323040998414,0,Classical (all features),-0.9483058594359648,-1.2523879818159074,-2.000670824183692,0.01,-0.9483058594359648,0,0,0,0
2026,57615,0.76,1,1.0325881959786471,1,Classical (all features),0.6612490980916085,0.5955399249509724,3.62102802765278,0.69,0.6612490980916085,0,1,0,1
2026,135338,19.99,0,-0.8925728730462231,0,Classical (all features),-0.20361896351076691,-1.2736444841456,-2.35725443417609,0.07,-0.20361896351076691,0,0,0,0
2026,11710,1.0,1,0.8956977486363085,1,Classical (all features),0.8073717524344362,0.969507184964403,18.68234640042783,0.935,0.8073717524344362,1,1,1,1
2026,87354,19.04,1,0.6690771544612475,1,Classical (all features),0.2968670450918037,0.3004388259787634,2.219749893753007,0.935,0.2968670450918037,0,0,1,0
2026,100654,2.07,0,-1.2004794540905261,0,Classical (all features),-0.2954719234875989,-1.1058940311616992,-1.476634418833486,0.005,-0.2954719234875989,0,0,0,0
2026,101047,614.55,0,-0.4315062705104892,0,Classical (all features),-0.6478512401761469,-0.633185556708252,-0.9725670068050828,0.11,-0.6478512401761469,0,0,0,0
2026,6446,1.0,1,0.8911078918723658,1,Classical (all features),0.7014560663926108,1.4848579682909282,5.846016581289987,0.965,0.7014560663926108,1,1,1,1
2026,77525,130.27,0,-1.116429084297037,0,Classical (all features),-0.5928731042680231,-1.1726195503836951,-1.619333159165094,0.01,-0.5928731042680231,0,0,0,0
2026,69008,13.69,0,-1.0464456938913207,0,Classical (all features),-0.6248755215432389,-1.2985823127162277,-2.0364129247401093,0.05,-0.6248755215432389,0,0,0,0
2026,274117,1.0,0,-0.9539538849842147,0,Classical (all features),-1.0630187838927037,-1.3246484706712007,-2.299300792868257,0.01,-1.0630187838927037,0,0,0,0
2026,244497,200.0,0,-1.1179256568616363,0,Classical (all features),-0.808281088766017,-1.0044281690521546,-1.5255813376606149,0.0,-0.808281088766017,0,0,0,0
2026,41324,5.0,0,-0.800793309924488,0,Classical (all features),-0.25966802077747786,-0.8812320485962342,-1.7089303368398128,0.12,-0.25966802077747786,0,0,0,0
2026,16863,730.86,1,0.5071867869917803,0,Classical (all features),0.49200664820631523,0.6089152105042974,4.311931076121638,0.77,0.49200664820631523,1,1,1,1
2026,21787,1.0,0,-0.9021064454747646,0,Classical (all features),-0.5286655606742778,-1.2465179883125375,-1.9460784034994438,0.165,-0.5286655606742778,0,0,0,0
2026,104171,31.0,0,-1.1984664126920852,0,Classical (all features),-1.045329013992822,-1.101349734608672,-1.5054474509445022,0.005,-1.045329013992822,0,0,0,0
2026,9257,27.49,0,-1.0252526246378517,0,Classical (all features),0.02863216828572901,-1.051458215306462,-1.6888008441151097,0.045,0.02863216828572901,0,0,0,0
2026,119878,0.76,0,-1.158491480297338,0,Classical (all features),-0.47261442108175944,-1.1810891348959334,-1.805741910620594,0.015,-0.47261442108175944,0,0,0,0
2026,57157,608.53,0,0.008441167053700793,0,Classical (all features),0.18969176786195546,-0.6702203289474404,-1.5336958506089826,0.035,0.18969176786195546,0,0,0,0
2026,252532,25.3,0,-1.0980692048889753,0,Classical (all features),-0.7789438869038254,-0.9707310630218255,-1.5996686446787816,0.045,-0.7789438869038254,0,0,0,0
2026,39372,3.6,0,-1.1480980893591317,0,Classical (all features),-0.8716424873423909,-1.0616682430570341,-1.8809104351727246,0.025,-0.8716424873423909,0,0,0,0
2026,80257,40.0,0,-0.753620877687832,0,Classical (all features),-0.5619152785219363,-1.1743281900916365,-2.2639987889533253,0.05,-0.5619152785219363,0,0,0,0
2026,8633,45.39,0,-0.5800580924805939,0,Classical (all features),0.03050749988882051,-1.2856121085861942,-2.795996576252364,0.055,0.03050749988882051,0,0,0,0
2026,27749,19.02,1,0.8217406717019102,1,Classical (all features),0.6215107798671342,1.749299400636316,10.518132754463176,0.97,0.6215107798671342,1,1,1,1
2026,198660,4.26,0,-0.9853758316441653,0,Classical (all features),-0.8769058636513858,-1.204651822362666,-2.132448125024591,0.1,-0.8769058636513858,0,0,0,0
2026,163783,52.95,0,-1.143983218565932,0,Classical (all features),-0.5465960254189444,-1.2211456565632712,-1.961878139874576,0.005,-0.5465960254189444,0,0,0,0
2026,101432,0.89,0,-1.0678085086570706,0,Classical (all features),-0.7686343421030133,-1.1586842681301583,-1.8212469342301598,0.015,-0.7686343421030133,0,0,0,0
2026,74822,5.68,0,-0.7223648535061394,0,Classical (all features),-0.7281677543268872,-0.6696695852973038,-1.1817430568972307,0.01,-0.7281677543268872,0,0,0,0
2026,149145,6.99,1,0.3416486805511007,0,Classical (all features),0.5038516632193217,0.15789855473368203,-1.5478887367540266,0.49,0.5038516632193217,0,0,0,1
2026,8845,30.39,1,0.8839721386670768,1,Classical (all features),0.6998509564481434,1.6164351439077824,8.886799016595365,0.98,0.6998509564481434,1,1,1,1
2026,157790,19.99,0,-1.1309425166114266,0,Classical (all features),-0.4555287857910142,-1.200450499476478,-1.9897525918434564,0.005,-0.4555287857910142,0,0,0,0
2026,151006,1.0,1,0.69580260453141,1,Classical (all features),0.5051201221179652,0.5009383222248063,17.32097161982071,0.805,0.5051201221179652,0,1,1,1
2026,263488,5.2,0,-0.6833496479469204,0,Classical (all features),-0.07167392300783093,-0.737510945140849,-1.6117013239316527,0.055,-0.07167392300783093,0,0,0,0
2026,14332,3.59,0,-0.9681507735526799,0,Classical (all features),-0.9417456898890346,-0.9142616826148089,-1.6922673734027847,0.02,-0.9417456898890346,0,0,0,0
2026,234574,0.0,1,0.8687660909360936,1,Classical (all features),0.554859960156486,1.4390996255530795,6.063623759690367,0.95,0.554859960156486,1,1,1,1
2026,15751,99.99,1,0.6880391147896829,1,Classical (all features),0.7876132831167391,0.898096919077122,16.444295765534175,0.9,0.7876132831167391,1,1,1,1
2026,38017,214.0,0,-1.0143520084340683,0,Classical (all features),-0.5273754160550692,-1.0740572381807576,-1.7691535059138594,0.01,-0.5273754160550692,0,0,0,0
2026,102350,7.18,0,-1.0161937319648038,0,Classical (all features),-1.0853684403882362,-0.9673977393104431,-1.5187872164990357,0.015,-1.0853684403882362,0,0,0,0
2026,60438,38.5,0,-0.9131210489966387,0,Classical (all features),-0.3202711069176951,-1.0957195652792913,-1.853044939544958,0.015,-0.3202711069176951,0,0,0,0
2026,19311,17.99,0,-1.0785700741998197,0,Classical (all features),-0.7654768616221117,-1.0631696360081955,-1.5187593771216554,0.03,-0.7654768616221117,0,0,0,0
2026,141259,512.25,1,0.8546019901203483,1,Classical (all features),0.5802466563858875,1.6177241163247544,12.185845770291769,0.99,0.5802466563858875,1,1,1,1
2026,248570,10.1,0,-0.7070741695887822,0,Classical (all features),-0.02989813567086641,-0.7523333491722644,-1.6474079787889448,0.165,-0.02989813567086641,0,0,0,0
2026,7785,25.0,0,-0.9871652241350893,0,Classical (all features),-0.5072743834359852,-1.1448654277519619,-1.8115433269988843,0.075,-0.5072743834359852,0,0,0,0
2026,119884,332.14,0,-0.6460889542110383,0,Classical (all features),-0.11932415637341698,-0.9492026857464662,-1.5513772316990528,0.07,-0.11932415637341698,0,0,0,0
2026,172008,104.45,0,-0.9772259306841805,0,Classical (all features),-0.26793812394345806,-1.1728645211258173,-2.029344517927464,0.1,-0.26793812394345806,0,0,0,0
2026,123270,1.0,1,-0.7876772114102716,0,Classical (all features),0.025138197207052793,-0.7310316137316786,-1.0469639789305638,0.005,0.025138197207052793,0,0,0,0
2026,190212,18.75,0,-0.8440252974195487,0,Classical (all features),-0.3241426801676882,-1.120865762137158,-2.247134503419985,0.015,-0.3241426801676882,0,0,0,0
2026,284593,60.38,0,-0.7519558588547711,0,Classical (all features),-0.06497826422018271,-0.7538682831296903,-1.4358555318504773,0.04,-0.06497826422018271,0,0,0,0
2026,268765,0.99,0,-0.9088633740310806,0,Classical (all features),-0.9794676438709391,-0.9054404673779777,-1.8111766129600948,0.04,-0.9794676438709391,0,0,0,0
2026,156990,186.13,1,0.874395622255864,1,Classical (all features),0.6126265213249036,1.3469792484049048,6.6511689010776625,0.955,0.6126265213249036,1,1,1,1
2026,142405,12.31,1,0.8148524227309094,1,Classical (all features),0.6304723565074319,1.694547821412551,11.242483424830546,0.95,0.6304723565074319,1,1,1,1
2026,280426,4.27,0,-0.8937932203504638,0,Classical (all features),-1.052363501103864,-0.9309354256092695,-1.7408085689876178,0.07,-1.052363501103864,0,0,0,0
2026,282891,25.99,0,-0.7551747402283809,0,Classical (all features),-0.5290619147345919,-1.0892768024227764,-2.216472470652743,0.01,-0.5290619147345919,0,0,0,0
2026,163755,1.98,0,-0.675378510188808,0,Classical (all features),-0.6924845458388371,-0.7346298683309558,-1.6649157439167692,0.355,-0.6924845458388371,0,0,0,0
2026,243796,18.49,0,-1.1196075039866842,0,Classical (all features),-0.6244598163815396,-1.1798953876006872,-2.249928299373959,0.01,-0.6244598163815396,0,0,0,0
2026,42696,88.23,1,0.7299041023231035,1,Classical (all features),0.5534773427114573,1.177905284314227,19.44595190633806,0.99,0.5534773427114573,1,1,1,1
2026,114616,72.86,0,-0.9969166486039823,0,Classical (all features),-0.7621547443645016,-0.8391949560337499,-1.3359230522963061,0.015,-0.7621547443645016,0,0,0,0
2026,68518,472.18,0,-0.8474725467271645,0,Classical (all features),-0.5395528606131803,-0.9622589372140553,-1.8520239364736744,0.035,-0.5395528606131803,0,0,0,0
2026,283445,36.29,0,-0.9535849710396552,0,Classical (all features),-1.001158832620908,-1.134704463770274,-1.5073376763931563,0.01,-1.001158832620908,0,0,0,0
2026,242840,15.99,0,-1.0521954882303564,0,Classical (all features),-1.0013201448959637,-1.0975466920886354,-1.9158294274437728,0.005,-1.0013201448959637,0,0,0,0
2026,181477,1.0,0,-1.0415060966004916,0,Classical (all features),-0.5608466622640553,-1.191645253089885,-2.045952400344518,0.04,-0.5608466622640553,0,0,0,0
2026,272570,22.0,0,-1.1439865343045188,0,Classical (all features),-0.9640731833023914,-1.2173468246602461,-1.8007275084580439,0.01,-0.9640731833023914,0,0,0,0
2026,144044,16.02,0,-1.1091148033666025,0,Classical (all features),-1.0743657914617466,-1.0209192621131904,-1.8131991711013526,0.02,-1.0743657914617466,0,0,0,0
2026,252124,0.77,1,0.8808182212769746,1,Classical (all features),0.5365004806347761,1.2982636111405663,6.108856895213767,0.98,0.5365004806347761,1,1,1,1
2026,15204,99.99,1,0.6878999668351806,1,Classical (all features),0.5283381526415928,0.798658707031193,16.393387369537944,0.885,0.5283381526415928,1,1,1,1
2026,128479,60.0,1,0.8118414083214975,1,Classical (all features),0.5720583687815728,0.4256254780490387,2.9297715866985943,0.68,0.5720583687815728,0,0,0,1
2026,182992,3.22,1,-0.9599668918017515,0,Classical (all features),0.2430998887502433,-1.105311765933699,-1.753386786306993,0.035,0.2430998887502433,0,0,0,0
2026,254877,163.0,0,-1.2087540603559952,0,Classical (all features),-0.767661753684783,-1.1296922658958073,-1.6363717480483784,0.005,-0.767661753684783,0,0,0,0
2026,222352,28.75,0,0.22540237877372626,0,Classical (all features),-0.4965946175007503,-1.0782759193614797,-2.0233587903388384,0.01,-0.4965946175007503,0,0,0,0
2026,95267,42.0,0,-0.7720780510427575,0,Classical (all features),-0.6207359756444835,-1.2474150206732286,-1.6378766039829755,0.015,-0.6207359756444835,0,0,0,0
2026,68996,8.54,0,-0.8711361102936849,0,Classical (all features),-0.2388637935719259,-1.214327310369884,-1.8372419900133008,0.095,-0.2388637935719259,0,0,0,0
2026,168481,60.2,0,-1.0637003261857774,0,Classical (all features),-0.6638031154940058,-1.0836241221867973,-1.9887806843453202,0.005,-0.6638031154940058,0,0,0,0
2026,260506,9.99,0,-0.7751123960198228,0,Classical (all features),-0.27069743402912627,-0.6952515090422438,-1.034969124783268,0.045,-0.27069743402912627,0,0,0,0
2026,177170,2.69,0,-0.9671663795959732,0,Classical (all features),-1.074741180919028,-0.9677790930687691,-1.800610397928882,0.04,-1.074741180919028,0,0,0,0
2026,10484,3.79,1,-1.1088104384792294,0,Classical (all features),-0.1417830461962596,-1.0122748424175452,-1.3508930558442462,0.0,-0.1417830461962596,0,0,0,0
2026,7108,0.01,0,-0.7727809209439914,0,Classical (all features),0.47483374019075475,-1.2268198146289413,-2.893428853131742,0.095,0.47483374019075475,0,0,0,0
2026,138821,29.77,0,-0.7471114398392341,0,Classical (all features),-0.46771159248858696,-1.2564754387100483,-2.132430326257228,0.035,-0.46771159248858696,0,0,0,0
2026,159800,37.87,0,0.2001822964848594,0,Classical (all features),0.06243105946206218,-0.9436382327030985,-1.7147849166064486,0.01,0.06243105946206218,0,0,0,0
2026,166431,60.0,0,-1.0900501354720329,0,Classical (all features),-1.0698584722146542,-1.0675223585997926,-1.8492070831045042,0.0,-1.0698584722146542,0,0,0,0
2026,126096,211.55,0,-1.1246329791939607,0,Classical (all features),-0.4999933285751874,-1.0974168435756477,-1.7589443742661035,0.145,-0.4999933285751874,0,0,0,0
2026,221187,1.0,0,-1.1827907776741196,0,Classical (all features),-0.679102930883865,-1.1507512281484602,-1.711972237330896,0.08,-0.679102930883865,0,0,0,0
2026,159089,4.64,0,-0.8446401436713894,0,Classical (all features),-0.13462086970860399,-0.7753309183545705,-1.4494311270302436,0.085,-0.13462086970860399,0,0,0,0
2026,27816,151.0,0,-1.1056020155275728,0,Classical (all features),-0.7976648291507822,-1.0791949106871066,-1.843611357904685,0.015,-0.7976648291507822,0,0,0,0
2026,151855,34.1,0,-0.7710046100664943,0,Classical (all features),0.21431811004357937,-1.3019097207850119,-2.4949354594472823,0.005,0.21431811004357937,0,0,0,0
2026,260192,1.79,0,-1.0406027902487316,0,Classical (all features),-1.1500453221891247,-1.0009258543031854,-1.7893367472341597,0.03,-1.1500453221891247,0,0,0,0
2026,140336,76.82,0,-0.33610292437835665,0,Classical (all features),-0.6622380499098603,-1.0868125067614873,-1.5720312797371525,0.045,-0.6622380499098603,0,0,0,0
2026,76072,8.96,0,-1.0818130590022048,0,Classical (all features),-1.2379958859401523,-0.9933615694699416,-1.5318685413185595,0.01,-1.2379958859401523,0,0,0,0
2026,229730,2.22,1,-0.668548674432517,0,Classical (all features),0.4963735610316803,-0.7193598325301012,-0.9958455956749184,0.075,0.4963735610316803,0,0,0,1
2026,145457,1.0,0,-1.0369700714479828,0,Classical (all features),-0.19597615071305163,-1.0182598297476368,-1.8940488285573198,0.005,-0.19597615071305163,0,0,0,0
2026,57814,99.0,0,-0.7898038211069282,0,Classical (all features),-0.638532462363846,-1.254411361861128,-1.622755019421515,0.02,-0.638532462363846,0,0,0,0
2026,251866,3.9,1,1.0014504725700069,1,Classical (all features),0.7080105332817334,1.2971371194905261,5.857254328105057,1.0,0.7080105332817334,1,1,1,1
2026,219901,220.99,0,-0.890706859342897,0,Classical (all features),-0.3239535469880126,-0.7916115334444072,-1.2948527366188114,0.06,-0.3239535469880126,0,0,0,0
2026,45732,1.0,1,0.6766639150348326,1,Classical (all features),0.5313069693632364,0.8766369708043533,4.062434516946269,0.945,0.5313069693632364,1,1,1,1
2026,73708,52.0,0,-0.8956286313655096,0,Classical (all features),-0.5939998904295838,-1.1412801648432855,-1.6751401584748278,0.165,-0.5939998904295838,0,0,0,0
2026,149600,261.22,1,0.5221094574757217,0,Classical (all features),0.5036449332421602,0.7262549838378701,2.86220822337175,0.85,0.5036449332421602,1,0,1,1
2026,204312,55.91,0,-1.0771415210250752,0,Classical (all features),-1.1145569350289064,-1.0810702188626227,-1.7530244895454627,0.0,-1.1145569350289064,0,0,0,0
2026,101049,38.5,0,-1.2150049291965832,0,Classical (all features),-1.1323704283958043,-1.100420034394713,-1.6134867378054056,0.05,-1.1323704283958043,0,0,0,0
2026,6386,105.28,0,-1.0902436046490598,0,Classical (all features),-0.6103631473362834,-1.1963591849839368,-1.9018938091674296,0.0,-0.6103631473362834,0,0,0,0
2026,38000,32.64,0,-1.0128140394954337,0,Classical (all features),-0.3831168127548208,-1.0381349438354712,-1.8239760859540595,0.005,-0.3831168127548208,0,0,0,0
2026,16415,23.36,1,0.9937714814837096,1,Classical (all features),0.5376457890696807,0.43888676551167116,3.2675097934706794,0.66,0.5376457890696807,0,1,0,1
2026,133356,116.0,0,-1.029650282323236,0,Classical (all features),-0.8980864568512399,-1.1254887546552679,-1.584325443417387,0.005,-0.8980864568512399,0,0,0,0
2026,246370,362.1,0,-1.0764633114947282,0,Classical (all features),0.11583606612901715,-1.081699779743057,-1.555217478300379,0.07,0.11583606612901715,0,0,0,0
2026,198860,226.32,0,-0.8448349611418023,0,Classical (all features),-0.25844513817677484,-0.9401981745920363,-1.9218776133363316,0.0,-0.25844513817677484,0,0,0,0
2026,251797,5.47,0,-1.1616238458003614,0,Classical (all features),-0.7388486760964172,-1.1463344193759328,-2.0191190262068677,0.005,-0.7388486760964172,0,0,0,0
2026,89976,39.0,0,-0.8668202090062956,0,Classical (all features),-0.6975875643189078,-1.2860042045931281,-2.237722423178505,0.085,-0.6975875643189078,0,0,0,0
2026,215132,723.21,1,0.7025139791377625,1,Classical (all features),0.5603011669257978,0.5437455973282471,6.566178225388191,0.815,0.5603011669257978,0,1,1,1
2026,94311,15.99,0,-1.155185744414569,0,Classical (all features),-1.0202992469870218,-1.1645029314307993,-1.9917076360836616,0.025,-1.0202992469870218,0,0,0,0
2026,121744,47.47,0,-0.9546717517371314,0,Classical (all features),-0.3801729266011614,-0.8614643515760634,-1.2338289762840828,0.0,-0.3801729266011614,0,0,0,0
2026,162191,2.0,0,-0.8645942917692596,0,Classical (all features),-0.5016729564858837,-0.9593735807094095,-1.7344749810965314,0.02,-0.5016729564858837,0,0,0,0
2026,145315,22.5,0,-0.7827612520894253,0,Classical (all features),0.011629590081771612,-1.1777924298318285,-2.5097259025781247,0.135,0.011629590081771612,0,0,0,0
2026,195996,2.27,0,-0.7037203893922818,0,Classical (all features),-0.405785584542216,-1.0688406230294323,-1.6656475935486883,0.155,-0.405785584542216,0,0,0,0
2026,7233,10.5,0,-0.7594661624670161,0,Classical (all features),-0.4177690190110317,-0.9462144466171831,-1.6469604679484484,0.07,-0.4177690190110317,0,0,0,0
2026,50145,56.0,0,-1.1848100871771172,0,Classical (all features),-0.5739663758261118,-1.0440798057051959,-1.4725358581076606,0.0,-0.5739663758261118,0,0,0,0
2026,102726,1.98,0,-0.9690057254811207,0,Classical (all features),-1.015803215181546,-0.9726870277219193,-1.7068076413807378,0.0,-1.015803215181546,0,0,0,0
2026,184143,1.0,0,-1.1561818003528606,0,Classical (all features),-1.2498417833733997,-1.119550487179333,-1.8568626135048116,0.025,-1.2498417833733997,0,0,0,0
2026,282575,12.0,0,-1.128556010814585,0,Classical (all features),-0.9302264894498422,-1.1150520153061836,-1.7211767617991438,0.015,-0.9302264894498422,0,0,0,0
2026,212922,18.98,0,-0.693760511138069,0,Classical (all features),0.1269132242017143,-1.059124757182769,-1.293409433817284,0.0,0.1269132242017143,0,0,0,0
2026,175117,1.98,0,-0.8722442919265313,0,Classical (all features),-0.9294490067196406,-0.8346364235138803,-1.5606058198415411,0.045,-0.9294490067196406,0,0,0,0
2026,41097,1.0,0,-1.0851053134470154,0,Classical (all features),-0.8779124301662842,-1.1115762454042812,-1.6041359625618479,0.0,-0.8779124301662842,0,0,0,0
2026,282434,58.01,0,-1.009130717647667,0,Classical (all features),-1.1025298108501227,-1.216558734299188,-2.058328557442564,0.02,-1.1025298108501227,0,0,0,0
2026,176996,2.69,0,-1.0618646256912418,0,Classical (all features),-1.2674539291991203,-1.0479674801085594,-1.8173560526052501,0.065,-1.2674539291991203,0,0,0,0
2026,108708,426.4,1,0.8535817991482632,1,Classical (all features),0.9456837618970242,1.348506791950593,6.1765252958125885,0.97,0.9456837618970242,1,1,1,1
2026,42007,0.76,1,0.7985362608217212,1,Classical (all features),0.6380943165446509,1.6011520634802954,8.300623814919556,0.985,0.6380943165446509,1,1,1,1
2026,131984,319.0,0,-1.0572018918954575,0,Classical (all features),-0.5647256852466898,-1.0810289127371733,-1.5801496663523542,0.015,-0.5647256852466898,0,0,0,0
2026,53838,31.9,0,-1.0314297037025968,0,Classical (all features),-0.8773032456398508,-1.024148401287521,-1.5566716828606868,0.075,-0.8773032456398508,0,0,0,0
2026,66914,139.0,0,-1.0563821765810713,0,Classical (all features),-0.6587058723438297,-1.1468957328163227,-1.879296002307579,0.06,-0.6587058723438297,0,0,0,0
2026,160474,32.66,0,-0.9633572061604353,0,Classical (all features),-0.8480614740579322,-1.0841149509417325,-1.9338902988582054,0.015,-0.8480614740579322,0,0,0,0
2026,190094,46.03,0,-0.9280881225085952,0,Classical (all features),-0.7107036237635693,-1.076727917274711,-2.0890713060267916,0.055,-0.7107036237635693,0,0,0,0
2026,150669,188.52,1,0.7470067642242272,1,Classical (all features),0.5359675886279314,1.0039466652948201,19.812222740389647,0.89,0.5359675886279314,1,1,1,1
2026,95415,14.98,0,-1.0337917320601178,0,Classical (all features),-0.8441526029814395,-0.8928652026789905,-1.0558641835386822,0.0,-0.8441526029814395,0,0,0,0
2026,100490,110.85,0,-1.1300048943225747,0,Classical (all features),-0.1641454842492096,-1.1236186864717315,-1.6305038562241378,0.085,-0.1641454842492096,0,0,0,0
2026,12294,11.85,0,-0.8561614276897017,0,Classical (all features),0.0866435351382232,-1.2966939658798131,-2.3022925991651384,0.085,0.0866435351382232,0,0,0,0
2026,50697,38.67,0,-1.06659800598799,0,Classical (all features),-1.0126815815631216,-1.1554108191647048,-2.12613263591997,0.005,-1.0126815815631216,0,0,0,0
2026,77099,5.0,1,0.940266088940179,1,Classical (all features),0.7734910003009109,1.1737742431560214,5.65524520485639,0.95,0.7734910003009109,1,1,1,1
2026,279603,85.52,0,-0.8094968556291703,0,Classical (all features),-0.487343000725346,-0.9841128406734907,-1.5074607540901086,0.065,-0.487343000725346,0,0,0,0
2026,112645,29.99,0,-0.8286111749798825,0,Classical (all features),-0.6842195403645119,-1.0953176991683913,-1.6776788682449437,0.06,-0.6842195403645119,0,0,0,0
2026,204124,22.77,0,-0.9697929682153695,0,Classical (all features),-0.8132824181842817,-0.9429679149253545,-1.7667803541653564,0.04,-0.8132824181842817,0,0,0,0
2026,185642,34.99,0,-0.9879989895444196,0,Classical (all features),-0.5288657741190375,-0.93448069821505,-1.662165584293637,0.025,-0.5288657741190375,0,0,0,0
2026,186573,88.8,0,-1.0451952968262388,0,Classical (all features),-0.8550768664246635,-1.0335581296999552,-1.6749642448741429,0.01,-0.8550768664246635,0,0,0,0
2026,189671,20.0,0,-0.7454107579419113,0,Classical (all features),-0.0007745187798789965,-0.8753906277941863,-1.8669100575301023,0.12,-0.0007745187798789965,0,0,0,0
2026,156909,119.0,0,-0.5338937190185703,0,Classical (all features),-0.023053508823692836,-0.9273406881876827,-2.0949520264965815,0.11,-0.023053508823692836,0,0,0,0
2026,82061,17.99,0,-1.0219688514264407,0,Classical (all features),-0.20967802820249215,-0.9875021333431266,-1.6950975971542332,0.0,-0.20967802820249215,0,0,0,0
2026,50592,136.0,0,-1.0587268963840528,0,Classical (all features),-0.5704559131483953,-1.1717124078067267,-1.9025000659879276,0.05,-0.5704559131483953,0,0,0,0
2026,15539,99.99,1,0.7046160730613871,1,Classical (all features),0.6445625435528363,0.822225833848794,16.425158449714484,0.895,0.6445625435528363,1,1,1,1
2026,120385,5.0,0,-1.2187785175998411,0,Classical (all features),-1.002460857447618,-1.2254111402405647,-1.8737128012445428,0.055,-1.002460857447618,0,0,0,0
2026,82376,246.46,0,-1.108397347673423,0,Classical (all features),-0.42721337593710795,-1.0172267546281764,-1.7059571394335844,0.01,-0.42721337593710795,0,0,0,0
2026,157496,11.27,0,-1.0556123954362113,0,Classical (all features),-0.5135019621624963,-1.165241122533515,-1.9903518361046408,0.0,-0.5135019621624963,0,0,0,0
2026,95030,12.69,0,-0.9534210250468612,0,Classical (all features),-0.6655442885186769,-1.2550028834534532,-1.729343322733254,0.015,-0.6655442885186769,0,0,0,0
2026,743,3.95,0,-1.0963070721858807,0,Classical (all features),-1.027771580798736,-1.1240084183691945,-1.7719251243828855,0.02,-1.027771580798736,0,0,0,0
2026,135718,7.57,1,1.02876791830291,1,Classical (all features),0.6484771828509049,0.5534501242013616,3.4765106183451002,0.96,0.6484771828509049,0,1,1,1
2026,113986,10.5,0,-0.9643949771674324,0,Classical (all features),-0.9028801839416716,-1.2590677077815156,-1.8249276964737406,0.01,-0.9028801839416716,0,0,0,0
2026,15566,99.99,1,0.6911962730828273,1,Classical (all features),0.6872091623892763,0.8446955839967895,16.431532499361253,0.895,0.6872091623892763,1,1,1,1
2026,85632,20.14,0,-1.0895340700874026,0,Classical (all features),-0.7988053279064942,-1.2250547604544184,-1.9922074887514696,0.04,-0.7988053279064942,0,0,0,0
2026,92903,11.99,0,-1.1133547809857105,0,Classical (all features),-0.9792891359134157,-1.083790818305518,-1.738456605258571,0.0,-0.9792891359134157,0,0,0,0
2026,233592,17.75,0,-0.9876968418917186,0,Classical (all features),-0.8451487107484206,-1.0353316016981522,-1.989874994880496,0.005,-0.8451487107484206,0,0,0,0
2026,185007,1.29,0,-1.071373588061523,0,Classical (all features),-1.2426710508928216,-1.0155895197223053,-1.7851262585081886,0.0,-1.2426710508928216,0,0,0,0
2026,118529,10.4,0,-0.815895876117828,0,Classical (all features),-0.8416950759566428,-1.2235880253651925,-1.9102527861209924,0.05,-0.8416950759566428,0,0,0,0
2026,170515,104.0,0,-0.8551961181636222,0,Classical (all features),-0.23639420168177727,-0.8425018172903798,-1.4435498039009778,0.005,-0.23639420168177727,0,0,0,0
2026,264131,16.0,0,-1.0556225532331545,0,Classical (all features),-0.2398724037940939,-1.1161415719851262,-1.6831815375306651,0.065,-0.2398724037940939,0,0,0,0
2026,30930,0.76,0,-1.0960465285565149,0,Classical (all features),-0.9448331429274299,-1.0330190826411871,-1.4893184615798962,0.02,-0.9448331429274299,0,0,0,0
2026,155525,2.12,0,-0.7269163787904128,0,Classical (all features),-0.33611701409466477,-0.9686617373883597,-2.0718448095393516,0.015,-0.33611701409466477,0,0,0,0
2026,139667,13.7,0,-1.0865872642159284,0,Classical (all features),-1.2905164192704877,-1.2396285594277086,-1.9485559211230428,0.015,-1.2905164192704877,0,0,0,0
2026,224744,0.99,0,-1.051347987542092,0,Classical (all features),-1.1795059825403964,-1.0297827566853621,-1.8393895174838932,0.02,-1.1795059825403964,0,0,0,0
2026,131484,58.26,0,-0.8268916459916212,0,Classical (all features),-0.45006806843761393,-1.2775817669951905,-2.177706219864251,0.065,-0.45006806843761393,0,0,0,0
2026,246200,5.0,0,-0.8150063290876685,0,Classical (all features),-0.9480558794406975,-1.262589003099273,-1.8390027310043142,0.045,-0.9480558794406975,0,0,0,0
2026,230927,1.98,0,-0.5162861692159836,0,Classical (all features),0.1489900601570166,-0.6613557008106103,-0.8669013096467363,0.07,0.1489900601570166,0,0,0,0
2026,244337,53.6,0,-0.36590765765226607,0,Classical (all features),0.3355749027967999,-0.8222599072113754,-2.0398428057811415,0.11,0.3355749027967999,0,0,0,0
2026,241446,84.15,0,-1.0947783084099387,0,Classical (all features),-0.9600891916683105,-1.2385381533517383,-2.056149848670236,0.075,-0.9600891916683105,0,0,0,0
2026,41623,23.42,0,-1.1410789627810534,0,Classical (all features),-1.069542822841818,-1.1752017337204572,-1.7539643575556916,0.055,-1.069542822841818,0,0,0,0
2026,187117,112.18,0,0.1254187979635657,0,Classical (all features),0.4038839256757265,-0.5613904604554623,-2.584243682067047,0.215,0.4038839256757265,0,0,0,0
2026,145044,0.99,0,-1.071469395843451,0,Classical (all features),-1.2672212154256624,-1.0448290021722553,-1.83200128656779,0.0,-1.2672212154256624,0,0,0,0
2026,72228,100.0,0,-1.174953959402941,0,Classical (all features),-1.110766725737674,-1.0939260773623927,-1.4333937210643062,0.02,-1.110766725737674,0,0,0,0
2026,18910,19.44,0,-1.135250166142229,0,Classical (all features),-1.1876960316475167,-1.0292023407050002,-1.7840543029210938,0.05,-1.1876960316475167,0,0,0,0
2026,5954,8.95,0,-0.932128997394032,0,Classical (all features),-0.5135218353754376,-1.2014599068638023,-1.638892750357721,0.015,-0.5135218353754376,0,0,0,0
2026,80760,113.92,1,0.9449781805886921,1,Classical (all features),0.7475278684217861,1.4623724070913964,6.028446429999724,0.97,0.7475278684217861,1,1,1,1
2026,268375,39.98,1,0.7752391330919093,1,Classical (all features),0.5929311352755801,0.7746467249311144,5.72856904907125,0.88,0.5929311352755801,1,1,1,1
2026,241254,9.29,1,0.4213141815157475,0,Classical (all features),0.29927422641395796,-0.11593736327792264,1.144438079644837,0.49,0.29927422641395796,0,0,0,0
2026,623,529.0,1,-0.7733283855828862,0,Classical (all features),-0.04166945409287137,-0.8298493443678081,-1.5309854554921691,0.075,-0.04166945409287137,0,0,0,0
2026,30398,9.13,1,0.8014188611476303,1,Classical (all features),0.6347410683634142,1.6592810716629793,10.663847508252735,0.955,0.6347410683634142,1,1,1,1
2026,4680,75.08,0,-1.1196282647140454,0,Classical (all features),-0.2844594138773695,-0.9997318317787993,-1.29294244135825,0.02,-0.2844594138773695,0,0,0,0
2026,149414,8.99,0,-1.0208890316779424,0,Classical (all features),-0.634702962371126,-1.1038999455976508,-1.8446445154506534,0.0,-0.634702962371126,0,0,0,0
2026,215771,15.0,0,-0.9869368935635389,0,Classical (all features),-0.4753579790846407,-0.9937949914661297,-1.8714957727735004,0.02,-0.4753579790846407,0,0,0,0
2026,154454,147.87,1,0.9633093636161867,1,Classical (all features),0.6124596898601913,0.5298008977381367,3.451267734034954,0.685,0.6124596898601913,0,1,0,1
2026,124386,1.0,0,-0.8660950609307193,0,Classical (all features),-0.7449162379164045,-1.1752161209093008,-2.1608550033743157,0.18,-0.7449162379164045,0,0,0,0
2026,16844,0.89,0,-1.0888706994819732,0,Classical (all features),-1.226217875843764,-1.099695803236336,-1.8704285322898668,0.065,-1.226217875843764,0,0,0,0
2026,224723,22.0,0,-1.1525889455840894,0,Classical (all features),-0.9779369832917155,-1.0923531228728762,-1.7674597711231452,0.05,-0.9779369832917155,0,0,0,0
2026,33568,25.48,0,-0.5281398515776964,0,Classical (all features),-0.6316454713523565,-0.570673116167085,-1.1406394733923773,0.22,-0.6316454713523565,0,0,0,0
2026,141944,1.0,0,-1.1245720392355492,0,Classical (all features),-0.6105496220328177,-1.167227253599536,-2.216348469606009,0.01,-0.6105496220328177,0,0,0,0
2026,138078,3.58,0,-0.842809896481678,0,Classical (all features),-0.489717789593628,-0.8252234348761163,-1.4749862489552041,0.18,-0.489717789593628,0,0,0,0
2026,34097,4.46,0,-0.7948021205630603,0,Classical (all features),-1.0032365190927761,-0.7413521317117509,-1.3143728364290168,0.01,-1.0032365190927761,0,0,0,0
2026,214662,120.54,1,0.679361629986579,1,Classical (all features),0.623245377674778,0.8051673911073505,5.859702915868812,0.935,0.623245377674778,1,1,1,1
2026,58811,144.0,0,-0.24560192317912077,0,Classical (all features),0.49979110566506346,-0.911658963978351,-2.873925395924495,0.165,0.49979110566506346,0,0,0,1
2026,217900,17.99,0,-1.085903235202189,0,Classical (all features),-0.8440701625707985,-1.0588709885530565,-1.9472326117803394,0.005,-0.8440701625707985,0,0,0,0
2026,189701,93.35,1,0.7196881915735256,1,Classical (all features),0.5727801292927057,1.1438551076137744,6.1140658425684435,0.85,0.5727801292927057,1,1,1,1
2026,150666,78.0,1,0.7293428191071445,1,Classical (all features),0.5354864442601631,0.9922878137662412,19.684200592689827,0.89,0.5354864442601631,1,1,1,1
2026,116159,196.01,0,-0.888109152646024,0,Classical (all features),-0.8594075788416584,-0.938556407603272,-1.259013099540929,0.115,-0.8594075788416584,0,0,0,0
2026,183491,124.61,0,-1.1798470207959766,0,Classical (all features),-0.7868985473922938,-1.1035913065190588,-1.5841440074652384,0.04,-0.7868985473922938,0,0,0,0
2026,81186,45.64,1,0.817502643450772,1,Classical (all features),0.6076325444235586,1.2962577827227608,6.410975377178488,0.995,0.6076325444235586,1,1,1,1
2026,250679,47.99,0,-1.2223752573863775,0,Classical (all features),-1.0845927098398944,-1.1217464624738933,-1.6709259329236503,0.015,-1.0845927098398944,0,0,0,0
2026,176270,59.99,0,-1.1860677288915138,0,Classical (all features),-0.661693502060946,-1.1844481611220983,-1.9807224804074008,0.03,-0.661693502060946,0,0,0,0
2026,77101,71.22,0,-1.1124333803252826,0,Classical (all features),-1.019810823609694,-1.1354179243039741,-1.9119701953038384,0.04,-1.019810823609694,0,0,0,0
2026,263105,4.95,0,-1.1002858471098764,0,Classical (all features),-1.0153105802401918,-1.1087192645102852,-1.7703319091553318,0.0,-1.0153105802401918,0,0,0,0
2026,150662,316.06,1,0.7331981805992468,1,Classical (all features),0.5261615809643585,1.0838667735060887,19.548919228896267,0.985,0.5261615809643585,1,1,1,1
2026,259419,158.95,0,-0.8486536259972141,0,Classical (all features),-0.30859526528645587,-1.2112125396384692,-2.177639599829479,0.075,-0.30859526528645587,0,0,0,0
2026,88525,14.48,0,-0.7216540935312447,0,Classical (all features),-0.47558948907270415,-0.8818095947697724,-1.8377111185139314,0.135,-0.47558948907270415,0,0,0,0
2026,58572,0.92,0,-0.4501187264786427,0,Classical (all features),0.3814197083222123,-1.1765470232860606,-2.2786833544816565,0.175,0.3814197083222123,0,0,0,0
2026,103089,9.18,0,-0.9847475662364785,0,Classical (all features),-0.7334296706901908,-0.8954718980439189,-1.4800923691748187,0.015,-0.7334296706901908,0,0,0,0
2026,252921,0.89,0,-0.9815839117021327,0,Classical (all features),-1.1687105603622772,-0.9629270938608154,-1.7127097016179738,0.005,-1.1687105603622772,0,0,0,0
2026,21077,1.29,0,-1.066752324185185,0,Classical (all features),-1.1847645120574013,-1.0648719239730855,-1.8226309099008067,0.01,-1.1847645120574013,0,0,0,0
2026,36360,39.95,0,-1.065248339947321,0,Classical (all features),-1.15568675441813,-0.944179458695277,-1.4712348087334768,0.115,-1.15568675441813,0,0,0,0
2026,210694,1.98,0,-1.1108920175258863,0,Classical (all features),-1.19351685043935,-1.0719108817807743,-1.740346771426509,0.005,-1.19351685043935,0,0,0,0
2026,78451,9.99,0,-1.1264923357602248,0,Classical (all features),-1.1687507537428359,-1.0077748540310716,-1.5415100099734689,0.085,-1.1687507537428359,0,0,0,0
2026,12072,11.85,0,-1.049982935518074,0,Classical (all features),-0.10173196648080485,-1.1965325474669402,-2.3907071792754597,0.005,-0.10173196648080485,0,0,0,0
2026,122701,260.15,0,-1.1445688822407485,0,Classical (all features),-1.3667455843342613,-0.9990927522097772,-1.5559162159060262,0.005,-1.3667455843342613,0,0,0,0
2026,42700,30.26,1,0.7288482388136567,1,Classical (all features),0.553704887648517,1.1203196559858342,19.39423963775357,0.985,0.553704887648517,1,1,1,1
2026,26653,400.0,0,-0.8027531301621683,0,Classical (all features),-0.6814155187024522,-0.8344012553217852,-1.6474737890873523,0.025,-0.6814155187024522,0,0,0,0
2026,47802,88.0,1,0.8211157908657175,1,Classical (all features),0.6236840710263558,1.3231278081708866,6.161932789346874,0.99,0.6236840710263558,1,1,1,1
2026,128094,1.0,0,-1.0422024697623375,0,Classical (all features),-0.28721026372525893,-1.0233289967099177,-1.634970146038186,0.005,-0.28721026372525893,0,0,0,0
2026,102444,1.0,1,0.7768085593692184,1,Classical (all features),0.5051201099368456,0.4703629896747895,9.85363234694337,0.875,0.5051201099368456,0,1,1,1
2026,280108,9.99,0,-0.9699975067309926,0,Classical (all features),-0.03805088849688498,-1.024624816143771,-1.768448330755137,0.05,-0.03805088849688498,0,0,0,0
2026,120102,104.9,0,-1.0738020249093876,0,Classical (all features),-0.3050054229233762,-1.140633147131784,-1.6986879730387623,0.075,-0.3050054229233762,0,0,0,0
2026,215300,29.0,0,-0.8928938721795244,0,Classical (all features),-0.15364598683118857,-1.2023204109292431,-2.20478828135918,0.015,-0.15364598683118857,0,0,0,0
2026,211749,289.0,0,-1.0513142608268984,0,Classical (all features),-0.838154657082506,-0.9460343974626331,-1.5922265003812792,0.005,-0.838154657082506,0,0,0,0
2026,277791,8.99,0,-1.0611600395184704,0,Classical (all features),-1.2494539109326468,-0.9934295843393095,-1.69167751623527,0.065,-1.2494539109326468,0,0,0,0
2026,67978,1248.0,0,0.5518477384800067,0,Classical (all features),0.20772087645564657,0.1630464681505801,-0.6419710930880036,0.225,0.20772087645564657,0,0,0,0
2026,102445,1.0,1,0.7768085593692184,1,Classical (all features),0.5051201099368456,0.4703629896747895,9.85363234694337,0.875,0.5051201099368456,0,1,1,1
2026,46016,35.57,0,-1.1608561992461075,0,Classical (all features),-0.7288302325585225,-1.1705183424301941,-1.878924132042366,0.025,-0.7288302325585225,0,0,0,0
2026,261645,7.72,0,-1.0063906491463546,0,Classical (all features),-0.29665430711831897,-1.1886010366557413,-1.8960590727870301,0.13,-0.29665430711831897,0,0,0,0
2026,205156,79.98,0,-1.219672908154434,0,Classical (all features),-1.1232319969546811,-1.1987915726425125,-1.7999181259556976,0.0,-1.1232319969546811,0,0,0,0
2026,223669,0.77,0,-0.6723740357943012,0,Classical (all features),-0.41193557126867875,-1.2485509341535603,-1.9184025544831345,0.045,-0.41193557126867875,0,0,0,0
2026,263274,0.77,1,0.7471000022106369,1,Classical (all features),0.5660189216420523,1.6284145275903406,7.642890721555917,0.97,0.5660189216420523,1,1,1,1
2026,125251,152.13,0,0.24378515379607302,0,Classical (all features),0.40822352581203136,-0.6851181042753287,-1.8532958252135687,0.375,0.40822352581203136,0,0,0,0
2026,130977,1.0,0,-1.1660306841360133,0,Classical (all features),-0.7368736325993936,-1.0601757795310918,-1.897253854734478,0.015,-0.7368736325993936,0,0,0,0
2026,93486,0.0,1,-0.8057350753622924,0,Classical (all features),-0.1610686522486786,-0.8080686431523618,-1.2463162388773805,0.03,-0.1610686522486786,0,0,0,0
2026,66144,12.52,0,-0.909196125666815,0,Classical (all features),-0.8642916765190836,-1.1945940786832017,-2.028941716401236,0.15,-0.8642916765190836,0,0,0,0
2026,141257,0.0,1,0.7733320649221762,1,Classical (all features),0.5811781533235396,1.5510981413282448,11.638300894305255,0.955,0.5811781533235396,1,1,1,1
2026,51355,42.8,0,-1.0546009417820503,0,Classical (all features),-0.38356640267871245,-1.0984243149355686,-1.7836739333883975,0.005,-0.38356640267871245,0,0,0,0
2026,256303,47.0,0,-1.1664708506656774,0,Classical (all features),-0.8730093001728414,-1.0073815901238121,-1.473151947140967,0.005,-0.8730093001728414,0,0,0,0
2026,220584,1.0,0,-0.372213898796837,0,Classical (all features),-0.5557620392177454,-1.0332543150649085,-2.2947141470785746,0.135,-0.5557620392177454,0,0,0,0
2026,61444,1.0,0,-1.1700774238817933,0,Classical (all features),-0.7632972447985378,-1.2121435576422046,-1.9824124491626343,0.015,-0.7632972447985378,0,0,0,0
2026,10737,283.5,0,-1.0575411539491828,0,Classical (all features),-0.6855639395913482,-1.2093987779717734,-1.8487247480468354,0.02,-0.6855639395913482,0,0,0,0
2026,208688,776.8,0,0.17418012054297383,0,Classical (all features),0.17515924573500902,-0.5923169391203151,-0.735453818321775,0.06,0.17515924573500902,0,0,0,0
2026,253069,7.53,0,-1.112659835060287,0,Classical (all features),-0.20807393330479318,-1.0340206952654265,-1.5993488118789918,0.05,-0.20807393330479318,0,0,0,0
2026,269386,22.92,0,-0.9733904824093459,0,Classical (all features),-0.7202406509805717,-0.8899142167362677,-1.357304028500316,0.015,-0.7202406509805717,0,0,0,0
2026,15810,99.99,1,0.7199577468700197,1,Classical (all features),0.8914040197255533,0.9509090684797286,16.457076445531538,0.92,0.8914040197255533,1,1,1,1
2026,4342,82.91,0,-0.913842936215899,0,Classical (all features),-0.43643115040921343,-1.11286112337969,-1.686284594756605,0.025,-0.43643115040921343,0,0,0,0
2026,147069,52.66,0,-0.9587079905923138,0,Classical (all features),-0.6673789239871883,-1.0934361722442953,-2.06991857925399,0.005,-0.6673789239871883,0,0,0,0
2026,64125,200.0,0,-1.0969936912774343,0,Classical (all features),-0.8538102886171,-1.0515276369914153,-1.4029721549062475,0.0,-0.8538102886171,0,0,0,0
2026,31403,217.46,0,-0.8978166457042615,0,Classical (all features),-0.22229872235211756,-0.928871386551692,-1.5528456588078365,0.055,-0.22229872235211756,0,0,0,0
2026,155640,2.12,0,-1.0390730795779715,0,Classical (all features),-0.5229809563408032,-1.1547107895994597,-2.0199985032239853,0.025,-0.5229809563408032,0,0,0,0
2026,80942,29.0,0,-1.071882734739968,0,Classical (all features),-0.5805836524922199,-0.9815168417630522,-1.3030012906543607,0.0,-0.5805836524922199,0,0,0,0
2026,141258,0.0,1,0.7733320649221762,1,Classical (all features),0.5811781533235396,1.5510981413282448,11.638300894305255,0.955,0.5811781533235396,1,1,1,1
2026,116139,76.94,1,1.0034679720286674,1,Classical (all features),0.7995857359381967,0.7357511524373035,3.6209663477117444,1.0,0.7995857359381967,1,1,1,1
2026,245564,35.29,0,-0.9730985159545485,0,Classical (all features),-0.013918552354198366,-0.9882294767384765,-1.4620714069643004,0.02,-0.013918552354198366,0,0,0,0
2026,105041,1.98,0,-0.9982728590415996,0,Classical (all features),-1.0168134299780738,-0.958430740725996,-1.699357643257857,0.0,-1.0168134299780738,0,0,0,0
2026,50211,1.0,1,0.9163593341089216,1,Classical (all features),0.7928831421023992,1.5399182682850128,8.445049625329963,0.995,0.7928831421023992,1,1,1,1
2026,266454,80.0,0,-1.0479836368566975,0,Classical (all features),-1.0785379962165833,-1.0063734149934473,-1.7514981792662039,0.03,-1.0785379962165833,0,0,0,0
2026,2101,1.29,0,-0.9806819614295171,0,Classical (all features),-0.8195506068025071,-1.230367939496128,-2.0311093652683736,0.02,-0.8195506068025071,0,0,0,0
2026,174604,3.59,0,-0.8664388335928356,0,Classical (all features),-0.7834509896810753,-0.8193199255471113,-1.6238266065546065,0.0,-0.7834509896810753,0,0,0,0
2026,219618,64.2,0,-0.9535814953525009,0,Classical (all features),-0.7815004600898059,-1.3174434553793903,-2.139903438781154,0.0,-0.7815004600898059,0,0,0,0
2026,42466,123.65,0,-0.8993517651402935,0,Classical (all features),-0.25426576409327206,-1.0127766763534485,-1.7367392671622435,0.13,-0.25426576409327206,0,0,0,0
2026,129237,3.6,0,-1.1217744402344372,0,Classical (all features),-0.6232333170557018,-1.0791431759300518,-1.7285035506088562,0.07,-0.6232333170557018,0,0,0,0
2026,163353,28.82,0,-0.8553444434296532,0,Classical (all features),-0.6272334911351187,-1.2567574836930322,-1.898599015369799,0.28,-0.6272334911351187,0,0,0,0
2026,103989,282.27,0,-0.43369537045027984,0,Classical (all features),-0.2053340684954984,-0.653312020451879,-1.3114850351474903,0.03,-0.2053340684954984,0,0,0,0
2026,52315,305.9,0,-1.0472316865908877,0,Classical (all features),-1.0092320476496743,-1.0583289871689285,-1.5527231018166927,0.045,-1.0092320476496743,0,0,0,0
2026,245477,1.0,0,-1.0477896262273778,0,Classical (all features),-1.0432086670890037,-1.1221398862252219,-1.8383968671121564,0.005,-1.0432086670890037,0,0,0,0
31415,129397,86.9,0,-1.1673075624960008,0,Random forest,0.005,-1.2621872068263,-1.2789662597042568,0.005,-0.017273673363787156,0,0,0,0
31415,19573,20.98,0,-0.6138092434116307,0,Random forest,0.0,-1.193406454430387,-3.1235835525898032,0.0,0.17906227035437544,0,0,0,0
31415,243699,1.0,1,-0.3849101048655952,1,Random forest,0.745,0.7524717458528569,13.364396215735004,0.745,0.5025283396495895,1,1,1,1
31415,158529,57.8,0,-0.983493701572554,0,Random forest,0.13,-0.526552647980761,-0.2803863471848228,0.13,0.37267949735437006,0,0,0,1
31415,246287,164.87,0,-0.9907765480165119,0,Random forest,0.01,-1.260161852922969,-2.9306262107738714,0.01,-0.4971354795158375,0,0,0,0
31415,130191,1.0,0,-1.0721233427584225,0,Random forest,0.07,-0.8210228456347373,-6.98949493082937,0.07,0.2607166043914793,0,0,0,0
31415,150678,30.31,1,-0.12430256421967384,1,Random forest,0.89,0.7069786603744113,50.70867087035017,0.89,0.5033967718546627,1,1,1,1
31415,256750,27.56,0,-1.796982522278249,0,Random forest,0.02,-1.0400195912613328,-1.9930685537280928,0.02,-0.4200391655537422,0,0,0,0
31415,88897,1.1,1,-0.25784517269782076,1,Random forest,0.84,1.3711689020625635,16.866547004860166,0.84,0.5063525629478053,1,1,1,1
31415,25245,7.95,0,-1.106738277492843,0,Random forest,0.0,-1.2815208237876217,-1.9520400530451558,0.0,-1.1258158202961193,0,0,0,0
31415,79111,799.0,0,-0.7734734999245525,0,Random forest,0.035,-0.575262820204776,-4.902999130874044,0.035,0.3618538662041047,0,0,0,1
31415,263877,0.38,1,-0.24742272621968348,1,Random forest,0.905,1.1371822880532205,13.260024682757365,0.905,0.5653608920551885,1,1,1,1
31415,224910,38.0,0,-0.6008402426745316,0,Random forest,0.06,-0.39378041037799494,-3.4604930484585634,0.06,0.12325425281349317,0,0,0,0
31415,114162,12.98,0,-1.043168617174905,0,Random forest,0.005,-1.1967925794142347,-3.3756982099608734,0.005,0.07656782334232443,0,0,0,0
31415,39913,12.39,0,-0.8822556154738678,0,Random forest,0.025,-0.7992230479056888,-3.3522658731686086,0.025,-0.14715145830472443,0,0,0,0
31415,213116,8.3,1,-0.10512186361690978,1,Random forest,0.91,1.0016650274946233,5.005827605457802,0.91,0.5059295020072281,1,0,1,1
31415,279007,18.57,0,-0.42087703895075707,1,Random forest,0.095,-0.5853092277716831,-0.32654415686530114,0.095,-0.054235083395379635,0,0,0,0
31415,25231,7.95,0,-1.5416634577274615,0,Random forest,0.0,-1.153155208229507,-1.9340678002788758,0.0,-0.8463325197564556,0,0,0,0
31415,99010,33.35,0,-0.44919048598869904,1,Random forest,0.04,-0.9833489786750802,-1.699930980063527,0.04,-0.7841836748567018,0,0,0,0
31415,262733,60.97,0,-1.0740159408377714,0,Random forest,0.03,-1.226244631847027,-2.730699368322132,0.03,0.05127891863408185,0,0,0,0
31415,135718,7.57,1,-0.4314879338232938,1,Random forest,0.885,0.20111991029068216,4.906853649752242,0.885,0.5818200052946216,0,0,1,1
31415,257905,96.0,0,-1.3600012642222725,0,Random forest,0.0,-1.2760649567246176,-1.670984478944971,0.0,-0.7067349835472571,0,0,0,0
31415,12186,0.76,0,-0.7156260310585956,0,Random forest,0.075,-0.8778456910106116,-0.23162825637620665,0.075,-0.12725954770034975,0,0,0,0
31415,30122,316.0,0,-1.0777777076685235,0,Random forest,0.0,-1.201137141195279,-2.8653939016788597,0.0,-0.5698467234061925,0,0,0,0
31415,169180,93.75,0,-0.9443000236133124,0,Random forest,0.0,-1.0572522457229812,-2.6635367481247454,0.0,0.12619262772023287,0,0,0,0
31415,18773,0.68,1,-0.3755300249673353,1,Random forest,0.94,1.1938273453652717,4.9401956581350195,0.94,0.6584699619980859,1,0,1,1
31415,218174,31.23,0,-1.2710265286700457,0,Random forest,0.02,-1.0475234054152909,-2.112950773907172,0.02,-0.932008531592759,0,0,0,0
31415,232831,0.89,0,-0.8549442563515983,0,Random forest,0.07,0.16601966027339576,-11.664071365578394,0.07,0.4643669486205005,0,0,0,1
31415,39973,1656.24,0,-0.39224622387160407,1,Random forest,0.54,0.6095390067427844,-5.836759100021967,0.54,0.5020675796555164,0,0,1,1
31415,83290,11.41,0,-1.0313876769849868,0,Random forest,0.03,-1.0970110940620654,-1.9873984039441281,0.03,-0.500199439984966,0,0,0,0
31415,273121,9.58,0,-0.6646643056198871,0,Random forest,0.195,-0.532251824485876,-1.9548960809606781,0.195,0.19046030488987514,0,0,0,0
31415,105063,3.99,0,-1.2189048942136138,0,Random forest,0.005,-1.1037468379082616,-3.707706550119794,0.005,-0.5024231058301515,0,0,0,0
31415,275234,158.0,0,-1.2247234209451299,0,Random forest,0.01,-1.111414484231107,-2.4121247438555744,0.01,-0.342885205764595,0,0,0,0
31415,623,529.0,1,-0.6306770494519474,0,Random forest,0.12,-0.10353593796901439,-7.6299570208341585,0.12,0.4808441361527693,0,0,0,1
31415,1801,3.23,0,-1.091682173918033,0,Random forest,0.005,-1.3639833485896606,-2.3244744335259413,0.005,-1.3355710572081159,0,0,0,0
31415,161125,275.19,0,-0.8882864616703835,0,Random forest,0.02,-1.251697144346977,-3.9213502478629665,0.02,-0.5913620359632966,0,0,0,0
31415,203700,0.0,1,-0.5252612006482841,0,Random forest,0.965,0.948003703386325,4.761991011743404,0.965,0.7004366179786197,1,0,1,1
31415,216945,1.0,0,-1.152715116119386,0,Random forest,0.01,-0.9126895713887977,-2.1443237027709503,0.01,-0.21563450121387617,0,0,0,0
31415,190632,340.0,0,-0.27116805268604305,1,Random forest,0.36,-0.25254989784013926,1.0471431457691591,0.36,0.4989239273324818,0,0,0,1
31415,145934,342.98,0,-0.6237469993589146,0,Random forest,0.035,-0.013432666653579894,-6.19003144417874,0.035,0.498714978979441,0,0,0,1
31415,617,1.48,0,-1.4565380697398091,0,Random forest,0.005,-1.152879289786731,-1.8954937059671466,0.005,-0.8487810978433276,0,0,0,0
31415,238687,47.11,0,-0.973263372193232,0,Random forest,0.045,-1.273003911873185,-2.4811748035205863,0.045,-0.5035214681690253,0,0,0,0
31415,192794,17.98,0,-0.403044510349098,1,Random forest,0.095,-0.31499771445846336,-0.439548182995519,0.095,0.23614871243328867,0,0,0,0
31415,30496,111.7,1,-0.3545747339529935,1,Random forest,0.86,1.373584781801528,20.634206949285375,0.86,0.5292473612961611,1,1,1,1
31415,196527,282.0,0,-1.0378586249945574,0,Random forest,0.025,-1.2542784514291445,-2.8543171434476577,0.025,-0.14058276785298984,0,0,0,0
31415,167427,436.69,0,-0.6316012624448686,0,Random forest,0.055,-1.0159024929701534,-3.3390665177893233,0.055,0.10494660150985657,0,0,0,0
31415,113689,119.0,0,-0.9800264559745161,0,Random forest,0.0,-1.3199575132597026,-1.5421655568283832,0.0,-0.5317876922641142,0,0,0,0
31415,278178,11.99,0,-0.5863256309027727,0,Random forest,0.295,0.09752239938910168,1.3187103909830924,0.295,0.5081060502503172,0,0,0,1
31415,225655,15.0,0,-1.0074831925248295,0,Random forest,0.0,-1.1598835296644543,-1.694132423448175,0.0,-0.7768699614285194,0,0,0,0
31415,169909,2.58,0,-1.3338402825489455,0,Random forest,0.035,-1.0140783856932247,-0.7844153261275406,0.035,-0.8176672373610264,0,0,0,0
31415,229843,10.02,0,-1.27534769919205,0,Random forest,0.04,-1.1559859844792462,-3.0788551243752336,0.04,-0.7488261364411569,0,0,0,0
31415,204109,3.98,0,-1.0441301913641063,0,Random forest,0.005,-1.0021514044321516,-4.845945752163482,0.005,0.10582772133312374,0,0,0,0
31415,207928,0.89,0,-1.0829515965456333,0,Random forest,0.035,-1.0653088133300452,-1.0613355044680994,0.035,-1.0790222479414888,0,0,0,0
31415,4442,54.43,0,-1.69792724964983,0,Random forest,0.01,-1.0898600239973322,-1.1118097677542413,0.01,-0.6030005516133611,0,0,0,0
31415,177935,199.0,0,-0.8234540342514032,0,Random forest,0.015,-0.9420566671166282,-2.82866820943748,0.015,0.3288522860383665,0,0,0,0
31415,149145,6.99,1,-0.5627921579631114,0,Random forest,0.62,0.5804180630454674,-8.087604209479483,0.62,0.5020675717678956,0,0,1,1
31415,98392,31.15,0,-1.1348406484024278,0,Random forest,0.015,-1.0127485137904846,-1.148653707607464,0.015,-0.6388641021356075,0,0,0,0
31415,150372,50.0,0,-1.0961761512566883,0,Random forest,0.15,-0.8303447306748377,-0.5850126042770546,0.15,0.1801119726091127,0,0,0,0
31415,276067,13.48,0,-0.6725522274928902,0,Random forest,0.205,-0.6597345686111409,1.1056228033005446,0.205,-0.5031250815220899,0,0,0,0
31415,271362,47.3,0,-0.6088934066316467,0,Random forest,0.075,-0.37282422721742015,-2.0936884662492004,0.075,0.027602344470688656,0,0,0,0
31415,245347,2.47,1,-0.9443409317002791,0,Random forest,0.035,-0.8827694383504161,0.35204586772804236,0.035,0.16026506083703573,0,0,0,0
31415,23365,822.16,0,-0.7005437325525729,0,Random forest,0.17,-0.3886786480799058,-4.903931992023316,0.17,0.3586430934294829,0,0,0,1
31415,42609,83.38,1,-0.2367856281025211,1,Random forest,0.795,1.148189927943188,29.788736143773342,0.795,0.54284438375187,1,1,1,1
31415,216701,5.38,0,-0.8009948339239015,0,Random forest,0.08,-0.42108442471331387,-2.399093646577709,0.08,0.21291185854751116,0,0,0,0
31415,121701,3.99,0,-0.5616856395277814,0,Random forest,0.01,0.38431667341819076,-8.148198612031225,0.01,0.4992289926233948,0,0,0,1
31415,213949,1.14,0,-0.23983053251654068,1,Random forest,0.57,0.6095214140653782,-14.852124071714229,0.57,0.5020675796555164,0,0,1,1
31415,137792,26.05,0,-1.1632763104109047,0,Random forest,0.015,-1.3131990604031376,-2.8762831350341047,0.015,0.05358395494732737,0,0,0,0
31415,126348,1.0,0,-1.1182454113279912,0,Random forest,0.0,-0.982083560697065,-4.548961223567725,0.0,-0.14305589902184834,0,0,0,0
31415,31688,45.0,0,-0.6512386762931501,0,Random forest,0.09,-0.8072137304585216,-0.031158756953641675,0.09,0.36671795780745914,0,0,0,1
31415,191284,22.0,0,-0.9588316478459806,0,Random forest,0.005,-1.0031451104656537,-2.670918837319895,0.005,0.08440836423372161,0,0,0,0
31415,48094,24.9,1,-0.20085596539130612,1,Random forest,0.89,0.5139604843555288,3.4912284736732264,0.89,0.6253047466833794,0,0,1,1
31415,276926,28.0,0,-0.9780259494662231,0,Random forest,0.25,-0.6984514667986295,1.9489300375446383,0.25,0.31868372433801506,0,0,0,0
31415,223618,1.0,1,-0.0446610771009347,1,Random forest,0.9,1.0400566335872214,12.247434680955486,0.9,0.5841465676789575,1,1,1,1
31415,44890,26.99,0,-1.1661793499647293,0,Random forest,0.22,-0.8793355121004198,0.4430029683963935,0.22,-0.09552892933988677,0,0,0,0
31415,43061,34.12,1,-0.26283588607402386,1,Random forest,0.955,0.9166954830521569,46.10420094634516,0.955,0.5047649277325424,1,1,1,1
31415,119631,2.69,0,-1.2477593065395363,0,Random forest,0.03,-1.032216751567055,-2.5563431314286564,0.03,-0.8750443328811036,0,0,0,0
31415,166730,54.65,0,-0.7057686102923538,0,Random forest,0.565,0.19728680959540273,0.7441663168585172,0.565,0.48850438995945794,0,0,1,1
31415,182619,19.66,0,-1.053813828062145,0,Random forest,0.0,-1.2808552023876256,-1.2740675182530639,0.0,-0.82573283782009,0,0,0,0
31415,214138,14.0,0,-1.0014227212045945,0,Random forest,0.495,-0.8082780395712779,1.8348492362587474,0.495,0.35707990726852834,0,0,1,1
31415,135390,51.24,0,-1.3764111994536603,0,Random forest,0.04,-1.0985015191905012,-1.6294347852520663,0.04,-0.5167020400878996,0,0,0,0
31415,170378,370.44,0,-1.1622274809417392,0,Random forest,0.12,-0.7344160580418599,-3.85769058471408,0.12,0.43626163197277174,0,0,0,1
31415,251883,10.0,0,-0.48288573106921384,1,Random forest,0.0,-0.9484973005246498,-1.0663187886882035,0.0,-0.07928873537263847,0,0,0,0
31415,259771,42.35,0,-1.6079970385764373,0,Random forest,0.01,-1.199769680927852,-2.6674658883671207,0.01,-1.0102803030778995,0,0,0,0
31415,93436,34.03,0,-1.5570558735787228,0,Random forest,0.01,-1.0951317991467382,-2.047171725828059,0.01,-0.9677534440191854,0,0,0,0
31415,73500,39.9,0,-1.3462063977660188,0,Random forest,0.0,-1.1749468728835375,-2.819187922358196,0.0,-0.7077400626167917,0,0,0,0
31415,15566,99.99,1,-0.14242126111863335,1,Random forest,0.795,0.6190723036095885,39.5883881134035,0.795,0.5020675796557144,1,1,1,1
31415,96509,70.99,0,-1.3965611564756681,0,Random forest,0.0,-1.1964444776206995,-2.0119195171137667,0.0,-0.5458767868270277,0,0,0,0
31415,254344,187.11,1,-1.023997794786002,0,Random forest,0.04,-0.8947539222443068,-2.418705957570218,0.04,-0.5462360306652977,0,0,0,0
31415,172463,79.55,0,-1.0088322873659807,0,Random forest,0.005,-1.1538431637599182,-1.0899367430828923,0.005,-0.06609841023432572,0,0,0,0
31415,157497,2.21,0,0.08611335497853478,1,Random forest,0.65,-0.5764347826116292,0.24352449307516666,0.65,0.5052340387413804,0,0,1,1
31415,29773,511.61,0,-0.6887549514281945,0,Random forest,0.455,-0.23119014316847952,-2.2093613142210917,0.455,0.3642331431444482,0,0,0,1
31415,13099,6.79,0,-0.7904079909839405,0,Random forest,0.565,-0.5949008510703546,-1.316875596663706,0.565,0.41043156811443543,0,0,1,1
31415,19210,1.98,0,-1.2696378125470194,0,Random forest,0.055,-1.0731729594431625,-2.5840402789363104,0.055,-0.8001295740209032,0,0,0,0
31415,109748,38.03,0,-1.050462223595932,0,Random forest,0.0,-0.8896867762754981,-2.6063009248413054,0.0,-0.5907242892424894,0,0,0,0
31415,45516,5.0,0,-0.9722984622934332,0,Random forest,0.03,-1.0734870805851298,-3.161845673371917,0.03,-0.5075509461261966,0,0,0,0
31415,70470,552.89,0,-0.4856815301867245,1,Random forest,0.065,-0.21630704528799427,-7.410457004223699,0.065,0.486260954088014,0,0,0,1
31415,169590,17.69,0,-1.2724049650951827,0,Random forest,0.03,-1.0459654514220216,-1.5119165513894512,0.03,-0.8627758123023469,0,0,0,0
31415,175067,0.0,0,-1.0468254955583713,0,Random forest,0.0,-1.1287054475789995,-1.3359578052621135,0.0,-0.09240638173121962,0,0,0,0
31415,92777,294.9,1,-0.2761502511728461,1,Random forest,0.78,0.9997081999027123,16.74289528950715,0.78,0.5039288179782304,1,1,1,1
31415,64849,804.43,0,-0.6066355689103355,0,Random forest,0.065,-0.39138069463606096,-4.770392426747605,0.065,0.36689839678043656,0,0,0,1
31415,87260,1.18,0,-0.9093860777697317,0,Random forest,0.065,-0.9993305232553105,-2.6801336509376883,0.065,-0.020089356398552582,0,0,0,0
31415,153265,4.92,0,-0.7770853606048463,0,Random forest,0.05,-0.3380013870180848,-2.119888272247185,0.05,0.4082128345578305,0,0,0,1
31415,223050,31.26,0,-0.7383253464083126,0,Random forest,0.08,-0.5049760875194016,0.8632786846597279,0.08,0.13889703524175429,0,0,0,0
31415,173448,40.0,0,-1.1944208582532114,0,Random forest,0.0,-1.1816331281911605,-1.1103413558687412,0.0,0.033800852706568074,0,0,0,0
31415,60985,1.98,0,-1.3175220227647926,0,Random forest,0.035,-1.1057316541049387,-2.6335703637411094,0.035,-1.0865110458248548,0,0,0,0
31415,180572,220.82,0,-0.9297377229695302,0,Random forest,0.015,-1.0902530776649408,-3.7858011365917332,0.015,-0.24843340429580196,0,0,0,0
31415,105797,20.0,0,-1.4092941533204355,0,Random forest,0.0,-1.0574560359661356,-1.7238427085502184,0.0,-1.0570192104145368,0,0,0,0
31415,178164,150.0,0,-1.1820416462625531,0,Random forest,0.0,-1.4537122521059496,-2.76641341206596,0.0,-1.1126561783159796,0,0,0,0
31415,195952,10.0,0,-0.5715732582772592,0,Random forest,0.255,-0.19459599103302772,-0.810547780502317,0.255,0.2902742850737971,0,0,0,0
31415,72638,1500.0,0,-0.45964631384809307,1,Random forest,0.055,0.3432094340427164,-8.404547777294168,0.055,0.49628900221893146,0,0,0,1
31415,90119,4.45,0,-1.3099270323209966,0,Random forest,0.01,-1.1196774715749527,-2.692088906478298,0.01,-0.837073085751309,0,0,0,0
31415,11841,1.0,1,-0.23208330340405325,1,Random forest,0.785,0.8987013679614502,32.65236685592186,0.785,0.5020675845031229,1,1,1,1
31415,182008,9.0,0,-0.7701791619651821,0,Random forest,0.19,-1.2486152743118888,-1.119458769452356,0.19,-0.4843533945139159,0,0,0,0
31415,130264,1.0,0,-1.1736894364655224,0,Random forest,0.01,-0.9002251443332863,-5.167116596949411,0.01,-0.2643929238890783,0,0,0,0
31415,8615,1.0,1,-0.35786233323174377,1,Random forest,0.925,0.7771631221354858,25.415187523456893,0.925,0.5035628759442652,1,1,1,1
31415,42756,0.0,1,-0.2550240166372984,1,Random forest,0.665,0.9542054200579797,38.679836909953394,0.665,0.5107412553622499,1,1,1,1
31415,154720,119.74,1,-0.1647365053779584,1,Random forest,0.94,1.0928040459828776,24.972426123151415,0.94,0.506849211517862,1,1,1,1
31415,67168,40.0,0,-0.8642880165539161,0,Random forest,0.265,-0.67883163308879,-2.8175377821125647,0.265,-0.16497118578667924,0,0,0,0
31415,241254,9.29,1,-0.45828809472690274,1,Random forest,0.355,-0.0338958842756415,1.0535805289667848,0.355,0.45138623095392594,0,0,0,1
31415,56358,0.77,0,-1.2508331176943104,0,Random forest,0.005,-1.1209376205783974,-1.487327511396489,0.005,-0.9126353031626638,0,0,0,0
31415,6908,75.0,0,-0.8456523983505313,0,Random forest,0.13,0.5731527905489604,-13.554951688873915,0.13,0.5019318766324896,0,0,0,1
31415,249686,103.06,0,-1.1842434960103125,0,Random forest,0.065,-1.1915092742996232,-3.609150391417919,0.065,-0.6435038180768248,0,0,0,0
31415,247048,99.97,0,-1.1669221578966495,0,Random forest,0.0,-1.1588416325424067,-1.274665714163741,0.0,-0.5117845334332202,0,0,0,0
31415,88307,180.0,1,-0.45404739716389536,1,Random forest,0.82,0.39770045449835245,5.8791846866774575,0.82,0.5691090518593961,0,0,1,1
31415,210741,75.46,0,-1.1227298272735329,0,Random forest,0.005,-1.1465451019832325,-2.197479028756227,0.005,-1.1101698935578193,0,0,0,0
31415,17966,134.99,0,-1.026869500518264,0,Random forest,0.02,-0.9809852541668194,-2.5821104135513036,0.02,-0.321101366609579,0,0,0,0
31415,276698,3.57,0,-1.2433874132261655,0,Random forest,0.005,-0.9858939367826729,-1.456751365821438,0.005,-0.8139300629522409,0,0,0,0
31415,264913,476.21,0,-1.1148844050586821,0,Random forest,0.005,-1.1246347595247352,-3.379256751470044,0.005,-0.34087866991982885,0,0,0,0
31415,252720,44.76,0,-0.29479755343796227,1,Random forest,0.22,-0.4271894433388632,1.2034139531404007,0.22,0.48133878780577904,0,0,0,1
31415,208189,42.36,0,-0.48022238046253524,1,Random forest,0.06,-0.75603933878467,-0.5740178841848247,0.06,-0.18255346330254474,0,0,0,0
31415,129617,3.99,0,-1.1417050763151964,0,Random forest,0.03,-1.145315723497954,-2.3360939746974583,0.03,-1.1646372238190446,0,0,0,0
31415,93788,0.0,1,-0.9329056989999297,0,Random forest,0.08,-0.7214911401421225,-1.866667992918119,0.08,-0.13395214876740869,0,0,0,0
31415,179600,1.46,0,-0.6080822543229225,0,Random forest,0.03,-0.5616581327185786,-1.671213796251379,0.03,-0.19820859227194065,0,0,0,0
31415,268040,1.0,0,-1.2063250969032695,0,Random forest,0.04,-0.9734794056962419,-5.305379947856511,0.04,-0.5017444214831227,0,0,0,0
31415,136083,319.0,0,-1.114671102646907,0,Random forest,0.005,-1.1998691196053346,-2.816349677193032,0.005,-0.3826660194374212,0,0,0,0
31415,84630,1412.26,0,-0.5197344388186744,1,Random forest,0.085,0.28794911420349567,-7.204936889682493,0.085,0.4859010539864,0,0,0,1
31415,278163,36.83,0,-1.274309219698452,0,Random forest,0.185,-0.8394532463530204,-1.7416682229116205,0.185,0.2654472433008807,0,0,0,0
31415,228994,243.39,0,-0.8339213666405659,0,Random forest,0.0,-1.3212626617192416,-2.9708582207479917,0.0,0.059455887590189105,0,0,0,0
31415,50535,32.0,0,-1.1637629343307458,0,Random forest,0.04,-0.8476905092097509,0.42671567525647125,0.04,-0.031189147487363234,0,0,0,0
31415,169888,8.95,0,-0.858503706678858,0,Random forest,0.16,-1.0383335037280945,-1.591405037580801,0.16,-0.5382546145027681,0,0,0,0
31415,157116,41.23,0,-0.7329926002024807,0,Random forest,0.365,-0.39120885626685875,1.0208005446203847,0.365,0.20797177230203856,0,0,0,0
31415,72919,13.4,0,-1.0563008210454181,0,Random forest,0.005,-1.3031371648628636,-1.6112329095582583,0.005,-0.7366880656882185,0,0,0,0
31415,270437,27.42,0,-1.6248456172898593,0,Random forest,0.0,-1.0993676267806916,-1.123983724556859,0.0,-0.8312339688781446,0,0,0,0
31415,204340,24.74,0,-1.1768236990874192,0,Random forest,0.4,-1.0805274819614445,-1.2061994658573294,0.4,-0.4640488863162877,0,0,0,0
31415,269688,1.0,0,-1.1303904896579566,0,Random forest,0.08,-1.0068786162608314,-3.0471194128524752,0.08,-0.54120466311467,0,0,0,0
31415,244362,14.3,0,-0.7987406483416422,0,Random forest,0.48,-0.6881313119190677,-0.07697547172494479,0.48,-0.1347519117787085,0,0,0,0
31415,163149,17.06,1,-0.19829881018983458,1,Random forest,0.79,1.0163529198341559,8.167156878300986,0.79,0.7302405568978466,1,1,1,1
31415,185628,25.0,0,-1.1463931572632027,0,Random forest,0.0,-1.2240951180618913,-1.498497324177158,0.0,-0.8195991235129959,0,0,0,0
31415,173982,84.0,0,-1.0259556070024922,0,Random forest,0.0,-1.4190485911968815,-2.2524751979364006,0.0,-0.7583311591340426,0,0,0,0
31415,215149,1.18,0,-0.9226470642089656,0,Random forest,0.045,-0.8456370354140241,-3.3210103660650336,0.045,0.11620110081746343,0,0,0,0
31415,6336,1.0,1,-0.41912758530612026,1,Random forest,0.96,1.2879845874913807,5.260914740255999,0.96,0.6399616269160334,1,0,1,1
31415,24318,95.86,0,-0.8341019998298693,0,Random forest,0.085,-0.2142285148800992,-4.0413216452540555,0.085,0.47536696343243673,0,0,0,1
31415,250287,1.0,0,-0.9864353940627123,0,Random forest,0.0,-1.1125986849855223,-1.1351920742931803,0.0,-0.5809486199517441,0,0,0,0
31415,166844,15.14,0,-1.1770978827495573,0,Random forest,0.195,-1.0796694270796816,-1.5538767667201063,0.195,0.06326594147682824,0,0,0,0
31415,6553,26.05,0,-1.0043646475223,0,Random forest,0.06,-1.0423259119698451,-0.6334024761682102,0.06,-0.4532218696458341,0,0,0,0
31415,154676,2.28,1,-0.24682708653100527,1,Random forest,0.805,1.107263201445201,20.357464894792646,0.805,0.5244910591747907,1,1,1,1
31415,11717,197.84,0,-0.9267522854458154,0,Random forest,0.215,-0.708592280849303,-1.2148780728196789,0.215,0.08196268684883262,0,0,0,0
31415,195378,36.32,0,-0.4327819883126657,1,Random forest,0.04,0.5172127062028365,-3.0645379748656634,0.04,0.5019151765579264,0,0,0,1
31415,221723,5.49,0,-0.7236512124752175,0,Random forest,0.285,-0.7144243027135673,0.7522558705139705,0.285,-0.6488407269766631,0,0,0,0
31415,9252,1.0,1,-0.20595413385352565,1,Random forest,0.925,0.7826454346167002,27.859348958390925,0.925,0.5029249078208746,1,1,1,1
31415,10801,1.0,1,-0.24826572089383245,1,Random forest,0.785,0.679348990359041,30.132304659892654,0.785,0.5020675797206566,1,1,1,1
31415,77348,0.01,1,-0.0696330569930792,1,Random forest,0.79,0.8688164662174245,7.944085946355492,0.79,0.6617418249608483,1,1,1,1
31415,112501,0.89,0,-0.8222263461422515,0,Random forest,0.015,-0.9612904252697196,-3.4531013772704755,0.015,-0.8432947691351024,0,0,0,0
31415,75715,0.0,0,-1.1556303366833747,0,Random forest,0.095,-0.7751641387237622,-6.821489441594868,0.095,0.4996193049592137,0,0,0,1
31415,27362,1.52,1,-0.8664121286517263,0,Random forest,0.01,-1.1088544817391364,-0.843887330075655,0.01,-0.6126572422580799,0,0,0,0
31415,61433,187.0,0,-1.1690553398670653,0,Random forest,0.005,-1.2971408877406094,-3.142706940077381,0.005,-0.4815880632975633,0,0,0,0
31415,28289,195.96,0,-0.6977155703541731,0,Random forest,0.0,-1.350170672794167,-2.138840744119258,0.0,-0.5449299495141816,0,0,0,0
31415,270489,9.99,0,-1.2317007920787297,0,Random forest,0.0,-1.1714886759739311,-1.5751427194991363,0.0,-0.9568441110504035,0,0,0,0
31415,137798,9.71,0,-1.0994425181090943,0,Random forest,0.005,-1.226051006727292,-1.8920053722465962,0.005,0.0675428789454034,0,0,0,0
31415,270929,15.6,0,-1.3131648055623604,0,Random forest,0.005,-1.2866837552884256,-1.3962204951886188,0.005,-0.8430770552459971,0,0,0,0
31415,134439,10.0,0,-1.1309028224244586,0,Random forest,0.005,-1.3364864200909552,-1.3425173311784797,0.005,-0.4747088398916257,0,0,0,0
31415,71,11.45,0,-1.0912159945874969,0,Random forest,0.005,-1.1708095397779033,-3.6253889704876836,0.005,0.08782363418620165,0,0,0,0
31415,270241,11.99,0,-1.5876820180065856,0,Random forest,0.0,-1.1572489350676565,-1.7270308691873346,0.0,-1.0698072000758079,0,0,0,0
31415,116655,66.16,0,-1.23643599830212,0,Random forest,0.03,-0.9768968524055934,-2.6855500076595993,0.03,-0.2180447981683371,0,0,0,0
31415,238461,3.57,0,-0.8936387477989356,0,Random forest,0.06,-0.8299474507856583,-2.8519928863340387,0.06,-0.7850340007302864,0,0,0,0
31415,46590,27.0,0,-0.9596746331644215,0,Random forest,0.1,0.43574465663810974,-5.020045503088113,0.1,0.502067524176557,0,0,0,1
31415,268443,43.24,0,-0.9349992744213819,0,Random forest,0.0,-0.7499163223733758,-0.019414117484364835,0.0,-0.7306063032764091,0,0,0,0
31415,237880,117.9,0,-0.8996719319426614,0,Random forest,0.01,-1.1940596504387913,-2.593681414581633,0.01,0.13212855455034195,0,0,0,0
31415,202731,6.15,0,-1.0804280780572713,0,Random forest,0.04,-1.1254053404921271,-1.3289524991622472,0.04,-0.6878123872970675,0,0,0,0
31415,94218,720.38,1,-0.5423277664634882,0,Random forest,0.9,0.6622069983209597,13.932970737605881,0.9,0.5020683703265737,1,1,1,1
31415,70649,5.0,0,-0.7823447367038476,0,Random forest,0.0,-1.1305409627813574,-0.5923248079987009,0.0,-0.4056985392313519,0,0,0,0
31415,127168,118.0,0,-1.1247411307819113,0,Random forest,0.01,-1.3211349096933505,-2.745891437113966,0.01,-0.8433837728100474,0,0,0,0
31415,4010,9.99,0,-0.6805728711211896,0,Random forest,0.06,-0.8558594238454453,-2.086939142696853,0.06,0.08030057971231791,0,0,0,0
31415,224157,8.0,0,-0.7765025340268475,0,Random forest,0.065,-1.0756104141043799,-1.1487387433682472,0.065,-0.24046779211960811,0,0,0,0
31415,274469,12.97,0,-0.9692701256912805,0,Random forest,0.045,-0.7637973928639179,-3.2270358877476344,0.045,-0.5842303316789513,0,0,0,0
31415,6446,1.0,1,-0.2580248561433481,1,Random forest,0.825,1.2038189526147938,10.229273211864829,0.825,0.7708158573780938,1,1,1,1
31415,92524,29.6,0,-1.2237052320500488,0,Random forest,0.0,-1.2761297170346033,-3.110903451283525,0.0,-0.553547359852894,0,0,0,0
31415,70804,95.0,0,-0.36741815048471577,1,Random forest,0.0,-1.0278017589132498,-1.314443163092435,0.0,0.11729566275427372,0,0,0,0
31415,95578,1.79,0,-1.3697105336027953,0,Random forest,0.0,-1.0481422673446041,-1.3305180438308466,0.0,-0.7792995342048171,0,0,0,0
31415,178054,140.35,0,-1.2936141215070136,0,Random forest,0.0,-1.2516759050400963,-2.153433577607824,0.0,-0.865761512199038,0,0,0,0
31415,80760,113.92,1,-0.36039524615434304,1,Random forest,0.93,1.1851290285768363,7.8743353430953045,0.93,0.5216897926913415,1,1,1,1
31415,274036,19.8,0,-1.5741277651436163,0,Random forest,0.045,-1.2277502599770753,-0.9548307648379755,0.045,-0.7737506954836296,0,0,0,0
31415,34755,204.98,0,-0.9627901811294658,0,Random forest,0.1,-0.8896244072155928,-3.3593039100460307,0.1,0.1947548192355424,0,0,0,0
31415,282449,199.0,0,-0.8466195010403094,0,Random forest,0.015,-1.2539198287851305,-3.713171586744575,0.015,-0.005142532630570074,0,0,0,0
31415,17030,89.99,0,-0.45558227096466314,1,Random forest,0.13,0.4789327948525601,-6.544321640022955,0.13,0.5006159122967497,0,0,0,1
31415,279780,184.48,0,-1.0805925223412944,0,Random forest,0.005,-1.1283082080712195,-2.189000873889888,0.005,-0.4071743723920046,0,0,0,0
31415,256084,19.99,0,-1.2836738248175006,0,Random forest,0.0,-1.3671353412015725,-2.130029038739977,0.0,-0.05198141132322853,0,0,0,0
31415,76619,25.0,0,-1.0816650888064845,0,Random forest,0.005,-1.232915713138147,-0.9511956024374484,0.005,-0.5059657776264607,0,0,0,0
31415,138665,1.0,0,-1.0376744712622683,0,Random forest,0.0,-1.1812510050163023,-2.368027708336594,0.0,-0.6121547898455432,0,0,0,0
31415,244333,1.0,1,-0.5397276840272553,0,Random forest,0.76,0.9526946187470526,16.68244442256719,0.76,0.5022264365936128,1,1,1,1
31415,184020,49.18,0,-0.9253341210926049,0,Random forest,0.215,-1.1562624261195453,-1.2085257728491685,0.215,0.06539610052329042,0,0,0,0
31415,104429,14.99,0,-1.0530639079947492,0,Random forest,0.09,-0.17067892830839848,-12.766925817640628,0.09,0.5020675858283598,0,0,0,1
31415,111963,9.99,0,-1.18625265207468,0,Random forest,0.0,-1.145800023778633,-2.0815767196010935,0.0,-1.0115155594640446,0,0,0,0
31415,108435,5.0,0,-1.1168006784767788,0,Random forest,0.3,-0.8757920602574316,-1.1024769769809932,0.3,-0.3948886609618435,0,0,0,0
31415,210166,73.08,0,-1.290802132374377,0,Random forest,0.0,-1.151079258494436,-2.949752456101319,0.0,-0.6353871361471765,0,0,0,0
31415,138697,167.0,0,-0.9566490962879554,0,Random forest,0.015,-1.067929749266396,-3.9033564018204494,0.015,0.14012057422655777,0,0,0,0
31415,132662,9.68,0,-0.21431559469022046,1,Random forest,0.095,-0.8143666361794961,-0.6847975179043532,0.095,-0.38475118279028875,0,0,0,0
31415,127009,14.95,0,-0.5454061296406688,0,Random forest,0.2,0.4735583044471441,-3.3992029337294296,0.2,0.5056144060980698,0,0,0,1
31415,224965,69.22,0,-0.8963184814611629,0,Random forest,0.095,-0.9345608833970764,-2.166619665825928,0.095,0.21913422701779806,0,0,0,0
31415,102812,2.5,0,-1.5241342104520696,0,Random forest,0.005,-1.2410278595834423,-1.6468267445868385,0.005,-0.8402152761273404,0,0,0,0
31415,154693,1.0,1,-0.46599097896774344,1,Random forest,0.855,1.6121746654311948,19.08020567176852,0.855,0.5159214057061424,1,1,1,1
31415,205597,1.0,0,-1.1764584544274432,0,Random forest,0.0,-1.0899359297623865,-2.219673754454792,0.0,-0.8216863425459436,0,0,0,0
31415,77682,1.0,1,0.07382097428876433,1,Random forest,0.825,1.547818703469333,15.636781650929859,0.825,0.5020990177275713,1,1,1,1
31415,74149,11.94,0,-0.8273120570445591,0,Random forest,0.095,-0.7658570862021816,-3.184660653364693,0.095,-0.23345609553393054,0,0,0,0
31415,176548,50.0,0,-0.9543845986337701,0,Random forest,0.135,-0.6962455628318593,-0.28940349371932583,0.135,0.20121857156362055,0,0,0,0
31415,223578,8.9,1,-0.05678736662356865,1,Random forest,0.715,0.48321608546583605,10.23528502462299,0.715,0.5217956080045382,0,1,1,1
31415,213064,31.46,0,-0.6895076525558888,0,Random forest,0.045,-0.9912681860945043,-2.3689512021569454,0.045,-0.6151150361178249,0,0,0,0
31415,17453,99.99,1,-0.33319061114410664,1,Random forest,0.805,0.6098745346105456,46.00735368155315,0.805,0.5020675796555164,0,1,1,1
31415,18127,66.4,0,-1.4820838570078991,0,Random forest,0.005,-1.1741568566816436,-1.8347544253389876,0.005,-0.8797264240061652,0,0,0,0
31415,239499,50.0,1,-0.48872148764531964,1,Random forest,0.84,0.1829272238709535,1.2362444466384992,0.84,0.5194485598359275,0,0,1,1
31415,15736,99.99,1,-0.11783149191243933,1,Random forest,0.79,0.616778282670568,40.2360797672999,0.79,0.5020675796555493,0,1,1,1
31415,247547,234.57,0,-1.0033370658867458,0,Random forest,0.075,-1.0169913265710648,-4.093864384436321,0.075,-0.36371210512136076,0,0,0,0
31415,165357,150.99,0,-1.5633909242324853,0,Random forest,0.005,-1.105172920315945,-3.0801522443277745,0.005,-0.5531928375791678,0,0,0,0
31415,18868,45.96,0,-1.133159870114594,0,Random forest,0.0,-1.2585562286447682,-1.7781005994051737,0.0,-0.9254279068669861,0,0,0,0
31415,86397,260.76,0,-0.984879128315509,0,Random forest,0.0,-1.3383961314851163,-2.964804809148813,0.0,-0.37951906447685924,0,0,0,0
31415,226877,0.0,1,-0.3537250896423772,1,Random forest,0.63,0.5254900029080086,14.206150741649287,0.63,0.5021228303913792,0,1,1,1
31415,150020,5.0,0,-0.8523159991762101,0,Random forest,0.065,-0.39102702987598237,-2.9860172603042647,0.065,0.08764143132837221,0,0,0,0
31415,187376,1.0,0,-0.4666738817810625,1,Random forest,0.29,0.6095223299921825,4.412257283419168,0.29,0.5020675796555164,0,0,0,1
31415,148112,269.53,0,-0.9614099385242,0,Random forest,0.005,-1.2228845750441644,-2.329392076493971,0.005,-0.40725150673659094,0,0,0,0
31415,217784,67.59,0,-0.9782766832859244,0,Random forest,0.0,-1.1102381784365174,-1.7688978221695324,0.0,-0.7368598625975679,0,0,0,0
31415,100623,549.06,1,-0.975334499597434,0,Random forest,0.01,-0.9099264196235282,-4.918993011894371,0.01,-0.02740576211611534,0,0,0,0
31415,197212,60.76,0,-1.0446798048523582,0,Random forest,0.005,-1.2119473703319403,-2.1685837055161783,0.005,-0.8224170003734331,0,0,0,0
31415,127802,4.57,0,-1.329254978212127,0,Random forest,0.0,-1.2036147111820041,-2.2397970386210866,0.0,-0.6190164177010241,0,0,0,0
31415,272566,7.74,0,-1.5189024512847689,0,Random forest,0.0,-1.0927640400841174,-2.792890259271055,0.0,-0.3509772214048369,0,0,0,0
31415,49890,0.99,0,-1.1257633374687357,0,Random forest,0.01,-1.1212036347354126,-2.0123874254941927,0.01,-0.8752855433182117,0,0,0,0
31415,12261,1.0,1,-0.2531248375496544,1,Random forest,0.82,0.8343778430775619,35.05976197110718,0.82,0.5020675804807639,1,1,1,1
31415,57248,7.58,1,-0.961954288756467,0,Random forest,0.285,-0.9248918298475952,-1.808806432287569,0.285,-0.13142336734407356,0,0,0,0
31415,199896,1335.0,1,-0.2710227778291884,1,Random forest,0.75,0.30999155812948925,-1.3220850269183084,0.75,0.5010392926866801,0,0,1,1
31415,157444,6.03,0,-0.18219390106310127,1,Random forest,0.125,-0.6138468564673292,-2.424381612119459,0.125,0.21347966648500183,0,0,0,0
31415,5420,43.0,0,-0.3624316050993738,1,Random forest,0.115,-0.8154662984666505,-1.8712342244312379,0.115,-0.04364630495384658,0,0,0,0
31415,126489,1.0,0,-1.5251485583702382,0,Random forest,0.0,-1.163145703047125,-3.727171851206615,0.0,-0.5920705211410558,0,0,0,0
31415,155886,11.27,0,-1.112026004771691,0,Random forest,0.01,-1.1400634280280217,-3.232734435301911,0.01,-0.002262431479079896,0,0,0,0
31415,6774,1.0,1,-0.3674965194794453,1,Random forest,0.87,1.3296499359813994,12.402151166936095,0.87,0.6188904157727438,1,1,1,1
31415,253974,6.07,0,-0.6993344047749643,0,Random forest,0.065,-0.8380742527496814,-0.7044196178580636,0.065,0.05068628366839495,0,0,0,0
31415,235127,16.8,0,-0.7597609528456122,0,Random forest,0.405,-0.6205103442433069,-1.6204567593750268,0.405,0.20174496113665064,0,0,0,0
31415,137211,6.26,0,-0.6706411517191778,0,Random forest,0.12,-0.31283316118808013,-1.7844980556415029,0.12,0.4381940069646647,0,0,0,1
31415,6719,1.0,1,-0.3683947072578952,1,Random forest,0.945,1.198013922076768,10.542597350075614,0.945,0.5437585161019289,1,1,1,1
31415,122612,94.95,0,-1.1214234572105348,0,Random forest,0.085,-1.1778259224891123,-3.754089890268311,0.085,-0.10293319425809844,0,0,0,0
31415,98807,0.1,0,-1.054392733759311,0,Random forest,0.01,-0.8685896069676586,-2.9158693866137275,0.01,-0.14824113751400836,0,0,0,0
31415,15506,99.99,1,-0.12896518052025785,1,Random forest,0.8,0.6254104946701152,38.29341043976847,0.8,0.502067579660907,1,1,1,1
31415,34601,12.1,0,-1.1358591629045707,0,Random forest,0.0,-0.858546047593302,-2.607366629867902,0.0,-0.295629248372112,0,0,0,0
31415,247649,8.97,0,-0.8927218285789966,0,Random forest,0.01,-1.1229336356447728,-1.6094995053733991,0.01,-0.7869021710649199,0,0,0,0
31415,279536,124.37,0,-0.7070271993631112,0,Random forest,0.015,-1.1350858485118307,-1.6188930931203904,0.015,-0.30509288103400956,0,0,0,0
31415,43204,106.55,1,-0.48444476235771833,1,Random forest,0.895,0.6816294137837395,52.36406793556636,0.895,0.5025223597921787,1,1,1,1
31415,97623,80.0,0,-1.2492681042452758,0,Random forest,0.015,-1.1348366839361044,-2.9138504696995735,0.015,-0.7085925691006859,0,0,0,0
31415,125256,205.89,0,-0.957397546602872,0,Random forest,0.0,-1.339798006332472,-2.107394442705702,0.0,-0.2504480741324012,0,0,0,0
31415,64241,1.0,0,-0.8875180997605451,0,Random forest,0.015,-1.0763298025924088,-3.5473407868752,0.015,0.08665723836197031,0,0,0,0
31415,272123,1.29,0,-0.9605084994892515,0,Random forest,0.085,-1.0523645730463542,-1.4567172858023376,0.085,-0.983840182976962,0,0,0,0
31415,33648,5.5,0,-0.880499458662869,0,Random forest,0.035,-0.764717884894129,-4.165605293302863,0.035,-0.470030907491894,0,0,0,0
31415,83417,5.91,1,-0.22909304777338002,1,Random forest,0.77,1.145508181708091,9.421361165031794,0.77,0.5233686186066997,1,1,1,1
31415,156019,889.34,0,-1.003498003368142,0,Random forest,0.065,0.09778739725104202,-5.810584188835707,0.065,0.48286528514600674,0,0,0,1
31415,12866,9.99,0,-0.9763844874997212,0,Random forest,0.15,-0.9128453911838974,-0.6808959351678615,0.15,-0.023873164622861598,0,0,0,0
31415,64966,4.35,0,-0.9410748613180643,0,Random forest,0.03,-0.9535053842345353,-1.4473902799924119,0.03,-0.6062418516828146,0,0,0,0
31415,27736,82.0,0,-1.3753011465180474,0,Random forest,0.0,-1.1602873844137571,-2.1119708193850113,0.0,-0.8640403718113757,0,0,0,0
31415,204064,345.0,1,-0.4798414697143209,1,Random forest,0.835,0.7768119684938374,3.644340004612478,0.835,0.5324317722165789,1,0,1,1
31415,30495,125.9,0,-0.9749755933308456,0,Random forest,0.015,-1.3382198203002453,-2.9695417116486102,0.015,-0.18283115021501684,0,0,0,0
31415,136795,133.95,0,-1.3040426046815665,0,Random forest,0.015,-0.9823947365422736,-2.087671115888243,0.015,0.24072194440951894,0,0,0,0
31415,247673,247.86,1,-0.39330956029064384,1,Random forest,0.89,0.4754108944068399,14.03870470550573,0.89,0.5017995594613008,0,1,1,1
31415,227854,40.23,0,-1.1830574881824332,0,Random forest,0.025,-0.9175429035464266,-3.2168203530977553,0.025,0.13794439092533167,0,0,0,0
31415,44195,111.18,0,-1.1690617163197312,0,Random forest,0.02,-0.9062896806387044,-1.4043317769310195,0.02,-0.6631219916830701,0,0,0,0
31415,150018,30.23,0,-0.9358235493759042,0,Random forest,0.1,-0.28733640495934154,-0.3018118619520056,0.1,0.36222102002583534,0,0,0,1
31415,123238,1.0,1,-0.8832792711054801,0,Random forest,0.415,-0.1607462676380318,-2.519381060981514,0.415,0.2027207762271595,0,0,0,0
31415,153444,23.8,0,-0.435519702031276,1,Random forest,0.085,-0.49531897300824346,-1.5334816999381524,0.085,0.4681645140312323,0,0,0,1
31415,74507,130.44,1,0.06291001457400436,1,Random forest,0.975,1.4407248277216462,16.757383604532187,0.975,0.657867711448288,1,1,1,1
31415,26740,15.0,0,-1.3100458648960345,0,Random forest,0.0,-1.0838995701126124,-1.8508153712100897,0.0,-0.1301876968871687,0,0,0,0
31415,146893,228.18,0,-1.3022753104574938,0,Random forest,0.015,-1.2357778572108975,-2.696446869773634,0.015,0.014337649765765903,0,0,0,0
31415,87069,1.0,0,-1.0440769161428474,0,Random forest,0.0,-1.0079803032453885,-2.4692999427942155,0.0,-1.0985394456021287,0,0,0,0
31415,31098,96.0,0,-1.2254020659327258,0,Random forest,0.0,-1.3164740989054642,-2.264024213259467,0.0,-0.6016866526770898,0,0,0,0
31415,69432,47.46,0,-1.1975744099353287,0,Random forest,0.0,-1.1300302692393953,-1.1287979944610451,0.0,-0.08493416343514337,0,0,0,0
31415,94735,39.99,0,-1.2150963506616477,0,Random forest,0.035,-1.1864988843699866,-3.3275766281195605,0.035,-0.8980106795834873,0,0,0,0
31415,193063,19.0,0,-0.8057583821766025,0,Random forest,0.045,-0.8337916026801797,-1.8675271263729498,0.045,-0.7294476218247362,0,0,0,0
31415,272578,7.56,0,-1.1799417967681256,0,Random forest,0.02,-1.0757413888801404,-0.4734487890663508,0.02,0.06581567506018843,0,0,0,0
31415,72771,0.23,0,-0.8426250406713333,0,Random forest,0.305,0.14267741236546494,-4.978357861648551,0.305,0.4910719878133323,0,0,0,1
31415,81662,12.99,0,-1.3576678158390911,0,Random forest,0.005,-1.244448162144956,-1.5927923285580978,0.005,-0.8067839443780459,0,0,0,0
31415,216740,14.7,0,-1.0140675601522056,0,Random forest,0.0,-0.8827687757491085,-1.574863577703004,0.0,0.21883091706067787,0,0,0,0
31415,250761,0.77,1,0.03836110136290116,1,Random forest,0.95,1.1089409674736022,11.363575697913173,0.95,0.5378564740318356,1,1,1,1
31415,280777,172.82,0,-0.662976385596403,0,Random forest,0.225,-0.5455163796075739,-0.5731140143977915,0.225,0.42731604042112403,0,0,0,1
31415,51305,48.42,0,-1.0392791930652008,0,Random forest,0.0,-1.3382774845596894,-3.495542935670125,0.0,-0.8075741043774841,0,0,0,0
31415,244371,68.4,0,-1.4281155309416023,0,Random forest,0.0,-1.328799947175176,-1.6968619469457926,0.0,-0.5693887264232281,0,0,0,0
31415,154286,0.92,1,-0.5650406417802318,0,Random forest,0.555,0.6095223299923613,8.953984054873551,0.555,0.5020675796555164,0,1,1,1
31415,188050,45.0,0,-1.111430953805657,0,Random forest,0.0,-1.0798601110225832,-2.2096438350246492,0.0,-0.8260639602732877,0,0,0,0
31415,44943,17.49,0,-0.8512592429022382,0,Random forest,0.205,-0.6892332832882644,1.5416998049878714,0.205,0.22510841327294018,0,0,0,0
31415,192584,362.55,1,-0.1959176332379418,1,Random forest,0.795,0.4393147885081548,6.924573567278096,0.795,0.5319966486210957,0,1,1,1
31415,51901,43.06,0,-1.133080562067868,0,Random forest,0.0,-1.1332615524372875,-2.3346711275743,0.0,-0.4788098274981407,0,0,0,0
31415,142912,1.5,0,-0.9816436880914373,0,Random forest,0.075,-0.6689011620927747,-0.4208116370557219,0.075,-0.7137630193434704,0,0,0,0
31415,137031,9.91,0,-1.1050090951188312,0,Random forest,0.02,-1.2348687282286226,-2.2936881375293803,0.02,0.13811590478090996,0,0,0,0
31415,115959,1.0,0,-1.2446922915800398,0,Random forest,0.01,-1.2141295630111424,-2.3216601376892707,0.01,-0.7891420449418901,0,0,0,0
31415,216248,121.42,0,-0.8724890979152021,0,Random forest,0.015,-0.9956060679330254,-2.2071936622920143,0.015,0.1965987261579623,0,0,0,0
31415,275624,177.87,0,-0.8277105116116938,0,Random forest,0.115,-0.8710043866293837,-2.008793128696494,0.115,-0.1703421986828627,0,0,0,0
31415,165978,10.0,0,-0.7287561336190891,0,Random forest,0.075,-0.8209098702755464,-0.3137038318683917,0.075,0.15910939250411799,0,0,0,0
31415,16560,43.99,0,-1.3794529500682202,0,Random forest,0.005,-1.1003443986779722,-0.8513332444067367,0.005,-0.6008704318688635,0,0,0,0
31415,153095,5.0,0,-0.8150645202295631,0,Random forest,0.225,-0.9557443557637473,-0.4058605288591991,0.225,-0.28284560979224826,0,0,0,0
31415,150399,29.98,0,-1.0007611198296242,0,Random forest,0.035,-0.8819009339970385,-0.12937140052771767,0.035,-0.2215592348864155,0,0,0,0
31415,246225,4.47,0,-1.2719596901236685,0,Random forest,0.17,-1.1134898464644143,-2.109679796359682,0.17,-0.2646419689044841,0,0,0,0
31415,133672,182.68,0,-0.8334494335042584,0,Random forest,0.0,-1.3342614408066238,-2.1542791985327194,0.0,-0.5651482946969953,0,0,0,0
31415,21404,37.03,0,-1.3332231952855196,0,Random forest,0.075,-0.9780631042967731,-4.63512401563525,0.075,-0.7117528941268637,0,0,0,0
31415,31575,25.8,0,-1.5195961375706148,0,Random forest,0.0,-1.1183323766215132,-3.783287130265794,0.0,0.02683924615719452,0,0,0,0
31415,253646,164.0,0,-1.3844321187441833,0,Random forest,0.0,-1.2847002386095396,-1.9944501181661316,0.0,-0.14701045160800663,0,0,0,0
31415,49051,80.0,0,-1.0658269894158592,0,Random forest,0.0,-1.2042244363572543,-1.800147615217714,0.0,-0.2030368124286529,0,0,0,0
31415,169966,200.0,0,-1.0917387391964497,0,Random forest,0.02,-1.0238837523109268,-2.1531839402055266,0.02,-0.3228372978953996,0,0,0,0
31415,279105,22.78,0,-1.4162458667767774,0,Random forest,0.02,-1.0520179335662188,-1.600401796040145,0.02,-0.8689065047665449,0,0,0,0
31415,239886,7.98,0,-1.0340450116311721,0,Random forest,0.0,-1.3073395619574653,-2.34025759445936,0.0,0.31593580309689545,0,0,0,0
31415,189054,35.0,0,-0.4783683855378757,1,Random forest,0.39,-0.7310019328422135,1.2681907138670088,0.39,0.3716766703725855,0,0,0,1
31415,246006,17.0,0,-1.1980967583655446,0,Random forest,0.0,-1.1111643006875491,0.11865045368543259,0.0,-0.6330988968962273,0,0,0,0
31415,260105,1.98,0,-1.019058710052934,0,Random forest,0.035,-0.9729562082063901,-4.831077425417659,0.035,0.2663543671845696,0,0,0,0
31415,83053,6.27,1,-0.14157552646500315,1,Random forest,0.945,0.5211027776607067,3.2471284145074586,0.945,0.5555283295870587,0,0,1,1
31415,119074,30.0,0,-1.2063827734693873,0,Random forest,0.055,-1.0645986414860364,-4.531165601548321,0.055,-0.3147163042371537,0,0,0,0
31415,154454,147.87,1,-0.018998397875319373,1,Random forest,0.775,0.4380934311913659,4.920802593779161,0.775,0.5764677316086111,0,0,1,1
31415,164442,211.78,0,-1.1743310245499003,0,Random forest,0.0,-0.9417929276899379,-3.8625039129443577,0.0,0.11676103624381318,0,0,0,0
31415,280149,77.89,1,-0.5692106576321283,0,Random forest,0.755,-0.10416200825075184,4.492636169103358,0.755,0.3903955684750828,0,0,1,1
31415,21055,1.79,0,-0.7704121730295483,0,Random forest,0.16,0.24160513206223144,-2.6222750830900505,0.16,0.2720094718120005,0,0,0,0
31415,44270,1.0,1,-0.55009561947443,0,Random forest,0.895,0.6651884669965724,47.420001332982814,0.895,0.5020675914529431,1,1,1,1
31415,22208,103.98,0,-0.998542559015921,0,Random forest,0.03,-1.0844100114032251,-4.05794183077892,0.03,-0.14747222406746252,0,0,0,0
31415,26032,100.0,0,-0.5751227002995869,0,Random forest,0.05,-0.7669181587040568,-0.3538741203197956,0.05,0.09053185316084256,0,0,0,0
31415,166934,1.98,0,-1.2064013001827576,0,Random forest,0.195,-0.951877896411109,-1.9121658078832509,0.195,-0.4491242856294353,0,0,0,0
31415,223366,1.0,1,-0.2503591046636465,1,Random forest,0.94,0.6457792672375015,5.156931299580849,0.94,0.7660493493606622,1,0,1,1
31415,117621,99.98,0,-1.320896111627556,0,Random forest,0.0,-1.3274981362830345,-2.953493019642838,0.0,-0.24230864486820303,0,0,0,0
31415,223804,17.45,0,-0.9517458620795797,0,Random forest,0.205,-1.1020336549956375,-1.694864513801802,0.205,0.1252379491278966,0,0,0,0
31415,214662,120.54,1,-0.1730361137042425,1,Random forest,0.95,0.6518127224601437,5.594288873471885,0.95,0.5578724150829417,1,0,1,1
31415,245363,105.78,0,-1.3928605392229567,0,Random forest,0.005,-1.218105671902306,-1.9357184099587235,0.005,-0.568172500431329,0,0,0,0
31415,46186,199.1,0,-1.0259838006367057,0,Random forest,0.005,-1.0436336775411166,-1.8522615511878233,0.005,-0.4985849290569254,0,0,0,0
31415,246837,82.2,0,-1.0105911848790738,0,Random forest,0.07,-0.7607364289715619,-1.7740889396415578,0.07,-0.06484087057748888,0,0,0,0
31415,136386,25.0,0,-0.9247565108533841,0,Random forest,0.06,-0.26145409652763174,-3.363892759075304,0.06,0.20889834198856844,0,0,0,0
31415,34213,0.89,0,-1.1956018210073611,0,Random forest,0.0,-1.1601650876183052,-2.1914094196706446,0.0,-0.9947528424165094,0,0,0,0
31415,252774,0.77,1,-0.19171271417799648,1,Random forest,0.915,1.0978281397357526,12.146364851424902,0.915,0.5380634391494058,1,1,1,1
31415,76612,11.2,0,-1.1267728416716998,0,Random forest,0.0,-1.189121908299044,-2.760243532323597,0.0,-0.15212720950614966,0,0,0,0
31415,53798,8.13,0,-1.1721533408371452,0,Random forest,0.015,-1.1435397270553838,-2.054727470599321,0.015,-1.1517910563240328,0,0,0,0
31415,109657,111.0,0,-0.7750844658774153,0,Random forest,0.0,-0.833722998076385,-2.7668821409119047,0.0,0.381467470834871,0,0,0,1
31415,230071,3.79,0,-1.0701109560324258,0,Random forest,0.0,-1.1218071265456995,-1.9777604553866108,0.0,-0.8926325647776551,0,0,0,0
31415,151008,1.0,1,-0.5236289963293083,0,Random forest,0.89,0.6096183581302225,48.227284467481155,0.89,0.5020675796555164,0,1,1,1
31415,8845,30.39,1,-0.21477727888715417,1,Random forest,0.845,1.3826924328017853,16.340516078059107,0.845,0.5070288008808916,1,1,1,1
31415,127979,35.99,0,-1.707002873228428,0,Random forest,0.04,-1.1749475261542122,-3.4693704417976483,0.04,-0.9773245688656101,0,0,0,0
31415,148364,4.49,0,-0.925460630371817,0,Random forest,0.04,-1.0942837655452875,-1.9001233641040358,0.04,-0.9027281661577601,0,0,0,0
31415,143728,1.0,1,-0.4527902913820044,1,Random forest,0.93,1.2881748261411654,10.944619137993751,0.93,0.6013967640028111,1,1,1,1
31415,156201,3.6,0,-0.8040960384932048,0,Random forest,0.0,-0.8862530953216579,-0.7447806760684211,0.0,0.0663900509329089,0,0,0,0
31415,182160,29.0,0,-1.1053595184256526,0,Random forest,0.005,-0.7264671808598859,-2.4046152831564642,0.005,-0.3171495858771489,0,0,0,0
31415,153885,0.76,1,0.10756855068584348,1,Random forest,0.805,0.5964387397347515,1.4141920126895027,0.805,0.5020675384729825,0,0,1,1
31415,219025,4.49,1,-1.4735342017005952,0,Random forest,0.0,-1.0857894691305474,-1.3647802027129141,0.0,-0.817507910551975,0,0,0,0
31415,71656,20.17,0,-0.895831476538616,0,Random forest,0.215,-0.414187451768977,-3.879684372846295,0.215,0.21201385944319318,0,0,0,0
31415,120505,99.85,1,-0.4760749393971281,1,Random forest,0.79,1.4686681554488357,13.91721643077435,0.79,0.5675896138057389,1,1,1,1
31415,254209,2.0,0,-0.975835497255573,0,Random forest,0.085,-1.011666974154838,-1.0038923674914628,0.085,-0.21600599941766574,0,0,0,0
31415,108537,15.0,0,-1.4683092194316791,0,Random forest,0.02,-1.151556386474853,-2.4270196402202604,0.02,-0.8673139890423806,0,0,0,0
31415,135018,18.43,0,-1.1228544955824122,0,Random forest,0.0,-1.1716082389616445,-3.5202452180989314,0.0,-1.0486446147526323,0,0,0,0
31415,212516,0.01,1,-0.2540497242604413,1,Random forest,0.74,0.6430464068804631,7.656314927197093,0.74,0.5444291512539524,1,1,1,1
31415,253516,10.0,0,-1.4043874842956594,0,Random forest,0.01,-1.2485932608659003,-2.821603621238029,0.01,-0.9834137081702802,0,0,0,0
31415,111690,238.9,1,-0.08863141208724185,1,Random forest,0.865,0.9557362722644739,6.567461076292949,0.865,0.5627682264937593,1,1,1,1
31415,100048,4.57,0,-0.769461592412888,0,Random forest,0.095,-0.5885358604308737,-3.915015509650637,0.095,-0.013783729655467591,0,0,0,0
31415,161935,9.99,0,-1.4747391996975892,0,Random forest,0.01,-1.209250168294783,-2.2550537910419086,0.01,-1.0865203616113002,0,0,0,0
31415,100312,123.0,0,-1.0990391369097292,0,Random forest,0.0,-1.3342149406443202,-2.3305904903962347,0.0,-0.7020424064147844,0,0,0,0
31415,142867,161.5,0,-1.226841258535988,0,Random forest,0.015,-1.1416105740129965,-4.639336063970212,0.015,-0.12970709658327606,0,0,0,0
31415,28621,1.52,0,-1.0618276136492066,0,Random forest,0.02,-1.1810149357115918,-2.1271103040906088,0.02,0.2274503648064658,0,0,0,0
31415,115268,14.99,0,-1.2643337660475342,0,Random forest,0.0,-1.3194127412726222,-3.3308772273913627,0.0,-0.3180076317786136,0,0,0,0
31415,29687,0.76,1,-0.38609378893390695,1,Random forest,0.01,0.13642878906901162,-5.610829090706358,0.01,0.46290099874575313,0,0,0,1
31415,168566,1.98,0,-0.6292607463394919,0,Random forest,0.19,-1.0211832108442207,-2.13955189467529,0.19,0.04500919887384608,0,0,0,0
31415,271210,1.0,0,-1.1344455461744598,0,Random forest,0.035,-0.9168545539917463,-1.4705349962270031,0.035,-0.3980581672050315,0,0,0,0
31415,8335,1.0,1,-0.32867164922228426,1,Random forest,0.91,0.8579928500711249,24.799837071955455,0.91,0.5060935849005166,1,1,1,1
31415,242589,13.7,0,-1.3361716315187318,0,Random forest,0.0,-1.1991874396627584,-3.2502892857035244,0.0,-0.5098053238511996,0,0,0,0
31415,131049,1.0,0,-1.1170017783788715,0,Random forest,0.0,-1.1727045545736745,-3.4139798353657915,0.0,-0.521759822697,0,0,0,0
31415,214735,1.0,0,-0.8858435246457105,0,Random forest,0.0,-1.1856897743733845,-1.3978034160108295,0.0,-0.8569578563026566,0,0,0,0
31415,3964,5.67,0,-1.018744686588477,0,Random forest,0.0,-0.8830629717135154,-0.7186386070152089,0.0,-0.5003942170097356,0,0,0,0
31415,251891,7.06,1,-0.42833241530615185,1,Random forest,0.19,-0.48972386534107026,0.029971093217151856,0.19,0.38295400009030783,0,0,0,1
31415,165805,3.59,0,-1.2016947187178546,0,Random forest,0.03,-1.0527592094178726,-2.3273776615172954,0.03,-0.9001913098680673,0,0,0,0
31415,202986,59.29,0,-1.1100985242333357,0,Random forest,0.015,-0.9653339038942521,-1.8512183981215249,0.015,-0.7248604518344556,0,0,0,0
31415,70001,22.75,0,-1.3942700746102976,0,Random forest,0.01,-1.1808800697640527,-2.7195315736796286,0.01,-0.9085993499078114,0,0,0,0
31415,108080,133.5,0,-0.9904827139049893,0,Random forest,0.005,-1.4618772220786596,-2.6458905039191705,0.005,-0.4056037831782886,0,0,0,0
31415,141207,1.98,0,-1.4679443259880327,0,Random forest,0.005,-1.2662582939678,-2.180534619109273,0.005,-0.7940021578126365,0,0,0,0
31415,21721,59.85,0,-1.031375515263003,0,Random forest,0.03,-0.8407133065059746,-6.347324279693574,0.03,0.39657432047229524,0,0,0,1
31415,91840,79.8,0,-1.0342568489664126,0,Random forest,0.0,-1.2929054718404522,-4.1238085093759915,0.0,-0.11162142030991873,0,0,0,0
31415,13376,105.0,0,-0.9628668421496028,0,Random forest,0.02,-1.2500496227598707,-2.520771797333745,0.02,0.01639041607242886,0,0,0,0
31415,48889,85.0,0,-1.446770070799119,0,Random forest,0.0,-1.31745454704172,-2.056609529160737,0.0,-0.2586383580763494,0,0,0,0
31415,235907,94.99,0,-1.0498303014030894,0,Random forest,0.015,-1.009806783510225,-1.6682761225927467,0.015,-0.3197971539236024,0,0,0,0
31415,69318,37.16,0,-0.9179398113306518,0,Random forest,0.0,-1.1045431614486836,-1.537663262086646,0.0,-0.4975036025503071,0,0,0,0
31415,134444,12.67,0,-1.0229255794959693,0,Random forest,0.025,-0.8679721842914552,-3.0990965057442215,0.025,0.17816322801437445,0,0,0,0
31415,11382,11.85,0,-1.0870172250483656,0,Random forest,0.035,-0.8220682988421351,-1.801164184430582,0.035,-0.06474906014935655,0,0,0,0
31415,151248,7.58,0,-0.16497341084314165,1,Random forest,0.055,-0.8015204294451947,-0.8504967547768195,0.055,-0.08926742108198171,0,0,0,0
31415,119781,124.53,1,0.09913452212096957,1,Random forest,0.86,1.4927350260537668,12.814405324728517,0.86,0.5457466859777864,1,1,1,1
31415,131249,12.31,0,-1.1285765294615955,0,Random forest,0.0,-1.0369453517138727,-1.6017836095761386,0.0,-1.1250379401597415,0,0,0,0
31415,134465,280.0,0,-1.075242738398889,0,Random forest,0.035,-1.0902782087316234,-2.5785145578562205,0.035,-0.7324645249478267,0,0,0,0
31415,82087,108.72,0,-0.9901502082443437,0,Random forest,0.015,-0.8615164082607856,-1.7971208095183089,0.015,-0.1121566377561306,0,0,0,0
31415,88767,4.79,0,-0.5764687370529874,0,Random forest,0.025,-1.0316771765260666,-2.2924171987646367,0.025,-0.6256135474382633,0,0,0,0
31415,39864,15.98,0,-1.137637123510105,0,Random forest,0.015,-1.2100943303930425,-2.801620050405445,0.015,-1.1586517759497341,0,0,0,0
31415,248778,16.45,0,-0.993016191244326,0,Random forest,0.0,-1.0969378240059966,-1.616745800036476,0.0,-0.5475801242424,0,0,0,0
31415,222542,19.6,0,-1.2316399750347158,0,Random forest,0.0,-1.2069873623932887,-0.9549291203439337,0.0,-0.9242627140741976,0,0,0,0
31415,155765,1.0,0,-1.0966644736374191,0,Random forest,0.025,-0.8493248070067567,0.20440031014835325,0.025,-0.017433372050726925,0,0,0,0
31415,187407,25.0,0,-0.8735040768471853,0,Random forest,0.005,-1.1253429145466067,-1.7209836255538353,0.005,0.0013716429624427429,0,0,0,0
31415,73784,1.0,1,-0.2785163431224832,1,Random forest,0.95,1.2334205342271163,16.37686366628055,0.95,0.5219301053677209,1,1,1,1
31415,91961,461.0,0,-0.5543301973228585,0,Random forest,0.535,0.7005642195080828,-0.812553148113287,0.535,0.5018825949008721,1,0,1,1
31415,6820,1.0,1,-0.2576515987335015,1,Random forest,0.84,1.264339440378356,11.832776518377909,0.84,0.6213943077813805,1,1,1,1
31415,45267,1.0,0,-0.9377369759643668,0,Random forest,0.14,-0.5214335817694458,0.6410123947694034,0.14,0.17820015062085953,0,0,0,0
31415,152223,8.64,1,-0.4236302775525059,1,Random forest,0.835,0.7144081997822646,39.48841658195633,0.835,0.5020675796563934,1,1,1,1
31415,23575,40.28,0,-1.126813638280951,0,Random forest,0.01,-1.085361331641582,-3.2319882712234014,0.01,-0.6805567652522343,0,0,0,0
31415,182947,10.0,0,-0.7954926166158882,0,Random forest,0.02,-0.4796571325146244,-3.0502128644757924,0.02,-0.25000901731581615,0,0,0,0
31415,226819,14.99,0,-1.1490821916908107,0,Random forest,0.0,-1.3926854110605544,-2.794633408543288,0.0,-0.14293334316094952,0,0,0,0
31415,249000,106.49,0,-0.5839535864863648,0,Random forest,0.335,0.012624781388127726,-4.139502696214622,0.335,0.4985137325486413,0,0,0,1
31415,242880,177.46,0,-1.0816378719791566,0,Random forest,0.0,-1.1621004539930344,-1.9659594599126016,0.0,-0.5057875330993554,0,0,0,0
31415,26738,5.0,0,-1.2837626690878188,0,Random forest,0.085,-1.1145063815472356,-1.438282376658447,0.085,-0.4179896788262484,0,0,0,0
31415,33935,8.42,0,-1.072725608739113,0,Random forest,0.005,-1.1919634983295264,-2.785974376999406,0.005,-0.8812222507242403,0,0,0,0
31415,219250,11.98,0,-1.5840533849014897,0,Random forest,0.0,-1.1929800869385472,-1.83001013979038,0.0,-1.12066716026539,0,0,0,0
31415,163872,4.49,0,-1.3525530557097687,0,Random forest,0.01,-1.0386249052698875,-1.6716054448873807,0.01,-1.0555437537690637,0,0,0,0
31415,31971,171.68,0,-1.0467127605147946,0,Random forest,0.005,-1.1689503656694604,-1.966678309079299,0.005,-0.08384590355911037,0,0,0,0
31415,57470,0.76,1,-0.05612051638380611,1,Random forest,0.805,0.4714602405613712,3.9099917377662257,0.805,0.5731026644879423,0,0,1,1
31415,3856,5.55,0,-1.3174210851126937,0,Random forest,0.0,-1.1926266120937608,-1.5356167485636358,0.0,-1.1818234619435302,0,0,0,0
31415,95377,4.99,0,-1.0785480350655823,0,Random forest,0.0,-0.8610394753827821,-1.70421912191958,0.0,-0.5837795611986528,0,0,0,0
31415,147922,32.98,0,-1.1685909226122557,0,Random forest,0.0,-1.2827654025672843,-1.4157930827012914,0.0,-0.41347323511481093,0,0,0,0
31415,154281,18.11,0,-0.48595611090921687,1,Random forest,0.345,-0.32875015126649954,-0.12135895932344776,0.345,0.07888068801991105,0,0,0,0
31415,84265,2.99,0,-1.031141201439018,0,Random forest,0.03,-1.0978506291270904,-3.1798968511385364,0.03,-1.1984998507894482,0,0,0,0
31415,246982,5.0,0,-1.3027196332878712,0,Random forest,0.03,-1.0055942026138083,-2.456750118212946,0.03,-0.6254865905220081,0,0,0,0
31415,132808,1.29,0,-1.301387085409742,0,Random forest,0.005,-1.1822282155675736,-1.0986568612218715,0.005,-0.8062106543733273,0,0,0,0
31415,262383,7.98,0,-1.3323024390200184,0,Random forest,0.035,-0.9938196189719506,-1.2806195630529231,0.035,-0.9514767929276716,0,0,0,0
31415,244400,9.99,0,-1.054866469422938,0,Random forest,0.0,-1.132607950864361,-0.25646042218535303,0.0,-0.29406062265294175,0,0,0,0
31415,229977,1.29,0,-1.1815982411636141,0,Random forest,0.015,-1.050532938277827,-1.6791753951201693,0.015,-0.904269185018049,0,0,0,0
31415,56207,154.64,0,-0.5700145905461065,0,Random forest,0.52,0.03355951735507523,-0.36323197572393484,0.52,0.4359957690159556,0,0,1,1
31415,186089,1073.62,0,-0.597462297239693,0,Random forest,0.035,0.013114670310847232,-6.128553829538422,0.035,0.4693214911976735,0,0,0,1
31415,43364,1.0,0,-1.0622445689164584,0,Random forest,0.055,-1.0041320640959936,-2.4664531076021317,0.055,-0.7432266037673306,0,0,0,0
31415,52270,135.37,0,-0.9583881961679527,0,Random forest,0.005,-1.1816810599842216,-1.3097875278364484,0.005,-0.7380981260968388,0,0,0,0
31415,243393,0.01,1,-0.3644095568029035,1,Random forest,0.88,1.0441603604968797,13.727773942233608,0.88,0.5020920848987669,1,1,1,1
31415,144754,323.77,1,-0.6045375244979933,0,Random forest,0.08,-0.544959954401339,-7.561093995149833,0.08,0.5008218310747667,0,0,0,1
31415,79954,63.32,0,-1.1055273878692313,0,Random forest,0.025,-1.2203427989304896,-3.1594778981292664,0.025,-0.2136883378446126,0,0,0,0
31415,108818,58.63,0,-1.3869848539136256,0,Random forest,0.0,-1.1540237775330913,-2.679489744081121,0.0,-0.6071890461749133,0,0,0,0
31415,149357,38.76,1,-0.20655066276463246,1,Random forest,0.825,0.08167517917103273,1.6618468905207209,0.825,0.5395947423441839,0,0,1,1
31415,238382,128.6,0,-0.9442774793609715,0,Random forest,0.0,-1.2439601337806743,-2.921593494238153,0.0,-0.3970521353867341,0,0,0,0
31415,78670,50.0,0,-1.076033527294364,0,Random forest,0.005,-1.372964903574159,-2.296128583214962,0.005,-0.36769186329111425,0,0,0,0
31415,249322,13.99,0,-1.0882914456578496,0,Random forest,0.025,-1.3315543487932293,-2.639707145381628,0.025,0.10586830286716514,0,0,0,0
31415,189878,1.0,1,-0.32893102300679034,1,Random forest,0.74,0.5804046271045111,-0.18574411611202024,0.74,0.5020675407113416,0,0,1,1
31415,5801,17.99,0,-0.5216988865266775,1,Random forest,0.085,-0.7578408519170905,-2.888812624361477,0.085,0.06882660665105911,0,0,0,0
31415,283808,13.61,0,-0.5887986489318693,0,Random forest,0.625,-0.0697917895836686,5.684392815491685,0.625,0.39565421181577926,0,0,1,1
31415,114271,16.48,1,0.024786853980991508,1,Random forest,0.785,0.2861753917761231,6.824221289316202,0.785,0.6117890939529358,0,1,1,1
31415,154883,10.0,0,-0.42900076759309913,1,Random forest,0.205,-0.415441873944532,0.40647543311549017,0.205,0.14351042185028784,0,0,0,0
31415,35989,18.96,0,-0.9688748362019869,0,Random forest,0.0,-1.0460080964047505,-1.2255277304745427,0.0,-0.8346778194135697,0,0,0,0
31415,252500,15.0,0,-1.0490991686792657,0,Random forest,0.03,-1.144470553724141,-0.9376522073044951,0.03,-0.9102984888530165,0,0,0,0
31415,191267,7.18,1,-0.7872174777334107,0,Random forest,0.2,-0.8089169657169477,0.3998244437603117,0.2,0.48878874424858654,0,0,0,1
31415,165953,101.16,0,-1.1834575518429546,0,Random forest,0.0,-1.2426841030337856,-1.8169672098053342,0.0,-1.2424418562280541,0,0,0,0
31415,116403,9.99,0,-1.50200031071182,0,Random forest,0.0,-1.274562512067347,-2.2341355948241293,0.0,-1.2775828530368143,0,0,0,0
31415,27738,125.3,1,-0.3772702592571165,1,Random forest,0.745,1.1112209428599165,6.053599769253876,0.745,0.5088865209480254,1,0,1,1
31415,6338,1.0,1,-0.21122718440104082,1,Random forest,0.87,1.2224353163852286,6.758483604360303,0.87,0.579931282256023,1,1,1,1
31415,142530,29.95,0,-1.515709003155152,0,Random forest,0.005,-1.3130954724863049,-2.5726872937690812,0.005,-0.9099198797002604,0,0,0,0
31415,156478,10.47,0,-0.9159273719553704,0,Random forest,0.095,-0.673173717445751,-2.215437364084974,0.095,0.13268931532555034,0,0,0,0
31415,230335,219.0,0,-1.168414544001792,0,Random forest,0.005,-1.27188643928307,-2.16310406818417,0.005,-0.8543537296083644,0,0,0,0
31415,4323,8.63,0,-1.5133162611170334,0,Random forest,0.045,-1.0404496267111942,-0.9218531032920542,0.045,-0.5233897972891918,0,0,0,0
31415,64460,99.99,1,0.003175024852873576,1,Random forest,0.79,1.075245806919419,20.074753184838336,0.79,0.5020848999691859,1,1,1,1
31415,10204,11.39,1,-0.30719973075497764,1,Random forest,0.825,0.7480754239291382,9.631426367623723,0.825,0.502502117816019,1,1,1,1
31415,277623,8.93,0,-0.5662101118683793,0,Random forest,0.12,-0.5394257555277611,-2.1720544427334696,0.12,0.16366179926612634,0,0,0,0
31415,122616,168.85,0,-1.003570342196459,0,Random forest,0.035,-0.9670639069448943,-1.7192965324858993,0.035,-0.3201336973735217,0,0,0,0
31415,153324,287.38,0,-0.5043903122597119,1,Random forest,0.055,-0.7207285792143967,0.20492371291338063,0.055,0.480185718793901,0,0,0,1
31415,118867,118.0,0,-1.2144990139537288,0,Random forest,0.0,-1.2647249783114594,-2.291887155253075,0.0,0.011440142403177422,0,0,0,0
31415,249501,18.25,0,-1.3409757705044418,0,Random forest,0.215,-1.0031668419806226,-0.8999679641222087,0.215,0.1409606353339523,0,0,0,0
31415,156430,12.13,0,-0.9159944944205028,0,Random forest,0.27,-0.37182809097776215,-0.013092889800032537,0.27,0.6169853213769252,0,0,0,1
31415,44508,1.98,0,-1.004826207265545,0,Random forest,0.085,-0.8652321110252774,-1.7433622433025264,0.085,0.07472808493333294,0,0,0,0
31415,121039,0.89,0,-1.4019486444816631,0,Random forest,0.0,-1.1464629761514087,-1.9098327218203603,0.0,0.028100957055864795,0,0,0,0
31415,80692,34.95,0,-1.3037019578121307,0,Random forest,0.005,-1.2507093258598423,-1.863717424817033,0.005,-1.3408939762280379,0,0,0,0
31415,145095,1.52,0,-1.3060791416614754,0,Random forest,0.045,-0.8508242256161382,-2.695789868280158,0.045,-0.13688537903494657,0,0,0,0
31415,541,0.0,1,-0.22058826221469427,1,Random forest,0.74,0.05451510921847802,6.269486917466059,0.74,0.5061003092899317,0,1,1,1
31415,257262,0.76,0,-0.959827832410187,0,Random forest,0.095,-0.9215595891445449,-0.38552733620458624,0.095,-0.1501607116568654,0,0,0,0
31415,256158,29.56,0,-1.1105995452852664,0,Random forest,0.0,-1.400947327559739,-2.073338451165123,0.0,0.026874441307571384,0,0,0,0
31415,123515,3.58,0,-0.7938247635992045,0,Random forest,0.0,-1.0651283999074468,-1.0889531996590762,0.0,-1.2212235756606287,0,0,0,0
31415,178862,22.0,0,-0.4937662698341271,1,Random forest,0.335,-0.8146923317941535,-0.944112776846994,0.335,-0.2857380451436283,0,0,0,0
31415,263324,127.14,1,-0.4957028161304239,1,Random forest,0.75,1.2909460711413159,12.457562397821844,0.75,0.5292631269592961,1,1,1,1
31415,233343,17.99,0,-0.7010852484291481,0,Random forest,0.065,-0.9680569407778474,-3.4961896396661247,0.065,0.07289499663953153,0,0,0,0
31415,273769,2.49,0,-1.302044185826056,0,Random forest,0.0,-1.1957550985038483,-2.2234333549312106,0.0,-0.7642716290749264,0,0,0,0
31415,207992,402.4,0,-1.0835119452376958,0,Random forest,0.105,-0.9755981586519793,-0.12910632935531352,0.105,0.11941176119962399,0,0,0,0
31415,204509,0.76,0,-0.9550476221399974,0,Random forest,0.01,-1.0761744331329337,-0.6463296793602953,0.01,0.3721920303592423,0,0,0,1
31415,273142,16.99,0,-0.8773010078168233,0,Random forest,0.025,-0.9532515278325633,-1.1378245891723513,0.025,-0.6907892860283954,0,0,0,0
31415,278629,291.6,0,-0.7459700713804336,0,Random forest,0.045,-0.6064425109908835,-2.470368809603195,0.045,-0.051489954452282105,0,0,0,0
31415,61862,1534.0,0,-0.553007529981954,0,Random forest,0.41,0.5796027250843608,-4.940226887217937,0.41,0.5019731192121305,0,0,0,1
31415,14450,175.1,0,-1.0266163332079676,0,Random forest,0.0,-1.465250698020118,-2.6310850395273984,0.0,-0.5439824051013703,0,0,0,0
31415,106923,108.01,0,-1.225144118800923,0,Random forest,0.0,-1.2886981561656419,-2.940944474144433,0.0,-1.030915033112369,0,0,0,0
31415,102323,21.78,0,-1.0696566867146287,0,Random forest,0.19,-0.7565001606719473,-0.09940941672122727,0.19,-0.387466104491875,0,0,0,0
31415,68132,142.98,0,-0.7774655843231548,0,Random forest,0.005,-1.3359200225005616,-3.2488954656593396,0.005,0.24829958487744652,0,0,0,0
31415,13179,0.89,0,-1.7920549276886244,0,Random forest,0.02,-1.057809811348722,-1.1577653882595558,0.02,-0.6123725904395471,0,0,0,0
31415,178385,88.28,0,-1.030971732370035,0,Random forest,0.01,-1.3374061149288083,-2.3459153721054555,0.01,-0.2606335294557569,0,0,0,0
31415,15751,99.99,1,-0.1658402885988367,1,Random forest,0.8,0.614954952451124,40.883890725360274,0.8,0.5020675796555214,0,1,1,1
31415,250349,116.09,0,-1.107520009656104,0,Random forest,0.005,-1.2173467807466851,-0.6056264603599303,0.005,-0.7294054808957663,0,0,0,0
31415,114387,77.38,0,-1.330245108693111,0,Random forest,0.0,-1.3265525443405146,-1.3647776406058594,0.0,-0.1382328389181301,0,0,0,0
31415,243547,57.73,1,-0.60896252557558,0,Random forest,0.92,0.9553611363814768,13.83366173886903,0.92,0.5021485387465493,1,1,1,1
31415,53591,1.0,1,-0.12122822545010259,1,Random forest,0.79,0.5436322842868091,3.4129564062002977,0.79,0.5539977254932225,0,0,1,1
31415,30473,14.46,1,-0.12279860325969683,1,Random forest,0.81,1.6234409918627135,19.438909200023122,0.81,0.5265697207713566,1,1,1,1
31415,116817,779.69,0,-0.906150852924892,0,Random forest,0.095,0.04234483839294867,-4.223557319925118,0.095,0.4983437431239294,0,0,0,1
31415,168383,18.88,0,-1.1339127156531785,0,Random forest,0.015,-0.8968591740036236,-2.382385865115289,0.015,-0.15237467941504657,0,0,0,0
31415,98009,15.38,0,-1.125455274468541,0,Random forest,0.0,-1.113729547984715,-1.4508027708316709,0.0,-0.9955856298088613,0,0,0,0
31415,166624,77.0,0,-1.1652378151951992,0,Random forest,0.025,-1.1083592097564348,-1.5290146682655417,0.025,-0.7803318385208761,0,0,0,0
31415,182656,47.0,0,-1.391699817029223,0,Random forest,0.095,-1.1205822240346885,-1.1950021297869926,0.095,-0.8693469886211024,0,0,0,0
31415,281534,9.21,0,-1.2658065207195914,0,Random forest,0.035,-1.0396794735184023,-2.8432250135142176,0.035,-0.15686543227319139,0,0,0,0
31415,257236,106.07,0,-0.8628380740563352,0,Random forest,0.18,-0.8223368066709382,-1.7516020214082066,0.18,0.2951720234388053,0,0,0,0
31415,228871,40.93,0,-1.5364954590234783,0,Random forest,0.005,-1.3210670276466348,-2.192509315244111,0.005,-0.41317166052954124,0,0,0,0
31415,261473,4.9,1,-0.16734188531049604,1,Random forest,0.835,0.3599329133017336,3.57775194871049,0.835,0.48082926877441984,0,0,1,1
31415,247944,6.99,0,-1.012795630529526,0,Random forest,0.02,-1.0294685985232241,-2.0207329016603097,0.02,-0.4102425450212325,0,0,0,0
31415,146630,5.0,0,-0.7544308750666973,0,Random forest,0.09,-0.5799869631196839,-4.1771902246090145,0.09,-0.13150788302125016,0,0,0,0
31415,58749,161.19,0,-0.8088617328224286,0,Random forest,0.015,-0.9934857709570104,-3.0276254385971635,0.015,-0.34707848275241837,0,0,0,0
31415,194117,105.0,0,-1.3185575998934103,0,Random forest,0.0,-1.3625616722156921,-2.069445558661469,0.0,-0.2883018824642761,0,0,0,0
31415,241244,1.79,0,-1.0219419496954947,0,Random forest,0.025,-1.091086523656134,-1.79305346412733,0.025,-0.8320549515378984,0,0,0,0
27182,150474,28.63,0,-1.2489984358516915,0,RBF-SVM,-1.32230274066036,-1.32230274066036,-1.429141459916953,0.015,-1.2371290606188732,0,0,0,0
27182,79067,59.2,0,-1.159081681228518,0,RBF-SVM,-1.11963615786329,-1.11963615786329,-0.9333171332933677,0.09,-1.399614866437295,0,0,0,0
27182,37529,50.0,0,-1.1446731879772984,0,RBF-SVM,-0.9430968648876462,-0.9430968648876462,-1.1498216250279127,0.01,-1.4998942534046833,0,0,0,0
27182,74365,6.05,0,-1.2881433625494982,0,RBF-SVM,-1.1783806223762114,-1.1783806223762114,-1.0485809369524297,0.01,-0.7678116292465458,0,0,0,0
27182,281302,741.66,0,-0.1609720130852447,0,RBF-SVM,-0.7285926502404222,-0.7285926502404222,-0.9461722821126739,0.14,-0.40980629441363875,0,0,0,0
27182,109557,319.99,0,-0.15610634994118763,0,RBF-SVM,-0.8443568760017094,-0.8443568760017094,-0.8897720219049299,0.21,-0.729049074350093,0,0,0,0
27182,81609,1389.56,1,-0.0338383318947921,0,RBF-SVM,-0.675379260993865,-0.675379260993865,1.2643318680676499,0.805,-0.2896181668077684,0,1,1,1
27182,234633,1.59,1,0.369899052592641,1,RBF-SVM,0.7807606572531977,0.7807606572531977,0.849381028111561,0.925,0.6450787857404611,1,1,1,1
27182,218217,295.93,0,-0.8219606617066224,0,RBF-SVM,-1.0688571422839483,-1.0688571422839483,-1.1957090233083936,0.08,-0.7098632428799929,0,0,0,0
27182,261191,8.36,0,-1.0546931396439212,0,RBF-SVM,-1.163082910670455,-1.163082910670455,-0.9460041934236209,0.135,-1.2151572292239141,0,0,0,0
27182,136147,9.99,0,-0.6801726232233071,0,RBF-SVM,-1.1356706337422218,-1.1356706337422218,-1.0421936706876713,0.015,-1.3184058526223719,0,0,0,0
27182,243333,0.89,0,-0.9536979169046164,0,RBF-SVM,-1.441492635797773,-1.441492635797773,-1.4419351134169291,0.02,-1.207177508036507,0,0,0,0
27182,154697,7.59,1,0.06368857373155162,0,RBF-SVM,0.6947631340570292,0.6947631340570292,1.0116419523351616,0.925,-0.2855783045490734,1,1,1,1
27182,27278,4.92,0,-0.9951552545999781,0,RBF-SVM,-0.8246663247483804,-0.8246663247483804,-1.2456670736578874,0.03,-1.4117403124239354,0,0,0,0
27182,88862,260.0,0,-0.6717611030004834,0,RBF-SVM,-0.7348259676996,-0.7348259676996,-0.6526501389246981,0.125,-0.9980316397272192,0,0,0,0
27182,77285,39.2,0,-0.789017075186056,0,RBF-SVM,-1.546771430428785,-1.546771430428785,-2.1323288263673836,0.05,-0.7195763822158309,0,0,0,0
27182,157611,18.35,0,-0.8741390854709206,0,RBF-SVM,-1.1797835384562088,-1.1797835384562088,-1.227218502451085,0.02,-0.9181179437640679,0,0,0,0
27182,282362,15.0,0,-0.40396551174540873,0,RBF-SVM,-1.2104831223016446,-1.2104831223016446,-1.1384111785618503,0.02,-1.2792101855286218,0,0,0,0
27182,162490,25.0,0,-1.2766109076911936,0,RBF-SVM,-1.0653886870670857,-1.0653886870670857,-0.8187464780990755,0.09,-0.6142095716609733,0,0,0,0
27182,157427,1.0,0,-1.022534636302891,0,RBF-SVM,-1.4917682883656551,-1.4917682883656551,-1.2639570912292686,0.005,-1.3345227805313267,0,0,0,0
27182,17366,99.99,1,0.30566725536318673,1,RBF-SVM,0.6650798849240311,0.6650798849240311,8.012407258161717,0.965,-0.17576364994615423,1,1,1,1
27182,42856,173.07,1,0.3934043955489419,1,RBF-SVM,1.0188892523876432,1.0188892523876432,4.6220340856135635,0.895,-0.04664534394731473,1,1,1,1
27182,93498,12.31,0,-0.9860104241229825,0,RBF-SVM,-1.1279408509680466,-1.1279408509680466,-0.9485290400852442,0.06,-1.324377357576532,0,0,0,0
27182,11343,1.0,1,0.1676984886638741,1,RBF-SVM,0.9634519201524373,0.9634519201524373,5.232251094839142,0.865,0.15366084005023795,1,1,1,1
27182,251681,11.8,0,-0.9751653574232501,0,RBF-SVM,-0.9534394279718029,-0.9534394279718029,-1.3454720462903613,0.005,-1.3245920860091946,0,0,0,0
27182,11826,1.78,0,-0.8270350198393009,0,RBF-SVM,-1.1689809923603363,-1.1689809923603363,-1.1134552762374694,0.0,-1.1425428036118945,0,0,0,0
27182,81716,87.48,0,-1.2556322264602544,0,RBF-SVM,-1.2600017058989692,-1.2600017058989692,-1.009805377610478,0.005,-1.3830597524668458,0,0,0,0
27182,587,0.77,0,-0.9393362503462025,0,RBF-SVM,-1.3353247706321725,-1.3353247706321725,-1.1257338473974055,0.0,-1.42224801139229,0,0,0,0
27182,58561,0.77,0,-1.0714482537211931,0,RBF-SVM,-1.0764733464577605,-1.0764733464577605,-0.9269682895924997,0.0,-1.4554229379266426,0,0,0,0
27182,139966,19.8,0,-0.8110930647815783,0,RBF-SVM,-1.0901410334166577,-1.0901410334166577,-1.0861130315861953,0.005,-0.7824323189949036,0,0,0,0
27182,91671,290.18,1,0.11828834415705738,0,RBF-SVM,-0.2795894781686715,-0.2795894781686715,-1.2622124884688493,0.125,-0.7123441599500685,0,0,0,0
27182,183875,30.71,0,-0.9323173687664362,0,RBF-SVM,-1.3528932648683656,-1.3528932648683656,-1.62314253085187,0.035,-0.9876103356289018,0,0,0,0
27182,170339,20.0,0,-1.230448340583749,0,RBF-SVM,-1.3336642678373078,-1.3336642678373078,-1.0985845465428392,0.005,-1.4716193649497382,0,0,0,0
27182,83686,186.33,0,-0.9955041339336445,0,RBF-SVM,-0.9220852792593767,-0.9220852792593767,-0.7681528515320527,0.07,-0.8129381276818236,0,0,0,0
27182,41289,40.0,0,-1.3427415772597948,0,RBF-SVM,-1.113566950458506,-1.113566950458506,-1.02345966104235,0.05,-1.2670272642212455,0,0,0,0
27182,280501,0.76,0,-1.0072315337187419,0,RBF-SVM,-1.3306883703431576,-1.3306883703431576,-1.0087066877130526,0.005,-1.444247902040446,0,0,0,0
27182,6137,10.14,0,-1.0776031591586495,0,RBF-SVM,-1.2459668184737451,-1.2459668184737451,-1.1685297517237845,0.045,0.007579627123378174,0,0,0,1
27182,92605,2.99,0,-0.08492984930500241,0,RBF-SVM,-0.565614104901259,-0.565614104901259,-1.5573966121091556,0.215,-1.096751802465116,0,0,0,0
27182,31049,8.4,0,-1.2055583833235732,0,RBF-SVM,-1.2687266222265714,-1.2687266222265714,-1.160969103072106,0.0,-1.300883263721002,0,0,0,0
27182,40085,1.0,1,-0.8214483044397517,0,RBF-SVM,-0.405762024914902,-0.405762024914902,-0.3611737756519395,0.32,0.07108912933026523,0,0,0,1
27182,217730,1.0,0,-1.1348188564575117,0,RBF-SVM,-1.3198144288877385,-1.3198144288877385,-1.2055742569726662,0.01,-1.614257426872119,0,0,0,0
27182,274586,5.49,0,-0.8316636958351107,0,RBF-SVM,-1.2458098591542963,-1.2458098591542963,-1.357380109328116,0.055,-1.1288673341541027,0,0,0,0
27182,180380,20.0,0,-0.25385049453682174,0,RBF-SVM,-1.152051673872241,-1.152051673872241,-1.1737300916118982,0.12,-0.7560734052760083,0,0,0,0
27182,107552,12.99,0,-1.1407386788628533,0,RBF-SVM,-1.022976281531285,-1.022976281531285,-0.8183502680902648,0.0,-1.181867312277511,0,0,0,0
27182,280993,24.99,0,-0.9976712718968869,0,RBF-SVM,-1.4856434832739687,-1.4856434832739687,-1.382610923090687,0.115,-0.9843683430713673,0,0,0,0
27182,102444,1.0,1,0.07755320051501052,0,RBF-SVM,-0.17699833013619531,-0.17699833013619531,1.0650043570933996,0.81,-0.28642544441150664,0,1,1,1
27182,207405,3.59,0,-1.1315402635904666,0,RBF-SVM,-1.3566323083156633,-1.3566323083156633,-1.4867639215151094,0.04,-1.5343587784903772,0,0,0,0
27182,111706,0.12,0,-0.8804430955594987,0,RBF-SVM,-1.1083701424088834,-1.1083701424088834,-1.57137490443698,0.04,-0.9911941863510805,0,0,0,0
27182,217439,80.03,0,-0.960669046448258,0,RBF-SVM,-0.9845682625461146,-0.9845682625461146,-1.3482807977200384,0.005,-1.134728324566796,0,0,0,0
27182,111690,238.9,1,0.16682006240619374,1,RBF-SVM,1.3251734460154128,1.3251734460154128,1.2055163179791328,0.79,-0.19015479597489807,1,1,1,1
27182,153535,9.99,0,-0.9243157984554234,0,RBF-SVM,-1.0914191968690627,-1.0914191968690627,-1.5286642649750406,0.07,-0.9352822838937382,0,0,0,0
27182,150715,11.4,1,0.3159543433534616,1,RBF-SVM,1.0076791524153987,1.0076791524153987,4.066053501512254,0.93,-0.23083228042450854,1,1,1,1
27182,126176,1.0,0,-1.0251114025272081,0,RBF-SVM,-1.332116762913494,-1.332116762913494,-1.2102064688324279,0.0,-1.1714658442270538,0,0,0,0
27182,261925,156.0,1,0.41627301330237343,1,RBF-SVM,0.9474120394193787,0.9474120394193787,-0.39948203222667744,0.89,0.1599145403802238,1,0,1,1
27182,68067,519.9,1,-0.2989066541991363,0,RBF-SVM,-0.39412294276613447,-0.39412294276613447,-0.7880556779557956,0.16,-0.6068213616006959,0,0,0,0
27182,116326,42.81,0,-0.9645722856693929,0,RBF-SVM,-1.151578098790884,-1.151578098790884,-0.9739360219579566,0.045,-0.9014494607984487,0,0,0,0
27182,233386,1.98,0,-1.1090140037208644,0,RBF-SVM,-1.2734485336155765,-1.2734485336155765,-1.341970108815643,0.035,-1.2365245109144885,0,0,0,0
27182,74880,7.83,0,-0.8125641449026754,0,RBF-SVM,-1.0792002394236249,-1.0792002394236249,-0.9875163432650718,0.02,-1.6492061948752101,0,0,0,0
27182,28187,1.0,0,-0.9598410001238925,0,RBF-SVM,-0.9525811085474546,-0.9525811085474546,-0.7363095966951289,0.015,-1.0781119861408388,0,0,0,0
27182,41943,0.76,1,0.5298848722126491,1,RBF-SVM,1.6468140024239424,1.6468140024239424,4.740381453065025,0.845,-0.15557400699267393,1,1,1,1
27182,166794,8.99,0,-1.2448932415855496,0,RBF-SVM,-1.278759901738608,-1.278759901738608,-1.2233609160228556,0.02,-1.5835687978703574,0,0,0,0
27182,200911,108.0,0,-0.8793111591571965,0,RBF-SVM,-0.8509560353182103,-0.8509560353182103,-1.3028833339311237,0.05,-0.9729731124562802,0,0,0,0
27182,81111,356.52,0,-1.0114185065819203,0,RBF-SVM,-0.8373894934407989,-0.8373894934407989,-0.5257166049450015,0.035,-0.6119798157154885,0,0,0,0
27182,218094,15.0,0,-0.9747405610229042,0,RBF-SVM,-1.4170051235013619,-1.4170051235013619,-1.237601122129019,0.04,-1.4911215620160967,0,0,0,0
27182,62234,14.45,0,-0.6632790962772576,0,RBF-SVM,-0.9970783488515288,-0.9970783488515288,-1.4278932964941058,0.125,-0.963538376358074,0,0,0,0
27182,264924,3.86,0,-0.6831183583573434,0,RBF-SVM,-1.1787488486714996,-1.1787488486714996,-1.6541337818601614,0.095,-0.807735578716664,0,0,0,0
27182,154454,147.87,1,-0.009101010030828832,0,RBF-SVM,0.6295270173489186,0.6295270173489186,0.4490877247003766,0.74,0.15153219401887985,1,1,1,1
27182,251866,3.9,1,0.1861049900456648,1,RBF-SVM,1.079128894472601,1.079128894472601,1.348292554823998,0.77,0.07577409731368911,1,1,1,1
27182,213116,8.3,1,-0.07981475445756739,0,RBF-SVM,1.1292266782625437,1.1292266782625437,0.9280633277981436,0.835,-0.27433812900590054,1,1,1,1
27182,84685,90.04,0,-1.0014344186143187,0,RBF-SVM,-1.0763504518994564,-1.0763504518994564,-0.8782504066560466,0.005,-1.6163172448316305,0,0,0,0
27182,248060,42.95,0,-1.2790613497574503,0,RBF-SVM,-1.3991211308584013,-1.3991211308584013,-1.3308108428456284,0.09,-1.4290700453759217,0,0,0,0
27182,268521,9.09,0,-1.206048096625696,0,RBF-SVM,-1.2146412077977533,-1.2146412077977533,-1.3883835438503902,0.01,-1.2112353198645327,0,0,0,0
27182,182652,1.79,0,-0.9879884440029537,0,RBF-SVM,-1.126379221466739,-1.126379221466739,-1.1054023472526535,0.03,-1.3090851801639753,0,0,0,0
27182,45883,304.98,0,-0.7373704687990315,0,RBF-SVM,-0.8198914546475159,-0.8198914546475159,-0.8768802703705372,0.09,-0.6306183805892044,0,0,0,0
27182,155941,18.91,0,-1.1158563523184315,0,RBF-SVM,-1.329607068193723,-1.329607068193723,-1.600514249733784,0.0,-0.7351685638700729,0,0,0,0
27182,44270,1.0,1,0.20600630541761933,1,RBF-SVM,0.6116669719969698,0.6116669719969698,4.173953622172213,0.91,-0.28639514898106083,1,1,1,1
27182,8307,13.56,0,-1.1285529654951136,0,RBF-SVM,-1.1103546458534062,-1.1103546458534062,-0.9897632890110389,0.015,-0.62992947068756,0,0,0,0
27182,77387,444.17,1,0.03970748325948083,0,RBF-SVM,0.7363482125687416,0.7363482125687416,1.1561632278950524,0.785,-0.17731909690629563,1,1,1,1
27182,259635,7.83,0,-1.1118682307502705,0,RBF-SVM,-1.218918296085724,-1.218918296085724,-1.1889122912300782,0.0,-1.5288643626818885,0,0,0,0
27182,117421,1.0,0,-0.18782555581320023,0,RBF-SVM,-0.8206062248395091,-0.8206062248395091,-1.2410164710989442,0.015,-0.980671837873788,0,0,0,0
27182,251970,19.59,0,-0.7059805813539614,0,RBF-SVM,-1.0963723528227176,-1.0963723528227176,-0.914258555014509,0.055,-0.8960653147846419,0,0,0,0
27182,278621,1.79,0,-0.35784213627837624,0,RBF-SVM,-0.38792517736293697,-0.38792517736293697,0.7292532595556147,0.51,-0.2870677144172828,0,1,1,1
27182,10891,188.78,1,0.09126856858283586,0,RBF-SVM,0.10377291873504471,0.10377291873504471,3.621866174594638,0.79,-0.27898755632142264,0,1,1,1
27182,254722,5.0,0,-1.1307024239800563,0,RBF-SVM,-1.173588171148088,-1.173588171148088,-1.1506519154374866,0.0,-1.396055894909925,0,0,0,0
27182,48094,24.9,1,0.38031758965917506,1,RBF-SVM,1.2157075660394827,1.2157075660394827,-0.21779572918461088,0.945,-0.06054911281814418,1,0,1,1
27182,74938,1.0,0,-1.1268792703153618,0,RBF-SVM,-1.0846842571971684,-1.0846842571971684,-0.8373229794079071,0.0,-1.1368873410256615,0,0,0,0
27182,154676,2.28,1,0.4276549548123523,1,RBF-SVM,1.4057245980665292,1.4057245980665292,1.9248855665368454,0.91,-0.2621785721445558,1,1,1,1
27182,187705,70.65,0,-1.1334965423748422,0,RBF-SVM,-1.204948492535325,-1.204948492535325,-1.2709835071720028,0.015,-1.36349719572192,0,0,0,0
27182,135291,14.66,0,-1.0036721758548905,0,RBF-SVM,-1.4145028455465802,-1.4145028455465802,-1.1798674586018312,0.035,-0.5692600017232972,0,0,0,0
27182,273855,127.45,0,-0.745093492081844,0,RBF-SVM,-0.7355010062542419,-0.7355010062542419,-0.8908908698193924,0.065,-0.9498069792950992,0,0,0,0
27182,23422,717.15,1,-0.0581904127982793,0,RBF-SVM,-0.06657711155630266,-0.06657711155630266,0.9305455548892012,0.8,-0.30558420973368505,0,1,1,1
27182,263599,274.2,0,-1.181479045209155,0,RBF-SVM,-1.1367257272159719,-1.1367257272159719,-1.1022204300874594,0.01,-1.2289803973044342,0,0,0,0
27182,276766,36.06,0,-1.23334627364453,0,RBF-SVM,-1.364109959920112,-1.364109959920112,-1.435660993853122,0.03,-1.7051321285232228,0,0,0,0
27182,43204,106.55,1,0.22425402714526216,1,RBF-SVM,0.7255439104223621,0.7255439104223621,3.956512927671054,0.945,-0.19693142905786398,1,1,1,1
27182,269678,9.99,0,-1.0653966401624038,0,RBF-SVM,-1.15055000669003,-1.15055000669003,-1.1498130887644558,0.02,-1.4005627747113703,0,0,0,0
27182,84307,258.99,0,-0.9243138925635453,0,RBF-SVM,-0.8560033977033231,-0.8560033977033231,-0.7109771703385088,0.135,-0.08176382536582566,0,0,0,1
27182,106339,24.95,0,-0.9573609899256205,0,RBF-SVM,-0.9543284475436297,-0.9543284475436297,-1.2203015742605543,0.005,-1.6803854747908076,0,0,0,0
27182,184981,25.95,0,-0.8801374968317693,0,RBF-SVM,-1.3727228331908508,-1.3727228331908508,-1.0995116092736126,0.015,-1.163616533759818,0,0,0,0
27182,46998,204.27,1,-0.33755299950817585,0,RBF-SVM,0.25563595901753977,0.25563595901753977,0.058014447079757,0.825,-0.3737079720422012,1,1,1,0
27182,141372,27.33,0,-1.0987644908476044,0,RBF-SVM,-0.8110094892124448,-0.8110094892124448,-1.2490026471113378,0.01,-1.547442804052496,0,0,0,0
27182,239923,0.01,0,-0.46107533876694984,0,RBF-SVM,-1.2523822306060255,-1.2523822306060255,-1.1329627125703894,0.025,-1.0803262651189156,0,0,0,0
27182,244138,1.0,0,-1.3023425668509043,0,RBF-SVM,-1.3201944713848686,-1.3201944713848686,-1.234015360466784,0.0,-1.69245647919922,0,0,0,0
27182,67344,99.99,0,-1.181768190129807,0,RBF-SVM,-1.1572238109567807,-1.1572238109567807,-0.9968254584631094,0.005,-1.8122628510187588,0,0,0,0
27182,143588,136.0,0,-0.970790239671718,0,RBF-SVM,-1.2178923031028852,-1.2178923031028852,-0.76590132164014,0.045,-0.604444446684331,0,0,0,0
27182,212204,10.0,0,-1.2904361993489604,0,RBF-SVM,-1.3741530242834405,-1.3741530242834405,-1.3243233947795658,0.045,-1.9526203533922608,0,0,0,0
27182,265209,36.44,0,-1.0911838913671645,0,RBF-SVM,-1.2701878093795587,-1.2701878093795587,-1.4000135628841597,0.02,-1.3971143444782403,0,0,0,0
27182,220416,240.94,0,-1.0299802915876861,0,RBF-SVM,-1.1208587578688165,-1.1208587578688165,-1.088000822360926,0.005,-0.5908141976504266,0,0,0,0
27182,76406,12.45,0,-1.1147628502035032,0,RBF-SVM,-1.2226834186942737,-1.2226834186942737,-0.9440729919778724,0.1,-1.5221320415594017,0,0,0,0
27182,155468,80.55,0,-1.0511763469287825,0,RBF-SVM,-1.1852728413855822,-1.1852728413855822,-1.4025738047913603,0.085,-1.0415137774987973,0,0,0,0
27182,196482,12.5,0,-0.7255992776929985,0,RBF-SVM,-1.1124622876548658,-1.1124622876548658,-1.220702504296511,0.03,-1.4070911211878936,0,0,0,0
27182,80476,9.99,0,-1.231562639858719,0,RBF-SVM,-1.1522252585067763,-1.1522252585067763,-0.9011358195455165,0.05,-1.4976360082642983,0,0,0,0
27182,17317,99.99,1,0.3117120550509607,1,RBF-SVM,0.7017152982449664,0.7017152982449664,7.910665458765447,0.965,-0.1195953997654037,1,1,1,1
27182,140404,25.0,0,-1.241374418537935,0,RBF-SVM,-1.2988273219006012,-1.2988273219006012,-1.5107065281273155,0.005,-1.1319620139223896,0,0,0,0
27182,35399,69.9,0,-1.133157744460175,0,RBF-SVM,-1.2180288974868752,-1.2180288974868752,-0.8775375704365311,0.0,-1.489708849103261,0,0,0,0
27182,119104,34.0,0,-1.0955045446579619,0,RBF-SVM,-1.0422102083710427,-1.0422102083710427,-1.0500179461908667,0.0,-1.5712511035223198,0,0,0,0
27182,119255,8.76,0,-0.9910330914343796,0,RBF-SVM,-1.070210331512113,-1.070210331512113,-1.0250840711143954,0.005,-1.0093284747221847,0,0,0,0
27182,190368,175.9,1,-0.14981619274972355,0,RBF-SVM,0.10317793791828742,0.10317793791828742,0.9529914197669733,0.745,-0.07134192575006396,0,1,1,1
27182,202189,1.98,0,-0.9044697387674577,0,RBF-SVM,-1.2470890836413917,-1.2470890836413917,-1.3048259523585304,0.005,-1.292737652728672,0,0,0,0
27182,106679,227.3,1,0.19266440310006663,1,RBF-SVM,1.2215870537305686,1.2215870537305686,1.3806896244688753,0.78,-0.061588704742982725,1,1,1,1
27182,76853,0.89,0,-1.2061960864808283,0,RBF-SVM,-1.0337665445804334,-1.0337665445804334,-0.9156497247822435,0.0,-1.2633760852826237,0,0,0,0
27182,126416,54.12,0,-1.1295165762853874,0,RBF-SVM,-1.417929241185621,-1.417929241185621,-1.0920047336970953,0.1,-1.44420734710515,0,0,0,0
27182,238081,22.19,0,-1.1408183337864934,0,RBF-SVM,-1.5426208588326256,-1.5426208588326256,-1.5884752057155298,0.02,-1.2864511312497893,0,0,0,0
27182,251881,3.14,1,-0.8964428737406068,0,RBF-SVM,-0.5845595123102753,-0.5845595123102753,-0.5249372744558074,0.33,0.12698411866301917,0,0,0,1
27182,171111,1.98,0,-0.2989617608062526,0,RBF-SVM,-0.4954912673421582,-0.4954912673421582,-0.6163126424884823,0.18,-0.34237414107032516,0,0,0,1
27182,7835,153.7,0,-0.7622304069933322,0,RBF-SVM,-0.898640028513758,-0.898640028513758,-1.289123252084871,0.07,-1.097939023616775,0,0,0,0
27182,84543,454.82,1,0.13011973311934735,1,RBF-SVM,0.48359004608056877,0.48359004608056877,1.242144260170204,0.87,-0.2787837529858162,1,1,1,1
27182,84848,127.65,0,-0.38482739950588485,0,RBF-SVM,-0.7486371189215101,-0.7486371189215101,-1.5191116144817602,0.065,-0.9853808977521401,0,0,0,0
27182,273991,40.46,0,-0.6222205386840394,0,RBF-SVM,-1.0359484014648814,-1.0359484014648814,-1.1759725575353204,0.095,-0.7122852567207191,0,0,0,0
27182,72907,14.15,0,-0.9701636536952974,0,RBF-SVM,-0.8839056309072723,-0.8839056309072723,-1.3135742175860448,0.005,-1.3022541680377024,0,0,0,0
27182,192687,276.17,1,-1.0478521826936789,0,RBF-SVM,-0.8424929316185518,-0.8424929316185518,-0.929909971373763,0.085,0.16304256433203296,0,0,0,1
27182,98940,12.99,0,-0.7602298921777663,0,RBF-SVM,-0.8916535589227453,-0.8916535589227453,-1.0467482580558434,0.045,-1.2207534533415065,0,0,0,0
27182,10690,1218.89,1,-0.09619460959803358,0,RBF-SVM,-0.1442710879975634,-0.1442710879975634,0.358208868956877,0.765,-0.28642544441150664,0,1,1,1
27182,251477,0.77,1,-0.2738292696447461,0,RBF-SVM,0.7359979422830193,0.7359979422830193,1.621752052797716,0.915,-0.04846626975697832,1,1,1,1
27182,251791,49.17,0,-1.029825160546334,0,RBF-SVM,-1.054254559148127,-1.054254559148127,-1.2622657459008446,0.06,-1.0778861651009792,0,0,0,0
27182,33210,707.09,0,-0.2581102031649336,0,RBF-SVM,-0.9141128474963783,-0.9141128474963783,-0.564395603353737,0.085,-0.4914011328070993,0,0,0,0
27182,109759,160.25,0,-0.28674704569411336,0,RBF-SVM,-0.8301815220373508,-0.8301815220373508,-0.5022989788190337,0.275,-0.4764120433344111,0,0,0,0
27182,226969,97.9,0,-1.2357257790307554,0,RBF-SVM,-1.1897596428892079,-1.1897596428892079,-1.2442702473262088,0.045,-1.5859115609153387,0,0,0,0
27182,8972,179.66,1,-0.08768614236502753,0,RBF-SVM,0.3678813901821195,0.3678813901821195,-1.2355948167711888,0.91,-0.27808782731291914,1,0,1,1
27182,249660,1.98,0,-0.9772920341622596,0,RBF-SVM,-1.1364213349706105,-1.1364213349706105,-1.1496752302672526,0.03,-1.3932465917284875,0,0,0,0
27182,151008,1.0,1,0.18005644092136283,1,RBF-SVM,-0.13812082805899487,-0.13812082805899487,3.9426441872354516,0.87,-0.28642544441150664,0,1,1,1
27182,15781,99.99,1,0.4702686257413482,1,RBF-SVM,0.8448449850714865,0.8448449850714865,7.478464342701265,0.97,0.29545612616019434,1,1,1,1
27182,157090,15.73,0,-0.948095186082008,0,RBF-SVM,-0.7302754820821443,-0.7302754820821443,-1.1385629915649131,0.235,-0.19831517400155582,0,0,0,1
27182,133666,1.29,0,-1.2976813630883195,0,RBF-SVM,-1.1722272053879592,-1.1722272053879592,-0.9578071094033636,0.0,-1.5904573706717542,0,0,0,0
27182,204064,345.0,1,-0.031194245597142012,0,RBF-SVM,0.7693791484434275,0.7693791484434275,0.02713098446257145,0.83,-0.2823254321032225,1,1,1,1
27182,169600,4.49,0,-1.0096489701434619,0,RBF-SVM,-1.2743174393129901,-1.2743174393129901,-1.1992886783510381,0.01,-1.355419701040001,0,0,0,0
27182,239395,9.99,0,-0.9275778497380812,0,RBF-SVM,-1.4671470507299371,-1.4671470507299371,-1.5342756677662832,0.065,-1.5297587203839083,0,0,0,0
27182,282391,9.99,0,-0.9219236911779768,0,RBF-SVM,-1.3773075556239551,-1.3773075556239551,-1.3468220714200427,0.0,-1.578448951010357,0,0,0,0
27182,34246,0.89,0,-1.0204442769144069,0,RBF-SVM,-1.2345523794436148,-1.2345523794436148,-1.1133984708649955,0.0,-1.5651402439625255,0,0,0,0
27182,271930,25.0,0,-0.8188190374647657,0,RBF-SVM,-1.0853813936070418,-1.0853813936070418,-1.2661144100569242,0.03,-1.0717982086809432,0,0,0,0
27182,265801,10.0,0,-1.2617288770748432,0,RBF-SVM,-1.4407063138044982,-1.4407063138044982,-1.38218226621643,0.01,-1.8468913794316464,0,0,0,0
27182,197114,142.37,0,-0.8222775049627746,0,RBF-SVM,-1.0941890654195363,-1.0941890654195363,-1.1947147996033116,0.01,-1.1420513257123035,0,0,0,0
27182,145800,451.27,1,-0.4703870432093893,0,RBF-SVM,-0.18351937014297773,-0.18351937014297773,-0.8105317657431793,0.32,-0.39523906983755913,0,0,0,0
27182,52017,262.5,0,-1.1008030970072193,0,RBF-SVM,-0.8430591706655172,-0.8430591706655172,-0.7686966313448115,0.02,-1.5748797305662454,0,0,0,0
27182,249607,35.0,1,-0.059100779772382955,0,RBF-SVM,0.45083744971030926,0.45083744971030926,0.4938928584751241,0.77,-0.28580885228978253,1,1,1,1
27182,51200,36.9,0,-1.2012977201553392,0,RBF-SVM,-1.2999999512976907,-1.2999999512976907,-1.3440308479792746,0.0,-1.2923136576141032,0,0,0,0
27182,50941,22.07,0,-0.9742973370825868,0,RBF-SVM,-1.4291317093406508,-1.4291317093406508,-1.2995614373062936,0.0,-1.4496993020496614,0,0,0,0
27182,260554,6.98,0,-0.7214326676484165,0,RBF-SVM,-1.1129446622085164,-1.1129446622085164,-1.0447674205580453,0.035,-0.7213140143737268,0,0,0,0
27182,30222,11.5,0,-0.8433953098873203,0,RBF-SVM,-0.9269834741778077,-0.9269834741778077,-1.1989674557203998,0.005,-1.1805884177835968,0,0,0,0
27182,36311,101.5,0,-0.9490893621129982,0,RBF-SVM,-1.010302573345024,-1.010302573345024,-1.3852362591707945,0.045,-0.7914230559164024,0,0,0,0
27182,84127,44.22,0,-0.9831823954395932,0,RBF-SVM,-1.0999015728098251,-1.0999015728098251,-1.2176891968695593,0.01,-1.3436654701083832,0,0,0,0
27182,42887,37.32,1,0.47210563043532816,1,RBF-SVM,1.0910187002182485,1.0910187002182485,4.301912333916403,0.955,0.3485425428535158,1,1,1,1
27182,240001,104.65,0,-0.8381786325461688,0,RBF-SVM,-1.3016009489193714,-1.3016009489193714,-1.2060670805583804,0.01,-1.3520071306073662,0,0,0,0
27182,64699,474.79,0,-0.30049300861071204,0,RBF-SVM,-0.5617064449959851,-0.5617064449959851,-0.873383874784897,0.155,-0.5024956187480338,0,0,0,0
27182,69498,8.0,1,0.3812062815113809,1,RBF-SVM,0.7975948448960474,0.7975948448960474,0.43587388274017513,0.835,-0.05981090127859934,1,1,1,1
27182,52975,34.66,0,-1.1544645953787693,0,RBF-SVM,-0.7262385563248707,-0.7262385563248707,-0.5423547440839143,0.0,-1.2504613423618012,0,0,0,0
27182,43624,39.45,1,0.25206931391379594,1,RBF-SVM,0.9039312182545775,0.9039312182545775,0.26182192539078186,0.9,0.029123523400600038,1,1,1,1
27182,145064,11.96,0,-0.3044109523016013,0,RBF-SVM,-1.1696487316767123,-1.1696487316767123,-1.1307975578762788,0.065,-0.4324533978320834,0,0,0,0
27182,123786,0.79,0,-1.3109902735572956,0,RBF-SVM,-1.128164592309315,-1.128164592309315,-1.1172301079367695,0.005,-1.3566214477261085,0,0,0,0
27182,203364,576.3,0,0.13295232773546964,1,RBF-SVM,-0.7079562978782336,-0.7079562978782336,-0.5605000580069093,0.155,-0.39978445057486894,0,0,0,0
27182,212210,8.05,0,-1.0508958744144214,0,RBF-SVM,-1.2009081983863885,-1.2009081983863885,-0.9815615279336907,0.0,-1.3892441585058173,0,0,0,0
27182,230725,125.4,0,-0.9070136515420303,0,RBF-SVM,-0.8247169490040697,-0.8247169490040697,-1.1811356120350855,0.09,-1.1942636136620515,0,0,0,0
27182,147548,1.18,1,0.2150203138056886,1,RBF-SVM,1.452203529386691,1.452203529386691,-0.013964923857492595,0.86,-0.27728477787103706,1,1,1,1
27182,83053,6.27,1,0.14128154350744432,1,RBF-SVM,0.523599744167499,0.523599744167499,0.699051833248308,0.815,-0.0672105026910646,1,1,1,1
27182,97702,15.0,0,-0.9846415301508921,0,RBF-SVM,-1.1066527268539945,-1.1066527268539945,-1.2663117572815619,0.035,-1.164207594647235,0,0,0,0
27182,110839,7.68,0,-0.8984776454167044,0,RBF-SVM,-1.2473014838962964,-1.2473014838962964,-1.1640166273384358,0.01,-1.6634685230833595,0,0,0,0
27182,171808,1.0,0,-0.587825750857408,0,RBF-SVM,-1.026752311195921,-1.026752311195921,-1.0526811764725852,0.095,-1.153603627629989,0,0,0,0
27182,10484,3.79,1,-0.7194647419393619,0,RBF-SVM,-0.6560256447471763,-0.6560256447471763,-0.6144301497285081,0.355,0.4117602089153145,0,0,0,1
27182,63421,99.99,1,0.3331321782333297,1,RBF-SVM,1.852392639194994,1.852392639194994,3.1793159291144484,0.865,-0.27633108362580555,1,1,1,1
27182,228162,12.31,0,-1.0528597775138056,0,RBF-SVM,-1.165686497936054,-1.165686497936054,-0.8682055041598151,0.005,-1.2303506062788347,0,0,0,0
27182,226675,10.98,0,-1.0309904852987763,0,RBF-SVM,-1.2013643377334053,-1.2013643377334053,-1.1658458504766056,0.01,-1.5426066768507647,0,0,0,0
27182,268437,41.72,0,-1.0563223517746836,0,RBF-SVM,-1.4332137004056313,-1.4332137004056313,-1.3433009712959902,0.055,-0.5061271674777572,0,0,0,0
27182,130518,1.0,0,-0.921459930855337,0,RBF-SVM,-1.2405883991040285,-1.2405883991040285,-1.2858496652921145,0.01,-1.0821243793920732,0,0,0,0
27182,157140,24.19,0,-1.1427570401955358,0,RBF-SVM,-1.077799325570046,-1.077799325570046,-0.8963812253023364,0.065,-0.20010983779443467,0,0,0,1
27182,152329,73.0,0,-1.0978591440658356,0,RBF-SVM,-1.1262153040053782,-1.1262153040053782,-0.7786565650927781,0.01,-0.5180272042563844,0,0,0,0
27182,8842,0.0,1,0.26969073364800333,1,RBF-SVM,2.344716851001207,2.344716851001207,1.14546375431918,0.9,-0.24916803227507478,1,1,1,1
27182,36682,1.0,0,-0.6673586079997643,0,RBF-SVM,-0.6661841867464929,-0.6661841867464929,-0.8770990005533518,0.085,-1.1440947806634332,0,0,0,0
27182,172256,20.6,0,-1.0413782606473525,0,RBF-SVM,-1.4713257576758612,-1.4713257576758612,-1.2818369242178447,0.075,-1.0564244456525018,0,0,0,0
27182,243699,1.0,1,0.2097374769043239,1,RBF-SVM,1.220805284508637,1.220805284508637,0.7896860389537743,0.91,-0.2588646358360421,1,1,1,1
27182,10568,1.0,1,0.19385309088959157,1,RBF-SVM,0.9993603388351308,0.9993603388351308,5.206294898064819,0.84,-0.2666231613322878,1,1,1,1
27182,53043,24.0,0,-1.1710355752623012,0,RBF-SVM,-1.2672816396317204,-1.2672816396317204,-0.9656021954347933,0.0,-1.4928413310272186,0,0,0,0
27182,42609,83.38,1,0.15274418310714288,1,RBF-SVM,1.4688967265054074,1.4688967265054074,4.817236362221335,0.835,0.21771820175085377,1,1,1,1
27182,180467,79.0,0,-0.909334483563453,0,RBF-SVM,-1.1504306509265876,-1.1504306509265876,-0.9396800625912738,0.005,-1.2317502166499614,0,0,0,0
27182,43372,130.95,0,-0.22667074043868304,0,RBF-SVM,-1.2461913261104838,-1.2461913261104838,-2.3422172810221995,0.205,-0.2855584697189906,0,0,0,1
27182,119508,257.57,0,-0.556409721735729,0,RBF-SVM,-0.7544820734262069,-0.7544820734262069,-0.697995839065304,0.165,-0.6003880143649649,0,0,0,0
27182,186165,15.0,0,-1.0885863882550844,0,RBF-SVM,-1.0205170850549476,-1.0205170850549476,-0.8134305508260202,0.0,-0.9066663714185571,0,0,0,0
27182,144108,310.42,1,0.18944185422083587,1,RBF-SVM,1.5320451136076352,1.5320451136076352,1.5437511336956555,0.805,-0.256712504759361,1,1,1,1
27182,34442,5.51,0,-1.2065040717989308,0,RBF-SVM,-1.2980385365550846,-1.2980385365550846,-1.2847627559798607,0.02,-1.8017932151438072,0,0,0,0
27182,56703,0.76,1,-1.1171804780762462,0,RBF-SVM,-0.9826882244919074,-0.9826882244919074,-0.7432052715909234,0.055,-1.3928434368615774,0,0,0,0
27182,83949,130.16,0,-0.15542284483970684,0,RBF-SVM,-0.8205003089414601,-0.8205003089414601,-0.6618363365913871,0.075,-0.667949665231512,0,0,0,0
27182,180255,24.99,0,-0.9160975412005473,0,RBF-SVM,-0.80737837536508,-0.80737837536508,-1.3972677350524394,0.0,-1.2386082460629946,0,0,0,0
27182,251821,248.0,0,-0.5397968654188123,0,RBF-SVM,-0.8722037964162429,-0.8722037964162429,-0.4224251598408743,0.125,-0.7531760366424103,0,0,0,0
27182,244346,1575.5,0,0.024164136839281786,0,RBF-SVM,-0.6778378507727534,-0.6778378507727534,-0.2490331252277671,0.255,-0.3031525946578951,0,0,0,1
27182,150737,13.99,0,-0.8502711813861501,0,RBF-SVM,-1.200041090129299,-1.200041090129299,-1.1035563272632107,0.035,-0.9480911141002524,0,0,0,0
27182,258403,296.0,1,-0.10902413222003599,0,RBF-SVM,0.5629221647546679,0.5629221647546679,-0.03218924306634641,0.805,-0.2852243275731552,1,0,1,1
27182,179507,5.38,0,-1.235809133215144,0,RBF-SVM,-1.29215866116736,-1.29215866116736,-0.9410816263952448,0.0,-1.4480382227215354,0,0,0,0
27182,165036,90.67,0,-1.042543148149734,0,RBF-SVM,-1.3935765365559154,-1.3935765365559154,-1.2789126940965163,0.07,-1.2340604533762771,0,0,0,0
27182,33400,140.1,0,-1.2206141682182372,0,RBF-SVM,-1.02850592423895,-1.02850592423895,-0.8021050107289865,0.04,-0.9829968694183041,0,0,0,0
27182,214662,120.54,1,0.3370043693456496,1,RBF-SVM,1.5911296403657664,1.5911296403657664,1.0482598159202887,0.825,-0.21318748154355133,1,1,1,1
27182,20301,6.46,0,-1.1337143533786207,0,RBF-SVM,-1.2667024790340318,-1.2667024790340318,-0.9458572683058266,0.0,-1.6654284841573033,0,0,0,0
27182,18210,1.0,0,-1.038138873368764,0,RBF-SVM,-0.9808761279642871,-0.9808761279642871,-0.9303166132442624,0.0,-1.5407726332570637,0,0,0,0
27182,48762,34.5,0,-0.8585139451407853,0,RBF-SVM,-0.8445952263796023,-0.8445952263796023,-0.7479247356330747,0.145,-1.2194922663210312,0,0,0,0
27182,2470,0.76,0,-0.38761361049301246,0,RBF-SVM,-0.479077002783051,-0.479077002783051,-0.5913483343708961,0.12,-0.3593920179717939,0,0,0,1
27182,282722,55.0,0,-1.2166531103895273,0,RBF-SVM,-1.0843701002751878,-1.0843701002751878,-1.0179460858073788,0.01,-1.3128167939598765,0,0,0,0
27182,94349,4.99,0,-0.911671230699627,0,RBF-SVM,-1.180308159300919,-1.180308159300919,-1.5096679013980505,0.1,-0.9476637861109687,0,0,0,0
27182,239097,1.0,0,-1.013393188069196,0,RBF-SVM,-1.2435914285817453,-1.2435914285817453,-1.0848134049660072,0.025,-0.899957630829028,0,0,0,0
27182,256591,15.17,0,-1.017898511232416,0,RBF-SVM,-1.1349441262259814,-1.1349441262259814,-1.2994304181503886,0.055,-0.8808756810746462,0,0,0,0
27182,41931,30.0,0,-1.0075261797193678,0,RBF-SVM,-1.172065715318195,-1.172065715318195,-1.042312122694423,0.09,-0.9724793880756205,0,0,0,0
27182,44001,802.52,1,-0.15392318473576774,0,RBF-SVM,0.17055737120943534,0.17055737120943534,0.7682062915319725,0.84,-0.2862550479362477,1,1,1,1
27182,10518,2.21,0,-1.1046009025375647,0,RBF-SVM,-1.1392763628578615,-1.1392763628578615,-1.0362235585271513,0.075,-0.6436256740447914,0,0,0,0
27182,65888,88.0,0,-1.2226410128697698,0,RBF-SVM,-1.228276646890447,-1.228276646890447,-0.8155174987378195,0.045,-1.2038592680044125,0,0,0,0
27182,275001,1.0,0,-0.925093326543221,0,RBF-SVM,-1.2049128264461657,-1.2049128264461657,-1.0589900229861486,0.02,-0.9301046368587524,0,0,0,0
27182,148165,2.28,0,-1.0558637788830454,0,RBF-SVM,-1.153480050456596,-1.153480050456596,-1.1752291896306675,0.01,-1.3997048147472784,0,0,0,0
27182,165601,19.8,0,-0.8917304341104125,0,RBF-SVM,-1.3684729046999846,-1.3684729046999846,-1.2274181903808508,0.02,-1.0856209061984,0,0,0,0
27182,27627,18.96,1,0.1645427782854845,1,RBF-SVM,0.9336870856247951,0.9336870856247951,0.7826605144504573,0.84,-0.004638166102043817,1,1,1,1
27182,210797,9.99,0,-0.9701732496961265,0,RBF-SVM,-1.3172019278254232,-1.3172019278254232,-1.5387754275991967,0.035,-1.4068879867998887,0,0,0,0
27182,108258,0.76,1,-0.5286520501412973,0,RBF-SVM,-0.8458693303493062,-0.8458693303493062,-0.9624583051047493,0.12,-0.7984685013364776,0,0,0,0
27182,69740,47.3,0,-1.1390549821514742,0,RBF-SVM,-0.9737558778819132,-0.9737558778819132,-0.8263516681156348,0.0,-1.3110496850201243,0,0,0,0
27182,154286,0.92,1,0.16593695663890787,1,RBF-SVM,-0.14475054581457142,-0.14475054581457142,-4.716654403153651,0.225,-0.28642544488229493,0,0,0,1
27182,263375,3.99,0,-0.8351864310918723,0,RBF-SVM,-1.156263919065762,-1.156263919065762,-1.1353864448907167,0.105,-1.0181552554336668,0,0,0,0
27182,279129,13.61,0,-0.8846137701534925,0,RBF-SVM,-1.0883001830079102,-1.0883001830079102,-0.8033988609050075,0.0,-1.131216193917694,0,0,0,0
27182,215628,85.06,0,-0.32790538171956485,0,RBF-SVM,-0.7698468492648823,-0.7698468492648823,-1.539437813576801,0.035,-0.6994757792989957,0,0,0,0
27182,111095,50.0,0,-0.8420258245123449,0,RBF-SVM,-1.3788303369100958,-1.3788303369100958,-0.9648744369760153,0.015,-0.9802198064832268,0,0,0,0
27182,119537,5.81,0,-0.8861086558681127,0,RBF-SVM,-1.042381742150855,-1.042381742150855,-1.1116457137297684,0.015,-1.2523908854871273,0,0,0,0
27182,144241,40.68,0,-1.0822668621286655,0,RBF-SVM,-1.1512093263442857,-1.1512093263442857,-1.0592121340952472,0.02,-1.3790220485942046,0,0,0,0
27182,220297,3.57,0,-1.0087273166126114,0,RBF-SVM,-1.258912594384279,-1.258912594384279,-1.1778853018974795,0.01,-1.3018491840919382,0,0,0,0
27182,154718,0.0,1,-0.07358143237075235,0,RBF-SVM,1.3028534600885529,1.3028534600885529,2.0035661175328414,0.88,-0.266376294155087,1,1,1,1
27182,154533,0.89,0,-0.8780210783072502,0,RBF-SVM,-1.1565187498808165,-1.1565187498808165,-1.1755024432231953,0.0,-0.897947599874646,0,0,0,0
27182,174311,5.5,0,-1.113358367020125,0,RBF-SVM,-1.4820883244028489,-1.4820883244028489,-1.1959423786625756,0.01,-1.5626512165676325,0,0,0,0
27182,42549,88.23,1,0.3935227870962249,1,RBF-SVM,1.432849863387039,1.432849863387039,4.1649804828930685,0.91,0.2915973441316161,1,1,1,1
27182,150438,64.0,0,-0.8467346921084441,0,RBF-SVM,-1.185835211767903,-1.185835211767903,-1.110640862126587,0.095,-0.3038441494204293,0,0,0,1
27182,189809,29.02,0,-0.6598865137758887,0,RBF-SVM,-0.9930531929155154,-0.9930531929155154,-2.0972111679067797,0.095,-0.6392041728497263,0,0,0,0
27182,266339,1.0,0,-0.9923557275717091,0,RBF-SVM,-1.2944684363203887,-1.2944684363203887,-1.2755532685201114,0.025,-1.5999404895815696,0,0,0,0
27182,72161,10.63,0,-0.9921927999011514,0,RBF-SVM,-1.089979635650116,-1.089979635650116,-1.0444697043617437,0.02,-1.693380228477933,0,0,0,0
27182,193620,59.95,0,-1.086288934881606,0,RBF-SVM,-1.4011753814917467,-1.4011753814917467,-1.3729429263981323,0.03,-1.5232095925544773,0,0,0,0
27182,122865,17.12,0,-0.9535996472448794,0,RBF-SVM,-0.9176786552270567,-0.9176786552270567,-0.9497483842785683,0.005,-1.433192322165095,0,0,0,0
27182,269940,29.45,0,-0.9171130998602582,0,RBF-SVM,-1.363334036271436,-1.363334036271436,-1.360050653959963,0.005,-0.6752499561742247,0,0,0,0
27182,237181,10.59,0,-0.5059113599006266,0,RBF-SVM,-1.2667141373028181,-1.2667141373028181,-0.7990105944789552,0.06,-1.2157887806632395,0,0,0,0
27182,252146,60.0,0,-0.9966407733300656,0,RBF-SVM,-1.045144687414507,-1.045144687414507,-1.3139698653170635,0.025,-1.25464797821064,0,0,0,0
27182,11841,1.0,1,0.4067221799577009,1,RBF-SVM,0.9931012667180629,0.9931012667180629,5.4793548658979185,0.865,0.45680762644262973,1,1,1,1
27182,34033,19.99,0,-1.1007292180421846,0,RBF-SVM,-1.0769708032799004,-1.0769708032799004,-1.0298885006867444,0.015,-1.7858659822338694,0,0,0,0
27182,179976,50.0,0,-0.24373089398503775,0,RBF-SVM,-0.9274656263099389,-0.9274656263099389,-0.9127743901130708,0.215,-0.89054457110142,0,0,0,0
27182,71209,19.95,0,-1.1834263730576202,0,RBF-SVM,-1.1855146595187172,-1.1855146595187172,-1.319531464077928,0.03,-0.6568838693970381,0,0,0,0
27182,192382,2.0,1,0.6338947250364617,1,RBF-SVM,0.7428381436439849,0.7428381436439849,0.000380271697660195,0.84,-0.09209018111296607,1,1,1,1
27182,239967,97.96,0,-1.0092859473397195,0,RBF-SVM,-0.8597236564648406,-0.8597236564648406,-0.48103202084954066,0.16,-0.8691556129055885,0,0,0,0
27182,278771,1.0,0,-0.9336937944375302,0,RBF-SVM,-0.9273440325773065,-0.9273440325773065,-0.9119232555452665,0.035,-1.154962125090976,0,0,0,0
27182,53033,74.7,0,-1.029996273017584,0,RBF-SVM,-0.998313687880661,-0.998313687880661,-1.3770281883149762,0.03,-1.4399941710855788,0,0,0,0
27182,253137,52.0,0,-0.962629919076566,0,RBF-SVM,-1.0130084007369307,-1.0130084007369307,-1.3752492771417453,0.02,-1.3820204445822244,0,0,0,0
27182,23634,30.98,0,-1.0982303030212266,0,RBF-SVM,-1.0520056278695058,-1.0520056278695058,-1.031038615718517,0.0,-1.3744006171398648,0,0,0,0
27182,196563,15.85,0,-1.13786829879262,0,RBF-SVM,-1.3476985927895553,-1.3476985927895553,-1.1533440444279912,0.0,-1.1710291191719735,0,0,0,0
27182,246798,3.75,0,-1.130017700158593,0,RBF-SVM,-1.3817718365506904,-1.3817718365506904,-1.220652302636833,0.0,-1.422277814501418,0,0,0,0
27182,133004,19.0,0,-0.6331611580437683,0,RBF-SVM,-0.9967717805021762,-0.9967717805021762,-1.3908569491767273,0.035,-0.7140239836678666,0,0,0,0
27182,53591,1.0,1,0.15596061418050636,1,RBF-SVM,0.6992563292558022,0.6992563292558022,0.5706294290828413,0.83,0.16793274238746636,1,1,1,1
27182,36126,29.18,0,-0.8680673535847486,0,RBF-SVM,-0.8770634910183454,-0.8770634910183454,-0.7899042745781849,0.035,-0.9259006479697458,0,0,0,0
27182,146971,1.0,0,-0.6888416658090148,0,RBF-SVM,-0.6387872812651146,-0.6387872812651146,-0.7014549922069725,0.54,-0.8081779055911675,0,0,1,0
27182,255536,15.0,0,-0.9921704614388324,0,RBF-SVM,-1.0444350611145066,-1.0444350611145066,-0.8580887268693798,0.0,-1.1295836062547973,0,0,0,0
27182,27362,1.52,1,-1.1888490440241433,0,RBF-SVM,-0.8598267931862852,-0.8598267931862852,-0.6704481151628023,0.125,-1.1465687623795753,0,0,0,0
27182,244751,11.38,0,-0.37962841813522885,0,RBF-SVM,-1.1509319255610706,-1.1509319255610706,-1.1741262004798605,0.045,-0.7357493126423604,0,0,0,0
27182,135759,36.44,0,-1.0736906012336953,0,RBF-SVM,-1.0738392497430282,-1.0738392497430282,-1.10032156596073,0.03,-1.0109431229652528,0,0,0,0
27182,251065,15.52,0,-1.3007361605157526,0,RBF-SVM,-1.2940569742920534,-1.2940569742920534,-1.1762778794550566,0.0,-1.50718386616242,0,0,0,0
27182,261582,2.96,0,-0.9641234927657943,0,RBF-SVM,-1.1582861277124576,-1.1582861277124576,-0.8939045856128252,0.02,-1.3125417497807828,0,0,0,0
27182,77411,360.25,0,-0.6174850079038268,0,RBF-SVM,-0.5233404114793206,-0.5233404114793206,-1.5030313728144493,0.25,-0.33628014053487976,0,0,0,1
27182,213092,22.47,1,-0.20395612953390693,0,RBF-SVM,-1.5034017055233726,-1.5034017055233726,-1.961060687351437,0.035,-0.3128341848050605,0,0,0,1
27182,263080,1.0,1,-0.6726117173985505,0,RBF-SVM,-1.2069573606165684,-1.2069573606165684,-0.8462113818297989,0.045,-1.0084561235701794,0,0,0,0
27182,221520,35.0,0,-0.8916290118158247,0,RBF-SVM,-1.0401359301638757,-1.0401359301638757,-1.3006151129981978,0.1,-0.8889332729228688,0,0,0,0
27182,197756,275.62,0,-0.6987225304133542,0,RBF-SVM,-0.6481584950206868,-0.6481584950206868,-0.6206111973430661,0.11,-0.2987992575028927,0,0,0,1
27182,221025,216.35,0,-0.8323610952199009,0,RBF-SVM,-0.9910878195893905,-0.9910878195893905,-0.9567710244170855,0.1,-1.0341500800528436,0,0,0,0
27182,83416,2.0,0,-1.0166021813115864,0,RBF-SVM,-0.8413865224532181,-0.8413865224532181,-0.7717709457690577,0.0,-0.9331801184118086,0,0,0,0
27182,210728,224.85,0,-0.903730136895602,0,RBF-SVM,-0.9119348448676675,-0.9119348448676675,-1.223767727065831,0.015,-0.8790106343715474,0,0,0,0
27182,262693,80.98,0,-0.6287224011601869,0,RBF-SVM,-1.0674624359595215,-1.0674624359595215,-1.3033663399572786,0.02,-1.3189034828999575,0,0,0,0
27182,46909,1.0,1,0.36512957694829384,1,RBF-SVM,1.7712339256139278,1.7712339256139278,2.0856850559762155,0.82,-0.2798849300509035,1,1,1,1
27182,14197,99.99,1,0.5550693711590324,1,RBF-SVM,1.217736305666292,1.217736305666292,6.13009072171141,0.985,0.5962750668553685,1,1,1,1
27182,51879,12.1,0,-1.2541806211423707,0,RBF-SVM,-1.1847866957577866,-1.1847866957577866,-0.8782909559051144,0.015,-1.5394222300491207,0,0,0,0
27182,48641,13.55,0,-0.8599028445119579,0,RBF-SVM,-1.3231379325760229,-1.3231379325760229,-1.3378434892891902,0.015,-1.0502053346757751,0,0,0,0
27182,180984,288.55,0,-0.8561160656783647,0,RBF-SVM,-1.025913909296645,-1.025913909296645,-0.9162361084594735,0.03,-0.9585495313276878,0,0,0,0
27182,157820,1.51,0,-0.6008254801213477,0,RBF-SVM,-0.8058280060915651,-0.8058280060915651,-0.9893650354951553,0.07,-0.1897542805063402,0,0,0,1
27182,58345,8.99,0,-0.958985970327111,0,RBF-SVM,-1.1210444368323607,-1.1210444368323607,-1.015037006825484,0.0,-1.5109004689655645,0,0,0,0
27182,182849,96.78,0,-1.0339900623473237,0,RBF-SVM,-1.2112636549566365,-1.2112636549566365,-0.8823948807749622,0.04,-1.2768452457084205,0,0,0,0
27182,176049,2125.87,1,-0.010995879778361667,0,RBF-SVM,-0.24614155715659292,-0.24614155715659292,-0.23789055968232886,0.27,-0.2864641898105756,0,0,0,1
27182,204949,48.35,0,-1.0884408182516285,0,RBF-SVM,-1.07850209838279,-1.07850209838279,-0.9276701051136294,0.02,-1.3009876590415803,0,0,0,0
27182,172570,1.29,0,-0.9300316823834421,0,RBF-SVM,-1.0967042139750036,-1.0967042139750036,-1.0623436770850825,0.03,-1.3244313075618805,0,0,0,0
27182,177946,445.64,0,-0.07031761386270055,0,RBF-SVM,-0.5594167922320535,-0.5594167922320535,-1.0846948337755706,0.105,-0.5627597357874176,0,0,0,0
27182,254344,187.11,1,-1.0517167827140248,0,RBF-SVM,-0.8248672904072057,-0.8248672904072057,-1.1043301229475366,0.11,-0.9437684750707932,0,0,0,0
27182,51585,3.75,0,-0.5358983820768176,0,RBF-SVM,-0.935387978230995,-0.935387978230995,-0.8186930054884184,0.18,-1.2756968962394502,0,0,0,0
27182,750,9.99,0,-1.0969602320048502,0,RBF-SVM,-1.1080163896448034,-1.1080163896448034,-1.1297503049913302,0.0,-1.4358576394840719,0,0,0,0
27182,253530,44.4,0,-1.1753054034927077,0,RBF-SVM,-1.2481561492155417,-1.2481561492155417,-1.321882740573562,0.075,-1.1066606301270276,0,0,0,0
27182,240471,990.0,0,-0.004774566019763615,0,RBF-SVM,-1.0347593241882935,-1.0347593241882935,-0.5516742964139016,0.185,-0.48752547654665024,0,0,0,0
27182,156104,29.99,0,-1.077683045472008,0,RBF-SVM,-1.359814744055534,-1.359814744055534,-0.9601849771523245,0.005,-1.132425526717958,0,0,0,0
27182,150030,3.62,0,-0.2999021408726428,0,RBF-SVM,-0.37438841501885245,-0.37438841501885245,-0.7655120677630226,0.42,-0.5143156067361293,0,0,1,0
27182,75243,557.76,0,-0.07903210945825406,0,RBF-SVM,-0.6001210023535677,-0.6001210023535677,-1.6229081274245052,0.155,-0.29095564929844336,0,0,0,1
27182,137705,1.0,1,-0.26944929973593856,0,RBF-SVM,0.11143532641409001,0.11143532641409001,0.16621625262533168,0.75,0.005788343629393122,0,1,1,1
27182,248183,1.0,0,-1.002539241312908,0,RBF-SVM,-0.8841868670741256,-0.8841868670741256,-0.836926115722417,0.02,-1.0448091209340007,0,0,0,0
27182,88921,11.5,0,-1.2126908634034606,0,RBF-SVM,-1.123345011709217,-1.123345011709217,-0.8136643005597991,0.02,-1.771455757958007,0,0,0,0
27182,135949,5.75,0,-1.0365505283278893,0,RBF-SVM,-1.1939195694616107,-1.1939195694616107,-0.8720962889333255,0.1,-1.3356117835622876,0,0,0,0
27182,274475,39.9,1,0.3953374737348859,1,RBF-SVM,0.2462462266304358,0.2462462266304358,-0.2755999663767176,0.8,-0.17899695023485068,1,0,1,1
27182,141229,1.79,0,-0.7092995884952613,0,RBF-SVM,-1.0257049776851497,-1.0257049776851497,-0.9341719576414818,0.095,-0.9487848410111669,0,0,0,0
27182,47802,88.0,1,0.0215903872801083,0,RBF-SVM,1.2698024876144578,1.2698024876144578,-0.015264040845870186,0.885,-0.24238973187634316,1,1,1,1
27182,181899,92.0,0,-1.0840799675681805,0,RBF-SVM,-1.0373999559138898,-1.0373999559138898,-1.2274179469156197,0.035,-0.5152517041954717,0,0,0,0
27182,84218,69.0,0,-0.8282710114527903,0,RBF-SVM,-1.0942537589946857,-1.0942537589946857,-1.056739333208364,0.01,-1.3201470809909073,0,0,0,0
27182,226227,1.29,0,-1.102079053426114,0,RBF-SVM,-1.3850786953031877,-1.3850786953031877,-1.4192863141686722,0.0,-1.5450619368313807,0,0,0,0
27182,43895,53.9,0,-0.7623597286974956,0,RBF-SVM,-1.2247376197109945,-1.2247376197109945,-1.141937370598058,0.065,-1.0985683063491036,0,0,0,0
27182,64125,200.0,0,-1.0536429200732798,0,RBF-SVM,-0.9272010098716109,-0.9272010098716109,-0.8361739537690225,0.01,-1.2877078888369773,0,0,0,0
27182,51611,4.99,0,-1.1806849781008155,0,RBF-SVM,-1.0915777773518316,-1.0915777773518316,-1.2776910364806544,0.03,-1.4939665554799415,0,0,0,0
27182,6609,1.0,1,0.23646512421242544,1,RBF-SVM,0.943253381925888,0.943253381925888,1.1496290357369459,0.68,0.01498903736424323,1,1,1,1
27182,36943,646.98,0,-0.16156795888395073,0,RBF-SVM,-0.4727016770660186,-0.4727016770660186,-0.55250529984539,0.465,-0.6134684244534238,0,0,1,0
27182,222599,23.77,0,-0.8200544903028111,0,RBF-SVM,-1.0339801326510052,-1.0339801326510052,-1.2914860636193968,0.01,-0.9366364261267852,0,0,0,0
27182,283167,133.55,0,-1.2162069038328502,0,RBF-SVM,-0.9581442562075019,-0.9581442562075019,-0.9841617778047762,0.07,-0.4069414443778928,0,0,0,0
27182,116058,128.0,0,-0.9045046539220339,0,RBF-SVM,-1.1585659743315817,-1.1585659743315817,-1.05797391185919,0.075,-1.427149266463724,0,0,0,0
27182,280576,0.81,0,-0.9866264024893442,0,RBF-SVM,-1.0113052102061146,-1.0113052102061146,-1.4879068756039495,0.03,-1.1574690764336801,0,0,0,0
27182,1799,34.32,0,-1.2076160601295485,0,RBF-SVM,-0.8991283123521457,-0.8991283123521457,-1.2631008327111604,0.01,-1.6884735354887686,0,0,0,0
27182,112809,15.0,0,-0.6723375958532902,0,RBF-SVM,-0.9246033008298894,-0.9246033008298894,-1.2182921362619725,0.005,-1.268088696821402,0,0,0,0
27182,115833,29.33,0,-1.1220157763803233,0,RBF-SVM,-1.1171539353523243,-1.1171539353523243,-1.0238619046587365,0.025,-1.13245974128448,0,0,0,0
27182,100555,2.4,0,-1.3531667455312038,0,RBF-SVM,-1.1111537455629275,-1.1111537455629275,-0.9295333842923461,0.02,-1.097065294078304,0,0,0,0
27182,242351,1.0,0,-0.7960530453527486,0,RBF-SVM,-1.0717678333609986,-1.0717678333609986,-1.136840668343194,0.0,-1.0054289731114197,0,0,0,0
27182,130175,1363.0,0,0.1814519127870423,1,RBF-SVM,0.22333076836813928,0.22333076836813928,-0.40307781403984216,0.435,-0.2861440070148519,1,0,1,1
27182,7214,15.0,0,-1.0460024270190384,0,RBF-SVM,-1.1432853676340604,-1.1432853676340604,-0.9779557170951703,0.02,-0.9842821428735467,0,0,0,0
27182,62976,25.68,0,-0.8164786730784864,0,RBF-SVM,-0.9196309177222478,-0.9196309177222478,-0.8836121683077681,0.075,-0.8049011449123169,0,0,0,0
27182,206960,116.97,0,-1.1806902743105043,0,RBF-SVM,-1.140507802940222,-1.140507802940222,-0.802909680319263,0.0,-1.2400008658987947,0,0,0,0
27182,70975,24.38,0,-0.8073061483456804,0,RBF-SVM,-0.9671334460835866,-0.9671334460835866,-0.9001506382882466,0.005,-1.3917808073482063,0,0,0,0
27182,13474,33.17,0,-1.1806862142131487,0,RBF-SVM,-1.2700477525336853,-1.2700477525336853,-1.4293209348516323,0.025,-1.2849413204440294,0,0,0,0
27182,11311,142.62,0,0.05405726610230138,0,RBF-SVM,-0.6435981089080852,-0.6435981089080852,-0.7560279874148403,0.08,-0.44750450998860036,0,0,0,0
27182,234645,36.5,0,-1.1000700921844486,0,RBF-SVM,-1.1904148544175783,-1.1904148544175783,-1.1049945450796375,0.0,-1.17680097103957,0,0,0,0
27182,213401,16.44,0,-1.0172301991370403,0,RBF-SVM,-1.3949527241872823,-1.3949527241872823,-1.5587218549606492,0.055,-1.1812366080443282,0,0,0,0
27182,107637,824.83,1,0.012836297637912358,0,RBF-SVM,-0.4960168647188562,-0.4960168647188562,1.1860519813776766,0.8,-0.29681304827827526,0,1,1,1
27182,17240,395.63,0,-0.8421520237398796,0,RBF-SVM,-1.1923201565657113,-1.1923201565657113,-0.7421716324010905,0.065,-0.5999838923233936,0,0,0,0
27182,166050,5.37,0,-0.8313971044299424,0,RBF-SVM,-1.2024966471611582,-1.2024966471611582,-1.1897520676862714,0.045,-1.4289619570040522,0,0,0,0
27182,216698,1.98,0,-1.1439531386419284,0,RBF-SVM,-1.4578250086322704,-1.4578250086322704,-1.4163009304269607,0.005,-1.4057666448589703,0,0,0,0
27182,178705,69.0,0,-0.8491459473378282,0,RBF-SVM,-0.8614625461735438,-0.8614625461735438,-1.1129489284251923,0.02,-1.0187176845684045,0,0,0,0
27182,138825,51.35,0,-1.016108397868718,0,RBF-SVM,-1.0476766520098513,-1.0476766520098513,-1.2668684752591974,0.02,-0.9594641907072818,0,0,0,0
27182,274750,324.33,0,-0.4518197525369635,0,RBF-SVM,-0.7842451729871353,-0.7842451729871353,-0.859936112616243,0.055,-0.9521118444976165,0,0,0,0
27182,157028,10.0,0,-1.0035951401629553,0,RBF-SVM,-1.2762487746948101,-1.2762487746948101,-1.414824851855898,0.025,-1.1001078172902417,0,0,0,0
27182,265152,24.95,0,-1.245283669887798,0,RBF-SVM,-1.4427446737553058,-1.4427446737553058,-1.3986703734686694,0.0,-1.5116454692611256,0,0,0,0
27182,4668,4.49,0,-0.8742892791115172,0,RBF-SVM,-1.066038782825282,-1.066038782825282,-1.0500765977193116,0.0,-1.3431142284453208,0,0,0,0
27182,282225,34.94,0,-0.9617866133696976,0,RBF-SVM,-1.440643675700165,-1.440643675700165,-1.4695905694119675,0.005,-1.5384638473456427,0,0,0,0
27182,204586,77.4,0,-1.0352436186260308,0,RBF-SVM,-1.180005281000917,-1.180005281000917,-1.2399761498984012,0.01,-1.0841293845607027,0,0,0,0
27182,120837,99.9,1,0.2518283925854974,1,RBF-SVM,2.4108775736766668,2.4108775736766668,1.8181140938577103,0.94,-0.25311351771346363,1,1,1,1
27182,223840,512.65,0,-0.35086160019874635,0,RBF-SVM,-0.9589280796250287,-0.9589280796250287,-0.20264490781687206,0.1,-0.5268024035769178,0,0,0,0
27182,53350,174.0,0,-1.3047100100133429,0,RBF-SVM,-1.278083353124141,-1.278083353124141,-0.923437567152908,0.0,-1.5553049880612815,0,0,0,0
27182,42741,459.07,1,0.18009028935926666,1,RBF-SVM,0.999952378134849,0.999952378134849,5.038584110712415,0.89,-0.006268257892655227,1,1,1,1
27182,121060,140.0,0,-0.5178712923702724,0,RBF-SVM,-0.6583471323217501,-0.6583471323217501,-0.5939084196929363,0.125,-0.9762565580711239,0,0,0,0
27182,123030,72.64,0,-0.900497714880179,0,RBF-SVM,-1.1544831047004986,-1.1544831047004986,-1.1080775123693298,0.005,-1.368573543098348,0,0,0,0
27182,62151,11.5,0,-1.326241715885422,0,RBF-SVM,-1.0719107876713643,-1.0719107876713643,-0.9073730960388271,0.005,-1.774282947155399,0,0,0,0
27182,93756,1.0,0,-0.8647442590895029,0,RBF-SVM,-0.6169870725900678,-0.6169870725900678,-0.5031893395060842,0.335,-0.2262807882852213,0,0,0,1
27182,7149,0.01,0,-0.8213524103507107,0,RBF-SVM,-0.956944868804627,-0.956944868804627,-0.9692756364055124,0.005,-0.7766881519119957,0,0,0,0
27182,90665,19.98,0,-1.37849830678444,0,RBF-SVM,-1.0633061956678709,-1.0633061956678709,-0.9426166446387982,0.0,-1.2258593398999973,0,0,0,0
27182,152552,15.95,0,-0.701901971682408,0,RBF-SVM,-1.0945530009392057,-1.0945530009392057,-1.5951476456492184,0.355,-0.771166508304497,0,0,0,0
27182,144373,31.0,0,-0.5169876436991399,0,RBF-SVM,-0.8814096758006832,-0.8814096758006832,-1.002239065325036,0.195,-0.8816821284586123,0,0,0,0
27182,250810,9.32,0,-0.8205228886990749,0,RBF-SVM,-1.0057067186954087,-1.0057067186954087,-1.0237196753960345,0.025,-1.2870861305496106,0,0,0,0
27182,196143,45.0,0,-0.8321070247840442,0,RBF-SVM,-1.2573795688360667,-1.2573795688360667,-1.3558070011080092,0.035,-0.8352117670450886,0,0,0,0
27182,59980,12.91,0,-0.9682193863528191,0,RBF-SVM,-1.093103515713122,-1.093103515713122,-1.199872409239535,0.005,-1.3117711835150105,0,0,0,0
27182,115807,72.0,0,-1.1810977674795058,0,RBF-SVM,-1.02407950897674,-1.02407950897674,-0.9325580400994802,0.01,-1.300127302523456,0,0,0,0
27182,4252,19.63,0,-1.1449487325033259,0,RBF-SVM,-0.9551977683159111,-0.9551977683159111,-0.9019384913855871,0.01,-0.8084561754385104,0,0,0,0
27182,43191,0.76,0,-1.0073763477669482,0,RBF-SVM,-1.2312188234339139,-1.2312188234339139,-1.1354347707715904,0.055,-0.7499764847148913,0,0,0,0
27182,118370,1.0,0,-0.8117582057046054,0,RBF-SVM,-1.0604369929144342,-1.0604369929144342,-0.7523135362637028,0.0,-0.8731073514933504,0,0,0,0
27182,46116,0.76,0,-1.1048748424206842,0,RBF-SVM,-0.9744423709607842,-0.9744423709607842,-0.8229977470543521,0.065,-1.2635762590684743,0,0,0,0
27182,157868,0.76,1,-0.002460661680519588,0,RBF-SVM,0.3362736241603054,0.3362736241603054,0.5553114816822546,0.765,-0.25248424643242395,1,1,1,1
27182,117462,96.0,0,-0.9128532207040111,0,RBF-SVM,-1.2616837940567172,-1.2616837940567172,-1.1894836130683402,0.085,-0.44440402130969875,0,0,0,0
27182,35776,28.75,0,-1.0357817199675137,0,RBF-SVM,-0.9924495827231855,-0.9924495827231855,-0.8488576321667348,0.115,-1.1589070823332692,0,0,0,0
27182,270347,1.38,0,-0.9338869142942595,0,RBF-SVM,-1.2979029606131982,-1.2979029606131982,-1.0849462081482322,0.03,-1.1686309733127085,0,0,0,0
27182,279435,197.41,0,-0.7786324617266934,0,RBF-SVM,-0.9447165787651018,-0.9447165787651018,-1.4843408433932965,0.095,-0.5577217669632792,0,0,0,0
27182,102899,59.7,0,-1.1168826714556166,0,RBF-SVM,-1.2251026728976206,-1.2251026728976206,-1.0690795055700457,0.025,-1.4872503078869788,0,0,0,0
27182,44117,443.59,0,-0.6750487220114397,0,RBF-SVM,-0.6222579986338289,-0.6222579986338289,-0.85042767902163,0.1,-0.6709624096374976,0,0,0,0
27182,49707,118.3,0,-0.3478519956389112,0,RBF-SVM,-1.1038498596451978,-1.1038498596451978,-1.005648097168999,0.02,-1.3409132287505625,0,0,0,0
27182,194340,358.21,0,-0.6395828720018737,0,RBF-SVM,-0.8610394148212094,-0.8610394148212094,-1.4084585375219665,0.155,-0.2908904736398758,0,0,0,1
27182,252459,124.8,0,-1.1991617513370814,0,RBF-SVM,-1.1343678007917168,-1.1343678007917168,-0.9600497946017404,0.005,-1.1242424024968938,0,0,0,0
27182,80427,7.56,0,-0.6385324238410859,0,RBF-SVM,-0.7771973518271592,-0.7771973518271592,-0.5519110898460083,0.38,-0.5130367579136932,0,0,0,0
27182,133890,41.64,0,-1.219132965342039,0,RBF-SVM,-1.161131193091072,-1.161131193091072,-1.1097113007799484,0.015,-1.3676838071415598,0,0,0,0
27182,141083,11.5,0,-1.0026301890428524,0,RBF-SVM,-1.0865052436906735,-1.0865052436906735,-0.9716264702361654,0.01,-1.274676092684527,0,0,0,0
27182,280433,3.85,0,-1.2198898089117363,0,RBF-SVM,-1.3875821736422564,-1.3875821736422564,-1.0939667486717544,0.0,-1.5287310603800932,0,0,0,0
27182,153467,80.0,0,-1.2923985172210943,0,RBF-SVM,-1.207063745532272,-1.207063745532272,-1.0918805355383234,0.005,-1.0366645156870558,0,0,0,0
27182,160288,1.0,0,-1.0972971616606055,0,RBF-SVM,-1.4603190020362005,-1.4603190020362005,-1.1708198977498567,0.0,-1.3855274838145515,0,0,0,0
27182,237694,1.29,0,-0.8460942913755407,0,RBF-SVM,-1.2825289199166183,-1.2825289199166183,-1.282293464142195,0.0,-1.3959542278165107,0,0,0,0
27182,241714,89.9,0,-0.8176635913379579,0,RBF-SVM,-1.10323200803991,-1.10323200803991,-1.3399429235065115,0.115,-1.3144207265515757,0,0,0,0
27182,163785,11.98,0,-0.5570498907060909,0,RBF-SVM,-0.975662230072544,-0.975662230072544,-1.2465766168536196,0.035,-1.0846777909956435,0,0,0,0
27182,206696,71.71,0,-1.0232523046952986,0,RBF-SVM,-1.531234675164099,-1.531234675164099,-1.379397726024285,0.04,-1.0096287731945963,0,0,0,0
27182,226483,26.1,0,-0.9971761582322455,0,RBF-SVM,-1.1764193054510754,-1.1764193054510754,-0.9864600915289325,0.03,-1.1724658609878218,0,0,0,0
27182,45033,58.0,0,-1.1660400278514562,0,RBF-SVM,-0.9049492744357229,-0.9049492744357229,-0.9958009670461982,0.015,-1.086868702961418,0,0,0,0
27182,12567,75.0,0,-0.6898018512908332,0,RBF-SVM,-0.962641950219144,-0.962641950219144,-1.0617673430358554,0.02,-1.0496217670846693,0,0,0,0
27182,208425,82.86,0,-1.0598785357005422,0,RBF-SVM,-1.3693964427231948,-1.3693964427231948,-1.2565900653993265,0.0,-1.5998281124779243,0,0,0,0
27182,147672,10.98,0,-1.2512990608726864,0,RBF-SVM,-1.2123119810711882,-1.2123119810711882,-0.8047984437951422,0.005,-1.1311985305243901,0,0,0,0
27182,154693,1.0,1,0.13224863501621575,1,RBF-SVM,1.9957530585226604,1.9957530585226604,1.7278005604798128,0.885,-0.27760503311843565,1,1,1,1
27182,242906,37.3,0,-0.3078942052254833,0,RBF-SVM,-1.0024125001038573,-1.0024125001038573,-1.3189481641244563,0.125,-0.5709421826048207,0,0,0,0
27182,208070,70.81,0,-1.021640619624153,0,RBF-SVM,-1.1766495638344405,-1.1766495638344405,-0.8548868480868805,0.005,-1.2390393305640495,0,0,0,0
27182,72927,1.0,0,-1.0664902815645645,0,RBF-SVM,-1.1479644534467022,-1.1479644534467022,-0.8543598539245632,0.085,-1.126157924892523,0,0,0,0
27182,225202,119.0,0,-0.4103164409163732,0,RBF-SVM,-0.8236615775457895,-0.8236615775457895,-0.9409545754496661,0.315,-0.45316689432713997,0,0,0,0
27182,135089,137.45,0,-0.7527634919591986,0,RBF-SVM,-1.0683616399187568,-1.0683616399187568,-0.9038976239192693,0.01,-1.121995405817133,0,0,0,0
27182,176266,1.0,0,-1.1924817739600002,0,RBF-SVM,-1.4646743490456509,-1.4646743490456509,-1.4651920441516877,0.065,-1.028933918466401,0,0,0,0
27182,229730,2.22,1,-0.2734970053412431,0,RBF-SVM,-0.018147558796118762,-0.018147558796118762,-0.19214016678762014,0.57,0.37446259282076855,0,0,1,1
27182,3388,1.0,0,-1.074369336887167,0,RBF-SVM,-1.2661511021127152,-1.2661511021127152,-1.3506894180695719,0.0,-0.9563835634584262,0,0,0,0
27182,191359,4.87,1,0.4583328933133578,1,RBF-SVM,0.8379078968077246,0.8379078968077246,1.0266093594440957,0.98,0.44447602066886094,1,1,1,1
27182,10498,3.93,1,-1.0344447052466321,0,RBF-SVM,-1.287849761355108,-1.287849761355108,-1.0423568750661496,0.005,-0.9805407038128554,0,0,0,0
27182,234678,0.76,0,-0.17964456195378706,0,RBF-SVM,-1.1985140200753104,-1.1985140200753104,-0.813680241636126,0.005,-0.7491707676621018,0,0,0,0
27182,124087,1.0,1,-0.9325382822022311,0,RBF-SVM,-0.5731032381132565,-0.5731032381132565,-0.4374583932254916,0.36,0.17823992726134685,0,0,0,1
27182,192297,90.0,0,-1.152133179051748,0,RBF-SVM,-1.186932546866555,-1.186932546866555,-1.2178790168865952,0.02,-1.219504011029767,0,0,0,0
27182,124176,1.0,1,-0.34986512546608506,0,RBF-SVM,-0.8975435623676554,-0.8975435623676554,-0.8533670456677902,0.06,-0.4365832504126169,0,0,0,0
27182,100623,549.06,1,-0.46689773093608045,0,RBF-SVM,-0.6445504240659622,-0.6445504240659622,-0.8295812515457246,0.115,-0.524500911114478,0,0,0,0
27182,134315,1090.58,0,-0.12747897544763095,0,RBF-SVM,-0.9887966074740995,-0.9887966074740995,-1.613945732075448,0.19,-0.2864550031298286,0,0,0,1
27182,7500,22.06,0,-0.25110962879377163,0,RBF-SVM,-1.154339488590635,-1.154339488590635,-2.231081866851537,0.075,-0.897679244140313,0,0,0,0
27182,220226,25.0,0,-0.992086728422617,0,RBF-SVM,-1.2140982646913432,-1.2140982646913432,-1.2721128781190119,0.16,-1.0914076305365732,0,0,0,0
27182,83037,6.89,0,-0.5383984232107056,0,RBF-SVM,-0.8643797078968115,-0.8643797078968115,-1.441474351118221,0.015,-1.4605732890004866,0,0,0,0
27182,213714,1.0,0,-0.5560524424948626,0,RBF-SVM,-0.7035168346870219,-0.7035168346870219,-0.990184364168331,0.06,-0.8894619423857337,0,0,0,0
27182,193458,75.0,0,-0.7227806367176601,0,RBF-SVM,-0.7463739856339889,-0.7463739856339889,-1.9607152632816018,0.125,-0.7445661949571447,0,0,0,0
27182,158627,3.0,0,-0.8565136503359335,0,RBF-SVM,-1.1315988603134015,-1.1315988603134015,-1.263241320934918,0.035,-0.8037403592832973,0,0,0,0
27182,150692,37.93,1,0.26307010536334907,1,RBF-SVM,1.2364482928266434,1.2364482928266434,4.513838639087213,0.94,-0.09459974103461363,1,1,1,1
27182,141258,0.0,1,0.5038642162187769,1,RBF-SVM,1.7392264074610713,1.7392264074610713,3.0558256356685964,0.865,-0.2560440839132109,1,1,1,1
27182,219979,4.6,0,-1.2316363522426363,0,RBF-SVM,-1.3600187776042565,-1.3600187776042565,-1.257164913624611,0.0,-1.3603016955245741,0,0,0,0
27182,107067,318.11,1,-0.23030529805513708,0,RBF-SVM,0.4183432843313123,0.4183432843313123,0.49430308370019893,0.75,-0.29007351785118524,1,1,1,1
27182,40525,1.0,1,0.7812578093967057,1,RBF-SVM,0.9594377004035187,0.9594377004035187,0.3180094968126701,0.715,0.7267307993183554,1,1,1,1
27182,5368,48.6,0,-0.04059277106373624,0,RBF-SVM,-0.5769676348725242,-0.5769676348725242,-1.4610548720457763,0.155,-0.7854768476850932,0,0,0,0
27182,102418,319.4,0,-0.7599355418365769,0,RBF-SVM,-0.5700912575806233,-0.5700912575806233,-0.692723620549788,0.18,-0.8322845203161299,0,0,0,0
27182,91386,0.9,0,-1.2117678873511053,0,RBF-SVM,-1.0877352085206728,-1.0877352085206728,-0.985809313007111,0.005,-1.1825864130174462,0,0,0,0
27182,198934,335.22,0,-0.2874303049682617,0,RBF-SVM,-0.4074378862808029,-0.4074378862808029,-1.228896046931695,0.265,-0.7333816905757221,0,0,0,0
27182,194396,43.56,0,-0.986965319483457,0,RBF-SVM,-1.1848573258357014,-1.1848573258357014,-1.3283114062620736,0.0,-1.2831933983083845,0,0,0,0
27182,231900,49.99,0,-0.9899879290652366,0,RBF-SVM,-1.3285111612519576,-1.3285111612519576,-1.2772248033688176,0.045,-1.3723073172475524,0,0,0,0
27182,153811,618.87,0,-0.416956777045169,0,RBF-SVM,-1.2468913314745393,-1.2468913314745393,-1.4066561674221891,0.125,-0.2831625740013413,0,0,0,1
27182,153823,2.28,1,0.03332677974414622,0,RBF-SVM,-0.11736849780111691,-0.11736849780111691,4.354888779985856,0.855,-0.2864254444114448,0,1,1,1
27182,253647,19.95,0,-1.2292514322071322,0,RBF-SVM,-1.301164834233372,-1.301164834233372,-0.9608951949367018,0.005,-1.2317858469432945,0,0,0,0
27182,277724,79.99,0,-1.2554091827839808,0,RBF-SVM,-1.2851306122948,-1.2851306122948,-1.0538186375672127,0.0,-1.225476117244508,0,0,0,0
27182,2809,0.76,0,-1.1972681115470398,0,RBF-SVM,-1.0034847076812452,-1.0034847076812452,-0.7558221736425538,0.125,-1.3696248297784548,0,0,0,0
27182,92327,220.8,0,-0.706565638375173,0,RBF-SVM,-0.987841678275979,-0.987841678275979,-0.9562656052044486,0.185,-0.9862842929287188,0,0,0,0
27182,5824,79.0,0,-0.00789487077394102,0,RBF-SVM,-0.8603066284250686,-0.8603066284250686,-1.0287285583957029,0.05,-0.4321652141033494,0,0,0,0
27182,191505,65.0,0,-1.0325857523916504,0,RBF-SVM,-1.2065848016374339,-1.2065848016374339,-1.4067091505422993,0.025,-0.9771527930726047,0,0,0,0
27182,42764,22.27,0,-1.1369944482440917,0,RBF-SVM,-1.3736105138439718,-1.3736105138439718,-1.2397313979561901,0.005,-1.2618119370474052,0,0,0,0
27182,75511,170.92,1,-0.32678973922830423,0,RBF-SVM,0.5414431029478414,0.5414431029478414,0.18371886829250017,0.8,-0.1287204655751931,1,1,1,1
27182,129092,17.99,0,-1.2229711723568986,0,RBF-SVM,-1.2026885219027903,-1.2026885219027903,-1.097995944149525,0.02,-1.5690284920376554,0,0,0,0
27182,13652,28.75,0,-1.013533262805972,0,RBF-SVM,-1.2051843901188366,-1.2051843901188366,-1.0786474883187531,0.005,-1.0090032259121289,0,0,0,0
27182,122349,2.5,0,-0.7733135185096967,0,RBF-SVM,-0.6352949309794328,-0.6352949309794328,-1.2717310882064494,0.05,-1.0653226584247193,0,0,0,0
27182,91753,18.35,0,-0.27906520719536376,0,RBF-SVM,-0.43309706339458,-0.43309706339458,-0.8470651105407304,0.085,-0.28643422098498245,0,0,0,1
27182,140438,178.94,0,-1.1067202608076914,0,RBF-SVM,-0.9545002100486185,-0.9545002100486185,-0.9694746249386763,0.02,-1.1618966204746815,0,0,0,0
27182,260628,64.4,0,-0.9100648678690683,0,RBF-SVM,-0.9318253694410524,-0.9318253694410524,-0.9687042377712116,0.07,-1.2332391398355136,0,0,0,0
27182,245017,34.1,0,-0.998134861347585,0,RBF-SVM,-1.2005979785570664,-1.2005979785570664,-1.037093188307118,0.07,-0.6635962140907592,0,0,0,0
27182,225589,46.48,0,-0.5615089218607716,0,RBF-SVM,-1.112952934491626,-1.112952934491626,-1.738523817105093,0.09,-0.4081498479341496,0,0,0,0
27182,89140,2.69,0,-1.1759097493277946,0,RBF-SVM,-1.1224318507860074,-1.1224318507860074,-1.2481090987097407,0.01,-1.3697667819479507,0,0,0,0
27182,47716,198.73,0,-0.7208034622733325,0,RBF-SVM,-0.6390006112456256,-0.6390006112456256,-1.391972097179198,0.155,-0.5906393592012842,0,0,0,0
27182,260586,24.0,0,-0.8563154308851602,0,RBF-SVM,-1.1005531226716763,-1.1005531226716763,-1.3429122964733113,0.015,-0.6690241060517547,0,0,0,0
27182,206816,33.28,0,-0.8169212583821338,0,RBF-SVM,-0.7388474942821507,-0.7388474942821507,-1.5845788100778437,0.045,-1.07256813663659,0,0,0,0
27182,4490,118.56,0,-0.6022830758437933,0,RBF-SVM,-0.7752312330879519,-0.7752312330879519,-0.9047610632197002,0.1,-1.0969929203745163,0,0,0,0
27182,67820,249.0,0,-0.6117870860492031,0,RBF-SVM,-1.1695744408218347,-1.1695744408218347,-1.181729153286621,0.27,-0.8575387655961673,0,0,0,0
27182,168204,89.8,0,-0.6566582795362302,0,RBF-SVM,-0.739203848047033,-0.739203848047033,-1.217975467421078,0.07,-1.0365892383433906,0,0,0,0
27182,194371,48.32,0,-1.0177199456537294,0,RBF-SVM,-1.236139783520003,-1.236139783520003,-1.402457962175301,0.05,-1.2604676601083051,0,0,0,0
27182,248296,0.0,1,-0.06620065745439055,0,RBF-SVM,0.8876812138713829,0.8876812138713829,0.7531778779538387,0.865,0.30556892534345115,1,1,1,1
27182,134946,64.65,0,-0.7210767744126586,0,RBF-SVM,-1.0185384544689977,-1.0185384544689977,-1.1661608846132006,0.05,-1.061793413512694,0,0,0,0
27182,218522,9.99,0,-0.5028419538954143,0,RBF-SVM,-0.6597181090491452,-0.6597181090491452,-0.6545885244154178,0.31,-1.2464519591473917,0,0,0,0
27182,118390,32.55,0,-0.5973615636871085,0,RBF-SVM,-1.1832141060209194,-1.1832141060209194,-1.4214123723429855,0.065,-1.2394678406855641,0,0,0,0
27182,226081,22.19,0,-1.0214521389922964,0,RBF-SVM,-0.9325182841949543,-0.9325182841949543,-1.3360211710662127,0.03,-1.056457067736685,0,0,0,0
27182,15537,25.82,0,-1.1310562548508534,0,RBF-SVM,-1.0497268897648755,-1.0497268897648755,-1.1897231902531198,0.0,-1.4488930253418881,0,0,0,0
27182,118603,709.0,0,-0.07185434834366933,0,RBF-SVM,-0.5877867620661172,-0.5877867620661172,-0.27974812687486184,0.55,-0.35109847925884446,0,0,1,1
27182,6329,1.0,1,-0.18888778852734892,0,RBF-SVM,0.37371577891671603,0.37371577891671603,0.08613680082491881,0.545,0.056010293318817905,1,1,1,1
27182,222898,14.0,0,-0.7746318260998066,0,RBF-SVM,-1.135888649337591,-1.135888649337591,-1.4406668880022333,0.01,-0.6396386742230786,0,0,0,0
27182,175231,1.98,0,-1.069424244057644,0,RBF-SVM,-1.1952302544473434,-1.1952302544473434,-1.1927568351404314,0.01,-1.4616382208196113,0,0,0,0
27182,182156,28.37,0,-0.8592339287253792,0,RBF-SVM,-0.8189078821925931,-0.8189078821925931,-0.5260948191429241,0.015,-0.5497366787025311,0,0,0,0
27182,88973,3.59,0,-1.1316630960633727,0,RBF-SVM,-1.061073453661742,-1.061073453661742,-0.9374103118104136,0.0,-1.280080489172482,0,0,0,0
27182,262826,0.77,1,-0.3099775651785168,0,RBF-SVM,1.0318406595270277,1.0318406595270277,1.5922596070563182,0.86,-0.1010331477540099,1,1,1,1
27182,175412,1.51,0,-0.5577013133155326,0,RBF-SVM,-1.0640341946664644,-1.0640341946664644,-0.7883456296739957,0.03,-1.0780934975052334,0,0,0,0
27182,60404,1.79,0,-0.9784420958620944,0,RBF-SVM,-1.3355916326603061,-1.3355916326603061,-1.1678299988926346,0.0,-1.3065271832799212,0,0,0,0
27182,79004,27.38,0,-1.065999186544321,0,RBF-SVM,-0.9443679837500915,-0.9443679837500915,-0.8236755717680051,0.0,-1.3391497710898475,0,0,0,0
27182,144280,54.0,0,-1.1273716661464241,0,RBF-SVM,-1.3557842505870317,-1.3557842505870317,-1.30320934276308,0.005,-0.7156055049653292,0,0,0,0
27182,59129,0.76,0,-0.2073280501507521,0,RBF-SVM,-1.1259727295041293,-1.1259727295041293,-1.3168485789465878,0.015,-1.1257116245363883,0,0,0,0
27182,145238,9.99,0,-1.224725605613181,0,RBF-SVM,-1.2059350086040392,-1.2059350086040392,-1.4400242492367215,0.015,-1.542543319649454,0,0,0,0
27182,70617,168.0,0,-1.2464951996615818,0,RBF-SVM,-1.1458219182806026,-1.1458219182806026,-0.804936228875869,0.03,-1.104217380722388,0,0,0,0
27182,155817,1.98,0,-0.8859294536140038,0,RBF-SVM,-0.9592021634817455,-0.9592021634817455,-1.054314473287727,0.1,-0.3234429973387871,0,0,0,1
27182,58688,12.36,0,-0.9753974312706649,0,RBF-SVM,-1.0315626484428646,-1.0315626484428646,-1.0684370065292295,0.01,-1.450263763742741,0,0,0,0
27182,93480,202.74,0,-0.2824038263399008,0,RBF-SVM,-0.2965780937168475,-0.2965780937168475,-1.1001966519123252,0.355,-0.5001903816364225,0,0,0,0
27182,100902,47.42,0,-0.8525271318313646,0,RBF-SVM,-1.127918237913481,-1.127918237913481,-0.9880339634658672,0.05,-0.9661768761319558,0,0,0,0
27182,204500,25.17,0,-1.3349440560347812,0,RBF-SVM,-1.1964303987233371,-1.1964303987233371,-1.1220235400905239,0.005,-1.2389776933871914,0,0,0,0
27182,150680,104.03,1,1.0000951154427709,1,RBF-SVM,1.0003030929217014,1.0003030929217014,4.252878918406685,0.995,0.9997460893841879,1,1,1,1
27182,16016,11.53,0,-1.1620374133328428,0,RBF-SVM,-1.022160884498536,-1.022160884498536,-0.7061793277711904,0.075,-1.3201368202292805,0,0,0,0
27182,147322,155.02,0,-1.2349956747759483,0,RBF-SVM,-1.035483902486692,-1.035483902486692,-1.121269452192901,0.08,-1.009833586992474,0,0,0,0
27182,241445,10.7,1,0.1425441119128747,1,RBF-SVM,1.3463199470491511,1.3463199470491511,0.49699096474494464,0.825,-0.13401176326041875,1,1,1,1
27182,215058,1.0,0,-1.0663219521863825,0,RBF-SVM,-1.4651400818491285,-1.4651400818491285,-1.1236998581141657,0.01,-1.2501723745324882,0,0,0,0
27182,16780,99.99,1,0.2920037274089583,1,RBF-SVM,0.7203551556643879,0.7203551556643879,7.882729476876126,0.96,-0.04511397902366057,1,1,1,1
27182,117987,0.89,0,-1.029474017894025,0,RBF-SVM,-1.1878466860084431,-1.1878466860084431,-1.092706557709851,0.005,-1.5376203027902564,0,0,0,0
27182,276071,19.95,1,-1.2099702757107424,0,RBF-SVM,-1.2681691211836374,-1.2681691211836374,-1.1344710937476605,0.0,-1.3395286879896409,0,0,0,0
27182,106829,10.0,0,-1.0711742867624268,0,RBF-SVM,-0.8912333146926402,-0.8912333146926402,-1.041410450165996,0.005,-1.0536686702252773,0,0,0,0
27182,73355,12.9,0,-1.1332614391175428,0,RBF-SVM,-0.9676341770771014,-0.9676341770771014,-0.9528924042037902,0.0,-1.3532743900361672,0,0,0,0
27182,171527,188.5,0,-0.7570533752043519,0,RBF-SVM,-0.7414470244882728,-0.7414470244882728,-0.7290640913191493,0.285,-0.7744663709868178,0,0,0,0
27182,274784,120.34,0,-1.0048143290874747,0,RBF-SVM,-1.2264991744959028,-1.2264991744959028,-1.365241750115457,0.015,-1.1915931270590503,0,0,0,0
27182,244114,7.86,0,-1.3076764116044128,0,RBF-SVM,-1.1566897897812438,-1.1566897897812438,-1.5640345417533705,0.005,-0.9987658932262738,0,0,0,0
27182,189654,5.97,0,-1.0338297227303164,0,RBF-SVM,-1.4068781322795878,-1.4068781322795878,-1.2638456852694209,0.035,-1.4344363102728184,0,0,0,0
27182,42007,0.76,1,0.39192527696101265,1,RBF-SVM,1.5632533794254375,1.5632533794254375,1.6565931907053277,0.835,-0.25289924085056203,1,1,1,1
27182,259075,230.0,0,-0.957446995860661,0,RBF-SVM,-1.1752425093017569,-1.1752425093017569,-1.4701472124101134,0.04,-1.1807941390785945,0,0,0,0
27182,42936,59.68,1,0.4412190592464862,1,RBF-SVM,0.9148999497693423,0.9148999497693423,4.33788673571657,0.925,0.06394458489841431,1,1,1,1
27182,254837,22.45,0,-0.7255494884944075,0,RBF-SVM,-1.1421438242989719,-1.1421438242989719,-1.1775910019535099,0.0,-1.4469622666554836,0,0,0,0
27182,167262,15.33,0,-1.172490151445194,0,RBF-SVM,-0.8497819468344933,-0.8497819468344933,-0.7997634904994193,0.01,-1.097125528710324,0,0,0,0
27182,241946,10.0,0,-0.5138181274800456,0,RBF-SVM,-0.8729483314271157,-0.8729483314271157,-1.2921327558552769,0.03,-0.9250497968199661,0,0,0,0
27182,72808,22.64,0,-1.294629568962732,0,RBF-SVM,-1.358223170608092,-1.358223170608092,-1.1346511586303238,0.0,-1.0408598971812755,0,0,0,0
27182,34780,71.63,0,-0.8481810505995809,0,RBF-SVM,-1.052320226483144,-1.052320226483144,-1.0380538472809795,0.245,-0.7529128743103506,0,0,0,0
27182,128585,29.56,0,-1.123566434921296,0,RBF-SVM,-0.8975526319757813,-0.8975526319757813,-0.7101538341258522,0.045,-1.3297771497372401,0,0,0,0
27182,99204,11.5,0,-1.3464812778189115,0,RBF-SVM,-1.1898540167934628,-1.1898540167934628,-1.000814950196168,0.03,-1.76594828811057,0,0,0,0
27182,8544,5.21,0,-0.9027596139217006,0,RBF-SVM,-1.4972192994827946,-1.4972192994827946,-1.4769549938843967,0.07,-0.8299347637961032,0,0,0,0
27182,123646,15.73,0,-1.2542637302356225,0,RBF-SVM,-1.1814828542202747,-1.1814828542202747,-0.9965196550920143,0.01,-1.7648998205962616,0,0,0,0
