seed,row_id,amount,actual,quantum_score,quantum_prediction,best_classical_name,best_classical_score,score_RBF-SVM,score_Logistic regression,score_Random forest,score_Classical (all features),prediction_RBF-SVM,prediction_Logistic regression,prediction_Random forest,prediction_Classical (all features)
42,150680,104.03,1,0.16684463627491186,1,Logistic regression,7.403690183352852,0.7192781144133379,7.403690183352852,0.705,0.028244671611239662,1,1,1,1
42,92777,294.9,1,-0.023889576134644527,1,Logistic regression,2.4976850277523948,1.0283765932795323,2.4976850277523948,0.755,0.030352551273072112,1,1,1,1
42,118583,179.9,0,-0.09284441290619413,0,Logistic regression,-3.212700076158364,-0.42663040834387,-3.212700076158364,0.05,-0.2335818122972633,0,0,0,0
42,50537,1.0,1,-0.5820551211967537,0,Logistic regression,-3.1123720693688837,-1.1095168168514418,-3.1123720693688837,0.0,-0.6684872125270819,0,0,0,0
42,238434,20.0,0,-0.903047258809716,0,Logistic regression,-2.293607645416659,-1.1757524148283733,-2.293607645416659,0.0,-0.6728874287466468,0,0,0,0
42,35267,10.62,0,-0.18876291086908162,0,Logistic regression,-1.6663945168966847,-0.9697433061705389,-1.6663945168966847,0.03,-0.3758562768502209,0,0,0,0
42,82028,137.28,0,-0.4462876027853505,0,Logistic regression,-1.5980120131165254,-1.0643902194494215,-1.5980120131165254,0.015,-0.7349528061389546,0,0,0,0
42,204685,18.14,0,-0.3236452723596831,0,Logistic regression,-3.183420164113481,-0.8545663346479895,-3.183420164113481,0.025,0.00037814640946783745,0,0,0,1
42,51746,4.99,0,-0.3825801548215725,0,Logistic regression,-3.040593092179883,-1.0086102278237263,-3.040593092179883,0.0,-0.37528047627990124,0,0,0,0
42,80444,25.0,0,-0.3073946651228787,0,Logistic regression,-2.716148472554037,-0.8167351220693231,-2.716148472554037,0.025,-0.329220509657419,0,0,0,0
42,170498,1.12,0,-0.5989160531886804,0,Logistic regression,-3.342751651221546,-1.179905685685649,-3.342751651221546,0.0,-0.4128456307744425,0,0,0,0
42,178492,13.49,0,-0.9343177169953254,0,Logistic regression,-2.2052703342500544,-1.1225724764420668,-2.2052703342500544,0.0,-0.9659273021038639,0,0,0,0
42,236552,108.0,0,-0.2686449891589471,0,Logistic regression,-2.4769516014277655,-0.9033556971170644,-2.4769516014277655,0.0,-0.7071344968985576,0,0,0,0
42,143333,0.0,1,0.17230636337933702,1,Logistic regression,6.315814982951968,0.8302221717855907,6.315814982951968,0.71,0.03480610284282174,1,1,1,1
42,30703,12.31,0,-0.42188475395621494,0,Logistic regression,-2.1110490052633746,-1.030863348874281,-2.1110490052633746,0.045,-0.7606004190023008,0,0,0,0
42,3961,9.99,0,-1.0045972712159357,0,Logistic regression,-2.389866493092862,-1.2881479245417675,-2.389866493092862,0.015,-1.147799573905839,0,0,0,0
42,247067,9.99,0,-1.1215142818573531,0,Logistic regression,-1.9214880128470653,-1.2015175330162782,-1.9214880128470653,0.0,-0.5426073103083904,0,0,0,0
42,188713,3.59,0,-0.3322984202423419,0,Logistic regression,-2.7010905773517697,-0.7370547530887379,-2.7010905773517697,0.07,-0.11302264783286581,0,0,0,0
42,88897,1.1,1,-0.003979948371748775,1,Logistic regression,2.2283383478162886,0.8394449711381093,2.2283383478162886,0.705,0.05021552782961486,1,1,1,1
42,77099,5.0,1,0.08364334190636827,1,Logistic regression,3.232881766051074,0.9783418731435667,3.232881766051074,0.715,0.04192857815953416,1,1,1,1
42,263877,0.38,1,0.05758665142170448,1,Logistic regression,3.5557730297417622,0.7960436353851768,3.5557730297417622,0.66,0.07970432250119264,1,1,1,1
42,130934,1.0,0,-0.7756435562041506,0,Logistic regression,-2.4661157800230784,-1.1301937445428907,-2.4661157800230784,0.0,-0.33703040405952833,0,0,0,0
42,95552,87.72,0,-1.1220460607689278,0,Logistic regression,-1.6854248712778188,-1.1270744478531607,-1.6854248712778188,0.0,-1.187014912265794,0,0,0,0
42,72887,145.0,0,-0.28426581237321513,0,Logistic regression,-3.1237999104463947,-0.9081390165069543,-3.1237999104463947,0.01,-0.0950723340504043,0,0,0,0
42,93788,0.0,1,-0.036526687780656694,1,Logistic regression,0.5384937801142848,0.11080437976549468,0.5384937801142848,0.18,-0.04945449696912369,0,0,0,0
42,122944,1.79,0,0.004000179328245465,1,Logistic regression,-4.66216008853066,-0.06682018013686108,-4.66216008853066,0.055,0.028244654298366225,0,0,0,1
42,193884,104.0,0,-0.9420612925189316,0,Logistic regression,-1.9882148820474361,-1.2078028217671133,-1.9882148820474361,0.0,-0.9180654962646546,0,0,0,0
42,75670,13.47,0,-0.6348408267883314,0,Logistic regression,-2.6135224621593522,-1.268148660168652,-2.6135224621593522,0.005,-1.0403530871763373,0,0,0,0
42,133087,1.0,0,-0.9596498460096259,0,Logistic regression,-2.053522587969985,-1.2247254379659651,-2.053522587969985,0.005,-0.9132749759073184,0,0,0,0
42,188728,28.75,0,0.0062695610778034025,1,Logistic regression,-4.141165124872548,0.49965482233508335,-4.141165124872548,0.045,0.028244671432656875,1,0,0,1
42,34719,69.44,0,-0.8461565998053303,0,Logistic regression,-1.9198636021029236,-1.1643286081792863,-1.9198636021029236,0.01,-0.6846377497237071,0,0,0,0
42,142541,40.99,0,-0.8919658535985895,0,Logistic regression,-1.6315247769706276,-1.0063988843972895,-1.6315247769706276,0.01,-0.8283540144434687,0,0,0,0
42,192925,4.26,0,-0.2919724794095242,0,Logistic regression,-1.1295448471801324,-0.702510663693142,-1.1295448471801324,0.02,-0.3051943428277664,0,0,0,0
42,65005,16.0,0,-1.0177867295386223,0,Logistic regression,-2.3265135674746342,-1.279580839550508,-2.3265135674746342,0.0,-0.9019362105291059,0,0,0,0
42,74745,33.75,0,-0.7335986655455885,0,Logistic regression,-2.3114939199684486,-1.0357199461428874,-2.3114939199684486,0.005,-0.9513002599822884,0,0,0,0
42,5546,2.45,0,-0.949250443223715,0,Logistic regression,-2.145577438531933,-1.242137587754353,-2.145577438531933,0.0,-0.5372938403617462,0,0,0,0
42,228712,22.94,0,-0.586205083043808,0,Logistic regression,-3.1839898949590326,-1.293177500527577,-3.1839898949590326,0.0,-0.46647631519137983,0,0,0,0
42,5072,674.98,0,-0.6607665092017718,0,Logistic regression,-1.7051007441058372,-0.9630009474954346,-1.7051007441058372,0.05,-0.07855501217467378,0,0,0,0
42,41395,1.0,1,0.2860959106588187,1,Logistic regression,6.999252539685008,0.8685274531913054,6.999252539685008,0.945,0.04700899001864003,1,1,1,1
42,229006,89.02,0,-0.8687032449998101,0,Logistic regression,-2.5949054854250875,-1.2202699901893341,-2.5949054854250875,0.0,-0.45917879197206046,0,0,0,0
42,174943,61.0,0,-0.5322642942548428,0,Logistic regression,-1.8426854845839078,-0.9943552381385465,-1.8426854845839078,0.0,-0.1788990843780458,0,0,0,0
42,253768,0.76,0,-0.1878779626498855,0,Logistic regression,-0.2248281667526797,-0.21503976734162633,-0.2248281667526797,0.185,-0.15292427088478847,0,0,0,0
42,154676,2.28,1,0.14343424660500703,1,Logistic regression,5.179364401264161,0.850616879352542,5.179364401264161,0.71,0.028574860263228998,1,1,1,1
42,264050,11.5,0,-0.8847977909000477,0,Logistic regression,-2.383843132800079,-1.2277784791599022,-2.383843132800079,0.0,-0.3384503923364474,0,0,0,0
42,124176,1.0,1,-0.12660674967410418,0,Logistic regression,-0.08659197716087585,0.00433098424496664,-0.08659197716087585,0.56,0.05150320113468399,0,0,1,1
42,228442,13.33,0,-0.988182722088516,0,Logistic regression,-1.6487722687353867,-1.0649453544074523,-1.6487722687353867,0.0,-0.6694961368181516,0,0,0,0
42,155641,136.5,0,-0.29140379545404627,0,Logistic regression,-1.0839587792117895,-0.6331445000696387,-1.0839587792117895,0.095,-0.01726668227809089,0,0,0,0
42,237381,21.98,0,-0.7613044064560924,0,Logistic regression,-1.7782334716718469,-1.1119880746833337,-1.7782334716718469,0.0,-0.7329392730461223,0,0,0,0
42,23308,0.0,1,-0.09083636584048929,0,Logistic regression,1.7204595631098767,0.4548692231088245,1.7204595631098767,0.65,0.03813487879216412,0,1,1,1
42,274075,126.0,0,-0.2810577527629664,0,Logistic regression,-2.848220937727521,-0.6828561399634177,-2.848220937727521,0.16,-0.34894237577752235,0,0,0,0
42,138473,84.92,0,-0.9427928388998404,0,Logistic regression,-2.1571125380708116,-1.2391701529675139,-2.1571125380708116,0.0,-1.148972001392801,0,0,0,0
42,212516,0.01,1,-0.016598481851621674,1,Logistic regression,1.2771678372662556,0.7901442615782408,1.2771678372662556,0.845,0.03988020958798118,1,1,1,1
42,118741,87.52,0,-0.5939377781755685,0,Logistic regression,-1.455829816402368,-0.9740465845127408,-1.455829816402368,0.05,-0.5659501120163634,0,0,0,0
42,140823,101.98,0,-1.0481980340316301,0,Logistic regression,-2.427045242660162,-1.2570085050781108,-2.427045242660162,0.0,-0.6915377139940012,0,0,0,0
42,169991,45.0,0,-0.8442701428031407,0,Logistic regression,-2.4596803483933103,-1.2582782105786285,-2.4596803483933103,0.0,-0.8448084426382808,0,0,0,0
42,282398,1.59,0,0.10570559228774459,1,Logistic regression,-1.6892156843947224,-0.9775520302807021,-1.6892156843947224,0.025,-0.4069515313169498,0,0,0,0
42,283178,1.29,0,-1.0759331844820503,0,Logistic regression,-1.916492172485635,-1.126783357182264,-1.916492172485635,0.0,-0.9216038150579191,0,0,0,0
42,91295,42.81,0,-1.0067027827204822,0,Logistic regression,-1.8480818553442178,-1.1342745780237589,-1.8480818553442178,0.0,-0.8206100135264974,0,0,0,0
42,169319,1.79,0,-0.894425434299182,0,Logistic regression,-2.7704019758505334,-1.3149951308153112,-2.7704019758505334,0.005,-0.9636736459848735,0,0,0,0
42,265632,241.81,0,-0.6676179317088865,0,Logistic regression,-1.006940619168842,-0.8266571079826119,-1.006940619168842,0.265,-0.1849354562664331,0,0,0,0
42,123529,44.9,0,-1.0571844587968513,0,Logistic regression,-1.9425442476535462,-1.1311184208582423,-1.9425442476535462,0.005,-0.9472627487866752,0,0,0,0
42,225745,41.91,0,-0.06135132350913537,0,Logistic regression,-3.2132065848619904,-0.7549449828306398,-3.2132065848619904,0.0,-0.20540458872834544,0,0,0,0
42,280332,25.0,0,-1.0714067634268396,0,Logistic regression,-2.3487826454897403,-1.2204131758855192,-2.3487826454897403,0.0,-0.673009370695526,0,0,0,0
42,201935,89.51,0,-0.39420794234645373,0,Logistic regression,-1.3835323990285056,-0.90761997893513,-1.3835323990285056,0.02,-0.4737603135791557,0,0,0,0
42,151006,1.0,1,0.029373666082670002,1,Logistic regression,5.191664209996083,0.5002496713948754,5.191664209996083,0.71,0.028244671432656875,1,1,1,1
42,170650,204.0,0,-1.0257769008381816,0,Logistic regression,-2.622233299225949,-1.2415809524947106,-2.622233299225949,0.0,-0.7406174709004244,0,0,0,0
42,81596,202.39,0,-1.1342792819772454,0,Logistic regression,-1.678279175724633,-1.0797601715408478,-1.678279175724633,0.0,-0.19757547756151775,0,0,0,0
42,87853,64.99,0,-0.578260580737569,0,Logistic regression,-2.3320682640231345,-1.069163869667518,-2.3320682640231345,0.025,-0.7193906085081329,0,0,0,0
42,79883,270.0,1,-0.12949919753089695,0,Logistic regression,1.417779910478335,0.5561478351207948,1.417779910478335,0.67,0.19479636479088722,1,1,1,1
42,177006,34.15,0,-0.25565657025471267,0,Logistic regression,-1.7989704097196384,-0.8671220282585412,-1.7989704097196384,0.005,-0.4722574278415168,0,0,0,0
42,88418,23.51,0,-0.10855274823198138,0,Logistic regression,0.45254415215328847,-0.11239060723269845,0.45254415215328847,0.515,-0.07153126340164245,0,0,1,0
42,42227,12.31,0,-0.7324336718189769,0,Logistic regression,-1.1627124866158285,-0.9513037732667375,-1.1627124866158285,0.07,-0.9402641573137858,0,0,0,0
42,152295,9.82,1,0.11226148397075134,1,Logistic regression,4.817712882465962,0.5002519234199739,4.817712882465962,0.695,0.028244671432656875,1,1,1,1
42,146589,9.08,0,-0.8175472838833411,0,Logistic regression,-1.5259387783230305,-0.9376953550623628,-1.5259387783230305,0.0,-0.40671463967878585,0,0,0,0
42,226871,15.95,0,-1.093595003241309,0,Logistic regression,-2.1413393115213353,-1.2188445226245779,-2.1413393115213353,0.0,-0.6063844707595983,0,0,0,0
42,235108,15.0,0,-0.4954746525308582,0,Logistic regression,-3.0334645448527757,-0.9501001769261952,-3.0334645448527757,0.0,-0.7134164849488883,0,0,0,0
42,263682,60.0,0,-0.9243604660608697,0,Logistic regression,-1.853001430842986,-1.1914538090434226,-1.853001430842986,0.0,-0.8084734349155429,0,0,0,0
42,168400,200.0,0,-0.35466669986699106,0,Logistic regression,-3.262672585450505,-0.8903828019247828,-3.262672585450505,0.0,-0.6637788196398964,0,0,0,0
42,80074,27.85,0,-0.9426756696110512,0,Logistic regression,-2.1651147251811733,-1.2288590802266688,-2.1651147251811733,0.0,-0.8215615180373184,0,0,0,0
42,154454,147.87,1,-0.02685084268998071,1,Logistic regression,1.605412131011778,0.23059026871419414,1.605412131011778,0.615,0.04380137147748192,0,1,1,1
42,161550,69.99,0,-0.8505740800363806,0,Logistic regression,-2.4957145176871736,-1.1164605221103094,-2.4957145176871736,0.0,-0.6240541224461612,0,0,0,0
42,102445,1.0,1,0.07959219338951085,1,Logistic regression,10.48300813727132,0.5002498363442082,10.48300813727132,0.875,0.028244671432656875,1,1,1,1
42,87078,2.28,0,0.1026212706347425,1,Logistic regression,-1.0989868233935072,0.1579955606692764,-1.0989868233935072,0.1,0.028240032643315677,0,0,0,1
42,68320,0.76,1,-0.24501128550818344,0,Logistic regression,-0.33499585500007356,-0.34257362051984774,-0.33499585500007356,0.29,-0.20460369928602667,0,0,0,0
42,180692,371.76,0,-0.5401352679768083,0,Logistic regression,-1.8445055266180264,-0.8802112351179538,-1.8445055266180264,0.215,-0.047551836212286015,0,0,0,0
42,6142,2.31,0,-0.919289095803466,0,Logistic regression,-1.8495826469564625,-1.192784516415038,-1.8495826469564625,0.0,-0.42307430251218575,0,0,0,0
42,118997,110.4,0,-0.9885453865020246,0,Logistic regression,-2.6053597105277744,-1.2889444185586436,-2.6053597105277744,0.005,-0.7602781811310515,0,0,0,0
42,127185,1.0,0,-0.9541983523029804,0,Logistic regression,-2.06100229118439,-1.2441231129243957,-2.06100229118439,0.005,-0.945917117450882,0,0,0,0
42,10484,3.79,1,-0.2241776669811368,0,Logistic regression,-0.9970689965830949,-0.7803361583730315,-0.9970689965830949,0.09,-0.2347117214058078,0,0,0,0
42,273580,5.99,0,-0.1753271351123592,0,Logistic regression,-1.40819237894992,-0.9162451490761174,-1.40819237894992,0.04,-0.5304388659317829,0,0,0,0
42,196375,1.0,0,-1.063698087253066,0,Logistic regression,-2.4432024771706518,-1.1906267852457588,-2.4432024771706518,0.0,-0.8125163550327967,0,0,0,0
42,273100,25.0,0,-0.5739685041151923,0,Logistic regression,-2.28832965215389,-0.9788724349090503,-2.28832965215389,0.005,-0.8305552459339751,0,0,0,0
42,129783,1.0,0,-0.741827016111234,0,Logistic regression,-2.9207063123056036,-1.2400309438854127,-2.9207063123056036,0.0,-0.5859662534562541,0,0,0,0
42,36326,10.62,0,-0.7187243688834324,0,Logistic regression,-1.2233422896426385,-0.8964253626170995,-1.2233422896426385,0.0,-0.5880668776224262,0,0,0,0
42,275854,71.01,0,-0.5694591001108924,0,Logistic regression,-3.1561403895549045,-1.1315862614750563,-3.1561403895549045,0.005,-0.6553218266559373,0,0,0,0
42,23422,717.15,1,0.15192351283448452,1,Logistic regression,1.1563273694965706,0.9973255099892788,1.1563273694965706,0.945,0.08646805573508562,1,1,1,1
42,234633,1.59,1,0.0015098038772194608,1,Logistic regression,3.829597877155849,0.7516125766771685,3.829597877155849,0.765,0.15768688748454998,1,1,1,1
42,277006,394.68,0,-0.8842052067192846,0,Logistic regression,-2.54619593840951,-1.2362234772828637,-2.54619593840951,0.0,-0.8066195291697743,0,0,0,0
42,67434,9.49,0,-0.25391968523396824,0,Logistic regression,-3.5961367274128797,0.4978626273238808,-3.5961367274128797,0.485,0.028244671432656875,1,0,0,1
42,101942,32.65,0,-0.2917569755052959,0,Logistic regression,-2.3525811163166552,-1.0196942323595581,-2.3525811163166552,0.0,-0.37030239149217825,0,0,0,0
42,192830,1.29,0,-0.6150543055083134,0,Logistic regression,-1.5357452742281548,-0.9429284115863779,-1.5357452742281548,0.005,-0.606100067747959,0,0,0,0
42,51081,7.95,0,-0.9488140632490953,0,Logistic regression,-2.0899919225252503,-1.2432572495092142,-2.0899919225252503,0.0,-1.1133379847792944,0,0,0,0
42,6286,39.01,0,-0.19902653703218023,0,Logistic regression,-2.6064484079832253,-0.7025172670935467,-2.6064484079832253,0.51,0.012449180540418079,0,0,1,1
42,151011,1.0,1,0.16947502722925012,1,Logistic regression,5.922811087404188,0.5002920524552616,5.922811087404188,0.645,0.028244671432656878,1,1,1,1
42,262256,56.03,0,-0.25062806605138566,0,Logistic regression,-3.462846263100751,-0.7667630495055624,-3.462846263100751,0.0,-0.273234209865351,0,0,0,0
42,84459,3.58,0,-0.7227764320148414,0,Logistic regression,-1.4624861328671654,-1.0690448575789426,-1.4624861328671654,0.0,-1.1195161442182058,0,0,0,0
42,116782,8.36,0,-0.8866217867838867,0,Logistic regression,-2.654417653493156,-1.2768962997983972,-2.654417653493156,0.0,-1.0234157187223727,0,0,0,0
42,76007,32.67,0,-0.4765642378217987,0,Logistic regression,-2.2274032165589963,-1.0341383445880974,-2.2274032165589963,0.015,-0.9992509038935581,0,0,0,0
42,212432,1.0,0,-0.23257724999809518,0,Logistic regression,-1.557958603100953,-0.284078443043127,-1.557958603100953,0.025,-0.010519821365935933,0,0,0,0
42,90295,4.0,0,-0.7157066423028116,0,Logistic regression,-2.278486048740045,-1.080318396072005,-2.278486048740045,0.005,-0.6241830859017383,0,0,0,0
42,252253,5.43,0,-0.3355210863325343,0,Logistic regression,-1.9750879140992514,-1.0469147141813375,-1.9750879140992514,0.005,-0.8845973925223478,0,0,0,0
42,39985,206.4,0,-0.6482801802275289,0,Logistic regression,-1.4463873766547435,-0.8816236050728885,-1.4463873766547435,0.135,-0.44850071155829374,0,0,0,0
42,19302,250.0,0,-0.44063431163287003,0,Logistic regression,-1.7112814995108026,-0.9542844938490365,-1.7112814995108026,0.01,-0.8922744377287454,0,0,0,0
42,270224,1.98,0,-1.0666002970505288,0,Logistic regression,-1.8138995281507422,-1.109425370097572,-1.8138995281507422,0.0,-1.0521124220055031,0,0,0,0
42,106581,1.0,0,-0.4080360627261732,0,Logistic regression,-1.3167748620627626,-0.4627102464971167,-1.3167748620627626,0.035,-0.18076758587657563,0,0,0,0
42,238466,17.39,1,-0.06674613030477082,0,Logistic regression,0.13306579189665046,0.03675332075121651,0.13306579189665046,0.305,-0.046845552888072566,0,0,0,0
42,47311,119.67,0,-0.2715820799415939,0,Logistic regression,-3.192970322204715,-1.1334506828711155,-3.192970322204715,0.04,-0.42365616419284696,0,0,0,0
42,82580,12.31,0,-0.4020351823237832,0,Logistic regression,-1.4158136692023304,-1.0451897460476065,-1.4158136692023304,0.02,-0.9292281075002831,0,0,0,0
42,49791,172.21,0,-0.7460061019755082,0,Logistic regression,-2.4367627012830084,-1.1749443962575923,-2.4367627012830084,0.0,-0.5795214344115412,0,0,0,0
42,57619,2.37,0,-0.4566499124663165,0,Logistic regression,-2.268988512183152,-0.9923905439434333,-2.268988512183152,0.035,-0.3167721355551392,0,0,0,0
42,76609,7.52,1,0.11718844750822471,1,Logistic regression,3.561367114061273,0.734695287129268,3.561367114061273,0.69,0.030495627537507005,1,1,1,1
42,41000,0.23,0,-0.37765662734572736,0,Logistic regression,-2.4508500839097467,-0.9373350272802607,-2.4508500839097467,0.01,-0.5122358789046403,0,0,0,0
42,123853,25.0,0,-0.6295671243337051,0,Logistic regression,-3.0198909814468724,-1.2009593975974757,-3.0198909814468724,0.0,-0.4210096354185261,0,0,0,0
42,153911,7.6,0,-0.5516413716235329,0,Logistic regression,-1.8519675877837094,-0.9735658420137754,-1.8519675877837094,0.01,-0.19222803829074891,0,0,0,0
42,119348,74.99,0,-1.0063419076821336,0,Logistic regression,-1.6566198107121768,-1.1456878557413315,-1.6566198107121768,0.015,-0.8460782622764803,0,0,0,0
42,76552,5.9,0,-0.9188897728514034,0,Logistic regression,-1.7240751737185012,-1.1640442613955018,-1.7240751737185012,0.005,-0.7631512406787684,0,0,0,0
42,149185,4.78,0,-0.45092107111486346,0,Logistic regression,-3.3641226247482643,-0.8852214332033159,-3.3641226247482643,0.045,0.026159248155106226,0,0,0,1
42,253862,49.99,0,-0.43062172862894443,0,Logistic regression,-2.9068418123702298,-0.9837174801337654,-2.9068418123702298,0.05,-0.10602587576414241,0,0,0,0
42,79892,9.03,0,-0.36269068205740995,0,Logistic regression,-2.209597121195809,-1.1531569151470558,-2.209597121195809,0.05,-0.6770444200530471,0,0,0,0
42,165476,791.68,0,-0.39956382187329753,0,Logistic regression,-2.031238531921951,-0.8950897812332865,-2.031238531921951,0.06,-0.018398348306185155,0,0,0,0
42,154335,0.89,0,-1.0591665520043847,0,Logistic regression,-1.7785057371108386,-1.1131435700332497,-1.7785057371108386,0.0,-0.45564351134500286,0,0,0,0
42,162749,60.96,0,-0.9329668736529767,0,Logistic regression,-2.5632976259594384,-1.2931260388296724,-2.5632976259594384,0.0,-1.2405596383384314,0,0,0,0
42,214507,9.99,0,-0.9826649503267191,0,Logistic regression,-2.6695767480173056,-1.3182074536142954,-2.6695767480173056,0.0,-1.0553468283300673,0,0,0,0
42,137233,11.87,0,-0.8308162002353802,0,Logistic regression,-2.6631592890890317,-1.2500792392003306,-2.6631592890890317,0.005,-1.0613489339492501,0,0,0,0
42,74324,18.34,0,-0.4759860624274348,0,Logistic regression,-2.6474771657510594,-0.5700325982766188,-2.6474771657510594,0.0,-0.18626531642811828,0,0,0,0
42,103522,9.99,0,-0.8184048454971318,0,Logistic regression,-2.275412154842055,-1.1958811276629004,-2.275412154842055,0.0,-0.8726195000228867,0,0,0,0
42,51481,35.9,0,-1.1035741153784178,0,Logistic regression,-1.99305216983356,-1.1991153193863848,-1.99305216983356,0.0,-1.0388378592103271,0,0,0,0
42,183037,20.0,0,-0.9331278967204263,0,Logistic regression,-2.3017681754978603,-1.0975210239506477,-2.3017681754978603,0.0,-0.15570112526131974,0,0,0,0
42,241143,1000.0,0,0.00938716870956146,1,Logistic regression,-2.8879655628690317,0.35514929698185904,-2.8879655628690317,0.2,0.02824405783143372,0,0,0,1
42,144146,0.99,0,0.03199513138399019,1,Logistic regression,0.47894313317288906,-0.046162986499294956,0.47894313317288906,0.155,-0.1218711491398713,0,0,0,0
42,284048,2.0,0,0.024803074304126992,1,Logistic regression,-2.3995329941597605,-0.3801000170010963,-2.3995329941597605,0.035,-0.16111633529363753,0,0,0,0
42,284638,430.0,0,-0.060904061010790975,0,Logistic regression,0.5504033797101904,0.2524186671976173,0.5504033797101904,0.225,-0.014861491558911873,0,0,0,0
42,15566,99.99,1,0.056969958173041194,1,Logistic regression,5.283655517437348,0.628211125975684,5.283655517437348,0.825,0.04006387037442388,1,1,1,1
42,49896,20.0,0,-1.030937724553251,0,Logistic regression,-2.244325928651327,-1.2644284887995363,-2.244325928651327,0.0,-0.9357242090748105,0,0,0,0
42,1509,142.42,0,-0.41968610732410394,0,Logistic regression,-2.094320427456378,-1.0307407797488006,-2.094320427456378,0.0,-0.29862037106622563,0,0,0,0
42,165368,4.52,0,-0.84008871528692,0,Logistic regression,-2.1177415402478803,-1.0736116815068606,-2.1177415402478803,0.01,-0.5663636649188108,0,0,0,0
42,139100,69.37,0,-1.0022184432747605,0,Logistic regression,-1.7879380400497569,-1.1239633347618017,-1.7879380400497569,0.0,-0.3598604271741455,0,0,0,0
42,89363,1.79,0,-0.8949198256674346,0,Logistic regression,-1.4830697837785445,-1.003680376396863,-1.4830697837785445,0.005,-0.9760022368955031,0,0,0,0
42,90606,5.99,0,-1.0050401440063759,0,Logistic regression,-1.5795983362154433,-1.0630512827696135,-1.5795983362154433,0.0,-1.1376826291994553,0,0,0,0
42,263796,16.0,0,-0.19982502896380225,0,Logistic regression,-3.1911420095390426,-1.0430704550108474,-3.1911420095390426,0.125,-0.7358957933484044,0,0,0,0
42,230004,32.39,0,-0.9119513496161743,0,Logistic regression,-2.031498555787031,-1.1200448140356967,-2.031498555787031,0.005,-0.1600720430119366,0,0,0,0
42,236649,380.0,0,-0.22955253012050483,0,Logistic regression,0.224678795410026,-0.07891160126649077,0.224678795410026,0.185,-0.19114782652454107,0,0,0,0
42,43153,16.94,0,-0.929842810247369,0,Logistic regression,-1.932144160066861,-1.1768720178783771,-1.932144160066861,0.0,-0.8680420899938383,0,0,0,0
42,129673,103.99,0,-0.21244559981055136,0,Logistic regression,-1.263127368547437,-0.5587818005156888,-1.263127368547437,0.105,-0.01832367621448068,0,0,0,0
42,188338,8.99,0,-0.4080604934876594,0,Logistic regression,-2.2883601945543806,-1.093719837471759,-2.2883601945543806,0.0,-0.5313341526472186,0,0,0,0
42,28271,111.97,0,-0.8128846983299218,0,Logistic regression,-2.864176211123183,-1.2709459974144188,-2.864176211123183,0.0,-0.6200660588840978,0,0,0,0
42,246037,42.0,0,-1.0344119510083547,0,Logistic regression,-2.0975869182980986,-1.2046931281684174,-2.0975869182980986,0.005,-0.9652449427161465,0,0,0,0
42,180523,2.58,0,-1.0866032111648645,0,Logistic regression,-1.8232605362700207,-1.1224637292309327,-1.8232605362700207,0.0,-1.0656714453756777,0,0,0,0
42,209628,11.5,0,-0.6245169890838431,0,Logistic regression,-2.4256894168693077,-1.0574915805239486,-2.4256894168693077,0.015,-0.22939629130345165,0,0,0,0
42,51720,22.95,0,-0.5938735577209843,0,Logistic regression,-2.746589325997288,-1.04520911506228,-2.746589325997288,0.1,-0.5400155041937955,0,0,0,0
42,263413,13.0,0,-0.9094344622837557,0,Logistic regression,-2.726883437737835,-1.2723093221437385,-2.726883437737835,0.01,-0.8797053802152527,0,0,0,0
42,26978,5.75,0,-0.3997655300717552,0,Logistic regression,-3.251851977672362,-0.9287456767471498,-3.251851977672362,0.035,0.007127262567883812,0,0,0,1
42,30445,40.99,0,-0.5948592260803903,0,Logistic regression,-1.8072885846150455,-1.0324330659040906,-1.8072885846150455,0.02,-0.07637682661356124,0,0,0,0
42,142405,12.31,1,0.022538292069319843,1,Logistic regression,4.084040609988811,0.9095888156444216,4.084040609988811,0.755,0.03915836610563683,1,1,1,1
42,203935,9.95,0,-0.8340711781905406,0,Logistic regression,-2.959713383382606,-1.2755592422766049,-2.959713383382606,0.005,-0.9152373326696621,0,0,0,0
42,254499,19.95,0,-1.0320040446915242,0,Logistic regression,-2.0974174382092654,-1.2416304464467334,-2.0974174382092654,0.0,-0.7412657343521062,0,0,0,0
42,282107,15.89,0,-0.4926202129687922,0,Logistic regression,-1.3328805383421445,-0.8186274492633883,-1.3328805383421445,0.06,-0.7878332555974639,0,0,0,0
42,240665,9.42,0,-0.7391738153317547,0,Logistic regression,-1.7454577847996302,-1.0950371930454188,-1.7454577847996302,0.0,-1.0304066816198487,0,0,0,0
42,157712,0.0,0,-0.5574207121015131,0,Logistic regression,-1.7636476073907523,-0.9798559867643308,-1.7636476073907523,0.0,-0.14668538699303235,0,0,0,0
42,168171,362.65,0,-0.9588040474925965,0,Logistic regression,-2.509891755880595,-1.2450050027033726,-2.509891755880595,0.0,-0.17613517297712608,0,0,0,0
42,253520,3.27,0,-0.8057353901147188,0,Logistic regression,-1.1977367916686463,-0.9101692010411608,-1.1977367916686463,0.145,-0.6857608828620032,0,0,0,0
42,139624,0.99,0,-0.9623630810361847,0,Logistic regression,-1.857093767308306,-1.1700352581154485,-1.857093767308306,0.0,-1.1423674612992882,0,0,0,0
42,271157,7.56,0,-0.8696517768654124,0,Logistic regression,-1.538569545726188,-1.0097372972463199,-1.538569545726188,0.23,-0.13510536983526283,0,0,0,0
42,148341,25.99,0,-0.7707400050758735,0,Logistic regression,-2.1323977605715427,-1.086364940637203,-2.1323977605715427,0.0,-0.9021116849961662,0,0,0,0
42,154633,22.04,1,-0.024191781580910704,1,Logistic regression,1.1113324740023838,0.11281213335965207,1.1113324740023838,0.6,0.04855349619672047,0,1,1,1
42,123478,1.0,0,-0.2743221054800248,0,Logistic regression,-1.2217180681353925,-0.9329926324359932,-1.2217180681353925,0.055,-0.6318250133343931,0,0,0,0
42,43800,3.59,0,-1.0904399127958468,0,Logistic regression,-1.9525894224847877,-1.190210665454011,-1.9525894224847877,0.005,-0.7324980727443514,0,0,0,0
42,275896,39.99,0,-0.4006819796398441,0,Logistic regression,-2.0133187195365396,-0.9349199099773045,-2.0133187195365396,0.03,-0.6315320109196242,0,0,0,0
42,17480,99.99,1,0.028758886059291472,1,Logistic regression,4.137707025040101,0.501482188823209,4.137707025040101,0.8,0.02824467487247761,1,1,1,1
42,56921,19.9,0,-0.654544702045531,0,Logistic regression,-2.2421383865505953,-1.1616076865126446,-2.2421383865505953,0.0,-0.737595004901568,0,0,0,0
42,86029,10.0,0,-0.6533854776153653,0,Logistic regression,-2.6670914365854945,-1.2109212860711358,-2.6670914365854945,0.0,-0.8539123247532063,0,0,0,0
42,117501,26.99,0,-0.8938029199077062,0,Logistic regression,-2.1390137257218176,-1.1182205103827219,-2.1390137257218176,0.0,-0.7831828616681623,0,0,0,0
42,15736,99.99,1,0.05338581091029157,1,Logistic regression,5.176510042536565,0.5959936876023971,5.176510042536565,0.825,0.032896025266713244,1,1,1,1
42,265708,11.5,0,-0.025916101115920284,1,Logistic regression,-2.238225764123493,-0.5000886830797766,-2.238225764123493,0.045,0.027522246417301142,0,0,0,1
42,256751,120.0,0,-1.0224128938097536,0,Logistic regression,-2.1894867935131552,-1.1791658343970395,-2.1894867935131552,0.0,-1.0277149592568353,0,0,0,0
42,105592,134.25,0,-0.549927453403029,0,Logistic regression,-1.6942286257781562,-0.9538098328191704,-1.6942286257781562,0.17,-0.31704163408390257,0,0,0,0
42,7089,0.01,0,-0.6993840045917774,0,Logistic regression,-2.8417982596022813,-1.184276192856148,-2.8417982596022813,0.005,-0.39080137068279075,0,0,0,0
42,154371,2.28,1,0.09323379217405545,1,Logistic regression,7.161946828192521,0.5002497107787992,7.161946828192521,0.605,0.028244671432656875,1,1,1,1
42,212553,34.19,0,-0.7237091246889279,0,Logistic regression,-2.50501435545426,-1.28036475835149,-2.50501435545426,0.005,-0.8288091215138107,0,0,0,0
42,274085,45.14,0,-0.5734495946004148,0,Logistic regression,-1.6445201739046122,-0.985566869236217,-1.6445201739046122,0.05,-0.7341780456343142,0,0,0,0
42,124915,16.99,0,-0.8650279497364658,0,Logistic regression,-1.1424906612248622,-0.953022087935155,-1.1424906612248622,0.07,-0.8930474503542397,0,0,0,0
42,125552,14.95,0,-0.5170334267825081,0,Logistic regression,-1.9100129429731616,-0.8200247994558625,-1.9100129429731616,0.02,-0.57057014801677,0,0,0,0
42,32425,1.54,0,-0.7611277491997689,0,Logistic regression,-2.8632775864915576,-1.1597168875374406,-2.8632775864915576,0.025,-0.015478231428006466,0,0,0,0
42,14338,3.76,1,-0.033847793458443534,1,Logistic regression,0.4970832046746032,0.2501779587832488,0.4970832046746032,0.265,0.07482213873066895,0,0,0,1
42,150660,44.9,1,0.02663779359501598,1,Logistic regression,8.466703025658205,0.5448963384428304,8.466703025658205,0.93,0.028244683213181236,1,1,1,1
42,232515,29.0,0,-0.4895957590813942,0,Logistic regression,-2.546983226909347,-1.0966332721840857,-2.546983226909347,0.0,-0.24471381025189784,0,0,0,0
42,215499,46.0,0,-0.48257561140802685,0,Logistic regression,-2.705913224019058,-1.1718596011343925,-2.705913224019058,0.0,-0.4666041542657845,0,0,0,0
42,228904,1016.04,0,-0.33211122117614766,0,Logistic regression,-0.6116228456577837,-0.3890136113046342,-0.6116228456577837,0.08,0.013327930022969522,0,0,0,1
42,98727,5.0,0,-0.17367481571374363,0,Logistic regression,-3.2104992690544316,-1.0980173910384003,-3.2104992690544316,0.0,-0.39001105727682767,0,0,0,0
42,88375,79.99,0,-0.6432319580985358,0,Logistic regression,-2.92301690193515,-1.2268811688435868,-2.92301690193515,0.005,-0.2945509621803554,0,0,0,0
42,266824,5.0,0,-0.623055251363071,0,Logistic regression,-1.641349999994796,-1.0141728582335507,-1.641349999994796,0.065,-0.46102945249495336,0,0,0,0
42,40990,18.92,0,-1.0620706178370425,0,Logistic regression,-2.2397943851393407,-1.219802139947,-2.2397943851393407,0.0,-0.9723172594295181,0,0,0,0
42,199044,28.84,0,-1.0550228017560954,0,Logistic regression,-1.7413805071697135,-1.091052090299682,-1.7413805071697135,0.0,-1.0324203220509325,0,0,0,0
42,31120,6.51,0,-0.9757335379878087,0,Logistic regression,-2.2084524973304664,-1.143397021461363,-2.2084524973304664,0.0,-0.8570929831618098,0,0,0,0
42,82837,20.5,0,-0.8070866709503309,0,Logistic regression,-2.2766672844891143,-1.2465572435029975,-2.2766672844891143,0.005,-1.025052252083978,0,0,0,0
42,37343,39.5,0,-0.3775389916830878,0,Logistic regression,-3.4694828253855627,-1.0829597479846034,-3.4694828253855627,0.0,-0.5818238003401028,0,0,0,0
42,93886,2.69,0,-0.9473073063263255,0,Logistic regression,-1.4021186502666565,-1.0253436214014338,-1.4021186502666565,0.01,-0.8361101585821399,0,0,0,0
42,89875,250.0,0,0.016289797961043843,1,Logistic regression,-3.3526871374861624,-0.04010723233237201,-3.3526871374861624,0.48,0.028231473763175207,0,0,0,1
42,55535,8.48,0,-0.3697682429950788,0,Logistic regression,-1.3953034173431136,-0.8300540612466487,-1.3953034173431136,0.06,-0.6375393995128028,0,0,0,0
42,209661,1.0,0,-0.719449989968323,0,Logistic regression,-2.1042059665953476,-1.1114782055482373,-2.1042059665953476,0.05,-0.5396201745527198,0,0,0,0
42,201098,0.0,1,0.41184323065698336,1,Logistic regression,5.826069061913064,0.980102977201049,5.826069061913064,0.96,0.47584462969004415,1,1,1,1
42,221516,3.08,0,-0.5652963831707057,0,Logistic regression,-3.00813044467187,-1.0354335825845236,-3.00813044467187,0.0,-0.8562010509536615,0,0,0,0
42,6014,12.99,0,-0.8151483136539619,0,Logistic regression,-1.6439868003883389,-1.086224388021016,-1.6439868003883389,0.045,-0.5681181432432179,0,0,0,0
42,157959,0.89,0,-0.8022055261730231,0,Logistic regression,-2.6879208325984183,-1.2855919014462651,-2.6879208325984183,0.005,-0.4898413594842901,0,0,0,0
42,142116,541.1,0,-0.9066582576032778,0,Logistic regression,-2.2108074147650956,-1.1691766744760945,-2.2108074147650956,0.025,-0.3673832419484399,0,0,0,0
42,234829,100.5,0,-0.9491163149071384,0,Logistic regression,-1.9449064327042063,-1.0641165892060742,-1.9449064327042063,0.04,-0.7142554697508394,0,0,0,0
42,30188,188.9,0,-0.8785351313970022,0,Logistic regression,-2.3840047878062594,-1.2157789138206012,-2.3840047878062594,0.0,-0.9295364308840202,0,0,0,0
42,271361,0.9,0,-0.8647594940011302,0,Logistic regression,-1.892933121682062,-1.0493446620889082,-1.892933121682062,0.055,-0.3680402176800841,0,0,0,0
42,9509,1.0,1,0.1513125932884921,1,Logistic regression,12.042216960008945,0.5472605307843434,12.042216960008945,0.835,0.02824507738018679,1,1,1,1
42,85083,1.0,0,-0.9702405337440403,0,Logistic regression,-2.1898715729396643,-1.2569154649933918,-2.1898715729396643,0.005,-1.0198652761320042,0,0,0,0
42,263192,11.5,0,-1.0214983669542204,0,Logistic regression,-2.3700653675977703,-1.2083067535471446,-2.3700653675977703,0.02,-0.5798561292102521,0,0,0,0
42,134735,15.0,0,-0.7421169746813036,0,Logistic regression,-2.069370865877427,-1.2148751256770969,-2.069370865877427,0.0,-0.7717693960474842,0,0,0,0
42,106385,45.0,0,-0.9926684761059275,0,Logistic regression,-1.9291172774736107,-1.2012860550985758,-1.9291172774736107,0.0,-0.9772878530761496,0,0,0,0
42,127847,3.48,0,-0.47463944057361807,0,Logistic regression,-1.0440349863322438,-0.7910548916781035,-1.0440349863322438,0.07,-0.15428126525614302,0,0,0,0
42,254276,29.78,0,-0.3879379618734229,0,Logistic regression,-2.0676352529058177,-0.9584306899963702,-2.0676352529058177,0.02,-0.5457098878956084,0,0,0,0
42,262935,1.0,0,-0.9812124433865224,0,Logistic regression,-2.081326729693497,-1.2275888367897003,-2.081326729693497,0.0,-0.6508396888592901,0,0,0,0
42,53604,4.25,0,-0.2357511224808814,0,Logistic regression,-2.830815195969941,-0.7049288141495567,-2.830815195969941,0.28,0.02059779854391757,0,0,0,1
42,269730,1.0,0,-1.1085300178675734,0,Logistic regression,-1.891021939230211,-1.1488203572184272,-1.891021939230211,0.0,-0.616340785404157,0,0,0,0
42,185658,45.0,0,-0.7928550271511668,0,Logistic regression,-2.791271556278129,-1.2132399425879632,-2.791271556278129,0.0,-0.2874925274782168,0,0,0,0
42,78530,302.74,0,-0.33849078252295406,0,Logistic regression,-1.4458973066558582,-1.0403026799347062,-1.4458973066558582,0.0,-0.6720591898888433,0,0,0,0
42,152848,14.95,0,-0.8292271327624353,0,Logistic regression,-2.529480445139276,-1.2016415299360628,-2.529480445139276,0.0,-0.3868513928688844,0,0,0,0
42,224436,0.89,0,-1.0619988714077087,0,Logistic regression,-2.2251845082452926,-1.2380541716231102,-2.2251845082452926,0.0,-1.102569052919215,0,0,0,0
42,239367,11.99,0,-0.18085412589308425,0,Logistic regression,-2.189626054850523,-0.9440867027957658,-2.189626054850523,0.315,-0.05094338725579769,0,0,0,0
42,203669,134.85,0,-0.8122264185305791,0,Logistic regression,-1.1454136482983595,-0.9483567332447389,-1.1454136482983595,0.005,-0.792352376901688,0,0,0,0
42,88307,180.0,1,-0.06786043465511206,0,Logistic regression,1.091124230367081,0.40851166870115796,1.091124230367081,0.695,0.12817152122508152,0,1,1,1
42,150668,188.52,1,0.16374767709507254,1,Logistic regression,7.968533579672524,0.6325542982283447,7.968533579672524,0.8,0.02824467396904475,1,1,1,1
42,213057,1.0,0,-0.7085760002389614,0,Logistic regression,-1.9079393607428754,-1.0137125261746636,-1.9079393607428754,0.005,-0.9397934229090783,0,0,0,0
42,140437,3.99,0,-0.32531450948315677,0,Logistic regression,-2.6406013688237318,-0.9944833333734855,-2.6406013688237318,0.005,-0.7539924526279823,0,0,0,0
42,235120,9.3,0,-0.5082901414697332,0,Logistic regression,-2.169562544369681,-1.0879748386690635,-2.169562544369681,0.02,-0.6948724986925623,0,0,0,0
42,272703,158.0,0,-1.013595188829309,0,Logistic regression,-1.70853379312068,-1.0519253320171063,-1.70853379312068,0.0,-0.46833507366460997,0,0,0,0
42,9099,29.7,0,-0.6139564472237449,0,Logistic regression,-2.945711480536179,-1.1233283467163664,-2.945711480536179,0.005,-0.35945579791771237,0,0,0,0
42,178903,25.0,0,-0.9792830904345113,0,Logistic regression,-2.519849387118942,-1.2190689756347413,-2.519849387118942,0.0,-1.1088429465960956,0,0,0,0
42,242396,622.0,0,-0.9799572632917541,0,Logistic regression,-1.981214164870713,-1.0500541549477305,-1.981214164870713,0.055,-0.2850764898715138,0,0,0,0
42,241787,245.9,0,-0.22647228497890307,0,Logistic regression,-1.0617008306124895,-0.4197840106833828,-1.0617008306124895,0.04,-0.036991256638712965,0,0,0,0
42,266626,26.16,0,-0.37050143045537,0,Logistic regression,-3.0556117131983394,-0.9484134221098737,-3.0556117131983394,0.005,-0.16087841031814068,0,0,0,0
42,14058,1.29,0,-0.540787182488444,0,Logistic regression,-2.4014992827682513,-1.189569469608894,-2.4014992827682513,0.005,-0.47615805117311105,0,0,0,0
42,25918,14.99,0,-0.34273624386609725,0,Logistic regression,-2.326288071682848,-0.7408869231002408,-2.326288071682848,0.085,-0.5090886177206835,0,0,0,0
42,169745,1.0,0,-0.3658952540195184,0,Logistic regression,-0.47643972012293134,-0.5046308138822417,-0.47643972012293134,0.16,-0.41426649005078015,0,0,0,0
42,155137,99.0,0,-0.30438995675967884,0,Logistic regression,-2.3614576599632193,-0.7183471635432497,-2.3614576599632193,0.04,-0.080489829975123,0,0,0,0
42,150679,104.03,1,0.16684463627491186,1,Logistic regression,7.403690183352852,0.7192781144133379,7.403690183352852,0.705,0.028244671611239662,1,1,1,1
42,12415,1.0,0,-0.580816653235982,0,Logistic regression,-2.380156651384566,-1.1465877940654146,-2.380156651384566,0.005,-0.42149946509032465,0,0,0,0
42,107637,824.83,1,0.03400948628919605,1,Logistic regression,1.0327959544425107,0.7243208515510557,1.0327959544425107,0.72,0.06624696739942068,1,1,1,1
42,83909,11.5,0,-1.014799461928231,0,Logistic regression,-2.507639533820167,-1.1809015095065942,-2.507639533820167,0.0,-1.181115994495801,0,0,0,0
42,205944,354.0,0,-0.7174695696300311,0,Logistic regression,-1.2344895190074947,-0.9155728816399713,-1.2344895190074947,0.04,-0.5359864254476737,0,0,0,0
42,85395,40.0,0,-0.6816241563492076,0,Logistic regression,-1.2938976527942123,-0.8361334658731057,-1.2938976527942123,0.015,-0.4688739339886418,0,0,0,0
42,275069,0.89,0,-0.8843513902648418,0,Logistic regression,-2.451262766307036,-1.2458766201997233,-2.451262766307036,0.0,-1.1390485163770239,0,0,0,0
42,16863,730.86,1,-0.007386775329987411,1,Logistic regression,1.2484225433569962,0.525543149654245,1.2484225433569962,0.675,0.030062368057281148,1,1,1,1
42,33049,2.68,0,-0.6477419440875988,0,Logistic regression,-1.2816196807175573,-0.9559129928257832,-1.2816196807175573,0.035,-0.409881067559907,0,0,0,0
42,140541,0.99,0,-0.9142478653646654,0,Logistic regression,-1.8641515679210015,-1.1985358061468752,-1.8641515679210015,0.05,-1.0811683302102968,0,0,0,0
42,144739,4.64,0,-1.0159685205485942,0,Logistic regression,-2.3174879691957386,-1.1877821445405474,-2.3174879691957386,0.005,-0.7341961634791605,0,0,0,0
42,226814,667.55,1,0.12793722746104347,1,Logistic regression,2.453835885609837,0.6326991780929786,2.453835885609837,0.65,0.0493877124836157,1,1,1,1
42,266376,76.38,0,-0.392897588464995,0,Logistic regression,-2.3487129538832097,-0.8166105624316558,-2.3487129538832097,0.035,-0.08655206678858729,0,0,0,0
42,15238,8.99,0,-0.9332137131719414,0,Logistic regression,-1.2049850002583722,-0.9872133399585368,-1.2049850002583722,0.005,-1.0595934603611046,0,0,0,0
42,26926,112.71,0,-0.959164256682653,0,Logistic regression,-2.5465484886076313,-1.2670495048518706,-2.5465484886076313,0.005,-1.2532857422125758,0,0,0,0
42,42674,1.52,1,0.07630036452588924,1,Logistic regression,6.865004898136188,0.5319250140432737,6.865004898136188,0.95,0.02824469808983127,1,1,1,1
42,118319,130.0,0,-0.4481838879880946,0,Logistic regression,-1.7460023864398206,-0.9591000534250445,-1.7460023864398206,0.005,-0.605716807532949,0,0,0,0
42,254344,187.11,1,-1.0065448432063018,0,Logistic regression,-1.8476053697799821,-1.1319394302385777,-1.8476053697799821,0.0,-0.7985989700434819,0,0,0,0
42,249828,6.74,1,-0.06638768390284074,0,Logistic regression,5.019425155855924,0.8392536492967456,5.019425155855924,0.735,0.07507324885268524,1,1,1,1
42,49665,12.0,0,-0.9793283757187705,0,Logistic regression,-2.5053049182330778,-1.207392623629212,-2.5053049182330778,0.0,-0.8650623677081667,0,0,0,0
42,77488,0.76,0,-0.39526710997144876,0,Logistic regression,-0.7870168743579222,-0.6834360912330906,-0.7870168743579222,0.015,-0.6560876544359631,0,0,0,0
42,192584,362.55,1,0.07102959288513841,1,Logistic regression,4.055754132066041,0.6723575955680513,4.055754132066041,0.74,0.05698222714887036,1,1,1,1
42,263278,65.89,0,-0.40573551583351997,0,Logistic regression,-2.960806722417957,-0.9074833501160562,-2.960806722417957,0.005,-0.3928261980765022,0,0,0,0
42,94385,15.0,0,-0.83867166007995,0,Logistic regression,-2.155440487071666,-1.1304316508926557,-2.155440487071666,0.07,-0.6686166041938536,0,0,0,0
42,89961,38.42,0,-0.826330047362664,0,Logistic regression,-1.7491202165636417,-1.1509499132411225,-1.7491202165636417,0.0,-1.0172538753961777,0,0,0,0
42,113215,22.0,0,-0.769129609560436,0,Logistic regression,-2.917804712640722,-1.2516866131397877,-2.917804712640722,0.005,-0.7069048309356214,0,0,0,0
42,24066,0.76,0,-0.18180002513666912,0,Logistic regression,-0.32742147708521085,-0.4428756829656253,-0.32742147708521085,0.22,-0.37040193947194705,0,0,0,0
42,215953,0.77,1,0.3207943588073474,1,Logistic regression,4.230480794735843,0.8997707904045401,4.230480794735843,0.935,0.11547461926043506,1,1,1,1
42,77682,1.0,1,0.09324342778714848,1,Logistic regression,4.275389151382161,0.5271867697485326,4.275389151382161,0.67,0.028283342563706786,1,1,1,1
42,90805,3.96,0,-0.6119395959933708,0,Logistic regression,-2.081374181003734,-1.1643358520441576,-2.081374181003734,0.045,-0.9497961355681891,0,0,0,0
42,265958,20.0,0,-0.9871063264473792,0,Logistic regression,-2.115602989301701,-1.138481451075537,-2.115602989301701,0.0,-0.8003743757393827,0,0,0,0
42,254995,267.0,0,-1.1904104210664412,0,Logistic regression,-1.8737960544937131,-1.1641390714065505,-1.8737960544937131,0.0,-0.4195067118397325,0,0,0,0
42,131787,1.0,0,-0.4221973778546285,0,Logistic regression,-3.5805924673468805,-1.1311019688448256,-3.5805924673468805,0.0,-0.3812348899751014,0,0,0,0
42,230076,0.77,1,0.21381085134180838,1,Logistic regression,6.845429803086631,0.8587196262128587,6.845429803086631,0.94,0.20747714776341758,1,1,1,1
42,144104,1.0,1,0.15430527664221644,1,Logistic regression,2.8380020727927118,0.7851124003608754,2.8380020727927118,0.69,0.09567982272248077,1,1,1,1
42,58761,1.0,1,-0.16387663692153273,0,Logistic regression,-1.328353995012496,-0.7953562936607339,-1.328353995012496,0.27,-0.4158341549350483,0,0,0,0
42,251866,3.9,1,0.01921125895104179,1,Logistic regression,3.6548715897332613,0.8688928718183617,3.6548715897332613,0.68,0.04292546553043651,1,1,1,1
42,189701,93.35,1,0.06894422367919356,1,Logistic regression,1.9428178895749586,0.8058640586636128,1.9428178895749586,0.8,0.029088202308423055,1,1,1,1
42,69440,66.0,0,-0.6182365233721334,0,Logistic regression,-2.7949735020835043,-1.1888509229364284,-2.7949735020835043,0.0,-0.4182172088545593,0,0,0,0
42,154697,7.59,1,0.04730196570930709,1,Logistic regression,2.3779295413891868,0.917494283024982,2.3779295413891868,0.765,0.028484560854501666,1,1,1,1
42,68370,2.73,0,-0.8496710247992483,0,Logistic regression,-1.8576247905729273,-1.1683830706445297,-1.8576247905729273,0.0,-0.599152861244163,0,0,0,0
42,278988,0.89,0,-0.37975167732831594,0,Logistic regression,-2.5129859763925673,-0.6925784653040548,-2.5129859763925673,0.1,-0.12896444263799342,0,0,0,0
42,9179,1.0,1,0.009292879157681247,1,Logistic regression,8.242455586831893,0.549779843273121,8.242455586831893,0.965,0.028245053285846776,1,1,1,1
42,190970,104.0,0,-0.6098440976388,0,Logistic regression,-1.7493771893102794,-0.9798563541934773,-1.7493771893102794,0.005,-0.43126938085275335,0,0,0,0
42,207821,1.18,0,-0.5713338264543308,0,Logistic regression,-3.0441858218337687,-1.2186956940278242,-3.0441858218337687,0.0,-0.8334124323357827,0,0,0,0
42,272034,4.57,0,0.1915140152907927,1,Logistic regression,-1.2325738323988351,-0.892733932852765,-1.2325738323988351,0.1,-0.6768723312489587,0,0,0,0
42,251891,7.06,1,0.26292770507471697,1,Logistic regression,0.8926696340483284,0.484079864603871,0.8926696340483284,0.395,0.40875432453951344,1,1,0,1
42,251048,14.9,0,-0.8444574806481,0,Logistic regression,-2.8636130718690964,-1.3059768551987136,-2.8636130718690964,0.005,-1.1191954222431928,0,0,0,0
42,205289,366.9,0,-0.4053719986687261,0,Logistic regression,-1.6230917986157558,-1.0279106933965887,-1.6230917986157558,0.01,-0.3478647015689379,0,0,0,0
42,154511,624.7,0,-0.9056372302176231,0,Logistic regression,-2.5179448617687767,-1.0664208995695854,-2.5179448617687767,0.05,-0.09216474715705533,0,0,0,0
42,213092,22.47,1,-0.12851394123108167,0,Logistic regression,-1.4837701067641835,-0.6762660169035424,-1.4837701067641835,0.07,0.02746399064149264,0,0,0,1
42,200287,27.9,0,-0.3326289821776174,0,Logistic regression,-2.3589289879548625,-0.7638586074585416,-2.3589289879548625,0.07,-0.7821531801513383,0,0,0,0
42,178862,22.0,0,-0.7880624306956919,0,Logistic regression,-2.83595210696903,-1.2884672767309941,-2.83595210696903,0.0,-0.49586717353276955,0,0,0,0
42,85720,170.0,0,-0.8557589732036205,0,Logistic regression,-2.4969675927051203,-1.130864699099011,-2.4969675927051203,0.0,-0.40207477285100407,0,0,0,0
42,64329,99.99,1,0.06815627961820118,1,Logistic regression,3.78324059051043,0.6185167998280817,3.78324059051043,0.81,0.02831685061087329,1,1,1,1
42,88258,6.62,1,-0.11584901825532079,0,Logistic regression,2.60227611307268,0.4234000138674274,2.60227611307268,0.805,0.062066684685920775,0,1,1,1
42,142132,1.0,0,-0.5277499629440094,0,Logistic regression,-2.8278338786040713,-1.273891455280311,-2.8278338786040713,0.0,-0.18491131739758515,0,0,0,0
42,212548,229.81,0,0.05622536498410461,1,Logistic regression,-2.7474154124551866,-0.20334766548459682,-2.7474154124551866,0.025,-0.06365788741362505,0,0,0,0
42,34978,7.68,0,-0.1589701167532269,0,Logistic regression,-0.7704046031231109,0.1569078989927713,-0.7704046031231109,0.07,0.02824465208117682,0,0,0,1
42,213198,10.9,0,-0.33291111359025416,0,Logistic regression,-2.53546058540266,-0.8619729124290829,-2.53546058540266,0.025,-0.19131254508839932,0,0,0,0
42,243547,57.73,1,-0.18410939781688285,0,Logistic regression,3.1098910379319396,0.8171842226745241,3.1098910379319396,0.7,0.028353264786788054,1,1,1,1
42,127211,40.0,0,-0.9363538137097331,0,Logistic regression,-1.5947558682748182,-1.011805280801699,-1.5947558682748182,0.005,-0.6868074885954293,0,0,0,0
42,187665,28.0,0,-0.4946004565453802,0,Logistic regression,-2.1836865601255564,-0.8131038565033946,-2.1836865601255564,0.01,-0.7177251397229145,0,0,0,0
42,29456,194.0,0,-0.6417981973291047,0,Logistic regression,-1.9246968276308993,-0.9955492787766438,-1.9246968276308993,0.005,-0.6425787218910755,0,0,0,0
42,254395,7.59,1,-0.24234412374928985,0,Logistic regression,-1.2999034748235283,-0.6597015783601663,-1.2999034748235283,0.28,-0.18361527806576566,0,0,0,0
42,240271,62.0,0,-1.0236078754521045,0,Logistic regression,-2.525878355206305,-1.3032921990873152,-2.525878355206305,0.0,-0.7937003263344051,0,0,0,0
42,6488,6.95,0,-0.8916878404867682,0,Logistic regression,-2.59376728570144,-1.2270514401625758,-2.59376728570144,0.015,-0.36682617445325977,0,0,0,0
42,281542,383.69,0,-0.37525499252591654,0,Logistic regression,-1.9794246843307122,-0.8990281864141596,-1.9794246843307122,0.03,-0.13737382884361002,0,0,0,0
42,257696,214.67,0,-0.4346348154686682,0,Logistic regression,-2.877120198772093,-0.9112234418931129,-2.877120198772093,0.02,-0.14880336743420153,0,0,0,0
42,210216,0.0,0,-0.947300509524178,0,Logistic regression,-1.7067527819588162,-1.0317658357420596,-1.7067527819588162,0.015,-0.20866247408897876,0,0,0,0
42,91247,1030.26,0,-0.19193277844394246,0,Logistic regression,-2.628497003869745,-0.5506720029129339,-2.628497003869745,0.175,0.013134323004085211,0,0,0,1
42,57748,1.0,0,-0.46705381108977095,0,Logistic regression,-2.445097539767025,-0.661109109216272,-2.445097539767025,0.015,-0.2568868735546996,0,0,0,0
42,44443,57.5,0,-1.0022571046618738,0,Logistic regression,-2.4846510631724104,-1.2448592645704926,-2.4846510631724104,0.0,-0.700290893873842,0,0,0,0
42,150661,44.9,1,0.02663779359501598,1,Logistic regression,8.466703025658205,0.5448963384428304,8.466703025658205,0.93,0.028244683213181236,1,1,1,1
42,18530,1.0,0,-0.31244978918113675,0,Logistic regression,-0.025122355353659698,-0.23613720382825265,-0.025122355353659698,0.16,-0.04887353164390524,0,0,0,0
42,155667,0.93,0,-0.8520726866207274,0,Logistic regression,-2.755890829166756,-1.1656577905153096,-2.755890829166756,0.005,-0.28308074865676713,0,0,0,0
42,149874,600.73,1,-0.12568807575289395,0,Logistic regression,0.9544730153759631,0.2877870303949923,0.9544730153759631,0.655,0.03563050638113724,0,1,1,1
42,154694,346.94,1,0.0961029125593956,1,Logistic regression,4.119195538178844,0.9079105098759888,4.119195538178844,0.745,0.031551432619641766,1,1,1,1
42,10891,188.78,1,0.14515880483849808,1,Logistic regression,6.5337567081690135,0.5028150852721213,6.5337567081690135,0.72,0.028244671432667158,1,1,1,1
42,33866,49.8,0,-1.0405002870131226,0,Logistic regression,-1.7168889511203975,-1.128737186157767,-1.7168889511203975,0.005,-0.3045374264130962,0,0,0,0
42,188948,285.51,0,-0.45207877915034,0,Logistic regression,-1.813822822454808,-0.8602351819406009,-1.813822822454808,0.0,-0.31352961678802366,0,0,0,0
42,65559,1.98,0,-0.8953280806250459,0,Logistic regression,-1.2109730410982982,-0.9569975203245475,-1.2109730410982982,0.02,-0.9772927325563364,0,0,0,0
42,1852,1.54,0,-0.8367939224689628,0,Logistic regression,-1.8859776371665307,-1.1118447944630827,-1.8859776371665307,0.0,-0.5103359168122101,0,0,0,0
42,275656,11.7,0,-0.9477065629861228,0,Logistic regression,-1.5137749656630328,-1.074380780490259,-1.5137749656630328,0.0,-0.9758589119207982,0,0,0,0
42,187958,45.5,0,-0.1694222675589492,0,Logistic regression,-1.7484146404875285,-0.8688186152135327,-1.7484146404875285,0.035,-0.19165695351985465,0,0,0,0
42,94218,720.38,1,0.024747500031185123,1,Logistic regression,1.0969133059572396,0.497170663118004,1.0969133059572396,0.67,0.02824467143339918,1,1,1,1
42,171769,6.28,0,-0.29579871921974277,0,Logistic regression,-1.9623049255010752,-1.0112800584218018,-1.9623049255010752,0.035,-0.6825157536286544,0,0,0,0
42,23065,81.0,0,-1.0062985597598404,0,Logistic regression,-2.385577901569927,-1.2690641046968578,-2.385577901569927,0.0,-0.9611717709854938,0,0,0,0
42,151778,2.86,0,-0.3669138722876929,0,Logistic regression,-2.0259665029101632,-1.1250694678896669,-2.0259665029101632,0.015,-0.2819058794794299,0,0,0,0
42,8335,1.0,1,0.11844239946293385,1,Logistic regression,8.600860607341447,0.5368731550204136,8.600860607341447,0.96,0.02824518801206045,1,1,1,1
42,131849,100.13,0,-0.946975332311143,0,Logistic regression,-2.426894399343113,-1.1459513593222397,-2.426894399343113,0.0,-0.9162816865803105,0,0,0,0
42,191309,4.4,0,-0.5941769249542895,0,Logistic regression,-2.2490518970828064,-1.0331185702974939,-2.2490518970828064,0.005,-0.33703364681538456,0,0,0,0
42,33894,132.05,0,-0.5292705781363269,0,Logistic regression,-1.855948642330677,-1.0776949447717978,-1.855948642330677,0.02,-0.7004771157730553,0,0,0,0
42,148162,76.0,0,-1.0654496017099329,0,Logistic regression,-2.2489376484723214,-1.1985838012463192,-2.2489376484723214,0.0,-0.7925176047530472,0,0,0,0
42,243848,1.0,1,0.0907878740066147,1,Logistic regression,5.312302091856706,0.9389435507969832,5.312302091856706,0.83,0.02825621647363359,1,1,1,1
42,47198,178.0,0,-0.48474370384734455,0,Logistic regression,-1.2902174349012876,-0.8219720593866826,-1.2902174349012876,0.0,-0.447199881037585,0,0,0,0
42,43179,236.82,0,-1.0319566647277796,0,Logistic regression,-1.7813138972919114,-1.1210551355276965,-1.7813138972919114,0.055,-0.728120192809274,0,0,0,0
42,162729,5.7,0,-0.26093271410389385,0,Logistic regression,-2.2172141977047595,-1.0832699983132295,-2.2172141977047595,0.005,-0.28642284838180315,0,0,0,0
42,166217,17.4,0,-0.9022383812070632,0,Logistic regression,-2.1953524372666644,-1.1882673493889468,-2.1953524372666644,0.005,-0.747174210296551,0,0,0,0
42,209622,143.0,0,-0.10987420105925158,0,Logistic regression,-2.3085648043681823,-0.1882580925119467,-2.3085648043681823,0.19,-0.12194226554156523,0,0,0,0
42,9252,1.0,1,0.1857208962166936,1,Logistic regression,12.142189222812659,0.5524637234851422,12.142189222812659,0.67,0.028247292151626403,1,1,1,1
42,210374,69.99,0,-0.6300114122560956,0,Logistic regression,-2.2522338444515055,-1.065608571321925,-2.2522338444515055,0.005,-1.0134952560980772,0,0,0,0
42,40229,12.99,0,-0.9807312292058783,0,Logistic regression,-2.062679768491931,-1.237069234311508,-2.062679768491931,0.005,-1.1137456455823165,0,0,0,0
42,81128,100.6,0,-0.7480291250712048,0,Logistic regression,-1.790703749762264,-1.1646837053848107,-1.790703749762264,0.0,-0.9799332558514372,0,0,0,0
42,27458,38.42,0,-0.715157324143466,0,Logistic regression,-1.7260391054089124,-1.054417278298096,-1.7260391054089124,0.0,-0.42232473422098643,0,0,0,0
42,26618,9.81,0,-0.9624991708363748,0,Logistic regression,-1.4326638285539706,-1.0047297263356285,-1.4326638285539706,0.025,-0.9407945487052387,0,0,0,0
42,189587,67.9,1,-0.12014626013951199,0,Logistic regression,2.568050321023473,0.5087522708186407,2.568050321023473,0.665,0.055074592649616755,1,1,1,1
42,71073,15.9,0,-0.9466119931204056,0,Logistic regression,-2.0081587764605895,-1.2305460825928414,-2.0081587764605895,0.0,-0.9236103298250214,0,0,0,0
42,37673,120.21,0,-0.6903272933653738,0,Logistic regression,-2.1229832611156585,-1.1445750457053308,-2.1229832611156585,0.0,-0.2976682917910408,0,0,0,0
42,30939,1548.98,0,0.09591960002797353,1,Logistic regression,-2.913631401134748,0.3864595328160131,-2.913631401134748,0.07,0.028243530251858388,0,0,0,1
42,222025,25.9,0,-0.9776665589316387,0,Logistic regression,-1.8275392442409655,-1.1266485563341608,-1.8275392442409655,0.0,-0.7141457896257808,0,0,0,0
42,221283,56.89,0,-0.43178622332684835,0,Logistic regression,-1.6299802714630944,-0.7849120567707331,-1.6299802714630944,0.0,-0.13665820437035597,0,0,0,0
42,260631,28.88,0,-0.7768469802878281,0,Logistic regression,-2.613499114452102,-1.1115599432450238,-2.613499114452102,0.0,-0.5102116172859578,0,0,0,0
42,12779,519.79,0,-0.6308056456106945,0,Logistic regression,-2.8997525845260093,-1.1949935682997466,-2.8997525845260093,0.025,-0.16275970194697914,0,0,0,0
42,123042,0.89,0,-1.0847794873847967,0,Logistic regression,-1.620519209097441,-1.0856139960733089,-1.620519209097441,0.03,-1.0179979125499046,0,0,0,0
42,119714,29.95,1,-0.42688152269585045,0,Logistic regression,-2.1735052621681397,-0.574635842884964,-2.1735052621681397,0.035,-0.11364787403566687,0,0,0,0
42,167235,7.38,0,-1.0100164342102613,0,Logistic regression,-2.2528602800744126,-1.2324378116061525,-2.2528602800744126,0.0,-0.8227619676001613,0,0,0,0
42,280149,77.89,1,-0.23785801265843445,0,Logistic regression,0.5218318255970102,0.08011110611584327,0.5218318255970102,0.77,0.01599456343977475,0,0,1,1
42,143698,39.95,0,-0.5181216002831799,0,Logistic regression,-1.7895704474492438,-0.9429575252298141,-1.7895704474492438,0.02,-0.7962923905881183,0,0,0,0
42,273363,69.99,0,-0.9894975249178002,0,Logistic regression,-2.3192960861978515,-1.148142666282751,-2.3192960861978515,0.0,-1.0947718414882208,0,0,0,0
42,104220,19.62,0,-0.09701679387776849,0,Logistic regression,-5.749793791046168,0.24072589436219505,-5.749793791046168,0.035,0.028244629740353803,0,0,0,1
42,189526,144.43,0,-0.5607130448645841,0,Logistic regression,-1.286339101358279,-0.5739238595896494,-1.286339101358279,0.2,0.0007284978680525377,0,0,0,1
42,248925,25.0,0,-0.9028369906812118,0,Logistic regression,-2.4614238459799846,-1.1286057288816256,-2.4614238459799846,0.0,-0.2545414051921074,0,0,0,0
42,108190,1.29,0,-0.43899232661958254,0,Logistic regression,-1.5659597521030497,-1.042180674541766,-1.5659597521030497,0.005,-0.29588318516211104,0,0,0,0
42,180626,14.5,0,-0.23784419225856432,0,Logistic regression,-2.127288934586675,0.05896214883842127,-2.127288934586675,0.065,-0.020807699378162493,0,0,0,0
42,132917,1.78,0,-1.0844792413254891,0,Logistic regression,-1.6363165656871776,-1.1097846459122482,-1.6363165656871776,0.005,-0.9254150924182751,0,0,0,0
42,140184,2.28,0,-0.9121905944545227,0,Logistic regression,-2.158923869322364,-1.2229613216268378,-2.158923869322364,0.005,-1.1330916428357585,0,0,0,0
42,239430,9.86,0,-1.0787289263590942,0,Logistic regression,-1.6525025094601657,-1.1065264093956466,-1.6525025094601657,0.005,-1.1411196945232072,0,0,0,0
42,42700,30.26,1,0.12003238968983126,1,Logistic regression,7.751370115318512,0.5492954060315391,7.751370115318512,0.95,0.028245069284211433,1,1,1,1
42,91388,2.69,0,-0.9714770411022395,0,Logistic regression,-1.6966070715379982,-1.0642889456431923,-1.6966070715379982,0.0,-1.0333625645443911,0,0,0,0
42,157918,635.1,1,-0.4264813694730717,0,Logistic regression,-1.6383758877084815,-0.4536732207574914,-1.6383758877084815,0.175,0.008718038273773359,0,0,0,1
42,63633,139.48,0,-0.3801347505254501,0,Logistic regression,-2.664762592356104,-1.1573181090446345,-2.664762592356104,0.0,-0.490714423163089,0,0,0,0
42,151250,13.0,0,-0.7186663860273708,0,Logistic regression,-2.957788248140771,-1.2296210699778978,-2.957788248140771,0.0,-0.3240187103992705,0,0,0,0
42,130131,4.3,0,-0.951749429695707,0,Logistic regression,-2.208137674565116,-1.1995592330144758,-2.208137674565116,0.035,-0.7076038539707568,0,0,0,0
42,218106,9.99,0,-1.0067689112019436,0,Logistic regression,-2.472117659549377,-1.3013201209432441,-2.472117659549377,0.005,-0.827230895661551,0,0,0,0
42,48592,91.91,0,-0.4053909600323484,0,Logistic regression,-2.89236954758114,-1.2171300056075562,-2.89236954758114,0.0,-0.6210181957489586,0,0,0,0
42,230032,15.0,0,-0.7704187504889961,0,Logistic regression,-2.1952575112606296,-1.114661661175416,-2.1952575112606296,0.0,-0.7733212887708468,0,0,0,0
42,68631,1.18,0,0.06650465950074022,1,Logistic regression,-2.722450459451734,0.500233142778396,-2.722450459451734,0.175,0.028244671432656875,1,0,0,1
42,43683,17.68,0,-0.8901147430122158,0,Logistic regression,-2.316148385705035,-1.2275953610138721,-2.316148385705035,0.0,-0.6486314310865763,0,0,0,0
42,10670,6.99,0,-0.6472582336777016,0,Logistic regression,-2.7558226228147236,-1.1361607965241922,-2.7558226228147236,0.01,-0.46811347570141165,0,0,0,0
42,11868,1.79,0,-0.9413495174701283,0,Logistic regression,-2.2871052255909157,-1.205318251211753,-2.2871052255909157,0.06,-0.4700283707657219,0,0,0,0
42,77348,0.01,1,-0.01691760038539382,1,Logistic regression,1.363784561334272,0.667581771871689,1.363784561334272,0.655,0.21876533560654812,1,1,1,1
42,236131,44.89,0,-0.36454478286664693,0,Logistic regression,-1.7650279550880303,-0.9031319500897994,-1.7650279550880303,0.015,-0.6679846446040438,0,0,0,0
42,218727,210.34,0,-1.093043828509753,0,Logistic regression,-2.144322162777058,-1.1935980360213394,-2.144322162777058,0.0,-1.119240662912318,0,0,0,0
42,154286,0.92,1,-0.1024230982116816,0,Logistic regression,-5.924214683903046,0.5002497104666724,-5.924214683903046,0.47,0.028244671432656875,1,0,0,1
42,121291,8.98,0,-1.049583929635618,0,Logistic regression,-1.9145007523850412,-1.1301703668307386,-1.9145007523850412,0.0,-0.8897675544763022,0,0,0,0
42,19003,2.58,0,-0.8641172245607511,0,Logistic regression,-1.503257012998744,-1.0729347832790233,-1.503257012998744,0.0,-1.0021876442327768,0,0,0,0
42,78089,1.0,0,-0.9594898565463432,0,Logistic regression,-1.9811250701548244,-1.160427599009779,-1.9811250701548244,0.075,-0.9532913859655866,0,0,0,0
42,67471,1.98,0,-0.231348564636748,0,Logistic regression,-2.42447640919701,-0.8549149450798039,-2.42447640919701,0.015,-0.6261047922873063,0,0,0,0
42,122271,45.6,0,-1.070272325891648,0,Logistic regression,-1.8832607605335867,-1.196716039896203,-1.8832607605335867,0.0,-0.7482041497039947,0,0,0,0
42,219722,179.48,0,-1.0610030375187725,0,Logistic regression,-1.5162195170591715,-1.0685843483079382,-1.5162195170591715,0.0,-0.9859848423985181,0,0,0,0
42,65420,9.99,0,-0.18768760467594922,0,Logistic regression,-3.0111754068912235,-1.0052866523176969,-3.0111754068912235,0.005,-0.4847406461515529,0,0,0,0
42,255403,4.97,1,0.17612252661653918,1,Logistic regression,3.894409067096211,0.8696846020193153,3.894409067096211,0.855,0.29700572422379995,1,1,1,1
42,141257,0.0,1,0.6595634937218082,1,Logistic regression,7.095600714937568,1.0025712719366768,7.095600714937568,0.825,0.36798479590452143,1,1,1,1
42,229712,1.18,1,0.03887045099957947,1,Logistic regression,5.246298028880384,0.894116560891434,5.246298028880384,0.9,0.1095822485886071,1,1,1,1
42,14833,14.13,0,-0.7863175567877155,0,Logistic regression,-2.2122152103344943,-1.129278109924823,-2.2122152103344943,0.0,-0.9562378240097816,0,0,0,0
42,235866,49.0,0,-1.0660877799719424,0,Logistic regression,-2.189679783858616,-1.2009291999936897,-2.189679783858616,0.0,-0.860855376202962,0,0,0,0
42,147683,1.79,0,-0.8555200316580484,0,Logistic regression,-1.5536472413519857,-1.025298664910082,-1.5536472413519857,0.01,-1.0119200051955204,0,0,0,0
42,44556,1.0,1,-0.1260082933678742,0,Logistic regression,2.601164681573845,0.9367648055061175,2.601164681573845,0.71,0.08637043227376266,1,1,1,1
42,204503,84.28,1,-0.21216375861907585,0,Logistic regression,0.07254755169226224,0.5114950407631536,0.07254755169226224,0.77,0.040493255672958986,1,0,1,1
42,2013,1.0,0,-0.2646425837691124,0,Logistic regression,-2.7675166413643333,-0.8932233057013288,-2.7675166413643333,0.015,-0.587562216676866,0,0,0,0
42,150692,37.93,1,0.14740851966763732,1,Logistic regression,5.935811450864033,0.5441719209040223,5.935811450864033,0.8,0.028244673407254926,1,1,1,1
42,6820,1.0,1,0.17396286157316498,1,Logistic regression,4.1810205644179,0.9701146846686863,4.1810205644179,0.69,0.05686826841850272,1,1,1,1
42,150663,316.06,1,-0.031114513149414727,1,Logistic regression,7.909638024312638,0.5416930010886097,7.909638024312638,0.965,0.028244676910540053,1,1,1,1
42,88876,1.0,1,-0.036065370108957606,1,Logistic regression,0.4500006741785867,0.2066986255090134,0.4500006741785867,0.3,0.20027399276525742,0,0,0,1
42,221041,2.0,1,0.019414876313162986,1,Logistic regression,-0.17772604932747482,0.42229675761579094,-0.17772604932747482,0.745,0.028244671430772854,0,0,1,1
42,146962,1.79,0,-0.7913650239946919,0,Logistic regression,-2.3511222860922376,-1.078519275803067,-2.3511222860922376,0.015,-0.6673797862772591,0,0,0,0
42,95210,10.0,0,-1.0165880148851751,0,Logistic regression,-2.292554588083698,-1.2013034606537583,-2.292554588083698,0.0,-0.7400302560224616,0,0,0,0
42,37557,29.99,0,-0.3071542542780532,0,Logistic regression,-2.714826887583333,-0.8158090341384003,-2.714826887583333,0.03,-0.328826584165616,0,0,0,0
42,133651,0.99,0,-1.0753422266223915,0,Logistic regression,-1.8941942569900674,-1.1760202954541012,-1.8941942569900674,0.0,-0.41907300383458157,0,0,0,0
42,53794,1.0,1,-0.18551792157868732,0,Logistic regression,1.223843066459488,0.2577553643979903,1.223843066459488,0.625,0.07583786573612411,0,1,1,1
42,267121,146.5,0,-0.7895895586210546,0,Logistic regression,-2.7100455829019876,-1.2034850266596708,-2.7100455829019876,0.0,-0.9171422062335174,0,0,0,0
42,249195,552.51,0,-0.6106551820325717,0,Logistic regression,-2.6146114555770956,-1.030846160097883,-2.6146114555770956,0.04,-0.23033086717189907,0,0,0,0
42,28997,2.8,0,-0.7388736031350299,0,Logistic regression,-2.312575043842087,-1.1240820264790132,-2.312575043842087,0.005,-0.6177367502532827,0,0,0,0
42,53591,1.0,1,-0.04316891607282859,0,Logistic regression,1.505492865683353,0.15136872104214383,1.505492865683353,0.615,0.03617448148581631,0,1,1,1
42,15819,46.0,0,-1.0709459767595835,0,Logistic regression,-1.7196310100026058,-1.1384581623344336,-1.7196310100026058,0.01,-0.9056940842737519,0,0,0,0
42,165078,12.31,0,-0.29578148377460955,0,Logistic regression,-0.711169252620717,-0.6156345063841517,-0.711169252620717,0.165,-0.593608926777968,0,0,0,0
42,215782,44.35,0,-0.3616859785541563,0,Logistic regression,-2.5798022891194057,-1.1128374063731197,-2.5798022891194057,0.0,-0.5023907508189143,0,0,0,0
42,104559,269.55,0,-0.9398351819892333,0,Logistic regression,-1.5091995592288283,-1.0141384312556578,-1.5091995592288283,0.0,-0.5586551640774641,0,0,0,0
42,229782,16.99,0,-0.5599421303351758,0,Logistic regression,-1.4912908457602674,-0.8999233283305021,-1.4912908457602674,0.0,-0.9153375652755519,0,0,0,0
42,2818,4.95,0,-0.8958199674501548,0,Logistic regression,-1.9182086155329696,-1.1949879071731067,-1.9182086155329696,0.0,-0.8520313423571702,0,0,0,0
42,197649,49.46,0,-0.5247025447540792,0,Logistic regression,-1.674168164445096,-1.0663283223353281,-1.674168164445096,0.055,-0.6242524198801392,0,0,0,0
42,17317,99.99,1,0.038130207353867664,1,Logistic regression,4.566692899782646,0.5102871048472717,4.566692899782646,0.81,0.02824759418160026,1,1,1,1
42,253224,54.99,0,-0.7499772533560654,0,Logistic regression,-2.886240331407672,-1.2250401888086397,-2.886240331407672,0.0,-0.9769695393822658,0,0,0,0
42,203700,0.0,1,0.1741920034873421,1,Logistic regression,5.753155015187354,0.913022533922373,5.753155015187354,0.96,0.2921068822395759,1,1,1,1
42,236151,0.99,0,-0.9775098945968472,0,Logistic regression,-1.2514691423414366,-0.9867355921268708,-1.2514691423414366,0.005,-1.0122294617003555,0,0,0,0
42,12813,2.99,0,-1.0079502382110144,0,Logistic regression,-1.9450094349443825,-1.1972798356799619,-1.9450094349443825,0.0,-0.38291649965733515,0,0,0,0
42,68522,0.76,1,-0.06679573822186471,0,Logistic regression,1.4738314471955845,0.21875201244375653,1.4738314471955845,0.615,0.03224410373078473,0,1,1,1
42,260655,75.0,0,-0.8649496031835839,0,Logistic regression,-2.7826809004651274,-1.2490102503278064,-2.7826809004651274,0.0,-0.31913624372720273,0,0,0,0
42,164488,3.56,0,-1.05244084556245,0,Logistic regression,-1.9446380687455571,-1.2231738921120932,-1.9446380687455571,0.0,-0.8572394898163596,0,0,0,0
42,22588,54.9,0,-0.9861768710723287,0,Logistic regression,-1.9537280889719268,-1.2301631428704847,-1.9537280889719268,0.0,-1.0697674430005308,0,0,0,0
42,32930,49.4,0,-1.0293844247853494,0,Logistic regression,-2.230162432575944,-1.241105000184514,-2.230162432575944,0.0,-0.8408521996561339,0,0,0,0
42,41146,89.95,0,-0.8186085037755604,0,Logistic regression,-2.251311260641131,-1.2188915085843517,-2.251311260641131,0.0,-1.0234211929018024,0,0,0,0
42,39921,32.68,0,-0.5858594634679619,0,Logistic regression,-1.8805830822765452,-0.9781374355785881,-1.8805830822765452,0.0,-0.44714502153601127,0,0,0,0
42,135393,2.49,0,-0.6417454204755019,0,Logistic regression,-2.007113557627566,-0.9875013263003729,-2.007113557627566,0.07,-0.4653726192961544,0,0,0,0
42,55965,242.34,0,-0.533116375282206,0,Logistic regression,-1.973418511563814,-1.123408497526102,-1.973418511563814,0.0,-0.2819511353581808,0,0,0,0
42,81016,60.0,0,-0.1872275414224943,0,Logistic regression,-3.1932252665051255,-0.8719755046200244,-3.1932252665051255,0.015,-0.2598959183447875,0,0,0,0
42,129268,17.85,0,-0.8666528113706877,0,Logistic regression,-2.2214265125225454,-1.1080172293084105,-2.2214265125225454,0.0,-0.13326311625520998,0,0,0,0
42,15781,99.99,1,0.046561847409694095,1,Logistic regression,4.962136344262362,0.5495155197748421,4.962136344262362,0.82,0.028795263628652028,1,1,1,1
42,284766,95.63,0,-0.9728223766729618,0,Logistic regression,-2.097238599879513,-1.1635759289558154,-2.097238599879513,0.005,-0.31657963375751386,0,0,0,0
42,228060,260.0,0,-0.08399070444958867,0,Logistic regression,-4.13460828802307,0.0433861580209185,-4.13460828802307,0.06,0.02824459344770696,0,0,0,1
42,172593,142.55,0,-0.5087289693323352,0,Logistic regression,-2.0057703878233824,-0.8760639753727422,-2.0057703878233824,0.015,-0.43458181749197694,0,0,0,0
42,151168,15.13,0,-0.7910160553767438,0,Logistic regression,-2.5108350939428354,-1.2608170750407477,-2.5108350939428354,0.0,-0.04687044591947214,0,0,0,0
42,184898,10.52,0,-0.7089439735777898,0,Logistic regression,-2.4000431723580364,-1.1885841145570288,-2.4000431723580364,0.005,-0.5719770104758332,0,0,0,0
42,5106,55.39,0,-0.8458047570200021,0,Logistic regression,-2.1167470381377598,-1.0692767492611666,-2.1167470381377598,0.02,-0.27232984527094073,0,0,0,0
42,223435,342.0,0,-0.205914979049286,0,Logistic regression,-0.6566130142944957,0.17266096269580977,-0.6566130142944957,0.08,0.028239266542785697,0,0,0,1
42,66285,22.0,0,-0.495022570274962,0,Logistic regression,-2.4979781787288355,-0.8811227868830653,-2.4979781787288355,0.04,-0.4504987247162914,0,0,0,0
42,174288,77.05,0,-0.023433263292837944,1,Logistic regression,-0.9510678435086672,-0.6683689319090362,-0.9510678435086672,0.06,-0.4310430581737797,0,0,0,0
42,206884,10.61,0,-0.9365149069393689,0,Logistic regression,-2.2316654055570835,-1.1339355990401097,-2.2316654055570835,0.0,-1.0782826188035128,0,0,0,0
42,7157,710.69,0,-0.8709714423535209,0,Logistic regression,-2.290250026820388,-1.1505008200038802,-2.290250026820388,0.07,-0.07739128613490082,0,0,0,0
42,79549,98.96,0,-0.9808969810089434,0,Logistic regression,-2.0180927257371906,-1.2263287734786683,-2.0180927257371906,0.0,-0.589372849248832,0,0,0,0
42,23582,28.0,0,-0.9122065143766614,0,Logistic regression,-2.2594060287855986,-1.1981136821869194,-2.2594060287855986,0.0,-0.810460433159073,0,0,0,0
42,164823,115.45,0,-0.8746081833918775,0,Logistic regression,-2.1928325142234004,-1.08538203794522,-2.1928325142234004,0.015,-0.20842511389384324,0,0,0,0
42,8617,1.0,1,0.32214730137119985,1,Logistic regression,5.92913994667131,0.909734422917285,5.92913994667131,0.94,0.13848571729573772,1,1,1,1
42,41655,78.0,0,-0.6077839821014828,0,Logistic regression,-3.1981122509150235,-1.184974163012415,-3.1981122509150235,0.0,-0.678557341630223,0,0,0,0
42,240222,1.0,1,0.23540778904211254,1,Logistic regression,0.9094267697293061,0.5551692459294353,0.9094267697293061,0.335,0.251776257550734,1,1,0,1
42,54814,1.0,0,-1.0832193068328828,0,Logistic regression,-2.0014268934077895,-1.1871309968841681,-2.0014268934077895,0.065,-0.7495517670535968,0,0,0,0
42,217861,326.22,0,-0.3667637653099656,0,Logistic regression,-2.212681368278308,-0.7902168207976341,-2.212681368278308,0.0,-0.2980504013374351,0,0,0,0
42,264017,1.0,0,-0.9706404775457271,0,Logistic regression,-2.6309867298785448,-1.1891130449520455,-2.6309867298785448,0.0,-0.2578606777562789,0,0,0,0
42,151730,18.96,1,-0.025316553296220123,1,Logistic regression,0.7074801592233528,0.6328117289565934,0.7074801592233528,0.655,0.028769969716038308,1,1,1,1
42,12070,1.0,1,0.04829925177443484,1,Logistic regression,10.3781764504304,0.5037484349913157,10.3781764504304,0.7,0.028244671643365592,1,1,1,1
42,217385,8.99,0,-0.8242992588478092,0,Logistic regression,-1.8163884393344418,-1.188047128736868,-1.8163884393344418,0.0,-1.0818577315398177,0,0,0,0
42,69498,8.0,1,-0.07180042383725418,0,Logistic regression,0.7958957533273325,0.02239484612835213,0.7958957533273325,0.615,0.04244458347121133,0,1,1,1
42,277471,54.99,0,-0.7300568250914949,0,Logistic regression,-2.8722771838215078,-1.2149500710027665,-2.8722771838215078,0.0,-0.9250036085067754,0,0,0,0
42,115125,9.99,0,-0.8028924572862217,0,Logistic regression,-2.6991559679601482,-1.1518660257826503,-2.6991559679601482,0.0,-0.31454190168669405,0,0,0,0
42,45872,1.0,0,-0.3347579223666205,0,Logistic regression,-1.1062038822016054,-0.8531407019958201,-1.1062038822016054,0.02,-0.5845140628011143,0,0,0,0
42,243675,201.0,0,-0.7930673910829525,0,Logistic regression,-1.4652299228068786,-0.8351805781810375,-1.4652299228068786,0.06,-0.27065149557530616,0,0,0,0
42,89190,1402.16,1,-0.025724127996375593,1,Logistic regression,1.5460860862539934,0.5183742526321538,1.5460860862539934,0.885,0.02824484672566676,1,1,1,1
42,257101,1.29,0,-0.9951632481946981,0,Logistic regression,-1.6901286496654222,-1.0738287640913826,-1.6901286496654222,0.0,-1.0877857436616218,0,0,0,0
42,46902,8.99,0,-0.3143168989735067,0,Logistic regression,-2.541620807541456,-1.1278859772574064,-2.541620807541456,0.005,-0.9248643895419592,0,0,0,0
42,223863,61.85,0,-0.2688978374205113,0,Logistic regression,-1.7020491335906425,-1.0226238636840914,-1.7020491335906425,0.01,-0.6824826360805833,0,0,0,0
42,158127,30.03,0,-0.22238105385312598,0,Logistic regression,-1.9455388311431452,-0.9376464461909404,-1.9455388311431452,0.015,-0.036380633407391415,0,0,0,0
42,30017,9.99,0,-0.9416519206229105,0,Logistic regression,-2.197095896852802,-1.2548549104446884,-2.197095896852802,0.0,-1.0074132852946063,0,0,0,0
42,247007,4.99,0,-0.9383842712654893,0,Logistic regression,-1.6905235303197532,-1.056155961316284,-1.6905235303197532,0.01,-0.8890577160752346,0,0,0,0
42,276601,29.9,0,-1.0306985429823952,0,Logistic regression,-2.413138429967195,-1.2149549377524782,-2.413138429967195,0.0,-0.9969658315688538,0,0,0,0
42,39937,67.49,0,0.22773902177246044,1,Logistic regression,-0.830604772322812,-0.6481709282559005,-0.830604772322812,0.3,-0.3939482148348914,0,0,0,0
42,67332,29.56,0,-0.5586724374192109,0,Logistic regression,-1.3711047027361185,-0.9628359338960779,-1.3711047027361185,0.04,-0.8974028504611414,0,0,0,0
42,106448,41.9,0,-0.36509420321851793,0,Logistic regression,-2.65775895674202,-1.1144944216734924,-2.65775895674202,0.0,-0.04742126469553078,0,0,0,0
42,51109,471.45,0,-0.12829830658785982,0,Logistic regression,-3.1887077509368114,-0.38303748462226384,-3.1887077509368114,0.055,-0.0019308413822547582,0,0,0,1
42,71372,1.0,0,-0.5435361275886038,0,Logistic regression,-2.4836166771753185,-1.2430328625294613,-2.4836166771753185,0.0,-0.7936717986595867,0,0,0,0
42,204932,50.96,0,-0.9985876767094444,0,Logistic regression,-2.2970852152636625,-1.1536923524964802,-2.2970852152636625,0.0,-0.4421234000170389,0,0,0,0
42,99506,489.71,1,-0.09992403109835432,0,Logistic regression,1.2780225569984756,0.6489747780518036,1.2780225569984756,0.69,0.13155103240931046,1,1,1,1
42,258433,1.79,0,-0.9177215222034866,0,Logistic regression,-2.3445760456924316,-1.2757897418608797,-2.3445760456924316,0.04,-1.1274422824866406,0,0,0,0
42,50342,29.7,0,-0.3079927925209981,0,Logistic regression,-2.923444287956194,-1.148512694927769,-2.923444287956194,0.0,-0.8571478057477876,0,0,0,0
42,70618,10.0,0,-1.11653113856552,0,Logistic regression,-2.255650990804799,-1.2253820660932522,-2.255650990804799,0.0,-0.8980583542929578,0,0,0,0
42,30384,1.0,1,0.22081703393145596,1,Logistic regression,3.329530254610435,0.9398958181774948,3.329530254610435,0.885,0.1508497789122377,1,1,1,1
42,75004,3.34,0,-0.6240730464721218,0,Logistic regression,-2.202371369503386,-1.1360132385255497,-2.202371369503386,0.02,-0.34549819388332154,0,0,0,0
42,88248,59.06,0,-0.9823431428842149,0,Logistic regression,-1.5646128501831567,-1.0508505677076556,-1.5646128501831567,0.0,-0.7051156168335808,0,0,0,0
42,64460,99.99,1,-0.023868367344732466,1,Logistic regression,3.572288314990832,0.6054605246724634,3.572288314990832,0.81,0.02829093232129628,1,1,1,1
42,222703,72.0,0,-0.8869942826835118,0,Logistic regression,-2.66106961425258,-1.2982972465639178,-2.66106961425258,0.0,-0.9951250047825962,0,0,0,0
42,112136,3.07,0,-0.8262252864970328,0,Logistic regression,-2.064657602960981,-1.1792005767392377,-2.064657602960981,0.035,-0.7381031350578284,0,0,0,0
123,255556,0.77,1,-0.0179206040805571,1,RBF-SVM,1.125742601424954,1.125742601424954,2.1100150445873127,0.96,0.15690405267925628,1,1,1,1
123,255720,9.99,0,-0.31805832608122797,0,RBF-SVM,-0.7108414947610887,-0.7108414947610887,-0.6899629712439848,0.01,-0.007337456394876943,0,0,0,0
123,89190,1402.16,1,-0.043085700494084486,1,RBF-SVM,-0.4093589478748647,-0.4093589478748647,2.941079019147849,0.725,0.09051868112392467,1,1,1,1
123,72703,76.73,0,-0.6382127396136148,0,RBF-SVM,-0.9410455165492001,-0.9410455165492001,-1.4075100676497232,0.095,-0.6442528623237639,0,0,0,0
123,31730,19.99,0,-0.9823773172452538,0,RBF-SVM,-1.1234574552150423,-1.1234574552150423,-1.5695733532526708,0.0,-0.4905689201333628,0,0,0,0
123,119203,30.0,0,-1.061533788945634,0,RBF-SVM,-1.1560501763562931,-1.1560501763562931,-1.747441332103831,0.005,-0.3415668872797127,0,0,0,0
123,83957,5.92,0,-0.82933937434216,0,RBF-SVM,-0.9606560079404568,-0.9606560079404568,-1.4833453101780592,0.04,-0.7381883984276636,0,0,0,0
123,60808,11.5,0,-1.1344902180169714,0,RBF-SVM,-1.189654754945598,-1.189654754945598,-1.611244027735669,0.0,-1.0607208169127256,0,0,0,0
123,262016,52.95,0,-0.4482862192417937,0,RBF-SVM,-1.187205343131501,-1.187205343131501,-2.6981864257064316,0.025,-0.018257836381882872,0,0,0,0
123,217190,144.0,0,-1.1410280313876628,0,RBF-SVM,-1.091396909579689,-1.091396909579689,-1.6753410007070975,0.005,-0.8570409316548852,0,0,0,0
123,242621,19.0,0,-0.7730808374944681,0,RBF-SVM,-1.0361772719259075,-1.0361772719259075,-1.925897827915261,0.0,-0.9955910956869288,0,0,0,0
123,4345,12.0,0,-0.9060066995740997,0,RBF-SVM,-1.0225104738415758,-1.0225104738415758,-1.841545868228396,0.03,-0.39070788982265564,0,0,0,0
123,41194,291.39,0,-0.3723369783838568,0,RBF-SVM,-0.9783402431768978,-0.9783402431768978,-1.8771467308293552,0.15,-0.42473936898750236,0,0,0,0
123,195583,365.04,0,-0.0901097356898671,1,RBF-SVM,-0.7495488212002307,-0.7495488212002307,-2.3069446276468346,0.05,0.04731970299769692,0,0,0,0
123,151807,33.59,1,-0.017897900429319963,1,RBF-SVM,0.30070573330386063,0.30070573330386063,2.1688519419950394,0.91,0.09051859142049014,1,1,1,1
123,145274,1.98,0,-1.0625124908361252,0,RBF-SVM,-1.0646784923814496,-1.0646784923814496,-1.5210086767249305,0.06,-0.6129025950307055,0,0,0,0
123,204578,10.62,0,-0.7359189123893805,0,RBF-SVM,-1.1481694048343818,-1.1481694048343818,-2.0737520543497747,0.0,-0.0782672977178613,0,0,0,0
123,175032,41.92,0,-0.3323456329452706,0,RBF-SVM,-1.2083849621107698,-1.2083849621107698,-2.342044977225902,0.0,-0.3117454824911985,0,0,0,0
123,46442,38.85,0,-0.46716359214013214,0,RBF-SVM,-0.9066275060166612,-0.9066275060166612,-1.545942597853486,0.195,-0.5209717780816445,0,0,0,0
123,42528,340.11,1,0.33541977778532683,1,RBF-SVM,0.5759696875240122,0.5759696875240122,9.763490628239367,0.87,0.10112709067706718,1,1,1,1
123,103900,4.49,0,-0.9587034272227085,0,RBF-SVM,-1.2387114404886144,-1.2387114404886144,-1.8515210627230487,0.0,-1.1487022221140841,0,0,0,0
123,68234,0.77,0,-0.8322543806744445,0,RBF-SVM,-0.8445064457333972,-0.8445064457333972,-1.297779483439402,0.04,-0.5500559102257794,0,0,0,0
123,218855,7.85,0,-0.3051119931905315,0,RBF-SVM,-1.095156531929676,-1.095156531929676,-1.504639579459815,0.0,-0.4214635765884675,0,0,0,0
123,8631,99.99,0,-0.5983647889500953,0,RBF-SVM,-1.13773212424532,-1.13773212424532,-2.068707992411694,0.0,-0.2512347722546347,0,0,0,0
123,232584,177.95,0,-0.6454300825036752,0,RBF-SVM,-1.0212119355343527,-1.0212119355343527,-2.101788929892758,0.17,-0.10821225090364346,0,0,0,0
123,109738,44.89,0,-1.0179365452871707,0,RBF-SVM,-1.0099500344283618,-1.0099500344283618,-1.4351290655285598,0.0,-0.32585723481642154,0,0,0,0
123,216406,134.0,0,-0.38972559987758626,0,RBF-SVM,-1.037398153707017,-1.037398153707017,-1.8178247275622934,0.0,-0.2930607564825716,0,0,0,0
123,51384,301.5,0,-0.4591320049714336,0,RBF-SVM,-0.7955913085438672,-0.7955913085438672,-0.8558343735585967,0.075,-0.36033732829650805,0,0,0,0
123,249127,120.0,0,-0.33325020766944224,0,RBF-SVM,-1.0188707026493407,-1.0188707026493407,-1.694141344023438,0.035,-0.18492988249015474,0,0,0,0
123,268838,15.13,0,-0.9586610917125034,0,RBF-SVM,-1.1410989699548506,-1.1410989699548506,-1.4538110377276525,0.025,-0.8275936233442654,0,0,0,0
123,21870,50.9,0,-0.890099131719859,0,RBF-SVM,-1.056672791664535,-1.056672791664535,-1.4535104378393222,0.0,-1.0588708918352205,0,0,0,0
123,151730,18.96,1,0.12642551570326788,1,RBF-SVM,1.0911396464637888,1.0911396464637888,1.702067414462241,0.79,0.09083376781420326,1,1,1,1
123,224885,89.68,0,-0.8998779549277952,0,RBF-SVM,-1.0809508637120007,-1.0809508637120007,-1.876988728215601,0.0,-0.6352375954577589,0,0,0,0
123,271467,74.26,0,-0.7030780993008159,0,RBF-SVM,-1.0765324372561547,-1.0765324372561547,-1.9450606419812568,0.065,-0.11563320333622416,0,0,0,0
123,12743,380.39,0,-0.41947053600783174,0,RBF-SVM,-0.9701907828387325,-0.9701907828387325,-1.9555880837377135,0.05,-0.009512777592666999,0,0,0,0
123,66325,79.0,0,-1.1033962662261028,0,RBF-SVM,-1.1430353546605274,-1.1430353546605274,-1.9464126653254747,0.0,-0.8670546271666058,0,0,0,0
123,49649,63.58,0,-1.050720579292535,0,RBF-SVM,-0.9843528817456887,-0.9843528817456887,-1.5942271222850837,0.035,-0.6156039393181038,0,0,0,0
123,196301,44.05,0,-0.6964340503574,0,RBF-SVM,-1.0674663511832096,-1.0674663511832096,-2.0124406841939297,0.005,-0.567987623542542,0,0,0,0
123,69382,60.0,0,-0.7156900115519358,0,RBF-SVM,-0.7911511216257606,-0.7911511216257606,-1.34958834768899,0.07,-0.425970217546177,0,0,0,0
123,62191,4.99,0,-0.863698402376711,0,RBF-SVM,-1.1666636315638192,-1.1666636315638192,-1.8943038320393075,0.005,-1.059533503519403,0,0,0,0
123,83183,57.97,0,-0.6931293909250358,0,RBF-SVM,-1.0217458301844675,-1.0217458301844675,-1.784673374975468,0.025,-0.15946313399768042,0,0,0,0
123,121321,2.69,0,-0.8385104160712362,0,RBF-SVM,-1.0234550580720039,-1.0234550580720039,-1.8631381294249947,0.005,0.08629878425705188,0,0,0,1
123,50793,9.99,0,-0.9457517045052792,0,RBF-SVM,-0.9908007449853281,-0.9908007449853281,-1.614928517073803,0.04,-0.7738988569850204,0,0,0,0
123,243749,1.0,1,0.3768246788036205,1,RBF-SVM,1.5030743616480704,1.5030743616480704,3.050315484443261,0.845,0.09167655942890542,1,1,1,1
123,105554,43.44,0,-1.0608171279972882,0,RBF-SVM,-1.1010834581940876,-1.1010834581940876,-1.7024399462237898,0.01,-0.4013773491885488,0,0,0,0
123,12770,67.58,0,-0.8574853382146549,0,RBF-SVM,-0.9036514781360653,-0.9036514781360653,-1.5454346428549766,0.0,-0.42322932504362115,0,0,0,0
123,149132,4.17,0,-0.6723309055575638,0,RBF-SVM,-1.1283118772912801,-1.1283118772912801,-1.8099748429898668,0.0,-0.3006170879249999,0,0,0,0
123,238366,2.0,1,0.46122142469322674,1,RBF-SVM,0.9024428204241964,0.9024428204241964,1.2131768948790702,0.675,0.27445402462338403,1,1,1,1
123,126481,3.78,0,-0.7978321735812194,0,RBF-SVM,-1.2297572190309904,-1.2297572190309904,-1.792052737008618,0.005,-0.6295094747853784,0,0,0,0
123,213262,26.53,0,-0.3725466896010832,0,RBF-SVM,-1.1326253818178462,-1.1326253818178462,-2.5286774883206804,0.0,-0.6334966627028066,0,0,0,0
123,276853,37.61,0,-1.0014956864700992,0,RBF-SVM,-1.13153217364308,-1.13153217364308,-1.886723270053819,0.03,-0.2817504630573995,0,0,0,0
123,140260,17.99,0,-0.8868911658330831,0,RBF-SVM,-0.9247932682643659,-0.9247932682643659,-1.4255179290842477,0.065,-0.3665668451537988,0,0,0,0
123,15225,99.99,1,0.1123769022625812,1,RBF-SVM,0.5936464786692907,0.5936464786692907,7.5967583499023315,0.855,0.09051871873573723,1,1,1,1
123,152223,8.64,1,0.13244458581683868,1,RBF-SVM,-0.12463849262602922,-0.12463849262602922,8.127356416690048,0.705,0.09051859383662966,1,1,1,1
123,22610,9.99,0,-1.0802543054339901,0,RBF-SVM,-1.0909414678758913,-1.0909414678758913,-1.6352925766376145,0.0,-0.9901222846824814,0,0,0,0
123,95597,1354.25,1,0.027344728305827567,1,RBF-SVM,-0.42418185254187535,-0.42418185254187535,1.760456795395669,0.695,0.09051859050679724,1,1,1,1
123,51300,192.44,0,-0.8956303027297567,0,RBF-SVM,-0.9153201445817055,-0.9153201445817055,-1.6068581306465666,0.005,-0.7449754825814918,0,0,0,0
123,43712,7.0,0,-0.9357232046142915,0,RBF-SVM,-1.1874902706226096,-1.1874902706226096,-1.8792428215158208,0.0,-1.1103337358314693,0,0,0,0
123,105168,10.0,0,-0.9734543421599164,0,RBF-SVM,-0.9464774896880227,-0.9464774896880227,-1.3799972631232555,0.055,-0.8806292503676328,0,0,0,0
123,197503,991.01,0,-0.12109501760810996,1,RBF-SVM,-0.6920689864925829,-0.6920689864925829,-0.7615985489450525,0.135,0.08196088856166837,0,0,0,1
123,121995,74.9,0,-0.752794267429392,0,RBF-SVM,-0.8978752160044413,-0.8978752160044413,-1.0008372418895548,0.19,-0.8214192095795868,0,0,0,0
123,42958,9.99,1,0.06744752437440615,1,RBF-SVM,0.1626773164124335,0.1626773164124335,7.131596061828904,0.71,0.10069063202315773,1,1,1,1
123,29687,0.76,1,-0.35142706450653405,0,RBF-SVM,-0.886333881250794,-0.886333881250794,-0.4497601545788541,0.005,0.06912518459372584,0,0,0,1
123,191785,38.52,0,-0.44338640824913716,0,RBF-SVM,-1.2665806833828621,-1.2665806833828621,-2.5181931828247377,0.115,-0.5915858018561213,0,0,0,0
123,281144,245.0,1,0.08552413439083693,1,RBF-SVM,1.1454637464091775,1.1454637464091775,2.4326458974483005,0.815,0.19700595433057633,1,1,1,1
123,112112,62.74,0,-0.44904305699557434,0,RBF-SVM,-0.8585473680834456,-0.8585473680834456,-2.4280176649937983,0.08,0.07903907624687108,0,0,0,1
123,130428,0.89,0,-0.9588417437624668,0,RBF-SVM,-1.1470848664061513,-1.1470848664061513,-1.8422763046833486,0.005,-0.9726526674793933,0,0,0,0
123,40731,39.02,0,-1.222452930182813,0,RBF-SVM,-1.1710862192134406,-1.1710862192134406,-1.7333822623368964,0.015,-0.5724431748542101,0,0,0,0
123,191791,1.0,0,-0.9889194492971258,0,RBF-SVM,-1.1884688329530344,-1.1884688329530344,-1.926912925050416,0.0,-1.0349336529468633,0,0,0,0
123,75431,139.81,0,-0.8044888692614335,0,RBF-SVM,-1.180943570802373,-1.180943570802373,-2.1732488616214316,0.0,-0.3553828990730518,0,0,0,0
123,216811,143.6,0,-0.18284390962437314,1,RBF-SVM,-0.608330716416976,-0.608330716416976,-2.3148550807543464,0.06,0.06609547873062338,0,0,0,1
123,243180,75.0,0,-1.1286567104082241,0,RBF-SVM,-1.0536754272319633,-1.0536754272319633,-1.6362765991779251,0.01,-0.6935397751435483,0,0,0,0
123,233937,49.48,0,-0.640939937426505,0,RBF-SVM,-1.0982266934138738,-1.0982266934138738,-1.431818666370829,0.03,-0.5716195503030271,0,0,0,0
123,135072,7.5,0,-0.9549700224857715,0,RBF-SVM,-1.0536479978036684,-1.0536479978036684,-1.8568214737151743,0.005,-0.9004459122255308,0,0,0,0
123,132913,1.79,0,-1.2001499361707406,0,RBF-SVM,-1.0964534070857463,-1.0964534070857463,-1.586393292230011,0.035,-0.6375196850943824,0,0,0,0
123,142926,55.77,0,-1.009586459104821,0,RBF-SVM,-1.0699586825670582,-1.0699586825670582,-1.825547382480622,0.0,-0.8138095256247505,0,0,0,0
123,257037,0.77,0,-0.8332479657220155,0,RBF-SVM,-1.054033735835437,-1.054033735835437,-1.560339486430008,0.02,-0.6772038765389604,0,0,0,0
123,102446,1.0,1,0.01631771610718373,1,RBF-SVM,-0.31850751352973083,-0.31850751352973083,6.950553983426228,0.72,0.09051859143129211,1,1,1,1
123,164911,172.0,0,-0.5723173011904624,0,RBF-SVM,-1.106749422127288,-1.106749422127288,-1.9931978860335564,0.005,-0.6666819052296435,0,0,0,0
123,202996,8.42,0,-0.6092568454613088,0,RBF-SVM,-1.0788358898432278,-1.0788358898432278,-1.414239626031034,0.08,-0.3687531001417216,0,0,0,0
123,75510,72.0,0,-0.7534067565198133,0,RBF-SVM,-1.2170870101889881,-1.2170870101889881,-2.1836664345462555,0.01,-0.11325887087249457,0,0,0,0
123,41313,22.7,0,-1.0711127780485676,0,RBF-SVM,-1.0626908713946714,-1.0626908713946714,-1.7697672193709497,0.0,-1.010942085820186,0,0,0,0
123,207141,79.95,0,-0.9051288450673023,0,RBF-SVM,-1.0155383589389166,-1.0155383589389166,-1.7333703110419816,0.02,-0.8844912541957088,0,0,0,0
123,62994,64.0,0,-1.2622662293701699,0,RBF-SVM,-1.1626640094681444,-1.1626640094681444,-1.735326917388292,0.08,-0.5585392514381778,0,0,0,0
123,1401,158.0,0,-0.4635804723752897,0,RBF-SVM,-0.8453498593740546,-0.8453498593740546,-2.0216679374988398,0.065,0.0029254548758108206,0,0,0,0
123,154272,14.95,0,-0.7892197772088313,0,RBF-SVM,-1.185937734063589,-1.185937734063589,-1.6634372874866596,0.0,-0.4505967622011953,0,0,0,0
123,207174,99.43,0,-1.0430538534788356,0,RBF-SVM,-1.210893724003975,-1.210893724003975,-2.0884340962032364,0.0,-1.216663923371269,0,0,0,0
123,131468,56.0,0,-0.626286538266372,0,RBF-SVM,-1.1703796400304411,-1.1703796400304411,-1.8411938065264506,0.005,-0.11885728175451808,0,0,0,0
123,171542,37.83,0,-0.9926032869518097,0,RBF-SVM,-1.301442148865879,-1.301442148865879,-2.1781904728419383,0.0,-0.23728000977691832,0,0,0,0
123,231607,11.5,0,-1.0802111312981975,0,RBF-SVM,-1.224802609571689,-1.224802609571689,-2.0075097084791063,0.0,-1.0535255550467493,0,0,0,0
123,129407,2.58,0,-1.0326381922647387,0,RBF-SVM,-1.0154906210180115,-1.0154906210180115,-1.4609497166377918,0.01,-0.8618718339475228,0,0,0,0
123,182223,70.0,0,-0.41886533665366776,0,RBF-SVM,-1.1490950640713389,-1.1490950640713389,-1.8494448682512246,0.0,-0.3038425362726824,0,0,0,0
123,27738,125.3,1,-0.023327574694938968,1,RBF-SVM,0.8530019858534704,0.8530019858534704,3.1555363928076314,0.87,0.12642542492567638,1,1,1,1
123,70141,112.45,1,-0.035679849595102384,1,RBF-SVM,0.7416981387405365,0.7416981387405365,1.4766687772110192,0.765,0.41937315905189737,1,1,1,1
123,76339,112.5,0,-0.8068200990178565,0,RBF-SVM,-0.9754062630189194,-0.9754062630189194,-1.307280829082092,0.055,-0.3854245828735786,0,0,0,0
123,210552,33.7,0,-1.1863871713262932,0,RBF-SVM,-1.2212311401007852,-1.2212311401007852,-1.9181868572330063,0.05,-1.080262828046483,0,0,0,0
123,125597,4.99,0,-0.880770670168304,0,RBF-SVM,-0.9505018534673665,-0.9505018534673665,-1.1033354951348169,0.0,-0.7815246268691708,0,0,0,0
123,128216,76.06,0,-1.1003856042919449,0,RBF-SVM,-1.0638387658991202,-1.0638387658991202,-1.7524711637107804,0.0,-0.9704375602031835,0,0,0,0
123,79134,10.08,0,-0.2991271507306872,0,RBF-SVM,-1.0619652295827318,-1.0619652295827318,-1.1983209205926837,0.015,-0.9952840587919977,0,0,0,0
123,226814,667.55,1,0.14528668195310734,1,RBF-SVM,0.6489894895114575,0.6489894895114575,2.6505614511060784,0.74,0.09873029981772569,1,1,1,1
123,223264,29.58,0,-0.663980205669719,0,RBF-SVM,-1.1386108254501877,-1.1386108254501877,-1.7984179752362843,0.015,-0.6675347690373815,0,0,0,0
123,111299,399.0,0,-0.36385686952734103,0,RBF-SVM,-0.9729174010265206,-0.9729174010265206,-1.1012771995726016,0.065,-0.22182748030876404,0,0,0,0
123,193311,233.27,0,-0.054796712265837225,1,RBF-SVM,-0.9854127992413318,-0.9854127992413318,-2.163383472419719,0.0,-0.004009176109913873,0,0,0,0
123,31587,3.49,0,-0.7625888655336044,0,RBF-SVM,-0.9353266150766112,-0.9353266150766112,-1.573275646196088,0.01,-0.25656982368756587,0,0,0,0
123,95400,34.9,0,-0.6347557994029847,0,RBF-SVM,-1.207963431660398,-1.207963431660398,-2.018778525502607,0.135,-0.22002746626682407,0,0,0,0
123,249828,6.74,1,0.1814636435807697,1,RBF-SVM,1.5073813950514654,1.5073813950514654,2.8270295233322704,0.82,0.10953124138562044,1,1,1,1
123,99394,135.94,0,-0.3549310103201401,0,RBF-SVM,-0.8774028858897219,-0.8774028858897219,-1.5671090743573362,0.21,-0.5621890701218897,0,0,0,0
123,253163,215.7,0,-0.8005363571813671,0,RBF-SVM,-0.9571539530425864,-0.9571539530425864,-1.1176002179579632,0.03,-0.37084967463634827,0,0,0,0
123,90692,30.0,0,-1.0702140564542708,0,RBF-SVM,-1.0904482796482013,-1.0904482796482013,-1.684628480646864,0.02,-0.6863390608705512,0,0,0,0
123,234755,10.59,0,-0.5044435747887623,0,RBF-SVM,-1.0817744518908436,-1.0817744518908436,-2.2803192515428474,0.005,0.013201331203327768,0,0,0,0
123,173766,25.0,0,-0.9707143104784569,0,RBF-SVM,-1.1547443702394058,-1.1547443702394058,-1.9394627825968274,0.04,-0.5337303258122498,0,0,0,0
123,174320,2.32,0,-1.1907785014499797,0,RBF-SVM,-1.115876983924751,-1.115876983924751,-1.6297376494160765,0.105,-0.9167967249874353,0,0,0,0
123,206253,209.52,0,-0.24702427322766574,0,RBF-SVM,-1.1656979750127365,-1.1656979750127365,-2.3239764375487786,0.185,-0.33584324107518293,0,0,0,0
123,66494,158.0,0,-0.83839759633686,0,RBF-SVM,-0.9412012258574082,-0.9412012258574082,-1.4669560242244581,0.01,-0.888450645463756,0,0,0,0
123,141260,512.25,1,0.0845391841510924,1,RBF-SVM,0.24009778675112325,0.24009778675112325,6.8230113004351365,0.895,0.09086856783586218,1,1,1,1
123,108868,24.0,0,-0.09873774219024463,1,RBF-SVM,-0.5412736393119897,-0.5412736393119897,-1.5591002997598933,0.09,0.09049047349702984,1,0,0,1
123,95890,1.0,0,-1.126185121749168,0,RBF-SVM,-0.9621043509587371,-0.9621043509587371,-1.4823341428168726,0.01,-0.7668447639949505,0,0,0,0
123,187692,127.87,0,-0.6284148416363997,0,RBF-SVM,-1.193048887882043,-1.193048887882043,-2.0185409664740614,0.12,-0.0882110297241026,0,0,0,0
123,179257,81.0,0,-0.5569165524362754,0,RBF-SVM,-1.1257625065309216,-1.1257625065309216,-2.0555479378632686,0.025,-0.6882266027450906,0,0,0,0
123,222552,48.94,0,-0.6096384950046111,0,RBF-SVM,-1.0023728818852162,-1.0023728818852162,-1.454436688918535,0.01,-0.688531605811544,0,0,0,0
123,192769,87.38,0,-0.25412053938728524,0,RBF-SVM,-1.0784178120955161,-1.0784178120955161,-1.834957677858465,0.0,-0.03315013178117299,0,0,0,0
123,19359,87.0,0,-0.3608924624422973,0,RBF-SVM,-0.9181309179977547,-0.9181309179977547,-1.0854603968442198,0.225,0.05566736656732583,0,0,0,0
123,74868,8.03,0,-0.8336005380644285,0,RBF-SVM,-1.0383415144274255,-1.0383415144274255,-1.2666826545792713,0.0,-1.1545125667581264,0,0,0,0
123,144055,0.89,0,-0.16851730901616171,1,RBF-SVM,-0.959925439937732,-0.959925439937732,-1.1747982692757803,0.02,0.09017058329468983,0,0,0,1
123,160338,9.99,0,-0.9593930914999071,0,RBF-SVM,-1.2165292162233974,-1.2165292162233974,-2.307368551515374,0.0,-0.2788828488831457,0,0,0,0
123,77682,1.0,1,0.18443662919886825,1,RBF-SVM,1.3171877938333156,1.3171877938333156,5.096613071448868,0.73,0.09052298381266165,1,1,1,1
123,75324,54.89,0,-0.7561110821162973,0,RBF-SVM,-1.0912074702368169,-1.0912074702368169,-1.8233727677676295,0.015,-0.2058204285513524,0,0,0,0
123,276698,3.57,0,-0.8007841305287451,0,RBF-SVM,-1.0731820416370392,-1.0731820416370392,-1.3648819718307406,0.01,-0.9892101426091976,0,0,0,0
123,154694,346.94,1,-0.04370194732830661,1,RBF-SVM,0.7796373783438489,0.7796373783438489,4.0962751986490495,0.835,0.09253731529731976,1,1,1,1
123,269138,3.75,0,-0.9095833793968466,0,RBF-SVM,-1.0586171652874365,-1.0586171652874365,-2.020010369760933,0.0,-0.612274493618376,0,0,0,0
123,33642,27.95,0,-1.0155609377821526,0,RBF-SVM,-1.0146346452634645,-1.0146346452634645,-1.4792801094993444,0.005,-1.032675147581972,0,0,0,0
123,30496,111.7,1,0.23300067957270132,1,RBF-SVM,0.9149656754818393,0.9149656754818393,4.590592933708875,0.925,0.09285241488682068,1,1,1,1
123,75511,170.92,1,0.25146611310391737,1,RBF-SVM,0.6753620408871882,0.6753620408871882,1.1381800551384451,0.935,0.3586412424489633,1,1,1,1
123,42432,40.0,0,-0.7002935234372206,0,RBF-SVM,-0.9963917210137966,-0.9963917210137966,-1.6519549019371342,0.005,-0.48593182892115766,0,0,0,0
123,200304,1.0,0,-0.5994593909413669,0,RBF-SVM,-0.9767835849872458,-0.9767835849872458,-1.253419919051554,0.09,-0.31250820986326805,0,0,0,0
123,189461,0.0,0,-0.649707569054011,0,RBF-SVM,-1.1146420264712291,-1.1146420264712291,-1.3740587331116876,0.0,-0.451961479995624,0,0,0,0
123,4839,142.83,0,-0.25083368734174183,0,RBF-SVM,-0.9184487658978199,-0.9184487658978199,-1.9906522161750089,0.05,-0.024144611065574986,0,0,0,0
123,157178,15.95,0,-0.4930831961929794,0,RBF-SVM,-1.1834396595405026,-1.1834396595405026,-2.1051999715223477,0.005,-0.2227390055945178,0,0,0,0
123,127402,6.26,0,-0.855785473258387,0,RBF-SVM,-1.0200197604420347,-1.0200197604420347,-1.967320572730396,0.0,-0.7213678298528984,0,0,0,0
123,269311,5.4,0,-0.694113804421398,0,RBF-SVM,-0.9691592689206979,-0.9691592689206979,-1.605824649464017,0.025,-0.7614907499403515,0,0,0,0
123,51705,1.29,0,-0.8685361449598856,0,RBF-SVM,-0.9820664756914498,-0.9820664756914498,-1.2020635893739846,0.015,-1.0035168971440402,0,0,0,0
123,27160,60.0,0,-0.3970052645815666,0,RBF-SVM,-1.0615729925086472,-1.0615729925086472,-1.4054717147196767,0.055,-0.17961326290597074,0,0,0,0
123,138917,65.72,0,-0.9968521447622325,0,RBF-SVM,-1.2340008324593543,-1.2340008324593543,-1.6803145000726125,0.0,-0.23149168534708503,0,0,0,0
123,64726,9.99,0,-0.9450157754333219,0,RBF-SVM,-1.1337185466185704,-1.1337185466185704,-1.948075089276633,0.075,-0.8779092401519201,0,0,0,0
123,42609,83.38,1,0.3586049487794089,1,RBF-SVM,0.965183421513801,0.965183421513801,8.99379942799148,0.97,0.1590626403623171,1,1,1,1
123,153948,15.95,0,-0.8342260902393464,0,RBF-SVM,-1.1159868750469726,-1.1159868750469726,-1.7401047068111537,0.005,-0.42937620582293173,0,0,0,0
123,21515,105.55,0,-0.7272067491360396,0,RBF-SVM,-1.0032395498221294,-1.0032395498221294,-1.411959301094107,0.005,-0.6233424572096492,0,0,0,0
123,147462,729.34,0,-0.059829905295318356,1,RBF-SVM,-0.9463621898302795,-0.9463621898302795,-1.1683240626186886,0.125,0.04778742017622779,0,0,0,0
123,162783,4.73,0,-0.5203967053501071,0,RBF-SVM,-1.212691322566568,-1.212691322566568,-2.089172530224622,0.0,-0.7030660765949815,0,0,0,0
123,198386,1.99,0,-0.7094017392482929,0,RBF-SVM,-1.1687925544027045,-1.1687925544027045,-2.3576656296121983,0.0,-0.17363340183302717,0,0,0,0
123,165449,5.99,0,-0.6706114076965441,0,RBF-SVM,-1.0073741059116048,-1.0073741059116048,-1.2128806523645903,0.01,-0.7104163151025368,0,0,0,0
123,1114,188.0,0,-0.665342740829491,0,RBF-SVM,-0.8938939709461463,-0.8938939709461463,-1.1187080744693763,0.015,-0.27512790683563315,0,0,0,0
123,132659,32.06,0,-1.002751200868075,0,RBF-SVM,-0.9472983571830772,-0.9472983571830772,-1.4958439450919774,0.005,-0.9739315087223254,0,0,0,0
123,263910,69.0,0,-0.8805252069839806,0,RBF-SVM,-0.9854999992765107,-0.9854999992765107,-1.8545975676953654,0.0,-0.4751195989480949,0,0,0,0
123,202416,372.34,0,-0.7478090600061159,0,RBF-SVM,-1.0257166443054238,-1.0257166443054238,-2.0379461653814,0.01,-0.4510920370213363,0,0,0,0
123,23422,717.15,1,-0.0819070527575071,1,RBF-SVM,-0.31288144536934037,-0.31288144536934037,2.0248070900168655,0.755,0.10058680774573592,1,1,1,1
123,167203,11.5,0,-1.0941056027214866,0,RBF-SVM,-1.1393630193529236,-1.1393630193529236,-1.6466958529362787,0.02,-0.9950546067130172,0,0,0,0
123,93424,1.0,1,0.11421733755973155,1,RBF-SVM,0.8565919759931987,0.8565919759931987,1.4937169760116804,0.84,0.3763492797114832,1,1,1,1
123,273590,1.0,0,-0.8364283261445895,0,RBF-SVM,-1.2017203667696914,-1.2017203667696914,-2.166328202802433,0.0,-0.7946432208131701,0,0,0,0
123,159137,19.99,0,-0.8847270724887457,0,RBF-SVM,-1.1334666825898156,-1.1334666825898156,-2.0456459670639076,0.005,-0.9420933434499047,0,0,0,0
123,9179,1.0,1,0.1354869718167043,1,RBF-SVM,0.5367836553141072,0.5367836553141072,9.027627362599262,0.695,0.10086676827432783,1,1,1,1
123,130035,1.0,0,-1.13472122160994,0,RBF-SVM,-1.2550894559923322,-1.2550894559923322,-2.00467466686992,0.035,-0.5549705412554428,0,0,0,0
123,17317,99.99,1,-0.03176818092723955,1,RBF-SVM,0.026134969354672244,0.026134969354672244,7.244335608540129,0.825,0.09051859143129226,1,1,1,1
123,130300,149.19,0,-0.34326522719348573,0,RBF-SVM,-0.995860605853608,-0.995860605853608,-1.9653801920776004,0.0,-0.17362538603439553,0,0,0,0
123,220438,118.0,0,-0.8982424412197755,0,RBF-SVM,-1.092807068545579,-1.092807068545579,-1.8670774593776591,0.0,-0.6442159560554482,0,0,0,0
123,153835,1.0,1,0.1776285363936934,1,RBF-SVM,-0.18266163263649848,-0.18266163263649848,7.59873527619714,0.655,0.09051859143129211,1,1,1,1
123,240074,7.99,0,-0.8273727577883887,0,RBF-SVM,-1.1222356771286583,-1.1222356771286583,-1.4783144874176597,0.02,-1.0748182742128918,0,0,0,0
123,94590,34.27,0,-0.7024060019513898,0,RBF-SVM,-1.4658154616281247,-1.4658154616281247,-3.202574959827075,0.16,0.09051856055731414,0,0,0,1
123,170856,156.2,0,-0.5217873971405415,0,RBF-SVM,-0.7255962464720097,-0.7255962464720097,-0.9429028579237857,0.15,0.04479967521967602,0,0,0,0
123,146787,1.0,0,-0.7093896256515838,0,RBF-SVM,-1.12875193890982,-1.12875193890982,-1.3365475521471972,0.0,-0.5745365990563005,0,0,0,0
123,260841,644.79,0,-0.14257842798971504,1,RBF-SVM,-1.115445846886829,-1.115445846886829,-2.664351690690944,0.025,0.07032189361723279,0,0,0,1
123,119969,19.99,0,-0.873670546340483,0,RBF-SVM,-1.1023134520374245,-1.1023134520374245,-1.3258354646177035,0.0,-0.9688751274716788,0,0,0,0
123,150925,45.48,1,0.11082431465225535,1,RBF-SVM,0.5599065568439222,0.5599065568439222,7.795772313345226,0.76,0.09052944468682869,1,1,1,1
123,257524,0.49,0,-0.7949816355341008,0,RBF-SVM,-1.0646839921169513,-1.0646839921169513,-1.6972814847165685,0.025,-0.6294396009763422,0,0,0,0
123,153416,41.2,0,-0.1007369174103372,1,RBF-SVM,-1.0144688746676467,-1.0144688746676467,-3.2607305588596525,0.0,0.050726285418848466,0,0,0,0
123,16415,23.36,1,0.02346833547952509,1,RBF-SVM,0.4898373542538691,0.4898373542538691,1.6531662964660532,0.905,0.28587069928689196,1,1,1,1
123,76929,1.0,1,0.4726485868732096,1,RBF-SVM,1.2975489906141804,1.2975489906141804,2.5397407344454543,0.9,0.12771819433065645,1,1,1,1
123,62551,50.0,0,-0.7887477192622911,0,RBF-SVM,-0.9806374186958399,-0.9806374186958399,-1.545448126373632,0.045,-0.5954869949496332,0,0,0,0
123,130652,52.96,0,-0.8002897509760408,0,RBF-SVM,-0.9730648063023603,-0.9730648063023603,-1.660501379347672,0.0,-0.37127085549376954,0,0,0,0
123,74794,311.91,1,-0.19000869144228189,1,RBF-SVM,-0.8192069567866017,-0.8192069567866017,-0.9625281248073478,0.095,0.08989848297283463,0,0,0,1
123,282002,46.0,0,-0.5248400501967991,0,RBF-SVM,-1.196441939292193,-1.196441939292193,-2.4709257738904444,0.0,-0.08294988666490423,0,0,0,0
123,279344,70.66,0,-0.5131116012350654,0,RBF-SVM,-1.0290996909713974,-1.0290996909713974,-1.8985097001746887,0.005,-0.6548052658677336,0,0,0,0
123,43379,99.99,0,-0.25630249088905216,0,RBF-SVM,-0.8514811860003254,-0.8514811860003254,-1.837504737284188,0.06,0.07653384076749269,0,0,0,1
123,220179,86.51,0,-0.4823738675670797,0,RBF-SVM,-1.1829221877492384,-1.1829221877492384,-2.33774275912013,0.03,-0.27004056185936165,0,0,0,0
123,148499,1.79,0,-1.0310352059674457,0,RBF-SVM,-1.1372440963384984,-1.1372440963384984,-1.7923720542784036,0.05,-0.852633264424047,0,0,0,0
123,130571,1.0,0,-0.9661007669289735,0,RBF-SVM,-1.114540463212204,-1.114540463212204,-2.107674881648357,0.015,-0.6999722843396492,0,0,0,0
123,143378,10.59,0,-1.0573151845180428,0,RBF-SVM,-1.2127224152357665,-1.2127224152357665,-1.6670962268801817,0.0,-0.9154283357073733,0,0,0,0
123,116257,30.9,0,-0.8423952001341906,0,RBF-SVM,-0.8687391960628487,-0.8687391960628487,-1.080272793007439,0.01,-0.7629508804102126,0,0,0,0
123,282941,25.0,0,-0.7854635325899089,0,RBF-SVM,-0.9995452104752948,-0.9995452104752948,-1.8560489946691525,0.005,-0.5373648492564026,0,0,0,0
123,195756,115.97,0,-0.6452453774824743,0,RBF-SVM,-1.0722823074648917,-1.0722823074648917,-2.1993696080912923,0.005,-0.3461425481815818,0,0,0,0
123,76942,360.0,0,-0.44936650772880027,0,RBF-SVM,-0.9691937814618269,-0.9691937814618269,-1.3006764854003188,0.02,-0.47253426785366176,0,0,0,0
123,177903,20.0,0,-1.0467801879163356,0,RBF-SVM,-1.1379346325923119,-1.1379346325923119,-1.9719241052132497,0.02,-1.0045221849205392,0,0,0,0
123,228997,91.75,0,-1.041981401811907,0,RBF-SVM,-1.0702317183900845,-1.0702317183900845,-1.7293786733261514,0.0,-1.2169414275447685,0,0,0,0
123,2271,2.27,0,-0.8345117865625942,0,RBF-SVM,-0.8762421015293723,-0.8762421015293723,-1.1428043301070516,0.0,-0.5091618847554897,0,0,0,0
123,12353,2.09,0,-1.0349985381582778,0,RBF-SVM,-1.1560003760988375,-1.1560003760988375,-1.8847248126051421,0.0,-0.2133680045897946,0,0,0,0
123,57951,498.59,0,-0.2586653720640291,0,RBF-SVM,-1.0235566107851102,-1.0235566107851102,-1.6935522216441752,0.135,-0.15881458029525114,0,0,0,0
123,190368,175.9,1,-0.16319872727519524,1,RBF-SVM,0.5169808815211901,0.5169808815211901,0.7195099422225337,0.735,0.15673429389752797,1,1,1,1
123,191359,4.87,1,0.026917685988331466,1,RBF-SVM,0.4739325145870664,0.4739325145870664,1.5454413124080983,0.775,0.18030613375946625,1,1,1,1
123,167184,105.89,1,-5.6844062380215915e-05,1,RBF-SVM,-0.25780798434838015,-0.25780798434838015,2.7041147287746305,0.7,0.09051797559340696,1,1,1,1
123,64814,600.0,0,-0.15698747571693056,1,RBF-SVM,-0.823756868861642,-0.823756868861642,-1.1390896562945239,0.055,0.04321807778080959,0,0,0,0
123,131902,101.94,0,-0.4103187372950327,0,RBF-SVM,-0.8918111438311941,-0.8918111438311941,-0.7500327898865288,0.125,-0.41979955802639685,0,0,0,0
123,18731,1.98,0,-0.73959904647037,0,RBF-SVM,-1.119747490252951,-1.119747490252951,-1.6554290580672353,0.0,-0.6601946763138645,0,0,0,0
123,74944,13.86,0,-0.8847452822916321,0,RBF-SVM,-1.0388498817462373,-1.0388498817462373,-1.9000426242304338,0.005,-0.3816348769820393,0,0,0,0
123,76218,14.5,0,-1.008756735762429,0,RBF-SVM,-0.9895055381879357,-0.9895055381879357,-1.7766475128529298,0.005,-0.8482628243447761,0,0,0,0
123,215274,12.95,0,-0.938121737138597,0,RBF-SVM,-1.0435148521864543,-1.0435148521864543,-1.4336458336601716,0.02,-0.9285364504762789,0,0,0,0
123,155023,5.49,0,-0.7850302956090991,0,RBF-SVM,-1.1130571793834814,-1.1130571793834814,-1.7071177227545662,0.005,-0.406011910179517,0,0,0,0
123,46578,6.99,0,-0.9817587127897758,0,RBF-SVM,-1.1754115685102113,-1.1754115685102113,-1.8126515225953999,0.0,-0.5648129589264812,0,0,0,0
123,251989,18.95,0,-1.2115822318928327,0,RBF-SVM,-1.1959040987481049,-1.1959040987481049,-1.7825012183675442,0.015,-0.4141017998377415,0,0,0,0
123,195822,250.0,0,-0.5757673604524863,0,RBF-SVM,-1.073821531493628,-1.073821531493628,-1.943690599077114,0.125,-0.2554646157977309,0,0,0,0
123,7276,22.3,0,-0.8993677187514927,0,RBF-SVM,-0.9831685824299198,-0.9831685824299198,-1.2276348449942975,0.01,-0.2601185404513311,0,0,0,0
123,6882,1.1,1,0.31631930339168657,1,RBF-SVM,1.301124945972044,1.301124945972044,3.0630882932631014,0.79,0.10411622420370181,1,1,1,1
123,279835,11.09,0,-1.1662479541066244,0,RBF-SVM,-1.1112795778814983,-1.1112795778814983,-1.6209529989701092,0.0,-1.0198694838590574,0,0,0,0
123,211739,306.0,0,-0.3124381417880495,0,RBF-SVM,-0.9377376493049047,-0.9377376493049047,-1.6346115903154794,0.09,-0.19662228748580685,0,0,0,0
123,229499,46.9,0,-1.1503192154617208,0,RBF-SVM,-1.0645205325759899,-1.0645205325759899,-1.5063564321962086,0.0,-1.1758503608142306,0,0,0,0
123,42394,26.35,0,-1.0512977204962255,0,RBF-SVM,-1.011688913845496,-1.011688913845496,-1.5163738026165396,0.005,-0.27021259910448786,0,0,0,0
123,228203,120.61,0,-0.4160987755990339,0,RBF-SVM,-1.0772003191346289,-1.0772003191346289,-1.5835430461672917,0.065,0.08189296907589426,0,0,0,1
123,120837,99.9,1,0.2174069644685426,1,RBF-SVM,1.1753836376744013,1.1753836376744013,3.929180446619915,0.94,0.12146718965361102,1,1,1,1
123,46823,34.0,0,-1.065409341257865,0,RBF-SVM,-1.0617570140844905,-1.0617570140844905,-1.7461250477073516,0.005,-0.8388829525883369,0,0,0,0
123,143731,240.77,1,0.372471390304677,1,RBF-SVM,1.6021559862428223,1.6021559862428223,3.4739013891512265,0.885,0.1584195584301914,1,1,1,1
123,38421,303.74,0,-0.4914234043728771,0,RBF-SVM,-0.9756808542214109,-0.9756808542214109,-2.1635864021211377,0.045,-0.09904203295198487,0,0,0,0
123,139255,93.04,0,-0.6231919142108338,0,RBF-SVM,-0.9737786419484648,-0.9737786419484648,-1.5761255692421048,0.02,-0.6542548637798389,0,0,0,0
123,120339,46.86,0,-0.6121504232154484,0,RBF-SVM,-1.0623009681874538,-1.0623009681874538,-2.016847542490268,0.0,-0.5232944130146213,0,0,0,0
123,40453,250.0,0,-0.3389345623121719,0,RBF-SVM,-1.0188798580763625,-1.0188798580763625,-1.9179966154547015,0.03,0.004642085857038222,0,0,0,0
123,214504,6.47,0,-0.6405563604787572,0,RBF-SVM,-1.098012248486071,-1.098012248486071,-1.5061150847193858,0.0,0.05259573271481979,0,0,0,0
123,200899,15.0,0,-0.8411920090666247,0,RBF-SVM,-0.9860513934285459,-0.9860513934285459,-1.8512769735954038,0.005,-0.4270526805787113,0,0,0,0
123,276071,19.95,1,-1.0259846209034378,0,RBF-SVM,-1.0326208442346227,-1.0326208442346227,-1.6236717763128137,0.005,-0.8091380915473344,0,0,0,0
123,58422,208.58,1,-0.8004119066912339,0,RBF-SVM,-0.9361005295588564,-0.9361005295588564,-1.7694328983123864,0.085,-0.18460327628706097,0,0,0,0
123,199297,58.45,0,-1.105243191065213,0,RBF-SVM,-1.183892873339555,-1.183892873339555,-1.9560985887162876,0.0,-0.7009621620750737,0,0,0,0
123,41395,1.0,1,-0.051980779782439576,1,RBF-SVM,0.5002928859460716,0.5002928859460716,2.8907755722961523,0.805,0.12517355064899194,1,1,1,1
123,70689,76.48,0,-0.9895700927219913,0,RBF-SVM,-1.0372036771775437,-1.0372036771775437,-1.5619930888098266,0.1,-0.6672519743169562,0,0,0,0
123,89762,171.64,0,-1.0514618183735458,0,RBF-SVM,-1.0203459410051763,-1.0203459410051763,-1.6911424506676584,0.05,-1.0184356454500325,0,0,0,0
123,238222,1.1,1,0.1109926192863818,1,RBF-SVM,1.0337424627840828,1.0337424627840828,2.076953784999969,0.785,0.09219537562573399,1,1,1,1
123,41288,198.0,0,-1.206500947793924,0,RBF-SVM,-0.973777921689185,-0.973777921689185,-1.4635718399137065,0.04,-0.6612892586501542,0,0,0,0
123,211896,1.29,0,-0.8390766250294326,0,RBF-SVM,-1.0991419180127227,-1.0991419180127227,-1.4410195519104787,0.065,-0.9295124862022589,0,0,0,0
123,156990,186.13,1,0.4380884098770621,1,RBF-SVM,1.640896417878019,1.640896417878019,2.9551279085441875,0.79,0.12324919902349031,1,1,1,1
123,137231,2.58,0,-1.2067953178191555,0,RBF-SVM,-1.0973489431455827,-1.0973489431455827,-1.5595111544120097,0.0,-0.7898248622177174,0,0,0,0
123,22762,7.44,0,-0.8506751157017531,0,RBF-SVM,-0.9520261843607413,-0.9520261843607413,-0.9683255092757272,0.0,-0.7762525277434853,0,0,0,0
123,77107,15.0,0,-0.9246544668318708,0,RBF-SVM,-1.0473154852320952,-1.0473154852320952,-1.774974954342774,0.0,-0.6826127199115857,0,0,0,0
123,217177,1.0,0,-0.7654738412369468,0,RBF-SVM,-1.1561987188837217,-1.1561987188837217,-1.9951147396619042,0.085,-0.05659750800787432,0,0,0,0
123,36695,12.1,0,-0.39988794154739804,0,RBF-SVM,-1.2293914771396435,-1.2293914771396435,-2.329581102729204,0.0,-0.6957110376356526,0,0,0,0
123,7900,15.95,0,-0.9674573676023128,0,RBF-SVM,-1.0443544471276822,-1.0443544471276822,-1.8641735143069462,0.0,-0.30616716393436133,0,0,0,0
123,6108,59.0,1,0.2599486624396833,1,RBF-SVM,1.3468616998607343,1.3468616998607343,3.0486596494295846,0.91,0.10099184141138148,1,1,1,1
123,116653,3.99,0,-0.8851048883223815,0,RBF-SVM,-0.9543202511151593,-0.9543202511151593,-1.2186602828744117,0.015,-0.9538805198705794,0,0,0,0
123,30248,30.7,0,-0.4324365631702751,0,RBF-SVM,-1.1581012612241994,-1.1581012612241994,-2.3326279609982814,0.0,-0.534197090656492,0,0,0,0
123,106998,3.79,1,0.15470301057841662,1,RBF-SVM,0.5424940066489002,0.5424940066489002,1.1085253735845448,0.93,0.12929922623980902,1,1,1,1
123,20209,44.99,0,-1.055786135345842,0,RBF-SVM,-1.0591737340302152,-1.0591737340302152,-1.5837098343254528,0.025,-0.3745015369522868,0,0,0,0
123,255403,4.97,1,-0.0019578677450034256,1,RBF-SVM,0.6771476251061618,0.6771476251061618,1.269562862615738,0.815,0.14420692911023378,1,1,1,1
123,65131,6.8,0,-1.0757378024310544,0,RBF-SVM,-1.0894559164904867,-1.0894559164904867,-1.6253383456148232,0.02,-0.6361440801168221,0,0,0,0
123,250433,7.99,0,-0.4628716789592384,0,RBF-SVM,-1.0040534468234887,-1.0040534468234887,-1.7926501986027639,0.01,-0.48942541975249815,0,0,0,0
123,191237,204.16,0,-0.8015288340335079,0,RBF-SVM,-0.8923941475134137,-0.8923941475134137,-1.424472387597303,0.02,-0.47621080658240894,0,0,0,0
123,159979,1.0,0,-1.0084571511391018,0,RBF-SVM,-1.1814342919522267,-1.1814342919522267,-1.8231777786763947,0.08,-0.8598071619674976,0,0,0,0
123,43624,39.45,1,0.49745657653316855,1,RBF-SVM,0.8117480978052486,0.8117480978052486,0.8847183008129176,0.865,0.4317161084384589,1,1,1,1
123,58987,22.84,0,-0.8410520110589345,0,RBF-SVM,-0.9383904255141319,-0.9383904255141319,-1.5541692405641592,0.0,-0.8080779310275414,0,0,0,0
123,125113,197.4,0,-0.6456289237137973,0,RBF-SVM,-0.9748387502513184,-0.9748387502513184,-1.5021563074722062,0.015,-0.6914272714864937,0,0,0,0
123,244629,3.57,0,-0.9733065642191323,0,RBF-SVM,-1.1262899296214246,-1.1262899296214246,-1.5903540877981912,0.0,-0.8421877939177724,0,0,0,0
123,194828,119.67,0,-0.3758073465973319,0,RBF-SVM,-0.8328968690246116,-0.8328968690246116,-2.3474725507355414,0.075,0.004487421668290539,0,0,0,0
123,254452,1.98,0,-0.7181995755955448,0,RBF-SVM,-1.1103232540735397,-1.1103232540735397,-1.3222246000788136,0.01,-0.9612863974068563,0,0,0,0
123,154666,390.0,0,-0.19608022550418558,1,RBF-SVM,-1.0306325067590492,-1.0306325067590492,-1.4174502172090102,0.02,0.015524338977896013,0,0,0,0
123,2729,21.97,0,-0.5231884046730171,0,RBF-SVM,-1.0632311808748924,-1.0632311808748924,-2.18061187602669,0.0,-0.2895074550166178,0,0,0,0
123,219025,4.49,1,-0.668771204494935,0,RBF-SVM,-0.9624184985395233,-0.9624184985395233,-1.0938888356832739,0.005,-0.8078834760419864,0,0,0,0
123,280143,0.76,1,0.18771715808782458,1,RBF-SVM,0.5650237159456927,0.5650237159456927,1.2123805972935058,0.82,0.12652656771737328,1,1,1,1
123,234580,1.0,0,-1.034700783861354,0,RBF-SVM,-1.1445618071772414,-1.1445618071772414,-1.816945117712603,0.045,-0.833553303984878,0,0,0,0
123,54142,113.12,0,-0.876326187690371,0,RBF-SVM,-0.9910376512997713,-0.9910376512997713,-1.8578616283037754,0.015,-0.6683482422715686,0,0,0,0
123,183106,0.0,1,-0.33893189771457255,0,RBF-SVM,-0.582964168003162,-0.582964168003162,-0.2780121138976024,0.3,0.08970163964484197,0,0,0,1
123,88195,1278.98,0,-0.012927877873957532,1,RBF-SVM,-0.40733127475491065,-0.40733127475491065,-0.7463914823520945,0.06,0.09051755839506613,1,0,0,1
123,6334,1.0,1,0.1710571406089554,1,RBF-SVM,0.6055692530817955,0.6055692530817955,3.322415276303814,0.905,0.09199985979178807,1,1,1,1
123,2414,8.94,0,-0.08349793227295878,1,RBF-SVM,-1.0368707239879575,-1.0368707239879575,-0.9673100344075489,0.12,0.08846383879435132,0,0,0,1
123,216123,73.77,0,-0.3054948916937733,0,RBF-SVM,-1.0881689666468986,-1.0881689666468986,-1.6949158757713834,0.005,-0.07928958294400158,0,0,0,0
123,15204,99.99,1,0.19615750831145562,1,RBF-SVM,0.6270343644405818,0.6270343644405818,7.6258122673999695,0.855,0.09051900427617905,1,1,1,1
123,283257,0.99,0,-0.8613293435632572,0,RBF-SVM,-1.043073988382369,-1.043073988382369,-1.4412867563381684,0.02,-0.568758684799897,0,0,0,0
123,223578,8.9,1,-0.045881699785274996,1,RBF-SVM,0.7447295891329949,0.7447295891329949,1.5977593704906563,0.75,0.1019473111716498,1,1,1,1
123,178724,38.0,0,-0.41655008913559033,0,RBF-SVM,-0.9763405631789425,-0.9763405631789425,-1.0151819873122356,0.005,-0.43795554204245063,0,0,0,0
123,191997,25.15,0,-0.47815239406842996,0,RBF-SVM,-1.1850369684563637,-1.1850369684563637,-2.671306407297915,0.025,-0.48451823069955585,0,0,0,0
123,262556,6.45,0,-0.5595361184770726,0,RBF-SVM,-1.2448156211426888,-1.2448156211426888,-2.229336358207348,0.005,-0.24775610000524712,0,0,0,0
123,280613,9.0,0,-0.3013481949943434,0,RBF-SVM,-1.115903006462371,-1.115903006462371,-1.709672514999611,0.0,-0.6228304476174591,0,0,0,0
123,212644,727.91,1,0.26728261151798743,1,RBF-SVM,-0.33151065931950485,-0.33151065931950485,2.4118210422954425,0.69,0.09282495240536015,1,1,1,1
123,276500,1.79,0,-0.9426647627060455,0,RBF-SVM,-1.1195663190499459,-1.1195663190499459,-1.584719324289614,0.02,-1.0839337474110073,0,0,0,0
123,29466,5.0,0,-0.9598561022327228,0,RBF-SVM,-1.0975922440686605,-1.0975922440686605,-1.5832653058756665,0.0,-1.010104135143301,0,0,0,0
123,96457,68.63,0,-0.8702641328840701,0,RBF-SVM,-0.9352134423754629,-0.9352134423754629,-1.2388620983080703,0.015,-1.2275670466571598,0,0,0,0
123,89313,14.32,0,-0.8302182611751113,0,RBF-SVM,-0.9533339686365933,-0.9533339686365933,-1.6550106965037577,0.005,-0.9450650051515069,0,0,0,0
123,14135,50.0,0,-0.8937116851181135,0,RBF-SVM,-0.9300466630672547,-0.9300466630672547,-1.7099190164138718,0.005,-0.21793583950438633,0,0,0,0
123,220725,324.59,1,-0.24554369244160038,0,RBF-SVM,-0.08884668220972125,-0.08884668220972125,0.26686118789575075,0.405,0.06875668787823777,1,1,0,1
123,18307,8.53,0,-1.0605107202825115,0,RBF-SVM,-1.12317118688417,-1.12317118688417,-1.8433590421555475,0.0,-1.0247230756910002,0,0,0,0
123,279258,82.2,0,-0.30647350751536306,0,RBF-SVM,-1.0883417166091562,-1.0883417166091562,-1.5171358788016576,0.225,0.08967476040947436,0,0,0,1
123,102544,25.0,0,-0.7254198228480163,0,RBF-SVM,-0.8801778834106967,-0.8801778834106967,-1.273815456570973,0.06,-0.2591624999248337,0,0,0,0
123,117013,1.0,0,-0.6180947405663341,0,RBF-SVM,-1.4148907967897908,-1.4148907967897908,-1.819897545782409,0.0,-0.044201276719541174,0,0,0,0
123,24965,12.21,0,-1.155273217772102,0,RBF-SVM,-1.1592951055662222,-1.1592951055662222,-1.890224546056766,0.0,-0.5347306981817023,0,0,0,0
123,273073,8.62,0,-0.5615685413478884,0,RBF-SVM,-0.9977958954153129,-0.9977958954153129,-1.3205386203460745,0.02,-0.5100996986986834,0,0,0,0
123,6446,1.0,1,-0.13053027212694449,1,RBF-SVM,0.742975683090311,0.742975683090311,3.1228483154290982,0.67,0.11982891421099093,1,1,1,1
123,15810,99.99,1,-0.11177210347455892,1,RBF-SVM,0.17745292601307372,0.17745292601307372,7.334686743303284,0.845,0.09051859143136476,1,1,1,1
123,172787,144.62,1,0.13246722383600665,1,RBF-SVM,1.07926567136515,1.07926567136515,1.7710836404218933,0.83,0.2799407136885267,1,1,1,1
123,62381,4.0,0,-0.9533816364969333,0,RBF-SVM,-1.210347584965778,-1.210347584965778,-1.9052735002756465,0.0,-1.0418089295542887,0,0,0,0
123,194197,0.76,0,-0.913492889071982,0,RBF-SVM,-1.2068608524042008,-1.2068608524042008,-1.739514304803434,0.0,-0.24109635219964753,0,0,0,0
123,69648,99.99,0,-0.08263751099699675,1,RBF-SVM,-0.8624481806082182,-0.8624481806082182,-1.9552582352448948,0.41,0.0904347825193318,0,0,0,1
123,30473,14.46,1,0.09223025125807043,1,RBF-SVM,0.8459543886655602,0.8459543886655602,4.125215562578127,0.92,0.0943323353266039,1,1,1,1
123,174259,21.0,0,-1.1815663555631388,0,RBF-SVM,-1.1336510262650275,-1.1336510262650275,-1.7725486014329994,0.085,-1.0064028657785058,0,0,0,0
123,42473,3.79,1,-0.30616625646079343,0,RBF-SVM,0.8494396646295334,0.8494396646295334,9.09463501200409,0.905,0.0954527625447736,1,1,1,1
123,256341,0.89,0,-0.743129439705255,0,RBF-SVM,-1.1129822956605593,-1.1129822956605593,-1.2908626949997057,0.0,-0.7836575740324404,0,0,0,0
123,201845,1.79,0,-0.7678692733496503,0,RBF-SVM,-1.035172125705143,-1.035172125705143,-1.4200046851058397,0.0,-0.7341413774936989,0,0,0,0
123,6717,1.0,1,0.19601082450570287,1,RBF-SVM,0.8224514173302834,0.8224514173302834,3.987476415954341,0.895,0.09165040690785853,1,1,1,1
123,120505,99.85,1,0.19532021002349884,1,RBF-SVM,1.2640470316420829,1.2640470316420829,3.969069302901411,0.935,0.13226516802756308,1,1,1,1
123,125202,114.2,0,-0.7491780861617361,0,RBF-SVM,-0.9109708750200033,-0.9109708750200033,-1.2654333480311801,0.015,-0.7247688538002999,0,0,0,0
123,106875,11.37,0,-0.7964646227460279,0,RBF-SVM,-0.9217226975609621,-0.9217226975609621,-1.2055670004170396,0.0,-1.1280027361534064,0,0,0,0
123,215095,389.26,0,-0.178444616840528,1,RBF-SVM,-0.98661672106437,-0.98661672106437,-2.4371632096280638,0.145,-0.01622748280201515,0,0,0,0
123,179767,15.09,0,-0.9537419480743755,0,RBF-SVM,-1.0695322428132665,-1.0695322428132665,-1.8415656212260945,0.05,-0.5511645012845051,0,0,0,0
123,225553,1.79,0,-0.754131707740467,0,RBF-SVM,-1.0284525933801993,-1.0284525933801993,-1.404870737631877,0.045,-0.9743625080024395,0,0,0,0
123,34901,1.98,0,-0.9481492748275666,0,RBF-SVM,-1.0728269647184372,-1.0728269647184372,-1.3724689047598138,0.02,-1.0110434872014809,0,0,0,0
123,125635,35.0,0,-0.9789086272286077,0,RBF-SVM,-1.1681462501346789,-1.1681462501346789,-2.0261986160774974,0.0,-0.9584181428571906,0,0,0,0
123,195638,12.95,0,-0.9221443342744868,0,RBF-SVM,-1.1381797755172989,-1.1381797755172989,-2.1872684709974473,0.0,-0.5968689719399557,0,0,0,0
123,46346,64.0,0,-0.5434255145361049,0,RBF-SVM,-1.0194997159945802,-1.0194997159945802,-1.6994946998620946,0.035,-0.7071496198269537,0,0,0,0
123,11340,243.1,0,-0.28552786571380295,0,RBF-SVM,-1.1377198325365279,-1.1377198325365279,-2.319393947475042,0.0,-0.043851374329068646,0,0,0,0
123,31002,111.7,1,0.25402228376265185,1,RBF-SVM,1.0446274217312577,1.0446274217312577,4.837329327079146,0.93,0.09213946675974576,1,1,1,1
123,46556,2.02,0,-1.0115612164406014,0,RBF-SVM,-1.1781542950086066,-1.1781542950086066,-2.1127102047703215,0.01,-0.3946534750581214,0,0,0,0
123,212516,0.01,1,0.2990122836059032,1,RBF-SVM,1.1457680117112412,1.1457680117112412,2.294246806973833,0.85,0.23892202873574037,1,1,1,1
123,115602,1.79,0,-1.2127202618071258,0,RBF-SVM,-1.0865875809189407,-1.0865875809189407,-1.593757842482213,0.0,-0.7183863481415195,0,0,0,0
123,169955,144.0,0,-1.0571744177079547,0,RBF-SVM,-1.1244739265740997,-1.1244739265740997,-1.780052966280584,0.005,-0.8537283621050032,0,0,0,0
123,100413,7.59,0,-0.7974368676612605,0,RBF-SVM,-1.0025824615752401,-1.0025824615752401,-1.0316417606186032,0.0,-0.7862576024909371,0,0,0,0
123,254777,5.6,0,-0.5972645106541175,0,RBF-SVM,-1.1253457713936856,-1.1253457713936856,-2.249590382037388,0.0,-0.6692120602047116,0,0,0,0
123,22071,120.32,0,-0.4803005502901939,0,RBF-SVM,-0.8165321724591589,-0.8165321724591589,-1.5757005756238434,0.065,-0.0664341332995708,0,0,0,0
123,51055,15.0,0,-0.9237730570510911,0,RBF-SVM,-1.1595790823012355,-1.1595790823012355,-2.1044920565482275,0.0,-0.5311769846007851,0,0,0,0
123,221274,1.5,0,-1.1609748154750132,0,RBF-SVM,-1.1613789567899189,-1.1613789567899189,-1.8526970597816892,0.03,-0.6265637418105886,0,0,0,0
123,256003,12.28,0,-0.8706658674876813,0,RBF-SVM,-0.9442891894411888,-0.9442891894411888,-1.1532729702953868,0.015,-0.13767514188738683,0,0,0,0
123,28346,23.88,0,-0.5333800690531154,0,RBF-SVM,-1.0719997593159278,-1.0719997593159278,-1.8996109069247913,0.0,-0.3074371341455926,0,0,0,0
123,22341,23.0,0,-1.1532154727034851,0,RBF-SVM,-1.1224153803803758,-1.1224153803803758,-1.5417888138649196,0.01,-0.959596981356989,0,0,0,0
123,102592,0.89,0,-0.5167053413357384,0,RBF-SVM,-1.1612211423708785,-1.1612211423708785,-1.1776745443791277,0.0,0.08753241818959132,0,0,0,1
123,19374,54.46,0,-0.48247157250013234,0,RBF-SVM,-0.967713217103617,-0.967713217103617,-1.9336916252827738,0.0,-0.07234266035100599,0,0,0,0
123,80757,275.99,0,-0.05883928011511037,1,RBF-SVM,-1.199231974841251,-1.199231974841251,-2.186590621425334,0.0,-0.08074891318625045,0,0,0,0
123,154454,147.87,1,0.6131204878152754,1,RBF-SVM,0.9619062415248122,0.9619062415248122,1.1873040379257978,0.91,0.13783188454171003,1,1,1,1
123,6441,33.0,0,-0.8711166919205505,0,RBF-SVM,-1.0340832132928184,-1.0340832132928184,-1.8088953769778788,0.0,-0.3876521548008891,0,0,0,0
123,30611,34.55,0,-0.8782343425422151,0,RBF-SVM,-1.0835969170357198,-1.0835969170357198,-1.4540084661369514,0.0,-0.2967581160996255,0,0,0,0
123,204294,4.99,0,-0.6682685886788219,0,RBF-SVM,-1.0654426633235743,-1.0654426633235743,-1.4718326323285305,0.02,0.06063116080602451,0,0,0,0
123,10782,6.7,0,-0.5366959680784749,0,RBF-SVM,-1.274423064842932,-1.274423064842932,-2.573815499075719,0.005,-0.2502082588106847,0,0,0,0
123,109325,9.99,0,-0.4132544567580405,0,RBF-SVM,-1.1294090191961486,-1.1294090191961486,-1.5804795441260948,0.05,0.09031526195679992,0,0,0,1
123,16941,59.59,0,-0.2267132479781666,0,RBF-SVM,-1.1252640917956724,-1.1252640917956724,-2.2225456942274,0.0,-0.07155662899773287,0,0,0,0
123,254456,6.47,0,-1.1064787279136885,0,RBF-SVM,-1.1870717307981198,-1.1870717307981198,-1.8382002438926404,0.0,-0.8958109582862561,0,0,0,0
123,120087,1.49,0,-0.5514732203122702,0,RBF-SVM,-1.132320024417735,-1.132320024417735,-1.7294023026336194,0.015,-0.1680809678470449,0,0,0,0
123,126687,2.23,0,-0.7219192936081009,0,RBF-SVM,-1.0016260414158764,-1.0016260414158764,-0.9802175019247448,0.0,-0.7510724224814495,0,0,0,0
123,214935,0.76,0,-0.7037930714404005,0,RBF-SVM,-1.2167456989732037,-1.2167456989732037,-2.158211630631618,0.0,-0.2311960577598905,0,0,0,0
123,224874,4.49,0,-0.8055716489341047,0,RBF-SVM,-1.0971289258407544,-1.0971289258407544,-1.423761353868723,0.02,-0.9219263007922552,0,0,0,0
123,197659,597.8,0,-0.17087422677887368,1,RBF-SVM,-0.9343912283448946,-0.9343912283448946,-1.544119927812948,0.14,0.0247259108103106,0,0,0,0
123,36510,24.95,0,-1.0640616864963397,0,RBF-SVM,-1.063606265718977,-1.063606265718977,-1.41017487236951,0.075,-0.5077146680319353,0,0,0,0
123,245000,379.45,0,-0.4028654307345586,0,RBF-SVM,-1.1024692725124754,-1.1024692725124754,-2.084325219740615,0.0,-0.36873090954990545,0,0,0,0
123,206734,10.59,0,-1.0043549017740045,0,RBF-SVM,-0.9994366021978974,-0.9994366021978974,-1.4136949257500468,0.0,-0.15987990865921237,0,0,0,0
123,55432,125.9,0,-0.7712550513094172,0,RBF-SVM,-0.9991016274449999,-0.9991016274449999,-1.2719094964832012,0.065,-0.34078210902690537,0,0,0,0
123,230142,27.31,0,-0.5083839757529407,0,RBF-SVM,-1.0984046013955875,-1.0984046013955875,-2.0613567599437665,0.135,-0.5261323903499191,0,0,0,0
123,244379,8.93,0,-0.5634803245769282,0,RBF-SVM,-1.1954892922400053,-1.1954892922400053,-1.7929425819118023,0.0,-0.5558421635866971,0,0,0,0
123,15751,99.99,1,-0.03513792738143705,1,RBF-SVM,0.28278404081384956,0.28278404081384956,7.3929946268219835,0.85,0.09051859143454559,1,1,1,1
123,201430,680.46,0,-0.47300504888126904,0,RBF-SVM,-0.863628111195638,-0.863628111195638,-1.563375791964074,0.055,0.07910554411703415,0,0,0,1
123,116404,311.28,1,-0.14536596929511422,1,RBF-SVM,-0.08244810303645467,-0.08244810303645467,0.8137333225617325,0.72,0.14742058345469977,1,1,1,1
123,241062,101.36,0,-0.4720825736435076,0,RBF-SVM,-0.9963734297555605,-0.9963734297555605,-1.8262863740211603,0.085,0.0904484930531305,0,0,0,1
123,214662,120.54,1,0.05436605539108663,1,RBF-SVM,0.9272194028949446,0.9272194028949446,2.2970457265516417,0.76,0.14353844793940745,1,1,1,1
123,250331,7.07,0,-0.4362849095736867,0,RBF-SVM,-1.0514118903347254,-1.0514118903347254,-1.3693072232574994,0.005,-0.4568214705962685,0,0,0,0
123,126800,1.0,0,-0.540640092796792,0,RBF-SVM,-1.2014808485750161,-1.2014808485750161,-1.8009423991458062,0.01,-0.19146365040661806,0,0,0,0
123,106679,227.3,1,0.31603957278645645,1,RBF-SVM,1.0552708733451999,1.0552708733451999,2.741817522115009,0.91,0.2947199767374773,1,1,1,1
123,107847,6.68,0,-0.5081898652258102,0,RBF-SVM,-1.0931104136906407,-1.0931104136906407,-2.1704990232278,0.005,-0.325969245675729,0,0,0,0
123,97270,4.49,0,-0.9186260636532037,0,RBF-SVM,-0.978379803141887,-0.978379803141887,-1.1688181310504628,0.005,-1.1398562374559058,0,0,0,0
123,256076,9.95,0,-0.9556633721898978,0,RBF-SVM,-1.1054245267953253,-1.1054245267953253,-1.6189909433093033,0.0,-0.5791119183124944,0,0,0,0
123,252581,2.36,0,-0.8661096833270368,0,RBF-SVM,-1.132574236152211,-1.132574236152211,-1.9816666537350682,0.0,-0.5873055471767232,0,0,0,0
123,235118,24.99,0,-1.0009563197470526,0,RBF-SVM,-1.1010003640780144,-1.1010003640780144,-1.7561361416424646,0.01,-0.6890711671762264,0,0,0,0
123,243848,1.0,1,0.3932654410672367,1,RBF-SVM,1.432133559859801,1.432133559859801,3.0168751454283704,0.845,0.09169116604279813,1,1,1,1
123,264841,29.99,0,-0.7743094450248509,0,RBF-SVM,-0.8976249702949269,-0.8976249702949269,-1.6490535122696033,0.015,-0.6415957869883849,0,0,0,0
123,18466,0.68,1,-0.15729696577272834,1,RBF-SVM,-0.566962114223604,-0.566962114223604,-0.1151762917907242,0.285,0.09531397166096527,0,1,0,1
123,178607,0.77,0,-0.8337185663589706,0,RBF-SVM,-1.3558338171477877,-1.3558338171477877,-2.033154148913657,0.0,-0.024997736424960407,0,0,0,0
123,259874,20.0,0,-0.5684411929363431,0,RBF-SVM,-1.042245862494839,-1.042245862494839,-1.6895220639647706,0.125,-0.4679118467219226,0,0,0,0
123,209334,0.9,0,-0.6687285160478313,0,RBF-SVM,-1.1441112676497442,-1.1441112676497442,-1.7547513088972677,0.005,-0.7420917875186889,0,0,0,0
123,90296,99.95,0,-0.8681298050059971,0,RBF-SVM,-0.9410561538074388,-0.9410561538074388,-1.0605576845092348,0.035,-0.7005536041128189,0,0,0,0
123,59808,9.51,0,-0.6872605961223803,0,RBF-SVM,-1.141873804593669,-1.141873804593669,-1.8127733489026059,0.05,-0.2982359324019459,0,0,0,0
123,247434,19.99,0,-0.8425913467788245,0,RBF-SVM,-1.1226425010512187,-1.1226425010512187,-1.650117733708776,0.0,-0.38626759636701646,0,0,0,0
123,100252,1.0,0,-0.8764954630771753,0,RBF-SVM,-1.16670233933143,-1.16670233933143,-2.0030154652758516,0.0,-0.46842159482045115,0,0,0,0
123,91671,290.18,1,-0.6496619407374973,0,RBF-SVM,-0.9738662241376618,-0.9738662241376618,-1.6232644535411016,0.02,-0.24084727046084348,0,0,0,0
123,122698,67.18,0,-0.7136691115505701,0,RBF-SVM,-0.8787260306669212,-0.8787260306669212,-1.4892912623817023,0.09,-0.8643949919006666,0,0,0,0
123,35931,23.97,0,-0.9479656811103786,0,RBF-SVM,-1.1740428952937445,-1.1740428952937445,-1.765015494509588,0.085,-0.4898676620384898,0,0,0,0
123,45391,1.99,0,-0.5968491197509168,0,RBF-SVM,-1.1811919672412947,-1.1811919672412947,-1.9714021059052689,0.0,-0.765642782140773,0,0,0,0
123,18773,0.68,1,0.0967302402913226,1,RBF-SVM,0.24005585081036895,0.24005585081036895,2.6333330325068545,0.905,0.10623566756084096,1,1,1,1
123,116559,41.61,0,-1.051371026994398,0,RBF-SVM,-1.1576951230557202,-1.1576951230557202,-1.9666335293949175,0.0,-0.9587929107945253,0,0,0,0
123,231906,21.45,0,-1.195991296950876,0,RBF-SVM,-1.1060235345501233,-1.1060235345501233,-1.5914040428096627,0.085,-1.0157652846933238,0,0,0,0
123,83448,40.0,0,-0.9333517074526811,0,RBF-SVM,-1.0286179972246,-1.0286179972246,-1.3833862954819367,0.0,-0.6966313692529175,0,0,0,0
123,131462,238.52,0,-0.29357251563418557,0,RBF-SVM,-1.205067736423295,-1.205067736423295,-2.3182830692223275,0.0,-0.4786501709244317,0,0,0,0
123,184379,25.0,1,-0.20291156436232,1,RBF-SVM,0.45102499429195453,0.45102499429195453,1.04592460769324,0.875,0.052371603434469005,1,1,1,0
123,79540,1.0,0,-0.48419462962501814,0,RBF-SVM,-1.1583488562671538,-1.1583488562671538,-1.734619336088457,0.0,-0.2653144868492588,0,0,0,0
123,77443,46.5,0,-0.8974339522594886,0,RBF-SVM,-1.0120143416311218,-1.0120143416311218,-1.2606767765170663,0.0,-0.31478167692698356,0,0,0,0
123,10977,44.99,0,-0.6185478028160084,0,RBF-SVM,-1.1028976352816282,-1.1028976352816282,-1.7008192891169402,0.0,-0.12997861986111775,0,0,0,0
123,276409,1.98,0,-1.1747940124367833,0,RBF-SVM,-1.1557902082687401,-1.1557902082687401,-1.7108076394612608,0.0,-0.7074639108068682,0,0,0,0
123,52892,296.99,0,-0.6451944759200106,0,RBF-SVM,-0.8421206962562534,-0.8421206962562534,-1.374728734442336,0.065,-0.12237468934613947,0,0,0,0
123,253232,10.0,0,-0.49513250483989585,0,RBF-SVM,-1.0267903750673475,-1.0267903750673475,-2.3913458259749296,0.0,0.025553980223205833,0,0,0,0
123,36255,168.41,0,-0.9404186872759583,0,RBF-SVM,-0.8967896966088714,-0.8967896966088714,-1.2947495929689747,0.04,-0.6644480876414196,0,0,0,0
123,251143,0.76,0,-1.0047715717896475,0,RBF-SVM,-1.1564913457838704,-1.1564913457838704,-1.5102483507971118,0.0,-0.7950298764761657,0,0,0,0
123,52521,105.99,1,-1.1956463702050215,0,RBF-SVM,-1.080526718547977,-1.080526718547977,-1.6253103568989624,0.0,-0.7694890603837037,0,0,0,0
123,264162,19.99,0,-0.8012906576995419,0,RBF-SVM,-1.1793081565858752,-1.1793081565858752,-1.997175012842228,0.06,-0.995770516757089,0,0,0,0
123,27362,1.52,1,-0.9082857641685569,0,RBF-SVM,-1.1324313431303206,-1.1324313431303206,-1.7723362162458611,0.0,-0.8841259722858764,0,0,0,0
123,146790,829.41,1,-0.12042440719465819,1,RBF-SVM,-0.8930854336100248,-0.8930854336100248,-2.3427615237556325,0.105,0.08734995612595152,0,0,0,1
123,25210,14.95,0,-1.0760892226676155,0,RBF-SVM,-1.0085137172436052,-1.0085137172436052,-1.6165721866859286,0.0,-1.032392104691901,0,0,0,0
123,101746,30.14,0,-0.9655977448882481,0,RBF-SVM,-1.0389107113939153,-1.0389107113939153,-1.5693058372325703,0.005,-0.9023682072415414,0,0,0,0
123,74561,66.8,0,-0.3150966202907402,0,RBF-SVM,-1.0167412098796444,-1.0167412098796444,-0.8456430127656942,0.075,-0.4579954239829495,0,0,0,0
123,8069,39.0,0,-0.9240205157402626,0,RBF-SVM,-0.9958772367316774,-0.9958772367316774,-1.2544993934898951,0.0,-0.34516309901926623,0,0,0,0
123,59702,6.15,0,-0.9224156122398499,0,RBF-SVM,-1.0647047424297011,-1.0647047424297011,-1.8152701898659491,0.0,-0.34002482033200243,0,0,0,0
123,39023,3.79,0,-0.9064218560873556,0,RBF-SVM,-0.789313518558337,-0.789313518558337,-1.07506710448291,0.02,-0.2919154305133499,0,0,0,0
123,9035,1.0,1,0.20704023223444104,1,RBF-SVM,0.7507134099602483,0.7507134099602483,9.92072160736764,0.92,0.13767908080791819,1,1,1,1
123,53127,0.0,0,-0.049778213983769984,1,RBF-SVM,-0.3194964210615278,-0.3194964210615278,-1.62591309425029,0.335,0.09051859143129211,1,0,0,1
123,241254,9.29,1,-0.18409868060753265,1,RBF-SVM,0.09194541160871383,0.09194541160871383,0.331413445269372,0.405,0.026281047274627545,1,1,0,0
123,118308,30.14,1,-1.1822022042507887,0,RBF-SVM,-1.1413327211491526,-1.1413327211491526,-1.5829364257594805,0.01,-0.9603379250589238,0,0,0,0
123,255974,0.77,0,-0.2901260491297039,0,RBF-SVM,-1.1088762696383472,-1.1088762696383472,-2.0073473661450234,0.0,-0.7118125416521194,0,0,0,0
123,153817,8.98,0,-0.7547673189957675,0,RBF-SVM,-1.1200986131312969,-1.1200986131312969,-1.454375567025618,0.015,-0.6179462496787557,0,0,0,0
123,204809,190.0,0,-0.5089123270684078,0,RBF-SVM,-1.1440756349585537,-1.1440756349585537,-2.237380443933717,0.005,-0.6856901291550902,0,0,0,0
123,178036,40.85,0,-0.5021813325900356,0,RBF-SVM,-1.1995495068454995,-1.1995495068454995,-1.9603379232604512,0.005,-0.6675137851936562,0,0,0,0
123,196835,16.55,0,-0.5597033630631993,0,RBF-SVM,-0.9871142148060249,-0.9871142148060249,-1.6778034453204915,0.11,-0.6966274376100228,0,0,0,0
123,92777,294.9,1,0.20462276288193137,1,RBF-SVM,0.9606639815469352,0.9606639815469352,3.387983876085623,0.915,0.09553359717222042,1,1,1,1
123,157871,80.22,1,0.050649202688830455,1,RBF-SVM,0.9105373825025557,0.9105373825025557,1.6772731363786706,0.62,0.18163992673041596,1,1,1,1
123,30731,34.99,0,-0.9191169124904537,0,RBF-SVM,-1.0070141368632464,-1.0070141368632464,-1.605650341930959,0.005,-0.44852791639195694,0,0,0,0
123,141259,512.25,1,0.0845391841510924,1,RBF-SVM,0.24009778675112325,0.24009778675112325,6.8230113004351365,0.895,0.09086856783586218,1,1,1,1
123,35500,47.0,0,-0.888060944949064,0,RBF-SVM,-1.0392351413679655,-1.0392351413679655,-1.873544149662684,0.005,-0.7761822783427398,0,0,0,0
123,136528,62.0,0,-0.591881746585845,0,RBF-SVM,-0.9113036567878149,-0.9113036567878149,-1.1828766065333407,0.085,-0.8925172193033151,0,0,0,0
123,9789,15.95,0,-0.7790508026212776,0,RBF-SVM,-1.0449149303697012,-1.0449149303697012,-1.1889417320614293,0.0,-0.5091337438680233,0,0,0,0
123,60651,58.33,0,-0.46458091149016745,0,RBF-SVM,-1.0570801375455239,-1.0570801375455239,-1.5845155654805574,0.025,-0.8053971112617667,0,0,0,0
123,213892,87.92,0,-0.6399635184936662,0,RBF-SVM,-0.9346140999791336,-0.9346140999791336,-1.2287091472080143,0.025,-0.1554285853178049,0,0,0,0
123,83552,108.84,0,-0.7895457358346433,0,RBF-SVM,-1.0975979860795735,-1.0975979860795735,-1.8396977888440331,0.09,-0.6054453498239459,0,0,0,0
123,192749,9.99,0,-0.6943751284310065,0,RBF-SVM,-1.0421961420655577,-1.0421961420655577,-1.372012681448339,0.03,-0.8586959003273645,0,0,0,0
123,133324,87.29,0,-0.3339533396107981,0,RBF-SVM,-0.8886684555642071,-0.8886684555642071,-1.4667564230965473,0.125,-0.36066266455399226,0,0,0,0
123,30282,318.0,0,-0.4231900118233053,0,RBF-SVM,-1.0578967466038658,-1.0578967466038658,-1.8471710478278185,0.165,-0.509486668460408,0,0,0,0
123,78140,20.0,0,-0.12304413963897029,1,RBF-SVM,-0.8620957682120326,-0.8620957682120326,-2.314271880587929,0.01,0.08040845234471432,0,0,0,1
123,22916,87.0,0,-0.6856724165894195,0,RBF-SVM,-0.9956512805805028,-0.9956512805805028,-1.7258622346960633,0.02,-0.13872348109926314,0,0,0,0
123,120854,3.99,0,-1.0467870555010148,0,RBF-SVM,-1.1087173043027998,-1.1087173043027998,-1.6461856041470793,0.005,-1.0749430402432887,0,0,0,0
123,156943,79.49,0,-0.9776693246020597,0,RBF-SVM,-1.121711668411287,-1.121711668411287,-1.8546758928506561,0.0,-0.17450360934393688,0,0,0,0
123,74515,146.79,0,-0.6908842561586896,0,RBF-SVM,-1.2166428936059384,-1.2166428936059384,-2.2729160908539185,0.0,-0.2555499941278596,0,0,0,0
123,151256,7.42,0,-0.6346551105282505,0,RBF-SVM,-1.1434397544784267,-1.1434397544784267,-1.9057420168490198,0.015,-0.16462732405140973,0,0,0,0
123,154587,0.0,1,-0.03298129226273255,1,RBF-SVM,-0.31850743812922905,-0.31850743812922905,8.81211767437437,0.9,0.09051859143129211,1,1,1,1
123,92412,0.01,0,-0.24576203580924016,0,RBF-SVM,-1.284798436001077,-1.284798436001077,-1.4641471110193904,0.0,0.07560100937497126,0,0,0,1
123,227260,568.47,0,-0.16141555912086397,1,RBF-SVM,-1.0546721298320487,-1.0546721298320487,-1.4464753202468108,0.04,-0.10694275449009878,0,0,0,0
123,127842,11.86,0,-0.9487061937837604,0,RBF-SVM,-1.1278673925486733,-1.1278673925486733,-1.929396594301061,0.0,-0.8741142319972678,0,0,0,0
123,58905,7.59,0,-0.7706995461882737,0,RBF-SVM,-0.8819917944288717,-0.8819917944288717,-1.1157725106630854,0.03,-0.47071070068376325,0,0,0,0
123,190055,18.4,0,-0.8912849810772007,0,RBF-SVM,-1.0569730227465821,-1.0569730227465821,-1.9835536056511447,0.01,-0.752490235742067,0,0,0,0
123,132786,209.0,0,-0.4877566807811774,0,RBF-SVM,-0.8532550276708027,-0.8532550276708027,-1.357114683435121,0.18,-0.7548833952361661,0,0,0,0
123,103628,1.46,0,-0.9304543075079408,0,RBF-SVM,-1.1025024230220128,-1.1025024230220128,-1.4236442377706733,0.0,-1.021810161043894,0,0,0,0
123,79282,28.33,0,-0.6359240892361506,0,RBF-SVM,-1.0124604212792954,-1.0124604212792954,-2.051466197219436,0.005,-0.8134716065499568,0,0,0,0
123,198187,44.0,0,-0.9103932122188809,0,RBF-SVM,-1.09848699997023,-1.09848699997023,-1.9857016710908433,0.01,-0.4927268240253792,0,0,0,0
123,65425,10.17,0,-0.8541045639583577,0,RBF-SVM,-1.2018990354574375,-1.2018990354574375,-1.7616070225042062,0.0,-0.12964103868111676,0,0,0,0
123,244198,27.59,0,-0.549536552726577,0,RBF-SVM,-1.1963107463487286,-1.1963107463487286,-2.232449545222139,0.0,-0.814588089239182,0,0,0,0
123,154693,1.0,1,0.24775255410930608,1,RBF-SVM,1.2961038275841306,1.2961038275841306,4.551084208956455,0.84,0.09393701174042776,1,1,1,1
123,212678,28.73,0,-0.8333609579676828,0,RBF-SVM,-1.1208414386527203,-1.1208414386527203,-1.8478384469651676,0.0,-0.743398275749674,0,0,0,0
123,266745,70.49,0,-0.8646253117917162,0,RBF-SVM,-1.1531844490761354,-1.1531844490761354,-1.7907875350863873,0.005,-0.36975538248928635,0,0,0,0
123,185558,4.49,0,-0.8547608877189276,0,RBF-SVM,-1.1819289291430386,-1.1819289291430386,-1.8071138367444275,0.05,-0.29478141356437676,0,0,0,0
123,132079,1009.75,0,-0.0005358682452205436,1,RBF-SVM,-0.5960576480175038,-0.5960576480175038,-1.3635220350631727,0.045,0.08729106486545407,0,0,0,1
123,106645,4.99,0,-1.140534053932356,0,RBF-SVM,-1.0941295795161863,-1.0941295795161863,-1.5785450025503651,0.0,-0.9196855095003392,0,0,0,0
123,187626,2.0,0,-0.37548531782978845,0,RBF-SVM,-0.7813237974388642,-0.7813237974388642,-1.3080554482575142,0.095,0.08908569058566312,0,0,0,1
123,45806,1.98,0,-0.8561106308559713,0,RBF-SVM,-1.0616776258895402,-1.0616776258895402,-1.1560496360360473,0.0,-1.067632364401203,0,0,0,0
123,244220,7.86,0,-0.5292498412511661,0,RBF-SVM,-1.1635637557092058,-1.1635637557092058,-1.8682927113323191,0.0,-0.1598049906959942,0,0,0,0
123,105477,2.28,0,-0.47912458229136246,0,RBF-SVM,-0.9756633940972316,-0.9756633940972316,-1.4227316469758966,0.0,-0.27070403949382227,0,0,0,0
123,124087,1.0,1,-0.6083682507260362,0,RBF-SVM,-0.9385470534332535,-0.9385470534332535,-0.961757035985525,0.0,-0.1947712989855916,0,0,0,0
123,104068,198.0,0,-0.8848078700845312,0,RBF-SVM,-1.0699705305260205,-1.0699705305260205,-1.4776888014368148,0.015,-0.4082282938621415,0,0,0,0
123,42549,88.23,1,0.07527927742882533,1,RBF-SVM,0.6396957451173437,0.6396957451173437,9.760127356606716,0.92,0.13488895026978942,1,1,1,1
123,65381,11.5,0,-1.0455789305935508,0,RBF-SVM,-1.1624605440274567,-1.1624605440274567,-1.8750047064279813,0.0,-1.206915646371944,0,0,0,0
123,6336,1.0,1,0.13803098871263136,1,RBF-SVM,0.3488745122437422,0.3488745122437422,2.4985323846120147,0.905,0.09882070729609306,1,1,1,1
123,7790,21.0,0,-0.9149998751685446,0,RBF-SVM,-1.0894487627809855,-1.0894487627809855,-1.487775549411739,0.01,-0.2450729945361409,0,0,0,0
123,281273,119.7,0,-0.9355741977260724,0,RBF-SVM,-1.1179364964369163,-1.1179364964369163,-1.881675256521741,0.015,-0.9416832515033283,0,0,0,0
123,185765,3.78,0,-0.2013721439079864,1,RBF-SVM,-1.005593642292348,-1.005593642292348,-1.1312367419416498,0.01,0.04227792075666431,0,0,0,0
123,196825,79.95,0,-1.0036415505932454,0,RBF-SVM,-1.1681419634407901,-1.1681419634407901,-1.7057998588949532,0.0,-0.6566198348578398,0,0,0,0
123,150692,37.93,1,0.07088354462633319,1,RBF-SVM,0.35435589761568487,0.35435589761568487,7.823274189919458,0.68,0.12796859715565542,1,1,1,1
123,268906,500.0,0,-0.2561343551250753,0,RBF-SVM,-1.0986439775859842,-1.0986439775859842,-1.4042386984275674,0.045,-0.15214491599635493,0,0,0,0
123,93507,1.98,0,-0.8120814467735608,0,RBF-SVM,-0.9761711883878851,-0.9761711883878851,-1.323397926189074,0.0,-1.0380473905687964,0,0,0,0
123,147967,124.99,0,-0.9566489246667464,0,RBF-SVM,-1.0554550556963593,-1.0554550556963593,-1.2795498529864568,0.015,-0.43478991300488196,0,0,0,0
123,23557,110.0,0,-0.6742198464969378,0,RBF-SVM,-1.0760968222600655,-1.0760968222600655,-2.130005452441277,0.02,-0.11787288303687381,0,0,0,0
123,260989,1.0,0,-0.8510003677928146,0,RBF-SVM,-1.2957271603289962,-1.2957271603289962,-1.9876037472180932,0.0,-0.6439417555289897,0,0,0,0
123,273238,115.95,0,-0.7535979639560364,0,RBF-SVM,-1.0156516445903168,-1.0156516445903168,-1.8137618891862244,0.195,-0.8553676565631939,0,0,0,0
123,156842,925.66,0,0.0046393514069175724,1,RBF-SVM,-0.7285445661064565,-0.7285445661064565,-1.239518310734589,0.045,0.088007101134402,0,0,0,1
123,151196,571.48,1,-0.11455394291467827,1,RBF-SVM,-0.9371004296492845,-0.9371004296492845,-1.029627867676774,0.085,0.0689438878267879,0,0,0,1
123,249963,0.77,1,0.14401625391217857,1,RBF-SVM,1.6371885384720182,1.6371885384720182,3.6149690014127325,0.96,0.10088497602173656,1,1,1,1
123,268252,0.95,0,-0.9319452322301528,0,RBF-SVM,-1.0352257300127419,-1.0352257300127419,-1.5576068032635948,0.0,-0.7306852438156092,0,0,0,0
123,23308,0.0,1,-0.11439016616763723,1,RBF-SVM,0.5915159765516128,0.5915159765516128,1.531011097857876,0.875,0.20016864739666507,1,1,1,1
123,145800,451.27,1,-0.14315197662608023,1,RBF-SVM,-0.7721965230841817,-0.7721965230841817,-0.9492912411759652,0.065,0.06016336922272748,0,0,0,0
123,80062,899.0,0,-0.19396091267768154,1,RBF-SVM,-0.9293853695681576,-0.9293853695681576,-0.6727216080598399,0.06,0.07834342825777312,0,0,0,1
123,214871,25.27,0,-0.8157938708780622,0,RBF-SVM,-1.1727695161461535,-1.1727695161461535,-1.8777156239324084,0.14,-0.7346655058895277,0,0,0,0
123,200209,35.95,0,-0.3540003719517645,0,RBF-SVM,-1.2351461887544857,-1.2351461887544857,-2.1818112956015,0.0,-0.9948007084440799,0,0,0,0
123,68633,1.18,1,-1.1774316681493413,0,RBF-SVM,-1.1533878831102036,-1.1533878831102036,-1.9144362801378834,0.015,-0.7384966880716207,0,0,0,0
123,215197,33.36,0,-1.0895266139241628,0,RBF-SVM,-1.1380975868705518,-1.1380975868705518,-1.7554445855595535,0.0,-0.34516311770001834,0,0,0,0
123,57128,16.71,0,-0.570293876449602,0,RBF-SVM,-1.219485260423618,-1.219485260423618,-2.1110018481335158,0.0,-0.9721105139797933,0,0,0,0
123,23760,3.76,0,-0.9153063184978348,0,RBF-SVM,-1.1179306114088212,-1.1179306114088212,-1.479994929100749,0.0,-0.7575204521157917,0,0,0,0
123,222321,173.6,0,-0.32700592922406885,0,RBF-SVM,-1.0740402787821561,-1.0740402787821561,-1.6075348192168613,0.0,-0.4665159719148691,0,0,0,0
123,150679,104.03,1,0.030319400738026265,1,RBF-SVM,0.47731432813793806,0.47731432813793806,7.854115551636466,0.855,0.09213850368510507,1,1,1,1
123,131115,1.0,0,-1.1505597303451451,0,RBF-SVM,-1.1707048930388004,-1.1707048930388004,-1.8275009546936147,0.015,-0.5211906112439646,0,0,0,0
123,62327,369.2,0,-0.39975240603482853,0,RBF-SVM,-0.8500421535470041,-0.8500421535470041,-0.9263079918866433,0.06,-0.39148543403829217,0,0,0,0
123,50442,5.0,0,-0.7758294082551247,0,RBF-SVM,-1.0084604601992342,-1.0084604601992342,-1.395773462491928,0.01,-0.8116966114395944,0,0,0,0
123,196525,0.89,0,-0.941641306571915,0,RBF-SVM,-1.12385652819497,-1.12385652819497,-1.5733383201709807,0.045,-1.0831626192804122,0,0,0,0
123,76712,63.0,0,-0.6883797949332446,0,RBF-SVM,-1.1544636397924548,-1.1544636397924548,-2.1202404356182853,0.0,-0.8689090243720234,0,0,0,0
123,226877,0.0,1,0.04285961868336803,1,RBF-SVM,-0.010811728930226971,-0.010811728930226971,2.3693290737803623,0.785,0.09071059665401722,1,1,1,1
123,44556,1.0,1,0.3709362863252197,1,RBF-SVM,1.4804639612389336,1.4804639612389336,3.348197498396951,0.9,0.1339630378447463,1,1,1,1
123,271658,150.0,0,-0.6580607591755564,0,RBF-SVM,-0.9260570712058195,-0.9260570712058195,-1.8672018947238158,0.03,-0.5679928005339018,0,0,0,0
123,151773,4.9,0,-0.4977859912565407,0,RBF-SVM,-1.2056401254040625,-1.2056401254040625,-2.14753550643281,0.0,-0.25749646920991914,0,0,0,0
123,87904,55.5,0,-1.0273375807515315,0,RBF-SVM,-1.0384676505817194,-1.0384676505817194,-1.664957704238276,0.0,-0.889663854519633,0,0,0,0
123,114037,3.03,0,-0.891965545269333,0,RBF-SVM,-0.9446147545026852,-0.9446147545026852,-1.6413620095779664,0.0,-0.862269856796537,0,0,0,0
123,261473,4.9,1,-0.14426608892033457,1,RBF-SVM,0.23880666869364264,0.23880666869364264,0.29975842644486583,0.775,0.09566648273846502,1,1,1,1
123,271193,5.25,0,-0.9215723285166848,0,RBF-SVM,-1.1112619175970972,-1.1112619175970972,-1.511779863886966,0.04,-1.1657581745703562,0,0,0,0
123,175626,215.0,0,-0.688374155799923,0,RBF-SVM,-0.9792889166996351,-0.9792889166996351,-1.1868879470433837,0.01,-0.6936717311479674,0,0,0,0
123,19313,3.0,0,-0.9508083219423797,0,RBF-SVM,-1.060013068790496,-1.060013068790496,-1.7935625693097297,0.01,-0.6734307480840439,0,0,0,0
123,218515,26.0,0,-0.6433444911661699,0,RBF-SVM,-1.134157791930082,-1.134157791930082,-2.026958427137218,0.03,-0.13293280254544781,0,0,0,0
123,148030,25.0,0,-1.0939716845748002,0,RBF-SVM,-1.1262565568050742,-1.1262565568050742,-1.8357905528288425,0.0,-0.1462872486808161,0,0,0,0
123,150688,1.0,0,-0.26286190575853596,0,RBF-SVM,-1.058520388774114,-1.058520388774114,-2.718221387705721,0.0,-0.13426221486199985,0,0,0,0
123,100623,549.06,1,-0.4394476820507341,0,RBF-SVM,-1.036722031988225,-1.036722031988225,-1.8462998620035735,0.0,-0.1343421308225191,0,0,0,0
123,165551,15.0,0,-0.5059629144427528,0,RBF-SVM,-1.0338159406645242,-1.0338159406645242,-1.7699733154591504,0.135,-0.37061718238354896,0,0,0,0
123,60536,59.9,0,-0.8417010290923175,0,RBF-SVM,-1.0363701758879595,-1.0363701758879595,-1.6462420394235826,0.04,-0.4984246405711367,0,0,0,0
123,176120,85.55,0,-0.9897062288466123,0,RBF-SVM,-1.244411716082101,-1.244411716082101,-2.2773696559533514,0.055,-0.6649804710314169,0,0,0,0
456,76555,153.46,1,-0.23107799306256738,1,RBF-SVM,0.5657378721060621,0.5657378721060621,10.641686516118366,0.975,0.03911458270113445,1,1,1,1
456,3250,1.0,0,-1.0640524192952663,0,RBF-SVM,-1.1996956706051312,-1.1996956706051312,-2.7509457229305276,0.0,-0.5582101621732984,0,0,0,0
456,173985,137.0,0,-1.2421366596891619,0,RBF-SVM,-1.3159248736289295,-1.3159248736289295,-3.184196371712618,0.0,-0.47536717789128896,0,0,0,0
456,102442,1.0,1,0.9999473650518399,1,RBF-SVM,0.9999006080253393,0.9999006080253393,3.755261094468262,1.0,1.0000419453845444,1,1,1,1
456,93788,0.0,1,-0.9067151964838969,0,RBF-SVM,-0.7926203794145797,-0.7926203794145797,-2.968772490774855,0.0,-0.30335156902177834,0,0,0,0
456,252124,0.77,1,-0.4912198446732254,1,RBF-SVM,0.48458754146897043,0.48458754146897043,5.700871658417839,0.87,0.1443865309207494,1,1,1,1
456,276241,39.95,0,-0.9852984366616725,0,RBF-SVM,-1.1581745145997804,-1.1581745145997804,-2.8123836630830814,0.0,-0.5054556811390004,0,0,0,0
456,72672,4.56,0,-1.0919980269902063,0,RBF-SVM,-1.0958056135638636,-1.0958056135638636,-2.9521914588977536,0.0,-1.2403918208991531,0,0,0,0
456,152295,9.82,1,-0.7141878994379387,0,RBF-SVM,0.2659640412012202,0.2659640412012202,19.482101665532685,0.905,0.03881503386503345,0,1,1,1
456,163586,65.0,1,-0.18433799429775,1,RBF-SVM,1.0950646493918446,1.0950646493918446,3.7341708230720765,0.995,0.3243693304991635,1,1,1,1
456,66006,89.99,0,-1.1253830991271383,0,RBF-SVM,-1.165403909940149,-1.165403909940149,-2.9829387464655586,0.0,-0.911731042928792,0,0,0,0
456,77316,1.0,0,-1.158635671534409,0,RBF-SVM,-1.282728107488619,-1.282728107488619,-2.9343173914195075,0.0,-0.8904026188828958,0,0,0,0
456,110235,7.49,0,-1.0440363282033436,0,RBF-SVM,-1.2180814132983198,-1.2180814132983198,-3.1289343581056683,0.0,-0.9975102815584482,0,0,0,0
456,245215,17.99,0,-0.8572721637512557,0,RBF-SVM,-0.4806917270176292,-0.4806917270176292,-2.8316029014638744,0.015,-0.005259135453055459,0,0,0,1
456,48138,99.99,0,-1.047101105745679,0,RBF-SVM,-1.1280654548637568,-1.1280654548637568,-3.071884823386861,0.0,-0.9779359574888604,0,0,0,0
456,201601,130.21,1,0.318909147865409,1,RBF-SVM,0.8794020860694635,0.8794020860694635,1.9464416767944672,0.93,0.14742098007910318,1,1,1,1
456,120837,99.9,1,-0.38461500522262426,1,RBF-SVM,0.45103065694363437,0.45103065694363437,8.953743325093313,0.985,0.05848256217323956,1,1,1,1
456,232759,11.99,0,-1.0353509088302557,0,RBF-SVM,-1.0476683403828417,-1.0476683403828417,-2.581943842716953,0.0,-0.2928990522839582,0,0,0,0
456,277639,0.99,0,-1.137374200512358,0,RBF-SVM,-0.9112048599465429,-0.9112048599465429,-2.806866369200986,0.005,-0.9432044982946556,0,0,0,0
456,182190,200.0,0,-1.0966489402821682,0,RBF-SVM,-1.0522314773580796,-1.0522314773580796,-3.5574805054234986,0.0,-0.24599688189463456,0,0,0,0
456,175559,1.98,0,-0.9637491453461076,0,RBF-SVM,-0.45387969674966033,-0.45387969674966033,-3.2280744633464327,0.0,-0.3068111613671352,0,0,0,0
456,115190,74.99,0,-0.8779388488872355,0,RBF-SVM,-0.00797718491077315,-0.00797718491077315,-4.055208526873605,0.015,-0.017026967886248738,0,0,0,1
456,133812,58.95,0,-1.092544475922432,0,RBF-SVM,-1.2290837294694663,-1.2290837294694663,-2.7092116014566034,0.0,-0.8762306321203392,0,0,0,0
456,52556,81.91,0,-1.0527738172070733,0,RBF-SVM,-1.3227630867568023,-1.3227630867568023,-2.975448374312799,0.0,-0.7881800790533299,0,0,0,0
456,138101,24.0,0,-0.9294026813156546,0,RBF-SVM,-0.9427591320813077,-0.9427591320813077,-2.772919166577629,0.01,-0.15415085693534689,0,0,0,0
456,74794,311.91,1,-0.820500248095636,0,RBF-SVM,-0.19398429882527246,-0.19398429882527246,-4.319347796423098,0.0,0.038811667412306905,0,0,0,1
456,10801,1.0,1,-0.7643300177362541,0,RBF-SVM,0.26596600341090837,0.26596600341090837,18.45347222764979,0.83,0.03881503386503345,0,1,1,1
456,22423,3.9,0,-0.9608389462918903,0,RBF-SVM,-0.9690293472514367,-0.9690293472514367,-2.983534699960442,0.01,-0.9185397465740961,0,0,0,0
456,278803,173.28,0,-1.1502693856034911,0,RBF-SVM,-1.1705917863977882,-1.1705917863977882,-2.792580777950643,0.0,-0.209205397897918,0,0,0,0
456,43540,150.0,0,-1.047456169779867,0,RBF-SVM,-1.2188044281883252,-1.2188044281883252,-3.093282733950924,0.0,-0.8903938819525851,0,0,0,0
456,274475,39.9,1,-0.32075389943156385,1,RBF-SVM,0.5813910320114035,0.5813910320114035,1.0294649761237342,0.99,0.14641057219680984,1,1,1,1
456,76897,1000.59,0,-0.7567678944302488,0,RBF-SVM,0.23361369905107798,0.23361369905107798,-2.741816449025132,0.255,0.0378900322661759,0,0,0,1
456,237121,6.45,0,-1.0084142092730632,0,RBF-SVM,-0.9667438418616591,-0.9667438418616591,-2.4148872219720356,0.0,-0.6977191228155392,0,0,0,0
456,35316,58.31,0,-1.1502816863096277,0,RBF-SVM,-0.9806974648356613,-0.9806974648356613,-2.7958162400304984,0.0,-0.2215056456928228,0,0,0,0
456,125123,1.79,0,-1.0632231544366908,0,RBF-SVM,-1.2394684643754177,-1.2394684643754177,-3.1637954873420733,0.0,-1.2024548139240019,0,0,0,0
456,281105,9.99,0,-1.1307807733538984,0,RBF-SVM,-1.210844326317892,-1.210844326317892,-3.0355660586693425,0.005,-0.9921868974639605,0,0,0,0
456,81177,400.0,0,-1.0424348903663785,0,RBF-SVM,-0.3961127061982961,-0.3961127061982961,-2.5655998953677837,0.005,-0.13733993008955905,0,0,0,0
456,79507,121.66,0,-1.0505430428388736,0,RBF-SVM,-1.190037389788222,-1.190037389788222,-2.4522735464325556,0.0,-0.445758413848814,0,0,0,0
456,50588,104.73,0,-1.1036325785415801,0,RBF-SVM,-0.8609145791888778,-0.8609145791888778,-2.880050638153601,0.0,-0.751041812257778,0,0,0,0
456,260257,4.5,0,-0.842740019245329,0,RBF-SVM,-1.0123605235614583,-1.0123605235614583,-3.4661985162862337,0.0,-0.43183379912611014,0,0,0,0
456,152810,23.52,0,-1.0285014745191532,0,RBF-SVM,-0.5300197665405979,-0.5300197665405979,-2.476152707477614,0.015,-0.29837931023372666,0,0,0,0
456,145800,451.27,1,-0.8827751377375884,0,RBF-SVM,-0.32304195656864887,-0.32304195656864887,-2.1893131296223727,0.005,0.023929919842155464,0,0,0,1
456,274337,37.22,0,-1.0336098734122867,0,RBF-SVM,-1.2191527983456805,-1.2191527983456805,-3.4956905883038236,0.0,-0.6672824950224302,0,0,0,0
456,10497,3.79,1,-1.024468145115017,0,RBF-SVM,-1.298091676317234,-1.298091676317234,-2.7073152596526358,0.0,-0.264852118163141,0,0,0,0
456,211501,1.0,0,-1.0058037205284194,0,RBF-SVM,-1.0535408039661607,-1.0535408039661607,-3.102199149327791,0.0,-0.39067683472268055,0,0,0,0
456,187507,143.25,0,-1.1206703914992968,0,RBF-SVM,-1.0011822633113567,-1.0011822633113567,-2.84801294893024,0.0,-0.8807931244538915,0,0,0,0
456,99820,1.98,0,-1.1449892537234534,0,RBF-SVM,-1.1100820664149094,-1.1100820664149094,-3.422787428601576,0.0,-0.8829130930760261,0,0,0,0
456,270298,9.99,0,-0.9686953424601239,0,RBF-SVM,-0.9170466920702632,-0.9170466920702632,-2.8468736540368105,0.0,-0.6665463414472306,0,0,0,0
456,76609,7.52,1,-0.4256936688212455,1,RBF-SVM,0.5838672344198226,0.5838672344198226,10.910087913544055,0.905,0.03933538732348659,1,1,1,1
456,181156,9.72,0,-1.068517538941098,0,RBF-SVM,-1.1542709777604743,-1.1542709777604743,-3.0431446602203365,0.0,-0.7904477773054251,0,0,0,0
456,208868,95.0,0,-0.9943582570990912,0,RBF-SVM,-0.747326259343812,-0.747326259343812,-3.289132867386292,0.0,-0.32629190769777916,0,0,0,0
456,211801,1.55,0,-1.0564454756565764,0,RBF-SVM,-1.1303549918029314,-1.1303549918029314,-3.330926128208719,0.0,-0.3261906855646584,0,0,0,0
456,223618,1.0,1,-0.3995903045856684,1,RBF-SVM,0.5636360752963715,0.5636360752963715,5.4501827147045,0.99,0.1162488311965264,1,1,1,1
456,274594,1000.0,0,-0.6879236301376388,0,RBF-SVM,0.23404142957911783,0.23404142957911783,-1.9999311964326423,0.33,0.03720070961214836,0,0,0,1
456,251904,94.82,1,-0.4790640537390451,1,RBF-SVM,0.5254903497760113,0.5254903497760113,5.779664163844654,0.985,0.06092338448839546,1,1,1,1
456,133965,25.48,0,-1.1212166046626095,0,RBF-SVM,-1.2029235765258615,-1.2029235765258615,-3.047026477838992,0.0,-0.34862997252658673,0,0,0,0
456,157868,0.76,1,-0.2597212280614624,1,RBF-SVM,0.5268250126936955,0.5268250126936955,5.520010402395707,0.985,0.07560352718260026,1,1,1,1
456,141,30.9,0,-0.864873496153109,0,RBF-SVM,-0.9847733694169533,-0.9847733694169533,-4.06513124598703,0.0,-0.30932816525089674,0,0,0,0
456,269535,286.0,0,-1.0746249172999671,0,RBF-SVM,-0.8686907320088667,-0.8686907320088667,-2.920899194396678,0.0,-0.5014513200612987,0,0,0,0
456,100392,167.88,0,-0.8788916113512628,0,RBF-SVM,-0.6616714716144693,-0.6616714716144693,-2.873906513399051,0.0,-0.015440242607913213,0,0,0,1
456,265755,22.23,0,-1.1111361415157572,0,RBF-SVM,-1.3168919429232906,-1.3168919429232906,-3.078807938676686,0.0,-1.1009596151264676,0,0,0,0
456,154694,346.94,1,-0.15473015212734031,1,RBF-SVM,0.30736935626883094,0.30736935626883094,10.56482874968154,0.965,0.03892532748751047,1,1,1,1
456,251213,8.65,0,-0.9962325355456407,0,RBF-SVM,-0.9016720607079761,-0.9016720607079761,-2.7278468266099254,0.02,-0.6316654344861771,0,0,0,0
456,239499,50.0,1,-0.27837211620054514,1,RBF-SVM,0.8067344895633078,0.8067344895633078,1.9468128165928804,0.92,0.3770010268810906,1,1,1,1
456,74753,24.3,0,-0.9619708426500004,0,RBF-SVM,-0.7784110910070322,-0.7784110910070322,-3.881161955363879,0.0,-0.32666921576919056,0,0,0,0
456,178951,2.99,0,-0.6265870495685814,1,RBF-SVM,0.17246990296438114,0.17246990296438114,-4.4592666508700525,0.42,0.01918603819923336,0,0,0,1
456,189000,40.53,0,-1.0506642924759366,0,RBF-SVM,-0.9373226539331087,-0.9373226539331087,-2.6687393997224804,0.0,-0.2423016097835838,0,0,0,0
456,123393,21.0,0,-0.8915919434626652,0,RBF-SVM,-0.6313184312652457,-0.6313184312652457,-2.835064594813911,0.005,-0.07248310067706873,0,0,0,0
456,231512,17.47,0,-1.0989458654078523,0,RBF-SVM,-1.1345551217485248,-1.1345551217485248,-3.2883583860223733,0.0,-0.8425597076088512,0,0,0,0
456,276977,4.99,0,-1.1479862792912168,0,RBF-SVM,-1.069285987126805,-1.069285987126805,-2.9148223718629764,0.0,-1.067454673817978,0,0,0,0
456,130609,1.0,0,-1.0129347431608324,0,RBF-SVM,-0.7976970130672684,-0.7976970130672684,-3.4112730178764767,0.0,-0.42900287629277767,0,0,0,0
456,56410,154.83,0,-0.9860644408037771,0,RBF-SVM,-0.2835046405302192,-0.2835046405302192,-2.8688185866535596,0.0,-0.15312783800102578,0,0,0,0
456,252192,1.98,0,-1.081635354850775,0,RBF-SVM,-0.8401432059771045,-0.8401432059771045,-2.8224149371340714,0.005,-0.5873984737513611,0,0,0,0
456,279444,377.4,0,-1.02699850304334,0,RBF-SVM,-0.2645461296561711,-0.2645461296561711,-3.154924815007345,0.005,-0.11325147638416116,0,0,0,0
456,6329,1.0,1,-0.776625398363516,0,RBF-SVM,0.1423281114602605,0.1423281114602605,-1.9788709415390109,0.0,0.03865499956102785,0,0,0,1
456,119714,29.95,1,-0.9864088028058956,0,RBF-SVM,-1.0111098212091592,-1.0111098212091592,-2.4610986283924836,0.0,-0.09292831447410935,0,0,0,0
456,279209,1.79,0,-1.0283793594402122,0,RBF-SVM,-1.2949362873072938,-1.2949362873072938,-2.8180365115911115,0.0,-0.8779135936474811,0,0,0,0
456,154693,1.0,1,-0.05980124909340695,1,RBF-SVM,0.49471012531573055,0.49471012531573055,10.83556543172779,0.95,0.039019709836457236,1,1,1,1
456,73811,6.18,0,-0.9683638905423504,0,RBF-SVM,-1.049604999581947,-1.049604999581947,-2.742616799957297,0.005,-0.4676287104802698,0,0,0,0
456,61558,7.5,0,-1.042395372941197,0,RBF-SVM,-1.2083229718443098,-1.2083229718443098,-2.8364337743496892,0.0,-0.6114516749331035,0,0,0,0
456,105178,1.0,1,-1.1183326719695899,0,RBF-SVM,-0.9508179457266069,-0.9508179457266069,-2.739918992787262,0.0,-0.04364958212965694,0,0,0,0
456,150281,249.0,0,-1.0211366134459345,0,RBF-SVM,-0.6924668596673202,-0.6924668596673202,-2.4574921712615905,0.0,-0.2970500094111844,0,0,0,0
456,64113,55.0,0,-1.1458311252545663,0,RBF-SVM,-1.1964964324307648,-1.1964964324307648,-2.7874375084348495,0.0,-0.669340363736004,0,0,0,0
456,100575,1.99,0,-0.9671384732506485,0,RBF-SVM,-0.47812521660492735,-0.47812521660492735,-2.9716203572761075,0.0,-0.11876384934250614,0,0,0,0
456,120532,1.54,0,-0.8055920365437179,0,RBF-SVM,0.26595478429464503,0.26595478429464503,-3.4745830359976564,0.02,0.03881503386372426,0,0,0,1
456,150660,44.9,1,-0.48164285423971875,1,RBF-SVM,0.265964400806018,0.265964400806018,20.086508876708503,0.955,0.03881503386732336,0,1,1,1
456,205633,0.0,0,-0.9132992687149727,0,RBF-SVM,-0.431766153259319,-0.431766153259319,-3.100097542187788,0.03,-0.055738757907917776,0,0,0,0
456,7849,9.27,0,-0.9233178145889799,0,RBF-SVM,-0.7672679453585841,-0.7672679453585841,-2.721395668264671,0.0,-0.3250247669529671,0,0,0,0
456,150668,188.52,1,-0.638330928051703,1,RBF-SVM,0.26596404120625067,0.26596404120625067,19.61108825760025,0.89,0.03881503386503358,0,1,1,1
456,251803,20.0,0,-1.0329376969905262,0,RBF-SVM,-1.24098639054374,-1.24098639054374,-3.0315483738935205,0.0,-0.9140360420980085,0,0,0,0
456,51892,89.85,0,-1.0878750888228361,0,RBF-SVM,-0.9947493526893177,-0.9947493526893177,-3.774478570732229,0.0,-0.42593030664365045,0,0,0,0
456,169321,10.0,0,-0.8522038113965339,0,RBF-SVM,-0.2820840265485717,-0.2820840265485717,-2.8043868831701637,0.005,-0.3318057691510415,0,0,0,0
456,51584,0.0,0,-1.1856461233841165,0,RBF-SVM,-1.2866566490365146,-1.2866566490365146,-3.2603157821077082,0.0,-0.8678495361381218,0,0,0,0
456,25776,38.42,0,-1.1007807673348495,0,RBF-SVM,-1.1502452768198381,-1.1502452768198381,-3.106249215563055,0.0,-1.0692132649743091,0,0,0,0
456,146039,8.99,0,-1.0477397703615385,0,RBF-SVM,-0.9492639801828197,-0.9492639801828197,-2.848297412489724,0.0,-0.5811348539672627,0,0,0,0
456,133814,10.0,0,-1.037139588718711,0,RBF-SVM,-1.1243428453748971,-1.1243428453748971,-3.249688653799898,0.0,-0.9044644250339462,0,0,0,0
456,210504,319.99,0,-0.9415474243399621,0,RBF-SVM,-0.34328747872999965,-0.34328747872999965,-3.1883157008619567,0.005,-0.08275159606471078,0,0,0,0
456,219025,4.49,1,-1.0897060002036882,0,RBF-SVM,-1.1702724428174927,-1.1702724428174927,-2.8384251130550746,0.0,-0.8582133811569631,0,0,0,0
456,31376,17.99,0,-1.126001437853529,0,RBF-SVM,-1.2458598825915743,-1.2458598825915743,-2.986749921631259,0.0,-1.1832439439987783,0,0,0,0
456,247995,51.37,1,-0.4444536213492543,1,RBF-SVM,0.9981446263997941,0.9981446263997941,1.9389141063739044,0.945,0.39287014959985866,1,1,1,1
456,93015,1.98,0,-1.0180060655273555,0,RBF-SVM,-1.2714891447634855,-1.2714891447634855,-3.1855324384485963,0.0,-1.1662869831388383,0,0,0,0
456,153835,1.0,1,-0.6467760595888383,0,RBF-SVM,0.26596404120121997,0.26596404120121997,20.469394817956033,0.8,0.03881503386503345,0,1,1,1
456,174909,40.0,0,-0.9472127411084142,0,RBF-SVM,-0.9027261714289284,-0.9027261714289284,-2.4706422200127145,0.0,-0.37404005153196535,0,0,0,0
456,178967,100.0,0,-0.9092257633760852,0,RBF-SVM,-0.7627047193049564,-0.7627047193049564,-3.8638484670265063,0.0,-0.4805998789810149,0,0,0,0
456,69285,47.0,0,-1.0782981774568416,0,RBF-SVM,-1.2317785136972463,-1.2317785136972463,-3.3150576466370167,0.0,-1.0441535794932417,0,0,0,0
456,263323,2.95,0,-1.120436442083463,0,RBF-SVM,-1.2135124863862825,-1.2135124863862825,-2.85604557349708,0.005,-0.7455837484852075,0,0,0,0
456,122057,29.95,0,-1.0819849793768168,0,RBF-SVM,-0.7189164734496676,-0.7189164734496676,-3.2374319218689367,0.0,-0.12328468604089698,0,0,0,0
456,243547,57.73,1,-0.40085410296275925,1,RBF-SVM,0.41232944102633745,0.41232944102633745,6.745439677724384,0.985,0.04057274550900992,1,1,1,1
456,208016,12.13,0,-1.0427725291271996,0,RBF-SVM,-1.052817625799944,-1.052817625799944,-3.575225568724823,0.0,-0.19553867105344044,0,0,0,0
456,261925,156.0,1,-0.39796542891809755,1,RBF-SVM,0.5155680755036336,0.5155680755036336,2.1787665048390426,0.895,0.23781019805076214,1,1,1,1
456,50720,158.0,0,-0.8540496144316913,0,RBF-SVM,-1.0287447044855034,-1.0287447044855034,-3.4293389368974223,0.0,-0.4124085838476642,0,0,0,0
456,186748,206.0,0,-1.1430402203172267,0,RBF-SVM,-0.5285401937739933,-0.5285401937739933,-3.1979353196338662,0.0,-0.2576786146777964,0,0,0,0
456,79352,17.99,0,-1.1391012736395991,0,RBF-SVM,-1.208494206118306,-1.208494206118306,-3.0456612501171985,0.0,-1.0918852220828887,0,0,0,0
456,198848,273.31,0,-0.8745154752166325,0,RBF-SVM,0.1613046487454802,0.1613046487454802,-3.392701533965778,0.01,0.03856151313265724,0,0,0,1
456,61724,4.99,0,-1.0630856634311985,0,RBF-SVM,-1.132478529429993,-1.132478529429993,-3.048607413371335,0.0,-0.733310268200756,0,0,0,0
456,112161,42.37,0,-1.1585886432738264,0,RBF-SVM,-1.0058002951444238,-1.0058002951444238,-3.030688520036226,0.0,-0.5000500007620269,0,0,0,0
456,249239,1096.99,1,-0.6187469779941858,1,RBF-SVM,0.23171660184924803,0.23171660184924803,-2.242987639341867,0.24,0.03633707027625785,0,0,0,1
456,54657,40.0,0,-1.1074944068319277,0,RBF-SVM,-1.1549744685641725,-1.1549744685641725,-3.092673685470845,0.0,-0.39445818095042573,0,0,0,0
456,262873,25.9,0,-0.8780101927306976,0,RBF-SVM,-0.7904628632787253,-0.7904628632787253,-3.8108191609771533,0.0,-0.5323826710776131,0,0,0,0
456,44270,1.0,1,-0.559624554085897,1,RBF-SVM,0.26596404120122,0.26596404120122,18.41183319697015,0.905,0.03881503386503345,0,1,1,1
456,169476,7.8,0,-0.9624545798554842,0,RBF-SVM,-1.076892027699432,-1.076892027699432,-3.127794892724254,0.0,-0.7070625066780823,0,0,0,0
456,88146,71.69,0,-0.8835696456891463,0,RBF-SVM,-0.7735878519353822,-0.7735878519353822,-3.1382547268723626,0.0,-0.3349758517075702,0,0,0,0
456,91986,100.0,0,-0.9513442852111981,0,RBF-SVM,-1.000259830979099,-1.000259830979099,-3.5405825268107884,0.0,-0.45907830013866635,0,0,0,0
456,254756,29.0,0,-0.7774788996345604,0,RBF-SVM,-0.8813971804354771,-0.8813971804354771,-4.101553792379779,0.0,-0.39740852474235083,0,0,0,0
456,226020,9.99,0,-1.018504257996125,0,RBF-SVM,-0.9831985047505277,-0.9831985047505277,-2.905671451660753,0.01,-0.7353171864743733,0,0,0,0
456,264886,19.34,0,-0.9695558932599587,0,RBF-SVM,-0.8830181019632818,-0.8830181019632818,-2.516565658055542,0.0,-0.6464061374795087,0,0,0,0
456,191374,137.76,0,-1.0847782014513276,0,RBF-SVM,-0.945877627751201,-0.945877627751201,-2.8714673382939884,0.0,-0.786788384777732,0,0,0,0
456,120219,36.84,0,-0.9998223051482188,0,RBF-SVM,-1.1013015500011418,-1.1013015500011418,-3.0233369805626413,0.0,-0.6987505110530443,0,0,0,0
456,52856,254.38,0,-0.9077179949816024,0,RBF-SVM,-0.9420149373455947,-0.9420149373455947,-2.6094679599983124,0.0,-0.15401802952894975,0,0,0,0
456,243848,1.0,1,-0.6746865554646054,0,RBF-SVM,0.2864726242003733,0.2864726242003733,7.885089733466312,0.935,0.03978152908171699,1,1,1,1
456,106484,1.49,0,-1.0274104563123263,0,RBF-SVM,-0.8800225271722258,-0.8800225271722258,-2.8790708823687985,0.015,-0.5518533174195539,0,0,0,0
456,69786,1.29,0,-1.002509666983612,0,RBF-SVM,-1.195060257902259,-1.195060257902259,-3.169409445564688,0.0,-0.9992632167209587,0,0,0,0
456,134063,14.17,0,-1.0106793237481166,0,RBF-SVM,-1.0911804910921785,-1.0911804910921785,-3.2066923959128535,0.0,-0.9568909272819511,0,0,0,0
456,205323,35.0,0,-0.9043490054276746,0,RBF-SVM,-1.1537826166913128,-1.1537826166913128,-3.494861207491785,0.0,-0.27534746521848624,0,0,0,0
456,79525,1.0,1,-0.6655604318503373,0,RBF-SVM,0.4031911622427119,0.4031911622427119,6.1264123870279015,0.87,0.043688022405568634,1,1,1,1
456,117729,39.95,0,-1.0816119721238064,0,RBF-SVM,-1.2099377222153236,-1.2099377222153236,-3.0524713046042775,0.0,-0.8512562763421252,0,0,0,0
456,52548,74.95,0,-1.050047928004692,0,RBF-SVM,-0.983628170250196,-0.983628170250196,-3.2459342115671337,0.0,-0.8938160921914948,0,0,0,0
456,4596,1.41,0,-0.8549854485996885,0,RBF-SVM,-0.5304254272071977,-0.5304254272071977,-2.6705309201017196,0.035,-0.1081505679196951,0,0,0,0
456,212508,125.29,0,-1.121596472015793,0,RBF-SVM,-1.1679169217286813,-1.1679169217286813,-3.5010871329470756,0.0,-0.9254022483868248,0,0,0,0
456,117976,32.42,0,-0.9654940814759477,0,RBF-SVM,-1.097945431805555,-1.097945431805555,-3.141762653599667,0.0,-0.9319483282783911,0,0,0,0
456,241615,9.49,0,-1.1060501242309897,0,RBF-SVM,-1.246479680359403,-1.246479680359403,-3.0721028429187305,0.0,-0.35592561830041786,0,0,0,0
456,197786,19.95,0,-0.9421666885601951,0,RBF-SVM,-0.5744813654515715,-0.5744813654515715,-3.5949420490441564,0.005,-0.29107586119978274,0,0,0,0
456,6820,1.0,1,-0.04673581747656219,1,RBF-SVM,0.6465820326370191,0.6465820326370191,6.753343646358106,0.985,0.4473976149338118,1,1,1,1
456,155580,3.79,0,-0.7867023981685196,0,RBF-SVM,-0.43402672151506727,-0.43402672151506727,-2.217074347639096,0.0,0.015005490270927464,0,0,0,1
456,28979,99.0,0,-0.9125626183340476,0,RBF-SVM,-1.2133030930442281,-1.2133030930442281,-2.7621032755129082,0.0,-0.35992829530129483,0,0,0,0
456,240075,150.0,0,-1.1694185998859037,0,RBF-SVM,-1.1767843726765008,-1.1767843726765008,-3.3851689785345402,0.0,-0.7323339240910488,0,0,0,0
456,202721,12.0,0,-1.0748187645543448,0,RBF-SVM,-1.1250637028611963,-1.1250637028611963,-3.4613692457875205,0.0,-0.27046054020594673,0,0,0,0
456,82601,93.17,0,-0.9995282014223275,0,RBF-SVM,-1.2451361318158813,-1.2451361318158813,-2.9523184030552505,0.0,-1.1756191323311571,0,0,0,0
456,33276,12.31,1,-0.7250867904064002,0,RBF-SVM,0.26782032335243877,0.26782032335243877,1.5000519343903354,0.39,0.038815033864967714,1,1,0,1
456,201581,6.03,0,-0.933823025124733,0,RBF-SVM,-0.6442408426614155,-0.6442408426614155,-2.5434708833875663,0.0,-0.3796252223714059,0,0,0,0
456,15810,99.99,1,-0.4517525371460328,1,RBF-SVM,0.26597444398539644,0.26597444398539644,14.653030904464767,0.89,0.03881503386503345,0,1,1,1
456,81822,1.98,0,-1.0668547994277913,0,RBF-SVM,-1.2505446853479203,-1.2505446853479203,-3.121077615423434,0.0,-1.0924490551121482,0,0,0,0
456,153303,1.0,0,-0.9927193124597556,0,RBF-SVM,-1.0747654173023697,-1.0747654173023697,-2.6712471176654935,0.0,-0.29963753355665523,0,0,0,0
456,92732,1.29,0,-1.0814692789321823,0,RBF-SVM,-1.323821512463355,-1.323821512463355,-3.1894882449236848,0.0,-1.277634421915954,0,0,0,0
456,107001,24.99,0,-1.0222729736335259,0,RBF-SVM,-1.033625818735747,-1.033625818735747,-2.5858694993895166,0.0,-0.4857954211012005,0,0,0,0
456,160505,1.0,0,-1.0580427027727406,0,RBF-SVM,-0.42576296996646656,-0.42576296996646656,-3.2674728469967755,0.0,-0.2644655492028507,0,0,0,0
456,6508,1.54,0,-0.9841198423033122,0,RBF-SVM,-0.36646829747899734,-0.36646829747899734,-2.662669719113473,0.005,-0.2167650379189557,0,0,0,0
456,260589,217.14,0,-0.5800870962240435,1,RBF-SVM,0.2655644864521455,0.2655644864521455,-1.2320644065036628,0.385,0.038815033865033446,0,0,0,1
456,246218,75.86,0,-1.0305944964066163,0,RBF-SVM,-1.042244200740563,-1.042244200740563,-2.949754548607368,0.0,-0.48163915197822976,0,0,0,0
456,14367,4.45,0,-1.0658825139627697,0,RBF-SVM,-1.0933954342729533,-1.0933954342729533,-2.9885861824658404,0.0,-1.2210272632087793,0,0,0,0
456,256723,1.29,0,-1.0770008695401998,0,RBF-SVM,-1.2174079414790633,-1.2174079414790633,-3.2164149988504795,0.0,-1.1062726127319986,0,0,0,0
456,233258,996.27,1,-0.5953057001432536,1,RBF-SVM,0.32455080682845044,0.32455080682845044,2.505535993140492,0.815,0.03904480719866615,1,1,1,1
456,9035,1.0,1,-0.47671920631101833,1,RBF-SVM,0.26596404431683496,0.26596404431683496,19.614709075284924,0.875,0.038815033865065,0,1,1,1
456,8312,1.0,1,-0.3775663428017983,1,RBF-SVM,0.7340345848393696,0.7340345848393696,3.7452452904452724,0.86,0.04485302629683949,1,1,1,1
456,102782,19.59,1,-0.8918710175005273,0,RBF-SVM,-0.9962717520127592,-0.9962717520127592,-3.4710847944117167,0.0,-0.4183678656723434,0,0,0,0
456,154893,1.0,0,-1.0862111951848024,0,RBF-SVM,-0.9197644158534525,-0.9197644158534525,-2.8845741059970313,0.0,-0.20465748264741165,0,0,0,0
456,183753,90.0,0,-1.2121696477429933,0,RBF-SVM,-1.1816937192113772,-1.1816937192113772,-3.022229067076795,0.0,-0.6003053036203942,0,0,0,0
456,25133,22.95,0,-0.945898913853257,0,RBF-SVM,-1.0429826740742167,-1.0429826740742167,-3.1515472371273106,0.0,-0.7450131095069985,0,0,0,0
456,78959,14.45,0,-1.0591856902177774,0,RBF-SVM,-1.0782244410618724,-1.0782244410618724,-3.4900067910371053,0.0,-0.6615579735323392,0,0,0,0
456,237606,37.95,0,-0.9394317030696325,0,RBF-SVM,-0.6489643117945704,-0.6489643117945704,-2.6525368521018207,0.005,-0.37534286099075803,0,0,0,0
456,256070,1.69,0,-1.1272651543883148,0,RBF-SVM,-1.2835567463611346,-1.2835567463611346,-3.028210706983917,0.0,-0.9586386618009555,0,0,0,0
456,16415,23.36,1,-0.22437234811571405,1,RBF-SVM,1.076251571719148,1.076251571719148,2.43935766946069,0.925,0.3766725405465566,1,1,1,1
456,1709,329.0,0,-0.9731116509721319,0,RBF-SVM,-0.5751650145451289,-0.5751650145451289,-3.177655310736758,0.0,-0.2588535682295425,0,0,0,0
456,66169,33.72,0,-0.9211005005913172,0,RBF-SVM,-0.592429269582503,-0.592429269582503,-3.202255305453759,0.0,-0.5637571782351609,0,0,0,0
456,169956,0.89,0,-1.1616367951742346,0,RBF-SVM,-1.2189165416970047,-1.2189165416970047,-3.286292167707006,0.0,-1.0437229618733115,0,0,0,0
456,162371,49.06,0,-1.0180591882031225,0,RBF-SVM,-0.9468300798634955,-0.9468300798634955,-2.4803265401146457,0.015,-0.45611261692885835,0,0,0,0
456,116815,1.0,0,-0.8601571511150627,0,RBF-SVM,-0.6969584416262221,-0.6969584416262221,-2.6809799045598464,0.0,-0.17863419732759875,0,0,0,0
456,11710,1.0,1,-0.7287103272995394,0,RBF-SVM,0.2659857612794793,0.2659857612794793,17.567834547800786,0.91,0.03881503386503345,0,1,1,1
456,209456,0.0,0,-0.8671502879765374,0,RBF-SVM,-0.318897330156782,-0.318897330156782,-2.4480386614118834,0.0,-0.09594614663746098,0,0,0,0
456,88876,1.0,1,-0.87951512799167,0,RBF-SVM,-0.7257790674811344,-0.7257790674811344,-2.638166234432501,0.0,-0.09995610388965909,0,0,0,0
456,150004,90.0,0,-1.0437203890292026,0,RBF-SVM,-0.20569742616517478,-0.20569742616517478,-3.0964145791293265,0.0,-0.09396845159764591,0,0,0,0
456,119862,19.27,0,-1.154097346530392,0,RBF-SVM,-1.2345704825368244,-1.2345704825368244,-2.832195447040995,0.0,-1.2629429826937966,0,0,0,0
456,17317,99.99,1,-0.6254413003056363,1,RBF-SVM,0.2659656193627852,0.2659656193627852,14.483269828105755,0.89,0.03881503386503345,0,1,1,1
456,171427,18.0,0,-0.7964550664994102,0,RBF-SVM,-0.3651973496511016,-0.3651973496511016,-2.8989339300520633,0.005,-0.002100547160876709,0,0,0,1
456,229626,66.0,0,-1.002010337223725,0,RBF-SVM,-1.002475402288856,-1.002475402288856,-3.75499115697873,0.0,-0.5108744757196745,0,0,0,0
456,96321,0.76,0,-0.9792974073308631,0,RBF-SVM,-0.3309071155690446,-0.3309071155690446,-2.9983317595736163,0.0,-0.13632358970803968,0,0,0,0
456,91278,286.23,0,-0.9269049073681999,0,RBF-SVM,-0.20580375118500188,-0.20580375118500188,-2.9563038551995517,0.0,-0.08420563991570273,0,0,0,0
456,72545,90.0,0,-0.9954635007692598,0,RBF-SVM,-0.5040651013657524,-0.5040651013657524,-3.0120091283880353,0.0,-0.29838752900786514,0,0,0,0
456,11841,1.0,1,-0.6528947165326133,0,RBF-SVM,0.26598514472923984,0.26598514472923984,17.502745538679452,0.92,0.03881503386503345,0,1,1,1
456,36410,5.37,0,-1.1036260359978092,0,RBF-SVM,-1.1741320470300938,-1.1741320470300938,-3.0528674650133643,0.0,-1.1758392326799336,0,0,0,0
456,248288,3.99,0,-1.122684000594059,0,RBF-SVM,-1.0747253672875576,-1.0747253672875576,-2.8813595110051407,0.0,-1.198425177241771,0,0,0,0
456,6971,1809.68,1,-0.5485123508646506,1,RBF-SVM,0.2658910256824634,0.2658910256824634,1.997455133854627,0.795,0.038815033865033724,0,1,1,1
456,82580,12.31,0,-1.1884290393272425,0,RBF-SVM,-1.2798524148337318,-1.2798524148337318,-2.8555667736745796,0.0,-0.9430234793036235,0,0,0,0
456,111919,89.95,0,-1.2268929580879155,0,RBF-SVM,-1.3336136897919362,-1.3336136897919362,-3.1276484711876544,0.0,-0.947776416950448,0,0,0,0
456,176107,191.19,0,-1.142887993586309,0,RBF-SVM,-1.257132362657765,-1.257132362657765,-2.9882313877394795,0.0,-0.5529546341837516,0,0,0,0
456,173345,70.66,0,-0.9245432331860755,0,RBF-SVM,-0.9687657113051952,-0.9687657113051952,-4.0622981393138415,0.0,-0.4877535973334171,0,0,0,0
456,74593,71.99,0,-1.186531679584705,0,RBF-SVM,-1.300782536170865,-1.300782536170865,-2.9788524377092696,0.0,-1.0902048182005555,0,0,0,0
456,186208,159.0,0,-0.9511145048770324,0,RBF-SVM,-1.0839207496520111,-1.0839207496520111,-3.1181643840475486,0.0,-0.5073277926727023,0,0,0,0
456,48404,9.99,0,-0.9655213464518446,0,RBF-SVM,-1.1708777061344469,-1.1708777061344469,-3.1130133157870246,0.01,-0.9770208126328688,0,0,0,0
456,244333,1.0,1,-0.6709261798325411,0,RBF-SVM,0.286583192058759,0.286583192058759,7.758170192802012,0.94,0.03962512777655606,1,1,1,1
456,178053,152.65,0,-0.6511090915608979,0,RBF-SVM,0.13266133787295462,0.13266133787295462,-4.541771136568909,0.14,0.038812335859047656,0,0,0,1
456,93486,0.0,1,-0.9211634223950815,0,RBF-SVM,-0.7402612044731623,-0.7402612044731623,-3.0239788319230456,0.0,-0.20184271426620248,0,0,0,0
456,38111,546.47,0,-0.8496261512649982,0,RBF-SVM,0.15778630034923666,0.15778630034923666,-3.147738821501864,0.06,0.036138378829807034,0,0,0,1
456,42936,59.68,1,-0.5409953305055949,1,RBF-SVM,0.26596404150213804,0.26596404150213804,18.429362281218552,0.89,0.03881503386503345,0,1,1,1
456,149171,141.22,0,-0.9576754225492297,0,RBF-SVM,-0.06727175255667844,-0.06727175255667844,-2.984180256307632,0.0,-0.034535918742724346,0,0,0,0
456,111029,105.0,0,-0.833497114004256,0,RBF-SVM,-0.9804151607329962,-0.9804151607329962,-3.598664747602494,0.0,-0.47021322131728877,0,0,0,0
456,123521,0.0,0,-0.9669781785656746,0,RBF-SVM,-0.9508959441650814,-0.9508959441650814,-2.964060814327981,0.0,-0.008021355666192519,0,0,0,1
456,126936,264.95,0,-1.0614630430347254,0,RBF-SVM,-0.8996994388112874,-0.8996994388112874,-2.7944618582973235,0.0,-0.3725480330114759,0,0,0,0
456,41747,4.49,0,-1.020360017849411,0,RBF-SVM,-0.9111344042818225,-0.9111344042818225,-2.671169803463712,0.0,-0.7932647492911334,0,0,0,0
456,77497,13.16,0,-0.9964134666588926,0,RBF-SVM,-0.7224294713861766,-0.7224294713861766,-2.816306083843094,0.005,-0.6228022704222616,0,0,0,0
456,261402,1.0,0,-1.0360674251578192,0,RBF-SVM,-1.217744829356222,-1.217744829356222,-3.4616683365264693,0.0,-0.7486903010445244,0,0,0,0
456,170301,14.9,0,-0.9552820248958158,0,RBF-SVM,-0.7715665665602914,-0.7715665665602914,-2.418888005832547,0.01,-0.39351033211238795,0,0,0,0
456,22974,7.58,0,-1.0919823918693865,0,RBF-SVM,-1.245871958008466,-1.245871958008466,-2.902421726997926,0.0,-0.5361009827483821,0,0,0,0
456,129048,75.3,0,-0.9367283546957799,0,RBF-SVM,-0.9927717140706168,-0.9927717140706168,-3.562806061998951,0.0,-0.54920073806187,0,0,0,0
456,68067,519.9,1,-0.8590979922578965,0,RBF-SVM,-0.008093820382071626,-0.008093820382071626,-2.900856705649365,0.005,0.014621921926046357,0,0,0,1
456,222419,0.0,1,-0.904751110856661,0,RBF-SVM,-0.24300844858185922,-0.24300844858185922,-2.6442265474905553,0.01,-0.1764554505036247,0,0,0,0
456,169047,19.16,0,-1.0851396309238766,0,RBF-SVM,-1.1914185249632667,-1.1914185249632667,-3.4244519286663024,0.0,-0.36533210066964183,0,0,0,0
456,176293,18.04,0,-1.0876082755948004,0,RBF-SVM,-0.4948355900536747,-0.4948355900536747,-3.6595652535553835,0.0,-0.1874746093652908,0,0,0,0
456,42958,9.99,1,-0.6477215392811313,0,RBF-SVM,0.26596404120140693,0.26596404120140693,18.42494023590484,0.89,0.03881503386503345,0,1,1,1
456,79249,25.17,0,-0.7889312848518293,0,RBF-SVM,-0.9342392199204422,-0.9342392199204422,-2.407891767622234,0.0,-0.33764069502073296,0,0,0,0
456,95697,20.82,0,-0.9515596316961523,0,RBF-SVM,-0.8887150687891942,-0.8887150687891942,-2.7980833207302145,0.005,-0.7247373908431938,0,0,0,0
456,257958,3.59,0,-1.0730133725221207,0,RBF-SVM,-1.1918488153504074,-1.1918488153504074,-3.0247612035952898,0.0,-0.8270198649451437,0,0,0,0
456,234846,15.95,0,-0.8092501449205743,0,RBF-SVM,-0.7831102739320958,-0.7831102739320958,-2.5598190117495268,0.0,-0.28473394631966803,0,0,0,0
456,15533,1.79,0,-1.117233903664362,0,RBF-SVM,-1.1448085648649058,-1.1448085648649058,-3.0349453724880586,0.0,-1.2580301383726786,0,0,0,0
456,6144,110.0,0,-0.985590025957951,0,RBF-SVM,-0.7471957248356135,-0.7471957248356135,-2.867418276932308,0.0,-0.24218186326074911,0,0,0,0
456,271021,114.0,0,-0.9350091160753968,0,RBF-SVM,-1.0189708049610005,-1.0189708049610005,-3.5452021641014357,0.0,-0.5795045754673672,0,0,0,0
456,279256,9.99,0,-1.1094690009780281,0,RBF-SVM,-1.2601858659766338,-1.2601858659766338,-3.347317513431428,0.0,-0.6969100334897217,0,0,0,0
456,172532,286.0,0,-1.0153109907280058,0,RBF-SVM,-0.5882472131647675,-0.5882472131647675,-2.997044475180993,0.0,-0.7061103541954102,0,0,0,0
456,269372,413.84,0,-0.9726208725760117,0,RBF-SVM,-0.304484888935311,-0.304484888935311,-2.866054813837446,0.005,-0.3217865110014859,0,0,0,0
456,127600,45.53,0,-1.015466480733248,0,RBF-SVM,-1.3150899773175513,-1.3150899773175513,-2.763128611893957,0.0,-0.8101115547451926,0,0,0,0
456,276731,1.98,0,-0.9637491453461076,0,RBF-SVM,-0.45387969674966033,-0.45387969674966033,-3.2280744633464327,0.0,-0.3068111613671352,0,0,0,0
456,36982,0.89,0,-1.0515697489856777,0,RBF-SVM,-1.205831827631354,-1.205831827631354,-3.298599557460834,0.0,-0.9979550922426328,0,0,0,0
456,6446,1.0,1,-0.11968961651933796,1,RBF-SVM,0.7728476845040292,0.7728476845040292,5.10722052487861,0.97,0.05336036041335307,1,1,1,1
456,214999,151.33,0,-0.7623985392669453,0,RBF-SVM,-0.31362667672023326,-0.31362667672023326,-2.95347426193387,0.01,-0.0029936525144398096,0,0,0,1
456,68825,27.57,0,-0.9457667528371012,0,RBF-SVM,-0.8392902245897623,-0.8392902245897623,-2.6489165701249933,0.01,-0.6186819558157853,0,0,0,0
456,73784,1.0,1,-0.31514348544480053,1,RBF-SVM,0.2920845786386834,0.2920845786386834,11.320333488283737,0.965,0.038978839194954575,1,1,1,1
456,96090,74.54,0,-1.078552801448895,0,RBF-SVM,-1.3199992598459178,-1.3199992598459178,-3.2310660063120826,0.0,-0.7817853407060522,0,0,0,0
456,270125,19.99,0,-1.1511015202658226,0,RBF-SVM,-1.244958336724583,-1.244958336724583,-2.936339385924744,0.0,-0.5383681073220514,0,0,0,0
456,169382,276.0,0,-0.8545506453243408,0,RBF-SVM,-0.16466598491170897,-0.16466598491170897,-2.687727175108755,0.005,-0.21935062277703835,0,0,0,0
456,194979,5.0,0,-0.9550852048764757,0,RBF-SVM,-0.8291801173178662,-0.8291801173178662,-2.5867474940268047,0.01,-0.7011087278218533,0,0,0,0
456,4179,26.5,0,-0.9318073880345661,0,RBF-SVM,-0.4671994530331016,-0.4671994530331016,-2.584588969722171,0.02,-0.14423147011850126,0,0,0,0
456,75528,58.0,0,-1.188402657645988,0,RBF-SVM,-1.3196189790739372,-1.3196189790739372,-2.9935581552149273,0.0,-0.5257151236839294,0,0,0,0
456,255431,11.5,0,-1.0946314530234003,0,RBF-SVM,-0.473893010016771,-0.473893010016771,-3.5023201209632386,0.005,-0.28416804129784473,0,0,0,0
456,175830,10.76,0,-0.9112788807553404,0,RBF-SVM,-0.10944858740662827,-0.10944858740662827,-3.2590026322557235,0.01,-0.038230356038431286,0,0,0,0
456,46918,648.0,1,-0.21713382305996065,1,RBF-SVM,0.2664439008763522,0.2664439008763522,11.043828508222308,0.93,0.03881586210268592,0,1,1,1
456,80808,115.8,0,-1.0105210068463564,0,RBF-SVM,-1.0554868713402863,-1.0554868713402863,-2.9562741270993538,0.0,-0.9995814887593422,0,0,0,0
456,127020,5.47,0,-1.1127602411772926,0,RBF-SVM,-0.9956190020052916,-0.9956190020052916,-2.7374806025299785,0.0,-0.6445306107305254,0,0,0,0
456,258996,140.0,0,-0.9332905647815415,0,RBF-SVM,-0.780573906566712,-0.780573906566712,-3.253587263929263,0.0,-0.17421324756794535,0,0,0,0
456,126198,31.5,0,-1.0943047536259418,0,RBF-SVM,-1.2105157973320022,-1.2105157973320022,-3.0028736974083956,0.0,-0.9138492926203368,0,0,0,0
456,226815,9.99,0,-1.0716355902749979,0,RBF-SVM,-1.2235967998707404,-1.2235967998707404,-3.361027481178461,0.0,-1.058259796156016,0,0,0,0
456,221581,159.95,0,-0.9513456714187286,0,RBF-SVM,-1.2132689054751338,-1.2132689054751338,-2.9321056341307603,0.0,-0.558448877174054,0,0,0,0
456,280143,0.76,1,0.011976330382460154,1,RBF-SVM,1.0652049962227506,1.0652049962227506,1.973062394124415,0.94,0.29538172505116833,1,1,1,1
456,281754,1.5,0,-1.0601257842209675,0,RBF-SVM,-1.0055023803949767,-1.0055023803949767,-2.9303856815528055,0.0,-0.5024456286706801,0,0,0,0
456,274001,0.76,0,-0.8068859859249949,0,RBF-SVM,-0.1899471228757021,-0.1899471228757021,-2.54019922327692,0.035,-0.029775317577786113,0,0,0,0
456,18347,116.0,0,-0.9961400793092486,0,RBF-SVM,-0.7752493056304687,-0.7752493056304687,-3.248310612335024,0.0,-0.4822222862423638,0,0,0,0
456,243393,0.01,1,-0.3360098810696892,1,RBF-SVM,0.40214252941267614,0.40214252941267614,7.051878057596221,0.975,0.041873417648839485,1,1,1,1
456,170990,113.85,0,-1.1779332088999461,0,RBF-SVM,-1.1685573683528063,-1.1685573683528063,-2.6950456781691816,0.0,-0.4758158233957956,0,0,0,0
456,98360,150.04,0,-1.1601154115291095,0,RBF-SVM,-1.1203886535783432,-1.1203886535783432,-2.8296765701425874,0.0,-0.8240820263974361,0,0,0,0
456,253108,0.89,0,-1.1393063459559387,0,RBF-SVM,-1.3114093547101762,-1.3114093547101762,-3.136228314582929,0.0,-0.9015429364026148,0,0,0,0
456,114034,10.0,0,-0.9701949338226448,0,RBF-SVM,-0.2722285520037643,-0.2722285520037643,-3.3149210208876525,0.085,-0.0486019419664114,0,0,0,0
456,181966,40.0,1,-0.3077006458613696,1,RBF-SVM,0.760985798778953,0.760985798778953,1.434371909612238,0.98,0.15604352131822366,1,1,1,1
456,68554,25.0,0,-0.9804841689461831,0,RBF-SVM,-1.0222384463078145,-1.0222384463078145,-3.151050225675721,0.0,-0.314122733801901,0,0,0,0
456,202883,2.69,0,-1.0240119162441792,0,RBF-SVM,-0.24013746862458862,-0.24013746862458862,-2.978139395602952,0.0,-0.32259162389613727,0,0,0,0
456,165972,34.99,0,-0.9212982081056276,0,RBF-SVM,-0.9882227410477612,-0.9882227410477612,-2.8649714853278208,0.0,-0.5774983146676403,0,0,0,0
456,192647,63.4,0,-0.7723091740766104,0,RBF-SVM,-0.3143298091266885,-0.3143298091266885,-2.786133106309634,0.0,-0.031013905219053846,0,0,0,0
456,65020,19.95,0,-0.8957033017169116,0,RBF-SVM,-0.7040597792753912,-0.7040597792753912,-2.797234576358587,0.005,-0.5428286848303735,0,0,0,0
456,106612,38.89,0,-1.0127992747661052,0,RBF-SVM,-0.6535475632071726,-0.6535475632071726,-3.5617259141477655,0.0,-0.28883869360081876,0,0,0,0
456,250565,12.32,0,-1.1528156049944158,0,RBF-SVM,-1.0872982147832615,-1.0872982147832615,-2.7351862193817813,0.0,-0.9087074268958993,0,0,0,0
456,136175,10.0,0,-0.9406079830997367,0,RBF-SVM,-1.0473377526249612,-1.0473377526249612,-2.6492234662487038,0.0,-0.660279248913497,0,0,0,0
456,169074,65.0,0,-1.0444885774911805,0,RBF-SVM,-1.1624512398586284,-1.1624512398586284,-3.210754450185175,0.0,-0.5522365020944431,0,0,0,0
456,87699,25.0,0,-0.9494290049642942,0,RBF-SVM,-0.935118112875898,-0.935118112875898,-2.948434106448408,0.005,-0.6968635146270553,0,0,0,0
456,242289,181.4,0,-0.5692117632082117,1,RBF-SVM,-0.024327753325838364,-0.024327753325838364,-3.917646420094349,0.01,0.029549360160993576,0,0,0,1
456,173760,240.0,0,-1.066326752786611,0,RBF-SVM,-0.66664504905566,-0.66664504905566,-3.269447956783345,0.005,-0.38021720422292177,0,0,0,0
456,169842,0.76,0,-1.1623661800374667,0,RBF-SVM,-1.172211802308659,-1.172211802308659,-3.024450254410341,0.0,-0.6998863311893577,0,0,0,0
456,64989,249.0,0,-1.117849408538025,0,RBF-SVM,-0.840668462056655,-0.840668462056655,-3.029263890174274,0.0,-0.7505437402088011,0,0,0,0
456,82400,18.98,1,-0.4477844739594049,1,RBF-SVM,0.3640672808082296,0.3640672808082296,2.4964281471153993,0.49,0.038815173453931186,1,1,0,1
456,80455,300.0,0,-1.0010183275303448,0,RBF-SVM,-0.5342270578213443,-0.5342270578213443,-2.7890747172603625,0.0,-0.23847513380814447,0,0,0,0
456,40209,1287.87,0,-0.6459562472160094,1,RBF-SVM,0.2589366765071372,0.2589366765071372,-2.1559613195003213,0.155,0.03881496472262051,0,0,0,1
456,251891,7.06,1,-0.9615671344734124,0,RBF-SVM,-0.6602667557292362,-0.6602667557292362,-2.742388785110586,0.0,-0.07555848813891566,0,0,0,0
456,170755,11.0,0,-1.1476609319590683,0,RBF-SVM,-1.3314313897199925,-1.3314313897199925,-3.1629053437584744,0.0,-0.728066805536729,0,0,0,0
456,193854,1.5,0,-0.9948518274722983,0,RBF-SVM,-0.8145116972976053,-0.8145116972976053,-3.370446387369791,0.005,-0.3937956208627797,0,0,0,0
456,85547,0.76,0,-0.9155009727291659,0,RBF-SVM,-0.5062845114659867,-0.5062845114659867,-3.2379102130679325,0.0,-0.29961137725549514,0,0,0,0
456,125896,1.98,0,-1.1313039323590663,0,RBF-SVM,-0.9907371426206047,-0.9907371426206047,-2.8166882286081893,0.0,-0.6744765239031133,0,0,0,0
456,61888,99.0,0,-0.9076718404007107,0,RBF-SVM,-1.0184032106571816,-1.0184032106571816,-2.3690623073408816,0.005,-0.2802079024079757,0,0,0,0
456,90412,34.99,0,-0.9490596089849397,0,RBF-SVM,-0.6804421078385865,-0.6804421078385865,-3.5245315981763836,0.005,-0.09515792047471666,0,0,0,0
456,270483,8.98,0,-1.0347544438837235,0,RBF-SVM,-1.2197732980357867,-1.2197732980357867,-3.004148285876002,0.0,-1.196262681786008,0,0,0,0
456,212987,45.0,0,-1.0935169381486243,0,RBF-SVM,-1.3371622818118922,-1.3371622818118922,-3.4253833738927133,0.0,-0.6890887838785548,0,0,0,0
456,279344,70.66,0,-0.9687944771469384,0,RBF-SVM,-1.0698112053524365,-1.0698112053524365,-3.4238141626503955,0.0,-0.4535886441145851,0,0,0,0
456,181339,104.69,0,-1.0690875307636047,0,RBF-SVM,-1.0726453193702081,-1.0726453193702081,-2.8455403336828695,0.0,-0.32468383470049694,0,0,0,0
456,58225,1.0,0,-0.9303251750883947,0,RBF-SVM,-0.9070353807951573,-0.9070353807951573,-2.8213555147121094,0.005,-0.8736155262847533,0,0,0,0
456,194501,109.3,0,-0.910676080822807,0,RBF-SVM,-0.13821194413084065,-0.13821194413084065,-3.8474244469143017,0.0,0.03466071885919822,0,0,0,1
456,5788,136.0,0,-0.8997728118818773,0,RBF-SVM,-0.4797422938401358,-0.4797422938401358,-1.9139921513389773,0.005,-0.004422714834418834,0,0,0,1
456,242485,20.0,0,-0.9485808785691899,0,RBF-SVM,-0.06758161181748545,-0.06758161181748545,-3.0944122543104666,0.0,-0.11465464376154905,0,0,0,0
456,111690,238.9,1,-0.15260020092599058,1,RBF-SVM,0.8198077127716572,0.8198077127716572,4.708169128849361,0.97,0.09188997945335839,1,1,1,1
456,151785,211.35,0,-1.032152292676547,0,RBF-SVM,-0.6422181111157799,-0.6422181111157799,-2.4463316242837547,0.0,-0.19954749296595978,0,0,0,0
456,234632,1.59,1,-0.4080389895164577,1,RBF-SVM,0.6668849885785679,0.6668849885785679,2.272478554166217,0.86,0.11200867712407145,1,1,1,1
456,140186,4.45,0,-0.7149561629987113,0,RBF-SVM,-0.4070090833842106,-0.4070090833842106,-3.6399136447093055,0.0,-0.38146184515378545,0,0,0,0
456,181154,111.9,0,-1.1405988295024132,0,RBF-SVM,-1.2235838686170881,-1.2235838686170881,-2.9720677976748227,0.0,-0.5992742792636464,0,0,0,0
456,163562,42.77,0,-1.1245256608411998,0,RBF-SVM,-1.215401574415643,-1.215401574415643,-3.0555833447720224,0.0,-0.9811718155924583,0,0,0,0
456,44223,139.9,1,-0.42212622607996453,1,RBF-SVM,0.26596404120121997,0.26596404120121997,18.338480538267362,0.875,0.03881503386503345,0,1,1,1
456,192592,24.86,0,-0.9373417164216181,0,RBF-SVM,-0.7895483439060459,-0.7895483439060459,-3.2902107851204656,0.0,-0.30375557178632406,0,0,0,0
456,104909,34.3,0,-0.9275813668411802,0,RBF-SVM,-0.6807572319988446,-0.6807572319988446,-3.734312778391799,0.0,-0.24924407599671564,0,0,0,0
456,249607,35.0,1,-0.5514631122118806,1,RBF-SVM,0.3033095244170192,0.3033095244170192,1.8571506043719785,0.32,0.03881503434331098,1,1,0,1
456,201418,1.98,0,-0.9846486112649873,0,RBF-SVM,-1.0787395721077924,-1.0787395721077924,-2.9182318943092165,0.0,-1.1011968833428871,0,0,0,0
456,238147,5.0,0,-1.0745057305328487,0,RBF-SVM,-0.8801351397164526,-0.8801351397164526,-3.278423310576941,0.005,-0.6943700752895351,0,0,0,0
456,246288,47.7,0,-1.079057795436083,0,RBF-SVM,-0.8910751095349013,-0.8910751095349013,-2.5984679190620033,0.0,-0.399418940054705,0,0,0,0
456,284534,37.6,0,-1.029719889036029,0,RBF-SVM,-1.1146767077140063,-1.1146767077140063,-3.559724819228268,0.0,-0.2079588810297415,0,0,0,0
456,95383,70.0,0,-0.8762795316811252,0,RBF-SVM,-1.0256078665557422,-1.0256078665557422,-3.3653531624064006,0.0,-0.3258434934795445,0,0,0,0
456,54980,155.94,0,-1.065681571849344,0,RBF-SVM,-0.571763012243081,-0.571763012243081,-2.7816436645032288,0.0,-0.2404313073993848,0,0,0,0
456,104781,1.7,0,-1.0579204673005576,0,RBF-SVM,-1.2696619892676684,-1.2696619892676684,-3.189407381909071,0.0,-1.0258369698988887,0,0,0,0
456,283454,47.22,0,-0.9846085710746477,0,RBF-SVM,-1.0858995907302167,-1.0858995907302167,-3.6608085054073305,0.0,-0.6299341560238575,0,0,0,0
456,283837,8.49,0,-0.9225683852662386,0,RBF-SVM,-1.049500146647465,-1.049500146647465,-3.2447424912712504,0.0,-0.2660314173030494,0,0,0,0
456,165790,85.75,0,-1.025536986165207,0,RBF-SVM,-0.2567159230810322,-0.2567159230810322,-2.8316866057125054,0.0,-0.06586194953857064,0,0,0,0
456,74249,11.75,0,-0.9932172164766536,0,RBF-SVM,-0.8699407591779907,-0.8699407591779907,-3.0304198163467966,0.0,-0.6091459676684591,0,0,0,0
456,226814,667.55,1,-0.31026592361616345,1,RBF-SVM,0.26627158930864614,0.26627158930864614,5.145140249353263,0.91,0.03933939557861464,0,1,1,1
456,143731,240.77,1,-0.4403309307871709,1,RBF-SVM,0.36348115604082143,0.36348115604082143,7.862243245051966,0.99,0.047581655659803476,1,1,1,1
456,171755,4.99,0,-0.6647570910791182,0,RBF-SVM,0.13343610645456996,0.13343610645456996,-2.4754024696419683,0.185,0.038815033865033446,0,0,0,1
456,43204,106.55,1,-0.4356983747710465,1,RBF-SVM,0.2659640412012205,0.2659640412012205,17.92009538658199,0.875,0.03881503386503345,0,1,1,1
456,82780,19.66,0,-1.172549028571222,0,RBF-SVM,-1.2438645000737596,-1.2438645000737596,-3.056573046361788,0.0,-0.8500594891848373,0,0,0,0
456,264693,1.0,0,-1.0678692355422397,0,RBF-SVM,-1.2601409675697788,-1.2601409675697788,-3.1548839153400894,0.0,-0.8928088378495816,0,0,0,0
456,280149,77.89,1,-0.35644586200136463,1,RBF-SVM,0.7243287815766848,0.7243287815766848,1.6159289697184929,0.875,0.30843700359555876,1,1,1,1
456,172022,0.77,0,-0.9624409390749538,0,RBF-SVM,0.047259898444580895,0.047259898444580895,-2.6052138642323612,0.005,0.034945470407796025,0,0,0,1
456,43681,53.95,1,-0.5957363970638877,1,RBF-SVM,0.2659640412012201,0.2659640412012201,18.399006505122703,0.875,0.03881503386503345,0,1,1,1
456,58218,290.0,0,-0.7309107161174094,0,RBF-SVM,-0.13580012572104805,-0.13580012572104805,-2.2849018569253694,0.005,-0.043013069376731126,0,0,0,0
456,62821,53.0,0,-1.2007402458791945,0,RBF-SVM,-1.2663066214370753,-1.2663066214370753,-3.2534322228635695,0.0,-0.30500683168338333,0,0,0,0
456,190730,48.0,0,-1.0170809733562158,0,RBF-SVM,-1.2259349966180428,-1.2259349966180428,-3.221718540427173,0.0,-0.479647961512823,0,0,0,0
456,80196,9.42,0,-1.0032128794712412,0,RBF-SVM,-0.8100034668772681,-0.8100034668772681,-3.3550448176243792,0.01,-0.2266708984996418,0,0,0,0
456,197644,108.66,0,-0.9017908551498856,0,RBF-SVM,-0.98645322530659,-0.98645322530659,-3.995315861834619,0.0,-0.37691307894482057,0,0,0,0
456,274382,0.0,1,-0.8746186790704165,0,RBF-SVM,0.207845488465635,0.207845488465635,-1.955768580311926,0.005,0.03881503285120727,0,0,0,1
456,14342,21.43,0,-0.9928040628427475,0,RBF-SVM,-1.0416643414395974,-1.0416643414395974,-3.71733360484852,0.0,-0.1307591689219707,0,0,0,0
456,151196,571.48,1,-0.8618907750126396,0,RBF-SVM,0.08357514826061302,0.08357514826061302,-2.1837528559755865,0.145,0.0328148222114691,0,0,0,1
456,149377,126.35,0,-0.8729956079116972,0,RBF-SVM,-0.7546417200418426,-0.7546417200418426,-2.6064618574867975,0.0,-0.04896786723542385,0,0,0,0
456,150601,1.0,1,-0.4911981204311362,1,RBF-SVM,0.2659640417972158,0.2659640417972158,20.779826735830042,0.98,0.03881503386503491,0,1,1,1
456,4365,18.0,0,-1.0383676897442693,0,RBF-SVM,-1.2626446975809111,-1.2626446975809111,-2.7892090051215814,0.0,-0.34233445115132816,0,0,0,0
456,111010,121.71,0,-0.951633515135555,0,RBF-SVM,-0.7293179768203355,-0.7293179768203355,-3.234441401464106,0.0,-0.4625906525824471,0,0,0,0
456,190955,11.56,0,-1.0188936711575791,0,RBF-SVM,-1.210221443105452,-1.210221443105452,-2.848806367059166,0.0,-0.49134971395219634,0,0,0,0
456,82017,1.78,0,-1.0683752242779778,0,RBF-SVM,-1.0661235871773873,-1.0661235871773873,-2.9593641806168405,0.0,-1.0252274582330383,0,0,0,0
456,150665,209.65,1,-0.5537653598961992,1,RBF-SVM,0.2659650525967358,0.2659650525967358,19.81963289765058,0.95,0.03881503386503903,0,1,1,1
456,150859,36.0,0,-1.0405033586129482,0,RBF-SVM,-1.08125844901413,-1.08125844901413,-2.6405031595303923,0.0,-0.2953493782397986,0,0,0,0
456,189306,1.0,0,-0.889536529813741,0,RBF-SVM,-0.7053196905143465,-0.7053196905143465,-2.629516943653643,0.0,-0.32969674077606986,0,0,0,0
456,95583,90.8,0,-0.9954149225899223,0,RBF-SVM,-0.989330623535205,-0.989330623535205,-3.272604221476919,0.0,0.008629126523591879,0,0,0,1
456,268196,14.29,0,-0.9955484255956216,0,RBF-SVM,-1.0108738934227683,-1.0108738934227683,-2.6679616241639814,0.005,-0.5827097100362231,0,0,0,0
456,5204,424.49,0,-0.6042492613612507,1,RBF-SVM,-0.20951622107281598,-0.20951622107281598,-2.87349904654406,0.015,0.009341285372675735,0,0,0,1
456,144925,20.0,0,-0.8662974949030733,0,RBF-SVM,-0.9262885847806203,-0.9262885847806203,-2.8075768914067543,0.005,-0.2477810078726678,0,0,0,0
456,253497,5.42,0,-1.049785711385855,0,RBF-SVM,-1.1103651906437269,-1.1103651906437269,-3.131447111381525,0.005,-0.11742427682694778,0,0,0,0
456,30314,7.61,1,-0.005059914011637301,1,RBF-SVM,0.2843031770470301,0.2843031770470301,10.825130160550156,0.97,0.03896656463378342,1,1,1,1
456,235101,189.16,0,-1.0331184052046405,0,RBF-SVM,-1.0062331345386042,-1.0062331345386042,-3.071237961632883,0.0,-0.33282011151366486,0,0,0,0
456,29154,795.26,0,-0.7541769434827169,0,RBF-SVM,0.2126476704272488,0.2126476704272488,-2.54982382154665,0.12,0.011776986909553686,0,0,0,1
456,272250,238.0,0,-1.0518620193902621,0,RBF-SVM,-0.5940628532813698,-0.5940628532813698,-2.702876371074651,0.0,-0.4254771479154607,0,0,0,0
456,243765,161.0,0,-0.9423506201951442,0,RBF-SVM,-0.6009529191316352,-0.6009529191316352,-3.3781001092985905,0.0,-0.506330800474129,0,0,0,0
456,147605,9.21,1,-1.0102054079328988,0,RBF-SVM,-0.981975707107794,-0.981975707107794,-2.939748416180892,0.0,-0.15248630856703452,0,0,0,0
456,230949,8.0,0,-0.9544249225809762,0,RBF-SVM,-1.2277920324384772,-1.2277920324384772,-3.107525823467707,0.0,-0.537043364986246,0,0,0,0
456,83417,5.91,1,-0.3066125113157811,1,RBF-SVM,0.5458949838574061,0.5458949838574061,6.366191928971235,0.98,0.0390283781927959,1,1,1,1
456,147176,22.78,0,-1.0132444389652613,0,RBF-SVM,-1.1375458124542979,-1.1375458124542979,-3.4409878732730963,0.0,-0.9673603202097902,0,0,0,0
456,281167,1.89,0,-0.9601091009974233,0,RBF-SVM,-1.0668775348536519,-1.0668775348536519,-2.6748753501019373,0.0,-0.5955815622134835,0,0,0,0
456,151519,1.63,1,-0.6526818282555596,0,RBF-SVM,0.2659640412043615,0.2659640412043615,19.747834231828357,0.925,0.03881503386503345,0,1,1,1
456,265768,10.0,0,-1.182804343487363,0,RBF-SVM,-1.298730059652708,-1.298730059652708,-2.950991300971725,0.0,-0.8850790820241591,0,0,0,0
456,137751,1.0,0,-1.0851706710508209,0,RBF-SVM,-0.9535796673910618,-0.9535796673910618,-2.9263378903776838,0.0,-0.6040960841204551,0,0,0,0
456,148043,17.3,0,-0.9231663368718446,0,RBF-SVM,-0.7329835950552439,-0.7329835950552439,-2.9941864695982185,0.015,-0.056447899140896034,0,0,0,0
456,63421,99.99,1,-0.32471521740152365,1,RBF-SVM,0.381952692944752,0.381952692944752,7.940703711578665,0.94,0.03885044431298933,1,1,1,1
456,10690,1218.89,1,-0.5659440427992395,1,RBF-SVM,0.26596404120133765,0.26596404120133765,18.740173587611338,0.815,0.03881503386503345,0,1,1,1
456,44568,10.0,0,-0.9543205046064362,0,RBF-SVM,-0.988882264091954,-0.988882264091954,-3.513058875583644,0.0,-0.5971677688807361,0,0,0,0
456,168606,0.01,0,-0.7586396633927912,0,RBF-SVM,-0.804621844786929,-0.804621844786929,-3.6767020414294356,0.0,-0.1918556802232643,0,0,0,0
456,43428,364.19,1,-0.5491657985230378,1,RBF-SVM,0.2659640412012731,0.2659640412012731,18.33538924924046,0.875,0.03881503386503345,0,1,1,1
456,173325,4.0,0,-1.0859858919027328,0,RBF-SVM,-1.2079157419245474,-1.2079157419245474,-3.2847458830493705,0.0,-0.7530767522708529,0,0,0,0
456,278197,214.96,0,-0.9832466468219068,0,RBF-SVM,-0.07325172911069205,-0.07325172911069205,-3.3425510406326358,0.01,-0.06237879369439072,0,0,0,0
456,18987,6.28,0,-1.0314817165002612,0,RBF-SVM,-1.08987277968704,-1.08987277968704,-3.4730365562640175,0.0,-1.0528848034330884,0,0,0,0
456,61004,4.0,0,-1.0377678301694058,0,RBF-SVM,-1.1041881523846206,-1.1041881523846206,-3.29643456304085,0.0,-1.2545965896830955,0,0,0,0
456,284524,0.99,0,-1.08843263356554,0,RBF-SVM,-1.2241118330772252,-1.2241118330772252,-3.2074303719098882,0.0,-1.113706663823058,0,0,0,0
456,34267,56.97,0,-1.1131972998501607,0,RBF-SVM,-1.2122794984049308,-1.2122794984049308,-3.2987595155555183,0.0,-0.790736924292506,0,0,0,0
456,48951,29.9,0,-1.1005854122187249,0,RBF-SVM,-1.1460931162063464,-1.1460931162063464,-3.313661991655212,0.0,-0.6198020909359946,0,0,0,0
456,208726,17.99,0,-1.1084385313698113,0,RBF-SVM,-0.33192701788593293,-0.33192701788593293,-3.413810159544547,0.0,0.027983789192909975,0,0,0,1
456,162549,39.99,0,-1.0809278697870288,0,RBF-SVM,-1.0809136328792777,-1.0809136328792777,-3.4216326407459445,0.0,-0.4666634867874439,0,0,0,0
456,221188,189.66,0,-1.0606884449183072,0,RBF-SVM,-0.9101377991275289,-0.9101377991275289,-3.004269415993857,0.0,-0.6394277802182768,0,0,0,0
456,60145,130.25,0,-1.152941485110669,0,RBF-SVM,-1.2025086018192264,-1.2025086018192264,-3.182181941341675,0.0,-0.5387911409321238,0,0,0,0
456,73975,11.38,0,-1.006023243051989,0,RBF-SVM,-0.8806398013856748,-0.8806398013856748,-2.8992757240782097,0.015,-0.7049073611638779,0,0,0,0
456,34786,214.93,0,-0.9705325333019283,0,RBF-SVM,-0.5798245978576112,-0.5798245978576112,-2.780326575943659,0.005,-0.18319427163100924,0,0,0,0
456,142019,1.0,0,-1.0086482095566802,0,RBF-SVM,-1.0021921171512238,-1.0021921171512238,-3.2517558514797695,0.0,-0.5603767389213649,0,0,0,0
456,31713,66.28,0,-0.9680196719176508,0,RBF-SVM,-0.7793048242008703,-0.7793048242008703,-2.9364001686358927,0.0,-0.469972160260642,0,0,0,0
456,106735,84.55,0,-1.0282818486927543,0,RBF-SVM,-0.5330081094536414,-0.5330081094536414,-2.917627890277315,0.0,-0.2903106650596269,0,0,0,0
456,109692,20.0,0,-0.6194263385321546,1,RBF-SVM,0.0611074452443984,0.0611074452443984,-4.189135916701703,0.18,0.014331863089085899,0,0,0,1
456,105,9.47,0,-0.8608800160621202,0,RBF-SVM,-0.10980510400763793,-0.10980510400763793,-3.5391678538644973,0.0,-0.11874790040114264,0,0,0,0
456,187333,66.0,0,-1.038681485126217,0,RBF-SVM,-0.7817324200424755,-0.7817324200424755,-3.134708641203947,0.005,-0.5263872617880134,0,0,0,0
456,204079,108.51,1,-1.1296996778630386,0,RBF-SVM,-1.2672412685211873,-1.2672412685211873,-2.950003763560458,0.0,-0.7998829903592354,0,0,0,0
456,88636,322.0,0,-1.1053568681763934,0,RBF-SVM,-0.6005474079754975,-0.6005474079754975,-3.0316946442575783,0.0,-0.41400059503966335,0,0,0,0
456,123270,1.0,1,-0.9024732963430306,0,RBF-SVM,-0.8583301310429751,-0.8583301310429751,-2.6451980939256083,0.0,-0.05162138714396617,0,0,0,0
456,176254,9.9,0,-0.9287650916987233,0,RBF-SVM,-1.194268211318514,-1.194268211318514,-3.241476461026738,0.0,-0.5449351896956538,0,0,0,0
456,155402,75.0,0,-0.8635909104797852,0,RBF-SVM,-0.39549777278231746,-0.39549777278231746,-2.435424063989021,0.01,-0.08466871529478731,0,0,0,0
456,154670,104.0,1,-0.34774690271287156,1,RBF-SVM,0.2836321134699793,0.2836321134699793,11.327552991355702,0.965,0.038903321824767564,1,1,1,1
456,95935,7.57,0,-0.9587725706180705,0,RBF-SVM,-0.9733038418207548,-0.9733038418207548,-3.250814322731534,0.0,-0.7108196568605829,0,0,0,0
456,40525,1.0,1,-0.882290043586113,0,RBF-SVM,0.21568340198157004,0.21568340198157004,-2.1741019443754124,0.0,0.03827386466969328,0,0,0,1
456,51104,25.0,0,-1.0378546129920427,0,RBF-SVM,-1.074097004536382,-1.074097004536382,-2.7481633253641853,0.0,-0.14149507800141162,0,0,0,0
456,36973,45.0,0,-1.030125792047073,0,RBF-SVM,-1.1058774292844062,-1.1058774292844062,-3.537274621968997,0.0,-0.38743647928400443,0,0,0,0
456,151807,33.59,1,-0.3320542095786998,1,RBF-SVM,0.5075337468260019,0.5075337468260019,4.845697345912248,0.86,0.03881796462773965,1,1,1,1
456,219273,74.0,0,-1.0665067811742093,0,RBF-SVM,-1.0559514205154432,-1.0559514205154432,-2.989178569797766,0.0,-0.691681607982009,0,0,0,0
456,64027,28.0,0,-1.1241061951494196,0,RBF-SVM,-1.253568917244769,-1.253568917244769,-2.96333119077585,0.0,-1.0328847145311906,0,0,0,0
456,271945,1923.95,0,-0.77309912636974,0,RBF-SVM,0.2659218937054029,0.2659218937054029,-3.7723572781651944,0.225,0.038815033864956223,0,0,0,1
456,30442,4.56,1,-0.42871063035143486,1,RBF-SVM,0.40248974006741667,0.40248974006741667,10.661963856283041,0.97,0.03942122473207692,1,1,1,1
456,172479,25.0,0,-0.9039756327901821,0,RBF-SVM,-0.48671331451562594,-0.48671331451562594,-3.5123097006877737,0.095,-0.21895733709432882,0,0,0,0
456,128392,9.99,0,-1.1221430446878502,0,RBF-SVM,-1.0270011482268626,-1.0270011482268626,-3.4725675395599707,0.0,-0.553493883079856,0,0,0,0
456,97775,1.0,0,-1.0729588349403092,0,RBF-SVM,-1.0987247216159681,-1.0987247216159681,-3.0904721536141615,0.0,-0.8292225290416455,0,0,0,0
456,185251,223.94,0,-0.933152556462476,0,RBF-SVM,-0.288228396674723,-0.288228396674723,-2.700546769700295,0.005,-0.24012123881675787,0,0,0,0
456,261651,1.0,0,-1.1366750088042745,0,RBF-SVM,-1.3022290688815112,-1.3022290688815112,-3.0048290219410885,0.0,-0.9645675072970661,0,0,0,0
456,182931,18.9,0,-1.0745519524261509,0,RBF-SVM,-1.0695135400256315,-1.0695135400256315,-3.0072016866262343,0.005,-0.3544449234016329,0,0,0,0
456,96789,101.5,1,-0.1111634469739951,1,RBF-SVM,0.8098834418809236,0.8098834418809236,2.8965957879636393,0.93,0.08316842136507821,1,1,1,1
456,33405,46.91,0,-1.1295441582905514,0,RBF-SVM,-0.9372094066512101,-0.9372094066512101,-3.4119264811695866,0.0,-0.5511750585108735,0,0,0,0
456,245235,5.0,0,-1.1097499895470269,0,RBF-SVM,-1.1597485774263117,-1.1597485774263117,-3.260465481896282,0.0,-0.2659018879281698,0,0,0,0
456,214636,25.0,0,-1.0869853180363935,0,RBF-SVM,-0.9465628734005519,-0.9465628734005519,-3.219544853970996,0.0,-0.53202589683476,0,0,0,0
456,83658,1.0,0,-1.0366669232138508,0,RBF-SVM,-1.0112071181794797,-1.0112071181794797,-3.0473824019176408,0.0,-0.8139536775921763,0,0,0,0
456,251798,813.45,0,-0.858231536347694,0,RBF-SVM,0.2090894840120347,0.2090894840120347,-2.4519243592072044,0.23,-0.015020353783954034,0,0,0,1
456,49908,2216.5,0,-0.5541779590515566,1,RBF-SVM,0.2659618313518211,0.2659618313518211,-3.0084752779263564,0.31,0.038815033865033315,0,0,0,1
456,82405,44.39,0,-1.0711760869090718,0,RBF-SVM,-1.1859217478941422,-1.1859217478941422,-2.6998288949207256,0.0,-0.9922907357694855,0,0,0,0
456,56703,0.76,1,-0.9597373102645274,0,RBF-SVM,-1.2919733307218433,-1.2919733307218433,-2.9283347064286724,0.0,-0.8910543464744767,0,0,0,0
456,271393,4.86,0,-1.1068971907423946,0,RBF-SVM,-0.8447912564005856,-0.8447912564005856,-2.788011867670588,0.005,-0.8667475397522224,0,0,0,0
456,11622,5.0,0,-0.9035362372228317,0,RBF-SVM,-0.6854778100063107,-0.6854778100063107,-2.2118373639887166,0.02,-0.24977192186502264,0,0,0,0
456,134800,1.0,0,-0.9835661395322395,0,RBF-SVM,-0.5755544467424519,-0.5755544467424519,-1.908541107758016,0.0,0.038748040334129256,0,0,0,1
456,102444,1.0,1,0.9999473650518399,1,RBF-SVM,0.9999006080253393,0.9999006080253393,3.755261094468262,1.0,1.0000419453845444,1,1,1,1
456,43147,23.5,0,-0.8214452412924216,0,RBF-SVM,-0.6891803674455306,-0.6891803674455306,-3.212109278823572,0.0,-0.22617677058423682,0,0,0,0
456,24939,69.9,0,-0.9400560486409575,0,RBF-SVM,-0.6746793988378189,-0.6746793988378189,-3.0851883965728355,0.0,-0.48133884616482964,0,0,0,0
456,11376,39.95,0,-1.0573238460330447,0,RBF-SVM,-1.2818135989903245,-1.2818135989903245,-2.7793724242318154,0.0,-0.39738073745405805,0,0,0,0
456,17936,140.0,0,-1.0301597627400625,0,RBF-SVM,-1.106014495804176,-1.106014495804176,-2.974494533015006,0.0,-0.6615373055826079,0,0,0,0
456,230524,16.01,0,-0.9568491957084412,0,RBF-SVM,-0.576968693453782,-0.576968693453782,-3.088960847517251,0.04,-0.1712788851891132,0,0,0,0
456,216233,0.69,0,-1.0014450760921818,0,RBF-SVM,-0.9010918162289548,-0.9010918162289548,-2.6723767549302777,0.005,-0.8046543715871797,0,0,0,0
456,171498,10.0,0,-1.060857256692517,0,RBF-SVM,-0.8135782301871058,-0.8135782301871058,-3.7444200453813625,0.0,-0.5566942619482008,0,0,0,0
456,110287,14.32,0,-1.0613901514078319,0,RBF-SVM,-1.3053009633603239,-1.3053009633603239,-2.8837533778671354,0.0,-1.0389438919685063,0,0,0,0
456,237232,1.98,0,-1.137655986090264,0,RBF-SVM,-0.9099349825126836,-0.9099349825126836,-2.887837528689885,0.005,-0.585575271714628,0,0,0,0
456,37448,150.0,0,-1.0396675121990262,0,RBF-SVM,-0.9074042675887525,-0.9074042675887525,-3.1980769330294847,0.005,-0.43747344647038533,0,0,0,0
456,73175,69.45,0,-1.1026010067905583,0,RBF-SVM,-1.3236730573129054,-1.3236730573129054,-3.188289671483771,0.0,-1.0990527762276006,0,0,0,0
456,101750,1148.8,0,-0.7143269093152,0,RBF-SVM,0.24494113512160495,0.24494113512160495,-2.9061878137752917,0.075,0.03878526869996367,0,0,0,1
456,193812,0.0,0,-0.9556674148707984,0,RBF-SVM,-0.8776506186669709,-0.8776506186669709,-2.6481853707106113,0.01,-0.06794493856273381,0,0,0,0
456,51273,13.48,0,-1.0024657076427097,0,RBF-SVM,-1.274182138487502,-1.274182138487502,-3.1964517924353197,0.0,-0.7134896708686281,0,0,0,0
456,136133,12.37,0,-0.9550807007292046,0,RBF-SVM,-1.1909606350098443,-1.1909606350098443,-3.4090300740878394,0.0,-0.42465471686905715,0,0,0,0
456,59971,9.21,0,-0.8030123720277884,0,RBF-SVM,-0.031810259420035625,-0.031810259420035625,-2.849599883445286,0.005,-0.07634126206155681,0,0,0,0
456,172209,20.86,0,-1.0851011122167362,0,RBF-SVM,-1.1227627268187685,-1.1227627268187685,-2.644150868393139,0.0,-0.314036983523857,0,0,0,0
456,60693,2.0,0,-0.9670227673440307,0,RBF-SVM,-0.995387374181178,-0.995387374181178,-3.373771771532998,0.0,-0.3612229992159524,0,0,0,0
456,59294,130.0,0,-0.9915401994362866,0,RBF-SVM,-1.0197024994755157,-1.0197024994755157,-2.65187154237093,0.0,-0.29393001356883214,0,0,0,0
456,4588,10.0,0,-0.9617501841527609,0,RBF-SVM,-0.8133966724398874,-0.8133966724398874,-2.884351251341782,0.0,-0.2992415121897484,0,0,0,0
456,185109,70.2,0,-0.9468159649402705,0,RBF-SVM,-1.0481763542899674,-1.0481763542899674,-3.756838515831845,0.0,-0.7044706758958801,0,0,0,0
456,252196,15.0,0,-0.9564971785427594,0,RBF-SVM,-1.1380499502030457,-1.1380499502030457,-3.258285393579394,0.0,-0.5391311922515667,0,0,0,0
456,172258,15.0,0,-1.1435118254021348,0,RBF-SVM,-0.8246666796961714,-0.8246666796961714,-2.839912599602492,0.005,-0.5101687450422988,0,0,0,0
456,62074,15.0,0,-0.9059066134188796,0,RBF-SVM,0.0021646725327978955,0.0021646725327978955,-2.912292752976415,0.01,0.013386935270947795,0,0,0,1
456,6734,1.0,1,-0.10530164586285967,1,RBF-SVM,0.5409837487060545,0.5409837487060545,6.704760722725085,0.96,0.051721552100426844,1,1,1,1
456,208855,500.0,0,-0.8488112837575601,0,RBF-SVM,-0.08582268596233167,-0.08582268596233167,-3.155149974497876,0.01,-0.11891153998960238,0,0,0,0
456,220428,1.0,0,-0.9000768058629005,0,RBF-SVM,-0.7987055473859469,-0.7987055473859469,-3.0809423289020703,0.0,-0.33045913739519883,0,0,0,0
456,154587,0.0,1,-0.665961169946632,0,RBF-SVM,0.26596404120121997,0.26596404120121997,21.76128173479076,0.8,0.03881503386503345,0,1,1,1
456,19736,12.0,0,-0.9168268467733367,0,RBF-SVM,-0.7644972268881783,-0.7644972268881783,-2.8775821093657727,0.01,-0.41014174520979885,0,0,0,0
456,251006,6.24,0,-1.1245877651706198,0,RBF-SVM,-1.2923577248666152,-1.2923577248666152,-3.4372888169099474,0.0,-0.9496872436739987,0,0,0,0
456,246179,64.99,0,-1.076526971145904,0,RBF-SVM,-1.1126831082338997,-1.1126831082338997,-3.4129482640810167,0.0,-0.8466111535521965,0,0,0,0
456,101292,9.0,0,-0.8417428084679134,0,RBF-SVM,-0.13255144490732723,-0.13255144490732723,-2.729203370513769,0.08,-0.07743075162120222,0,0,0,0
456,42784,45.49,1,-0.6941153440779505,0,RBF-SVM,0.26596435666098045,0.26596435666098045,18.753050118878754,0.89,0.03881503386503574,0,1,1,1
456,267661,54.95,0,-1.027190093612935,0,RBF-SVM,-0.9411592810782984,-0.9411592810782984,-2.817620803322,0.0,-0.4618766765095131,0,0,0,0
456,39313,75.31,0,-0.9694206655728929,0,RBF-SVM,-0.9281088906821034,-0.9281088906821034,-3.212904800041234,0.0,-0.4884070587629891,0,0,0,0
456,268984,154.1,0,-0.9655750804044912,0,RBF-SVM,-0.38618053697511123,-0.38618053697511123,-2.630560938717648,0.005,0.0012498688818931014,0,0,0,1
456,44332,23.0,0,-1.094190954410668,0,RBF-SVM,-1.3463124874045769,-1.3463124874045769,-3.136713402140494,0.0,-1.1295575078444895,0,0,0,0
456,48487,17.99,0,-1.086646932974597,0,RBF-SVM,-1.0844383490544294,-1.0844383490544294,-3.0106122699096494,0.0,-0.875329440110477,0,0,0,0
456,15373,219.52,0,-1.0615515042429013,0,RBF-SVM,-0.8014225694866198,-0.8014225694866198,-3.4190943025112888,0.0,-0.5280957593074616,0,0,0,0
456,164987,19.6,0,-0.9786747484788885,0,RBF-SVM,-1.0910428178385896,-1.0910428178385896,-3.6887017122915795,0.0,-0.5400088271837812,0,0,0,0
456,221088,76.57,0,-0.9147150779222272,0,RBF-SVM,-0.9991929900181461,-0.9991929900181461,-2.7563965387241116,0.01,-0.6575022431368899,0,0,0,0
456,56902,15.49,0,-1.1131919733217635,0,RBF-SVM,-1.143840358311452,-1.143840358311452,-2.8903615134647866,0.01,-1.0732215845610913,0,0,0,0
456,13232,78.13,0,-0.8824557348701771,0,RBF-SVM,-0.4671778942624245,-0.4671778942624245,-2.4115063450444483,0.02,-0.16208455927021034,0,0,0,0
456,103609,339.0,0,-0.8704641189681244,0,RBF-SVM,-0.1066272957409336,-0.1066272957409336,-3.589093288265654,0.01,-0.07292060450856036,0,0,0,0
456,215892,43.0,0,-1.1558018593150015,0,RBF-SVM,-1.3005225602627095,-1.3005225602627095,-3.2511000196453423,0.0,-0.9798261173212772,0,0,0,0
456,128832,15.29,0,-1.0834697737453098,0,RBF-SVM,-1.1559316027882804,-1.1559316027882804,-3.421353575710275,0.0,-0.9986551941140811,0,0,0,0
456,14240,15.0,0,-1.1334078464242001,0,RBF-SVM,-1.08808355190709,-1.08808355190709,-3.117646828495972,0.005,-0.20687352462181538,0,0,0,0
456,196757,11.5,0,-1.0970811499791213,0,RBF-SVM,-1.2036134291787777,-1.2036134291787777,-3.507091809840967,0.0,-0.5896725499887061,0,0,0,0
456,145925,1.0,0,-1.11626367000616,0,RBF-SVM,-1.166017555029951,-1.166017555029951,-3.240828365454404,0.005,-1.0774949995153484,0,0,0,0
456,263357,24.39,0,-1.0639217486499515,0,RBF-SVM,-0.7957599576361069,-0.7957599576361069,-2.4799438995754666,0.005,-0.6375267294186538,0,0,0,0
456,75172,6.6,0,-0.9121889102716471,0,RBF-SVM,-0.8110568397510841,-0.8110568397510841,-2.7971489234212106,0.0,-0.3414667394248416,0,0,0,0
456,212318,27.1,0,-0.7759700559623519,0,RBF-SVM,-0.36908205413459694,-0.36908205413459694,-2.7956077997100253,0.005,-0.016689432625780452,0,0,0,1
456,4683,27.99,0,-1.1386288739240733,0,RBF-SVM,-1.2328766959501474,-1.2328766959501474,-3.005121859562468,0.0,-0.7107185817714086,0,0,0,0
456,154697,7.59,1,-0.21233832604196534,1,RBF-SVM,0.43154131006064156,0.43154131006064156,9.669860396041734,0.995,0.03882123094248868,1,1,1,1
456,278629,291.6,0,-1.014239841977404,0,RBF-SVM,-0.8903564306496875,-0.8903564306496875,-2.3788454796594527,0.0,-0.2110693525984327,0,0,0,0
456,99506,489.71,1,-0.46692663238266646,1,RBF-SVM,0.3568030159173862,0.3568030159173862,2.9838464054425864,0.78,0.06534827170138358,1,1,1,1
456,86291,1.79,0,-0.8520362542404731,0,RBF-SVM,-0.5511750460350981,-0.5511750460350981,-2.756363570549239,0.0,-0.22879833551409154,0,0,0,0
456,42007,0.76,1,-0.38915022717831493,1,RBF-SVM,0.44747224310983946,0.44747224310983946,7.939469147368298,0.88,0.04284386903536039,1,1,1,1
456,46394,89.99,0,-0.9344173571660905,0,RBF-SVM,-0.8629747081501861,-0.8629747081501861,-3.0757276450049464,0.0,-0.03896628117518482,0,0,0,0
456,658,8.83,0,-1.043531540930078,0,RBF-SVM,-1.1430081759661106,-1.1430081759661106,-2.9505062551846053,0.0,-1.2339355210674507,0,0,0,0
456,70339,109.47,0,-1.218355019779394,0,RBF-SVM,-1.3364666882080969,-1.3364666882080969,-3.1337005332957806,0.0,-0.8523178261479637,0,0,0,0
456,102750,8.99,0,-1.0470290561833477,0,RBF-SVM,-1.1855423364221203,-1.1855423364221203,-3.088254688680702,0.0,-0.8379558575426607,0,0,0,0
456,151618,3.89,0,-0.957043726535288,0,RBF-SVM,-0.8218045932132753,-0.8218045932132753,-2.916684060574235,0.0,0.006483773857559522,0,0,0,1
456,203078,40.0,0,-1.202491952284873,0,RBF-SVM,-1.266789552513948,-1.266789552513948,-3.178749047179649,0.0,-1.0857584151033581,0,0,0,0
456,23614,1456.08,0,-0.6939624767318319,0,RBF-SVM,0.25198935045831483,0.25198935045831483,-1.9051623968410518,0.315,0.038809545820332914,0,0,0,1
456,65775,15.36,0,-1.0247366880595705,0,RBF-SVM,-1.2376290724208818,-1.2376290724208818,-3.252131506348014,0.0,-1.1475703981486227,0,0,0,0
456,243699,1.0,1,-0.3744274679336756,1,RBF-SVM,0.27369182181318796,0.27369182181318796,8.093712042207654,0.835,0.03907152269731846,1,1,1,1
456,10898,15.0,0,-1.0460178969566627,0,RBF-SVM,-0.8456036092444527,-0.8456036092444527,-3.4730108121474164,0.0,-0.09631666307176939,0,0,0,0
456,207294,49.99,0,-1.0416453962803822,0,RBF-SVM,-1.1557735200125054,-1.1557735200125054,-2.90019489582298,0.0,-0.8931274036294804,0,0,0,0
456,277419,1.79,0,-1.092469120747877,0,RBF-SVM,-1.3508046311472648,-1.3508046311472648,-3.2624653946293387,0.0,-1.0601605768791802,0,0,0,0
456,45854,9.95,0,-0.9779355128887722,0,RBF-SVM,-0.5952374397510054,-0.5952374397510054,-2.9542279216445855,0.005,-0.1293196969539199,0,0,0,0
456,72757,1.79,1,-0.879657398695844,0,RBF-SVM,-0.7706812323918694,-0.7706812323918694,-3.4948573080290704,0.0,-0.10728223169861067,0,0,0,0
456,204167,75.99,0,-1.0087959909105726,0,RBF-SVM,-0.20720965634915217,-0.20720965634915217,-3.5638242749188374,0.0,-0.0018066179639894264,0,0,0,1
456,10987,3.56,0,-1.0053577972257854,0,RBF-SVM,-0.9578802354479993,-0.9578802354479993,-2.620507684384684,0.0,-0.5124956214454578,0,0,0,0
456,150692,37.93,1,-0.4191026978195801,1,RBF-SVM,0.2659642037577594,0.2659642037577594,19.415834993594114,0.945,0.03881503386503366,0,1,1,1
456,128892,357.0,0,-0.8990668321901027,0,RBF-SVM,-0.06202546501904327,-0.06202546501904327,-2.7815458552011143,0.045,-0.037929028910675656,0,0,0,0
456,34634,11.46,0,-1.0208035271420126,0,RBF-SVM,-0.7575165563066616,-0.7575165563066616,-2.6794354952942885,0.01,-0.4769382575107714,0,0,0,0
456,112867,18.91,0,-1.0336621241057506,0,RBF-SVM,-1.2469119179759791,-1.2469119179759791,-2.9784348193241144,0.0,-0.7934451391302808,0,0,0,0
456,134925,28.2,0,-1.0022367438616495,0,RBF-SVM,-1.299039148680488,-1.299039148680488,-3.1631215449815406,0.0,-0.4494194799080467,0,0,0,0
456,117176,2.49,0,-1.0132263810007132,0,RBF-SVM,-0.9874079610125869,-0.9874079610125869,-2.9378263213973144,0.005,-0.9051937671309103,0,0,0,0
456,97014,1.79,0,-1.1541832346630243,0,RBF-SVM,-1.028814769730984,-1.028814769730984,-3.014412938143931,0.0,-0.7916004193369364,0,0,0,0
456,59539,19.73,1,-0.1514317436718633,1,RBF-SVM,0.6539110163094362,0.6539110163094362,2.3178242024309177,0.915,0.29886444401816403,1,1,1,1
456,206803,9.84,0,-1.0083859469626466,0,RBF-SVM,-0.9945511262519363,-0.9945511262519363,-2.6965206372543022,0.015,-0.8988879201027523,0,0,0,0
789,154088,15.95,0,-0.7191647229952413,0,Logistic regression,-3.638327922002194,-1.2906005110750796,-3.638327922002194,0.01,-0.308084129733245,0,0,0,0
789,72826,1200.02,0,0.16981195381451133,1,Logistic regression,-2.9873610261013965,-0.7892900508905668,-2.9873610261013965,0.13,0.04029701477660354,0,0,0,1
789,240593,193.33,0,-0.6525516534580081,0,Logistic regression,-2.4526431859420446,-1.2297500436593451,-2.4526431859420446,0.33,0.018852030424347462,0,0,0,1
789,191359,4.87,1,0.2566987731604419,1,Logistic regression,3.8342793949178713,0.7569866369262037,3.8342793949178713,0.94,0.13910094069170403,1,1,1,1
789,154676,2.28,1,0.6522577258596931,1,Logistic regression,7.273242225123044,0.6778636140999637,7.273242225123044,0.89,0.04440868322313925,1,1,1,1
789,87509,95.77,0,-0.582360533989451,0,Logistic regression,-2.462806163552074,-1.0734910740889632,-2.462806163552074,0.04,-0.11147400051231604,0,0,0,0
789,126771,4.99,0,-1.1930195144415054,0,Logistic regression,-2.7680929100909872,-1.4570773959793306,-2.7680929100909872,0.0,-0.07860202313269281,0,0,0,0
789,15751,99.99,1,0.3386955224818675,1,Logistic regression,11.62033791189408,-0.12184655059371098,11.62033791189408,0.555,0.043501249531132435,1,1,1,1
789,227375,3.03,0,-0.48340942265017195,0,Logistic regression,-1.92420046786344,-1.2298930782577937,-1.92420046786344,0.0,-0.14856965880264203,0,0,0,0
789,196318,2.56,0,-0.6014384912539866,0,Logistic regression,-1.8472261819814526,-1.1867118041898355,-1.8472261819814526,0.005,-0.1401483661593114,0,0,0,0
789,74794,311.91,1,0.264464746897004,1,Logistic regression,0.6113829781751203,-0.7134327339155581,0.6113829781751203,0.045,0.0434972725490411,0,1,0,1
789,83173,9.95,0,-0.9330968542063177,0,Logistic regression,-2.7525361031964706,-1.3764684376243395,-2.7525361031964706,0.0,-0.6783186577318933,0,0,0,0
789,41781,29.0,0,-0.4087490866726554,0,Logistic regression,-2.0401975387325697,-1.3784549018268617,-2.0401975387325697,0.005,-0.48114667424085433,0,0,0,0
789,99251,2.69,0,-1.1120274360973843,0,Logistic regression,-2.434111078484113,-1.3073793477642064,-2.434111078484113,0.0,-1.1612865220625888,0,0,0,0
789,251904,94.82,1,0.4321085699915292,1,Logistic regression,3.860268033735789,0.8262614474753728,3.860268033735789,0.93,0.058409779335650724,1,1,1,1
789,284136,63.9,0,-0.9278688178599791,0,Logistic regression,-2.626570013268609,-1.346152549488151,-2.626570013268609,0.0,-0.5276711801478136,0,0,0,0
789,135829,196.5,0,-0.5398184262212068,0,Logistic regression,-2.3298934799627355,-0.8699211101607683,-2.3298934799627355,0.01,-0.34752516564882086,0,0,0,0
789,180936,1.39,0,-0.882027981603558,0,Logistic regression,-1.7815629136212978,-1.019886683221898,-1.7815629136212978,0.1,-0.4112300872272824,0,0,0,0
789,256516,10.0,0,-0.9114094564473972,0,Logistic regression,-3.193032379812819,-1.204162777228095,-3.193032379812819,0.0,-0.685954711005326,0,0,0,0
789,14104,3.12,1,-0.016674797453051837,0,Logistic regression,-1.4568353134475114,-0.8487540008854758,-1.4568353134475114,0.0,-0.18944346628119568,0,0,0,0
789,144308,1.29,0,-1.2230807099107976,0,Logistic regression,-2.8449919631067466,-1.3912342477874033,-2.8449919631067466,0.0,-1.2960893979985548,0,0,0,0
789,98200,64.49,0,-1.1542434443004286,0,Logistic regression,-2.165469643687438,-1.1394248206734974,-2.165469643687438,0.0,-1.0011254999728831,0,0,0,0
789,248216,28.0,0,-1.1378341510838594,0,Logistic regression,-2.1434050085814103,-1.2651774404934337,-2.1434050085814103,0.0,-0.2001441993307776,0,0,0,0
789,112247,99.0,0,-0.7866024986742904,0,Logistic regression,-2.9197630981275626,-1.1640240165405173,-2.9197630981275626,0.005,-0.40607324910925957,0,0,0,0
789,213718,19.89,0,-0.860906413297185,0,Logistic regression,-3.6968964094374597,-1.3110064935841732,-3.6968964094374597,0.0,-0.05140308851872713,0,0,0,1
789,218653,1.29,0,-0.4586314345510749,0,Logistic regression,-2.7761817681938643,-1.2278615358769551,-2.7761817681938643,0.32,-0.624069690475218,0,0,0,0
789,176794,7.55,0,-0.7958880018051048,0,Logistic regression,-1.9281025629770934,-1.2323091147426437,-1.9281025629770934,0.0,-0.6475621845099927,0,0,0,0
789,200104,200.0,0,-0.6160467120648115,0,Logistic regression,-3.370613726580845,-1.1378666177330592,-3.370613726580845,0.005,-0.020743466939631472,0,0,0,1
789,117212,11.94,0,-1.2618053966037057,0,Logistic regression,-2.387157075376649,-1.203722862780972,-2.387157075376649,0.0,-0.8145892650731784,0,0,0,0
789,21513,15.98,0,-1.120004476991976,0,Logistic regression,-2.81264599256635,-1.4644147368949254,-2.81264599256635,0.0,-0.7543509425343273,0,0,0,0
789,250761,0.77,1,0.6505092764269444,1,Logistic regression,5.927918079734163,0.6155979514419634,5.927918079734163,0.935,0.1956274572661835,1,1,1,1
789,154234,1.0,1,0.32561241992664847,1,Logistic regression,4.880427436343877,-0.1216615165061957,4.880427436343877,0.875,0.043501249531132435,1,1,1,1
789,30473,14.46,1,0.4964367530789584,1,Logistic regression,6.453287832110136,0.29279482334614143,6.453287832110136,0.845,0.04373631746486154,1,1,1,1
789,108733,16.49,0,-1.2424415329830372,0,Logistic regression,-2.974726194229056,-1.3848695440571026,-2.974726194229056,0.0,-0.7505567069264557,0,0,0,0
789,252774,0.77,1,0.45600187465740083,1,Logistic regression,5.694816104615236,0.5667233620924732,5.694816104615236,0.96,0.12203120322385401,1,1,1,1
789,149895,1.98,0,-0.8295181258143721,0,Logistic regression,-3.028666359357281,-1.4003513701876413,-3.028666359357281,0.0,-0.07283933420625324,0,0,0,0
789,111367,22.0,0,-0.8176202779009002,0,Logistic regression,-3.107857100009422,-1.3422101042877586,-3.107857100009422,0.0,-0.6786331540673401,0,0,0,0
789,66385,185.87,0,-0.6610785822279827,0,Logistic regression,-3.0989089115339663,-1.1049175399892368,-3.0989089115339663,0.0,-0.43784026528474923,0,0,0,0
789,42702,13.28,0,-0.7427752750256168,0,Logistic regression,-1.9300777766897945,-1.2827299048990088,-1.9300777766897945,0.0,-0.45495714293135125,0,0,0,0
789,130415,163.95,0,-1.2630948841301781,0,Logistic regression,-2.468411156946666,-1.3896290324688723,-2.468411156946666,0.0,-0.585401605848794,0,0,0,0
789,29596,6.03,0,-0.8166496921601182,0,Logistic regression,-2.903587967428175,-1.0781579193336315,-2.903587967428175,0.0,-0.362108863602383,0,0,0,0
789,124211,8.99,0,-0.9257339006189979,0,Logistic regression,-2.3603614167435656,-1.3291256366623556,-2.3603614167435656,0.0,-1.0192341080079401,0,0,0,0
789,187833,47.85,0,-1.272107115718819,0,Logistic regression,-3.178735949571416,-1.4450991087029008,-3.178735949571416,0.0,-0.9057428562013282,0,0,0,0
789,101381,33.99,0,-1.102405778870117,0,Logistic regression,-2.2695465147484692,-1.19540684051478,-2.2695465147484692,0.01,-0.750627677091408,0,0,0,0
789,90937,7.0,0,-0.9932280428390631,0,Logistic regression,-3.225910104048616,-1.2745594966803953,-3.225910104048616,0.0,-0.5638821249826182,0,0,0,0
789,190368,175.9,1,0.5103558989854011,1,Logistic regression,3.4171716838205537,0.9402622352552582,3.4171716838205537,0.63,0.10654743068283971,1,1,1,1
789,84141,0.89,0,-1.151379517136753,0,Logistic regression,-2.65788319518357,-1.3595421200899809,-2.65788319518357,0.0,-1.1753516364152494,0,0,0,0
789,108394,245.7,0,-0.7286604778650502,0,Logistic regression,-2.895885232705778,-1.378603737188123,-2.895885232705778,0.005,-0.4689959688517583,0,0,0,0
789,259326,20.0,0,-1.1370845282948583,0,Logistic regression,-3.073963832843718,-1.299331372927334,-3.073963832843718,0.0,-0.6303239053782564,0,0,0,0
789,275891,78.36,0,-0.11150510204839614,0,Logistic regression,-1.838348545909291,-1.107086133960033,-1.838348545909291,0.28,-0.01981137067754629,0,0,0,1
789,8917,200.05,0,-0.29739004322290497,0,Logistic regression,-4.219754070764128,-1.021903986286773,-4.219754070764128,0.03,0.03646456434731374,0,0,0,1
789,36289,57.12,0,-0.8619711865479408,0,Logistic regression,-1.8825670670675407,-1.2908223569157555,-1.8825670670675407,0.0,-0.9145725730684896,0,0,0,0
789,15506,99.99,1,0.3507844596966274,1,Logistic regression,11.652722149988605,-0.12185725050058226,11.652722149988605,0.555,0.043501249531132435,1,1,1,1
789,4662,3.79,0,-0.8794087535406568,0,Logistic regression,-3.098054140775221,-1.1671948457148336,-3.098054140775221,0.0,-0.5152530112051781,0,0,0,0
789,116780,6.4,0,-0.7290536644665607,0,Logistic regression,-1.7815482901696655,-1.186863412110951,-1.7815482901696655,0.005,-0.6534507503696024,0,0,0,0
789,258923,130.47,0,-0.7518233849920265,0,Logistic regression,-2.014545291345377,-1.2178272779261938,-2.014545291345377,0.005,-0.40866878457601,0,0,0,0
789,160900,0.89,0,-1.1912973499077784,0,Logistic regression,-2.997252083891098,-1.3477633674694987,-2.997252083891098,0.0,-0.7858895066786752,0,0,0,0
789,144108,310.42,1,0.4975730035897716,1,Logistic regression,4.614911796893425,0.841876336686262,4.614911796893425,0.785,0.05593068897674934,1,1,1,1
789,125357,330.0,0,-0.7192270308179763,0,Logistic regression,-1.99903496147647,-1.229645422501201,-1.99903496147647,0.02,-0.6618493758612272,0,0,0,0
789,79087,10.31,0,-1.3111524881255168,0,Logistic regression,-3.232786810315981,-1.5235509401177867,-3.232786810315981,0.0,-0.11366239127164177,0,0,0,0
789,72757,1.79,1,-0.2887929252467064,0,Logistic regression,-3.348297885713621,-1.0454124364450637,-3.348297885713621,0.02,-0.011532901365280061,0,0,0,1
789,27350,50.0,0,-0.5370847268437321,0,Logistic regression,-2.8984568911725255,-1.2922555591936025,-2.8984568911725255,0.01,-0.2794019981520822,0,0,0,0
789,156007,11.27,0,-1.044282064738828,0,Logistic regression,-3.718566729073146,-1.5044098283556897,-3.718566729073146,0.0,-0.473162916331748,0,0,0,0
789,202098,15.0,0,-1.2507119339331743,0,Logistic regression,-2.686235116165653,-1.257364972087852,-2.686235116165653,0.0,-0.8338569519575592,0,0,0,0
789,167184,105.89,1,0.4713027008872419,1,Logistic regression,8.793753286653292,-0.14926173685353444,8.793753286653292,0.98,0.043501248417758,0,1,1,1
789,121648,136.18,0,-1.0949568463896049,0,Logistic regression,-2.4604880883498415,-1.283632139399193,-2.4604880883498415,0.0,-0.6807573859948727,0,0,0,0
789,187727,1.0,0,0.3846760878840577,1,Logistic regression,-1.6458125331686198,-0.12186598132836626,-1.6458125331686198,0.23,0.043501249531132435,1,0,0,1
789,151454,0.01,0,-0.3276675791090261,0,Logistic regression,-3.6811873601843734,-0.7962566832238882,-3.6811873601843734,0.03,0.031129069966977906,0,0,0,1
789,214463,23.99,0,-1.274605430244172,0,Logistic regression,-2.638846478894983,-1.3688374871908884,-2.638846478894983,0.0,-0.9741809933587264,0,0,0,0
789,135873,15.0,0,-0.3113117274556654,0,Logistic regression,-2.256251758294413,-1.2112404207066931,-2.256251758294413,0.0,-0.35572736892855183,0,0,0,0
789,247995,51.37,1,0.7284878399333282,1,Logistic regression,2.2181741690234755,0.7737395837056359,2.2181741690234755,0.89,0.33505915920939994,1,1,1,1
789,280304,123.29,0,-1.2501879912501526,0,Logistic regression,-2.778967966460575,-1.3982093010423542,-2.778967966460575,0.0,-0.9278953238615945,0,0,0,0
789,54274,81.88,0,-0.8337814752800138,0,Logistic regression,-3.5383118357252625,-1.439434106809029,-3.5383118357252625,0.015,0.03968237082423016,0,0,0,1
789,215043,11.5,0,-0.999724959264752,0,Logistic regression,-2.0410733563836585,-1.2752580156756985,-2.0410733563836585,0.0,-0.7773258982017163,0,0,0,0
789,45293,84.95,0,-1.2363221245383191,0,Logistic regression,-2.678918209571905,-1.3468822520248147,-2.678918209571905,0.0,-0.8013024750653074,0,0,0,0
789,253023,1.0,0,0.062206227401677416,0,Logistic regression,-1.5479482122156683,-0.8113680793316704,-1.5479482122156683,0.29,-0.08431017456632933,0,0,0,0
789,49653,435.7,0,-0.7943044273622012,0,Logistic regression,-2.752376958506931,-1.2719190236434972,-2.752376958506931,0.06,-0.26226322079049164,0,0,0,0
789,150715,11.4,1,0.3582184602689492,1,Logistic regression,12.116061701579529,0.1730083486837184,12.116061701579529,0.86,0.04352993043241582,1,1,1,1
789,50340,435.7,0,-0.808643963040267,0,Logistic regression,-2.8930437249039294,-1.3103734982685968,-2.8930437249039294,0.06,-0.33849519109737625,0,0,0,0
789,264443,18.6,0,-1.1237709144680998,0,Logistic regression,-3.0358126365974742,-1.2822961083937718,-3.0358126365974742,0.0,-0.6709918308631821,0,0,0,0
789,257277,455.0,0,-0.7172747326958983,0,Logistic regression,-2.4594618029759983,-1.3687478584357877,-2.4594618029759983,0.0,-0.2977268308699915,0,0,0,0
789,49120,365.26,0,-0.8456777804066141,0,Logistic regression,-2.228896899454343,-1.341257976265441,-2.228896899454343,0.005,-0.13539650852515336,0,0,0,0
789,265922,1.98,0,-0.27027084301018556,0,Logistic regression,-2.2239832976321448,-0.9258099762908415,-2.2239832976321448,0.315,-0.11076973847472371,0,0,0,0
789,61038,49.0,0,-1.1906980076428302,0,Logistic regression,-2.5774481895143087,-1.3442803240321757,-2.5774481895143087,0.0,-0.9826960199377528,0,0,0,0
789,157049,6.95,0,-0.4616409819373172,0,Logistic regression,-3.8806646121207056,-1.2013539237407937,-3.8806646121207056,0.05,-0.2940196861676268,0,0,0,0
789,8392,78.1,0,-0.5200197823683842,0,Logistic regression,-3.291723172206811,-1.193419492963577,-3.291723172206811,0.0,-0.10995642287349955,0,0,0,0
789,243226,13.92,0,-0.8733589810662842,0,Logistic regression,-2.1910960827770696,-1.3247098470501297,-2.1910960827770696,0.0,-0.4979570490678388,0,0,0,0
789,117168,1.29,0,-1.1685260548360028,0,Logistic regression,-2.6602783965629597,-1.3519993405168496,-2.6602783965629597,0.0,-1.2239392653466434,0,0,0,0
789,253298,15.0,0,-0.6346226889748138,0,Logistic regression,-3.390315459079913,-1.1348051212242223,-3.390315459079913,0.0,-0.6111071126948041,0,0,0,0
789,98533,64.99,0,-1.2233120982557089,0,Logistic regression,-2.92650286097778,-1.4296504224751145,-2.92650286097778,0.0,-1.1523951050690573,0,0,0,0
789,239949,9.99,0,-1.101162554847189,0,Logistic regression,-2.4581674980675694,-1.3751606519442374,-2.4581674980675694,0.0,-0.2645058670781248,0,0,0,0
789,278293,0.89,0,-0.9586663065239137,0,Logistic regression,-3.40323946687343,-1.3041368165232474,-3.40323946687343,0.005,-1.1054471965334605,0,0,0,0
789,17435,29.69,0,-1.2743822254076824,0,Logistic regression,-2.8375913462018145,-1.410756595109232,-2.8375913462018145,0.0,-0.961039200014774,0,0,0,0
789,623,529.0,1,-0.13734699337065603,0,Logistic regression,-2.889245456263919,-1.1978247806414168,-2.889245456263919,0.015,0.03655079473439119,0,0,0,1
789,253667,68.25,0,-0.8188601482892325,0,Logistic regression,-2.4201742810897455,-1.073252795223635,-2.4201742810897455,0.01,-0.5099866796547601,0,0,0,0
789,270014,10.98,0,-0.4512423355288754,0,Logistic regression,-2.764024477044967,-1.2841209383008705,-2.764024477044967,0.0,-0.42914573309390286,0,0,0,0
789,131357,19.99,0,-1.2527328987826585,0,Logistic regression,-2.912819529400016,-1.4316908660254022,-2.912819529400016,0.0,-1.0222884527383995,0,0,0,0
789,82502,150.87,0,-0.7593642831011761,0,Logistic regression,-2.8762742273655477,-1.0668406833773583,-2.8762742273655477,0.03,-0.2505940917742149,0,0,0,0
789,234730,40.98,0,-0.7163793044815109,0,Logistic regression,-2.17338980220274,-1.2422459714361436,-2.17338980220274,0.0,-0.48663557418986036,0,0,0,0
789,81543,48.4,0,-0.8962433115137997,0,Logistic regression,-3.7582032515554937,-1.5003667845044935,-3.7582032515554937,0.005,-0.5196404739074746,0,0,0,0
789,115318,6.99,0,-1.2435949105903092,0,Logistic regression,-2.3819144917325503,-1.2936969495841053,-2.3819144917325503,0.0,-1.0606381851800624,0,0,0,0
789,255403,4.97,1,0.4467885254001498,1,Logistic regression,3.3557964693507856,0.7934705655983392,3.3557964693507856,0.9,0.1669125780886975,1,1,1,1
789,97585,20.1,0,-0.6977877462680734,0,Logistic regression,-2.7577598579362728,-1.497751569382058,-2.7577598579362728,0.0,-0.1191553897019807,0,0,0,0
789,83053,6.27,1,0.9667144991901174,1,Logistic regression,2.360035347247014,1.081827407359311,2.360035347247014,0.925,0.5601140274580869,1,1,1,1
789,83564,14.98,0,-1.0536898098502436,0,Logistic regression,-3.1722960870837293,-1.3646788570703452,-3.1722960870837293,0.0,-0.285699379662459,0,0,0,0
789,72985,61.98,0,-0.8537436858385327,0,Logistic regression,-2.000101969518935,-1.3062284658725387,-2.000101969518935,0.0,-0.6534957295580939,0,0,0,0
789,46998,204.27,1,0.2378001630719097,1,Logistic regression,0.9460448479184951,0.7878878153445956,0.9460448479184951,0.66,0.10266488794370085,1,1,1,1
789,108258,0.76,1,-0.6200595388138329,0,Logistic regression,-2.650759721248432,-1.218672866915967,-2.650759721248432,0.08,-0.04519687257089071,0,0,0,1
789,146874,12.29,0,-1.0730338043971503,0,Logistic regression,-2.2556257320157105,-1.323667303771538,-2.2556257320157105,0.005,-0.0985363441756793,0,0,0,0
789,189918,50.0,0,-1.2460304979008594,0,Logistic regression,-3.0745297227219903,-1.4225343989024604,-3.0745297227219903,0.0,-0.9111341682019815,0,0,0,0
789,26663,16.66,0,-1.013486236196877,0,Logistic regression,-2.2550028530697515,-1.182193690719433,-2.2550028530697515,0.0,-0.5210199855416356,0,0,0,0
789,30314,7.61,1,0.5099412820985305,1,Logistic regression,7.0266398217456585,0.40170840917853995,7.0266398217456585,0.885,0.0446471077304114,1,1,1,1
789,13444,29.0,0,-1.1816431729894168,0,Logistic regression,-2.9575189110302573,-1.5304722794132328,-2.9575189110302573,0.0,-0.4159682741880744,0,0,0,0
789,32413,190.13,0,-0.6610388709765899,0,Logistic regression,-1.6296659260816293,-1.0580320957100289,-1.6296659260816293,0.01,-0.2805761971080909,0,0,0,0
789,141258,0.0,1,0.46794214229460795,1,Logistic regression,8.951269635921147,0.133997302932593,8.951269635921147,0.93,0.04355540018607028,1,1,1,1
789,159753,400.75,0,-0.6051775845022892,0,Logistic regression,-2.7015925996167858,-1.2479883674632513,-2.7015925996167858,0.035,-0.2589560374102453,0,0,0,0
789,86155,101.5,1,0.16521689249657318,1,Logistic regression,0.9928564853489878,0.3921615563711293,0.9928564853489878,0.645,0.045017909210708015,1,1,1,1
789,125567,64.11,0,-0.31605371115121017,0,Logistic regression,-2.2574169193895433,-0.887146996036449,-2.2574169193895433,0.03,-0.01557571908548172,0,0,0,1
789,241959,18.96,0,0.172396914794971,1,Logistic regression,-0.9327290477214936,-0.8176896031688444,-0.9327290477214936,0.025,-0.01157739142147561,0,0,0,1
789,101944,13.41,0,-0.705467632031226,0,Logistic regression,-3.1362096585529655,-1.1608861312396521,-3.1362096585529655,0.005,-0.38788194580075747,0,0,0,0
789,258403,296.0,1,0.4341570381390517,1,Logistic regression,-0.5355833043128959,-0.22344146087410435,-0.5355833043128959,0.795,0.043463960888700526,0,0,1,1
789,164180,1.29,0,-0.9713956227536614,0,Logistic regression,-3.3747086798251313,-1.3064379917045288,-3.3747086798251313,0.0,-1.1024303249484741,0,0,0,0
789,275758,59.95,0,-0.8607206629008904,0,Logistic regression,-3.300173195755372,-1.286076513421078,-3.300173195755372,0.0,-0.3177650554379999,0,0,0,0
789,44130,18.95,0,-1.2816765901117546,0,Logistic regression,-2.8471010314970537,-1.4367068110815249,-2.8471010314970537,0.0,-0.14249459540070128,0,0,0,0
789,68522,0.76,1,0.7366446278259617,1,Logistic regression,2.3568057540407716,1.0648001249269754,2.3568057540407716,0.89,0.22122227474970957,1,1,1,1
789,126235,12.57,0,-0.48169345524844664,0,Logistic regression,-3.500595582473486,-1.3721605828323995,-3.500595582473486,0.0,-0.6640012557873975,0,0,0,0
789,41114,215.09,0,0.042163815889948386,0,Logistic regression,-2.243785286291742,-0.940920950935546,-2.243785286291742,0.01,0.014877996557783494,0,0,0,1
789,200701,31.5,0,-0.7004334921662138,0,Logistic regression,-2.063912363811541,-1.2239713923591178,-2.063912363811541,0.26,-0.27273418350024337,0,0,0,0
789,112868,26.0,0,-0.8447204104877207,0,Logistic regression,-2.827057029501479,-1.3404201339186823,-2.827057029501479,0.0,-0.6539418110413442,0,0,0,0
789,61888,99.0,0,-0.7603735051823327,0,Logistic regression,-1.6117388682725404,-1.05478961512832,-1.6117388682725404,0.0,-0.3611843807903471,0,0,0,0
789,52277,11.99,0,-1.0040702697799335,0,Logistic regression,-3.160470257013276,-1.3849013888231716,-3.160470257013276,0.0,-1.0852011598944518,0,0,0,0
789,104038,9.99,0,-0.9752694046359563,0,Logistic regression,-1.8080910337795433,-1.1067390372055725,-1.8080910337795433,0.0,-0.5108936518788466,0,0,0,0
789,208456,8.36,0,-0.9783007612349749,0,Logistic regression,-2.268108207056216,-1.3670443584547114,-2.268108207056216,0.0,-0.13393690793504714,0,0,0,0
789,234980,66.0,0,-1.1304698528306836,0,Logistic regression,-2.1163438804134143,-1.2555913401739183,-2.1163438804134143,0.0,-0.724347315046922,0,0,0,0
789,180601,9.49,0,-0.5295527401548998,0,Logistic regression,-2.437770550763976,-1.0625830404154937,-2.437770550763976,0.0,-0.21626336529949747,0,0,0,0
789,98440,15.0,0,-1.0278162189557158,0,Logistic regression,-3.2040693083851117,-1.2653412765062222,-3.2040693083851117,0.0,-0.8687097594144897,0,0,0,0
789,26000,143.03,0,-0.6850237448982915,0,Logistic regression,-2.509554349848082,-1.4004387471675384,-2.509554349848082,0.0,-0.16016347898684113,0,0,0,0
789,9805,15.95,0,-1.1651786543888214,0,Logistic regression,-2.748642939841162,-1.4502901268546506,-2.748642939841162,0.0,-0.399168532874725,0,0,0,0
789,234705,0.0,1,0.6749070069517549,1,Logistic regression,2.998542326101439,0.9905972432653481,2.998542326101439,1.0,0.08173737785923438,1,1,1,1
789,246013,42.0,0,-0.8957571967633001,0,Logistic regression,-2.648367598796068,-1.353146702776969,-2.648367598796068,0.0,-0.6318365967465436,0,0,0,0
789,283750,54.51,0,-1.0978391068727005,0,Logistic regression,-2.765382338927117,-1.4099236040700855,-2.765382338927117,0.0,-0.058757037310337185,0,0,0,1
789,109331,1.54,0,-1.0974187696833155,0,Logistic regression,-3.2704302866999444,-1.4194906666575777,-3.2704302866999444,0.0,-0.920089844748794,0,0,0,0
789,112383,1.29,0,-0.9663154722056854,0,Logistic regression,-2.072198825683541,-1.2429207989392266,-2.072198825683541,0.0,-0.9702836085966973,0,0,0,0
789,90549,19.98,0,-1.0622541574032471,0,Logistic regression,-3.0440271591470704,-1.2517996546800871,-3.0440271591470704,0.0,-0.8840592673668692,0,0,0,0
789,124115,1.0,1,0.4126089338407753,1,Logistic regression,2.248793178877361,0.49014730347769137,2.248793178877361,0.56,0.23857963989232805,1,1,1,1
789,151007,1.0,1,0.4074922273529555,1,Logistic regression,7.613182303530341,-0.12184334354174059,7.613182303530341,0.67,0.043501249531132435,1,1,1,1
789,75511,170.92,1,0.5119858426934981,1,Logistic regression,2.0414579763914054,1.033329516806937,2.0414579763914054,0.915,0.1390327494082586,1,1,1,1
789,42945,0.76,1,0.4267655671134877,1,Logistic regression,13.521804962340727,-0.07721428856187967,13.521804962340727,0.8,0.04350557612937097,1,1,1,1
789,201207,45.0,0,-0.7629441335371644,0,Logistic regression,-3.002239310241495,-1.2441598655994472,-3.002239310241495,0.0,-0.5436196697491259,0,0,0,0
789,198686,69.99,0,-0.16882860796405152,0,Logistic regression,-2.5993786164405868,-1.2373155958369306,-2.5993786164405868,0.0,-0.0968145032563962,0,0,0,0
789,173006,266.95,0,-1.2449718469112376,0,Logistic regression,-3.0927321601612485,-1.4736005120857327,-3.0927321601612485,0.0,-0.09369427827388258,0,0,0,0
789,33705,1.49,0,-0.10360163672290412,0,Logistic regression,0.2986465280412074,-0.6249671596254706,0.2986465280412074,0.045,0.043372365998603585,0,1,0,1
789,13100,18.0,0,-0.5211798864613211,0,Logistic regression,-3.9518826045969626,-1.3670506296881006,-3.9518826045969626,0.0,-0.1899081914318186,0,0,0,0
789,58818,91.0,0,-0.36352879418593254,0,Logistic regression,-1.6332436716180088,-1.080799598962629,-1.6332436716180088,0.01,-0.3954102748916344,0,0,0,0
789,99759,19.99,0,-0.9921674542873694,0,Logistic regression,-2.1411307086122426,-1.2776921312067615,-2.1411307086122426,0.0,-0.3716770310968291,0,0,0,0
789,76870,0.77,0,-0.6741736384797633,0,Logistic regression,-1.882261818886279,-1.284723692314151,-1.882261818886279,0.0,-0.7446026340259596,0,0,0,0
789,143484,15.97,0,-0.8147821367024036,0,Logistic regression,-2.115639434645592,-1.3636090639669054,-2.115639434645592,0.0,-0.6054846666374879,0,0,0,0
789,231129,165.24,0,-0.811857544102876,0,Logistic regression,-2.663632996386216,-1.027304872764815,-2.663632996386216,0.0,-0.4454273118939339,0,0,0,0
789,154371,2.28,1,0.34107392548156745,1,Logistic regression,3.2631274608114085,-0.12181369720053344,3.2631274608114085,0.89,0.043501249531132435,1,1,1,1
789,33895,33.6,0,-1.2755232755330335,0,Logistic regression,-2.768782725113847,-1.3855841220019642,-2.768782725113847,0.005,-0.14805127566989595,0,0,0,0
789,241035,0.77,0,-1.0075205302319983,0,Logistic regression,-2.706665310754055,-1.3691694468934397,-2.706665310754055,0.0,-0.5654115841713881,0,0,0,0
789,88897,1.1,1,0.4864789110998161,1,Logistic regression,5.1330436205964,0.4070797177226035,5.1330436205964,0.725,0.043893370124268055,1,1,1,1
789,237461,7.36,0,-0.78369161298466,0,Logistic regression,-1.9937621250499444,-1.1495661671981914,-1.9937621250499444,0.0,-0.6454625925872501,0,0,0,0
789,33276,12.31,1,0.433195757199563,1,Logistic regression,0.1996810504123232,-0.052301714148885764,0.1996810504123232,0.535,0.04350124952831774,1,1,1,1
789,194940,49.2,0,-1.1175102190467348,0,Logistic regression,-2.9184006514906407,-1.2261407848141879,-2.9184006514906407,0.0,-0.5367104955171441,0,0,0,0
789,127724,46.0,0,-0.8370210763653242,0,Logistic regression,-2.4108380649148864,-1.2058169019609313,-2.4108380649148864,0.005,-0.4760638232282923,0,0,0,0
789,70515,127.12,0,-0.9568153741618856,0,Logistic regression,-1.9758792361760515,-1.1277542905202733,-1.9758792361760515,0.0,-0.733067491814568,0,0,0,0
789,166642,11.09,0,-1.0862708844354652,0,Logistic regression,-3.112717325925397,-1.4373519065480875,-3.112717325925397,0.0,-0.7958056457818182,0,0,0,0
789,237558,115.56,0,-0.5047374724070162,0,Logistic regression,-2.9100192454070095,-1.3043581288888284,-2.9100192454070095,0.0,0.016200396792711153,0,0,0,1
789,172800,8.34,0,-0.513231237772351,0,Logistic regression,-3.231993047151808,-1.313321408310761,-3.231993047151808,0.005,-0.22935543314737905,0,0,0,0
789,55370,89.99,0,0.006206976183944446,0,Logistic regression,-1.9251434177086175,-1.0736157364717853,-1.9251434177086175,0.215,-0.026414035113888096,0,0,0,1
789,45599,0.76,0,-0.4179296824224753,0,Logistic regression,-1.4425899008127996,-1.1424415977799982,-1.4425899008127996,0.0,-0.8311589421647314,0,0,0,0
789,30100,60.6,1,0.5625854968594135,1,Logistic regression,3.741852538148681,0.3821499045104531,3.741852538148681,0.945,0.045786378686297306,1,1,1,1
789,42741,459.07,1,0.5062638954886718,1,Logistic regression,13.586698052428506,0.32108982703673855,13.586698052428506,0.91,0.04394962490352627,1,1,1,1
789,135741,1.79,0,-1.1653025323863964,0,Logistic regression,-2.4036723986113855,-1.3517235632229863,-2.4036723986113855,0.0,-0.9551516831570327,0,0,0,0
789,118308,30.14,1,-0.6138136828178141,0,Logistic regression,-1.7933984393590219,-1.2689217349694286,-1.7933984393590219,0.0,-0.8269213531360805,0,0,0,0
789,31508,2.18,0,-1.0390806570307718,0,Logistic regression,-2.331296174742217,-1.2837388774403875,-2.331296174742217,0.0,-1.1895584205520322,0,0,0,0
789,12745,89.47,0,-0.9232745125039233,0,Logistic regression,-2.1011036725640424,-1.2491028295392854,-2.1011036725640424,0.0,-0.2268630225083933,0,0,0,0
789,45474,4.0,0,-1.1603448256356153,0,Logistic regression,-2.919061026773556,-1.478674846746915,-2.919061026773556,0.0,-0.9931626267705733,0,0,0,0
789,8312,1.0,1,0.5697930350928468,1,Logistic regression,4.8431938866976045,0.8707498917307612,4.8431938866976045,0.98,0.06729924537243019,1,1,1,1
789,264382,1.29,0,-0.3686041511292665,0,Logistic regression,-3.342668320879005,-1.091872756672928,-3.342668320879005,0.325,-0.21823481868776423,0,0,0,0
789,102898,70.46,0,0.3445058372677834,1,Logistic regression,-4.425683028570125,-0.15764593407573893,-4.425683028570125,0.31,0.043501249529552005,0,0,0,1
789,42579,5.89,0,-0.6447856897806105,0,Logistic regression,-3.5235936030600623,-1.1801325132669156,-3.5235936030600623,0.0,-0.017956051702712743,0,0,0,1
789,91092,81.2,0,0.2945860560945598,1,Logistic regression,-3.447281487935496,-0.827508541655623,-3.447281487935496,0.01,0.04034431178353724,0,0,0,1
789,226480,150.0,0,-1.0835893883849042,0,Logistic regression,-3.4479984020446657,-1.3642337509494427,-3.4479984020446657,0.0,-0.6024026567929557,0,0,0,0
789,105122,107.61,0,-0.9830078492556805,0,Logistic regression,-2.2310482361961195,-1.2648702445704938,-2.2310482361961195,0.005,-0.29610089018118907,0,0,0,0
789,198384,4.0,0,-0.8917493754289839,0,Logistic regression,-2.8709369959321704,-1.272873011431959,-2.8709369959321704,0.0,-0.4323292316100781,0,0,0,0
789,42635,11.38,1,0.4706616973955278,1,Logistic regression,13.040237824906512,0.2796497416750502,13.040237824906512,0.74,0.04626136805156274,1,1,1,1
789,32041,9.99,0,-1.2206434034815894,0,Logistic regression,-2.70182141303679,-1.2767596882418069,-2.70182141303679,0.0,-0.9990354573085767,0,0,0,0
789,194670,17.7,0,-1.200901296804993,0,Logistic regression,-2.471870913116344,-1.3702979759950091,-2.471870913116344,0.0,-0.33234312423040807,0,0,0,0
789,7327,0.0,0,-0.883138080866149,0,Logistic regression,-3.224383221560536,-1.2468366530826587,-3.224383221560536,0.0,0.03189103531418794,0,0,0,1
789,22241,101.74,0,-0.1922625643061101,0,Logistic regression,-1.3992355487839556,-0.7502613216601909,-1.3992355487839556,0.055,-0.2210461046579792,0,0,0,0
789,17206,120.74,0,-1.019573418789466,0,Logistic regression,-2.7124545148010855,-1.3673496015062636,-2.7124545148010855,0.0,-0.7275351099495188,0,0,0,0
789,15566,99.99,1,0.34128619023251583,1,Logistic regression,11.63648093177672,-0.12185081315328322,11.63648093177672,0.555,0.043501249531132435,1,1,1,1
789,60611,5.76,0,-0.8722510349621239,0,Logistic regression,-3.537040949799664,-1.3404201876415787,-3.537040949799664,0.0,-0.3445240632296849,0,0,0,0
789,154841,118.0,0,-0.8727035244552143,0,Logistic regression,-2.4732599858884137,-1.267132120119208,-2.4732599858884137,0.0,-0.116912705212111,0,0,0,0
789,216376,1.0,0,0.45567283485339294,1,Logistic regression,0.9354921045856672,0.42674203304976294,0.9354921045856672,0.235,0.05348763624875967,1,1,0,1
789,84390,73.35,0,-0.8084691479755505,0,Logistic regression,-2.6353754204087756,-1.1026914722744459,-2.6353754204087756,0.005,-0.27529411875372395,0,0,0,0
789,73417,1.0,0,-1.1108358457478387,0,Logistic regression,-2.048144892592046,-1.2080509097032555,-2.048144892592046,0.0,-0.8844908367418406,0,0,0,0
789,202557,12.0,0,-1.206725242027931,0,Logistic regression,-3.0206197007960465,-1.3650574398151394,-3.0206197007960465,0.0,-1.016883624003625,0,0,0,0
789,141260,512.25,1,0.5553762829224487,1,Logistic regression,9.018250482129272,0.017241587238574205,9.018250482129272,0.8,0.043504974804810276,1,1,1,1
789,101509,320.0,1,-0.3747889162943956,0,Logistic regression,-2.18619073682506,-1.2162605637085357,-2.18619073682506,0.03,-0.1384512480679007,0,0,0,0
789,11585,5.0,0,-0.9797491116887888,0,Logistic regression,-2.99531844183552,-1.1815414097766848,-2.99531844183552,0.005,-0.5606423535844425,0,0,0,0
789,39903,157.91,0,-1.1802631718036567,0,Logistic regression,-2.583667193213084,-1.3718433611570653,-2.583667193213084,0.0,-0.44544363712851226,0,0,0,0
789,102405,1.29,0,-1.1421467579749756,0,Logistic regression,-3.11301208470889,-1.359530483552235,-3.11301208470889,0.0,-1.0503588520207483,0,0,0,0
789,251410,26.95,0,-1.0209638478397527,0,Logistic regression,-3.4721058051063434,-1.3417386574432337,-3.4721058051063434,0.005,-0.5952332526838573,0,0,0,0
789,158940,19.99,0,-0.624920427878722,0,Logistic regression,-1.6404194813752746,-1.2389447386673071,-1.6404194813752746,0.0,-0.5457407661536539,0,0,0,0
789,215743,15.0,0,-0.8786239727534658,0,Logistic regression,-2.4084880833916857,-1.2674573063132109,-2.4084880833916857,0.0,-0.169355254694418,0,0,0,0
789,224135,8.98,0,-1.009279932770843,0,Logistic regression,-3.1450932547076698,-1.3398206388748692,-3.1450932547076698,0.0,-0.992571591607919,0,0,0,0
789,269844,32.0,0,-0.9227060046386936,0,Logistic regression,-3.3651461759625594,-1.2634620107285097,-3.3651461759625594,0.005,-0.7271702267234922,0,0,0,0
789,252290,44.0,0,-0.977983326000654,0,Logistic regression,-3.200481505674673,-1.3956239075134707,-3.200481505674673,0.0,-0.4270038604115544,0,0,0,0
789,189081,96.0,0,-1.0277861063569254,0,Logistic regression,-3.319548408349367,-1.4671787936076575,-3.319548408349367,0.005,-0.09249535249243954,0,0,0,0
789,123201,1.0,1,0.0650273695189495,0,Logistic regression,-1.243338321485539,-0.5823157940244811,-1.243338321485539,0.04,-0.09126356181818909,0,0,0,0
789,171964,0.05,0,-1.0492811974776157,0,Logistic regression,-3.0990674118845405,-1.4489388024840921,-3.0990674118845405,0.0,-0.33112159151202425,0,0,0,0
789,27201,13.99,0,-1.0850144833840374,0,Logistic regression,-2.0700837343213774,-1.294588521314354,-2.0700837343213774,0.0,-1.001154846879066,0,0,0,0
789,13319,511.0,0,0.1803040636378621,1,Logistic regression,-2.427557022025772,-0.9508707777582589,-2.427557022025772,0.04,0.03958136659122602,0,0,0,1
789,72690,102.9,0,-1.2719509375608746,0,Logistic regression,-3.17833384944992,-1.4032993124330455,-3.17833384944992,0.005,-0.4813704273742113,0,0,0,0
789,60669,18.58,0,-0.19363634294733723,0,Logistic regression,-2.778901193901394,-0.9028300111502964,-2.778901193901394,0.005,-0.032350630509978065,0,0,0,1
789,70475,10.39,0,-1.1505428051607653,0,Logistic regression,-2.9563800166829104,-1.3463457403814107,-2.9563800166829104,0.0,-0.9781372069768233,0,0,0,0
789,58422,208.58,1,-0.09815326667015745,0,Logistic regression,-2.2904383071269105,-0.7261672346391016,-2.2904383071269105,0.005,-0.08024090236691604,0,0,0,0
789,71242,120.9,0,-1.0894168421272759,0,Logistic regression,-2.8239303525121944,-1.2844663435127648,-2.8239303525121944,0.0,-0.9210338086394053,0,0,0,0
789,32894,32.18,0,-0.497352055978462,0,Logistic regression,-2.1946203848783843,-1.1698856293710098,-2.1946203848783843,0.02,-0.3499735797924546,0,0,0,0
789,42856,173.07,1,0.48271020417171984,1,Logistic regression,12.794149195299735,0.028501482952147536,12.794149195299735,0.86,0.04352606582526641,1,1,1,1
789,176049,2125.87,1,0.33538010466541546,1,Logistic regression,-2.857337362118515,-0.17250768695545196,-2.857337362118515,0.115,0.04350104674025683,0,0,0,1
789,160887,15.0,0,-0.922613432838641,0,Logistic regression,-2.6596846109115964,-1.1874329301046624,-2.6596846109115964,0.005,-0.6567457407083006,0,0,0,0
789,74496,0.83,1,0.5804944273308131,1,Logistic regression,7.731840371579561,0.5198788404318714,7.731840371579561,0.855,0.04355924009283321,1,1,1,1
789,204237,75.63,0,-0.6913649839700747,0,Logistic regression,-1.987134160091871,-1.237973568763774,-1.987134160091871,0.01,-0.2690555163198734,0,0,0,0
789,153897,19.99,0,-0.7450796189517891,0,Logistic regression,-2.538732710268274,-1.1508174014676866,-2.538732710268274,0.0,-0.008263158475475318,0,0,0,1
789,75223,157.33,0,-1.3277102282664974,0,Logistic regression,-2.813186561631392,-1.4071665481947475,-2.813186561631392,0.0,-0.562442931968041,0,0,0,0
789,180136,6.79,0,-0.47546156144923224,0,Logistic regression,-2.3037681736044333,-1.2043349989223966,-2.3037681736044333,0.0,-0.2524365568641351,0,0,0,0
789,255106,96.28,0,-0.3863282749882908,0,Logistic regression,-2.480203440997753,-0.8952024281181049,-2.480203440997753,0.0,-0.14872495592991966,0,0,0,0
789,163937,18.8,0,-1.0053120710856556,0,Logistic regression,-3.3955634939899855,-1.3057276859695035,-3.3955634939899855,0.0,-0.6438841235165897,0,0,0,0
789,6734,1.0,1,0.875091705657044,1,Logistic regression,3.9217253910658476,0.9760020914908559,3.9217253910658476,0.935,0.9534506059296486,1,1,1,1
789,210921,1.32,0,-1.0923088830788377,0,Logistic regression,-2.6976990003724692,-1.2474347873256488,-2.6976990003724692,0.0,-0.7779935101779166,0,0,0,0
789,58761,1.0,1,-0.4696511631913062,0,Logistic regression,-1.8922464753626949,-1.1355925275066276,-1.8922464753626949,0.0,-0.6108030449363288,0,0,0,0
789,264682,6.63,0,-0.9863066440766738,0,Logistic regression,-3.1974813639036936,-1.3282887923527908,-3.1974813639036936,0.0,-0.763564622502124,0,0,0,0
789,96121,5.99,0,0.24707991503484028,1,Logistic regression,-4.181824003380811,-0.3285316189955102,-4.181824003380811,0.73,0.04349225246080642,0,0,1,1
789,104294,9.99,0,-0.6143086700921557,0,Logistic regression,-2.6256357651216455,-1.3714934071297984,-2.6256357651216455,0.005,-0.7565508389498047,0,0,0,0
789,20140,9.99,0,-1.1983776077083608,0,Logistic regression,-3.081623680008602,-1.3209957610876906,-3.081623680008602,0.0,-1.2365925990504238,0,0,0,0
789,10497,3.79,1,-0.6635210051415802,0,Logistic regression,-2.4192021687797265,-1.17781997755434,-2.4192021687797265,0.0,-0.3104013269918371,0,0,0,0
789,205484,3.08,0,-1.028604614643557,0,Logistic regression,-2.9477827731741715,-1.3261015057718715,-2.9477827731741715,0.0,-1.0225045645480106,0,0,0,0
789,76555,153.46,1,0.5736898346270093,1,Logistic regression,7.746361123688167,0.3765059217792536,7.746361123688167,0.865,0.043559865643895426,1,1,1,1
789,193739,22.2,0,-0.809677551618532,0,Logistic regression,-2.5319863798114524,-1.3624639971190966,-2.5319863798114524,0.0,-0.38978245510923293,0,0,0,0
789,30641,15.21,0,-0.5686250669491762,0,Logistic regression,-2.085638719430656,-1.184423949937699,-2.085638719430656,0.025,-0.0245326561194828,0,0,0,1
789,9487,1.0,1,0.3960557840369774,1,Logistic regression,15.486625951832487,-0.07817551069113324,15.486625951832487,0.935,0.04374787182273739,1,1,1,1
789,6719,1.0,1,0.43107854483372277,1,Logistic regression,7.876938667450291,0.40181187765819865,7.876938667450291,0.975,0.04555401262553358,1,1,1,1
789,100925,52.21,0,-0.8683703870416485,0,Logistic regression,-2.2434171531395672,-1.3010126293909243,-2.2434171531395672,0.0,0.016107875959458933,0,0,0,1
789,18315,96.0,0,-0.7079660770971302,0,Logistic regression,-2.903892355827751,-1.1532818466667891,-2.903892355827751,0.01,-0.17313499874173358,0,0,0,0
789,211020,10.94,0,-0.5892005088845528,0,Logistic regression,-3.9833559371507166,-1.2840922938775146,-3.9833559371507166,0.005,-0.3602573110968951,0,0,0,0
789,16833,91.0,0,-0.8380911769444125,0,Logistic regression,-2.471590884615909,-1.3203205275423417,-2.471590884615909,0.0,-0.024991737043664766,0,0,0,1
789,22103,49.95,0,-0.9361613171102617,0,Logistic regression,-2.8695902944836065,-1.3396683299482932,-2.8695902944836065,0.0,-0.63956030926044,0,0,0,0
789,125382,115.71,0,-1.2294573539400546,0,Logistic regression,-2.991990738314417,-1.3589391796132049,-2.991990738314417,0.0,-1.2377302672210555,0,0,0,0
789,132659,32.06,0,-1.0649836051143655,0,Logistic regression,-2.0149804887384213,-1.1257629808916887,-2.0149804887384213,0.0,-0.8704158555211221,0,0,0,0
789,39335,15.18,0,-0.534823779414696,0,Logistic regression,-1.5450358301417713,-1.1601071677499766,-1.5450358301417713,0.0,-0.7125486234659354,0,0,0,0
789,231454,3552.96,0,0.18770638732176068,1,Logistic regression,5.227804335500151,-0.12184338248028277,5.227804335500151,0.205,0.043501249531132435,1,1,0,1
789,5287,35.96,0,-0.3106799657917194,0,Logistic regression,-2.5090508515367898,-1.3434513327784146,-2.5090508515367898,0.01,-0.06392265764771546,0,0,0,0
789,180872,3460.56,0,0.3049359337747826,1,Logistic regression,-0.9431393649042932,-0.12186701361157215,-0.9431393649042932,0.115,0.043501249531132435,1,0,0,1
789,257520,10.78,0,-0.31534581304865006,0,Logistic regression,-1.912008575675779,-1.202845024969983,-1.912008575675779,0.0,-0.18073509579188907,0,0,0,0
789,79321,16.99,0,-0.9434287010552272,0,Logistic regression,-2.547780697694984,-1.1886370413666973,-2.547780697694984,0.0,-0.2011789722080485,0,0,0,0
789,238366,2.0,1,0.20233243840305254,1,Logistic regression,1.5505868750421543,0.5110049056029892,1.5505868750421543,0.905,0.09284855921014758,1,1,1,1
789,112657,10.32,0,-1.2360006674743098,0,Logistic regression,-2.9406562150214395,-1.4194906932964955,-2.9406562150214395,0.0,-1.046189459052149,0,0,0,0
789,21273,3.29,0,-0.9940330543900532,0,Logistic regression,-1.9246830119020333,-1.2489552043600076,-1.9246830119020333,0.005,-0.2588781398989855,0,0,0,0
789,86396,284.25,0,-0.529787898025719,0,Logistic regression,-1.7898148108244532,-1.2546428710757827,-1.7898148108244532,0.0,-0.563198193264611,0,0,0,0
789,150881,1.5,0,-1.2252567882125316,0,Logistic regression,-2.431960287584835,-1.3194368313057603,-2.431960287584835,0.0,-0.29686768284875226,0,0,0,0
789,223298,39.85,0,-0.29812129008551946,0,Logistic regression,-2.3636238270813905,-1.2267914341604127,-2.3636238270813905,0.01,0.010909134706450385,0,0,0,1
789,44602,34.0,0,-0.9655889592660255,0,Logistic regression,-2.304748715112822,-1.236579458157089,-2.304748715112822,0.005,-0.6305100620077211,0,0,0,0
789,144754,323.77,1,-0.7270897911502342,0,Logistic regression,-3.642470008619127,-1.3015601328203064,-3.642470008619127,0.285,0.04306143462044506,0,0,0,1
789,151596,12.99,0,-1.0559859723689455,0,Logistic regression,-2.313926280146963,-1.3648503426384035,-2.313926280146963,0.0,-0.06005140340220025,0,0,0,1
789,20271,22.0,0,-1.020435251891695,0,Logistic regression,-2.3930980246574083,-1.2501479092737682,-2.3930980246574083,0.005,-0.6847596288008237,0,0,0,0
789,97121,3.1,0,-1.212825586934457,0,Logistic regression,-3.1920033858662133,-1.3974427407941425,-3.1920033858662133,0.0,-1.2115289108407736,0,0,0,0
789,181966,40.0,1,0.3640684321142496,1,Logistic regression,0.9752123764025713,0.38333910466960436,0.9752123764025713,0.525,0.09872322170162426,1,1,1,1
789,163031,260.86,0,-0.4684272089224787,0,Logistic regression,-3.67570778856766,-1.1036489485037015,-3.67570778856766,0.03,4.591844596104483e-05,0,0,0,1
789,57612,74.62,0,-1.0892445149876306,0,Logistic regression,-2.1528080605131863,-1.1723934568465073,-2.1528080605131863,0.0,-0.5026667333579543,0,0,0,0
789,97392,30.39,0,-0.7757966321939848,0,Logistic regression,-1.8445527190262867,-1.2041111682613952,-1.8445527190262867,0.0,-0.7761216756757883,0,0,0,0
789,80855,1299.0,0,0.3055286353081287,1,Logistic regression,-2.3280553928715517,-0.6141160833771009,-2.3280553928715517,0.075,0.04032957757650172,0,0,0,1
789,207174,99.43,0,-1.241472845723914,0,Logistic regression,-2.8623667706812697,-1.4460361623038405,-2.8623667706812697,0.0,-1.0592237508105167,0,0,0,0
789,250636,1.79,0,-1.1025449359306996,0,Logistic regression,-2.6101655420011562,-1.3259034683199915,-2.6101655420011562,0.0,-0.16853012766808073,0,0,0,0
789,223572,1.0,1,0.2771082994549996,1,Logistic regression,6.071840977823402,0.7477613174686013,6.071840977823402,0.675,0.08704177562553592,1,1,1,1
789,54984,107.0,0,-0.9020266937099596,0,Logistic regression,-1.922196997895768,-1.3020342538439333,-1.922196997895768,0.0,-1.1417845823240877,0,0,0,0
789,213092,22.47,1,0.027612896234760986,0,Logistic regression,-1.4240821625098323,-1.0531121000061283,-1.4240821625098323,0.315,0.04332028716021632,0,0,0,1
789,251353,61.59,0,-0.5768181747112769,0,Logistic regression,-3.064837432569505,-1.3042065460692398,-3.064837432569505,0.0,-0.20250407530844358,0,0,0,0
789,223366,1.0,1,0.49300743351969456,1,Logistic regression,3.1805491918823314,0.7636358845029501,3.1805491918823314,0.87,0.17222678090514076,1,1,1,1
789,156747,9.85,0,-0.6820887104597996,0,Logistic regression,-3.6481273957428137,-1.2328696565750428,-3.6481273957428137,0.0,-0.19196867462929312,0,0,0,0
789,95597,1354.25,1,0.2220425678114444,1,Logistic regression,2.5479815871242053,-0.1040002056479355,2.5479815871242053,0.78,0.043501249616739825,1,1,1,1
789,15458,2.68,0,-0.9213978352512541,0,Logistic regression,-2.5468321381645147,-1.3093264742734219,-2.5468321381645147,0.0,-1.0245124442928617,0,0,0,0
789,149145,6.99,1,0.3992495947421592,1,Logistic regression,5.472983879069929,-0.1438596095531064,5.472983879069929,0.87,0.04350124953113242,0,1,1,1
789,239447,8.0,0,-1.1704666910298385,0,Logistic regression,-2.392355295304907,-1.3734699803541297,-2.392355295304907,0.005,-0.8795280143667144,0,0,0,0
789,21190,70.0,0,-1.044463632253315,0,Logistic regression,-3.1117614204189064,-1.3837403901569947,-3.1117614204189064,0.0,-0.4483597848224555,0,0,0,0
789,34082,176.0,0,-1.0621009563713288,0,Logistic regression,-2.431433069277628,-1.3284602184355006,-2.431433069277628,0.015,-0.5602353843951774,0,0,0,0
789,98346,18.4,0,-1.154503022585403,0,Logistic regression,-2.3151016350249707,-1.24385678522256,-2.3151016350249707,0.0,-0.5065272260651384,0,0,0,0
789,76929,1.0,1,0.2899139212258233,1,Logistic regression,3.909141775886667,0.6999263923883111,3.909141775886667,0.915,0.09780827847966525,1,1,1,1
789,61366,104.56,0,-0.3222262867090705,0,Logistic regression,-2.4663381779212337,-0.8153730541666041,-2.4663381779212337,0.01,-0.20225141617540593,0,0,0,0
789,58329,14.26,0,-0.7321290858835746,0,Logistic regression,-3.116665669865035,-1.5768042628033028,-3.116665669865035,0.0,-0.11546705404444055,0,0,0,0
789,251682,10.62,0,-0.0385529631875427,0,Logistic regression,-0.9536604642235433,-1.0041214178958295,-0.9536604642235433,0.01,-0.1935434256663154,0,0,0,0
789,6336,1.0,1,0.5949022665658935,1,Logistic regression,5.306623422633046,0.9129636269883944,5.306623422633046,0.995,0.07526405463493197,1,1,1,1
789,81522,90.0,0,-1.2199240837869474,0,Logistic regression,-2.5875044771781837,-1.3823578617013546,-2.5875044771781837,0.0,-0.7881432827931008,0,0,0,0
789,273364,30.0,0,-0.853867699942337,0,Logistic regression,-2.306091018081507,-1.155081477622669,-2.306091018081507,0.025,-0.31620458898383896,0,0,0,0
789,101686,835.0,0,-0.1226567078821511,0,Logistic regression,-2.861410701159274,-0.8784251586069003,-2.861410701159274,0.105,0.042763837248927,0,0,0,1
789,88341,0.77,0,-0.6097373766680761,0,Logistic regression,-2.9613137374095433,-1.4843411435535083,-2.9613137374095433,0.0,-0.025187651928399557,0,0,0,1
789,204064,345.0,1,0.1794773849365917,1,Logistic regression,0.7846979888465979,0.44521270891646786,0.7846979888465979,0.885,0.04747774294135121,1,1,1,1
789,273875,90.65,0,-1.1796622261728307,0,Logistic regression,-2.8442333370770783,-1.3786441124466369,-2.8442333370770783,0.0,-0.648211517853155,0,0,0,0
789,222972,18.0,0,-1.126471352746873,0,Logistic regression,-3.2554825260856877,-1.4873839976341419,-3.2554825260856877,0.0,-1.0365160714222126,0,0,0,0
789,34623,382.0,0,-1.029007432663894,0,Logistic regression,-2.4709941046775943,-1.3714443256420044,-2.4709941046775943,0.0,-0.48955971996810665,0,0,0,0
789,117355,10.9,0,-1.1529649642379431,0,Logistic regression,-3.172114702248311,-1.4151167120896653,-3.172114702248311,0.0,-0.3871148065185693,0,0,0,0
789,149828,11.29,0,-1.0852375129864495,0,Logistic regression,-2.049749000746812,-1.1800561432715668,-2.049749000746812,0.0,-0.15728723350464818,0,0,0,0
789,119781,124.53,1,0.5307113331024959,1,Logistic regression,5.390233407726456,0.5044544309723374,5.390233407726456,0.9,0.05243257986837089,1,1,1,1
789,53794,1.0,1,0.662982159274962,1,Logistic regression,2.067495439324195,0.9823560476521912,2.067495439324195,0.595,0.5369736070313353,1,1,1,1
789,263370,1.0,0,-0.2265928963643955,0,Logistic regression,-1.0612971728707392,-0.8667239387060693,-1.0612971728707392,0.0,-0.18295281932251115,0,0,0,0
789,277929,355.94,0,-0.6559796629550126,0,Logistic regression,-2.388643040370435,-1.3855647628166787,-2.388643040370435,0.0,-0.0033552727708665783,0,0,0,1
789,197183,0.76,0,-1.096715425234906,0,Logistic regression,-2.4273651706589354,-1.3041688175543347,-2.4273651706589354,0.0,-0.6139607904796063,0,0,0,0
789,110430,1.98,0,-1.0746368744352837,0,Logistic regression,-3.0263001612337517,-1.3772180247565746,-3.0263001612337517,0.0,-1.1001803900257106,0,0,0,0
789,26281,56.0,0,-1.1751434917943455,0,Logistic regression,-2.22065908115877,-1.2127378717950141,-2.22065908115877,0.0,-1.056690757601068,0,0,0,0
789,17572,9.99,0,-1.0096504368266297,0,Logistic regression,-2.592709091718683,-1.2691065366997383,-2.592709091718683,0.005,-0.311514742877741,0,0,0,0
789,136087,1.5,0,-0.5632182489192057,0,Logistic regression,-1.5256940779510395,-1.2096936436592491,-1.5256940779510395,0.0,-0.8239909066092964,0,0,0,0
789,80760,113.92,1,0.5108140191852041,1,Logistic regression,1.8135806952280582,0.6345553379670036,1.8135806952280582,0.945,0.05445887305535078,1,1,1,1
789,102223,312.9,0,-0.31057482247787316,0,Logistic regression,-2.499639330430139,-1.2734344910607303,-2.499639330430139,0.015,-0.24079731604079957,0,0,0,0
789,249239,1096.99,1,0.046640761943537834,0,Logistic regression,-2.8979661196366653,-0.8815361009060103,-2.8979661196366653,0.195,0.037191853949421115,0,0,0,1
789,223051,1.98,0,-0.8509027694562589,0,Logistic regression,-2.8668359452073062,-1.2863651068653121,-2.8668359452073062,0.0,-0.9359942085234475,0,0,0,0
789,154697,7.59,1,0.571035813899277,1,Logistic regression,6.336285199343107,0.45804610924043593,6.336285199343107,0.815,0.043624686978188186,1,1,1,1
789,96428,1.0,0,0.06533692960065618,0,Logistic regression,-1.51611222441391,-0.717824669300253,-1.51611222441391,0.0,-0.016209231842394783,0,0,0,1
789,133010,5.47,0,-1.0347211903823466,0,Logistic regression,-2.6197752321210976,-1.3634548780657534,-2.6197752321210976,0.0,-0.7441398711109384,0,0,0,0
789,132539,0.99,0,-1.229919305777913,0,Logistic regression,-2.764747021402376,-1.3810055225401967,-2.764747021402376,0.0,-1.248129262374794,0,0,0,0
789,246126,69.0,0,-0.8540342699485471,0,Logistic regression,-2.498139146358298,-1.1402152365438303,-2.498139146358298,0.005,-0.6320845293465952,0,0,0,0
789,277414,52.0,0,-0.7895219161091226,0,Logistic regression,-3.484188295673569,-1.2149519913748266,-3.484188295673569,0.0,-0.41799316359495325,0,0,0,0
789,38041,22.9,0,-0.9922139051056523,0,Logistic regression,-2.257132120908867,-1.043000614492035,-2.257132120908867,0.01,-0.679324612266779,0,0,0,0
789,120832,3.59,0,-1.1780874660802927,0,Logistic regression,-2.6916213931414963,-1.3489943866670115,-2.6916213931414963,0.0,-1.2337823555899254,0,0,0,0
789,96454,7.99,0,-1.236871201353173,0,Logistic regression,-2.8801691514229706,-1.335540239719305,-2.8801691514229706,0.0,-1.1314697285632414,0,0,0,0
789,33609,21.0,0,-0.4496276446801477,0,Logistic regression,-3.057251254137779,-1.4954925066362175,-3.057251254137779,0.005,-0.254250146378706,0,0,0,0
789,116919,3.99,0,-0.2868730654666063,0,Logistic regression,-1.4059539883219874,-0.9750131482755156,-1.4059539883219874,0.0,-0.2633358216447527,0,0,0,0
789,153408,113.79,0,-0.19186995515765148,0,Logistic regression,-3.860830295807605,-0.9198234198872453,-3.860830295807605,0.34,0.043501249106160836,0,0,0,1
789,131760,2.69,0,-1.0147963920585887,0,Logistic regression,-3.1632718085103995,-1.3855917614309814,-3.1632718085103995,0.0,-1.0832288093516986,0,0,0,0
789,203947,48.0,0,-1.0611119247489218,0,Logistic regression,-3.124414213908699,-1.3227991504689263,-3.124414213908699,0.0,-0.36786319341260615,0,0,0,0
789,187423,0.89,0,-1.0396866545580559,0,Logistic regression,-2.242397020380773,-1.0835504562400469,-2.242397020380773,0.0,-0.06453955482867575,0,0,0,0
789,111304,8.05,0,-0.8758468638604667,0,Logistic regression,-2.432484429542349,-1.0614435799998567,-2.432484429542349,0.0,-0.5750140242872991,0,0,0,0
789,106873,12.99,0,-1.214809926775613,0,Logistic regression,-2.9173159870377825,-1.3387806282719636,-2.9173159870377825,0.0,-1.1229457439082906,0,0,0,0
789,15736,99.99,1,0.33880232709520297,1,Logistic regression,11.628398262934347,-0.1218483703294352,11.628398262934347,0.555,0.043501249531132435,1,1,1,1
789,168658,1.23,0,-0.5777457708258086,0,Logistic regression,-1.9315586324964076,-1.3427121236184596,-1.9315586324964076,0.0,-0.49919414056015976,0,0,0,0
789,37219,1.9,0,-0.36732148899419204,0,Logistic regression,-2.555435232313252,-1.2824071173289155,-2.555435232313252,0.0,-0.19431193649096132,0,0,0,0
789,150679,104.03,1,0.46724886091344264,1,Logistic regression,14.667463384874093,-0.10695012422838132,14.667463384874093,0.69,0.043502208099988476,1,1,1,1
789,223435,342.0,0,0.321393647405692,1,Logistic regression,3.7871743700486773,-0.32899356868580637,3.7871743700486773,0.365,0.04350101086072279,0,1,0,1
789,13239,45.9,0,-1.2655818194384372,0,Logistic regression,-3.400863301305848,-1.5291369746474137,-3.400863301305848,0.0,-0.2019763301441471,0,0,0,0
789,154929,19.99,0,-1.0776084102881796,0,Logistic regression,-3.4741917613388886,-1.3948782194448128,-3.4741917613388886,0.005,-0.09264250024436096,0,0,0,0
789,44050,17.99,0,-1.167333217737994,0,Logistic regression,-2.762234754117345,-1.303806880771971,-2.762234754117345,0.0,-0.8729322363277562,0,0,0,0
789,83417,5.91,1,0.37526840673562656,1,Logistic regression,2.971109141797622,0.6829494185455298,2.971109141797622,0.92,0.050181327511615303,1,1,1,1
789,20773,1.0,0,-1.049219529408414,0,Logistic regression,-3.4838741362659067,-1.352245615691719,-3.4838741362659067,0.0,-0.4660965909513052,0,0,0,0
789,151011,1.0,1,0.2995906835215111,1,Logistic regression,9.602048242509742,-0.07983686361584363,9.602048242509742,0.825,0.043501249531132435,1,1,1,1
789,224183,8.49,0,-0.8574335085395449,0,Logistic regression,-3.929906036206426,-1.3728327632315251,-3.929906036206426,0.0,-0.33364924033538995,0,0,0,0
789,22210,344.54,0,-0.4218851372892404,0,Logistic regression,-3.173391943136985,-1.2818641923376277,-3.173391943136985,0.02,-0.028304534857471586,0,0,0,1
789,124815,0.99,0,-1.1138804798005353,0,Logistic regression,-2.357679236292701,-1.214075288336967,-2.357679236292701,0.005,-0.41200533295321523,0,0,0,0
789,240330,104.9,0,-0.8103532922309494,0,Logistic regression,-3.5020407293326916,-1.3196292798984925,-3.5020407293326916,0.005,-0.44008512231038627,0,0,0,0
789,142405,12.31,1,0.5667306247477754,1,Logistic regression,7.133459304042581,0.3097727774478719,7.133459304042581,0.885,0.04360458280317441,1,1,1,1
789,26934,43.5,0,-0.9330859404404147,0,Logistic regression,-3.2005187029039277,-1.3221107320645626,-3.2005187029039277,0.005,-0.4619641714699232,0,0,0,0
789,42549,88.23,1,0.506656717203589,1,Logistic regression,13.913557757928974,0.0530445815502744,13.913557757928974,0.87,0.04378426734169269,1,1,1,1
789,48822,49.0,0,-0.7981385667631785,0,Logistic regression,-2.524776703881179,-1.3322529103119094,-2.524776703881179,0.0,-0.7657941554730686,0,0,0,0
789,251184,0.89,0,-0.8420944992630289,0,Logistic regression,-2.2772174937325165,-1.1795135939469,-2.2772174937325165,0.0,-0.688725654316332,0,0,0,0
789,134456,0.31,0,-0.5167501607977878,0,Logistic regression,-1.7980116850675185,-1.2815251187606873,-1.7980116850675185,0.005,-0.3635469514790146,0,0,0,0
789,257713,106.31,0,-0.24892852648373165,0,Logistic regression,-1.2662764220394833,-1.0661786252569774,-1.2662764220394833,0.005,-0.28614554802526804,0,0,0,0
789,276696,21.9,0,-0.4167956701207737,0,Logistic regression,-3.9216157882859015,-1.3144509632199288,-3.9216157882859015,0.31,0.04186430344871624,0,0,0,1
789,281340,209.9,0,-0.8854251543782387,0,Logistic regression,-3.696495520094397,-1.3360863848921638,-3.696495520094397,0.0,-0.22702461489094317,0,0,0,0
789,178757,35.8,0,-0.8465863191062245,0,Logistic regression,-2.464393937485492,-1.1344317152099377,-2.464393937485492,0.005,-0.5264213564650778,0,0,0,0
789,94042,21.72,0,-0.8852552404333177,0,Logistic regression,-2.5811070336449613,-1.1041158791110595,-2.5811070336449613,0.0,-0.621061553402958,0,0,0,0
789,45349,1.0,0,-1.275552393602697,0,Logistic regression,-2.829217056619817,-1.3245567858209233,-2.829217056619817,0.0,-0.8522798295840502,0,0,0,0
789,270179,19.35,0,-0.9518133436889386,0,Logistic regression,-1.9527235053652099,-1.2252071355073344,-1.9527235053652099,0.0,-0.7467290948283275,0,0,0,0
789,245218,19.95,0,-1.1337415552033514,0,Logistic regression,-2.2366308292254558,-1.2813565758102148,-2.2366308292254558,0.0,-0.6394646517165606,0,0,0,0
789,241134,59.29,0,-1.2377258020197277,0,Logistic regression,-2.9713049849106197,-1.4097453283298527,-2.9713049849106197,0.0,-0.9550548976809187,0,0,0,0
789,283927,4.99,0,-0.5896602988308116,0,Logistic regression,-3.5536486914086822,-1.444443171438575,-3.5536486914086822,0.0,-0.04781303369440336,0,0,0,1
789,15591,17.99,0,-1.009876192737376,0,Logistic regression,-2.2349776874118903,-1.1348856188202199,-2.2349776874118903,0.0,-0.5082641282503384,0,0,0,0
789,93214,200.0,0,-1.054906021449082,0,Logistic regression,-2.455007955325845,-1.4151994822691996,-2.455007955325845,0.0,-0.7594357762492019,0,0,0,0
789,30234,39.8,0,-1.2876499028214403,0,Logistic regression,-2.807114160206089,-1.4398668835663375,-2.807114160206089,0.0,-0.6121788250997837,0,0,0,0
789,213360,5.28,0,-0.4717954149675573,0,Logistic regression,-2.374135202328811,-1.3810005816698152,-2.374135202328811,0.0,-0.05232971815530753,0,0,0,1
789,37193,55.75,0,-1.0611728842697827,0,Logistic regression,-2.4941955090060954,-1.2130973866721044,-2.4941955090060954,0.0,-0.7565682778172471,0,0,0,0
789,183291,120.0,0,-1.1933818096622657,0,Logistic regression,-2.6863433629981475,-1.4447733373181706,-2.6863433629981475,0.0,-0.8748493895649028,0,0,0,0
789,102444,1.0,1,0.4976734920380174,1,Logistic regression,28.84562902094208,-0.12184338248028277,28.84562902094208,0.935,0.043501249531132435,1,1,1,1
789,281575,0.99,0,-1.1645685983538172,0,Logistic regression,-2.5207824450242744,-1.2333183228300957,-2.5207824450242744,0.0,-0.6275820191561625,0,0,0,0
789,282562,1.98,0,-0.49953888277184344,0,Logistic regression,-1.089084552456048,-0.8738083338835541,-1.089084552456048,0.025,-0.1100753448350757,0,0,0,0
789,7773,59.91,0,-0.9191674040111507,0,Logistic regression,-2.8249271269658296,-1.5160681620858094,-2.8249271269658296,0.005,-0.47289072075652827,0,0,0,0
789,102445,1.0,1,0.49767349203801736,1,Logistic regression,28.84562902094208,-0.12184338248028277,28.84562902094208,0.935,0.043501249531132435,1,1,1,1
789,245268,3.7,0,-0.7803482309302064,0,Logistic regression,-2.6363057066421165,-1.2362612175273207,-2.6363057066421165,0.06,-0.24197340484364344,0,0,0,0
789,3415,1.0,0,-0.9598415942553525,0,Logistic regression,-3.123276539272724,-1.4549591092769742,-3.123276539272724,0.0,-0.3209700401992831,0,0,0,0
789,216843,9.99,0,-1.0250255082051458,0,Logistic regression,-3.2596175394201907,-1.3176464009894122,-3.2596175394201907,0.0,-0.7815968889184227,0,0,0,0
789,43178,380.1,0,-0.5549234904888588,0,Logistic regression,-2.43058553293168,-1.152069289443605,-2.43058553293168,0.035,-0.38932626429809347,0,0,0,0
789,150680,104.03,1,0.46724886091344264,1,Logistic regression,14.667463384874093,-0.10695012422838132,14.667463384874093,0.69,0.043502208099988476,1,1,1,1
789,22532,0.89,0,0.2504751824308057,1,Logistic regression,-1.236364615030702,-0.7277774481571682,-1.236364615030702,0.0,-0.11622698205772333,0,0,0,0
789,213999,74.99,0,-1.0307730500404944,0,Logistic regression,-2.8991447871143086,-1.3642609423816128,-2.8991447871143086,0.0,-0.7121783672883361,0,0,0,0
789,158584,151.33,0,-0.5306407157496065,0,Logistic regression,-2.5229531333641875,-1.1474629130037601,-2.5229531333641875,0.285,0.02636642317924509,0,0,0,1
789,188100,216.98,0,-0.2162665488381278,0,Logistic regression,-1.7203855559040133,-0.9036434690607721,-1.7203855559040133,0.01,-0.26698824415630784,0,0,0,0
789,123673,75.78,0,-1.1043046001442658,0,Logistic regression,-2.623688011696819,-1.2304615897673723,-2.623688011696819,0.0,-0.782657864505807,0,0,0,0
789,215994,270.0,0,0.008182782299427038,0,Logistic regression,-1.9572709251933689,-1.1115094312971268,-1.9572709251933689,0.035,0.04266120666784331,0,0,0,1
789,39103,48.85,0,-1.2057172987604572,0,Logistic regression,-2.5874588869928576,-1.2495436981077128,-2.5874588869928576,0.0,-1.0596041755159513,0,0,0,0
789,233667,4.49,0,-0.9854554169013164,0,Logistic regression,-3.4103562995022196,-1.3142796583345246,-3.4103562995022196,0.005,-1.1127119163522117,0,0,0,0
789,193441,4.48,0,-0.9629493638653693,0,Logistic regression,-3.4881591226627857,-1.3159309427269648,-3.4881591226627857,0.005,-1.093588921656424,0,0,0,0
789,184836,6.82,0,0.2800384161762091,1,Logistic regression,-3.5448941142839874,-0.8220123427274642,-3.5448941142839874,0.095,0.029724441405320687,0,0,0,1
789,281144,245.0,1,0.5499603560080686,1,Logistic regression,2.8608343496318813,1.0083335716501804,2.8608343496318813,0.615,0.14258029466505184,1,1,1,1
789,239167,1.98,0,-1.2491762485927973,0,Logistic regression,-2.8314558292478256,-1.3510932435406864,-2.8314558292478256,0.0,-0.8140994769274309,0,0,0,0
789,83900,161.94,0,-0.7014997397670163,0,Logistic regression,-2.414782868219956,-1.0521912927219328,-2.414782868219956,0.01,-0.2957692256759062,0,0,0,0
789,17823,29.95,0,-1.0634142992034517,0,Logistic regression,-2.765839871222202,-1.273487249962756,-2.765839871222202,0.005,-0.6121711003071125,0,0,0,0
789,34108,79.0,0,-0.936211090188729,0,Logistic regression,-2.1216573296207346,-1.3340649532328008,-2.1216573296207346,0.01,-0.6705551507010558,0,0,0,0
789,122479,219.8,1,0.5497284482508447,1,Logistic regression,5.760698395497166,0.5809211467615223,5.760698395497166,0.785,0.04485414102911063,1,1,1,1
789,249607,35.0,1,0.23721062292400272,1,Logistic regression,0.3225623002977951,-0.20287972013200528,0.3225623002977951,0.79,0.04347311129031246,0,1,1,1
789,275908,106.99,0,-0.6239179925777495,0,Logistic regression,-1.9537583400104825,-1.3651451542447772,-1.9537583400104825,0.0,-0.12983708617406603,0,0,0,0
789,87246,217.47,0,-1.1650279115552769,0,Logistic regression,-2.7850850324257106,-1.3650732071868017,-2.7850850324257106,0.0,-0.54966370310746,0,0,0,0
789,164746,8.73,0,-0.3509891068224429,0,Logistic regression,-3.6945605855625065,-1.220006606106224,-3.6945605855625065,0.02,-0.23220854319086537,0,0,0,0
789,144001,50.85,0,-1.1108682838618749,0,Logistic regression,-2.9922911625564517,-1.2886845679749777,-2.9922911625564517,0.0,-0.6735033844936891,0,0,0,0
789,106382,2.69,0,-0.8830653990454481,0,Logistic regression,-2.920946539851686,-1.350778025393915,-2.920946539851686,0.0,-0.9430316702847923,0,0,0,0
789,65086,164.58,0,-1.078388349896855,0,Logistic regression,-2.257664826418828,-1.346081364997954,-2.257664826418828,0.005,-1.026150911859808,0,0,0,0
789,231978,8.0,1,0.2445801837547332,1,Logistic regression,3.4381382782926657,-0.4410181007020572,3.4381382782926657,0.51,0.043496668507500405,0,1,1,1
789,91671,290.18,1,-0.5048488983164877,0,Logistic regression,-2.7765721269888175,-1.365009452451237,-2.7765721269888175,0.0,-0.22526636344536616,0,0,0,0
789,248763,21.0,0,-0.7233997026865088,0,Logistic regression,-2.968678777621201,-1.208498474915203,-2.968678777621201,0.0,-0.41405415782192334,0,0,0,0
789,226991,130.54,0,-0.6632339227585936,0,Logistic regression,-3.092638718863242,-1.3046652446778977,-3.092638718863242,0.0,-0.6497158106041574,0,0,0,0
789,140400,98.5,0,-0.5473943610216878,0,Logistic regression,-1.7293799108650205,-1.184761388116096,-1.7293799108650205,0.015,-0.4069753174724862,0,0,0,0
789,143336,252.92,1,0.5361051345311595,1,Logistic regression,8.554327066295862,0.2809893494895472,8.554327066295862,0.65,0.04352536464251139,1,1,1,1
789,83594,0.89,0,-1.15736357515609,0,Logistic regression,-2.3583192745544794,-1.3106392070133561,-2.3583192745544794,0.0,-0.8883777502703119,0,0,0,0
789,2147,635.91,0,-0.21530788224107034,0,Logistic regression,-3.615883669712694,-1.0577409424056798,-3.615883669712694,0.1,-0.0027527788094511424,0,0,0,1
789,245130,7.02,0,-1.1463135930450439,0,Logistic regression,-3.2671773589539206,-1.3505054309548525,-3.2671773589539206,0.005,-1.0706859603637413,0,0,0,0
789,12218,0.61,0,-1.2054717176602607,0,Logistic regression,-2.4094019082735953,-1.3096913555614584,-2.4094019082735953,0.0,-0.25389142926796837,0,0,0,0
789,263274,0.77,1,0.40595737488009304,1,Logistic regression,6.6564820475827675,0.5192459340633736,6.6564820475827675,0.98,0.08420560795607152,1,1,1,1
789,134845,2.46,0,-0.9039290557147627,0,Logistic regression,-2.6502406902763007,-1.198582653966913,-2.6502406902763007,0.0,-0.12811397717984901,0,0,0,0
789,275992,634.3,1,-0.24797294486303711,0,Logistic regression,-2.4956547430932687,-1.1754733331339962,-2.4956547430932687,0.03,-0.008956269739172747,0,0,0,1
789,12261,1.0,1,0.4188072238061925,1,Logistic regression,11.94000633247838,-0.09521451086897481,11.94000633247838,0.565,0.04350124953113385,1,1,1,1
789,202913,50.33,0,-0.28198035286901413,0,Logistic regression,-1.32141825760921,-1.1080377883879748,-1.32141825760921,0.0,-0.41228125514168584,0,0,0,0
789,186712,81.82,0,-0.9474443032765517,0,Logistic regression,-2.352942817931581,-1.0245029274714827,-2.352942817931581,0.335,-0.20968831575747804,0,0,0,0
789,219892,0.76,1,0.3088668473631836,1,Logistic regression,-0.8236491071583933,-0.5461547971165959,-0.8236491071583933,0.15,-0.035580462331362,0,0,0,1
789,101140,1.0,0,-0.6572392855102055,0,Logistic regression,-2.077795003633374,-1.0285387793960694,-2.077795003633374,0.04,-0.22712035099905237,0,0,0,0
789,110219,4.99,0,-1.090313927472446,0,Logistic regression,-2.301801478765093,-1.3117011195324957,-2.301801478765093,0.0,-1.0648326085596034,0,0,0,0
789,253461,32.18,0,-0.7621854436841623,0,Logistic regression,-1.5950541560951417,-0.9406062209010998,-1.5950541560951417,0.025,-0.16524746871994236,0,0,0,0
789,108929,11.5,0,-0.6875228433481614,0,Logistic regression,-2.0450851647784756,-1.2622074041852027,-2.0450851647784756,0.0,-0.8787035047863831,0,0,0,0
789,7236,7.11,0,-1.0707578634948494,0,Logistic regression,-3.142803181776691,-1.4020250293008618,-3.142803181776691,0.0,-0.18417677908680985,0,0,0,0
789,113017,12.32,0,-1.1795257992637875,0,Logistic regression,-2.5875498846853384,-1.4204150293465987,-2.5875498846853384,0.0,-0.9672817686668052,0,0,0,0
789,147076,465.05,0,-0.4030246883536873,0,Logistic regression,-3.1580769308154446,-1.1080769753435202,-3.1580769308154446,0.005,-0.06417634644464698,0,0,0,0
789,174060,469.0,0,-0.3526271290137051,0,Logistic regression,-2.2925111194008063,-1.2567134229917238,-2.2925111194008063,0.005,-0.17557088773745383,0,0,0,0
789,23526,32.0,0,-1.0623571388372945,0,Logistic regression,-2.025318183162583,-1.211696892313002,-2.025318183162583,0.0,-0.8407701316310283,0,0,0,0
789,26656,72.96,0,-1.0175439209713515,0,Logistic regression,-2.9952030405526537,-1.2422484568378298,-2.9952030405526537,0.005,-0.300313655704404,0,0,0,0
789,193662,259.99,0,-0.42496594080327177,0,Logistic regression,-2.579544815054266,-1.1806220252431858,-2.579544815054266,0.025,-0.21841397293356252,0,0,0,0
789,187872,1038.11,0,0.23493347217215454,1,Logistic regression,-2.0009526604807766,-0.7255686471872974,-2.0009526604807766,0.085,0.040971041066370104,0,0,0,1
789,16539,56.1,0,-0.4181494677637194,0,Logistic regression,-2.6311906847096793,-1.1486728126907,-2.6311906847096793,0.01,0.03604021885313319,0,0,0,1
789,119588,2.58,0,-1.2212281726259198,0,Logistic regression,-2.543634434719361,-1.3052659372571802,-2.543634434719361,0.0,-1.1781027708487959,0,0,0,0
789,241445,10.7,1,0.5826670050995104,1,Logistic regression,3.381061512673715,1.1218414938907604,3.381061512673715,0.655,0.08057807706122327,1,1,1,1
789,6278,94.12,0,-1.1440705071793027,0,Logistic regression,-3.2127451407275616,-1.3806333412204248,-3.2127451407275616,0.0,-0.4916384372980982,0,0,0,0
789,239845,8.99,0,-0.8989706329194681,0,Logistic regression,-3.072731351445294,-1.316102300013299,-3.072731351445294,0.0,-0.9297003070172509,0,0,0,0
789,196917,100.0,0,-0.683243712719584,0,Logistic regression,-2.86150086049597,-1.4348804189687188,-2.86150086049597,0.005,-0.3707754534106225,0,0,0,0
789,18809,30.3,1,0.17196259293470428,1,Logistic regression,0.3462662685294946,0.3315142116304287,0.3462662685294946,0.85,0.049910215170825514,1,1,1,1
789,118277,1.0,0,-1.1249816004506883,0,Logistic regression,-2.2550291309934685,-1.3548553371724776,-2.2550291309934685,0.0,-0.9922724501754583,0,0,0,0
789,25292,9.95,0,-1.182129724301967,0,Logistic regression,-2.7946064075457175,-1.2596201126437478,-2.7946064075457175,0.0,-0.6284342592773403,0,0,0,0
789,8864,8.99,0,-0.4244747141746703,0,Logistic regression,-3.0370503120970214,-1.2612496258077543,-3.0370503120970214,0.0,-0.36849490909812516,0,0,0,0
789,8482,43.9,0,-0.8247587959833097,0,Logistic regression,-3.245035923249268,-1.2796538148503882,-3.245035923249268,0.0,-0.34014841724814393,0,0,0,0
789,96656,39.0,0,-1.290513072631954,0,Logistic regression,-2.8351771556999004,-1.4157914864012107,-2.8351771556999004,0.0,-0.6121704671706263,0,0,0,0
789,122174,124.5,0,-0.9891091085738396,0,Logistic regression,-2.3687143291297468,-1.2875172444892564,-2.3687143291297468,0.005,-0.662189865760744,0,0,0,0
789,9035,1.0,1,0.41438266245475625,1,Logistic regression,15.506043378795425,-0.10266071259436689,15.506043378795425,0.935,0.04353034334498443,1,1,1,1
789,147548,1.18,1,0.3036521524602829,1,Logistic regression,5.461778495750726,0.5458681292866864,5.461778495750726,0.94,0.04358140991688925,1,1,1,1
789,108248,89.98,0,-0.5888503374824373,0,Logistic regression,-3.50800365144266,-1.119819679226269,-3.50800365144266,0.0,-0.3000361109119591,0,0,0,0
789,69577,51.49,0,-1.013177141744971,0,Logistic regression,-2.065344320414022,-1.2534213885108154,-2.065344320414022,0.0,-0.2664341054507566,0,0,0,0
789,152209,72.6,0,-0.8985420973529702,0,Logistic regression,-3.279295388137114,-1.2390502827459304,-3.279295388137114,0.0,-0.5365018960709759,0,0,0,0
789,156322,1962.02,0,0.13562693810813614,1,Logistic regression,-2.793370567926977,-0.5558985805654866,-2.793370567926977,0.12,0.04350109730524728,0,0,0,1
789,6669,9.8,0,0.09543552755881973,0,Logistic regression,-3.8946427272538693,-0.8083088421021626,-3.8946427272538693,0.045,0.04117431465930001,0,0,0,1
789,229713,47.0,0,-0.5588300917323908,0,Logistic regression,-3.8408694895570106,-1.2226759453683358,-3.8408694895570106,0.0,-0.15842088863878676,0,0,0,0
789,27942,54.99,0,-0.970327216776646,0,Logistic regression,-3.3285250542095763,-1.2781319869150156,-3.3285250542095763,0.0,-0.7279610910780121,0,0,0,0
789,119714,29.95,1,-0.17497566265352327,0,Logistic regression,-2.8586495483369494,-1.1531949044235519,-2.8586495483369494,0.275,-0.011506647366075429,0,0,0,1
789,72165,337.6,0,-0.5975199470474336,0,Logistic regression,-2.1809174454126925,-1.2777627281328119,-2.1809174454126925,0.0,-0.5381351961852118,0,0,0,0
789,82682,103.88,0,-1.071987771195928,0,Logistic regression,-2.292544970211834,-1.2787063411168382,-2.292544970211834,0.0,-0.10077389389574812,0,0,0,0
789,132459,184.99,0,-0.8574272239145521,0,Logistic regression,-1.951884709104416,-1.0892772164514393,-1.951884709104416,0.005,-0.7049351359043556,0,0,0,0
789,235791,154.7,0,-1.0480360123185717,0,Logistic regression,-2.868670457291273,-1.3923113455553677,-2.868670457291273,0.005,-0.5852032129805549,0,0,0,0
789,140394,33.17,0,0.20080096579286644,1,Logistic regression,-3.5442693323085948,-0.9812733335699401,-3.5442693323085948,0.205,0.025466373333572358,0,0,0,1
789,256474,127.95,0,-1.0531043275449616,0,Logistic regression,-2.07461689274248,-1.2045042110795166,-2.07461689274248,0.0,-0.7761441662545538,0,0,0,0
789,264670,2.69,0,-1.1135458130635647,0,Logistic regression,-2.8550087855117776,-1.332160628333497,-2.8550087855117776,0.0,-0.34730930148296724,0,0,0,0
789,64021,27.84,0,-0.1755707971782361,0,Logistic regression,-2.2249934476037767,-1.098309078059569,-2.2249934476037767,0.38,0.04333142740285403,0,0,0,1
789,210033,0.76,0,-0.07347043696451022,0,Logistic regression,-1.3150022397666983,-1.1669975068880367,-1.3150022397666983,0.0,-0.23707187072631225,0,0,0,0
789,54288,100.78,0,-0.8332231830259472,0,Logistic regression,-2.4944650149655474,-1.2715700297255124,-2.4944650149655474,0.0,-0.5920715265747152,0,0,0,0
789,176260,1.54,0,-0.3108484344195547,0,Logistic regression,-3.385098626227085,-1.3843480397122305,-3.385098626227085,0.0,-0.4320582661230158,0,0,0,0
789,238222,1.1,1,0.5880338915235379,1,Logistic regression,3.6611406940470284,0.8353095559176756,3.6611406940470284,0.93,0.043570922039836105,1,1,1,1
789,237603,17.99,0,-0.4656689177261414,0,Logistic regression,-2.763606415297733,-1.4831976127707742,-2.763606415297733,0.0,-0.25409347019996914,0,0,0,0
789,98702,4.99,0,-1.2907525376083493,0,Logistic regression,-2.8726733865304204,-1.3966557111956641,-2.8726733865304204,0.0,-1.1221936765890186,0,0,0,0
789,153690,79.95,0,-0.7634975009793233,0,Logistic regression,-3.24380543424893,-1.2588031457330395,-3.24380543424893,0.01,-0.1143484659305655,0,0,0,0
789,151462,1.63,1,0.38944627568453605,1,Logistic regression,9.497089940398812,-0.08314386604451487,9.497089940398812,0.825,0.043501249531132435,1,1,1,1
789,85982,50.0,0,-0.9072556703721474,0,Logistic regression,-2.2214146737473355,-1.3413168682261638,-2.2214146737473355,0.0,-0.5314544018304491,0,0,0,0
789,253267,12.4,0,0.41778516444309727,1,Logistic regression,-7.229637058763541,-0.4221402306565266,-7.229637058763541,0.045,0.04251703770406667,0,0,0,1
789,68633,1.18,1,-1.0953094002005055,0,Logistic regression,-3.062176634624164,-1.4182410809963568,-3.062176634624164,0.0,-0.8664480916793824,0,0,0,0
789,8615,1.0,1,0.5568299611633452,1,Logistic regression,16.30506029866559,-0.11765202216295984,16.30506029866559,0.9,0.04350167629260678,1,1,1,1
789,10690,1218.89,1,0.3850726873495245,1,Logistic regression,14.973948882110296,-0.12184338248019987,14.973948882110296,0.71,0.043501249531132435,1,1,1,1
789,200044,93.66,0,-1.111284076468709,0,Logistic regression,-2.371554950291141,-1.3618212350978234,-2.371554950291141,0.0,-0.8550790819158874,0,0,0,0
789,49055,153.67,0,-0.9938314814495771,0,Logistic regression,-2.9089922865381173,-1.353013572078271,-2.9089922865381173,0.0,-0.7124111601388204,0,0,0,0
789,192640,20.43,0,-1.0769423511788152,0,Logistic regression,-2.2263295229106292,-1.3457887499168644,-2.2263295229106292,0.0,-0.9000515192812713,0,0,0,0
789,8774,244.5,0,-0.5629770582080629,0,Logistic regression,-3.629400457353488,-1.320684488847503,-3.629400457353488,0.005,-0.10059584100938584,0,0,0,0
789,137028,1.0,0,-1.257267028997421,0,Logistic regression,-2.62323839728705,-1.2880179890410774,-2.62323839728705,0.0,-0.9990938646703369,0,0,0,0
789,7387,8.2,0,0.14856801822230847,1,Logistic regression,-0.00666425408597382,-0.6527727172516496,-0.00666425408597382,0.035,0.04059958812103451,0,0,0,1
789,95341,0.89,0,-1.2203759445447733,0,Logistic regression,-2.8640299222214147,-1.3907901892626573,-2.8640299222214147,0.0,-1.2819295518952112,0,0,0,0
789,193401,3.79,0,-1.1291431542938466,0,Logistic regression,-2.950973998211419,-1.2820289839517391,-2.950973998211419,0.0,-0.7044538830783517,0,0,0,0
789,30425,210.51,0,-0.944099226022089,0,Logistic regression,-3.0995392061849527,-1.3323068838249306,-3.0995392061849527,0.01,-0.5909284184238144,0,0,0,0
789,120978,14.99,0,-1.211639190316005,0,Logistic regression,-3.2335375042068577,-1.3934580422889686,-3.2335375042068577,0.0,-0.49734069093599276,0,0,0,0
789,40966,22.4,0,-1.0213566309565882,0,Logistic regression,-2.5819543610610207,-1.1107151224441147,-2.5819543610610207,0.0,-0.33687817822618593,0,0,0,0
789,270340,9.99,0,-1.287936542313608,0,Logistic regression,-3.0313424083831464,-1.4217489182567808,-3.0313424083831464,0.005,-0.8416590031656466,0,0,0,0
789,203675,20.51,0,-0.9362324702049197,0,Logistic regression,-2.238784501358131,-1.2919622027129543,-2.238784501358131,0.0,-0.37960271096924936,0,0,0,0
789,61861,17.77,0,-1.2636563046088227,0,Logistic regression,-2.4693092337710847,-1.379791736134613,-2.4693092337710847,0.005,-1.0395890014964522,0,0,0,0
789,140786,1.0,1,0.5679238981572301,1,Logistic regression,5.790642470566609,0.6866860202031572,5.790642470566609,0.905,0.053662303961181615,1,1,1,1
789,58613,74.0,0,-1.1662545058842215,0,Logistic regression,-3.11580189180902,-1.3239664973548124,-3.11580189180902,0.0,-0.5375973043723715,0,0,0,0
789,21549,29.85,0,-0.9725046146893316,0,Logistic regression,-3.0366036237490954,-1.3731249318891514,-3.0366036237490954,0.0,-0.7170674310972014,0,0,0,0
789,195416,12.31,0,-0.5479808670317348,0,Logistic regression,-1.408673410562421,-0.9554005174877213,-1.408673410562421,0.0,-0.34164058880711673,0,0,0,0
789,23982,170.64,0,-0.9891474477047676,0,Logistic regression,-2.1398864698276054,-1.2742951489405296,-2.1398864698276054,0.0,-0.6427215575157391,0,0,0,0
789,159240,23.88,0,0.44470666859210695,1,Logistic regression,-3.3826750097201956,-0.12601189603618904,-3.3826750097201956,0.15,0.0435012495272269,0,0,0,1
789,179048,7.53,0,-0.2922025671450017,0,Logistic regression,-1.083500151352581,-0.9385963036584938,-1.083500151352581,0.035,-0.058980239616286234,0,0,0,1
789,280645,3.02,0,-0.4797002437725866,0,Logistic regression,-3.0862164934788843,-1.414576246312435,-3.0862164934788843,0.0,-0.10229575522516823,0,0,0,0
1000,219461,4.98,0,-0.7268530334564003,0,Logistic regression,-2.5002280491261897,-0.8831159688108907,-2.5002280491261897,0.0,-0.2907868624356325,0,0,0,0
1000,203324,1.0,1,0.1714042537259747,1,Logistic regression,14.28927639515371,0.5062402838001536,14.28927639515371,0.815,0.050557631966304035,1,1,1,1
1000,226517,4.99,0,-0.4464355524995652,0,Logistic regression,-1.6186620651850738,-0.9280826036444034,-1.6186620651850738,0.005,-0.7059184967354895,0,0,0,0
1000,216885,1.18,0,0.03117889989751875,1,Logistic regression,-5.170675956475719,-0.683620283792644,-5.170675956475719,0.0,-0.28764641421885845,0,0,0,0
1000,249637,12.0,0,-0.9472772057528742,0,Logistic regression,-0.449495403844393,-0.9196971330418808,-0.449495403844393,0.08,-0.41217356807600253,0,0,0,0
1000,269132,121.28,0,-0.5388478072328093,0,Logistic regression,-2.7684599976124904,-0.957655517555065,-2.7684599976124904,0.03,-0.48202738144913426,0,0,0,0
1000,91009,1.98,0,-0.9833641945663456,0,Logistic regression,-2.20897442473401,-1.049078126839001,-2.20897442473401,0.0,-0.9811436409155683,0,0,0,0
1000,103272,12.95,0,-0.9790945481543021,0,Logistic regression,-2.444950664438899,-1.0797256839648046,-2.444950664438899,0.0,-1.0188511416523325,0,0,0,0
1000,275426,30.0,0,-0.6287761903670461,0,Logistic regression,-1.793944381321028,-0.901561406246961,-1.793944381321028,0.005,-0.6499983557127689,0,0,0,0
1000,133636,15.0,0,-0.32262895235517525,0,Logistic regression,0.6888135800833988,-0.5386549336627298,0.6888135800833988,0.02,-0.5251219121362807,0,0,0,0
1000,179151,17.02,0,-0.3981775738163867,0,Logistic regression,-2.4092698079221906,-1.0279661426537139,-2.4092698079221906,0.005,-0.57281524547952,0,0,0,0
1000,218760,1.98,0,-1.0890007222478262,0,Logistic regression,-2.2974261096845288,-1.109665197939872,-2.2974261096845288,0.005,-0.9310385932580284,0,0,0,0
1000,222634,18.0,0,-0.850818793276015,0,Logistic regression,-1.8731328925980841,-0.9943646420665748,-1.8731328925980841,0.25,-0.2729411000578277,0,0,0,0
1000,192529,1.0,1,0.16138900148821755,1,Logistic regression,11.24401710641574,0.8177227134630513,11.24401710641574,0.88,0.05072371799946064,1,1,1,1
1000,241808,22.4,0,-0.6975066795184293,0,Logistic regression,-2.0964952493589504,-0.9530103507740519,-2.0964952493589504,0.0,-0.17772727813367561,0,0,0,1
1000,50799,535.54,0,-0.6843491432240869,0,Logistic regression,-1.452317349765957,-0.7273622439537819,-1.452317349765957,0.16,-0.427346101236045,0,0,0,0
1000,58464,24.99,0,-0.6763406698755732,0,Logistic regression,0.04507494716882632,-0.8333248342675137,0.04507494716882632,0.155,-0.6693320627778798,0,0,0,0
1000,16863,730.86,1,0.10889780085948403,1,Logistic regression,6.835168344094023,0.695313511556922,6.835168344094023,0.725,0.05284665626931067,1,0,1,1
1000,79883,270.0,1,0.1511589034065958,1,Logistic regression,9.272106974347988,0.805169856302381,9.272106974347988,0.83,0.09060967863332897,1,0,1,1
1000,207130,0.89,0,-0.7943231500483248,0,Logistic regression,-2.2710619117657047,-1.0953080195673597,-2.2710619117657047,0.005,-0.6985180099897907,0,0,0,0
1000,11692,24.0,0,-0.3544283339528704,0,Logistic regression,-1.5026656100549058,-0.9865092590591773,-1.5026656100549058,0.02,-0.38850437102576085,0,0,0,0
1000,175782,17.93,0,-0.9297886446554022,0,Logistic regression,-2.45138401779819,-1.1087597084458198,-2.45138401779819,0.0,-0.8302778123136718,0,0,0,0
1000,109072,3.73,0,-0.14676002696144635,0,Logistic regression,-7.308820825397402,-0.481941875086162,-7.308820825397402,0.01,-0.1406339861574984,0,0,0,1
1000,140786,1.0,1,0.15562837503783675,1,Logistic regression,22.47272006903402,0.6357814816322447,22.47272006903402,0.85,0.06833451124183394,1,1,1,1
1000,56276,1.98,0,-1.0533729281623956,0,Logistic regression,-2.7409528950385966,-1.1368541626162434,-2.7409528950385966,0.0,-1.1254681766216872,0,0,0,0
1000,225879,36.0,0,-1.0273147029728782,0,Logistic regression,-1.772275515495886,-1.0466038464142216,-1.772275515495886,0.05,-0.9298463152961745,0,0,0,0
1000,38021,247.83,0,-0.02381462863178846,0,Logistic regression,-3.66386185000426,-0.5770437271075235,-3.66386185000426,0.035,0.04795572021933048,0,0,0,1
1000,117159,0.89,0,-0.6411239730415441,0,Logistic regression,-0.4785279201678747,-0.7054558932370689,-0.4785279201678747,0.02,-0.5283906638687252,0,0,0,0
1000,72430,102.43,0,-0.8030703907255858,0,Logistic regression,-2.79227948251001,-0.9950742197078586,-2.79227948251001,0.205,-0.5288227713826601,0,0,0,0
1000,159229,18.2,0,0.2764028249443564,1,Logistic regression,5.440869109705021,0.08832034714556664,5.440869109705021,0.395,0.0588238009433668,0,0,0,1
1000,42218,11.5,0,-1.1181262208483524,0,Logistic regression,-2.974305156003001,-1.1279047750721745,-2.974305156003001,0.02,-1.0393098259962097,0,0,0,0
1000,127133,1.0,0,-0.4070941562708839,0,Logistic regression,-0.5833341429304177,-0.8925203109693112,-0.5833341429304177,0.06,-0.5425431197451974,0,0,0,0
1000,273582,9.99,0,-0.5020323891458438,0,Logistic regression,-0.8376883946901486,-0.8334645454672325,-0.8376883946901486,0.09,-0.7036748177741323,0,0,0,0
1000,234528,26.01,0,-0.467252453056654,0,Logistic regression,-1.7443363454596634,-1.0181198136184335,-1.7443363454596634,0.01,-0.746488562088061,0,0,0,0
1000,163798,105.04,0,-0.9137037404522932,0,Logistic regression,-0.877207855825189,-0.9482893710707816,-0.877207855825189,0.05,-0.36370030772192097,0,0,0,0
1000,158799,21.38,0,-0.8708813339233419,0,Logistic regression,-3.464751699313042,-0.9963512599068705,-3.464751699313042,0.03,-0.14787896422069965,0,0,0,1
1000,160631,1.0,0,-0.6404310327747114,0,Logistic regression,-1.9562195242381917,-1.0148589652335867,-1.9562195242381917,0.01,-0.19476657040766499,0,0,0,0
1000,33905,12.0,0,-0.8060470278704828,0,Logistic regression,-2.0840105745902386,-1.0286001542114138,-2.0840105745902386,0.005,-0.16363507559180174,0,0,0,1
1000,170270,13.01,0,-0.7551772033386124,0,Logistic regression,-0.6450588128598842,-0.8852993582814901,-0.6450588128598842,0.02,0.0068655119603560424,0,0,0,1
1000,69851,23.08,0,-0.4661754396355903,0,Logistic regression,-1.47350570661887,-0.7736448261269051,-1.47350570661887,0.005,-0.4599318155157889,0,0,0,0
1000,143334,0.0,1,0.3709197005132987,1,Logistic regression,24.274377114343736,0.677324917162986,24.274377114343736,0.825,0.04931610068509067,1,1,1,1
1000,61691,269.95,0,-0.3801018189076217,0,Logistic regression,-2.66516716493559,-0.8374424359003636,-2.66516716493559,0.075,-0.20912825984305453,0,0,0,0
1000,53929,7.0,0,-0.44498867878068576,0,Logistic regression,0.4854294938723229,-0.5820902147916753,0.4854294938723229,0.08,-0.4850429879031021,0,0,0,0
1000,275357,21.68,0,-0.9094616050674176,0,Logistic regression,-3.926135861629932,-1.101687904405298,-3.926135861629932,0.01,-0.8211316801221046,0,0,0,0
1000,3431,1.0,0,-0.056469559131615915,0,Logistic regression,-3.697279096401278,-0.6843907580603734,-3.697279096401278,0.04,-0.5746814650278255,0,0,0,0
1000,781,50.0,0,-0.6504890354404591,0,Logistic regression,-0.3451266243117117,-0.7310095620266877,-0.3451266243117117,0.01,-0.8426192874373761,0,0,0,0
1000,177026,274.0,0,-1.0508008972382497,0,Logistic regression,-2.0983541003316613,-1.0268443218818737,-2.0983541003316613,0.08,-0.7580675229746022,0,0,0,0
1000,191544,80.9,1,0.4530949985530936,1,Logistic regression,8.839181548138978,0.5955032660332954,8.839181548138978,0.85,0.05353062025787072,1,0,1,1
1000,235574,318.0,0,-0.9127186340387865,0,Logistic regression,-3.032092546126467,-1.0456812071386679,-3.032092546126467,0.025,-0.5623366222617682,0,0,0,0
1000,206838,13.37,0,-0.29869629554198635,0,Logistic regression,0.10361285816702859,-0.820123677179504,0.10361285816702859,0.27,-0.5402477828426984,0,0,0,0
1000,42590,5.3,1,0.17868495644674903,1,Logistic regression,41.86486624083353,0.6405131836395637,41.86486624083353,0.835,0.055027751184685884,1,1,1,1
1000,191682,14.99,0,-1.0036341212165236,0,Logistic regression,-3.2137133782189586,-1.1165143893312337,-3.2137133782189586,0.01,-0.7249786034057862,0,0,0,0
1000,147181,12.99,0,-0.7959359733996914,0,Logistic regression,-1.6074260130328826,-0.983183689645676,-1.6074260130328826,0.02,-0.8653725376499957,0,0,0,0
1000,246558,29.76,0,-0.809931326957188,0,Logistic regression,-2.2245702282077797,-0.8583214411434852,-2.2245702282077797,0.02,-0.33630940964895256,0,0,0,0
1000,234369,14.34,0,-0.31243859094918214,0,Logistic regression,-4.132533138113258,-0.6536922459204462,-4.132533138113258,0.11,-0.23977127752128582,0,0,0,0
1000,76336,15.35,0,-0.7867585452033137,0,Logistic regression,-1.1569726209114748,-0.9767981603732849,-1.1569726209114748,0.035,-0.8549159319431754,0,0,0,0
1000,192179,1.0,0,-0.7249702664785147,0,Logistic regression,-1.152949549165835,-0.9226253514882639,-1.152949549165835,0.02,-0.4093949971971014,0,0,0,0
1000,96762,9.98,0,-0.4091570921061531,0,Logistic regression,-0.07757770063182567,-0.6983752875713276,-0.07757770063182567,0.03,-0.6813886682474637,0,0,0,0
1000,18821,1.98,0,-1.1539459959663463,0,Logistic regression,-2.0702289143053654,-1.068827179335786,-2.0702289143053654,0.005,-1.1087652266789474,0,0,0,0
1000,222511,6.02,0,-0.10056708481066826,0,Logistic regression,-4.163411407387147,-0.43314905264866094,-4.163411407387147,0.39,-0.028559625515100835,0,0,0,1
1000,116651,1.98,0,-0.642421390556313,0,Logistic regression,-3.3024259366127096,-1.0310359531707745,-3.3024259366127096,0.01,-0.24447313881711777,0,0,0,0
1000,35382,235.0,0,-0.5499174571080119,0,Logistic regression,-3.4068825030077248,-0.9236251571678726,-3.4068825030077248,0.02,-0.08963360899042186,0,0,0,1
1000,190368,175.9,1,0.18529135575394348,1,Logistic regression,10.076914782980833,0.7307711132554967,10.076914782980833,0.9,0.07247767879256944,1,0,1,1
1000,150678,30.31,1,0.22027992783634184,1,Logistic regression,25.681997218937077,0.35649177854122244,25.681997218937077,0.74,0.04866013309836989,0,1,1,1
1000,46656,65.0,0,-0.8224020766923232,0,Logistic regression,-4.045639325709429,-1.1710893391265111,-4.045639325709429,0.01,-0.43060423520460256,0,0,0,0
1000,278123,15.0,0,-0.03620510068976593,0,Logistic regression,-0.27415510485348893,-0.7899206952145035,-0.27415510485348893,0.025,-0.4717486619121076,0,0,0,0
1000,193257,50.0,0,0.04618151769213484,1,Logistic regression,-7.087399132596234,-0.6402517773104082,-7.087399132596234,0.24,0.015464105951566207,0,0,0,1
1000,49379,671.9,0,0.019620063545761415,1,Logistic regression,-5.591196705613172,-0.29688235487531506,-5.591196705613172,0.09,-0.00038321528412908756,0,0,0,1
1000,53297,81.62,0,-0.9627470341805722,0,Logistic regression,-2.5073941765226007,-1.0586588415122054,-2.5073941765226007,0.17,-0.9081088573366352,0,0,0,0
1000,166252,17.0,0,-0.43262759888162255,0,Logistic regression,-1.6851188823349235,-1.0223353503990888,-1.6851188823349235,0.01,-0.7300852929681989,0,0,0,0
1000,121068,14.1,0,-0.8825315460042227,0,Logistic regression,-1.0068525773200288,-0.9792212496070754,-1.0068525773200288,0.3,-0.2857353193897651,0,0,0,0
1000,43516,12.0,0,-0.9227589337037172,0,Logistic regression,-2.4146445625793724,-1.058039877746989,-2.4146445625793724,0.0,-0.9737670388444606,0,0,0,0
1000,260505,1.98,0,-1.0322433275653382,0,Logistic regression,-2.5984905697106404,-1.1351091425334934,-2.5984905697106404,0.0,-0.5804466636199439,0,0,0,0
1000,150473,15.99,0,-0.4022856910809604,0,Logistic regression,-2.2688335513381457,-1.0281333860777802,-2.2688335513381457,0.035,-0.1859194937789869,0,0,0,1
1000,15166,99.99,1,0.1817359302821709,1,Logistic regression,27.461022297878845,0.5399034156353445,27.461022297878845,0.645,0.048658771291623874,1,1,1,1
1000,216094,12.57,0,-0.5116493950329324,0,Logistic regression,-1.883838301755685,-0.894024570588301,-1.883838301755685,0.0,-0.4053464838342182,0,0,0,0
1000,234632,1.59,1,0.25100904864779977,1,Logistic regression,12.16041580004774,0.4288235102111165,12.16041580004774,0.82,0.06183804654119514,0,1,1,1
1000,1939,5.0,0,-0.8475014899121969,0,Logistic regression,-2.8702254450352607,-0.9601753995763329,-2.8702254450352607,0.0,-0.8910808962827073,0,0,0,0
1000,192066,184.99,0,-1.1706371791157553,0,Logistic regression,-3.082918934393356,-1.0997269952864943,-3.082918934393356,0.13,-0.7767950728009377,0,0,0,0
1000,8335,1.0,1,0.18406769686269142,1,Logistic regression,43.02832085278705,0.4162023819394366,43.02832085278705,0.795,0.04919750462380682,0,1,1,1
1000,18635,0.68,0,-0.5080007928632146,0,Logistic regression,-1.8742019774754706,-0.844339438050757,-1.8742019774754706,0.03,-0.08629198172026456,0,0,0,1
1000,262024,1.79,0,-0.9097005338339053,0,Logistic regression,-2.6913279089490914,-1.0080774804948893,-2.6913279089490914,0.0,-0.9193826148236872,0,0,0,0
1000,62353,30.99,0,-0.8198482417996515,0,Logistic regression,-2.074293454841157,-1.016371188471346,-2.074293454841157,0.0,-0.5913101595840965,0,0,0,0
1000,206177,1.0,0,0.130412656530123,1,Logistic regression,0.9649476418400647,-0.6787052412559329,0.9649476418400647,0.05,-0.6259545066745902,0,0,0,0
1000,221594,39.9,0,-0.5272065817626075,0,Logistic regression,-2.1548392291814755,-1.0298157434817057,-2.1548392291814755,0.015,-0.6616868825106914,0,0,0,0
1000,69381,12.99,0,-0.8716929270421836,0,Logistic regression,-2.557291476789352,-0.9957635577398087,-2.557291476789352,0.0,-0.9481707368105874,0,0,0,0
1000,48788,0.77,0,-0.023089898427597788,0,Logistic regression,-7.703293520796147,-0.8544331253226776,-7.703293520796147,0.01,0.022574904934131897,0,0,0,1
1000,248317,238.62,0,-0.9973892911176006,0,Logistic regression,-3.506166796797953,-1.0124451386640918,-3.506166796797953,0.085,-0.7528303810836265,0,0,0,0
1000,163149,17.06,1,0.2545157634521004,1,Logistic regression,11.733471143218825,0.9820428811289021,11.733471143218825,0.88,0.19014214224019968,1,1,1,1
1000,95664,141.0,0,-0.5582357508860205,0,Logistic regression,-3.1599788197099388,-1.0620839795626749,-3.1599788197099388,0.1,-0.6562229438917007,0,0,0,0
1000,257583,26.0,0,-0.7645971829955658,0,Logistic regression,-4.274988470242042,-1.0852121952314233,-4.274988470242042,0.02,-0.47905397198787847,0,0,0,0
1000,75511,170.92,1,0.4176675862884222,1,Logistic regression,9.468045153146264,0.66999733273005,9.468045153146264,0.785,0.10020693580847571,1,0,1,1
1000,107637,824.83,1,0.346583129585596,1,Logistic regression,8.354444879753746,0.9142970764093601,8.354444879753746,0.93,0.05556897916413883,1,0,1,1
1000,56787,100.0,0,-0.5179187365877234,0,Logistic regression,-2.9987913171665173,-1.0596500976969392,-2.9987913171665173,0.0,-0.30949101620596264,0,0,0,0
1000,29954,17.74,0,-1.0784252878954883,0,Logistic regression,-2.3750068612351294,-1.1039804973794693,-2.3750068612351294,0.0,-1.126687225915944,0,0,0,0
1000,130709,101.94,0,-0.6113883892712333,0,Logistic regression,-4.484816508271168,-1.0931316428983457,-4.484816508271168,0.02,-0.08214458845141526,0,0,0,1
1000,113393,0.89,0,-0.21422975926464433,0,Logistic regression,-1.4298360497130307,-0.8081153044395988,-1.4298360497130307,0.005,-0.23632471221508874,0,0,0,0
1000,159534,456.0,0,-0.1864431980233992,0,Logistic regression,-4.629401765920846,-1.0071105114561951,-4.629401765920846,0.01,-0.22637770805692173,0,0,0,0
1000,165176,34.04,0,-0.9108424272462752,0,Logistic regression,-2.4803052378015087,-1.0596989525611482,-2.4803052378015087,0.015,-0.7503184354873929,0,0,0,0
1000,256412,169.43,0,-0.8115998418528971,0,Logistic regression,-1.5678255083713715,-0.9566168674309083,-1.5678255083713715,0.125,-0.7194278925520383,0,0,0,0
1000,4914,47.98,0,-0.5563267780622485,0,Logistic regression,-1.3343821157339903,-0.9447581822098479,-1.3343821157339903,0.215,-0.45699178174781085,0,0,0,0
1000,205149,84.95,0,-1.0352211632973929,0,Logistic regression,-1.701377357976979,-1.0112631121899671,-1.701377357976979,0.035,-0.3332785758041547,0,0,0,0
1000,183235,10.74,0,-1.0723191946087083,0,Logistic regression,-2.216455741881346,-1.1048843718353318,-2.216455741881346,0.0,-0.9272020671754881,0,0,0,0
1000,108012,28.0,0,-1.0066032721119023,0,Logistic regression,-2.2464499140682954,-1.1046359149385636,-2.2464499140682954,0.005,-0.7457993871037589,0,0,0,0
1000,276071,19.95,1,-1.1645699231179023,0,Logistic regression,-1.9049708281909583,-1.02320010761928,-1.9049708281909583,0.24,-0.6590315246098642,0,0,0,0
1000,60872,14.05,0,-0.7099081138483103,0,Logistic regression,-1.4256865496696673,-0.9490246223907033,-1.4256865496696673,0.02,-0.747398572610539,0,0,0,0
1000,192763,8.99,0,-0.9372303527262869,0,Logistic regression,-2.6332461393067903,-1.078410652366245,-2.6332461393067903,0.005,-1.007392257873497,0,0,0,0
1000,77072,1500.0,0,0.1588476036436644,1,Logistic regression,-2.678939081017669,0.12502082372014428,-2.678939081017669,0.22,0.036898978304842865,0,0,0,1
1000,144754,323.77,1,0.027033972472553874,1,Logistic regression,-0.594712090212056,0.059327211877904684,-0.594712090212056,0.335,0.0561894462778611,0,0,0,1
1000,189878,1.0,1,0.1109613837110306,1,Logistic regression,8.858208491901244,0.3070206326731751,8.858208491901244,0.585,0.048627870805854144,0,0,1,1
1000,24298,91.0,0,-0.6331090856390769,0,Logistic regression,-4.007537942866904,-1.1612510362915125,-4.007537942866904,0.0,-0.4604757159183879,0,0,0,0
1000,167924,25.65,0,-1.1213948171000658,0,Logistic regression,-2.124203989303727,-1.024769942704825,-2.124203989303727,0.0,-0.2647168553856398,0,0,0,0
1000,23016,3.76,0,-0.758728010270699,0,Logistic regression,-3.6415502516453966,-1.15066244581539,-3.6415502516453966,0.0,-0.8328251514205982,0,0,0,0
1000,143188,2.0,1,0.14378579069906822,1,Logistic regression,8.686817554595994,0.5782975502123304,8.686817554595994,0.88,0.0645520260899976,1,0,1,1
1000,101514,1.99,0,-1.179752317332921,0,Logistic regression,-2.486823783826964,-1.0843496794680099,-2.486823783826964,0.0,-1.195789782135682,0,0,0,0
1000,154684,0.01,1,0.1007072648316245,1,Logistic regression,15.724800731110353,0.3422716125529703,15.724800731110353,0.57,0.0486587712406825,0,1,1,1
1000,40085,1.0,1,-0.27102762386675655,0,Logistic regression,0.4155416021995735,-0.6944564465593397,0.4155416021995735,0.34,0.6241198358340921,0,0,0,1
1000,71504,110.28,0,-0.9955362612901222,0,Logistic regression,-2.24162334901154,-1.0707796715540712,-2.24162334901154,0.025,-0.8350448136972738,0,0,0,0
1000,189622,60.47,0,-0.43411120391532804,0,Logistic regression,-4.593344969099746,-1.0258218726456438,-4.593344969099746,0.0,-0.47087127645720195,0,0,0,0
1000,15225,99.99,1,0.10347012886773524,1,Logistic regression,26.73386000972161,0.4707262809635705,26.73386000972161,0.615,0.0486587712414561,1,1,1,1
1000,118206,38.5,0,-1.1123872249781939,0,Logistic regression,-2.7201524912786623,-1.0392616402564534,-2.7201524912786623,0.145,-0.31074693604887854,0,0,0,0
1000,13355,89.99,0,-0.20579290451579113,0,Logistic regression,-1.2371678543700408,-0.8973248604904913,-1.2371678543700408,0.05,-0.3036923893708437,0,0,0,0
1000,278257,111.67,0,-0.7295711138054741,0,Logistic regression,-2.098633730470639,-0.9712550840132252,-2.098633730470639,0.01,-0.15708569799584451,0,0,0,1
1000,4501,75.84,0,-0.4101184782711676,0,Logistic regression,-1.0031765680214533,-0.9378134413608348,-1.0031765680214533,0.02,-0.04492509867289995,0,0,0,1
1000,110416,9.98,0,-1.1679284861544141,0,Logistic regression,-1.9219392112950806,-1.0565389818862192,-1.9219392112950806,0.03,-1.193083643145388,0,0,0,0
1000,28156,234.0,0,-0.6769200700097218,0,Logistic regression,-2.946542349285062,-0.9857657004974487,-2.946542349285062,0.04,-0.844186138338405,0,0,0,0
1000,73231,12.27,0,-1.0407558737409184,0,Logistic regression,-2.583219367071809,-1.0248925109021527,-2.583219367071809,0.025,-1.097915968566114,0,0,0,0
1000,247747,38.53,0,-0.18778096116312082,0,Logistic regression,-1.2379980318025816,-0.838526611713619,-1.2379980318025816,0.005,-0.2461174923792501,0,0,0,0
1000,237508,23.63,0,-0.6816224306798959,0,Logistic regression,-3.6189318781135613,-0.9079707734669626,-3.6189318781135613,0.07,-0.7727943838608129,0,0,0,0
1000,39057,7.26,0,-1.0044743926379762,0,Logistic regression,-2.3062463928917714,-1.0693304717072576,-2.3062463928917714,0.0,-0.7446176421254758,0,0,0,0
1000,80760,113.92,1,0.12719462707881876,1,Logistic regression,10.780271552258398,0.7799455428975572,10.780271552258398,0.72,0.05909649042511064,1,0,1,1
1000,130305,6.44,0,-0.18422509532504455,0,Logistic regression,-12.085381174662231,-0.03275116132330658,-12.085381174662231,0.125,0.028203932081666733,0,0,0,1
1000,96994,7.53,1,0.2142410128543102,1,Logistic regression,10.38468824545253,0.5975168489696114,10.38468824545253,0.93,0.07623272344510025,1,0,1,1
1000,183415,9.99,0,-1.0881917397831395,0,Logistic regression,-2.1409083908840647,-1.0998260240972755,-2.1409083908840647,0.0,-0.9171607806999171,0,0,0,0
1000,83417,5.91,1,0.25545149708717785,1,Logistic regression,14.688347158624897,1.028057026548525,14.688347158624897,0.905,0.08334201618550524,1,1,1,1
1000,106104,37.79,0,-0.7876615175155959,0,Logistic regression,-2.8909040169061146,-1.02012821110264,-2.8909040169061146,0.0,-0.924330265986364,0,0,0,0
1000,623,529.0,1,0.17177584586984854,1,Logistic regression,-2.4122805903053695,-0.43310878765103783,-2.4122805903053695,0.165,-0.011876036361169628,0,0,0,1
1000,231288,0.99,0,-0.82454194183581,0,Logistic regression,-4.339875921900223,-1.0183914107032637,-4.339875921900223,0.0,-0.6352084043250001,0,0,0,0
1000,157324,29.7,0,-0.8235361001147272,0,Logistic regression,-2.892491156141081,-1.0072645190081162,-2.892491156141081,0.02,-0.174997843281869,0,0,0,1
1000,56703,0.76,1,-0.9464611970253458,0,Logistic regression,-1.3808256256878506,-1.0204650226615777,-1.3808256256878506,0.025,-0.7300414884654305,0,0,0,0
1000,218494,91.9,0,-0.5025516189794199,0,Logistic regression,0.053123787444875115,-0.8150190663844508,0.053123787444875115,0.065,-0.3951001765881096,0,0,0,0
1000,154693,1.0,1,0.1312054412839805,1,Logistic regression,23.870247519519953,0.6150942530004568,23.870247519519953,0.84,0.05210060255816341,1,1,1,1
1000,114847,12.02,0,-0.7382872014376152,0,Logistic regression,-0.7256866616798128,-0.8366573154626424,-0.7256866616798128,0.35,-0.28388104127856156,0,0,0,0
1000,39183,776.83,1,0.1560639552103628,1,Logistic regression,-4.402902131091498,-0.3358704370529653,-4.402902131091498,0.095,0.0055483254076443,0,0,0,1
1000,92777,294.9,1,0.2707584417785536,1,Logistic regression,12.775289409050934,0.7230219562205453,12.775289409050934,0.59,0.06393311531133923,1,1,1,1
1000,88335,96.15,0,-0.0789339595742791,0,Logistic regression,-4.496704291402802,-1.015104503969487,-4.496704291402802,0.345,-0.15232168589936004,0,0,0,1
1000,193380,206.0,0,-0.3750715797574689,0,Logistic regression,-0.3838974815605989,-0.561848528542557,-0.3838974815605989,0.17,0.00616759000719784,0,0,0,1
1000,14170,99.99,1,0.216050798738205,1,Logistic regression,29.723016652029205,0.6869543867428646,29.723016652029205,0.76,0.04865881300896669,1,1,1,1
1000,178934,166.67,0,-0.3303756613657909,0,Logistic regression,-4.488917169081226,-1.0252946348367118,-4.488917169081226,0.045,-0.6299824546513002,0,0,0,0
1000,275992,634.3,1,-0.0343591080317836,0,Logistic regression,-3.5037576296180433,-0.516504439549321,-3.5037576296180433,0.175,-0.15049664502412002,0,0,0,1
1000,44644,16.85,0,-0.8280972163329834,0,Logistic regression,-3.648226527527022,-1.1297377151195411,-3.648226527527022,0.0,-0.6606926424045036,0,0,0,0
1000,83053,6.27,1,0.18004215851882865,1,Logistic regression,9.152413365976052,0.6752280554789789,9.152413365976052,0.915,0.05952894064994479,1,0,1,1
1000,55401,1.0,1,-1.0411361086949436,0,Logistic regression,-1.44702434553783,-1.0101673128951631,-1.44702434553783,0.03,-0.8381632083459949,0,0,0,0
1000,177384,22.39,0,-0.5711988750694903,0,Logistic regression,-0.33081445642052754,-0.7940869588375266,-0.33081445642052754,0.19,-0.07239867142094775,0,0,0,1
1000,258118,45.0,0,-0.040380338452773945,0,Logistic regression,-0.8108384518067167,-0.43926679923663176,-0.8108384518067167,0.085,-0.0328589523166832,0,0,0,1
1000,218024,12.13,0,-0.6667835076846886,0,Logistic regression,-2.5648414948640696,-0.9803716957950377,-2.5648414948640696,0.0,-0.23440610732530223,0,0,0,0
1000,182392,1218.4,0,-0.30303316911438727,0,Logistic regression,-2.2845833477956865,-0.17830782051587096,-2.2845833477956865,0.09,0.0254746753227906,0,0,0,1
1000,17453,99.99,1,0.22454985852935666,1,Logistic regression,20.09637684663539,0.342597550828426,20.09637684663539,0.665,0.0486587712406825,0,1,1,1
1000,242041,136.0,0,-1.043482167999476,0,Logistic regression,-2.1757707755517064,-1.070068466406032,-2.1757707755517064,0.005,-0.7396133692910297,0,0,0,0
1000,114132,16.81,0,-0.5294357223339856,0,Logistic regression,-0.6211362656662922,-0.7924969014535086,-0.6211362656662922,0.005,-0.7632522136259754,0,0,0,0
1000,30100,60.6,1,0.12069498382203257,1,Logistic regression,9.147335030553172,1.1221464397814265,9.147335030553172,0.765,0.07244047830387869,1,0,1,1
1000,99466,40.06,0,-0.9195518736569523,0,Logistic regression,-2.3909934609022425,-1.0987501437221854,-2.3909934609022425,0.0,-0.7035985679106079,0,0,0,0
1000,150921,141.0,0,-0.9445971446485901,0,Logistic regression,-2.4309753776423717,-0.9375903156519667,-2.4309753776423717,0.265,-0.2605667477422056,0,0,0,0
1000,146790,829.41,1,0.06453519392213869,1,Logistic regression,-9.436260769140102,-0.31744606632757094,-9.436260769140102,0.025,0.04733680837524291,0,0,0,1
1000,41395,1.0,1,0.14527549520756097,1,Logistic regression,16.686357573519402,0.56113779295857,16.686357573519402,0.85,0.0486690642745839,1,1,1,1
1000,11146,11.85,0,-0.45238405699080203,0,Logistic regression,-3.1008161225601674,-0.8851868562190242,-3.1008161225601674,0.0,-0.1741627386595106,0,0,0,1
1000,154919,6.78,0,-0.11501451913896771,0,Logistic regression,-1.8394764457202712,-0.9875874950955226,-1.8394764457202712,0.235,-0.11532864095553644,0,0,0,1
1000,51715,23.68,0,-1.0858233369571226,0,Logistic regression,-1.5808670396759519,-1.0272883558869212,-1.5808670396759519,0.025,-0.8479550524945872,0,0,0,0
1000,227522,450.0,0,-0.1228870818154576,0,Logistic regression,-0.6737122799858244,-0.7531074512882012,-0.6737122799858244,0.205,-0.17691611005916363,0,0,0,1
1000,83297,319.2,1,0.15879585065473428,1,Logistic regression,1.298768212599212,0.19416553285402918,1.298768212599212,0.625,0.049205309112691914,0,0,1,1
1000,92889,10.99,0,-0.5028120522622541,0,Logistic regression,-3.8272916028857766,-1.0017538264120591,-3.8272916028857766,0.015,-0.8434007363509924,0,0,0,0
1000,12108,1.0,1,0.03727510223482711,1,Logistic regression,32.89927475905917,0.34557974697111865,32.89927475905917,0.7,0.04865877124879404,0,1,1,1
1000,192927,5.98,0,-0.8147872472695594,0,Logistic regression,-2.77398440111668,-0.950673144114891,-2.77398440111668,0.01,-0.7899524784862786,0,0,0,0
1000,22825,22.7,0,-0.7755916929938766,0,Logistic regression,-2.9973360190324647,-1.0536707845752562,-2.9973360190324647,0.03,-0.9753393903361538,0,0,0,0
1000,212164,25.0,0,-0.4531727763472508,0,Logistic regression,0.010795210237618313,-0.8704840507041895,0.010795210237618313,0.17,-0.5512186833667081,0,0,0,0
1000,194385,3.8,0,-0.021798459907379997,0,Logistic regression,0.13911007798443853,-0.6847860876049126,0.13911007798443853,0.105,-0.44395412376179066,0,0,0,0
1000,244792,105.9,0,-0.07454491708056288,0,Logistic regression,-1.7821290306836155,-0.5276464067401039,-1.7821290306836155,0.06,-0.12063687857825525,0,0,0,1
1000,189014,4.99,0,-0.43299962195819414,0,Logistic regression,-1.8002931613886113,-1.019686964930348,-1.8002931613886113,0.04,-0.6056347030252424,0,0,0,0
1000,260593,0.99,0,-0.36072563439541533,0,Logistic regression,-3.857987927558275,-0.8827239031376297,-3.857987927558275,0.03,-0.18620534802129154,0,0,0,1
1000,154234,1.0,1,0.1657188334193642,1,Logistic regression,18.263702350535358,0.3422716125526162,18.263702350535358,0.58,0.0486587712406825,0,1,1,1
1000,65442,59.74,0,-1.0285212339641134,0,Logistic regression,-2.974770936652539,-1.143248362538558,-2.974770936652539,0.0,-1.069389015491516,0,0,0,0
1000,152305,49.2,0,-0.34016109568508013,0,Logistic regression,-1.689084992054965,-0.8691886902956494,-1.689084992054965,0.075,-0.2100903076596545,0,0,0,0
1000,237093,544.0,0,-0.6950874289323257,0,Logistic regression,-3.500997414800093,-0.883568254035692,-3.500997414800093,0.02,-0.3771368348030152,0,0,0,0
1000,251919,26.08,0,-1.0256522679575628,0,Logistic regression,-2.0033229675170356,-1.0657111615870736,-2.0033229675170356,0.005,-0.9190907683955647,0,0,0,0
1000,63708,0.76,0,-0.4990448426803534,0,Logistic regression,-1.749624768485709,-0.9363023047257433,-1.749624768485709,0.005,-0.4067355173968483,0,0,0,0
1000,229684,0.62,0,-0.5313882260593656,0,Logistic regression,-2.455026634667899,-0.9838228184368287,-2.455026634667899,0.02,-0.1877467143700321,0,0,0,1
1000,43477,25.79,0,-0.8601051833983655,0,Logistic regression,-2.046242010719731,-1.0801739080357655,-2.046242010719731,0.015,-0.5647303048306793,0,0,0,0
1000,11841,1.0,1,0.12701901181629086,1,Logistic regression,34.09069617966282,0.34653988084428056,34.09069617966282,0.605,0.048658771330039645,0,1,1,1
1000,19707,0.89,0,-0.704257200772515,0,Logistic regression,-0.6495570999760052,-0.8613863294850792,-0.6495570999760052,0.25,0.08181700652813842,0,0,0,1
1000,214100,1.98,0,-0.9411306491543181,0,Logistic regression,-2.467803146379221,-1.1234023982678145,-2.467803146379221,0.01,-0.5617275859254222,0,0,0,0
1000,92507,286.87,0,-0.8389331952337018,0,Logistic regression,-1.3315753590600818,-0.8915166078210901,-1.3315753590600818,0.105,-0.5716075493919289,0,0,0,0
1000,211415,3.28,0,-0.7649416065231476,0,Logistic regression,-2.8832211908026997,-1.0671437462932263,-2.8832211908026997,0.0,-0.8224306719921215,0,0,0,0
1000,15539,99.99,1,0.10534604747432083,1,Logistic regression,24.951348495747663,0.3838634030266786,24.951348495747663,0.665,0.048658771240682554,0,1,1,1
1000,25785,17.85,0,-0.8280604709789132,0,Logistic regression,-2.7311176544623623,-1.0082158374669892,-2.7311176544623623,0.0,-0.6943346070800309,0,0,0,0
1000,189334,21.53,0,-0.6385984608216893,0,Logistic regression,-3.8678519623730727,-1.0056371233960295,-3.8678519623730727,0.155,-0.30427213957523763,0,0,0,0
1000,82543,60.67,0,-0.08493514207147204,0,Logistic regression,-4.966982780877513,-0.9216866702759428,-4.966982780877513,0.0,-0.003164085375530666,0,0,0,1
1000,261473,4.9,1,-0.053967378053863396,0,Logistic regression,6.197237224685316,0.5927116266096992,6.197237224685316,0.71,0.09211869105221793,1,0,1,1
1000,6336,1.0,1,0.15287498604874525,1,Logistic regression,15.259275963071527,0.5440045084671081,15.259275963071527,0.87,0.048961352428936386,1,1,1,1
1000,13581,16.7,0,-0.8577142184624664,0,Logistic regression,-2.526482115577247,-1.0001416761372683,-2.526482115577247,0.0,-0.21539726502025605,0,0,0,0
1000,144662,9.99,0,-0.8368517740715546,0,Logistic regression,-3.7972751615096008,-1.113758865080853,-3.7972751615096008,0.0,-0.7190819296145967,0,0,0,0
1000,260587,20.0,0,-1.0199105039713439,0,Logistic regression,-3.307393893410837,-1.155678568489571,-3.307393893410837,0.0,-0.916665745974507,0,0,0,0
1000,156964,47.19,0,-1.0533129872520495,0,Logistic regression,-1.8401369157468457,-1.051457921876653,-1.8401369157468457,0.005,-0.18922356963801662,0,0,0,1
1000,10755,5.4,0,-0.3880701518069138,0,Logistic regression,-3.38867541586239,-0.8727287609007153,-3.38867541586239,0.0,-0.21471219483830153,0,0,0,0
1000,217206,231.71,0,-0.8864514234660974,0,Logistic regression,-0.39394166682718157,-0.8468583724476282,-0.39394166682718157,0.08,-0.7350602057500354,0,0,0,0
1000,116924,28.75,0,-0.9824474257028353,0,Logistic regression,-3.272293098276152,-1.1458160868668144,-3.272293098276152,0.005,-0.9662980445405895,0,0,0,0
1000,46998,204.27,1,0.35925312325310876,1,Logistic regression,7.99039440227535,0.5216662497912935,7.99039440227535,0.64,0.12741679353018967,1,0,1,1
1000,145783,87.19,0,-0.7247935927061306,0,Logistic regression,-2.228122072097773,-0.9815438655053645,-2.228122072097773,0.03,-0.551795536147061,0,0,0,0
1000,100967,138.87,0,-1.1015121925100755,0,Logistic regression,-2.18090618504561,-1.0422545926337385,-2.18090618504561,0.015,-0.4728285587908001,0,0,0,0
1000,11391,11.85,0,-0.5051609190732644,0,Logistic regression,-2.102222937897004,-0.8967172912926624,-2.102222937897004,0.205,-0.1649400950724464,0,0,0,1
1000,157918,635.1,1,0.08686668426901328,1,Logistic regression,-4.384588581175897,-0.6048346542676912,-4.384588581175897,0.025,0.03051491963604705,0,0,0,1
1000,131674,56.94,0,-1.0569210734868846,0,Logistic regression,-2.6857129449202484,-1.037447675599568,-2.6857129449202484,0.055,-0.6244940353564847,0,0,0,0
1000,249239,1096.99,1,-0.05551901925651748,0,Logistic regression,-2.900298049278957,-0.10026951240405141,-2.900298049278957,0.195,-0.009092684823520374,0,0,0,1
1000,189764,23.0,0,-1.1852079395546289,0,Logistic regression,-2.329962466787835,-1.0820422996719687,-2.329962466787835,0.005,-0.6728160653599969,0,0,0,0
1000,132108,1.79,0,-1.066552077551855,0,Logistic regression,-1.5985855706986256,-1.0232527992270077,-1.5985855706986256,0.0,-1.1516766203305815,0,0,0,0
1000,18773,0.68,1,0.07701638553001997,1,Logistic regression,14.746082527752918,0.5900038485129926,14.746082527752918,0.855,0.048805386392149264,1,1,1,1
1000,78700,7.3,0,-0.6487755726232765,0,Logistic regression,-2.987052483209657,-0.99857040124671,-2.987052483209657,0.0,-0.8652986417043084,0,0,0,0
1000,80702,76.0,0,-0.5574898169599514,0,Logistic regression,-1.0296617158754717,-0.9324532263594187,-1.0296617158754717,0.035,-0.1239620369648439,0,0,0,1
1000,176814,32.26,0,-0.45086633751562316,0,Logistic regression,-3.9839898173226636,-1.0303221272492935,-3.9839898173226636,0.015,-0.19554065901936987,0,0,0,0
1000,70798,22.63,0,-0.45749847715542474,0,Logistic regression,-5.343271068107697,-1.0606679356137163,-5.343271068107697,0.025,-0.7095718920108058,0,0,0,0
1000,24871,250.0,0,-1.0211500510977198,0,Logistic regression,-2.1883944960419828,-1.0057056266531852,-2.1883944960419828,0.045,-1.0513078461673084,0,0,0,0
1000,87354,19.04,1,-0.1032026505546558,0,Logistic regression,1.1071386223471036,-0.07698806942477904,1.1071386223471036,0.545,0.032089007896029045,0,0,1,1
1000,6329,1.0,1,0.12647398105429108,1,Logistic regression,5.751507941071997,0.08747025682498777,5.751507941071997,0.065,0.05866147880200947,0,0,0,1
1000,166375,1.79,0,-0.5106274862716647,0,Logistic regression,-1.3514391065407936,-0.9077357310999243,-1.3514391065407936,0.0,-0.8531380009438172,0,0,0,0
1000,106008,1.0,0,-0.9211469652697131,0,Logistic regression,-1.7592071816124384,-1.0176830307321039,-1.7592071816124384,0.045,-0.6955716502903639,0,0,0,0
1000,161334,82.94,0,-0.9573541337312561,0,Logistic regression,-1.6220133589513857,-1.0075694046017418,-1.6220133589513857,0.215,-0.6581461261013434,0,0,0,0
1000,80599,4.49,0,-0.9565907018339332,0,Logistic regression,-1.9803072958811732,-1.0768924897828758,-1.9803072958811732,0.005,-1.1644062117527005,0,0,0,0
1000,223383,577.18,0,-0.06874752571259424,0,Logistic regression,-3.597928996157383,-0.34036936345824736,-3.597928996157383,0.165,0.028337589696336436,0,0,0,1
1000,43479,40.78,0,-0.7416169827317198,0,Logistic regression,-4.29905980051852,-0.9698352648562887,-4.29905980051852,0.005,-0.6655592538765897,0,0,0,0
1000,282586,1.98,0,-1.1103888506590782,0,Logistic regression,-2.5909068332966263,-1.1220304915099284,-2.5909068332966263,0.0,-0.7108365551653509,0,0,0,0
1000,158544,3.39,0,-0.08955083518971874,0,Logistic regression,0.5167480120445731,-0.7406474405581012,0.5167480120445731,0.04,-0.18429830194720015,0,0,0,1
1000,273839,10.0,0,-1.0909213327850455,0,Logistic regression,-2.363374224871025,-1.0624859435790122,-2.363374224871025,0.005,-0.6373166091889642,0,0,0,0
1000,207030,192.4,0,-1.1928208528730193,0,Logistic regression,-2.7184772019843697,-1.0773902164488174,-2.7184772019843697,0.105,-0.7117653618045946,0,0,0,0
1000,77099,5.0,1,0.3696709782941535,1,Logistic regression,14.440393840942054,0.8816180324734433,14.440393840942054,0.82,0.07956841753512592,1,1,1,1
1000,143158,7.56,0,-0.9846818850641801,0,Logistic regression,-1.811511933874833,-0.9975021223804839,-1.811511933874833,0.0,-0.7956544686347093,0,0,0,0
1000,115465,259.0,0,-0.9254185957170931,0,Logistic regression,-2.0580887325802637,-0.958463498444911,-2.0580887325802637,0.16,-0.7287308177916102,0,0,0,0
1000,113095,4.95,0,-0.44655520639512,0,Logistic regression,-0.662518632458893,-0.7544650369935317,-0.662518632458893,0.11,0.023228796519717446,0,0,0,1
1000,68320,0.76,1,-1.1147132282219099,0,Logistic regression,-1.9674314585754624,-1.0187511899030004,-1.9674314585754624,0.0,-0.1661967096898548,0,0,0,1
1000,58189,12.31,0,-0.1922354848843827,0,Logistic regression,-1.6936983535426915,-0.8069136404353532,-1.6936983535426915,0.005,-0.2460033030853986,0,0,0,0
1000,165175,77.71,0,-0.2484106333934335,0,Logistic regression,-0.048448596604171223,-0.6461159989904441,-0.048448596604171223,0.0,-0.06500445781578346,0,0,0,1
1000,188897,17.7,0,-1.2086964171075338,0,Logistic regression,-2.291963427686107,-1.091811562382977,-2.291963427686107,0.03,-0.8361663915833742,0,0,0,0
1000,37297,127.35,0,-0.8677710523662558,0,Logistic regression,-3.4161617556429267,-1.0784120977645146,-3.4161617556429267,0.04,-0.5107814747273973,0,0,0,0
1000,151730,18.96,1,0.13869774008118288,1,Logistic regression,13.961827688013926,0.5832138565342614,13.961827688013926,0.79,0.049342456712947735,1,1,1,1
1000,119006,2.66,0,-0.10325215889218464,0,Logistic regression,-7.544580999711398,-0.9736055279810201,-7.544580999711398,0.02,-0.18262997463744157,0,0,0,1
1000,102442,1.0,1,-0.01005694318633707,1,Logistic regression,30.54760702107915,0.34227161255242916,30.54760702107915,0.505,0.0486587712406825,0,1,0,1
1000,155811,6.95,0,-0.3686579737930142,0,Logistic regression,-2.022523911281483,-0.9460905127787707,-2.022523911281483,0.02,-0.07384855220451317,0,0,0,1
1000,17366,99.99,1,0.1553173625674203,1,Logistic regression,20.98726907338382,0.34324276907346574,20.98726907338382,0.665,0.0486587712406825,0,1,1,1
1000,57094,29.99,0,-0.41402090319256474,0,Logistic regression,-5.298118614077531,-0.9249073938027479,-5.298118614077531,0.06,0.021807900641081304,0,0,0,1
1000,176060,201.23,0,-0.2885554206541906,0,Logistic regression,-4.093421244687379,-0.9232206309085524,-4.093421244687379,0.06,-0.2374428961280006,0,0,0,0
1000,196303,10.0,0,-1.0135693638919288,0,Logistic regression,-1.589477303868092,-1.037994420240721,-1.589477303868092,0.08,-0.25643169113023306,0,0,0,0
1000,111896,0.76,0,-0.7637914379434927,0,Logistic regression,-1.4588491697754935,-1.0309752291366001,-1.4588491697754935,0.025,-0.7527392184468322,0,0,0,0
1000,227974,20.64,0,-0.8835917815000298,0,Logistic regression,-2.9635975209409353,-1.0959090233543234,-2.9635975209409353,0.0,-0.9513471238969524,0,0,0,0
1000,208835,35.18,0,-0.6097171258637677,0,Logistic regression,-4.111026589786663,-0.9439999693204986,-4.111026589786663,0.0,-0.4671457079670007,0,0,0,0
1000,182785,90.0,0,-0.20903368631533298,0,Logistic regression,-3.020957136521875,-0.8261201714637652,-3.020957136521875,0.085,-0.11294102707829945,0,0,0,1
1000,175141,0.92,0,-0.03798722108425018,0,Logistic regression,-6.7338457120092405,-0.8629570264308226,-6.7338457120092405,0.02,-0.2558069460151578,0,0,0,0
1000,37464,52.5,0,-0.5082845390756328,0,Logistic regression,-2.8438039003857662,-0.9306618136318852,-2.8438039003857662,0.005,-0.14867094866650274,0,0,0,1
1000,283004,8.1,0,-0.7053027493512076,0,Logistic regression,-1.145183282420005,-0.9819681601245742,-1.145183282420005,0.05,-0.769130260553146,0,0,0,0
1000,229809,49.95,0,-0.8006167059445692,0,Logistic regression,-2.27621209473541,-1.1018627602665136,-2.27621209473541,0.0,-0.8806581041110758,0,0,0,0
1000,106786,156.0,0,-0.9814202520516906,0,Logistic regression,-2.4997613418775324,-1.098377113517301,-2.4997613418775324,0.045,-0.8370584221205183,0,0,0,0
1000,120955,23.98,0,-0.5081215668917021,0,Logistic regression,-1.5147420219196706,-0.9865819402697218,-1.5147420219196706,0.245,-0.7801438407006518,0,0,0,0
1000,107466,358.0,0,-0.22618189472257505,0,Logistic regression,-2.850704366377553,-0.7850015223649245,-2.850704366377553,0.03,-0.5924875526267616,0,0,0,0
1000,70521,1.19,0,-0.6228768488861067,0,Logistic regression,-3.1578042159247763,-0.9948058686293297,-3.1578042159247763,0.0,-0.6335325794247635,0,0,0,0
1000,100107,2.0,0,-0.6722465041765908,0,Logistic regression,-2.486709177758416,-0.9672556494717197,-2.486709177758416,0.0,-0.3224517026085617,0,0,0,0
1000,202370,1.29,0,-1.1264334427028193,0,Logistic regression,-2.765518318592927,-1.057574965233536,-2.765518318592927,0.01,-0.5123239330874119,0,0,0,0
1000,22527,3.91,0,-0.7198776920995111,0,Logistic regression,-3.5784203232048206,-1.0209169574373933,-3.5784203232048206,0.03,-0.6703980923708646,0,0,0,0
1000,172553,1643.0,0,-0.012705275319265158,0,Logistic regression,-0.4415243139373355,0.18455273574013625,-0.4415243139373355,0.14,0.04119289706110077,0,0,0,1
1000,29833,6.99,0,-0.876094907686964,0,Logistic regression,-2.265345401727167,-1.0386087757316003,-2.265345401727167,0.0,-0.5788833257301788,0,0,0,0
1000,228487,82.25,0,-0.9800730935018025,0,Logistic regression,-2.4875792115234354,-1.1150612451132451,-2.4875792115234354,0.005,-0.41124386137750596,0,0,0,0
1000,168066,69.0,0,-0.42266050589481724,0,Logistic regression,-2.5370124779264938,-0.8546609276467152,-2.5370124779264938,0.01,-0.11894198588199831,0,0,0,1
1000,155522,407.98,0,-0.013586892753036567,0,Logistic regression,1.4718455776982244,-0.006785220100567091,1.4718455776982244,0.275,0.027455512683148435,0,0,0,1
1000,280149,77.89,1,0.05042615169422236,1,Logistic regression,6.809945069656858,0.30100262298438085,6.809945069656858,0.655,0.06731694775954249,0,0,1,1
1000,24733,16.0,0,-0.8207630707204903,0,Logistic regression,-4.2027922724326725,-1.0586109022054073,-4.2027922724326725,0.0,-0.8604156746592214,0,0,0,0
1000,17310,2.99,0,-0.5109463925236244,0,Logistic regression,-0.12959792695158434,-0.8483580355564493,-0.12959792695158434,0.195,0.12162936824788717,0,0,0,1
1000,172460,64.17,0,-0.7191049425316449,0,Logistic regression,-2.8561541459686994,-0.9366306477327089,-2.8561541459686994,0.0,-0.3525891306020101,0,0,0,0
1000,247149,76.63,0,-0.24041866607954943,0,Logistic regression,0.7257565686983405,-0.5729516618536388,0.7257565686983405,0.165,-0.032806669111235774,0,0,0,1
1000,249082,17.61,0,-0.5120512304194165,0,Logistic regression,0.3542058901626768,-0.6502124139921619,0.3542058901626768,0.04,-0.3138174830749336,0,0,0,0
1000,247995,51.37,1,0.18839251829436798,1,Logistic regression,9.922729650092602,0.5192687665939882,9.922729650092602,0.88,0.06677424700327071,1,0,1,1
1000,109081,29.0,0,-0.6821304676463613,0,Logistic regression,-0.9623733796063239,-0.9340411588460249,-0.9623733796063239,0.185,-0.6542751086417137,0,0,0,0
1000,218446,1.98,0,-0.8331923115108426,0,Logistic regression,-2.668231030339295,-1.0553681824682064,-2.668231030339295,0.0,-0.5947202194999955,0,0,0,0
1000,147531,20.0,0,-0.3139562781760253,0,Logistic regression,-1.282259056209587,-0.5995141640225075,-1.282259056209587,0.18,-0.08855607541523819,0,0,0,1
1000,226458,47.0,0,-1.0954838214580813,0,Logistic regression,-2.4442411845303162,-1.032303947669829,-2.4442411845303162,0.0,-0.2213814440897545,0,0,0,0
1000,56051,11.9,0,-0.8535681311468188,0,Logistic regression,-3.844257467356707,-1.147462493102129,-3.844257467356707,0.0,-0.9273271904227508,0,0,0,0
1000,147871,39.99,0,-0.8289575114900636,0,Logistic regression,-3.9534765288735314,-1.013156166300413,-3.9534765288735314,0.0,-0.6515314091898324,0,0,0,0
1000,40559,28.14,0,-0.653420982719195,0,Logistic regression,-1.3457472726411395,-0.9969446801972277,-1.3457472726411395,0.04,-0.7084729594637,0,0,0,0
1000,14992,8.99,0,-0.9688272797104689,0,Logistic regression,-3.405241202537221,-1.152472203478719,-3.405241202537221,0.005,-1.0840620798859155,0,0,0,0
1000,151164,591.82,0,-0.27270546420808045,0,Logistic regression,-3.6733064401285898,-0.8243428055451201,-3.6733064401285898,0.16,0.04249549157166807,0,0,0,1
1000,46909,1.0,1,0.17545509930331143,1,Logistic regression,29.253571583861284,0.4542003478831797,29.253571583861284,0.775,0.051255226232103206,1,1,1,1
1000,72321,9.95,0,-0.6072000069317691,0,Logistic regression,-5.238928591584143,-1.1255125605375917,-5.238928591584143,0.0,-0.8202148732781738,0,0,0,0
1000,72113,27.8,0,-0.3708422370905506,0,Logistic regression,-2.0535924363182807,-0.8255163661938716,-2.0535924363182807,0.0,-0.28510881068818134,0,0,0,0
1000,41243,7.0,0,-0.889264918279812,0,Logistic regression,-1.7422390813882096,-0.997463407692402,-1.7422390813882096,0.215,-0.6523111466856761,0,0,0,0
1000,8296,1.0,1,0.20882050641563865,1,Logistic regression,49.196262997436214,0.3456428964857755,49.196262997436214,0.765,0.04865885740222245,0,1,1,1
1000,3165,6.24,0,-1.050457078923524,0,Logistic regression,-2.679706108407594,-1.1138077623336988,-2.679706108407594,0.0,-0.9219598704839301,0,0,0,0
1000,226877,0.0,1,0.26317835406399703,1,Logistic regression,11.84458863451237,0.6794260747917538,11.84458863451237,0.77,0.052093611704982896,1,1,1,1
1000,541,0.0,1,0.1351834565650599,1,Logistic regression,6.0652977696605666,0.21770506032257175,6.0652977696605666,0.76,0.044128575002619526,0,0,1,1
1000,149626,2.0,0,0.12657256188016253,1,Logistic regression,-0.5803656439142799,-0.7986860197228545,-0.5803656439142799,0.195,-0.06414381077936634,0,0,0,1
1000,175556,6.98,0,-0.9083101934414515,0,Logistic regression,-2.836709593001482,-1.0790040040801465,-2.836709593001482,0.0,-1.0727501129328272,0,0,0,0
1000,107325,158.0,0,0.20183284267859392,1,Logistic regression,-3.2636010965474958,-0.04566471595829935,-3.2636010965474958,0.475,-0.03188398417932086,0,0,0,1
1000,76929,1.0,1,0.17865229543898384,1,Logistic regression,17.662185693317657,0.6730305108195235,17.662185693317657,0.845,0.0596869011989877,1,1,1,1
1000,224995,13.99,0,-0.9813069141964208,0,Logistic regression,-3.156709761186704,-1.1274159461355597,-3.156709761186704,0.01,-0.8952169740395515,0,0,0,0
1000,177818,9.0,0,-0.9873698668022126,0,Logistic regression,-2.4774643964499665,-1.0693708318641746,-2.4774643964499665,0.01,-0.6766315493991985,0,0,0,0
1000,54267,485.55,0,0.05108274416347827,1,Logistic regression,-1.0886129408192278,-0.38264287768964983,-1.0886129408192278,0.065,-0.11410334929273175,0,0,0,1
1000,12259,298.47,0,-0.2137249358994075,0,Logistic regression,-4.341547602287077,-0.8328083917303795,-4.341547602287077,0.07,-0.055206298702968386,0,0,0,1
1000,154371,2.28,1,0.09801913134732097,1,Logistic regression,18.541973921467573,0.34227161255296773,18.541973921467573,0.57,0.0486587712406825,0,1,1,1
1000,276986,0.76,0,-0.38700827670768795,0,Logistic regression,-3.854220717327458,-0.8527694566784887,-3.854220717327458,0.08,-0.09980751630678455,0,0,0,1
1000,234574,0.0,1,-0.03397330942954904,0,Logistic regression,18.559830153992362,0.6073192369854121,18.559830153992362,0.785,0.04874586938684272,1,1,1,1
1000,185318,74.42,0,-0.45880900523227924,0,Logistic regression,-1.6149313527009381,-0.9747637220196839,-1.6149313527009381,0.0,-0.24874275425285428,0,0,0,0
1000,147881,22.07,0,-0.9172589486841551,0,Logistic regression,-3.083017709347743,-1.010905657984082,-3.083017709347743,0.005,-0.6532065215223437,0,0,0,0
1000,104891,425.0,0,-0.4619974968952369,0,Logistic regression,-1.0297148134809546,-0.7278777707584827,-1.0297148134809546,0.105,-0.304586069941452,0,0,0,0
1000,130381,638.6,0,0.15014475245225817,1,Logistic regression,-2.9645757032311737,-0.26364399017310386,-2.9645757032311737,0.16,-0.004623535689036888,0,0,0,1
1000,151702,4.9,0,-0.7436385044823468,0,Logistic regression,-1.9224534116541165,-0.9838361232042492,-1.9224534116541165,0.01,-0.37477024826524347,0,0,0,0
1000,156990,186.13,1,0.1641126074506728,1,Logistic regression,18.24098189673033,0.7253651439447367,18.24098189673033,0.78,0.06411427916099673,1,1,1,1
1000,95675,36.59,0,-0.8417056418361244,0,Logistic regression,-2.3892780598869785,-0.9733184682281251,-2.3892780598869785,0.0,-0.3040716922750368,0,0,0,0
1000,274545,1.79,0,-0.5546499859490079,0,Logistic regression,-2.3152991090430577,-0.9382526070117356,-2.3152991090430577,0.015,-0.5969267834078046,0,0,0,0
1000,158343,1.0,0,-0.7888882470994525,0,Logistic regression,-2.757484314206174,-1.0417209928784041,-2.757484314206174,0.0,-0.3937594337908338,0,0,0,0
1000,166088,35.5,0,-1.0447509132453037,0,Logistic regression,-2.4474326323107323,-1.0956533558520902,-2.4474326323107323,0.015,-0.8338892429866277,0,0,0,0
1000,166021,9.99,0,-0.8727243972623266,0,Logistic regression,-3.435485572916786,-1.1062891486992052,-3.435485572916786,0.025,-0.851217006729149,0,0,0,0
1000,36258,14.0,0,-0.3488527218428762,0,Logistic regression,-3.2137894322428853,-0.8971918054442953,-3.2137894322428853,0.025,-0.6235341915966431,0,0,0,0
1000,145968,6.92,0,-0.45914538615486294,0,Logistic regression,-1.0574812802141809,-0.8095009300380358,-1.0574812802141809,0.005,-0.6548006625218653,0,0,0,0
1000,214019,570.0,0,-0.12572867056668363,0,Logistic regression,-4.0632686950803585,-0.586472647511155,-4.0632686950803585,0.01,-0.032114290385129814,0,0,0,1
1000,4960,96.27,0,-0.44715655027675144,0,Logistic regression,-2.942205781612495,-0.9949919981142255,-2.942205781612495,0.085,-0.07078251370716959,0,0,0,1
1000,78331,18.4,0,-0.4071392587173032,0,Logistic regression,-2.4837219210694688,-0.8626402037542322,-2.4837219210694688,0.015,-0.3478281580017499,0,0,0,0
1000,203328,925.31,1,0.1948305599253494,1,Logistic regression,10.191160225465051,0.49521793832476946,10.191160225465051,0.66,0.04886662228169465,1,0,1,1
1000,125309,14.11,0,-0.280834781046433,0,Logistic regression,-1.7250577173401507,-0.8582046376118595,-1.7250577173401507,0.015,-0.33264380509576863,0,0,0,0
1000,42700,30.26,1,0.21865003474633266,1,Logistic regression,37.437826902145275,0.8915185889163117,37.437826902145275,0.82,0.10820101112661204,1,1,1,1
1000,133157,4.99,0,-0.9353565007273099,0,Logistic regression,-2.327336038038034,-0.9743324368076336,-2.327336038038034,0.01,-0.7102187930849809,0,0,0,0
1000,160939,12.99,0,-0.983758089951386,0,Logistic regression,-2.548335006008074,-1.0971616031711187,-2.548335006008074,0.035,-0.47647831559975984,0,0,0,0
1000,197553,22.8,0,-0.10610109459768396,0,Logistic regression,-4.01641581201725,-0.6174640853389823,-4.01641581201725,0.055,-0.13910969266654336,0,0,0,1
1000,196979,23.75,0,0.07912942561478972,1,Logistic regression,-1.4934570240278597,-0.7759827407262059,-1.4934570240278597,0.025,-0.2211410075273195,0,0,0,0
1000,268295,7.56,0,0.0880956434465118,1,Logistic regression,-4.32529740112391,-0.633149102038342,-4.32529740112391,0.02,0.03383010865509824,0,0,0,1
1000,205986,12.31,0,-0.4892231809899093,0,Logistic regression,-0.6266950027720757,-0.8931353602505054,-0.6266950027720757,0.04,-0.2872288529140358,0,0,0,0
1000,150669,188.52,1,0.23007382435320214,1,Logistic regression,31.696841690393395,0.42879842427527326,31.696841690393395,0.83,0.052847093782973954,0,1,1,1
1000,149357,38.76,1,0.10604141778019532,1,Logistic regression,7.811980037294579,0.37430571018898146,7.811980037294579,0.82,0.05972909848303724,0,0,1,1
1000,76410,25.9,0,-0.6091306306201638,0,Logistic regression,-2.165274816689307,-0.993626659823166,-2.165274816689307,0.04,-0.8617511004230433,0,0,0,0
1000,257740,10.88,0,-1.0077912532911262,0,Logistic regression,-2.5429923818467706,-1.1176936753118074,-2.5429923818467706,0.0,-0.8444379905437637,0,0,0,0
1000,223780,160.0,0,-0.8011862329655024,0,Logistic regression,-3.554811103147432,-0.9913718511958951,-3.554811103147432,0.05,-0.4851067451785336,0,0,0,0
1000,229664,69.0,0,-0.07754278632698786,0,Logistic regression,-7.316570554652608,-0.685993569133839,-7.316570554652608,0.02,0.005992307909566966,0,0,0,1
1000,95394,63.42,0,-0.44094146905989123,0,Logistic regression,-5.219499886089195,-1.066249275713886,-5.219499886089195,0.0,-0.18198779914693416,0,0,0,1
1000,81928,1.98,0,-1.0194193294885532,0,Logistic regression,-2.9618505272827784,-1.1139305743323016,-2.9618505272827784,0.015,-0.872312387498624,0,0,0,0
1000,277511,594.37,0,-0.6205616384036132,0,Logistic regression,-3.872793993617428,-0.7761253387638887,-3.872793993617428,0.07,-0.39065260620359665,0,0,0,0
1000,156489,33.94,0,-0.1466392522870707,0,Logistic regression,-1.7733524397375948,-0.8453538429907539,-1.7733524397375948,0.005,-0.07450117777741372,0,0,0,1
1000,224868,68.0,0,-0.3914876695219049,0,Logistic regression,-0.7972490866113451,-0.8999542733098742,-0.7972490866113451,0.02,-0.13970330544109197,0,0,0,1
1000,178225,177.0,0,-0.9027383919675873,0,Logistic regression,-3.0416588797381205,-1.0761522819656564,-3.0416588797381205,0.085,-0.7114494949677844,0,0,0,0
1000,38382,19.4,0,-0.5894918407329142,0,Logistic regression,-2.7298379320881145,-0.6889949844467043,-2.7298379320881145,0.005,-0.6198494151610058,0,0,0,0
1000,263324,127.14,1,0.20229626176605095,1,Logistic regression,14.174617850329014,0.8022753950041022,14.174617850329014,0.815,0.08752971753282007,1,1,1,1
1000,208656,65.54,0,-0.41911416795775197,0,Logistic regression,-0.5244814521548498,-0.6966881273832772,-0.5244814521548498,0.015,-0.44182418831694675,0,0,0,0
1000,133622,0.76,0,-0.4090603805547281,0,Logistic regression,-2.031442497296179,-0.9636385771491374,-2.031442497296179,0.01,-0.17104201352679477,0,0,0,1
1000,15566,99.99,1,0.14138581666985905,1,Logistic regression,24.50579648587791,0.3719588822114707,24.50579648587791,0.695,0.048658771240682505,0,1,1,1
1000,273574,1.0,0,-0.9570032643840813,0,Logistic regression,-2.078568025334412,-1.0432636274128373,-2.078568025334412,0.01,-0.5889272384597065,0,0,0,0
1000,187997,19.99,0,-0.6752498244852179,0,Logistic regression,-2.0049091733770865,-0.9650524267179357,-2.0049091733770865,0.0,-0.4014847468185449,0,0,0,0
1000,93486,0.0,1,-1.1151217670619822,0,Logistic regression,-1.5966194650444123,-1.0090615858647665,-1.5966194650444123,0.02,-0.11993701581262306,0,0,0,1
1000,181267,18.97,0,-0.6380823081571492,0,Logistic regression,-2.7749778280206883,-0.8566135827717589,-2.7749778280206883,0.0,-0.8534331558868605,0,0,0,0
1000,241254,9.29,1,0.00533891223949981,1,Logistic regression,7.234307009863639,0.19271110526864288,7.234307009863639,0.615,0.06361279679104177,0,0,1,1
1000,20215,1.98,0,-1.06189268846173,0,Logistic regression,-1.2355539924400865,-0.9961363224628523,-1.2355539924400865,0.14,-0.3206450721725951,0,0,0,0
1000,200456,15.95,0,-1.1772961246199651,0,Logistic regression,-2.659632961921581,-1.125731967688083,-2.659632961921581,0.02,-0.12057204703287686,0,0,0,1
1000,45732,1.0,1,-0.004541569217901692,1,Logistic regression,12.36840935946002,0.6503857970018156,12.36840935946002,0.83,0.0487554579512244,1,1,1,1
1000,42696,88.23,1,0.17933863199988953,1,Logistic regression,39.23630189070509,0.7769709573093491,39.23630189070509,0.8,0.06484390630439302,1,1,1,1
1000,78496,16.0,0,-0.7825103770808057,0,Logistic regression,-1.7132728028249613,-1.0512795224833988,-1.7132728028249613,0.005,-1.1113013037144484,0,0,0,0
1000,4350,196.78,0,-0.6544944413231173,0,Logistic regression,-2.174280787098383,-0.9701007975517661,-2.174280787098383,0.125,-0.04576010419425731,0,0,0,1
1000,23308,0.0,1,0.2426949425291679,1,Logistic regression,10.16120781781568,0.6058332305746934,10.16120781781568,0.89,0.06234502769719874,1,0,1,1
1000,253294,1.0,0,0.04924912246214866,1,Logistic regression,-0.08459828770230882,-0.7505588271128754,-0.08459828770230882,0.21,-0.24898587133846709,0,0,0,0
1000,209135,0.89,0,-1.1378572415665227,0,Logistic regression,-2.7720574125840916,-1.113180122037501,-2.7720574125840916,0.04,-0.5717629502936821,0,0,0,0
1000,196264,15.9,0,-0.6586979804815947,0,Logistic regression,-3.520515167890779,-1.023107845476159,-3.520515167890779,0.0,-0.5837158495477148,0,0,0,0
1000,166034,16.99,0,-0.9183447530738742,0,Logistic regression,-1.843197090174296,-1.0733858932831246,-1.843197090174296,0.005,-0.7423490745107227,0,0,0,0
1000,133108,80.49,0,-1.0121809470011955,0,Logistic regression,-3.0984397060016113,-1.1411462749524077,-3.0984397060016113,0.005,-0.6439381427512477,0,0,0,0
1000,230503,9.42,0,-0.8922620079428447,0,Logistic regression,-3.6266322233122263,-1.0247622457974284,-3.6266322233122263,0.005,-0.5712809069733858,0,0,0,0
1000,18466,0.68,1,0.5348289794542007,1,Logistic regression,3.8229796899512616,-0.22405381675685326,3.8229796899512616,0.265,0.06427107731403192,0,0,0,1
1000,64829,108.52,0,-0.9487353096496287,0,Logistic regression,-2.8487307748080917,-1.0153912557464526,-2.8487307748080917,0.195,-0.8542633785044775,0,0,0,0
1000,27707,40.99,0,-1.0162073539321999,0,Logistic regression,-1.7350631679203528,-1.010483928083409,-1.7350631679203528,0.015,-0.6675546567205131,0,0,0,0
1000,249337,12.99,0,-1.0694393855183113,0,Logistic regression,-2.5152647814804587,-1.1130616656984498,-2.5152647814804587,0.0,-0.999334214597184,0,0,0,0
1000,119682,1.0,0,-0.6005706124895522,0,Logistic regression,-3.8825753708549886,-0.9854793458534781,-3.8825753708549886,0.045,-0.41028622619520533,0,0,0,0
1000,12681,41.36,0,-0.5296752173063557,0,Logistic regression,-3.401125946239221,-0.961039571050277,-3.401125946239221,0.115,-0.1256759362910274,0,0,0,1
1000,60178,88.5,0,-0.6259398211050016,0,Logistic regression,-1.2064707371863062,-0.8941259304086138,-1.2064707371863062,0.04,-0.46806940336094527,0,0,0,0
1000,14017,75.08,0,0.06961755670739551,1,Logistic regression,0.5447546943362962,-0.598570600890185,0.5447546943362962,0.055,-0.08721493231456684,0,0,0,1
1000,258093,1.0,0,-0.6009057765840995,0,Logistic regression,-2.1672207324310255,-0.9529373971358859,-2.1672207324310255,0.015,-0.6870527819893804,0,0,0,0
1000,279570,97.0,0,-1.0227627957284406,0,Logistic regression,-0.600343019089248,-0.9052445118223282,-0.600343019089248,0.055,-0.7310352227375737,0,0,0,0
1000,100874,1.98,0,-0.5553385260045667,0,Logistic regression,-3.537161876963442,-1.0976010196964503,-3.537161876963442,0.0,-0.45142138188054315,0,0,0,0
1000,278472,9.99,0,-0.41303455856781585,0,Logistic regression,-1.0589491749225508,-0.6747885397576316,-1.0589491749225508,0.005,-0.26058220110212965,0,0,0,0
1000,142484,331.0,0,-0.6325034505664344,0,Logistic regression,-2.8071218692140785,-0.9650755479448905,-2.8071218692140785,0.025,-0.6685463261686979,0,0,0,0
1000,23158,0.69,0,-1.0285140976391869,0,Logistic regression,-3.1701982928284433,-1.1367694238232755,-3.1701982928284433,0.005,-0.8495571206130553,0,0,0,0
1000,129599,134.85,0,-0.8737258798907124,0,Logistic regression,-3.123001800243687,-1.1304941441476772,-3.123001800243687,0.035,-0.5903703553094612,0,0,0,0
1000,124288,1.0,0,-0.5353748531612299,0,Logistic regression,-1.0572402947134711,-0.9215746022432527,-1.0572402947134711,0.01,-0.5343484849409059,0,0,0,0
1000,271309,57.6,0,-0.8718164902847816,0,Logistic regression,-1.2795246261891826,-0.9625656988286293,-1.2795246261891826,0.015,-0.7256124365013937,0,0,0,0
1000,47115,196.0,0,-0.6499789497276085,0,Logistic regression,-2.14040999061568,-1.0185890467982044,-2.14040999061568,0.035,-0.6180443196506828,0,0,0,0
1000,102566,10.0,0,-0.7428319749562462,0,Logistic regression,-0.9181268811205774,-0.9202531949739479,-0.9181268811205774,0.02,-0.6621432411390961,0,0,0,0
1000,271984,0.99,0,-0.6297813307453246,0,Logistic regression,-2.8017138655434657,-1.0558162455935793,-2.8017138655434657,0.015,-0.5443858240525214,0,0,0,0
1000,201453,11.25,0,-0.49856534707316974,0,Logistic regression,-1.4124640933519126,-0.9065509776886551,-1.4124640933519126,0.0,-0.4991392658330295,0,0,0,0
1000,221335,90.0,0,-0.9415505799413457,0,Logistic regression,-3.0083083931773595,-1.0140818871446804,-3.0083083931773595,0.0,-0.6912553837144394,0,0,0,0
1000,249607,35.0,1,0.36805307417790223,1,Logistic regression,4.421667579267652,0.4593941730168609,4.421667579267652,0.71,0.048659103818144846,1,0,1,1
1000,227531,0.01,0,-0.26204610151000773,0,Logistic regression,-1.3373676696368786,-0.9768425544746553,-1.3373676696368786,0.1,-1.0005346935883284,0,0,0,0
1000,194442,7.59,0,-0.5036181751546644,0,Logistic regression,-4.6549758286640746,-0.9878803402898342,-4.6549758286640746,0.015,-0.4228104397979591,0,0,0,0
1000,36408,14.2,0,-0.9386196475530941,0,Logistic regression,-1.7792203874224564,-1.0305134801368947,-1.7792203874224564,0.025,-0.6436704362442877,0,0,0,0
1000,281144,245.0,1,0.29456074990149145,1,Logistic regression,10.205674015044991,0.9511371452608379,10.205674015044991,0.665,0.10779948554017552,1,0,1,1
1000,191899,272.03,0,-0.9252931047893411,0,Logistic regression,-3.060148130538969,-0.9524271512854883,-3.060148130538969,0.085,-0.4930746258583616,0,0,0,0
1000,184027,81.71,0,-0.8727906991793566,0,Logistic regression,-3.378225171601255,-0.9866420196732288,-3.378225171601255,0.02,-0.5848064933056598,0,0,0,0
1000,99705,150.0,0,-0.3546904483726292,0,Logistic regression,-1.8559407350970736,-0.8493272620928785,-1.8559407350970736,0.045,-0.323454821593974,0,0,0,0
1000,229712,1.18,1,0.1157775537934416,1,Logistic regression,14.834392770280804,0.6887932602801807,14.834392770280804,0.825,0.050339906553205895,1,1,1,1
1000,88542,146.0,0,-0.9404060505051179,0,Logistic regression,-3.7537881957625334,-1.1094031533116944,-3.7537881957625334,0.045,-0.21621274215073402,0,0,0,0
1000,250083,49.35,0,-0.6252350044590371,0,Logistic regression,-0.20090698263279338,-0.7731303222154069,-0.20090698263279338,0.06,-0.19842192909092685,0,0,0,0
1000,17317,99.99,1,0.14204116434414032,1,Logistic regression,21.432738555532918,0.3438919997446659,21.432738555532918,0.68,0.0486587712406825,0,1,1,1
1000,102284,1.29,0,-0.8416239835825428,0,Logistic regression,-1.2563047184880982,-0.9538711341760808,-1.2563047184880982,0.005,-1.029201232001791,0,0,0,0
1000,260468,407.0,0,-0.6682069914364985,0,Logistic regression,-2.0347963957371697,-0.8957928773076771,-2.0347963957371697,0.095,-0.4773850642517483,0,0,0,0
1000,186942,11.83,0,-0.5633461759897815,0,Logistic regression,-3.508342853990313,-1.0384189548398979,-3.508342853990313,0.015,-0.5233000499565762,0,0,0,0
1000,150677,30.31,1,0.22027992783634184,1,Logistic regression,25.681997218937077,0.35649177854122244,25.681997218937077,0.74,0.04866013309836989,0,1,1,1
1000,90578,29.99,0,-1.0522827684755318,0,Logistic regression,-2.2169649077693374,-1.0222619685162146,-2.2169649077693374,0.005,-0.831636988432285,0,0,0,0
1000,279307,29.95,0,-0.7402813969799653,0,Logistic regression,-2.8696240935512085,-1.1085590752980177,-2.8696240935512085,0.0,-0.7357407709381467,0,0,0,0
1000,246588,0.23,0,0.07924773861656519,1,Logistic regression,-10.846091545515836,-0.132955938304189,-10.846091545515836,0.055,0.04562950999827002,0,0,0,1
1000,111690,238.9,1,0.2607669001287093,1,Logistic regression,12.32971172482921,1.1575427365587154,12.32971172482921,0.895,0.08774524300951521,1,1,1,1
1000,146716,80.0,0,-0.6513195118024842,0,Logistic regression,-0.5714279205999055,-0.7651861663580937,-0.5714279205999055,0.26,-0.05742027132074116,0,0,0,1
1000,30748,11.5,0,-0.9125341547489738,0,Logistic regression,-3.950244155801583,-1.054222924445251,-3.950244155801583,0.005,-1.0427699616624793,0,0,0,0
1000,163394,0.76,0,-0.7351925039548717,0,Logistic regression,-4.287826361084215,-1.1310571309986373,-4.287826361084215,0.0,-0.5468996862695017,0,0,0,0
1000,61180,3.68,0,-1.101058951709574,0,Logistic regression,-2.662709676739807,-1.075191259691753,-2.662709676739807,0.045,-0.8995907204101774,0,0,0,0
1000,160373,0.89,0,-1.049635760547142,0,Logistic regression,-3.4731719373013865,-1.1036719862626791,-3.4731719373013865,0.0,-0.5718284093993317,0,0,0,0
1000,150680,104.03,1,0.1808258115790709,1,Logistic regression,26.83183126982163,0.36217595807967734,26.83183126982163,0.745,0.04866862119479376,0,1,1,1
1000,221207,3.57,0,-1.081158159499447,0,Logistic regression,-2.9722407075131407,-1.1172315136190831,-2.9722407075131407,0.0,-0.7711350541761954,0,0,0,0
1000,258262,1.5,0,-0.7009702959487953,0,Logistic regression,-4.040032787986968,-1.1160619281290942,-4.040032787986968,0.005,-0.595725302394292,0,0,0,0
1000,201098,0.0,1,0.2109346883744475,1,Logistic regression,12.3595192622955,0.4662918363369084,12.3595192622955,0.745,0.05173444213139084,1,1,1,1
1000,13169,1.78,0,-0.9146354064244322,0,Logistic regression,-2.593222491369448,-1.034617496520459,-2.593222491369448,0.0,-0.5562777719763708,0,0,0,0
1000,224433,44.34,0,-0.4649702128523336,0,Logistic regression,-1.0779009106533115,-0.9166112273641775,-1.0779009106533115,0.05,-0.49350903198396745,0,0,0,0
1000,52854,0.89,0,-1.1455818223263197,0,Logistic regression,-2.0630925333727492,-1.0675517310705087,-2.0630925333727492,0.01,-0.8392843583054194,0,0,0,0
1000,196143,45.0,0,-0.3855215305213083,0,Logistic regression,-2.841549472354629,-0.8600904124024176,-2.841549472354629,0.0,-0.17315571988189277,0,0,0,1
1000,34834,24.99,0,-0.7303674196154006,0,Logistic regression,-4.000455957805588,-1.1114938277300324,-4.000455957805588,0.005,-0.8006192881329135,0,0,0,0
1000,190626,86.3,0,-0.9853257039705803,0,Logistic regression,-1.3481809967268288,-1.0014470371220592,-1.3481809967268288,0.035,-0.4533728368242387,0,0,0,0
1000,256573,9.0,0,-0.946879670292591,0,Logistic regression,-2.3844548137209145,-1.0707442585948155,-2.3844548137209145,0.02,-0.3942206205322478,0,0,0,0
1000,205168,137.5,0,-1.1698342840539193,0,Logistic regression,-3.1745539540065897,-1.1127679955801273,-3.1745539540065897,0.07,-0.7069375320479481,0,0,0,0
1000,259500,1.79,0,-1.169967688898619,0,Logistic regression,-1.9856206994334133,-1.0729330493441416,-1.9856206994334133,0.07,-0.852858887227118,0,0,0,0
1000,193325,59.88,0,-1.020373328736863,0,Logistic regression,-4.069269192165044,-1.170661664981206,-4.069269192165044,0.005,-0.23298412411114142,0,0,0,0
1000,244333,1.0,1,0.2393623757483994,1,Logistic regression,11.809439643735963,0.7381092083780295,11.809439643735963,0.79,0.051025841367679875,1,1,1,1
1000,258339,2.69,0,-0.09997358152199914,0,Logistic regression,-3.1335796929263466,-0.9410543416533066,-3.1335796929263466,0.375,-0.286468210979495,0,0,0,0
1000,86908,37.15,0,-0.24962088318840198,0,Logistic regression,-7.58668774324635,-0.5662627437419561,-7.58668774324635,0.005,-0.14992518066648497,0,0,0,1
1000,9442,9.91,0,-0.5441674471250837,0,Logistic regression,-2.9041601543013056,-1.0254293687038198,-2.9041601543013056,0.045,-0.2760701953133012,0,0,0,0
1000,56497,20.0,0,-0.5585196038109013,0,Logistic regression,-2.802884117190241,-1.044803538745439,-2.802884117190241,0.015,-0.2675809678740012,0,0,0,0
1000,117860,664.29,0,-0.0034648383449570885,1,Logistic regression,-4.786966833432772,-0.6300116505214151,-4.786966833432772,0.11,-0.0872766532422343,0,0,0,1
1000,279195,3.78,0,0.1410966584623865,1,Logistic regression,-0.55159077597533,-0.8124110498037178,-0.55159077597533,0.14,-0.4962414066108879,0,0,0,0
1000,113573,104.45,0,-0.5943780450295619,0,Logistic regression,-2.78165146477152,-0.9403311355278587,-2.78165146477152,0.045,-0.17343478668087114,0,0,0,1
1000,28390,64.95,0,-0.5378591288040826,0,Logistic regression,-1.3023294745816274,-0.7600441934650592,-1.3023294745816274,0.0,-0.4066408293020321,0,0,0,0
1000,267740,8.96,0,-0.185564732203568,0,Logistic regression,-0.6784818763872729,-0.8475664789146142,-0.6784818763872729,0.02,-0.49700845005119754,0,0,0,0
1000,33242,106.0,0,-0.8464803179844707,0,Logistic regression,-4.15869333374987,-1.153800650705533,-4.15869333374987,0.02,-0.4317117712545295,0,0,0,0
1000,180768,0.89,0,-0.3639384811103999,0,Logistic regression,-2.50450583114972,-0.8260286699645569,-2.50450583114972,0.025,-0.5611722826920716,0,0,0,0
1000,17480,99.99,1,0.2205489375416583,1,Logistic regression,19.650951928196427,0.34245399829621903,19.650951928196427,0.66,0.0486587712406825,0,1,1,1
1000,90636,102.0,0,-1.0164960098657443,0,Logistic regression,-3.228985581740141,-1.1468856715812503,-3.228985581740141,0.015,-0.9734632431384427,0,0,0,0
1000,197674,34.09,0,-0.9027658790502184,0,Logistic regression,-4.2353089075827075,-1.1148129312411386,-4.2353089075827075,0.005,-0.7717930600514238,0,0,0,0
1000,151519,1.63,1,0.014388794289090678,1,Logistic regression,23.956777947304857,0.34228371517837336,23.956777947304857,0.67,0.04865877124068251,0,1,1,1
1000,228200,32.94,0,-0.9898467785098128,0,Logistic regression,-2.4372934515347913,-1.116191154285238,-2.4372934515347913,0.005,-0.9871710117736672,0,0,0,0
1000,56287,20.0,0,-0.45424837723888006,0,Logistic regression,-0.5998326674671279,-0.7610099205700875,-0.5998326674671279,0.035,-0.6230354216387998,0,0,0,0
1000,279114,7.41,0,-0.29595042836844565,0,Logistic regression,-4.581251045564271,-0.6902707951848943,-4.581251045564271,0.02,-0.2665112692579096,0,0,0,0
1000,143883,20.99,0,-0.7773805560079654,0,Logistic regression,-1.6995850537826498,-0.9439896948698079,-1.6995850537826498,0.0,-0.34893691429750906,0,0,0,0
1000,134228,227.0,0,0.2135700734168791,1,Logistic regression,-4.517872909370141,-0.4916137237399268,-4.517872909370141,0.09,-0.30354139598334146,0,0,0,0
1000,250833,2.69,0,-0.7253375000513289,0,Logistic regression,-2.3312242392656666,-0.9339538683231068,-2.3312242392656666,0.02,-0.7391725121186093,0,0,0,0
1000,107100,9.12,0,-0.8082907008622653,0,Logistic regression,-3.917765175201859,-1.1215942724139576,-3.917765175201859,0.0,-1.0141261027327562,0,0,0,0
1000,43061,34.12,1,0.10801274973869891,1,Logistic regression,26.764639638671945,0.37752809960313854,26.764639638671945,0.75,0.048664900214207496,0,1,1,1
1000,74794,311.91,1,-0.16600529424818822,0,Logistic regression,-0.5122987667784251,-0.3277139126335638,-0.5122987667784251,0.365,0.0480699270581301,0,0,0,1
1000,262560,4.69,1,0.05362156921813527,1,Logistic regression,21.220163628447867,0.60289811140841,21.220163628447867,0.81,0.051307814273420176,1,1,1,1
1000,174135,9.99,0,-0.7898815372675987,0,Logistic regression,-2.150728149207413,-1.0775950660839508,-2.150728149207413,0.015,-0.7572275934498253,0,0,0,0
1000,232565,44.95,0,-0.8607964277437814,0,Logistic regression,-3.3593544547169847,-1.0795224611589,-3.3593544547169847,0.0,-0.6734049184750167,0,0,0,0
1000,259103,355.74,0,0.016361708751154502,1,Logistic regression,0.6480058768441386,0.20673875918902843,0.6480058768441386,0.24,0.04937433728069176,0,0,0,1
1000,167096,18.59,0,-0.018043312942208345,0,Logistic regression,0.8618972484184941,-0.6671739768315774,0.8618972484184941,0.285,-0.2059242095487597,0,0,0,0
1000,59871,155.24,0,0.19844931786590336,1,Logistic regression,-5.135325259865713,-0.625529910099698,-5.135325259865713,0.015,0.002458105124910827,0,0,0,1
1000,132010,39.38,0,-0.11905741807870618,0,Logistic regression,-3.7095267473446025,-0.6726319529286151,-3.7095267473446025,0.305,0.037584206901857875,0,0,0,1
1000,145176,1.18,0,-0.3908564110677068,0,Logistic regression,-5.251334724478655,-1.0078938873281134,-5.251334724478655,0.0,-0.4854473039103182,0,0,0,0
1000,102717,78.26,0,-0.35814306312516425,0,Logistic regression,-4.287536919356186,-0.9066342744116933,-4.287536919356186,0.02,-0.6513557699541125,0,0,0,0
1000,141258,0.0,1,0.2432262518889616,1,Logistic regression,30.43722752728419,0.4494931183083298,30.43722752728419,0.835,0.049132637471348384,0,1,1,1
1000,36597,12.31,0,-0.9508902774464734,0,Logistic regression,-2.37718770223156,-1.0683695310899357,-2.37718770223156,0.02,-0.7521365919850294,0,0,0,0
1000,2906,16.15,0,-0.18139377015909885,0,Logistic regression,-2.9691219537536906,-0.7673017216975333,-2.9691219537536906,0.12,-0.2587978800168209,0,0,0,0
1000,78481,201.57,0,-1.118166470756889,0,Logistic regression,-2.7183389339809643,-1.0340842900694476,-2.7183389339809643,0.06,-0.29383197569708114,0,0,0,0
1000,36108,304.48,0,-0.17290288155557937,0,Logistic regression,-0.5758325379902327,-0.49860129985895923,-0.5758325379902327,0.06,-0.2593064363044527,0,0,0,0
1000,151683,8.99,0,-0.7953298849176191,0,Logistic regression,-2.6420712942624176,-1.0582892386293585,-2.6420712942624176,0.03,-0.284070349261369,0,0,0,0
1000,19716,1.79,0,-1.045777699370568,0,Logistic regression,-1.5098055931017547,-1.0183305812855303,-1.5098055931017547,0.01,-1.1902173768732034,0,0,0,0
1000,132502,1.0,0,0.029015546512236756,1,Logistic regression,-1.0652106723208992,-0.0933285026180859,-1.0652106723208992,0.3,0.060440678192277025,0,0,0,1
1000,150980,6.16,0,-0.18712171314231701,0,Logistic regression,-6.938061438666329,-0.3162137170162554,-6.938061438666329,0.01,0.02855601482220397,0,0,0,1
1000,115032,9.99,0,-0.2744455334889017,0,Logistic regression,0.5669172205494228,-0.454923132038692,0.5669172205494228,0.04,-0.23737325633362436,0,0,0,0
1000,190351,4.19,0,-0.3728659628619611,0,Logistic regression,-3.3172477143103256,-0.5828260494872606,-3.3172477143103256,0.01,-0.1500471245756189,0,0,0,1
1000,231567,10.8,0,-0.5724941002279693,0,Logistic regression,-2.4870687269339644,-1.057129839113243,-2.4870687269339644,0.04,-0.15017287828544315,0,0,0,1
1000,166527,78.0,0,-0.8656306846104593,0,Logistic regression,-1.5148034844432994,-0.9518162712839557,-1.5148034844432994,0.01,-0.4501926877808652,0,0,0,0
1000,180431,20.0,0,-0.3847437812492663,0,Logistic regression,-6.357390398598032,-0.7551575473589247,-6.357390398598032,0.235,-0.1842484965009411,0,0,0,1
1000,120333,11.35,0,-0.5638510230643741,0,Logistic regression,-0.3651778809690098,-0.8322672463305552,-0.3651778809690098,0.005,-0.35073630173614634,0,0,0,0
1000,40622,14.4,0,-1.12864438948489,0,Logistic regression,-2.414304336089832,-1.0890117028982802,-2.414304336089832,0.01,-0.7903419587334012,0,0,0,0
1000,225304,1.46,0,0.029712102064366697,1,Logistic regression,-0.09359809723846091,-0.6593533562655545,-0.09359809723846091,0.02,-0.37516661853620653,0,0,0,0
1000,151007,1.0,1,0.12958756946670255,1,Logistic regression,10.116726604337625,0.3422716125527301,10.116726604337625,0.675,0.0486587712406825,0,0,1,1
1000,73015,41.5,0,-0.8342202037988404,0,Logistic regression,-1.313060749333784,-0.9704099620187843,-1.313060749333784,0.005,-0.824769701818954,0,0,0,0
1000,219371,10.0,0,0.20996371109363532,1,Logistic regression,0.06449951096825668,-0.7264524282916955,0.06449951096825668,0.095,-0.5057305760641724,0,0,0,0
1000,39034,5.76,0,-0.6341604722364134,0,Logistic regression,-5.230274533188638,-1.1252465327586978,-5.230274533188638,0.005,-0.6821303651445548,0,0,0,0
1000,126063,1.98,0,-0.9048661202245087,0,Logistic regression,-2.4231155813006575,-1.0663131251946927,-2.4231155813006575,0.0,-0.9204449700086507,0,0,0,0
1000,110979,4.0,0,-0.9256201305158276,0,Logistic regression,-3.2127863856173033,-1.0474026777437655,-3.2127863856173033,0.005,-0.9335480773188264,0,0,0,0
1000,269372,413.84,0,-0.8380281584822631,0,Logistic regression,-1.7305751927827613,-0.9051952193950272,-1.7305751927827613,0.09,-0.6538323127234161,0,0,0,0
1000,49105,25.69,0,-1.0534332545083736,0,Logistic regression,-3.527898834393227,-1.1436948066629709,-3.527898834393227,0.0,-0.5386688104316689,0,0,0,0
1000,120144,0.89,0,0.036135583402955196,1,Logistic regression,-11.951219648205804,-0.25655318182857917,-11.951219648205804,0.015,0.047352422033206644,0,0,0,1
1000,146647,52.06,0,-0.04322468890566383,0,Logistic regression,-5.488823617670821,-0.7777500320878792,-5.488823617670821,0.285,-0.3079520311139441,0,0,0,0
1000,142389,52.47,0,-0.7707119640110986,0,Logistic regression,-1.770816887793588,-0.9567143833316822,-1.770816887793588,0.0,-0.3529794640162291,0,0,0,0
1000,223578,8.9,1,0.24895556305533428,1,Logistic regression,12.504436523129392,0.945319249127248,12.504436523129392,0.955,0.0672572087615775,1,1,1,1
1000,246942,6.99,0,-0.8586579495956108,0,Logistic regression,-1.3347899699459154,-0.9842556301143941,-1.3347899699459154,0.02,-0.708463896568709,0,0,0,0
1000,277205,3.57,0,-0.3012285012311439,0,Logistic regression,-2.050737192739092,-0.8459387143182526,-2.050737192739092,0.0,-0.23047010781993418,0,0,0,0
1000,114784,63.82,0,-1.0910935872435763,0,Logistic regression,-1.2065189777895902,-0.9886956558764104,-1.2065189777895902,0.05,-1.0440922995030788,0,0,0,0
1000,153823,2.28,1,0.08667938523697855,1,Logistic regression,21.552785804328252,0.34227161492787594,21.552785804328252,0.685,0.0486587712406825,0,1,1,1
1000,184379,25.0,1,0.09296502076872944,1,Logistic regression,7.071885684773378,0.21011107826655195,7.071885684773378,0.625,0.05425339139975391,0,0,1,1
1000,280118,25.0,0,-0.7498268157373329,0,Logistic regression,-3.5886061717821836,-0.9822702876501834,-3.5886061717821836,0.0,-0.6029049177669524,0,0,0,0
1000,33889,200.0,0,-0.7115288066502432,0,Logistic regression,-2.7812731769246652,-0.9476589058022473,-2.7812731769246652,0.08,-0.36450829676136026,0,0,0,0
1000,141259,512.25,1,0.08511515778697501,1,Logistic regression,30.42294682865006,0.4677928115244221,30.42294682865006,0.855,0.048968898923692813,1,1,1,1
1000,87606,1.0,0,-0.5120199661130143,0,Logistic regression,-1.1386205744717302,-0.9392623664031021,-1.1386205744717302,0.0,-0.6736263091111993,0,0,0,0
1000,167596,123.99,0,-1.0104427797905944,0,Logistic regression,-3.130245230198657,-1.0980860392008684,-3.130245230198657,0.11,-0.5698897978928139,0,0,0,0
1000,160638,2.49,0,-0.5186877579776228,0,Logistic regression,-2.664737745543401,-1.0821397826453831,-2.664737745543401,0.02,-0.708921546230844,0,0,0,0
1000,58422,208.58,1,-0.07149072552179264,0,Logistic regression,-2.991220871270255,-0.8609835780860442,-2.991220871270255,0.005,-0.2587921857443675,0,0,0,0
2024,154185,39.0,0,-1.148118665545855,0,Classical (all features),-0.6308957465122756,-1.422506557474156,-2.43856891002381,0.005,-0.6308957465122756,0,0,0,0
2024,5041,130.07,0,-1.110671455830851,0,Classical (all features),-0.06369369291224825,-1.2920170665260446,-2.2793082089493555,0.045,-0.06369369291224825,0,0,0,0
2024,44147,1163.5,0,-0.5318410705453217,1,Classical (all features),0.15426261541762268,0.07024286394665105,-3.7453402703257055,0.09,0.15426261541762268,0,0,0,1
2024,178525,17.07,0,-1.2427321926173156,0,Classical (all features),-0.748924858800465,-1.2026100786436786,-1.5425073791342436,0.0,-0.748924858800465,0,0,0,0
2024,623,529.0,1,-0.6807027635119953,0,Classical (all features),-0.07408333287392044,-0.8157726565717897,-1.3369582605464516,0.055,-0.07408333287392044,0,0,0,0
2024,8617,1.0,1,0.06004132972052506,1,Classical (all features),0.31024453553081766,1.1768141010293305,1.2446967931675375,0.875,0.31024453553081766,1,1,1,1
2024,231968,1.46,0,-0.9979301347654557,0,Classical (all features),0.038234928017287645,-1.0980159494101103,-1.4390612660462,0.0,0.038234928017287645,0,0,0,0
2024,191267,7.18,1,-0.7359195989541578,0,Classical (all features),0.1028832675573024,-0.5981234371260055,-2.3451917574461554,0.0,0.1028832675573024,0,0,0,1
2024,106014,15.3,0,-1.0471688218063544,0,Classical (all features),-0.16243989346748008,-0.6094380252787462,-1.6559855910946386,0.185,-0.16243989346748008,0,0,0,0
2024,30582,4.9,0,-1.2965912511233155,0,Classical (all features),-1.073126449329304,-1.1468518716463132,-1.6366751743224908,0.0,-1.073126449329304,0,0,0,0
2024,161845,88.0,0,-0.48334217942251756,1,Classical (all features),-0.82615069969376,-0.6147548026341582,-0.7636408677316396,0.205,-0.82615069969376,0,0,0,0
2024,146864,89.99,0,-0.5366680915855981,1,Classical (all features),-0.16831379532000815,-0.1705424194611686,-0.5398293904318148,0.245,-0.16831379532000815,0,0,0,0
2024,236087,70.0,0,-1.2393446955425802,0,Classical (all features),-1.0529114939798625,-1.1730444525123032,-1.4674307655350913,0.005,-1.0529114939798625,0,0,0,0
2024,246513,84.92,0,-1.1461081389257928,0,Classical (all features),-1.2185379449140439,-1.3362396368187723,-2.0534802522739497,0.0,-1.2185379449140439,0,0,0,0
2024,173475,250.0,0,-0.7047032855219063,0,Classical (all features),-0.39046911117841365,-1.1338351262804043,-1.6409698366947827,0.01,-0.39046911117841365,0,0,0,0
2024,133865,2.15,0,-0.8034920950399446,0,Classical (all features),-0.09082493110191206,-1.3211023690969745,-2.6681040452999856,0.075,-0.09082493110191206,0,0,0,0
2024,224301,74.0,0,-0.9088760341878904,0,Classical (all features),-0.49478788088369896,-1.3435758891625023,-2.438202569128319,0.01,-0.49478788088369896,0,0,0,0
2024,10690,1218.89,1,-0.7161284164192873,0,Classical (all features),0.15427048241408545,0.24327215919978562,11.099714394866988,0.705,0.15427048241408545,1,1,1,1
2024,151006,1.0,1,-0.22048927413939468,1,Classical (all features),0.15427048241408545,0.31332115279530504,-0.1539317925436119,0.925,0.15427048241408545,1,0,1,1
2024,17448,19.39,0,-1.106910087475067,0,Classical (all features),-0.8853294909319651,-1.2495384812802226,-1.9811293514573558,0.0,-0.8853294909319651,0,0,0,0
2024,257915,11.5,0,-1.0475523978687347,0,Classical (all features),-0.7255397711367284,-0.9699443367730726,-1.6759868937223514,0.05,-0.7255397711367284,0,0,0,0
2024,253533,29.0,0,-1.1319333043870066,0,Classical (all features),-0.9772431520668285,-1.2751400941229587,-1.8799295131960203,0.0,-0.9772431520668285,0,0,0,0
2024,114921,0.89,0,-1.0095170937565403,0,Classical (all features),-0.7930166648572599,-1.3744260416033098,-2.503822265587332,0.005,-0.7930166648572599,0,0,0,0
2024,171801,184.0,0,-0.8709276649483599,0,Classical (all features),-0.9175825154209827,-1.1818340126816356,-1.734529019835144,0.045,-0.9175825154209827,0,0,0,0
2024,253102,69.99,0,-1.1338572395532294,0,Classical (all features),-1.1865675073750224,-1.3850813661871273,-2.1341890956219607,0.0,-1.1865675073750224,0,0,0,0
2024,50601,52.5,0,0.2698776571833637,1,Classical (all features),-0.18963426083247495,-0.6774731433425746,-0.9445032882378053,0.32,-0.18963426083247495,0,0,0,0
2024,139508,2.69,0,-1.1369881807567945,0,Classical (all features),-0.9942583845676052,-1.2347135374669933,-1.6296397191601113,0.0,-0.9942583845676052,0,0,0,0
2024,159371,237.0,0,-0.7492729982590729,0,Classical (all features),-0.3124994271445791,-0.9895423050591919,-2.0004754656005046,0.025,-0.3124994271445791,0,0,0,0
2024,163077,20.74,0,-1.0700573786790217,0,Classical (all features),-0.43515288073507763,-0.5614995541847684,-0.5975900503658981,0.025,-0.43515288073507763,0,0,0,0
2024,93627,62.0,0,-1.079752697354888,0,Classical (all features),-0.17856028674215543,-1.4443943088991578,-2.684821203865592,0.06,-0.17856028674215543,0,0,0,0
2024,212943,0.76,0,-0.6977462803862364,0,Classical (all features),-0.2565286030494668,-0.46162630805571503,-1.0387152613961976,0.0,-0.2565286030494668,0,0,0,0
2024,265871,1.29,0,-0.9914514512506585,0,Classical (all features),-1.146478017783453,-1.2169664251509476,-1.7673237519800535,0.01,-1.146478017783453,0,0,0,0
2024,216000,30.0,0,-0.7736348102559005,0,Classical (all features),-0.792544331433562,-0.4054426804623993,-0.8134476421827856,0.14,-0.792544331433562,0,0,0,0
2024,244333,1.0,1,-0.3891579273043997,1,Classical (all features),0.16049712053391402,0.939437794865483,1.7076965773142343,0.625,0.16049712053391402,1,1,1,1
2024,240244,8.95,0,-1.115276493675111,0,Classical (all features),-0.7299934549603102,-1.359410550935387,-1.9982795815111163,0.025,-0.7299934549603102,0,0,0,0
2024,238222,1.1,1,-0.2653076848563237,1,Classical (all features),0.1745843587970678,1.2087604420444076,4.192595539851282,0.675,0.1745843587970678,1,1,1,1
2024,246134,15.9,0,-0.4132917111043938,1,Classical (all features),-0.3300059228600386,-0.6871804224254575,-0.8577189391187049,0.01,-0.3300059228600386,0,0,0,0
2024,10973,11.85,0,-1.1559346323175113,0,Classical (all features),-0.5580985136566821,-1.2994610303568281,-1.9176728084728583,0.07,-0.5580985136566821,0,0,0,0
2024,57860,36.25,0,-1.187105257276809,0,Classical (all features),-1.0162848679976626,-1.2176465158044274,-1.513047380438383,0.0,-1.0162848679976626,0,0,0,0
2024,38023,4.99,0,-0.9965367387896817,0,Classical (all features),-0.5645122749717514,-1.0964756936188538,-2.3443302305359057,0.0,-0.5645122749717514,0,0,0,0
2024,182004,8.99,0,-1.1033484185135545,0,Classical (all features),-1.0222074963127041,-1.135438860610079,-1.4950859352396788,0.005,-1.0222074963127041,0,0,0,0
2024,44168,105.0,0,-1.2846355329832453,0,Classical (all features),-1.1334805503553198,-1.0833134602145358,-1.3171287779366025,0.0,-1.1334805503553198,0,0,0,0
2024,109137,20.0,0,-0.688703368419086,0,Classical (all features),0.15422687117133746,-0.7298898640673339,-1.2779086348733304,0.16,0.15422687117133746,0,0,0,1
2024,190634,1.0,0,-0.5867404357818317,1,Classical (all features),0.05155011295728919,-0.4909364512435549,-0.7436890004581345,0.095,0.05155011295728919,0,0,0,0
2024,243049,0.99,0,-1.1700252328261271,0,Classical (all features),-1.2315218647192236,-1.1317955710339551,-1.5604797879089396,0.0,-1.2315218647192236,0,0,0,0
2024,42784,45.49,1,-0.46172358123645196,1,Classical (all features),0.21325699523440111,0.7911177963937596,5.64257560972766,0.72,0.21325699523440111,1,1,1,1
2024,157586,1.09,0,-0.9951500104245619,0,Classical (all features),-0.5693693609952792,-1.3409976427633477,-1.8605074819792726,0.0,-0.5693693609952792,0,0,0,0
2024,199896,1335.0,1,-0.6444763531157573,0,Classical (all features),0.1522005517681461,0.03610185196005561,2.70755310263715,0.63,0.1522005517681461,0,1,1,1
2024,137290,102.97,0,-0.9975673799487783,0,Classical (all features),-0.786525128559649,-1.1129064072383765,-1.5626494381535725,0.0,-0.786525128559649,0,0,0,0
2024,248296,0.0,1,-0.259293456679918,1,Classical (all features),0.3751599102311174,1.2483466070414724,1.588485039788089,0.63,0.3751599102311174,1,1,1,1
2024,41429,26.44,0,-0.8534031167847124,0,Classical (all features),0.01365896027436192,-1.0427035423122928,-4.345487306449173,0.05,0.01365896027436192,0,0,0,0
2024,186378,18.53,0,-0.832964188544477,0,Classical (all features),-0.21691555245859248,-1.172326624372455,-1.8187213519533478,0.035,-0.21691555245859248,0,0,0,0
2024,51332,672.69,0,-0.7289561727200227,0,Classical (all features),0.0005509282386950143,-0.7398473932881596,-1.1523175122656548,0.095,0.0005509282386950143,0,0,0,0
2024,251653,9.99,0,-1.0996499590939335,0,Classical (all features),-0.6023293669313862,-1.4228447530868729,-2.1339086646943453,0.03,-0.6023293669313862,0,0,0,0
2024,119435,3.59,0,-0.972622560575534,0,Classical (all features),-1.1496708278494783,-1.0004426129097208,-1.5164215335774927,0.0,-1.1496708278494783,0,0,0,0
2024,108258,0.76,1,-0.7575519333103697,0,Classical (all features),-0.19258269936645225,-0.9064404484069449,-1.5791301886027245,0.1,-0.19258269936645225,0,0,0,0
2024,113924,1.23,0,-1.011342217308655,0,Classical (all features),-1.0188713295324419,-1.1864975468920962,-1.5089524772257645,0.0,-1.0188713295324419,0,0,0,0
2024,148999,0.0,0,-1.0880862629873114,0,Classical (all features),-0.17438343529133352,-1.2643407236974649,-2.1021904221723213,0.0,-0.17438343529133352,0,0,0,0
2024,217670,1.98,0,-1.04156057635667,0,Classical (all features),-0.6314986730192738,-1.4657083476641426,-2.2211571104958625,0.0,-0.6314986730192738,0,0,0,0
2024,138328,139.9,0,-1.1038589189077248,0,Classical (all features),-0.8762113537110681,-1.2846966718912358,-1.9472264797288328,0.0,-0.8762113537110681,0,0,0,0
2024,243749,1.0,1,-0.30803490499046937,1,Classical (all features),0.16142247460993436,1.267071835198101,2.2898080320235,0.64,0.16142247460993436,1,1,1,1
2024,88900,1.98,0,-1.0491200755827828,0,Classical (all features),-1.1913987680206466,-1.1182947776107488,-1.5535061237871197,0.0,-1.1913987680206466,0,0,0,0
2024,255317,15.33,0,-0.8851501638059116,0,Classical (all features),-0.5840233814152769,-1.4790711996923798,-2.505209973759976,0.005,-0.5840233814152769,0,0,0,0
2024,133678,125.1,0,-0.9807632479069428,0,Classical (all features),-0.17968422485730853,-1.4278353564747217,-2.7819537013253752,0.065,-0.17968422485730853,0,0,0,0
2024,68067,519.9,1,-0.7528581663388856,0,Classical (all features),-0.057312051483028786,-0.9342743444589424,-1.5966518417860474,0.025,-0.057312051483028786,0,0,0,0
2024,176604,62.0,0,-0.9629163152104581,0,Classical (all features),-0.4197826710383149,-0.5201159875141877,-0.5605588475131105,0.185,-0.4197826710383149,0,0,0,0
2024,278450,19.99,0,-1.3033331896076223,0,Classical (all features),-1.0948784775820837,-1.2449326235086597,-1.6622986359554286,0.0,-1.0948784775820837,0,0,0,0
2024,240608,16.99,0,-1.201872967620707,0,Classical (all features),-1.1023534998286226,-1.323902111720062,-1.8900886258433247,0.0,-1.1023534998286226,0,0,0,0
2024,111709,154.0,0,-0.9865815339928781,0,Classical (all features),-0.2163055790109906,-1.1534430435567442,-1.8951927684101717,0.01,-0.2163055790109906,0,0,0,0
2024,247673,247.86,1,-0.6975902314311354,0,Classical (all features),0.1500367248694718,-0.47976376342977456,-1.189335818479927,0.415,0.1500367248694718,0,0,0,1
2024,30398,9.13,1,-0.5052856074440429,1,Classical (all features),0.1616880474037199,1.4053216466545861,4.327452220703691,0.99,0.1616880474037199,1,1,1,1
2024,70493,0.75,0,-0.9734591183673418,0,Classical (all features),-1.0476965637501268,-1.1202231602701676,-2.531132334913007,0.005,-1.0476965637501268,0,0,0,0
2024,84179,296.0,0,-0.39520541968343104,1,Classical (all features),-0.1658690323002138,-0.9131836155757774,-1.4519436711523277,0.05,-0.1658690323002138,0,0,0,0
2024,185734,45.0,0,-1.156291480252404,0,Classical (all features),-0.9283695648366408,-1.3347724834295742,-1.8560625658896093,0.0,-0.9283695648366408,0,0,0,0
2024,126805,52.95,0,-1.179039189473647,0,Classical (all features),-0.6978832083753564,-1.04218278986848,-1.2214352783785845,0.0,-0.6978832083753564,0,0,0,0
2024,34439,11.5,0,-1.0008853859580389,0,Classical (all features),-0.3410814995925886,-1.2442072727025106,-2.1931323721303704,0.0,-0.3410814995925886,0,0,0,0
2024,13186,935.57,0,-0.5608710285949241,1,Classical (all features),0.1358526569678608,-0.496038455964255,-1.003577423053792,0.225,0.1358526569678608,0,0,0,1
2024,249239,1096.99,1,-0.8328057050266366,0,Classical (all features),0.08955555947369002,-0.11728958850117277,0.6951767471663326,0.1,0.08955555947369002,0,0,0,1
2024,132294,5.99,0,-1.1517887537770053,0,Classical (all features),-0.651045459546829,-1.4710298419547785,-2.3370584840737547,0.075,-0.651045459546829,0,0,0,0
2024,157871,80.22,1,-0.27576323294616867,1,Classical (all features),0.16413863631136444,0.30896005427495604,0.9160070028533169,0.595,0.16413863631136444,1,1,1,1
2024,213154,139.91,0,-0.7963467802131605,0,Classical (all features),-0.031993365063649,-0.857291200039851,-2.6236571755705036,0.15,-0.031993365063649,0,0,0,0
2024,62602,224.4,0,-0.049073333008662734,1,Classical (all features),-0.09024433277961624,-0.6861400336138761,-1.2050023544709532,0.525,-0.09024433277961624,0,0,1,0
2024,249607,35.0,1,-0.3851881302690535,1,Classical (all features),0.154272289795799,-0.18869807929728655,-0.1745066020240571,0.6,0.154272289795799,0,0,1,1
2024,123971,15.0,0,-0.9482378546938581,0,Classical (all features),-0.4327180870711551,-1.0173522188308297,-1.4047061000328493,0.0,-0.4327180870711551,0,0,0,0
2024,182762,0.77,0,-0.5570663617319924,1,Classical (all features),0.15427002137334064,-0.08818466627651816,-6.113159981878152,0.245,0.15427002137334064,0,0,0,1
2024,182239,467.6,0,-1.031160290822911,0,Classical (all features),0.15359661351450224,-0.0970784859154718,-0.9171726667310696,0.235,0.15359661351450224,0,0,0,1
2024,275150,5.1,0,-1.044010118237243,0,Classical (all features),-1.0790922382170731,-1.2330611714618946,-1.9599169501911693,0.0,-1.0790922382170731,0,0,0,0
2024,1857,15.98,0,-0.9165917504357255,0,Classical (all features),-0.5589151243675727,-0.9703985232354954,-1.2326071086780834,0.0,-0.5589151243675727,0,0,0,0
2024,279863,390.0,1,-0.45017007275090076,1,Classical (all features),0.20075418801710482,0.5767281779239214,1.4665495397354016,0.68,0.20075418801710482,1,1,1,1
2024,199175,192.1,0,-0.37991304940629733,1,Classical (all features),-0.2666393948113628,-0.8991846481549787,-1.674020406227183,0.155,-0.2666393948113628,0,0,0,0
2024,17050,299.23,0,-0.6512362097284717,0,Classical (all features),-0.4594110859684797,-0.8949264059378507,-1.147267614582489,0.005,-0.4594110859684797,0,0,0,0
2024,42508,11.53,0,-1.0788692102454862,0,Classical (all features),-0.8488076650500456,-1.1779908543424389,-1.6617449090749092,0.01,-0.8488076650500456,0,0,0,0
2024,263603,0.92,0,-1.150754517641417,0,Classical (all features),-0.8496569932063343,-1.4154285388511045,-2.135939528243529,0.03,-0.8496569932063343,0,0,0,0
2024,61997,119.99,0,-1.0532255308694634,0,Classical (all features),-0.5318091398249877,-1.4250119226801687,-2.1668625728552415,0.035,-0.5318091398249877,0,0,0,0
2024,274126,60.0,0,-1.041708697565765,0,Classical (all features),-1.145737004651608,-1.3726148360908752,-2.2156834004091603,0.0,-1.145737004651608,0,0,0,0
2024,69919,26.15,0,-0.8468098153136332,0,Classical (all features),0.15417841610844615,0.08295220368346873,-3.3384668526561994,0.13,0.15417841610844615,0,0,0,1
2024,50224,3.59,0,-0.9734757285640705,0,Classical (all features),-1.0342954143289353,-1.1112335418979438,-1.7890149459478504,0.045,-1.0342954143289353,0,0,0,0
2024,111013,0.77,0,-0.8636997331421977,0,Classical (all features),-0.19756917260967835,-1.5401255028016423,-2.7157982670674903,0.065,-0.19756917260967835,0,0,0,0
2024,94810,7.49,0,-1.16285744607098,0,Classical (all features),-0.8641608040684163,-1.266995187691479,-1.7499409023207875,0.0,-0.8641608040684163,0,0,0,0
2024,88459,321.42,0,-0.7314118011203139,0,Classical (all features),-0.6703249292259763,-0.9866845479682919,-1.2681259972209107,0.0,-0.6703249292259763,0,0,0,0
2024,153803,12.0,0,-1.0823217416396118,0,Classical (all features),-0.2864863895074721,-1.2368234611140778,-1.9119687205969123,0.01,-0.2864863895074721,0,0,0,0
2024,111388,12.1,0,-1.060688816607383,0,Classical (all features),-0.22832090998052554,-0.8599447613888912,-1.2906805075792323,0.095,-0.22832090998052554,0,0,0,0
2024,273979,33.18,0,-0.9699501804539596,0,Classical (all features),-1.0092624942454653,-1.4443946463090764,-2.287968333119555,0.005,-1.0092624942454653,0,0,0,0
2024,11879,0.99,0,-0.9542985380717522,0,Classical (all features),-0.7277817641435477,-1.2037923053914348,-1.8190394811945296,0.0,-0.7277817641435477,0,0,0,0
2024,221991,114.91,0,-1.241178976975076,0,Classical (all features),-1.072698482521926,-1.165831045824436,-1.5828860312657216,0.0,-1.072698482521926,0,0,0,0
2024,133355,12.99,0,-1.2268180136560478,0,Classical (all features),-0.6904383301095803,-0.6212704386888587,-0.6435402403093061,0.005,-0.6904383301095803,0,0,0,0
2024,92403,39.97,0,-1.0084183209309054,0,Classical (all features),-0.4687736702187556,-1.3488374321033412,-2.1323860066900977,0.11,-0.4687736702187556,0,0,0,0
2024,111441,23.88,0,-1.1430395426133073,0,Classical (all features),-0.8300843852245966,-1.1677333768270217,-1.5706561578751232,0.0,-0.8300843852245966,0,0,0,0
2024,10568,1.0,1,-0.5465315123351843,1,Classical (all features),0.1548876988760013,0.7479980742681468,8.184384465591146,0.955,0.1548876988760013,1,1,1,1
2024,16932,12.99,0,-0.922869660508913,0,Classical (all features),-0.5402444887502673,-1.14097019392903,-1.5766089886553163,0.0,-0.5402444887502673,0,0,0,0
2024,54433,234.91,0,-1.0397941190148132,0,Classical (all features),-0.7809690278486928,-1.1648965607884354,-1.6348307728740648,0.01,-0.7809690278486928,0,0,0,0
2024,180318,20.0,0,-0.8960409068332141,0,Classical (all features),-0.41109054379164645,-0.9501057943303769,-1.3127077046202444,0.0,-0.41109054379164645,0,0,0,0
2024,26621,1.0,0,-1.0843144858660092,0,Classical (all features),-0.42941604793196,-1.076945084623126,-1.603859403434054,0.04,-0.42941604793196,0,0,0,0
2024,263351,56.16,0,-1.131205614604899,0,Classical (all features),-0.8961376374186665,-1.284248514092437,-1.882746593311873,0.0,-0.8961376374186665,0,0,0,0
2024,172220,39.0,0,-1.2832552626231797,0,Classical (all features),-0.7949573749852041,-1.1613073180332134,-1.4589841145778506,0.0,-0.7949573749852041,0,0,0,0
2024,102442,1.0,1,-0.6398817699449488,0,Classical (all features),0.15427048241408545,0.23118631736239162,16.744543193516016,0.7,0.15427048241408545,1,1,1,1
2024,47821,1.0,0,-1.2149021123349717,0,Classical (all features),-1.08280464307301,-1.2265106107532198,-1.6570724444539495,0.0,-1.08280464307301,0,0,0,0
2024,197427,59.75,0,-1.0794015780581185,0,Classical (all features),-0.6978099040577351,-1.2934021049680013,-1.9142509764768507,0.0,-0.6978099040577351,0,0,0,0
2024,188334,46.0,0,-0.9635849108231838,0,Classical (all features),-0.27352949141907346,-0.8734328454979642,-1.6204824145400718,0.08,-0.27352949141907346,0,0,0,0
2024,39677,43.87,0,-1.2500485353279311,0,Classical (all features),-0.8113084435406511,-1.1558403617729098,-1.4378837692057067,0.0,-0.8113084435406511,0,0,0,0
2024,83543,168.0,0,-1.0737490755436803,0,Classical (all features),-0.740284594807526,-0.9438062267839086,-1.201358714083349,0.0,-0.740284594807526,0,0,0,0
2024,189945,38.96,0,-1.1973715933344677,0,Classical (all features),-0.5594646941169772,-1.2982478945872016,-1.7749667341698698,0.0,-0.5594646941169772,0,0,0,0
2024,72752,983.05,0,-0.6233094373927569,1,Classical (all features),0.0067626699507704335,-0.4131868133443386,-0.9834311297981344,0.04,0.0067626699507704335,0,0,0,0
2024,2794,5.99,0,-1.0869808965564782,0,Classical (all features),-1.0943287216231359,-1.3235525878974,-1.7391210257928844,0.005,-1.0943287216231359,0,0,0,0
2024,174437,1.0,0,-1.0083603413703819,0,Classical (all features),-0.6777130042340519,-1.4752921092427762,-2.3460523648577327,0.0,-0.6777130042340519,0,0,0,0
2024,222421,120.0,0,-0.4790466836895104,1,Classical (all features),0.15427048241408545,0.23118631754574562,9.679086551956624,0.5,0.15427048241408545,1,1,1,1
2024,50211,1.0,1,-0.4389356330473187,1,Classical (all features),0.16465698606825258,1.0103657767401693,3.1556267308485806,0.6,0.16465698606825258,1,1,1,1
2024,59087,584.7,0,-0.6194681572091895,1,Classical (all features),-0.15904018262389633,-0.5366092347824086,-0.6783361836431367,0.125,-0.15904018262389633,0,0,0,0
2024,219892,0.76,1,-0.7964986189077073,0,Classical (all features),-0.1396749859158,-0.8738483894294317,-1.2664825546790723,0.0,-0.1396749859158,0,0,0,0
2024,57197,46.58,0,-1.2929551006233642,0,Classical (all features),-1.0876455358846393,-1.1312320704274792,-1.3787815070164013,0.005,-1.0876455358846393,0,0,0,0
2024,9179,1.0,1,-0.3117936484723216,1,Classical (all features),0.1652679083129312,0.95545396560603,8.40928091506336,0.955,0.1652679083129312,1,1,1,1
2024,50722,361.4,0,-0.8408725656057201,0,Classical (all features),0.09995378703471144,-0.8697615330909808,-1.330831028305231,0.085,0.09995378703471144,0,0,0,1
2024,281144,245.0,1,-0.3387706667844862,1,Classical (all features),0.18065191455260768,0.3583675596540911,1.215986914686275,0.625,0.18065191455260768,1,1,1,1
2024,180515,1.98,0,-0.8708404441761914,0,Classical (all features),-0.4954650709642484,-0.7474499634860782,-0.9964525781774279,0.01,-0.4954650709642484,0,0,0,0
2024,235950,79.95,0,-1.1158690712515846,0,Classical (all features),-0.9481212931067411,-1.4123646724076204,-2.1265263458223638,0.0,-0.9481212931067411,0,0,0,0
2024,177620,5.42,0,-1.0809754871332329,0,Classical (all features),-0.13667136602175647,-1.3426579704900687,-2.257353630127224,0.03,-0.13667136602175647,0,0,0,0
2024,86155,101.5,1,0.025699961997998566,1,Classical (all features),0.16901511727723703,0.8758761868959427,0.6569706323637499,0.885,0.16901511727723703,1,0,1,1
2024,120215,10.88,0,-1.0810602393621456,0,Classical (all features),-1.2234690801421049,-1.0972390675883648,-1.588335630122143,0.01,-1.2234690801421049,0,0,0,0
2024,136529,78.1,0,-1.0533346451557215,0,Classical (all features),-0.9598593124761972,-1.223751588680587,-1.6526606864446824,0.01,-0.9598593124761972,0,0,0,0
2024,267463,1.79,0,-1.0432601540493458,0,Classical (all features),-1.1502276039494626,-1.3025970575884669,-1.9332834160197836,0.0,-1.1502276039494626,0,0,0,0
2024,160176,48.99,0,-1.104408868073864,0,Classical (all features),-0.29129218965354353,-1.1174507136088931,-1.9031589295295523,0.065,-0.29129218965354353,0,0,0,0
2024,25913,166.58,0,-1.112208681143432,0,Classical (all features),-0.267143878054952,-1.185086032190957,-1.6295476217383142,0.075,-0.267143878054952,0,0,0,0
2024,153885,0.76,1,-0.42440803419724416,1,Classical (all features),0.15431105378024007,0.39621842223425424,6.073217843613174,0.925,0.15431105378024007,1,1,1,1
2024,238832,0.89,0,-1.091748507937024,0,Classical (all features),-1.0234383103679707,-1.2482493594518433,-1.655384193527341,0.0,-1.0234383103679707,0,0,0,0
2024,213209,45.95,0,-0.9207436295929365,0,Classical (all features),-0.586142618824845,-0.9116012994643338,-1.5080712191894299,0.0,-0.586142618824845,0,0,0,0
2024,88379,9.2,0,-1.0837021153558761,0,Classical (all features),-0.4854099859089237,-1.3289021196269228,-1.8708917568776335,0.0,-0.4854099859089237,0,0,0,0
2024,280904,0.99,0,-1.09816133522559,0,Classical (all features),-1.2242192372544973,-1.4414747696746182,-2.1698747166957726,0.005,-1.2242192372544973,0,0,0,0
2024,89004,149.0,0,-1.0437105721870663,0,Classical (all features),-1.0418557276079206,-1.2974701192891485,-1.9513844491164525,0.0,-1.0418557276079206,0,0,0,0
2024,23422,717.15,1,-0.6296130120888213,1,Classical (all features),0.14313439236205688,0.19240048480267985,1.3433828748381147,0.65,0.14313439236205688,1,1,1,1
2024,233258,996.27,1,-0.5870667460882394,1,Classical (all features),0.151666592174897,-0.21264457359655048,0.9296466510836201,0.54,0.151666592174897,0,1,1,1
2024,265300,29.74,0,-1.028038718851552,0,Classical (all features),-0.6171187159208712,-1.0258474069984174,-1.343868367515721,0.04,-0.6171187159208712,0,0,0,0
2024,145483,282.69,0,-0.9989931612666063,0,Classical (all features),-0.9065125182379399,-1.0766084131996543,-2.4673729609356876,0.01,-0.9065125182379399,0,0,0,0
2024,168546,5.71,0,-1.3088401342842206,0,Classical (all features),-0.731177367653933,-1.1878864757265277,-1.5784074950618918,0.0,-0.731177367653933,0,0,0,0
2024,42549,88.23,1,-0.17730278521572324,1,Classical (all features),0.4101729059100623,1.017779195265914,9.637708286271515,0.995,0.4101729059100623,1,1,1,1
2024,235155,79.0,0,-0.7802189943596949,0,Classical (all features),0.08985470341936604,-1.244312403766684,-2.39571391917608,0.0,0.08985470341936604,0,0,0,1
2024,36520,36.9,0,-1.2553818263747965,0,Classical (all features),-0.6260455445108438,-1.3537955749491788,-1.9944699645941775,0.005,-0.6260455445108438,0,0,0,0
2024,255007,21.15,0,-1.0564795536211076,0,Classical (all features),-1.138234963662678,-1.2165439230829107,-2.002947141958343,0.0,-1.138234963662678,0,0,0,0
2024,269762,0.76,0,-1.1145047612686774,0,Classical (all features),-1.0008043073308606,-1.3914480725216931,-2.322447852845626,0.0,-1.0008043073308606,0,0,0,0
2024,16415,23.36,1,0.3240247605481938,1,Classical (all features),0.13552045936112894,0.9069118984547182,0.9420048140133142,0.965,0.13552045936112894,1,1,1,1
2024,14338,3.76,1,-1.0175388170063226,0,Classical (all features),-0.4075899501086614,-0.9578762386592344,-1.5961998196019513,0.0,-0.4075899501086614,0,0,0,0
2024,73681,0.76,0,-1.0838853210499062,0,Classical (all features),-0.48369258179048,-1.2814280057087908,-1.883004302236154,0.01,-0.48369258179048,0,0,0,0
2024,179542,0.0,0,-1.0353580894056247,0,Classical (all features),0.03862748765323448,-1.3367242126955858,-2.1801592964725636,0.005,0.03862748765323448,0,0,0,0
2024,89866,80.13,0,-0.828340233817562,0,Classical (all features),-0.8623204780710092,-1.1634129648794906,-1.601869495001761,0.0,-0.8623204780710092,0,0,0,0
2024,64544,1.0,0,-0.974619373678802,0,Classical (all features),-0.8969734030575369,-1.2430544265776748,-1.7711533846818002,0.04,-0.8969734030575369,0,0,0,0
2024,156990,186.13,1,-0.3206965133303815,1,Classical (all features),0.2588459439504719,1.4069409094525245,2.6974884902844565,0.885,0.2588459439504719,1,1,1,1
2024,107486,56.0,0,-0.9995227136451377,0,Classical (all features),-0.5640368146012025,-1.0551302424239482,-1.3335353136945356,0.03,-0.5640368146012025,0,0,0,0
2024,32846,0.76,0,-1.0955009577129158,0,Classical (all features),-0.4582424256283658,-1.2527150444888044,-1.8548143386523102,0.01,-0.4582424256283658,0,0,0,0
2024,43148,53.89,0,-1.302614515117808,0,Classical (all features),-0.7368306357030907,-0.9959648987963331,-1.3535049073198895,0.005,-0.7368306357030907,0,0,0,0
2024,218442,195.66,1,-0.5316393065105306,1,Classical (all features),0.1547725413016419,0.04411239127409172,0.9079577262306333,0.705,0.1547725413016419,0,1,1,1
2024,84574,0.44,0,-0.9821456475695491,0,Classical (all features),-0.3939241063151355,-1.1517708137659204,-1.7521016234400943,0.0,-0.3939241063151355,0,0,0,0
2024,238254,1.18,0,-1.1797413941158517,0,Classical (all features),-0.7476623337390473,-0.924565669241845,-1.2502253041339608,0.0,-0.7476623337390473,0,0,0,0
2024,5973,231.48,0,-1.0248796126502413,0,Classical (all features),-0.1383867851145991,-1.1245992968211107,-1.438784556642617,0.0,-0.1383867851145991,0,0,0,0
2024,213474,104.0,0,-0.9481216417763307,0,Classical (all features),-0.3764064606176357,-1.068688342940788,-1.5863713546815348,0.09,-0.3764064606176357,0,0,0,0
2024,243589,15.0,0,-1.1659247711171272,0,Classical (all features),-1.061658299480822,-1.3886319424214193,-1.9183316406870459,0.0,-1.061658299480822,0,0,0,0
2024,164077,5.37,0,-0.7485761781234783,0,Classical (all features),-0.48656586667986157,-0.3544856147544476,-0.4479911877823928,0.015,-0.48656586667986157,0,0,0,0
2024,20944,567.13,0,-0.7784659439642928,0,Classical (all features),-0.08487203031182755,-0.5313275447057656,-0.7592627299322952,0.2,-0.08487203031182755,0,0,0,0
2024,73857,0.83,1,-0.4899262561443716,1,Classical (all features),0.16520209215662618,1.24360493999141,5.038497579563735,0.795,0.16520209215662618,1,1,1,1
2024,55879,9.99,0,-0.9008082877325144,0,Classical (all features),-0.3953681372608193,-0.810060526152042,-1.5813161926148482,0.015,-0.3953681372608193,0,0,0,0
2024,143503,19.99,0,-1.057571014030115,0,Classical (all features),-0.608171809098603,-1.0142194845333576,-1.6861593238547075,0.03,-0.608171809098603,0,0,0,0
2024,174727,1.98,0,-0.8881540557250353,0,Classical (all features),-0.2643202766496322,-0.3962263101584511,-0.5370015613703771,0.215,-0.2643202766496322,0,0,0,0
2024,105376,49.95,0,-0.9457112420144336,0,Classical (all features),-0.4223238149428765,-1.1910738772317702,-1.686800711653918,0.005,-0.4223238149428765,0,0,0,0
2024,159446,25.19,0,-0.5996507595374339,1,Classical (all features),0.11372992485997378,0.17191076305677677,0.19690761112847022,0.445,0.11372992485997378,1,0,0,1
2024,250161,9.78,0,-0.7446569590590582,0,Classical (all features),-0.5991153353186753,-0.4022049732313566,-0.8207772530823525,0.23,-0.5991153353186753,0,0,0,0
2024,165682,0.76,0,-1.1563384624269317,0,Classical (all features),-0.6476313328057092,-1.0668093811831834,-2.2009333589209024,0.0,-0.6476313328057092,0,0,0,0
2024,143334,0.0,1,-0.4175304376713988,1,Classical (all features),0.21120208875316887,1.077878272775441,3.3579732106115117,0.745,0.21120208875316887,1,1,1,1
2024,105907,87.9,0,-1.186097694539629,0,Classical (all features),-0.7253034797428591,-0.8303353781946391,-0.9493838925699556,0.005,-0.7253034797428591,0,0,0,0
2024,150056,59.9,0,-1.0627982710655839,0,Classical (all features),-0.4673058300279138,-1.2028290491007088,-2.226548407749997,0.0,-0.4673058300279138,0,0,0,0
2024,201131,300.0,0,-0.9858047049648453,0,Classical (all features),-0.30882196938828366,-1.3868723717493143,-2.563899445206979,0.005,-0.30882196938828366,0,0,0,0
2024,149587,1.0,1,-0.7886791447367021,0,Classical (all features),0.13593787124039694,-0.37320977500893937,-0.6090961217647205,0.015,0.13593787124039694,0,0,0,1
2024,244004,1.0,1,-0.27544009568317496,1,Classical (all features),0.16122407631412888,1.0502425954741805,1.9015804922984227,0.62,0.16122407631412888,1,1,1,1
2024,268762,2.5,0,-0.9558254149026435,0,Classical (all features),-0.541644859176577,-0.9333614358766541,-1.3588577448486734,0.035,-0.541644859176577,0,0,0,0
2024,18432,1.29,0,-1.1197839102936977,0,Classical (all features),-1.2725110365268932,-1.3566924568654728,-1.9779687590355612,0.0,-1.2725110365268932,0,0,0,0
2024,49339,2.98,0,-0.8983761634770908,0,Classical (all features),-0.5274670752901326,-0.9093477111793585,-1.256861031119579,0.0,-0.5274670752901326,0,0,0,0
2024,124610,20.0,0,-1.0108386399083809,0,Classical (all features),-0.46512642735113807,-1.1880282481158173,-1.6072158683342233,0.0,-0.46512642735113807,0,0,0,0
2024,55736,8.99,0,-1.0161139237133048,0,Classical (all features),-1.0242548914591803,-1.20291338433814,-1.6768978193047888,0.01,-1.0242548914591803,0,0,0,0
2024,249731,69.0,0,-1.2095288654099925,0,Classical (all features),-0.7594675238516997,-1.159759189486754,-1.4211176569957424,0.0,-0.7594675238516997,0,0,0,0
2024,276009,29.0,0,-1.153264470556312,0,Classical (all features),-0.4575639110434515,-1.3606866864832,-2.154288271989153,0.005,-0.4575639110434515,0,0,0,0
2024,197724,157.75,0,-0.6566468774168837,0,Classical (all features),-0.15716714515208038,-0.677170740862863,-1.102415805616177,0.155,-0.15716714515208038,0,0,0,0
2024,132441,80.0,0,-1.128441066679852,0,Classical (all features),-0.32510248139765996,-1.3374747792435082,-2.0524939975485443,0.01,-0.32510248139765996,0,0,0,0
2024,100097,1.0,0,-0.8467216879337177,0,Classical (all features),-0.15805525131985335,-0.6482477045054692,-0.7846004763371289,0.26,-0.15805525131985335,0,0,0,0
2024,138195,0.89,0,-0.9734782627036644,0,Classical (all features),-1.074994011712634,-1.2623678903712832,-2.0645868774495924,0.0,-1.074994011712634,0,0,0,0
2024,183257,26.58,0,-1.023314316363781,0,Classical (all features),-0.4831488118455227,-1.1006702097268524,-1.5197434788480493,0.0,-0.4831488118455227,0,0,0,0
2024,172692,2.24,0,-0.6405067759336092,0,Classical (all features),-0.29750710912924805,-0.7456472016108984,-1.6266553017561296,0.07,-0.29750710912924805,0,0,0,0
2024,246031,63.92,0,-1.3588890576422783,0,Classical (all features),-0.9497563313500854,-1.163655731019511,-1.522511685404636,0.0,-0.9497563313500854,0,0,0,0
2024,14104,3.12,1,-1.051095568899446,0,Classical (all features),-0.295760618768242,-0.9744944377151471,-1.6990979678593114,0.0,-0.295760618768242,0,0,0,0
2024,68074,8.0,0,-1.1231079338385148,0,Classical (all features),-1.166487144597022,-1.440390301842505,-2.2638210685450177,0.0,-1.166487144597022,0,0,0,0
2024,124525,15.97,0,-1.0249154609441578,0,Classical (all features),-0.8706512722503827,-1.3022220764190182,-1.7690650725773083,0.0,-0.8706512722503827,0,0,0,0
2024,226814,667.55,1,-0.5039671110357925,1,Classical (all features),0.15666345552153033,0.32514095204003945,1.870426886998988,0.705,0.15666345552153033,1,1,1,1
2024,108062,1.0,0,-1.0356586674415582,0,Classical (all features),-0.5605298252590759,-1.3003795202717123,-2.1401561081954616,0.04,-0.5605298252590759,0,0,0,0
2024,211362,138.0,0,-0.6999191609078501,0,Classical (all features),-0.2969376302519111,-0.9560457671067454,-1.6214608360646858,0.045,-0.2969376302519111,0,0,0,0
2024,63878,101.09,0,-0.989775862581646,0,Classical (all features),0.16054675683978095,-0.7671331368548677,-3.282086617760438,0.12,0.16054675683978095,0,0,0,1
2024,137540,138.62,0,-1.3200333572317784,0,Classical (all features),-0.8922930398657483,-1.1783637813435397,-1.6149036265542733,0.025,-0.8922930398657483,0,0,0,0
2024,92777,294.9,1,-0.4264460935937154,1,Classical (all features),0.15588643899257934,0.9631425376153,2.2675560529435215,0.76,0.15588643899257934,1,1,1,1
2024,182234,33.6,0,-1.19088597510254,0,Classical (all features),-0.7239315327105257,-1.3230970980127355,-1.9793927446761643,0.015,-0.7239315327105257,0,0,0,0
2024,75199,22.99,0,-1.0431335481682753,0,Classical (all features),-0.8918054981352141,-1.2469066189207947,-1.8879894047078913,0.005,-0.8918054981352141,0,0,0,0
2024,124087,1.0,1,-0.837046477085889,0,Classical (all features),-0.14143786124246624,-0.6966617460500816,-1.1905867945489121,0.055,-0.14143786124246624,0,0,0,0
2024,50537,1.0,1,-1.2373264314559975,0,Classical (all features),-0.8518437744028993,-1.1932340731651574,-1.6372032976953428,0.0,-0.8518437744028993,0,0,0,0
2024,41943,0.76,1,-0.09337885978789806,1,Classical (all features),0.1824375154850316,0.815402313248233,10.936507028589666,0.935,0.1824375154850316,1,1,1,1
2024,151693,41.31,0,-0.8960798829092875,0,Classical (all features),-0.03409614981109199,-0.8305432222868564,-2.017826366510768,0.08,-0.03409614981109199,0,0,0,0
2024,40104,85.8,0,-1.1666835850969142,0,Classical (all features),-0.4970113809896326,-1.3035222679420038,-1.7374167604277695,0.035,-0.4970113809896326,0,0,0,0
2024,150804,36.0,0,-1.165393711077303,0,Classical (all features),-0.687706546048463,-1.3489980246962352,-1.9706182063280522,0.0,-0.687706546048463,0,0,0,0
2024,139402,36.39,0,-0.9565161360055086,0,Classical (all features),-0.9821331537015217,-0.677663324394027,-0.7634796268632873,0.0,-0.9821331537015217,0,0,0,0
2024,89767,22.78,0,-0.9804189493552598,0,Classical (all features),-0.3121193484469674,-1.0888645517948792,-2.001939129652475,0.0,-0.3121193484469674,0,0,0,0
2024,77387,444.17,1,-0.42220659048801934,1,Classical (all features),0.18099667382310836,0.5113304812452573,2.1042781069002805,0.63,0.18099667382310836,1,1,1,1
2024,231987,26.0,0,-1.1806984573938426,0,Classical (all features),-1.0338976820146284,-1.3862111499563512,-1.9185092211228425,0.0,-1.0338976820146284,0,0,0,0
2024,129678,9.03,0,-1.0342164642564506,0,Classical (all features),-1.087407960213926,-1.0348563623545095,-1.4889574767242018,0.01,-1.087407960213926,0,0,0,0
2024,210750,15.0,0,-1.2596829390294206,0,Classical (all features),-0.7803963991378274,-1.2992837498466638,-2.0244417245470623,0.0,-0.7803963991378274,0,0,0,0
2024,73970,0.89,0,-1.0414917033607476,0,Classical (all features),-1.2241746098406228,-1.242000176904836,-1.6877162061186257,0.0,-1.2241746098406228,0,0,0,0
2024,42741,459.07,1,-0.4020549166323445,1,Classical (all features),0.1758298302792369,0.8041036434612558,6.69243686635066,0.76,0.1758298302792369,1,1,1,1
2024,202225,16.1,0,-1.0165012421732975,0,Classical (all features),-0.6536712836669908,-1.4339427371556766,-2.2242633827846126,0.0,-0.6536712836669908,0,0,0,0
2024,158067,9.99,0,-1.0218184214683022,0,Classical (all features),-0.5321310659089178,-1.463714445616552,-2.265474660762236,0.0,-0.5321310659089178,0,0,0,0
2024,195455,9.99,0,-1.2182777883514482,0,Classical (all features),-1.0891444851854057,-1.3606499757654413,-2.2861972960462325,0.0,-1.0891444851854057,0,0,0,0
2024,58077,0.77,0,-0.5356115961759409,1,Classical (all features),0.15180756034045395,0.12098752498068907,-0.4279817069007139,0.11,0.15180756034045395,0,0,0,1
2024,160006,1.0,0,-1.1205496418115612,0,Classical (all features),-0.37317126406302503,-1.057568067098544,-1.4163937440841559,0.0,-0.37317126406302503,0,0,0,0
2024,138019,1.98,0,-1.1057331212191681,0,Classical (all features),-0.9618717323986201,-1.1204595706412874,-1.5309398855351823,0.0,-0.9618717323986201,0,0,0,0
2024,42936,59.68,1,-0.4790109647667417,1,Classical (all features),0.1885947935941609,0.7533032950604068,4.267705994908933,0.895,0.1885947935941609,1,1,1,1
2024,39440,6.95,0,-1.1081841814481055,0,Classical (all features),-0.7946543238344429,-0.9141489707321478,-1.1677346611804382,0.015,-0.7946543238344429,0,0,0,0
2024,38776,119.79,0,-0.9416984131541308,0,Classical (all features),-0.7344912080459489,-1.0775513857271952,-1.6585728946596836,0.0,-0.7344912080459489,0,0,0,0
2024,243547,57.73,1,-0.19474425611633045,1,Classical (all features),0.16331937438574545,1.6140770002748779,3.2578441885452634,0.97,0.16331937438574545,1,1,1,1
2024,36036,149.97,0,-1.1980866361996483,0,Classical (all features),-0.13795811893542745,-1.1318787737667733,-1.6929420048187782,0.09,-0.13795811893542745,0,0,0,0
2024,198313,59.95,0,-0.7461432943857877,0,Classical (all features),0.15427048241433028,0.12853397660382077,-3.509775476025278,0.075,0.15427048241433028,0,0,0,1
2024,103004,91.55,0,-0.6969772503512701,0,Classical (all features),0.025354990655386128,-0.622591899130956,-2.122666487594819,0.28,0.025354990655386128,0,0,0,0
2024,223366,1.0,1,-0.6115116858896584,1,Classical (all features),0.534921587676389,0.9049161477918116,1.1854638653177714,0.575,0.534921587676389,1,1,1,1
2024,122645,11.57,0,-0.9396586833800251,0,Classical (all features),-0.3078305554113152,-1.4630372433513608,-2.7065548900271175,0.045,-0.3078305554113152,0,0,0,0
2024,94425,1.79,0,-0.8792138566046694,0,Classical (all features),-0.49740678767966173,-1.0056712568033634,-1.336520729613845,0.0,-0.49740678767966173,0,0,0,0
2024,248565,140.4,0,-1.206100307274994,0,Classical (all features),-1.0014823340443184,-1.1958343699457132,-1.6196974198707237,0.0,-1.0014823340443184,0,0,0,0
2024,77548,0.76,0,-0.8584048180481438,0,Classical (all features),0.17086966330348408,-0.8326362520804061,-3.321881957942753,0.14,0.17086966330348408,0,0,0,1
2024,80852,34.85,0,-0.9470239899085691,0,Classical (all features),-0.6433273335595385,-0.9844474316880812,-2.7209997657424587,0.0,-0.6433273335595385,0,0,0,0
2024,192051,45.0,0,-1.2083875634288996,0,Classical (all features),-0.8481204420600903,-1.2218319004690423,-1.6354735903803685,0.0,-0.8481204420600903,0,0,0,0
2024,6932,314.55,0,-0.459912810218163,1,Classical (all features),-0.0005496225037316671,-0.3090206581811217,-0.357463594960572,0.22,-0.0005496225037316671,0,0,0,0
2024,100623,549.06,1,-0.6936543975561253,0,Classical (all features),-0.2841619012865434,-0.8871355065674181,-1.2455018730187835,0.06,-0.2841619012865434,0,0,0,0
2024,222546,61.85,0,-1.1317622650068333,0,Classical (all features),-0.385525237237877,-0.5441450168802726,-0.48782443969483213,0.095,-0.385525237237877,0,0,0,0
2024,112070,210.0,0,-1.0076300954573365,0,Classical (all features),-0.9331902676631831,-1.125033816297751,-1.7270222018592996,0.005,-0.9331902676631831,0,0,0,0
2024,9670,39.0,0,-1.0974751800954303,0,Classical (all features),-0.6673781567255122,-1.2281721146506386,-2.4933602654193123,0.01,-0.6673781567255122,0,0,0,0
2024,53263,22.47,0,-0.6295409151389261,1,Classical (all features),0.1542407020506212,-0.36062026953891013,-4.907617947939144,0.115,0.1542407020506212,0,0,0,1
2024,219890,1.29,0,-1.1186173663051655,0,Classical (all features),-0.9258617751550515,-1.2709265089243713,-1.8912967385217057,0.0,-0.9258617751550515,0,0,0,0
2024,224592,5.0,0,-1.2644423646890817,0,Classical (all features),-0.9230733726568612,-1.3065311268333688,-1.8705431057572808,0.0,-0.9230733726568612,0,0,0,0
2024,254344,187.11,1,-1.293529274334057,0,Classical (all features),-0.9718206598244636,-0.97818245443708,-1.223542988982421,0.0,-0.9718206598244636,0,0,0,0
2024,15736,99.99,1,-0.40495850820115187,1,Classical (all features),0.15427048265666032,0.5586741511870736,3.279831741297035,0.74,0.15427048265666032,1,1,1,1
2024,213533,26.89,0,-0.9385932283645253,0,Classical (all features),-0.15286356869802956,-1.1194846295550906,-1.601859294504326,0.0,-0.15286356869802956,0,0,0,0
2024,188939,1.98,0,-1.0512887556802064,0,Classical (all features),-1.034325686127075,-1.3012075460754304,-1.9217406643884185,0.0,-1.034325686127075,0,0,0,0
2024,215132,723.21,1,-0.5714438854037105,1,Classical (all features),0.15759766380487175,0.1896416581351162,2.4832204525482053,0.67,0.15759766380487175,1,1,1,1
2024,108370,4.49,0,-1.0435301742345522,0,Classical (all features),-1.2458284043962087,-1.0418103725201147,-1.519037828542392,0.01,-1.2458284043962087,0,0,0,0
2024,42473,3.79,1,-0.2762140548559608,1,Classical (all features),0.3169535883388978,0.9666576658133369,9.661405102171292,0.92,0.3169535883388978,1,1,1,1
2024,218737,19.98,0,-1.2732493153422515,0,Classical (all features),-0.52309355736073,-1.366471565603276,-2.118466703697605,0.0,-0.52309355736073,0,0,0,0
2024,202964,180.3,0,-0.9725595885824773,0,Classical (all features),-0.8264795752066931,-1.2696067015475383,-2.0346039350273837,0.07,-0.8264795752066931,0,0,0,0
2024,95597,1354.25,1,-0.4586446922070761,1,Classical (all features),0.15420942084584574,0.19913682569892416,3.4882854538314536,0.435,0.15420942084584574,1,1,0,1
2024,42635,11.38,1,-0.47713466150898776,1,Classical (all features),0.6382240808694335,0.9161970211553413,8.602739590552718,0.895,0.6382240808694335,1,1,1,1
2024,56622,266.0,0,-0.8478681397468668,0,Classical (all features),-0.7985524668837968,-0.9688247376611921,-1.1809201280179147,0.0,-0.7985524668837968,0,0,0,0
2024,189419,25.9,0,-0.9703221218242897,0,Classical (all features),-0.7456769316495506,-1.2569309127023103,-2.218794828297115,0.005,-0.7456769316495506,0,0,0,0
2024,78281,25.97,0,-0.931807621366814,0,Classical (all features),-0.7047889002605316,-1.5041099246235325,-2.875553849120312,0.055,-0.7047889002605316,0,0,0,0
2024,101851,30.72,0,-0.830401248634612,0,Classical (all features),0.061272589860109125,-0.8758597736575872,-4.280685212755527,0.12,0.061272589860109125,0,0,0,1
2024,148180,118.8,0,-1.0151249693893891,0,Classical (all features),-0.7996385046811025,-1.4014191907361964,-2.2761897799185076,0.005,-0.7996385046811025,0,0,0,0
2024,105301,0.76,0,-0.9889299514558834,0,Classical (all features),-0.9666209677885789,-0.93236959802701,-1.587316119560285,0.05,-0.9666209677885789,0,0,0,0
2024,147403,1.0,0,-0.6639112130612344,0,Classical (all features),0.05843356889391661,-0.45509625161895784,-0.9366273314472132,0.39,0.05843356889391661,0,0,0,1
2024,186933,185.0,0,-0.843253780302132,0,Classical (all features),-0.5935578753480464,-0.959305026628006,-1.307986015594245,0.0,-0.5935578753480464,0,0,0,0
2024,28458,810.62,0,-0.7808612307684382,0,Classical (all features),0.052835505824416706,-0.5310852657455386,-0.7479901869333068,0.27,0.052835505824416706,0,0,0,0
2024,64460,99.99,1,-0.32565503048767286,1,Classical (all features),0.15434271736639152,0.5497931117575028,2.006604507374382,0.675,0.15434271736639152,1,1,1,1
2024,237184,10.82,0,-1.0521220574902606,0,Classical (all features),-0.14414905453396834,-1.3255734334186773,-2.106360439676951,0.0,-0.14414905453396834,0,0,0,0
2024,97829,11.5,0,-1.105302589827737,0,Classical (all features),-1.199603243512602,-1.1729401504959571,-1.6010151357325344,0.0,-1.199603243512602,0,0,0,0
2024,146790,829.41,1,-0.487449386522295,1,Classical (all features),0.15385911942369493,-0.21326053031291203,-3.2322475130572332,0.1,0.15385911942369493,0,0,0,1
2024,5573,26.99,0,-0.8610578659167613,0,Classical (all features),-0.259306986933478,-1.102756307934921,-1.7606514396834951,0.0,-0.259306986933478,0,0,0,0
2024,47365,31.25,0,-1.0049795992026673,0,Classical (all features),-0.569424503536199,-1.3882618652055032,-2.187356497684262,0.125,-0.569424503536199,0,0,0,0
2024,153874,18.31,0,-1.1596912423771288,0,Classical (all features),-0.02174035267399413,-0.9839256975043996,-1.7823925886221534,0.1,-0.02174035267399413,0,0,0,0
2024,221018,320.01,1,-0.6987732352778269,0,Classical (all features),0.16588257482051638,0.6033860176523923,2.059623010335213,0.785,0.16588257482051638,1,1,1,1
2024,182992,3.22,1,-1.2122831243174483,0,Classical (all features),-0.1914698314456678,-0.9816414412048168,-1.945658084584943,0.0,-0.1914698314456678,0,0,0,0
2024,59539,19.73,1,-0.632205994914104,1,Classical (all features),0.06922869719370246,-0.201553217631378,0.27315140054024156,0.365,0.06922869719370246,0,0,0,1
2024,48094,24.9,1,-0.4566600033767435,1,Classical (all features),0.14331334223875872,0.8150788489458437,1.7810566774367225,0.42,0.14331334223875872,1,1,0,1
2024,184299,58.5,0,-1.1072196595358137,0,Classical (all features),-0.117235312447067,-1.3535575279751955,-2.1236960212868974,0.0,-0.117235312447067,0,0,0,0
2024,133794,111.16,0,-0.9725993150462094,0,Classical (all features),-0.7546391193406372,-1.4204990521064325,-2.1842218996003258,0.015,-0.7546391193406372,0,0,0,0
2024,61046,1.0,0,-1.0509835032809667,0,Classical (all features),-0.5991001696382822,-1.2861431387987037,-2.219406781102937,0.05,-0.5991001696382822,0,0,0,0
2024,42756,0.0,1,-0.19687142365070937,1,Classical (all features),0.3566685691084023,0.9905432583796026,6.639790066910472,0.635,0.3566685691084023,1,1,1,1
2024,249201,8.59,0,-1.1651315443583437,0,Classical (all features),-0.9045149149108389,-1.2508978007778264,-1.7340503784748587,0.0,-0.9045149149108389,0,0,0,0
2024,157918,635.1,1,-0.58810410017034,1,Classical (all features),0.12710560577770197,-0.7804682421427539,-1.9464042583409102,0.125,0.12710560577770197,0,0,0,1
2024,128250,23.73,0,-0.5933663842728043,1,Classical (all features),-0.28086339691393036,-0.8030070944112516,-1.509240149512773,0.045,-0.28086339691393036,0,0,0,0
2024,57355,40.0,0,-1.1533710074434713,0,Classical (all features),-0.8202935318470892,-1.4291998443004887,-2.34837935212601,0.0,-0.8202935318470892,0,0,0,0
2024,183206,17.6,0,-0.7938932891150146,0,Classical (all features),-0.6249490818123997,-1.2179364190190802,-2.6731205432552185,0.0,-0.6249490818123997,0,0,0,0
2024,145006,11.84,0,-0.6848070368812788,0,Classical (all features),-0.5080089736916716,0.040743486848997174,-0.14885405319104006,0.125,-0.5080089736916716,0,0,0,0
2024,61062,6.99,0,-0.9995205027489493,0,Classical (all features),-1.053814277159263,-1.3082017926857028,-1.977845532028779,0.0,-1.053814277159263,0,0,0,0
2024,160309,11.5,0,-1.044628026124323,0,Classical (all features),-1.1931943654567767,-1.4279626578240205,-2.3915655863770806,0.0,-1.1931943654567767,0,0,0,0
2024,24948,10.0,0,-1.0023776982409942,0,Classical (all features),-0.9557329184389813,-1.2542370270404062,-2.274740606043512,0.0,-0.9557329184389813,0,0,0,0
2024,96994,7.53,1,-0.389623066030279,1,Classical (all features),0.2189219670642476,0.8442119941324197,1.4009595589207275,0.76,0.2189219670642476,1,1,1,1
2024,20198,104.81,1,-1.024866892428044,0,Classical (all features),0.08494530609805151,-1.080258943716958,-1.5003307798234118,0.025,0.08494530609805151,0,0,0,1
2024,60255,12.85,0,-1.1935211366591552,0,Classical (all features),-1.0355665473198135,-1.128526420631054,-1.3994849728931738,0.0,-1.0355665473198135,0,0,0,0
2024,69550,41.0,0,-1.0471053902834841,0,Classical (all features),-0.678186706336072,-1.3622334510977905,-1.8083776425311737,0.0,-0.678186706336072,0,0,0,0
2024,227605,4.69,0,-1.1583643302000093,0,Classical (all features),-0.2265450153576651,-1.0160874249093776,-1.7305870029926314,0.005,-0.2265450153576651,0,0,0,0
2024,23751,85.89,0,-0.9839634399400835,0,Classical (all features),-0.1205295934547462,-1.3267423229582227,-1.7623668796826304,0.12,-0.1205295934547462,0,0,0,0
2024,54182,160.5,0,-1.0756480810919755,0,Classical (all features),-0.9630469916278492,-1.2709012966188848,-1.92412636581984,0.005,-0.9630469916278492,0,0,0,0
2024,188686,0.76,0,-0.8467452193259684,0,Classical (all features),-0.2614349853817063,-0.9253696731507769,-1.3586675942012456,0.045,-0.2614349853817063,0,0,0,0
2024,242709,1.98,0,-1.0699129834002843,0,Classical (all features),-0.8129460162598314,-1.4933517042885125,-2.3590069946401107,0.045,-0.8129460162598314,0,0,0,0
2024,138077,11.5,0,-0.8218685664099941,0,Classical (all features),-0.4533379417692728,-1.2301361666559223,-1.7934519070545312,0.0,-0.4533379417692728,0,0,0,0
2024,30137,21.95,0,-1.0310904085267634,0,Classical (all features),-0.5718413463450209,-0.9195112288095296,-1.0920335979852118,0.0,-0.5718413463450209,0,0,0,0
2024,1973,5.0,0,-1.1376808401965688,0,Classical (all features),-0.4550226012002764,-0.48814390550968134,-0.6402619223533281,0.01,-0.4550226012002764,0,0,0,0
2024,195355,22.0,0,-1.00890372989701,0,Classical (all features),-0.28508806959656496,-0.7721998642160285,-1.127808592252952,0.175,-0.28508806959656496,0,0,0,0
2024,70258,49.25,0,-1.065802147705414,0,Classical (all features),-1.124979564421148,-1.289219191286009,-1.8393784450848492,0.0,-1.124979564421148,0,0,0,0
2024,107395,29.07,0,-1.1097839733111081,0,Classical (all features),-0.48753345684581206,-1.2947922363374604,-2.1914608431802756,0.12,-0.48753345684581206,0,0,0,0
2024,242587,29.8,0,-1.315264861519013,0,Classical (all features),-0.9943836503455656,-1.2988289304288672,-1.8242972209296648,0.0,-0.9943836503455656,0,0,0,0
2024,14809,8.98,0,-1.072596636451999,0,Classical (all features),0.1486750964635615,-1.5442237740562432,-2.5864610295827024,0.095,0.1486750964635615,0,0,0,1
2024,209899,1.0,0,-1.0388247258661907,0,Classical (all features),-0.5881129027134865,-1.2228191025989577,-2.2689447546630914,0.0,-0.5881129027134865,0,0,0,0
2024,176455,152.65,0,-0.7546220458105051,0,Classical (all features),-0.02215866746811615,-1.3185910944437613,-3.358357301468173,0.165,-0.02215866746811615,0,0,0,0
2024,27362,1.52,1,-1.2595380287955051,0,Classical (all features),-0.9229777505979224,-1.276294445903912,-1.7320529447921698,0.0,-0.9229777505979224,0,0,0,0
2024,237366,1.0,0,-1.1596302001135235,0,Classical (all features),-0.4053915233810518,-1.3208136946059121,-1.9417604192609716,0.0,-0.4053915233810518,0,0,0,0
2024,24420,1.29,0,-1.2060603327870385,0,Classical (all features),-1.0711139773517468,-1.2179111014662194,-1.6394277988096873,0.0,-1.0711139773517468,0,0,0,0
2024,216854,495.2,0,-0.8997042334447721,0,Classical (all features),-0.12957445589451586,-0.2065200613183914,-0.4288160769742819,0.27,-0.12957445589451586,0,0,0,0
2024,14170,99.99,1,0.026826340222379785,1,Classical (all features),0.15429215082741807,1.0225261208926577,5.268607420271847,0.84,0.15429215082741807,1,1,1,1
2024,206086,15.0,0,-1.059436927109664,0,Classical (all features),-0.8497464780584654,-1.296277000173971,-1.7897931421212592,0.0,-0.8497464780584654,0,0,0,0
2024,3197,1.0,0,-1.145029439790968,0,Classical (all features),-0.5124348979204089,-0.8917650338776081,-1.1570043241441872,0.005,-0.5124348979204089,0,0,0,0
2024,2210,220.0,0,-0.9442270545716863,0,Classical (all features),-0.9763823240839582,-1.1880922500389337,-1.8211323834077229,0.015,-0.9763823240839582,0,0,0,0
2024,79240,11.99,0,-0.6862294798740574,0,Classical (all features),-0.4442199893479285,-1.1634116064526405,-1.8911630295954103,0.005,-0.4442199893479285,0,0,0,0
2024,151201,0.89,0,-0.9741583616163514,0,Classical (all features),-0.38733521425753337,-0.9409448591530588,-1.3800654360137443,0.005,-0.38733521425753337,0,0,0,0
2024,126118,24.99,0,-1.2690565029280914,0,Classical (all features),-0.7978258538101878,-1.2109832505016214,-1.7150675469814167,0.0,-0.7978258538101878,0,0,0,0
2024,65689,2.35,0,-0.7962408504403367,0,Classical (all features),-0.720214758681699,-1.3466431485623604,-2.030568964818177,0.0,-0.720214758681699,0,0,0,0
2024,102443,1.0,1,-0.6398817699449488,0,Classical (all features),0.15427048241408545,0.23118631736239162,16.744543193516016,0.7,0.15427048241408545,1,1,1,1
2024,264735,249.0,0,-0.937839063242285,0,Classical (all features),-0.7771669450990117,-1.0922613653156685,-1.40834558770145,0.02,-0.7771669450990117,0,0,0,0
2024,18809,30.3,1,-0.5045998649677212,1,Classical (all features),0.15402977527941733,0.3451877947586274,1.675341821613703,0.425,0.15402977527941733,1,1,0,1
2024,212613,16.06,0,-1.0753630636273492,0,Classical (all features),-1.0034047492732472,-1.181082172326589,-2.2166646886458174,0.0,-1.0034047492732472,0,0,0,0
2024,212242,24.99,0,-1.2840531054682474,0,Classical (all features),-0.8997235526697276,-1.194288252258188,-1.5706508019849585,0.0,-0.8997235526697276,0,0,0,0
2024,105157,48.63,0,-1.2991793370577842,0,Classical (all features),-1.1771424687949408,-1.181893690575544,-1.4887308086578233,0.0,-1.1771424687949408,0,0,0,0
2024,271347,6.48,0,-1.1545114749716536,0,Classical (all features),-1.08241555911982,-1.1764856288314065,-1.6613471039349514,0.0,-1.08241555911982,0,0,0,0
2024,30100,60.6,1,-0.11629675024384756,1,Classical (all features),0.1562732723440913,0.35226533446242847,1.7238358734599848,0.585,0.1562732723440913,1,1,1,1
2024,221983,9.72,0,-1.272380346178027,0,Classical (all features),-1.0309287426214921,-1.1689501913723603,-1.5022918328008907,0.0,-1.0309287426214921,0,0,0,0
2024,196495,314.3,0,-0.9368419359460882,0,Classical (all features),-0.5336827523994332,-1.0280321676318085,-1.2443254286293142,0.125,-0.5336827523994332,0,0,0,0
2024,177195,11.0,1,-0.427879964947401,1,Classical (all features),0.1401088879543268,0.327850916413625,1.2478441454251261,0.635,0.1401088879543268,1,1,1,1
2024,4632,49.99,0,-1.001207561194461,0,Classical (all features),-0.6502162709708924,-1.3175844194270465,-1.925654667843143,0.07,-0.6502162709708924,0,0,0,0
2024,88257,31.42,0,-1.1462141626755087,0,Classical (all features),-0.34321701772197477,-0.6207829722724104,-0.6870236374389526,0.025,-0.34321701772197477,0,0,0,0
2024,96677,21.9,0,-0.907633943007232,0,Classical (all features),-0.43063744449211605,-1.4599348851879328,-2.7946779820780234,0.08,-0.43063744449211605,0,0,0,0
2024,15539,99.99,1,-0.5503768441196794,1,Classical (all features),0.1542704840167184,0.5961267549561107,3.644489038100697,0.705,0.1542704840167184,1,1,1,1
2024,150667,78.0,1,-0.19399868508396007,1,Classical (all features),0.1739759772047918,0.8004292760694792,5.813831289088722,0.8,0.1739759772047918,1,1,1,1
2024,34134,134.99,0,-1.0050524775231748,0,Classical (all features),-0.03504137947763916,-1.332064951861077,-2.382467758990501,0.11,-0.03504137947763916,0,0,0,0
2024,55478,39.98,0,-1.2681336355306192,0,Classical (all features),-0.862495396148244,-1.226792582508386,-1.6247064296254343,0.0,-0.862495396148244,0,0,0,0
2024,237241,60.0,0,-1.1467271207753318,0,Classical (all features),-0.4650978501476156,-1.1826276152745803,-1.8372751043050655,0.005,-0.4650978501476156,0,0,0,0
2024,178392,25.0,0,-1.0101070290560223,0,Classical (all features),-0.3897201276481417,-1.4980818035271062,-2.4377529698590346,0.0,-0.3897201276481417,0,0,0,0
2024,47800,6.99,0,-0.9836026078662571,0,Classical (all features),-1.1514983434450468,-1.1341886831353007,-1.7148012432498774,0.0,-1.1514983434450468,0,0,0,0
2024,51634,1.5,0,-0.8786148997918148,0,Classical (all features),-0.9826573011043225,-1.500056930307296,-2.6027746265745577,0.155,-0.9826573011043225,0,0,0,0
2024,151536,0.01,0,-1.0569462699617915,0,Classical (all features),-0.20890177004887991,-1.3379286091896248,-1.9435577179296386,0.02,-0.20890177004887991,0,0,0,0
2024,20813,2.49,0,-1.2310792363647272,0,Classical (all features),-0.910330453756202,-1.2748669257801648,-1.7565579610665565,0.0,-0.910330453756202,0,0,0,0
2024,193731,120.3,0,-0.7467276855163699,0,Classical (all features),-0.0884224929166553,-0.43376783857167645,-0.6097515683582181,0.0,-0.0884224929166553,0,0,0,0
2024,8972,179.66,1,-0.5072379985485962,1,Classical (all features),0.15404589537050362,-0.395514769499696,-0.5908941140241102,0.43,0.15404589537050362,0,0,0,1
2024,163586,65.0,1,-0.44246969036992534,1,Classical (all features),0.2698817610146009,1.3022611981926202,2.1288592855749284,0.955,0.2698817610146009,1,1,1,1
2024,141257,0.0,1,-0.5296020657285293,1,Classical (all features),0.1674177408379182,0.9890432364509887,5.539717301244505,0.995,0.1674177408379182,1,1,1,1
2024,206682,12.99,0,-1.3270112705671195,0,Classical (all features),-1.0170531801664406,-1.0489887198986647,-1.366286021587424,0.0,-1.0170531801664406,0,0,0,0
2024,262733,60.97,0,-0.9892212408597518,0,Classical (all features),-0.36460456532134744,-0.7886562876134223,-1.005202002118415,0.005,-0.36460456532134744,0,0,0,0
2024,176785,141.78,0,-0.5415623671262032,1,Classical (all features),-0.5574164967440471,-0.3382724566049806,-0.619884695270116,0.025,-0.5574164967440471,0,0,0,0
2024,263568,45.04,0,-1.1407284980039984,0,Classical (all features),-0.28466940074298674,-0.9814847605808267,-1.4070416586988967,0.0,-0.28466940074298674,0,0,0,0
2024,263809,253.05,0,-1.0288792189249343,0,Classical (all features),-0.07051410477733558,-1.3450665907561956,-2.1383928621211856,0.005,-0.07051410477733558,0,0,0,0
2024,7533,31.1,0,-1.0365303015513372,0,Classical (all features),-0.680257550398559,-1.1252322683763785,-1.9069798487847065,0.0,-0.680257550398559,0,0,0,0
2024,235644,122.68,1,-0.5809511214414601,1,Classical (all features),0.20754046012238542,1.4589190097972873,3.006927597291827,0.67,0.20754046012238542,1,1,1,1
2024,235176,449.64,0,-0.5915522222457087,1,Classical (all features),-0.3776293404112049,-0.667260975557444,-1.0446555213255704,0.025,-0.3776293404112049,0,0,0,0
2024,253018,16.0,0,-0.928205973593301,0,Classical (all features),-0.8549367425916028,-0.7852923666018942,-1.0777000595485122,0.03,-0.8549367425916028,0,0,0,0
2024,242149,9.99,0,-0.7161583777729723,0,Classical (all features),-0.37117355728507795,-1.370478196835426,-2.6070526914272145,0.04,-0.37117355728507795,0,0,0,0
2024,88263,0.99,0,-1.112413399697868,0,Classical (all features),-0.9392710088896887,-1.129074884831475,-1.505719463788788,0.0,-0.9392710088896887,0,0,0,0
2024,37116,160.0,0,-1.0983194123059232,0,Classical (all features),-0.7647564109062831,-1.1554329770696512,-1.3686545461888096,0.0,-0.7647564109062831,0,0,0,0
2024,97266,8.99,0,-1.0203717170938351,0,Classical (all features),-1.1827440276854135,-1.1665340092852436,-1.8137164215533845,0.005,-1.1827440276854135,0,0,0,0
2024,9897,0.0,0,-0.7470066944906555,0,Classical (all features),-0.16699908227988006,-1.0115378595794442,-1.7517081690753173,0.045,-0.16699908227988006,0,0,0,0
2024,62075,147.03,0,-0.944334474518251,0,Classical (all features),-0.05811044196541612,-1.0998433685201783,-2.0128803956710213,0.07,-0.05811044196541612,0,0,0,0
2024,35774,45.0,0,-1.2244248618281273,0,Classical (all features),-0.8801994063069387,-1.2789388831157225,-1.7802926745834913,0.0,-0.8801994063069387,0,0,0,0
2024,4588,10.0,0,-1.120201101466532,0,Classical (all features),-0.3584314783242418,-1.1182784768320375,-2.015223561224582,0.0,-0.3584314783242418,0,0,0,0
2024,231296,12.0,0,-0.8190433326656873,0,Classical (all features),-0.16380808174987047,-1.3449427380348777,-2.1563449257414677,0.02,-0.16380808174987047,0,0,0,0
2024,124703,13.26,0,-1.026040608855143,0,Classical (all features),-1.1616192133882584,-1.502886544846585,-2.2721779906197517,0.03,-1.1616192133882584,0,0,0,0
2024,116519,5.41,0,-1.043177128862396,0,Classical (all features),-0.52413578051939,-1.4250640462072584,-2.078134393202694,0.0,-0.52413578051939,0,0,0,0
2024,139127,24.99,0,-0.9721730502191773,0,Classical (all features),-0.7121376533855607,-1.415613602512293,-2.5657915816555845,0.0,-0.7121376533855607,0,0,0,0
2024,143793,8.99,0,-0.994542748055183,0,Classical (all features),-0.3661182671557631,-0.9903000523070723,-1.7715575256049154,0.18,-0.3661182671557631,0,0,0,0
2024,214880,2.99,0,-1.0316824841755938,0,Classical (all features),-0.7392481259643682,-0.906088269985447,-1.5061472011898214,0.085,-0.7392481259643682,0,0,0,0
2024,267433,100.0,0,-1.1278413691689417,0,Classical (all features),-0.366798382810141,-0.8188524223599806,-0.9662182094883629,0.0,-0.366798382810141,0,0,0,0
2024,39504,24.5,0,-1.1560442365960466,0,Classical (all features),-0.44042659698570386,-1.3833474079642274,-2.0606722722608777,0.0,-0.44042659698570386,0,0,0,0
2024,81908,2.69,0,-0.9775927512780611,0,Classical (all features),-1.0974708724323292,-1.2967861421249811,-1.933491535745655,0.0,-1.0974708724323292,0,0,0,0
2024,126373,1.0,0,-1.2069527565178464,0,Classical (all features),-0.6857020489935225,-1.0241439838897923,-1.2420990128140437,0.0,-0.6857020489935225,0,0,0,0
2024,9487,1.0,1,-0.5425219706707058,1,Classical (all features),0.1549850164100232,0.7710169769401387,8.569406577554885,0.93,0.1549850164100232,1,1,1,1
2024,220642,66.0,0,-1.212023086509668,0,Classical (all features),-0.9172386806979389,-1.3775323237657622,-1.9810782483515488,0.005,-0.9172386806979389,0,0,0,0
2024,255269,31.52,0,-0.4751305382060796,1,Classical (all features),-0.033956174333600125,-0.13779710141492635,-0.029208506036925375,0.135,-0.033956174333600125,0,0,0,0
2024,235026,78.03,0,-0.6871009177711362,0,Classical (all features),-0.6322667976848967,-0.6472414451606759,-0.9578262737022154,0.11,-0.6322667976848967,0,0,0,0
2024,18868,45.96,0,-1.1297861937868803,0,Classical (all features),-0.9011284452128683,-1.213070765218725,-1.4784652140815577,0.0,-0.9011284452128683,0,0,0,0
2024,143642,3.0,0,-0.8630233359244099,0,Classical (all features),-0.3732998472860083,-0.8613824319469267,-0.8208037238786314,0.0,-0.3732998472860083,0,0,0,0
2024,106615,118.9,0,-1.0284883847319373,0,Classical (all features),-0.8752393847636679,-1.0688992275800802,-1.3085909431134897,0.015,-0.8752393847636679,0,0,0,0
2024,266984,49.22,0,-1.207167010121631,0,Classical (all features),-0.7618131639673804,-0.891566756088617,-1.9176632874510569,0.005,-0.7618131639673804,0,0,0,0
2024,185079,16.32,0,-1.3967361357632366,0,Classical (all features),-0.7287155884960265,-1.1423047986441057,-1.6096220230661733,0.0,-0.7287155884960265,0,0,0,0
2024,249476,301.51,0,-1.032472999150717,0,Classical (all features),-0.018116538814715394,-1.270514366569519,-2.6125544678785486,0.09,-0.018116538814715394,0,0,0,0
2024,174478,2.36,0,-1.1166573314519626,0,Classical (all features),-0.940365929638278,-1.257424392552263,-1.999571395678285,0.0,-0.940365929638278,0,0,0,0
2024,264612,4.99,0,-1.1266444058881164,0,Classical (all features),-0.9233831994011419,-0.9316660296718645,-1.4264950027260621,0.005,-0.9233831994011419,0,0,0,0
2024,6472,1.0,1,-0.5093492316673767,1,Classical (all features),0.16154550192913553,0.6099691017622347,1.0494535097133488,0.36,0.16154550192913553,1,1,0,1
2024,27342,9.99,0,-1.2823785675829986,0,Classical (all features),-1.023985575912941,-1.2402991470990918,-1.638591480582788,0.0,-1.023985575912941,0,0,0,0
2024,27749,19.02,1,-0.5802336978698284,1,Classical (all features),0.16571094717500223,1.1764785048180821,5.005919953540916,0.955,0.16571094717500223,1,1,1,1
2024,196650,47.96,0,-1.1491418158364655,0,Classical (all features),-1.0846482734929355,-1.4101104128126445,-2.4802084480657554,0.0,-1.0846482734929355,0,0,0,0
2024,171437,54.0,0,-1.2610353818583193,0,Classical (all features),-0.8668877956428449,-1.1686823928879857,-1.6015689881684883,0.035,-0.8668877956428449,0,0,0,0
2024,76878,46.78,0,-0.9445490853431517,0,Classical (all features),-0.44724940440499206,-1.1078482300527015,-1.7021809582943526,0.035,-0.44724940440499206,0,0,0,0
2024,81186,45.64,1,-0.465183090968987,1,Classical (all features),0.1548003495057565,-0.04519149697248748,0.8453493457564576,0.575,0.1548003495057565,0,1,1,1
2024,209312,3104.97,0,-0.5769972939204102,1,Classical (all features),0.15427048241408545,0.23118400717393367,-4.924632058665697,0.155,0.15427048241408545,1,0,0,1
2024,88063,9.35,0,-0.9873768050593328,0,Classical (all features),-0.6279118329838828,-1.0376186799169251,-2.1782405260949638,0.005,-0.6279118329838828,0,0,0,0
2024,250744,0.0,0,-1.1048787673340013,0,Classical (all features),-0.43551584314920366,-1.0700697410115105,-1.483673671189961,0.125,-0.43551584314920366,0,0,0,0
2024,231125,4.29,0,-1.1837776904160684,0,Classical (all features),-0.5613064188822566,-1.4036670976501644,-2.095186208802054,0.005,-0.5613064188822566,0,0,0,0
2024,20069,10.0,0,-0.9570283243411031,0,Classical (all features),-0.5787058594763871,-1.4511224293422673,-2.1975030625255663,0.0,-0.5787058594763871,0,0,0,0
2024,20232,91.28,0,-1.2470087181209577,0,Classical (all features),-0.34262064575118845,-1.1960741761382896,-1.7015183275121128,0.0,-0.34262064575118845,0,0,0,0
2024,259395,1.98,0,-1.1149794770263644,0,Classical (all features),-1.2460657661081993,-1.4246792109291997,-2.110867280408745,0.005,-1.2460657661081993,0,0,0,0
2024,203700,0.0,1,-0.4144676128057566,1,Classical (all features),0.6132944601200868,1.1822146407008063,1.4130435800858387,0.995,0.6132944601200868,1,1,1,1
2024,80867,118.65,0,-1.0207268339690765,0,Classical (all features),-0.7271792526786303,-1.3103277325975715,-2.4485072459331505,0.05,-0.7271792526786303,0,0,0,0
2024,62679,11.38,0,-0.8683934940503171,0,Classical (all features),-0.5789707387288409,-1.414357069375722,-2.007788812077895,0.115,-0.5789707387288409,0,0,0,0
2024,133796,37.6,0,-1.2460259460972258,0,Classical (all features),-1.151537996412798,-1.1892396597933548,-1.5277039094759357,0.0,-1.151537996412798,0,0,0,0
2024,120600,30.0,0,-1.2039832666049224,0,Classical (all features),-0.7554255357620945,-1.2224130630429664,-1.5923777064026827,0.005,-0.7554255357620945,0,0,0,0
2024,74825,114.65,0,-1.1786799021714818,0,Classical (all features),-0.11560782845263759,-1.2699693937580747,-2.224708920659766,0.05,-0.11560782845263759,0,0,0,0
2024,172787,144.62,1,-0.7603526617100806,0,Classical (all features),0.1901542442941714,0.7913447811349021,1.626435222128107,0.69,0.1901542442941714,1,1,1,1
2024,280995,8.98,0,-1.0427201556252057,0,Classical (all features),-1.1142450498458043,-1.1541570885000447,-1.6160649961615428,0.005,-1.1142450498458043,0,0,0,0
2024,70141,112.45,1,-0.5504388129307661,1,Classical (all features),0.10585852762861359,0.30611699325215613,0.7868742212024815,0.685,0.10585852762861359,1,0,1,1
2024,246191,2.85,0,-0.965837663880228,0,Classical (all features),-0.13538280752845497,-1.3949743116586153,-2.6151880774069056,0.0,-0.13538280752845497,0,0,0,0
2024,170077,188.72,0,-1.2389065509299217,0,Classical (all features),-0.6575417741466738,-0.8436334396408475,-0.9597590363017203,0.0,-0.6575417741466738,0,0,0,0
2024,154684,0.01,1,-0.4097055253349223,1,Classical (all features),0.15427048241408545,0.361957630514333,2.6393618147467928,0.835,0.15427048241408545,1,1,1,1
2024,255609,369.72,0,-0.8772314550020959,0,Classical (all features),-0.28140801856558095,-0.8390096941114568,-1.3428924936434212,0.06,-0.28140801856558095,0,0,0,0
2024,91956,161.01,0,-1.091295016406801,0,Classical (all features),-0.39822894934884256,-0.9791654545117444,-1.2438994859635528,0.0,-0.39822894934884256,0,0,0,0
2024,89676,166.48,0,-1.200603300345235,0,Classical (all features),-0.5806112404468339,-1.2025528404072339,-2.028283550958281,0.02,-0.5806112404468339,0,0,0,0
2024,9509,1.0,1,-0.6311524737813075,1,Classical (all features),0.15494891758693,0.7602900608796231,8.37689462582048,0.935,0.15494891758693,1,1,1,1
2024,261409,42.81,0,-1.2714882873706028,0,Classical (all features),-1.0480808043042695,-1.3000892063683605,-2.114534668982545,0.0,-1.0480808043042695,0,0,0,0
2024,260761,9.99,0,-1.0802135257273404,0,Classical (all features),-0.4392838652791513,-0.945237227677639,-1.56394602305763,0.025,-0.4392838652791513,0,0,0,0
2024,67472,62.95,0,-1.0312565503947273,0,Classical (all features),-0.633749321600335,-0.827805041913194,-0.888517979082637,0.09,-0.633749321600335,0,0,0,0
2024,53218,7.98,0,-0.7741706864126765,0,Classical (all features),-1.008868312817011,-0.7091385867818905,-0.9734047557268429,0.02,-1.008868312817011,0,0,0,0
2024,118957,10.75,0,-0.928740973860847,0,Classical (all features),-1.1002473245748494,-1.2951617295489934,-2.0471524769411427,0.03,-1.1002473245748494,0,0,0,0
2024,166322,11.95,0,-1.032998994922402,0,Classical (all features),-0.9193609258447104,-1.0774475249252662,-1.6838113116211195,0.0,-0.9193609258447104,0,0,0,0
2024,87130,9.99,0,-1.212022316084687,0,Classical (all features),-1.2428463205668199,-1.2081176170779142,-1.6234099654079854,0.005,-1.2428463205668199,0,0,0,0
2024,10265,1.98,0,-0.9194288225629412,0,Classical (all features),-0.5871593689269002,-1.20276929366689,-1.8206064821544665,0.0,-0.5871593689269002,0,0,0,0
2024,38192,28.75,0,-1.2042263242209013,0,Classical (all features),-0.9205837033023885,-1.3401182149565734,-1.8532917090135859,0.0,-0.9205837033023885,0,0,0,0
2024,117421,1.0,0,-1.1060466973157923,0,Classical (all features),-0.3572876568131048,-1.3367165451801357,-2.1190073770389453,0.0,-0.3572876568131048,0,0,0,0
2024,61161,15.17,0,-0.8495486707726705,0,Classical (all features),-0.506449143444137,-1.5300801519800706,-2.8256961348856926,0.09,-0.506449143444137,0,0,0,0
2024,77916,51.09,0,-0.9956701786626465,0,Classical (all features),-0.7810463118056719,-1.1285195131429857,-2.523079310729944,0.0,-0.7810463118056719,0,0,0,0
2024,283014,99.99,0,-1.1396887669327187,0,Classical (all features),-0.2869393734490777,-1.0837859568303343,-1.4815793493826304,0.0,-0.2869393734490777,0,0,0,0
2024,187802,9.99,0,-0.7359547477753997,0,Classical (all features),-0.20320533867396737,-0.8129320033725022,-1.1366969482165215,0.01,-0.20320533867396737,0,0,0,0
2024,36142,12.0,0,-1.170091805859663,0,Classical (all features),-0.63312253954726,-1.3330601990502844,-1.7898935794413724,0.0,-0.63312253954726,0,0,0,0
2024,84760,100.0,0,-1.049729916113908,0,Classical (all features),-0.3262401351486648,-0.8501027762080061,-1.2282389949020553,0.105,-0.3262401351486648,0,0,0,0
2024,149411,45.9,0,-0.8575843540079973,0,Classical (all features),-0.1938351055393465,-1.1830540651936055,-3.372559943443342,0.065,-0.1938351055393465,0,0,0,0
2024,8615,1.0,1,-0.5013299796451255,1,Classical (all features),0.15444591938599894,0.6163687702202306,9.174227527057303,0.97,0.15444591938599894,1,1,1,1
2024,221052,0.74,0,-0.7114794951987696,0,Classical (all features),0.15113313382819166,-1.045699182869742,-2.958894934431526,0.08,0.15113313382819166,0,0,0,1
2024,113563,30.0,0,-1.0946482197764273,0,Classical (all features),-0.861882060738784,-1.375507635757621,-2.187721061591022,0.0,-0.861882060738784,0,0,0,0
2024,59506,44.0,0,-1.0149085517124605,0,Classical (all features),-0.3738139446313543,-1.200253181958506,-2.0937789950034627,0.0,-0.3738139446313543,0,0,0,0
2024,255850,0.89,0,-1.115041169579763,0,Classical (all features),-0.8701214513764641,-1.504227136852207,-2.2522807796686624,0.0,-0.8701214513764641,0,0,0,0
2024,120528,37.15,0,-1.0833865154868532,0,Classical (all features),-0.5627142984757225,-1.1296964464317694,-1.678903522011686,0.0,-0.5627142984757225,0,0,0,0
2024,225060,48.0,0,-0.3460329781245379,1,Classical (all features),-0.7376127816524689,-0.9030947858071549,-1.171803450566439,0.0,-0.7376127816524689,0,0,0,0
2024,245066,3.99,0,-1.2187602804268087,0,Classical (all features),-1.0639587814508387,-1.130867854477124,-1.5237107752030008,0.0,-1.0639587814508387,0,0,0,0
2024,186885,9.0,0,-0.9960674177621898,0,Classical (all features),-0.4203411937934014,-0.996184836424962,-1.2720450764139388,0.0,-0.4203411937934014,0,0,0,0
2024,277125,35.0,0,-1.1300797426222842,0,Classical (all features),-0.8279421219970463,-1.329047070578853,-1.9587535634824564,0.0,-0.8279421219970463,0,0,0,0
2024,114506,72.6,0,-1.050307405244147,0,Classical (all features),-0.8032587266490756,-1.2640481909349957,-1.839725240754425,0.0,-0.8032587266490756,0,0,0,0
2024,232046,708.99,0,-0.4634534371731182,1,Classical (all features),-0.22384094525806295,-0.5782096545388603,-0.9773281443018997,0.01,-0.22384094525806295,0,0,0,0
2024,184379,25.0,1,-0.45049682431039995,1,Classical (all features),0.19596240189189781,0.06507970424189452,-0.4032353249283227,0.39,0.19596240189189781,0,0,0,1
2024,277197,24.62,0,-0.8378772326172701,0,Classical (all features),-0.5052286618978373,-1.1386309050861594,-2.4995953255040098,0.0,-0.5052286618978373,0,0,0,0
2024,8845,30.39,1,-0.5772152815708966,1,Classical (all features),0.16282652695149114,1.5155293044622375,3.6689862686746464,0.895,0.16282652695149114,1,1,1,1
2024,39885,264.99,0,-0.7652919579319662,0,Classical (all features),-0.4320910866191314,-0.8943583228812583,-1.249027984068816,0.105,-0.4320910866191314,0,0,0,0
2024,68522,0.76,1,-0.7123442465484722,0,Classical (all features),0.23543809736952628,0.7836938667066522,1.3982553263658002,0.84,0.23543809736952628,1,1,1,1
2024,257467,72.0,0,-1.1836392253286114,0,Classical (all features),-0.48372763871568536,-1.2518372089402163,-1.7520295393795022,0.0,-0.48372763871568536,0,0,0,0
2024,204176,0.89,0,-1.0914857751281148,0,Classical (all features),-0.6824892134983581,-1.533298611357396,-2.3672204637152676,0.0,-0.6824892134983581,0,0,0,0
2024,79835,1.75,1,-0.28736401309845566,1,Classical (all features),0.39911816287338736,1.0954304581415992,1.387823576011044,0.96,0.39911816287338736,1,1,1,1
2024,224681,0.89,0,-1.0435963394297518,0,Classical (all features),-1.1163762944623374,-1.299701407169255,-1.923951543948521,0.0,-1.1163762944623374,0,0,0,0
2024,141258,0.0,1,-0.5296020657285296,1,Classical (all features),0.1674177408379182,0.9890432364509887,5.539717301244505,0.995,0.1674177408379182,1,1,1,1
2024,275083,10.0,0,-1.1224534796828802,0,Classical (all features),-0.37343533236850224,-1.2349518237367638,-2.1492277117761946,0.0,-0.37343533236850224,0,0,0,0
2024,160970,1.0,0,-1.3211800125758708,0,Classical (all features),-1.1051006493947877,-1.3096879672813797,-1.823133796348813,0.0,-1.1051006493947877,0,0,0,0
2024,199703,2.28,0,-1.2554705438553928,0,Classical (all features),-0.5404057072923658,-1.3524004569902308,-1.9734640965500314,0.0,-0.5404057072923658,0,0,0,0
2024,12275,11.85,0,-1.2136707721581936,0,Classical (all features),-0.48362522482233916,-1.353945863011822,-1.9663120510824792,0.055,-0.48362522482233916,0,0,0,0
2024,108100,23.42,0,-1.1560326480140453,0,Classical (all features),-0.7417748183064885,-1.3136026704290478,-1.7374661266183127,0.0,-0.7417748183064885,0,0,0,0
2024,40217,1.0,0,-1.1989475555762814,0,Classical (all features),-0.1461807666530975,-1.25211085423732,-1.6737461604503472,0.0,-0.1461807666530975,0,0,0,0
2024,176831,9.99,0,-1.2299673809191507,0,Classical (all features),-0.9994402891694314,-1.2354980863309604,-1.642283733696654,0.0,-0.9994402891694314,0,0,0,0
2024,274585,0.0,0,-1.0609259293667264,0,Classical (all features),-0.17872008331943165,-1.0850838744706417,-2.2032782216285596,0.0,-0.17872008331943165,0,0,0,0
2024,169457,11789.84,0,-0.6664907458377248,0,Classical (all features),0.15427048241408545,0.23118631753015417,17.684773115599405,0.165,0.15427048241408545,1,1,0,1
2024,195515,162.03,0,-0.767657529506703,0,Classical (all features),-0.27058669133625923,-0.7341362263300499,-1.6003500298805764,0.12,-0.27058669133625923,0,0,0,0
2024,258238,148.22,0,-0.8393262488640993,0,Classical (all features),0.02856468103816917,-0.967535253614963,-2.0492628181667714,0.18,0.02856468103816917,0,0,0,0
2024,236600,31.07,0,-1.1513445883219986,0,Classical (all features),-1.068106293850051,-1.3816712710809393,-2.076830545875183,0.0,-1.068106293850051,0,0,0,0
2024,237691,4.46,0,-0.8463672260865298,0,Classical (all features),0.03617692129420268,-0.9394958739549043,-1.5332823955146744,0.0,0.03617692129420268,0,0,0,0
2024,219460,4.76,0,-1.2687121416756224,0,Classical (all features),-0.48713624011419787,-0.8360651329490202,-1.2034980511707793,0.005,-0.48713624011419787,0,0,0,0
2024,247995,51.37,1,-0.6807341302648431,0,Classical (all features),0.32209263685077905,0.8892372284805501,1.1924870219747128,0.855,0.32209263685077905,1,1,1,1
2024,195532,307.68,0,-0.35681575002828037,1,Classical (all features),-0.5185336733496909,-0.780603612713559,-1.2960242662212949,0.065,-0.5185336733496909,0,0,0,0
2024,27855,69.99,0,-1.138448861273535,0,Classical (all features),-0.5448117379205282,-1.3329136093966887,-2.0797995166919465,0.005,-0.5448117379205282,0,0,0,0
2024,64232,12.31,0,-1.0575434147158256,0,Classical (all features),-1.280653381248165,-1.20280477911904,-1.7874496470895829,0.0,-1.280653381248165,0,0,0,0
2024,184440,1.5,0,-1.300207111258242,0,Classical (all features),-0.9010806317715669,-1.3462024146858251,-1.9372658484785639,0.0,-0.9010806317715669,0,0,0,0
2024,154234,1.0,1,-0.5071529752383619,1,Classical (all features),0.15427048241408545,0.39116583102504165,3.1952302153224537,0.845,0.15427048241408545,1,1,1,1
2024,43204,106.55,1,-0.6161723763238742,1,Classical (all features),0.22997650706347877,0.7265542447687239,2.310908486177434,0.89,0.22997650706347877,1,1,1,1
2024,167673,14.02,0,-0.9741037036603646,0,Classical (all features),-1.2360447118869544,-1.3306121990494124,-1.9204047690298975,0.0,-1.2360447118869544,0,0,0,0
2024,245691,14.49,0,-1.0154588528317074,0,Classical (all features),-0.43822605472912357,-0.9597235979901569,-1.485754566309143,0.015,-0.43822605472912357,0,0,0,0
2024,116404,311.28,1,-0.5776869369628801,1,Classical (all features),0.20187632847756942,0.6536920496127949,2.205186302423699,0.45,0.20187632847756942,1,1,0,1
2024,71295,219.0,0,-1.0936491198741505,0,Classical (all features),-0.36348265947549274,-1.390844191547501,-2.040206864279202,0.005,-0.36348265947549274,0,0,0,0
2024,270776,0.99,0,-0.9515874088536133,0,Classical (all features),-0.9957964433643616,-1.2964288471427423,-2.4788448915401484,0.0,-0.9957964433643616,0,0,0,0
2024,151009,1.0,1,-0.22048927413939462,1,Classical (all features),0.15427048241408545,0.31332115279530504,-0.1539317925436119,0.925,0.15427048241408545,1,0,1,1
2024,58892,16.04,0,-1.0136549277876183,0,Classical (all features),-0.5363383172148104,-1.020103354438827,-1.4047420266440511,0.025,-0.5363383172148104,0,0,0,0
2024,44556,1.0,1,-0.580971533962158,1,Classical (all features),0.16536987350349927,1.3463126045065037,3.9673591797574614,0.645,0.16536987350349927,1,1,1,1
2024,265886,25.59,0,-0.7715026007757391,0,Classical (all features),-0.29395658458790797,-0.9615673327458144,-1.5161632084404206,0.015,-0.29395658458790797,0,0,0,0
2024,241445,10.7,1,-0.4575548369371828,1,Classical (all features),0.18699168526485183,0.6490944297820882,1.1743741178231721,0.59,0.18699168526485183,1,1,1,1
2024,35043,246.5,0,-0.710597201923435,0,Classical (all features),-0.8340111401819187,-1.1822642582517568,-1.698945016478914,0.04,-0.8340111401819187,0,0,0,0
2025,61235,10.0,0,-0.9427378877953327,0,Logistic regression,-7.262866875348694,-2.460599577047966,-7.262866875348694,0.0,-0.4923663569625805,0,0,0,0
2025,189194,4.49,0,-1.1600316128156152,0,Logistic regression,-3.820550481433679,-2.084744084787073,-3.820550481433679,0.0,-0.5292637914080779,0,0,0,0
2025,116074,50.0,0,-1.0865993436209498,0,Logistic regression,-7.293867462493344,-2.7271507801991506,-7.293867462493344,0.0,-0.47456379996914194,0,0,0,0
2025,236918,5.99,0,-1.0825405946385904,0,Logistic regression,-6.10987660778904,-2.5113539885105896,-6.10987660778904,0.005,-0.5059643200808429,0,0,0,0
2025,43061,34.12,1,-0.3271242854691449,1,Logistic regression,62.93050306413795,0.3692775447167042,62.93050306413795,0.775,-0.47455665950224857,1,1,1,0
2025,268140,56.0,0,-1.1337954303837865,0,Logistic regression,-11.379103939748795,-2.6399972403092766,-11.379103939748795,0.0,-0.47548538588851824,0,0,0,0
2025,232145,0.76,0,-1.00630766473107,0,Logistic regression,-5.320742204981955,-2.4305038479538927,-5.320742204981955,0.0,-0.4745567069081722,0,0,0,0
2025,263877,0.38,1,-0.32297950626040606,1,Logistic regression,32.54362978322927,-0.021473459930143976,32.54362978322927,0.865,-0.47455665950224846,1,1,1,0
2025,245347,2.47,1,-0.5833509583240167,0,Logistic regression,-2.484732998863056,-0.8701619895178528,-2.484732998863056,0.1,-0.4746485658391819,0,0,0,0
2025,106679,227.3,1,-0.055848840109916226,1,Logistic regression,31.943714450530948,0.6618276982609049,31.943714450530948,0.635,-0.4745566594623908,1,1,1,0
2025,197937,0.76,0,-1.04837763746607,0,Logistic regression,-4.1956692582378565,-1.361102010686131,-4.1956692582378565,0.005,-0.5062871374044183,0,0,0,0
2025,146872,1.0,0,-0.8764168560392729,0,Logistic regression,-11.556519361425728,-1.80795928608351,-11.556519361425728,0.005,-0.47502624355581313,0,0,0,0
2025,114269,20.0,0,-1.167181734817448,0,Logistic regression,-8.045799182738454,-2.339838259597479,-8.045799182738454,0.0,-0.4747854836598473,0,0,0,0
2025,252919,9.99,0,-0.6230806045682955,0,Logistic regression,-10.793173506364216,-2.3253466754747354,-10.793173506364216,0.0,-0.4745566617701512,0,0,0,0
2025,76004,8.94,0,-1.062794415614166,0,Logistic regression,-8.218901192206424,-2.3088904413086118,-8.218901192206424,0.01,-0.47835196661712903,0,0,0,0
2025,158547,11.0,0,-1.0298882121814934,0,Logistic regression,-6.596334766971428,-2.0852911104771943,-6.596334766971428,0.075,-0.4745586411692649,0,0,0,0
2025,192529,1.0,1,-0.31583252327176625,1,Logistic regression,28.931275779121506,-0.05727406633315894,28.931275779121506,0.875,-0.47455665950224857,1,1,1,0
2025,155008,215.12,0,-1.0877897741388378,0,Logistic regression,-4.833583027070121,-2.1189385333546538,-4.833583027070121,0.005,-0.47455748308729034,0,0,0,0
2025,58761,1.0,1,-1.099662876148709,0,Logistic regression,-10.062004521291117,-2.438533174572844,-10.062004521291117,0.045,-0.47465665425570425,0,0,0,0
2025,199422,84.95,0,-1.1675859483497555,0,Logistic regression,-11.485347288307416,-2.3942788349887048,-11.485347288307416,0.015,-0.4746748074699329,0,0,0,0
2025,73738,121.67,0,-1.12523780599822,0,Logistic regression,-8.095948023027903,-2.9239106807037976,-8.095948023027903,0.02,-0.4747292704553066,0,0,0,0
2025,149081,17.82,0,-0.7870135953390124,0,Logistic regression,-4.191753354855789,-1.8654431288245625,-4.191753354855789,0.045,-0.47455764796742844,0,0,0,0
2025,28530,33.8,0,-0.5677162473772047,0,Logistic regression,-12.176881137007786,-2.1398951420828105,-12.176881137007786,0.0,-0.47486531331531867,0,0,0,0
2025,93128,125.79,0,-0.8082294741032513,0,Logistic regression,-7.102412272838981,-2.4988486792519327,-7.102412272838981,0.005,-0.4745567049192055,0,0,0,0
2025,24959,436.2,0,-0.6930243902397988,0,Logistic regression,-9.393721556469131,-2.1764051019688386,-9.393721556469131,0.065,-0.47455665993834373,0,0,0,0
2025,132787,23.4,0,-0.9731292811571245,0,Logistic regression,-5.890081179325918,-1.351834041721033,-5.890081179325918,0.01,-0.4745908834555881,0,0,0,0
2025,76086,123.14,0,-0.9071232181895234,0,Logistic regression,-5.5880149016685845,-1.0973479058975775,-5.5880149016685845,0.06,-0.47455682643132474,0,0,0,0
2025,183918,0.99,0,-0.2967917230279328,1,Logistic regression,-6.496139881098712,-1.6224932925662658,-6.496139881098712,0.03,-0.47455665950224857,0,0,0,0
2025,10325,100.0,0,-0.25343489249139717,1,Logistic regression,-12.382403251296328,-1.6927189589088432,-12.382403251296328,0.015,-0.47455665956557164,0,0,0,0
2025,113771,107.49,0,-0.5013972349685605,0,Logistic regression,-3.042904461266267,-2.160861148744959,-3.042904461266267,0.045,-0.4745566940109543,0,0,0,0
2025,60551,40.0,0,-1.156580087545544,0,Logistic regression,-3.659595275970564,-2.145805252682382,-3.659595275970564,0.03,-0.47557327389501963,0,0,0,0
2025,191815,38.63,0,-0.8076896661269964,0,Logistic regression,-0.4807260454022515,-1.450365007439335,-0.4807260454022515,0.07,-0.47458711178646595,0,0,0,0
2025,108858,1.0,0,-0.8884956815825197,0,Logistic regression,-8.288528265432328,-2.2809095025590578,-8.288528265432328,0.0,-0.47511334138380584,0,0,0,0
2025,229730,2.22,1,-0.3505163618793933,1,Logistic regression,3.5835564925333427,1.6081153318166006,3.5835564925333427,0.46,-0.47455597845001224,1,0,0,0
2025,272684,69.99,0,-1.0308062955216581,0,Logistic regression,-6.124684953379659,-2.466019839445182,-6.124684953379659,0.0,-0.4746887551503802,0,0,0,0
2025,196484,74.99,0,-1.0350549943833953,0,Logistic regression,-6.753957609235176,-2.5395906739584673,-6.753957609235176,0.01,-0.4745623942510712,0,0,0,0
2025,221930,145.0,0,-0.6316129286919479,0,Logistic regression,-7.880474633156394,-1.3099788113183388,-7.880474633156394,0.105,-0.4746056352165515,0,0,0,0
2025,16894,1.98,0,-0.9873614870415787,0,Logistic regression,-10.44653672134326,-2.6225925814973143,-10.44653672134326,0.0,-0.4761003726906308,0,0,0,0
2025,113951,4.49,0,-1.1296797176296598,0,Logistic regression,-5.725522693114835,-2.3146917618978753,-5.725522693114835,0.0,-0.4843493725157045,0,0,0,0
2025,57123,8.93,0,-1.1173205465690417,0,Logistic regression,-7.390764038440011,-2.66381395789871,-7.390764038440011,0.0,-0.48239187520043364,0,0,0,0
2025,246169,10.77,0,-0.5834432688082116,0,Logistic regression,-17.974771075289556,-2.053085611315936,-17.974771075289556,0.665,-0.4745566759612355,0,0,1,0
2025,42313,162.85,0,-1.0406948052522709,0,Logistic regression,-9.940358844400635,-2.7737295565916105,-9.940358844400635,0.01,-0.4745799327838556,0,0,0,0
2025,150046,49.99,0,-0.5819055451979909,0,Logistic regression,-2.1952542464860727,-1.9358691623470063,-2.1952542464860727,0.085,-0.47455665950225456,0,0,0,0
2025,185650,1199.42,0,-0.25602623995176627,1,Logistic regression,-4.133562856132877,-1.4324070010977037,-4.133562856132877,0.14,-0.4745566595101362,0,0,0,0
2025,63421,99.99,1,-0.25896030591774943,1,Logistic regression,26.642815398453525,-0.16479435338496712,26.642815398453525,0.71,-0.47455665950224857,1,1,1,0
2025,34393,159.0,0,-1.068727180879796,0,Logistic regression,-12.169298514110515,-2.4029877879691766,-12.169298514110515,0.0,-0.474588100192737,0,0,0,0
2025,89490,2.99,0,-1.1160364984229596,0,Logistic regression,-3.7849725908666585,-2.092350316063121,-3.7849725908666585,0.0,-0.47478132221666464,0,0,0,0
2025,68538,22.99,0,-1.1252536915736955,0,Logistic regression,-7.1805549094304055,-2.6155270069853467,-7.1805549094304055,0.0,-0.47652649739915753,0,0,0,0
2025,212130,12.96,0,-1.1202937512302384,0,Logistic regression,-9.832489322896595,-2.2668371155465286,-9.832489322896595,0.0,-0.47465597805896603,0,0,0,0
2025,40917,62.48,0,-0.9496404704937695,0,Logistic regression,-7.568926994172651,-2.5548582383299587,-7.568926994172651,0.005,-0.4769462343641568,0,0,0,0
2025,242520,7.7,0,-0.31758061003511306,1,Logistic regression,-23.107837687009997,-0.5936459236101004,-23.107837687009997,0.07,-0.4745566595022486,0,0,0,0
2025,269046,76.15,0,-1.0252613560567851,0,Logistic regression,-7.075600764959191,-2.6048979238025565,-7.075600764959191,0.0,-0.4747372646266071,0,0,0,0
2025,188159,6.97,0,-1.0016444316818771,0,Logistic regression,-4.476120605254045,-2.4093686477569376,-4.476120605254045,0.025,-0.47456547331823273,0,0,0,0
2025,31210,702.84,0,-0.5863956767562237,0,Logistic regression,-3.3821729536051146,-1.1231804471588296,-3.3821729536051146,0.125,-0.48567109379611456,0,0,0,0
2025,149874,600.73,1,-0.12781189974696824,1,Logistic regression,20.00964702934978,0.695001175645202,20.00964702934978,0.64,-0.47455665950224857,1,1,1,0
2025,91075,17.35,0,-0.33884859071832724,1,Logistic regression,-3.0638653296294946,-1.0992588563854406,-3.0638653296294946,0.045,-0.4745583727960886,0,0,0,0
2025,191690,0.0,1,-0.1606789786668006,1,Logistic regression,25.80246129920109,1.511738202475882,25.80246129920109,0.885,-0.47455665950224807,1,1,1,0
2025,45732,1.0,1,-0.1778508868876325,1,Logistic regression,27.408132685037245,0.906101926657848,27.408132685037245,0.97,-0.47455665950224857,1,1,1,0
2025,38822,0.0,0,-0.566023032022505,0,Logistic regression,-2.2775724687465075,-0.8470899766360497,-2.2775724687465075,0.04,-0.4746697466831199,0,0,0,0
2025,249743,0.79,0,-0.2875751693868052,1,Logistic regression,-9.77714366801645,-1.6429731964816887,-9.77714366801645,0.02,-0.4745566601424651,0,0,0,0
2025,215132,723.21,1,0.017536669268139238,1,Logistic regression,34.29606923986009,0.602626035636865,34.29606923986009,0.505,-0.47455665950224857,1,1,0,0
2025,89292,13.57,0,-0.9825605078306788,0,Logistic regression,-9.13583157317364,-2.662075985651927,-9.13583157317364,0.03,-0.4745768937816613,0,0,0,0
2025,130989,1.0,0,-0.9954586864050052,0,Logistic regression,-5.34556584880965,-2.2018492332703206,-5.34556584880965,0.015,-0.47492543745617655,0,0,0,0
2025,223076,38.7,0,-0.9181300977877138,0,Logistic regression,0.28046609505054754,-1.266210103168997,0.28046609505054754,0.02,-0.4745568665391328,0,0,0,0
2025,29555,10.0,0,-1.0053238065555548,0,Logistic regression,-2.2692323661461344,-1.5512036185543492,-2.2692323661461344,0.0,-0.4745933263711432,0,0,0,0
2025,113883,4.49,0,-1.0186160598149945,0,Logistic regression,-9.337047008044078,-2.376330539309783,-9.337047008044078,0.0,-0.5109125062293494,0,0,0,0
2025,253075,1.29,0,-0.8390403137982925,0,Logistic regression,-8.055145237001287,-1.5429157383526828,-8.055145237001287,0.08,-0.4748448245918983,0,0,0,0
2025,252774,0.77,1,-0.07077152096111042,1,Logistic regression,31.485359645485772,0.14952419674615142,31.485359645485772,0.925,-0.4745566595022478,1,1,1,0
2025,76993,80.0,0,-0.9335446461065274,0,Logistic regression,-6.2303040081704975,-2.2535762535462807,-6.2303040081704975,0.0,-0.47565471732455433,0,0,0,0
2025,68468,9.0,0,-0.9957662101452186,0,Logistic regression,-10.676660475794101,-2.9188945189833904,-10.676660475794101,0.0,-0.47465148961868087,0,0,0,0
2025,70298,35.61,0,-0.9572523785596249,0,Logistic regression,-6.0085890998036255,-2.178893657000022,-6.0085890998036255,0.0,-0.47455667753659153,0,0,0,0
2025,227795,79.95,0,-1.0845136888217062,0,Logistic regression,-8.157724815503634,-2.2795868752309287,-8.157724815503634,0.005,-0.4748766283418033,0,0,0,0
2025,11710,1.0,1,-0.14469622024126005,1,Logistic regression,74.00493553872911,0.09333774277959127,74.00493553872911,0.78,-0.47455665950224857,1,1,1,0
2025,2182,80.0,0,-0.30005939702954443,1,Logistic regression,-0.8807963090167519,-0.2961476045932309,-0.8807963090167519,0.24,-0.47455665950224857,0,0,0,0
2025,42186,35.99,0,-0.9467461644178717,0,Logistic regression,-5.069107414359175,-1.6144239362567694,-5.069107414359175,0.235,-0.4745566595022486,0,0,0,0
2025,128076,1.0,0,-1.1119715886801007,0,Logistic regression,-3.404468729914675,-2.0839066338433794,-3.404468729914675,0.0,-0.4758545125392222,0,0,0,0
2025,145377,59.9,0,-0.2434783805212562,1,Logistic regression,-2.778765077144253,-1.3743997903585319,-2.778765077144253,0.045,-0.47455669514866344,0,0,0,0
2025,145971,50.05,0,-1.0769711993853353,0,Logistic regression,-6.1152904879603724,-2.55606639342309,-6.1152904879603724,0.0,-0.47569647987882563,0,0,0,0
2025,139438,12.1,0,-0.9203959238527673,0,Logistic regression,-6.697769593962252,-1.0718962999925532,-6.697769593962252,0.08,-0.47431934966807254,0,0,0,0
2025,138015,25.0,0,-0.9348311637060831,0,Logistic regression,-7.087921237402352,-2.5424247962830373,-7.087921237402352,0.0,-0.4745601926364653,0,0,0,0
2025,12116,11.85,0,-0.8929731750745911,0,Logistic regression,-8.293096986219307,-2.3147074226352613,-8.293096986219307,0.0,-0.5066803966777219,0,0,0,0
2025,248296,0.0,1,-0.20718496019870516,1,Logistic regression,25.630338427069546,0.937130669385407,25.630338427069546,0.985,-0.47455665950224857,1,1,1,0
2025,235000,20.76,0,-0.948549133541704,0,Logistic regression,-3.0538975646170528,-2.1106620526938924,-3.0538975646170528,0.01,-0.4745914921485988,0,0,0,0
2025,129511,199.0,0,-1.106980968031751,0,Logistic regression,-10.929759404118466,-2.4537950702370734,-10.929759404118466,0.07,-0.4749549044932087,0,0,0,0
2025,76555,153.46,1,-0.1596668416204778,1,Logistic regression,52.81695360547662,0.3519558530680776,52.81695360547662,0.8,-0.47455665950224857,1,1,1,0
2025,26649,147.72,0,-0.2804580721813343,1,Logistic regression,-2.1873880967669743,-1.5503519203374045,-2.1873880967669743,0.025,-0.4745566701013103,0,0,0,0
2025,131364,13.73,0,-1.028756336146233,0,Logistic regression,-8.929226030980178,-2.881496085112528,-8.929226030980178,0.01,-0.4745991890162375,0,0,0,0
2025,171775,9.12,0,-0.982536826770975,0,Logistic regression,-5.195282083805221,-2.521468230042257,-5.195282083805221,0.01,-0.5202837525359322,0,0,0,0
2025,37827,166.35,0,-0.9841944242077274,0,Logistic regression,-4.168475855170185,-1.9298500061095227,-4.168475855170185,0.0,-0.4745930170437805,0,0,0,0
2025,211368,1.98,0,-1.0634972412180947,0,Logistic regression,-8.479981007019363,-2.4239157189454827,-8.479981007019363,0.0,-0.49510283756840257,0,0,0,0
2025,55401,1.0,1,-1.0151396063977844,0,Logistic regression,-5.400395302964012,-2.346936792807708,-5.400395302964012,0.0,-0.4759430372501605,0,0,0,0
2025,106726,19.0,0,-0.9205558147291475,0,Logistic regression,-10.642235494590949,-2.010684241140149,-10.642235494590949,0.015,-0.4748456191170282,0,0,0,0
2025,4005,8.99,0,-0.7485551850797709,0,Logistic regression,-19.102156395925782,-2.270020048931344,-19.102156395925782,0.05,-0.4745566804523162,0,0,0,0
2025,42958,9.99,1,-0.18753327145907603,1,Logistic regression,67.11464180770488,0.42297874509960987,67.11464180770488,0.83,-0.47455665950224857,1,1,1,0
2025,54926,12.83,0,-0.7084204014762858,0,Logistic regression,-3.9751656755422236,-2.1132057374508033,-3.9751656755422236,0.095,-0.47455665950224857,0,0,0,0
2025,269278,56.4,0,-1.066746215603172,0,Logistic regression,-6.181865128953281,-2.472015142499008,-6.181865128953281,0.0,-0.4747048964397245,0,0,0,0
2025,215644,30.0,0,-0.8759777148420352,0,Logistic regression,-2.7686476815957053,-1.470468911370813,-2.7686476815957053,0.015,-0.47466641039860186,0,0,0,0
2025,38392,52.99,0,-1.0330462513455425,0,Logistic regression,-7.443098011819727,-2.6584802325240213,-7.443098011819727,0.0,-0.4746406253282061,0,0,0,0
2025,155801,2.12,0,-0.8494693059714103,0,Logistic regression,-10.291934911706491,-2.538848833742989,-10.291934911706491,0.0,-0.4802964477107313,0,0,0,0
2025,54565,27.54,0,-1.0310747443626025,0,Logistic regression,-8.348592326806436,-2.8215815284404373,-8.348592326806436,0.02,-0.474564738371416,0,0,0,0
2025,128053,0.89,0,-0.8784070808051712,0,Logistic regression,-9.79267054414506,-2.946466248863799,-9.79267054414506,0.085,-0.474556669224902,0,0,0,0
2025,111068,534.43,0,-0.20835677820569193,1,Logistic regression,-4.991128846447967,-2.084536970594484,-4.991128846447967,0.15,-0.47455671436743785,0,0,0,0
2025,269619,1.0,0,-0.9769692204355446,0,Logistic regression,-5.815924072254468,-2.504507253758832,-5.815924072254468,0.0,-0.495938970059554,0,0,0,0
2025,275627,5.73,0,-1.070621836512292,0,Logistic regression,-9.340312584385522,-2.66577110272119,-9.340312584385522,0.0,-0.4748815502895344,0,0,0,0
2025,174449,61.2,0,-1.0172836418452837,0,Logistic regression,-8.504808679048733,-2.6435228043289234,-8.504808679048733,0.02,-0.4745590451585878,0,0,0,0
2025,29495,61.55,0,-0.9942996955692043,0,Logistic regression,-6.577552984320402,-2.5113434447487064,-6.577552984320402,0.0,-0.5251847562422428,0,0,0,0
2025,117334,9.99,0,-0.9573098090352463,0,Logistic regression,-10.46401129829762,-1.9318679035695334,-10.46401129829762,0.175,-0.4746379388096535,0,0,0,0
2025,247449,21.9,0,-0.783209697030426,0,Logistic regression,-8.580765555021737,-0.7952335489760166,-8.580765555021737,0.405,-0.47455665950224857,0,0,0,0
2025,114556,31.03,0,-1.019284981560629,0,Logistic regression,-3.303359630972432,-2.379030242849919,-3.303359630972432,0.025,-0.48368751513844366,0,0,0,0
2025,34897,12.96,0,-1.0652073065961147,0,Logistic regression,-7.728548527302337,-2.0415815675181603,-7.728548527302337,0.0,-0.47498722287283157,0,0,0,0
2025,43773,172.32,1,-0.40344570392857526,1,Logistic regression,41.0108646944252,0.3786594818588865,41.0108646944252,0.635,-0.47455665950224857,1,1,1,0
2025,69395,35.0,0,-1.145751753238426,0,Logistic regression,-12.810003250863279,-2.5358739193671473,-12.810003250863279,0.0,-0.47518644799968496,0,0,0,0
2025,14900,275.2,0,-0.34359055412817097,1,Logistic regression,11.533085384520568,0.014481689803045603,11.533085384520568,0.19,-0.47455665950224857,1,1,0,0
2025,15451,99.99,1,0.017015319631737247,1,Logistic regression,34.719868741771165,0.9275692166884135,34.719868741771165,1.0,-0.44616812205405765,1,1,1,0
2025,30314,7.61,1,-0.3279249997099124,1,Logistic regression,52.65287958776652,0.3050027372157071,52.65287958776652,0.715,-0.47455665950224857,1,1,1,0
2025,109816,45.0,0,-1.1022900225825403,0,Logistic regression,-11.210157747209577,-2.6313270065218832,-11.210157747209577,0.015,-0.4767290240051469,0,0,0,0
2025,226272,9.59,0,-0.9043168828524243,0,Logistic regression,-6.471481561359626,-1.6749791729168635,-6.471481561359626,0.02,-0.47458218124841584,0,0,0,0
2025,214662,120.54,1,-0.045391044805960595,1,Logistic regression,32.98856804915355,1.1802645700215733,32.98856804915355,0.72,-0.4745566595022473,1,1,1,0
2025,8617,1.0,1,-0.4120910539718996,0,Logistic regression,28.208683491059027,0.2285289719502393,28.208683491059027,0.965,-0.47455665950224857,1,1,1,0
2025,101905,1.5,0,-0.598805707947668,0,Logistic regression,-1.5418270659859568,-1.4720670941215195,-1.5418270659859568,0.01,-0.475683758097357,0,0,0,0
2025,228047,15.17,0,-0.3468282022047653,1,Logistic regression,-11.844909923953729,-0.9556976368692834,-11.844909923953729,0.065,-0.4745566595473367,0,0,0,0
2025,222804,99.0,0,-0.918437767651732,0,Logistic regression,-5.783998303673208,-2.216031618528743,-5.783998303673208,0.01,-0.4745648580189149,0,0,0,0
2025,181784,0.89,0,-0.9827255944861244,0,Logistic regression,-6.835560831218505,-2.2538388680765573,-6.835560831218505,0.005,-0.47457175032934645,0,0,0,0
2025,166048,160.0,0,-0.7931039797072,0,Logistic regression,-1.7514236141195294,0.2530739512790002,-1.7514236141195294,0.175,-0.4745566595027925,1,0,0,0
2025,189992,20.7,0,-1.1767116052627955,0,Logistic regression,-7.247644127171594,-1.9270123356005824,-7.247644127171594,0.11,-0.4745582572223908,0,0,0,0
2025,65092,1.99,0,-0.8816379142571361,0,Logistic regression,-6.707465771515298,-2.1809847263344393,-6.707465771515298,0.0,-0.4747439230013007,0,0,0,0
2025,42528,340.11,1,-0.21487342848956364,1,Logistic regression,98.01855462239659,0.32920469602699465,98.01855462239659,0.645,-0.47455665950224857,1,1,1,0
2025,141061,29.99,0,-1.1562953729661558,0,Logistic regression,-12.44571169442239,-2.6404621606655487,-12.44571169442239,0.0,-0.4765890758466922,0,0,0,0
2025,16473,24.99,0,-1.0138757859967333,0,Logistic regression,-5.489680133165837,-2.157988301175501,-5.489680133165837,0.005,-0.47911529502684463,0,0,0,0
2025,100073,303.62,0,-0.3693240764335387,1,Logistic regression,-0.2543668391395544,-1.383881375853938,-0.2543668391395544,0.05,-0.47455691727327914,0,0,0,0
2025,90523,61.66,0,-0.9827168805964405,0,Logistic regression,-6.806898180357969,-2.3599812470665222,-6.806898180357969,0.015,-0.47459626191568705,0,0,0,0
2025,257031,572.84,0,-0.7846640136363311,0,Logistic regression,-4.407647392021052,0.48599351551347164,-4.407647392021052,0.17,-0.4745602593635765,1,0,0,0
2025,70141,112.45,1,-0.3428505302920679,1,Logistic regression,16.6293509854779,-0.013054446566392139,16.6293509854779,0.58,-0.4745566594987877,1,1,1,0
2025,242797,1.0,0,-1.0321689862330539,0,Logistic regression,-7.768987960926874,-2.247190064684209,-7.768987960926874,0.0,-0.4745598249599339,0,0,0,0
2025,257014,11.5,0,-1.1113081146291601,0,Logistic regression,-5.009686592571435,-2.2894840244673267,-5.009686592571435,0.005,-0.47658862371831395,0,0,0,0
2025,268405,18.8,0,-0.9983689782728488,0,Logistic regression,-6.906288381669013,-1.8436881588763017,-6.906288381669013,0.02,-0.47457241430215774,0,0,0,0
2025,15736,99.99,1,-0.08792770333316896,1,Logistic regression,25.02291020552135,0.7538696544685333,25.02291020552135,1.0,-0.4745566258800301,1,1,1,0
2025,76228,68.75,0,-1.0066049869722478,0,Logistic regression,-6.243205194306174,-1.8460492568841511,-6.243205194306174,0.0,-0.474572836118014,0,0,0,0
2025,19457,25.0,0,-0.4671030510184231,0,Logistic regression,1.5517522356312545,-1.2848518665709276,1.5517522356312545,0.025,-0.4745692242718648,0,0,0,0
2025,272800,8.99,0,-1.1320832798328175,0,Logistic regression,-9.243709904475297,-2.3181961726850906,-9.243709904475297,0.0,-0.5257920953502374,0,0,0,0
2025,152363,2.83,0,-0.957087520285555,0,Logistic regression,-6.192885730746014,-2.4967270083985325,-6.192885730746014,0.01,-0.4745566595022653,0,0,0,0
2025,211119,166.13,0,-0.5217570625666853,0,Logistic regression,-11.328883847683274,-3.0819980013553314,-11.328883847683274,0.03,-0.4745566596281636,0,0,0,0
2025,32809,34.9,0,-1.019066847665619,0,Logistic regression,-5.048888865591453,-2.061325575906676,-5.048888865591453,0.02,-0.47463496848074915,0,0,0,0
2025,223366,1.0,1,-0.25970719504005657,1,Logistic regression,25.521972184830208,0.7231419538745031,25.521972184830208,0.95,-0.4745566595022336,1,1,1,0
2025,108258,0.76,1,-0.939058073890334,0,Logistic regression,-8.884263697291479,-2.701459390949654,-8.884263697291479,0.0,-0.47456582307074113,0,0,0,0
2025,123141,254.76,1,-0.3043577596156626,1,Logistic regression,37.70921928223345,-0.07014086021717995,37.70921928223345,0.695,-0.47455665950224857,1,1,1,0
2025,124176,1.0,1,-1.1107324404457943,0,Logistic regression,-4.300345576746191,-2.4331794806686124,-4.300345576746191,0.145,-0.47455656693422077,0,0,0,0
2025,6971,1809.68,1,-0.27634799803120264,1,Logistic regression,24.147782604960728,-0.5131513729653884,24.147782604960728,0.635,-0.47455665950224857,0,1,1,0
2025,80280,108.0,0,-0.8861246541304172,0,Logistic regression,-5.824707403733564,-2.3935443493348734,-5.824707403733564,0.0,-0.47488414187033096,0,0,0,0
2025,32967,4.0,0,-1.1461596091015887,0,Logistic regression,-5.821197249100747,-2.478480968354204,-5.821197249100747,0.0,-0.47687803970289994,0,0,0,0
2025,12355,8.65,0,-1.12211944229868,0,Logistic regression,-6.159535067274066,-2.4901693728843695,-6.159535067274066,0.0,-0.4747381729487896,0,0,0,0
2025,15638,13.98,0,-0.2746093183976608,1,Logistic regression,2.097842273510042,-0.052682905668287525,2.097842273510042,0.45,-0.47455665950219234,1,0,0,0
2025,90906,57.96,0,-0.733001220169456,0,Logistic regression,-6.00042709686254,-2.4251315494481878,-6.00042709686254,0.035,-0.4745948079442947,0,0,0,0
2025,199211,5.48,0,-0.6469803056738866,0,Logistic regression,-1.755322291362253,-0.5070497635669476,-1.755322291362253,0.085,-0.47455666389693735,0,0,0,0
2025,212516,0.01,1,-0.13247980393867698,1,Logistic regression,29.94568351336423,0.611683701934724,29.94568351336423,0.595,-0.47455665950224235,1,1,1,0
2025,203324,1.0,1,-0.17704668014455072,1,Logistic regression,21.626216149227837,0.19356983503047603,21.626216149227837,0.565,-0.47455665950224857,1,1,1,0
2025,221148,0.0,0,-0.14128266693505687,1,Logistic regression,-4.045386431200955,-0.21276618661178753,-4.045386431200955,0.03,-0.4745566612036322,1,0,0,0
2025,11343,1.0,1,-0.19089356930446238,1,Logistic regression,75.72163843961222,0.09870923038856062,75.72163843961222,0.79,-0.47455665950224857,1,1,1,0
2025,118923,194.23,0,-1.1124644693055115,0,Logistic regression,-6.035994873834352,-2.4103045137983488,-6.035994873834352,0.0,-0.4794933225418306,0,0,0,0
2025,9413,20.86,0,-0.9378033796492997,0,Logistic regression,-6.183993419492022,-2.053058650688171,-6.183993419492022,0.02,-0.4745581663018913,0,0,0,0
2025,188563,1.0,0,-0.8347956102982469,0,Logistic regression,-9.499155659825538,-1.5538089615740551,-9.499155659825538,0.015,-0.47455665950224857,0,0,0,0
2025,106581,1.0,0,-1.0964262196503327,0,Logistic regression,-8.974406810002822,-2.6781825419675007,-8.974406810002822,0.0,-0.4745594617825384,0,0,0,0
2025,58176,45.0,0,-1.0048882752340373,0,Logistic regression,-6.311707811813834,-2.3623092778778423,-6.311707811813834,0.0,-0.4748985468514727,0,0,0,0
2025,154697,7.59,1,-0.20815128642813435,1,Logistic regression,47.785296076460504,0.18039625554974942,47.785296076460504,0.705,-0.47455665950224857,1,1,1,0
2025,17480,99.99,1,0.984860766152137,1,Logistic regression,5.865421316255552,0.9317240963616138,5.865421316255552,0.985,-0.13008311117964716,1,0,1,0
2025,46909,1.0,1,-0.18837262099634494,1,Logistic regression,65.10445225790723,0.31042380495186034,65.10445225790723,0.965,-0.47455665950224857,1,1,1,0
2025,204064,345.0,1,-0.30973819124059565,1,Logistic regression,17.123950709283566,1.2882487332247416,17.123950709283566,0.64,-0.4745566595022471,1,1,1,0
2025,266964,8.99,0,-0.9721824730908191,0,Logistic regression,-6.816668117046276,-2.2658159624244627,-6.816668117046276,0.025,-0.47982825455459466,0,0,0,0
2025,175963,12.6,0,-0.938017849248627,0,Logistic regression,-3.5784495552478033,-1.624473874185056,-3.5784495552478033,0.03,-0.4760850121128217,0,0,0,0
2025,186611,1.0,0,-1.0025983068758961,0,Logistic regression,-10.361101999987387,-1.6794971284490172,-10.361101999987387,0.01,-0.4746456000621709,0,0,0,0
2025,130958,29.56,0,-0.8428218210915522,0,Logistic regression,-2.739058279560886,-0.6926972386430429,-2.739058279560886,0.03,-0.4757917067369112,0,0,0,0
2025,74648,18.81,0,-1.0354038896647237,0,Logistic regression,-9.356493692498447,-2.7980520197135013,-9.356493692498447,0.015,-0.4747677009530244,0,0,0,0
2025,52521,105.99,1,-1.0773676855985774,0,Logistic regression,-6.8485411744902205,-2.746611613762318,-6.8485411744902205,0.01,-0.4746016054528549,0,0,0,0
2025,124689,23.58,0,-0.9317759269768359,0,Logistic regression,-11.850478579642246,-2.2881689255851105,-11.850478579642246,0.055,-0.474609150291206,0,0,0,0
2025,115849,4.65,0,-1.12456752518042,0,Logistic regression,-4.126192205530607,-2.2935007707515593,-4.126192205530607,0.0,-0.4747490921428364,0,0,0,0
2025,92777,294.9,1,-0.42870889597007905,0,Logistic regression,38.69318021083743,-0.030732161797627652,38.69318021083743,0.57,-0.47455665950224857,1,1,1,0
2025,1891,8.98,0,-1.1517511450729683,0,Logistic regression,-5.1211178546855365,-2.2034877773245727,-5.1211178546855365,0.005,-0.486569178682054,0,0,0,0
2025,238222,1.1,1,-0.18256653007870788,1,Logistic regression,45.43440898119966,0.0740056528323448,45.43440898119966,0.96,-0.47455665950224857,1,1,1,0
2025,191016,159.09,0,-1.078807958400585,0,Logistic regression,-5.5055526873005896,-2.365757353549557,-5.5055526873005896,0.0,-0.47708625917076897,0,0,0,0
2025,190584,17.99,0,-1.092931446634024,0,Logistic regression,-6.98676160426377,-2.6116098517125854,-6.98676160426377,0.0,-0.48277523104684106,0,0,0,0
2025,282556,14.99,0,-1.1123425215052487,0,Logistic regression,-7.4490960245303555,-2.5453295370850517,-7.4490960245303555,0.0,-0.48725681333960913,0,0,0,0
2025,87874,79.9,0,-1.055702328580049,0,Logistic regression,-9.834221289025898,-2.30701214797947,-9.834221289025898,0.0,-0.4771763423441092,0,0,0,0
2025,54018,11898.09,0,-0.0880758224547255,1,Logistic regression,-6.265462524308561,0.026344114647270336,-6.265462524308561,0.39,-0.47455665950224857,1,0,0,0
2025,81609,1389.56,1,-0.4136604109121409,0,Logistic regression,24.217558354037592,-0.45468253194870506,24.217558354037592,0.325,-0.47455665950224857,0,1,0,0
2025,29236,10.65,0,-0.9657260760390005,0,Logistic regression,-6.1072266690285595,-1.2938930469217746,-6.1072266690285595,0.015,-0.47526547466786073,0,0,0,0
2025,89190,1402.16,1,-0.21247842836393604,1,Logistic regression,33.80639228728403,-0.18502948805753078,33.80639228728403,0.625,-0.47455665950224857,1,1,1,0
2025,78018,19.49,0,-0.9583836558670564,0,Logistic regression,-9.274889351639782,-2.381085270881024,-9.274889351639782,0.0,-0.47456624589060253,0,0,0,0
2025,62062,498.59,0,-0.6010038927411426,0,Logistic regression,-5.961428169511453,-0.863730652479698,-5.961428169511453,0.06,-0.4745568654119085,0,0,0,0
2025,99962,66.07,0,-0.9145617440390085,0,Logistic regression,-0.7422234774501262,-2.0719925179384715,-0.7422234774501262,0.0,-0.4745570085250603,0,0,0,0
2025,247128,25.0,0,-1.027797351368542,0,Logistic regression,-6.8542916346972405,-2.2017940161150333,-6.8542916346972405,0.0,-0.4745845706858247,0,0,0,0
2025,240211,5.25,0,-1.0668915243252632,0,Logistic regression,-3.39425041588642,-2.0251318392709523,-3.39425041588642,0.025,-0.47546238185320105,0,0,0,0
2025,158792,626.01,0,-0.4031571158050057,1,Logistic regression,-3.247928492454201,-1.460613918369412,-3.247928492454201,0.35,-0.47455665950224857,0,0,0,0
2025,205800,102.7,0,-0.7864943030130577,0,Logistic regression,1.5709811229900028,-1.0472420218124858,1.5709811229900028,0.03,-0.47455720445968536,0,0,0,0
2025,17525,310.0,0,-1.0356657066044916,0,Logistic regression,-6.121172716682258,-2.372658957455246,-6.121172716682258,0.005,-0.47461661716333803,0,0,0,0
2025,80669,110.0,0,-1.0527991999587263,0,Logistic regression,-6.690825939964561,-2.361030171917453,-6.690825939964561,0.0,-0.4747137400697677,0,0,0,0
2025,87599,205.33,0,-0.6629691078783548,0,Logistic regression,-0.8372606347183518,-1.9329329497047985,-0.8372606347183518,0.005,-0.474698459603618,0,0,0,0
2025,131697,1.98,0,-1.143714434818682,0,Logistic regression,-7.340716315141426,-2.590938804178564,-7.340716315141426,0.0,-0.5532122274686002,0,0,0,0
2025,157918,635.1,1,-0.11636922766994984,1,Logistic regression,-2.1735181355571003,0.24348538616263676,-2.1735181355571003,0.27,-0.47455665950224857,1,0,0,0
2025,161698,1.98,0,-1.0163519163435728,0,Logistic regression,-4.691084231824569,-2.4748308826474608,-4.691084231824569,0.0,-0.4917446265456764,0,0,0,0
2025,47022,22.06,0,-1.100113525708698,0,Logistic regression,-4.089422144958217,-2.007908377960695,-4.089422144958217,0.01,-0.474556760158706,0,0,0,0
2025,235222,2.69,0,-1.1843792946888618,0,Logistic regression,-8.44258360624372,-2.632650074370507,-8.44258360624372,0.0,-0.5312343205325901,0,0,0,0
2025,38423,5.47,0,-0.7391481919146927,0,Logistic regression,-19.313974551868977,-1.7548400057181905,-19.313974551868977,0.575,-0.47455666534556296,0,0,1,0
2025,86514,55.0,0,-0.47229796418813397,0,Logistic regression,-13.897107055589537,-3.148892539157754,-13.897107055589537,0.08,-0.4745568780788581,0,0,0,0
2025,127121,9.99,0,-1.1281525245428667,0,Logistic regression,-7.547840257246405,-2.468163772104144,-7.547840257246405,0.0,-0.4820816356971121,0,0,0,0
2025,76684,20.99,0,-1.0262573072325047,0,Logistic regression,-8.18760876470737,-2.471989177990003,-8.18760876470737,0.035,-0.4746729144365498,0,0,0,0
2025,131272,0.2,1,-0.7349271254265275,0,Logistic regression,-3.7996228127867235,-2.039042194886018,-3.7996228127867235,0.02,-0.47455972600311186,0,0,0,0
2025,39977,67.99,0,-0.989911451059093,0,Logistic regression,-2.2383904759314808,-1.9375687927066894,-2.2383904759314808,0.02,-0.4775341471967817,0,0,0,0
2025,196857,500.0,0,-0.5846447177721101,0,Logistic regression,-9.089675567916158,-0.8558479482070805,-9.089675567916158,0.125,-0.47456205167651816,0,0,0,0
2025,146634,5.0,0,-0.6899592783526092,0,Logistic regression,-5.181415528704372,-1.2350169837395537,-5.181415528704372,0.035,-0.47461455258629237,0,0,0,0
2025,213711,74.95,0,-1.1215914337117225,0,Logistic regression,-7.930858065715835,-2.611132599318519,-7.930858065715835,0.0,-0.48133351965648535,0,0,0,0
2025,80526,75.97,0,-1.113430434769874,0,Logistic regression,-3.3040443767578487,-2.270848272344625,-3.3040443767578487,0.0,-0.47462156133913735,0,0,0,0
2025,171992,35.15,0,-1.2166468376979191,0,Logistic regression,-8.005308443589126,-2.4399406999761473,-8.005308443589126,0.0,-0.500221008217564,0,0,0,0
2025,140721,27.62,0,-0.9885754603661077,0,Logistic regression,-2.258984051798777,-1.6726397826241728,-2.258984051798777,0.01,-0.5430876526183073,0,0,0,0
2025,50980,0.12,0,-1.060344702948127,0,Logistic regression,-10.378662288007181,-2.606352656289504,-10.378662288007181,0.0,-0.48888254591317837,0,0,0,0
2025,236167,184.0,0,-0.8323247986642653,0,Logistic regression,-2.1456171355111726,-1.7489671137773906,-2.1456171355111726,0.005,-0.47746897080504075,0,0,0,0
2025,230372,18.14,0,-1.0459597979775797,0,Logistic regression,-8.798983519638277,-2.63696458569535,-8.798983519638277,0.0,-0.48319153969230977,0,0,0,0
2025,127179,83.5,0,-0.9880581317540155,0,Logistic regression,-10.936270785381936,-2.206251758493531,-10.936270785381936,0.015,-0.47531894215834314,0,0,0,0
2025,175577,38.52,0,-0.7351875856645895,0,Logistic regression,-8.300485106042423,-1.4974238772348185,-8.300485106042423,0.055,-0.4745673194282251,0,0,0,0
2025,14211,99.99,1,0.2937217214068113,1,Logistic regression,44.17904280693517,0.9345778191451598,44.17904280693517,0.765,-0.30953729951535647,1,1,1,0
2025,249741,69.85,0,-1.0131829954864053,0,Logistic regression,-5.465769691387883,-2.076665149999644,-5.465769691387883,0.105,-0.4747073886793969,0,0,0,0
2025,123349,0.76,0,-1.0235689822397798,0,Logistic regression,-6.798733551894783,-2.281810373714456,-6.798733551894783,0.0,-0.4756739787134651,0,0,0,0
2025,195108,202.94,0,-0.8321210369651824,0,Logistic regression,-7.762642714282261,-1.9687829751133856,-7.762642714282261,0.075,-0.474578363365158,0,0,0,0
2025,146790,829.41,1,-0.2512791973000495,1,Logistic regression,-2.909189228759911,-0.5096177189498826,-2.909189228759911,0.19,-0.47455665950224857,0,0,0,0
2025,137357,239.57,0,-1.0749031752337614,0,Logistic regression,-10.08636288445842,-2.230157216100186,-10.08636288445842,0.0,-0.4748945530857069,0,0,0,0
2025,262560,4.69,1,-0.21692070358272378,1,Logistic regression,42.03914891216391,0.49051360057482146,42.03914891216391,0.95,-0.4745566594747085,1,1,1,0
2025,94639,46.98,0,-0.9781870118940882,0,Logistic regression,-5.781538479425915,-2.2771575882433934,-5.781538479425915,0.025,-0.47467215537048124,0,0,0,0
2025,18459,154.9,0,-0.9860259883026304,0,Logistic regression,-5.121318883741054,-1.8761683814071821,-5.121318883741054,0.02,-0.4746971713209282,0,0,0,0
2025,103381,71.0,0,-1.0618104221661544,0,Logistic regression,-6.128644511815628,-2.3255852763395195,-6.128644511815628,0.0,-0.47490129698623024,0,0,0,0
2025,42945,0.76,1,-0.313531868028806,1,Logistic regression,67.50911578895405,0.618566060401596,67.50911578895405,0.815,-0.47455665950224857,1,1,1,0
2025,12786,9.44,0,-0.9665392516209791,0,Logistic regression,-3.65946128499003,-1.7477061775819545,-3.65946128499003,0.19,-0.4745566614181861,0,0,0,0
2025,52970,28.81,0,-0.9994343059521293,0,Logistic regression,-6.430214945149638,-1.957642913643931,-6.430214945149638,0.01,-0.47474113385625655,0,0,0,0
2025,48586,1697.42,0,-0.30682085712368207,1,Logistic regression,1.0250727411134788,-0.32909363893474564,1.0250727411134788,0.19,-0.47455665950224857,0,0,0,0
2025,160604,13.74,0,-1.1573591148209328,0,Logistic regression,-5.732526185075907,-2.415494643197081,-5.732526185075907,0.01,-0.4771185481694351,0,0,0,0
2025,224746,11.4,0,-1.1327596310501553,0,Logistic regression,-3.234119533118638,-1.762840081253752,-3.234119533118638,0.085,-0.4746690650477418,0,0,0,0
2025,32825,105.0,0,-0.7492140517756426,0,Logistic regression,-9.934303240714176,-2.2607769255602967,-9.934303240714176,0.035,-0.4745678074016003,0,0,0,0
2025,18597,45.0,0,-1.092738065991325,0,Logistic regression,-8.133167829023478,-2.668636770500675,-8.133167829023478,0.005,-0.4755856556065249,0,0,0,0
2025,143188,2.0,1,-0.0250420656007089,1,Logistic regression,20.612989206165405,0.10686154667779231,20.612989206165405,0.66,-0.4742080134913497,1,1,1,0
2025,47802,88.0,1,-0.17498901890107194,1,Logistic regression,26.312934553925697,-0.1718403031211676,26.312934553925697,0.685,-0.47455665950224857,1,1,1,0
2025,27627,18.96,1,-0.41847552544147903,0,Logistic regression,20.685921081178886,0.20087890867620312,20.685921081178886,0.695,-0.4745566592681597,1,1,1,0
2025,95313,45.0,0,-0.8975160980676847,0,Logistic regression,-5.4119246919353605,-1.4646136933650835,-5.4119246919353605,0.065,-0.4745683614328188,0,0,0,0
2025,203944,24.2,0,-0.9003380934483499,0,Logistic regression,-1.7357521643619567,-1.445186129781491,-1.7357521643619567,0.01,-0.47502972366665763,0,0,0,0
2025,37059,72.44,0,-1.166408100264801,0,Logistic regression,-10.608911533458734,-2.5178631455652285,-10.608911533458734,0.01,-0.4783136355772029,0,0,0,0
2025,196886,29.99,0,-1.0070241353302745,0,Logistic regression,-7.017404647776652,-1.900696516564568,-7.017404647776652,0.005,-0.47490045425994654,0,0,0,0
2025,58487,119.0,0,-0.9962401423413019,0,Logistic regression,-5.153545638674368,-2.083437389041541,-5.153545638674368,0.0,-0.47721496989586326,0,0,0,0
2025,156231,7.55,0,-0.6941880431564249,0,Logistic regression,-9.010400176224806,-2.3162646071266906,-9.010400176224806,0.005,-0.5249151791040728,0,0,0,0
2025,145619,1.9,0,-0.9486747324457931,0,Logistic regression,-9.799576865442647,-2.7325307814194106,-9.799576865442647,0.0,-0.474811382033927,0,0,0,0
2025,27254,1.0,0,-1.1691601448517015,0,Logistic regression,-6.3636550304197685,-2.2711808473057173,-6.3636550304197685,0.0,-0.49395502646227507,0,0,0,0
2025,195145,50.0,0,-1.1281014565792682,0,Logistic regression,-9.703012373621533,-2.5789648194973926,-9.703012373621533,0.0,-0.4752101304049367,0,0,0,0
2025,219025,4.49,1,-1.0234031597404623,0,Logistic regression,-3.045533785682959,-2.2419583983955933,-3.045533785682959,0.0,-0.47756466554993926,0,0,0,0
2025,183898,59.9,0,-1.0129604747932175,0,Logistic regression,-6.4414072595614424,-2.485041983348549,-6.4414072595614424,0.0,-0.4745997162109467,0,0,0,0
2025,59150,19.47,0,-1.167584156719353,0,Logistic regression,-10.911531490856476,-2.559062401804037,-10.911531490856476,0.015,-0.47673015089967097,0,0,0,0
2025,113285,1.98,0,-0.8361095527527069,0,Logistic regression,-9.514457443161657,-2.0571599079337126,-9.514457443161657,0.005,-0.4746709123527381,0,0,0,0
2025,63685,59.0,0,-0.7637068581182495,0,Logistic regression,-10.160125308584796,-2.885593222619737,-10.160125308584796,0.005,-0.4745619863064212,0,0,0,0
2025,83297,319.2,1,-0.3593241183013265,1,Logistic regression,-0.6392090833196109,-1.1589761252326896,-0.6392090833196109,0.45,-0.47455665950224857,0,0,0,0
2025,78253,14.2,0,-0.22671077470595669,1,Logistic regression,2.6457725967379035,-1.0527206738264008,2.6457725967379035,0.035,-0.4746342706316007,0,0,0,0
2025,128944,233.41,0,-0.9836247098747001,0,Logistic regression,-6.557524901400539,-1.9234095480293467,-6.557524901400539,0.155,-0.47456270807147644,0,0,0,0
2025,70035,124.62,0,-1.0820758666469068,0,Logistic regression,-11.579761777359746,-2.57500070566116,-11.579761777359746,0.0,-0.4753028814297694,0,0,0,0
2025,6294,12.94,0,-0.587329413709465,0,Logistic regression,-9.172968871388685,-2.3703045766797803,-9.172968871388685,0.01,-0.47455666162921073,0,0,0,0
2025,136723,41.88,0,-0.8157777470516562,0,Logistic regression,-10.770344140506758,-2.9801008792262964,-10.770344140506758,0.045,-0.47469903551004416,0,0,0,0
2025,222810,1.49,0,-0.6695165849738396,0,Logistic regression,-1.8805238488065452,-1.8796517140845372,-1.8805238488065452,0.005,-0.4745566597851855,0,0,0,0
2025,154286,0.92,1,-0.2825330951883477,1,Logistic regression,-22.239048827846165,0.02635521277492049,-22.239048827846165,0.58,-0.47455665950224857,1,0,1,0
2025,275307,14.0,0,-1.0220593574527357,0,Logistic regression,-5.679261967590902,-2.365059302287672,-5.679261967590902,0.025,-0.47455745543046735,0,0,0,0
2025,31217,69.22,0,-0.9277442283949809,0,Logistic regression,-3.217086549941711,-1.8045456294958084,-3.217086549941711,0.13,-0.47457181034883134,0,0,0,0
2025,192578,5.49,0,-0.6653285877579338,0,Logistic regression,-4.1281161505789585,-1.8557084723912451,-4.1281161505789585,0.045,-0.474560742723569,0,0,0,0
2025,12488,7.6,0,-0.5537071972643743,0,Logistic regression,-12.386307483780122,-1.5653218591681446,-12.386307483780122,0.0,-0.4745566665083455,0,0,0,0
2025,137199,0.99,0,-1.15896474874254,0,Logistic regression,-12.108054463241096,-2.898336174655987,-12.108054463241096,0.0,-0.47609180601046563,0,0,0,0
2025,38706,39.95,0,-1.036938458526445,0,Logistic regression,-11.534338116323013,-2.7581917577809394,-11.534338116323013,0.0,-0.4748378949408815,0,0,0,0
2025,163149,17.06,1,-0.305903715299574,1,Logistic regression,29.948307590190467,0.537253242510567,29.948307590190467,0.705,-0.47455487692144843,1,1,1,0
2025,264636,635.21,0,-0.5077673425856006,0,Logistic regression,-10.765777560294786,-0.510345253474198,-10.765777560294786,0.115,-0.47455665950224857,0,0,0,0
2025,21942,0.01,0,-1.15755266432734,0,Logistic regression,-6.132647231075264,-2.489019153550836,-6.132647231075264,0.0,-0.4745720483509979,0,0,0,0
2025,67179,50.0,0,-1.1720984603306435,0,Logistic regression,-6.230731057008452,-2.4429281632221356,-6.230731057008452,0.005,-0.47507958393781596,0,0,0,0
2025,186240,607.29,0,-0.26042105808909194,1,Logistic regression,-3.4276494122396777,-0.7572520450232697,-3.4276494122396777,0.265,-0.47455665950224857,0,0,0,0
2025,68254,150.0,0,-1.0622058210635021,0,Logistic regression,-9.67227082432894,-2.3739468188166652,-9.67227082432894,0.005,-0.4747187728831274,0,0,0,0
2025,93980,15.37,0,-1.1533583918155146,0,Logistic regression,-5.474298691646625,-2.2017671139677253,-5.474298691646625,0.0,-0.47516322746141,0,0,0,0
2025,62452,27.31,0,-0.8400491637270969,0,Logistic regression,-9.08396845889946,0.04053847705364706,-9.08396845889946,0.04,-0.47456899858409224,1,0,0,0
2025,96789,101.5,1,-0.2888558764595801,1,Logistic regression,16.111033297718024,-0.7549497938767037,16.111033297718024,0.73,-0.47455665950224857,0,1,1,0
2025,199477,9.6,0,-0.9433703223875438,0,Logistic regression,-3.703029298257567,-1.8859233035293164,-3.703029298257567,0.015,-0.47483058826243896,0,0,0,0
2025,256373,321.78,0,-0.9019624312151006,0,Logistic regression,-6.681998981400475,-1.347990256379279,-6.681998981400475,0.265,-0.4745566596550144,0,0,0,0
2025,104598,9.99,0,-0.9993642132812331,0,Logistic regression,-4.349059804644937,-1.8992529945627075,-4.349059804644937,0.0,-0.48517559080710526,0,0,0,0
2025,242679,66.52,0,-0.941768473413223,0,Logistic regression,-6.297349106101872,-2.1689626068012577,-6.297349106101872,0.025,-0.474626341053718,0,0,0,0
2025,80976,0.8,0,-1.114563803084035,0,Logistic regression,-9.205083748781728,-2.265204055859525,-9.205083748781728,0.015,-0.4756254692262106,0,0,0,0
2025,9014,125.26,0,-0.434429972286429,0,Logistic regression,3.377839690030764,-1.1953224439979868,3.377839690030764,0.315,-0.47455666061125407,0,0,0,0
2025,228745,115.47,0,-1.0953323109166428,0,Logistic regression,-9.3504597711497,-2.382980192181887,-9.3504597711497,0.005,-0.47511121419136043,0,0,0,0
2025,283681,174.98,0,-1.0210094325665326,0,Logistic regression,-7.056825289185183,-2.3429520916041318,-7.056825289185183,0.0,-0.474556664484551,0,0,0,0
2025,263274,0.77,1,-0.10117528753972804,1,Logistic regression,38.92711521011968,0.5202080405117658,38.92711521011968,0.965,-0.4745566595022333,1,1,1,0
2025,80723,346.23,0,-0.4986296937511422,0,Logistic regression,-1.3045349133763757,-1.0127730576211595,-1.3045349133763757,0.35,-0.47455670322413845,0,0,0,0
2025,111793,110.0,0,-0.9172589608542026,0,Logistic regression,-3.290450725104521,-2.1383206707307236,-3.290450725104521,0.105,-0.47455737097519246,0,0,0,0
2025,105018,0.89,0,-1.1376975393267332,0,Logistic regression,-7.475680671407461,-2.6155994837211383,-7.475680671407461,0.0,-0.544235421823629,0,0,0,0
2025,193374,15.94,0,-1.0578205233121816,0,Logistic regression,-8.344062243783407,-2.5080572935475134,-8.344062243783407,0.005,-0.4746465442346928,0,0,0,0
2025,158232,1.0,0,-0.9206131925385589,0,Logistic regression,-9.419104194367407,-2.2612223944959595,-9.419104194367407,0.0,-0.4745907232241889,0,0,0,0
2025,19250,25.35,0,-0.699968792970525,0,Logistic regression,-3.2829927436942548,-1.9792758756213749,-3.2829927436942548,0.12,-0.47455665959810406,0,0,0,0
2025,261056,45.51,1,-0.39446233317415413,1,Logistic regression,12.57290148320666,-1.0221355760689468,12.57290148320666,0.685,-0.4745566595022485,0,1,1,0
2025,260339,200.0,0,-0.4913032054136025,0,Logistic regression,-9.658011372468792,-1.8308448317639687,-9.658011372468792,0.005,-0.4745568783650458,0,0,0,0
2025,206930,34.38,0,-0.8943856773640236,0,Logistic regression,-3.6255660914779657,-1.5508510136227658,-3.6255660914779657,0.29,-0.47545477687245613,0,0,0,0
2025,103377,2.9,0,-1.0927555971941185,0,Logistic regression,-6.209597251448914,-2.4357752697565482,-6.209597251448914,0.0,-0.47635032660388016,0,0,0,0
2025,82076,37.87,0,-1.125063653419887,0,Logistic regression,-9.130683530033451,-2.617555316874694,-9.130683530033451,0.0,-0.47866967972478963,0,0,0,0
2025,190368,175.9,1,-0.010721584890234837,1,Logistic regression,27.314969697358222,0.4760929240103549,27.314969697358222,0.98,-0.4745566593954382,1,1,1,0
2025,234705,0.0,1,-0.31321489583958956,1,Logistic regression,18.109564401572996,0.9714111194729133,18.109564401572996,0.875,-0.47455665950224857,1,1,1,0
2025,175828,309.98,0,-0.5705456671731803,0,Logistic regression,-2.940184394508548,0.055360111663657355,-2.940184394508548,0.23,-0.4745566595389868,1,0,0,0
2025,102444,1.0,1,-0.08866290130618029,1,Logistic regression,69.8962897970179,0.02634407234238514,69.8962897970179,0.935,-0.47455665950224857,1,1,1,0
2025,110419,10.52,0,-1.0513212729312844,0,Logistic regression,-4.362708417785507,-2.1814591333468956,-4.362708417785507,0.0,-0.4782999834227305,0,0,0,0
2025,274193,14.95,0,-1.0617906411619868,0,Logistic regression,-5.8483536034485,-2.3813377991605433,-5.8483536034485,0.015,-0.4757817519927662,0,0,0,0
2025,100399,4.0,0,-0.9737050899480901,0,Logistic regression,2.015885836126034,-0.8750017313171722,2.015885836126034,0.03,-0.4889165200562203,0,0,0,0
2025,212592,150.0,0,-0.7575295144582547,0,Logistic regression,0.27046892168372416,-1.4528401200259706,0.27046892168372416,0.08,-0.47460112705548535,0,0,0,0
2025,268815,421.21,0,-0.9205950979548768,0,Logistic regression,-12.407378382890336,-2.857840431268044,-12.407378382890336,0.0,-0.47455665950224857,0,0,0,0
2025,15204,99.99,1,0.5774280861999372,1,Logistic regression,38.597824609757524,0.993628395655966,38.597824609757524,0.925,-0.12357405641023028,1,1,1,0
2025,186153,237.42,0,-0.689611796055828,0,Logistic regression,-2.8909792010225166,-1.556235462904005,-2.8909792010225166,0.0,-0.474556903811462,0,0,0,0
2025,25475,2.58,0,-1.1397447843214514,0,Logistic regression,-10.67645468452759,-2.5981353971558407,-10.67645468452759,0.0,-0.49175356591297814,0,0,0,0
2025,108842,19.99,0,-1.0674242673591516,0,Logistic regression,-9.580485185095842,-2.699015758714112,-9.580485185095842,0.0,-0.4745922267075202,0,0,0,0
2025,196021,1.54,0,-0.40878332577179055,0,Logistic regression,-24.858571567910005,-0.8701929113024568,-24.858571567910005,0.34,-0.47455665950224857,0,0,0,0
2025,44556,1.0,1,-0.25603602810709536,1,Logistic regression,40.36572789197953,0.03522804118434404,40.36572789197953,0.82,-0.47455665950224857,1,1,1,0
2025,167566,19.8,0,-0.6744571231902053,0,Logistic regression,3.305928359183702,-0.47242071824609416,3.305928359183702,0.17,-0.47455665950501646,0,0,0,0
2025,28327,213.5,0,-0.5531630414266857,0,Logistic regression,0.7648481420116999,-1.6615906045913134,0.7648481420116999,0.06,-0.4745900040188629,0,0,0,0
2025,15566,99.99,1,-0.03863114159382469,1,Logistic regression,26.962494021783357,0.761753107713137,26.962494021783357,1.0,-0.4745564277868308,1,1,1,0
2025,263356,1.0,0,-0.7401154333912036,0,Logistic regression,-2.453178400446003,-0.8571593326928298,-2.453178400446003,0.15,-0.4745566641780354,0,0,0,0
2025,282167,10.0,0,-0.930246978198351,0,Logistic regression,-7.946223438738902,-2.038135041909306,-7.946223438738902,0.005,-0.4748080432473673,0,0,0,0
2025,202981,9.99,0,-1.0972558151855158,0,Logistic regression,-7.2550930349663725,-2.3242879164164405,-7.2550930349663725,0.02,-0.47485501405670416,0,0,0,0
2025,12070,1.0,1,-0.11631773529180525,1,Logistic regression,68.86969054734192,0.08217930599692304,68.86969054734192,0.76,-0.47455665950224857,1,1,1,0
2025,51864,2407.72,0,-0.2530947888977129,1,Logistic regression,-6.565557191788337,-0.09379505902439547,-6.565557191788337,0.2,-0.47455665950224857,1,0,0,0
2025,180214,96.53,0,-1.0094640145321878,0,Logistic regression,-5.125916199285786,-1.70540828568127,-5.125916199285786,0.0,-0.47467975296179316,0,0,0,0
2025,156797,14.9,0,-0.9336019255053584,0,Logistic regression,-5.44422951170682,-1.8998533706504555,-5.44422951170682,0.125,-0.47455666456571727,0,0,0,0
2025,61690,32.5,0,-0.6598591771746989,0,Logistic regression,-0.07735689565369253,-1.7211601781337675,-0.07735689565369253,0.025,-0.4746772348624463,0,0,0,0
2025,216140,6.25,0,-1.0120485875945597,0,Logistic regression,-7.942513672367987,-2.5354412733290426,-7.942513672367987,0.0,-0.47833184526437034,0,0,0,0
2025,157091,0.89,0,-1.118861367405395,0,Logistic regression,-8.493886158341173,-2.4332004093212705,-8.493886158341173,0.0,-0.48246837620554645,0,0,0,0
2025,99358,45.87,0,-0.721603229486642,0,Logistic regression,-9.180536929765154,-1.9637726630422483,-9.180536929765154,0.01,-0.4745566826690515,0,0,0,0
2025,53879,223.0,0,-0.762712484930221,0,Logistic regression,-1.1721670883115474,-0.849121670116406,-1.1721670883115474,0.19,-0.474556675198576,0,0,0,0
2025,84310,193.64,0,-0.565958703413198,0,Logistic regression,-8.288753687043224,-2.282044417757458,-8.288753687043224,0.035,-0.4745566595039519,0,0,0,0
2025,263735,9.99,0,-1.112315117792038,0,Logistic regression,-6.898395051477296,-2.7229453440780036,-6.898395051477296,0.005,-0.4764393331790662,0,0,0,0
2025,174613,10.0,0,-1.098323358381139,0,Logistic regression,-6.933984637624395,-2.062285415195979,-6.933984637624395,0.01,-0.4745625090353927,0,0,0,0
2025,161549,395.0,0,-0.24633892186818707,1,Logistic regression,1.7206210550649788,-0.7824730720825376,1.7206210550649788,0.23,-0.4745566798247861,0,0,0,0
2025,164074,9.99,0,-1.1431399719763298,0,Logistic regression,-7.550059777030203,-2.710187758467094,-7.550059777030203,0.02,-0.49553714353320666,0,0,0,0
2025,245120,2.31,0,-0.7827254550395071,0,Logistic regression,-14.992817197637574,-2.4556563023353837,-14.992817197637574,0.0,-0.47455666001912744,0,0,0,0
2025,162780,34.32,0,-1.014102850243162,0,Logistic regression,-7.432344194313663,-1.948638842456119,-7.432344194313663,0.0,-0.4749462510204917,0,0,0,0
2025,204079,108.51,1,-1.1552469072048477,0,Logistic regression,-6.562929218384465,-2.33994616382616,-6.562929218384465,0.0,-0.47498666661253525,0,0,0,0
2025,75816,39.0,0,-0.9617718012283236,0,Logistic regression,-6.17191694545636,-2.156539708153873,-6.17191694545636,0.0,-0.4755383717082262,0,0,0,0
2025,283650,2.58,0,-0.9678608816833069,0,Logistic regression,-5.090056415102844,-2.0860338023081324,-5.090056415102844,0.01,-0.48995049951927366,0,0,0,0
2025,152295,9.82,1,-0.30412532273907344,1,Logistic regression,67.71657636412993,0.21999330103159964,67.71657636412993,0.855,-0.47455665950224857,1,1,1,0
2025,29687,0.76,1,-0.6861002179617237,0,Logistic regression,-3.9464625411539176,-1.9914892325925928,-3.9464625411539176,0.06,-0.4745566598471122,0,0,0,0
2025,167380,12.99,0,-1.117769593751372,0,Logistic regression,-6.284539006529059,-2.489117077836462,-6.284539006529059,0.005,-0.4747318239701674,0,0,0,0
2025,35820,101.62,0,-1.1458175276749842,0,Logistic regression,-3.649029166557631,-2.253861291544953,-3.649029166557631,0.025,-0.4745613311711731,0,0,0,0
2025,215385,702.83,0,-0.3505255904479387,1,Logistic regression,-0.9907137303401887,-1.4307894422528369,-0.9907137303401887,0.175,-0.47455665950941206,0,0,0,0
2025,150678,30.31,1,-0.23531306220076337,1,Logistic regression,74.96462756120386,0.5801914818136212,74.96462756120386,0.9,-0.47455665950224857,1,1,1,0
2025,42674,1.52,1,-0.26833716332227303,1,Logistic regression,85.16946876822112,0.16521664934780045,85.16946876822112,0.895,-0.47455665950224857,1,1,1,0
2025,276071,19.95,1,-1.1012361852494144,0,Logistic regression,-2.1879279099810485,-1.8542418881352036,-2.1879279099810485,0.0,-0.47500568135583704,0,0,0,0
2025,218231,0.12,0,-0.9513866578472926,0,Logistic regression,-6.926203090888176,-2.0758876619308486,-6.926203090888176,0.0,-0.47455665950309767,0,0,0,0
2025,234210,81.8,0,-1.0013137601263256,0,Logistic regression,-6.579530092110243,-2.3348789427738756,-6.579530092110243,0.01,-0.47457657754705884,0,0,0,0
2025,73857,0.83,1,-0.4507106742658702,0,Logistic regression,61.10273431139207,0.38024756030757084,61.10273431139207,0.96,-0.47455665950224857,1,1,1,0
2025,189775,139.0,0,-0.8973306497203221,0,Logistic regression,-7.514988842734046,-2.4531905303321393,-7.514988842734046,0.085,-0.4745566766371657,0,0,0,0
2025,191836,31.86,0,-0.8276370567598563,0,Logistic regression,-4.141968012328698,-1.7440625950180086,-4.141968012328698,0.01,-0.4746810439028302,0,0,0,0
2025,139839,250.0,0,-0.9993897734340483,0,Logistic regression,-5.951189283554793,-2.404589078628578,-5.951189283554793,0.0,-0.4750078873218489,0,0,0,0
2025,14784,61.0,0,-0.9843391946292256,0,Logistic regression,-2.51984356084009,-1.9016116127661364,-2.51984356084009,0.0,-0.5282359901675518,0,0,0,0
2025,186661,5.9,0,-1.1077270754917183,0,Logistic regression,-10.473269417616098,-2.6349931187700415,-10.473269417616098,0.0,-0.4746162477226975,0,0,0,0
2025,154571,0.0,0,-1.0438674207572243,0,Logistic regression,-5.490667137057074,-2.078892096301721,-5.490667137057074,0.005,-0.47456917097195667,0,0,0,0
2025,140121,13.79,0,-0.6831702673519005,0,Logistic regression,-2.203867480660629,-1.7733422223261082,-2.203867480660629,0.06,-0.47503648338953885,0,0,0,0
2025,228707,0.69,0,-1.1737482592819481,0,Logistic regression,-2.85467763171438,-1.9527767420602933,-2.85467763171438,0.025,-0.4780311380713086,0,0,0,0
2025,120928,110.0,0,-1.210046220342318,0,Logistic regression,-8.164432636654206,-2.7313950387652985,-8.164432636654206,0.0,-0.47455722753006746,0,0,0,0
2025,162823,4.4,0,-0.7362629455811441,0,Logistic regression,-6.277476052720282,-1.3821283861605727,-6.277476052720282,0.015,-0.47455665950224857,0,0,0,0
2025,47567,596.39,0,-0.36091713470413356,1,Logistic regression,-3.4093219049995787,-1.0134904639853906,-3.4093219049995787,0.19,-0.5200227844595774,0,0,0,0
2025,100896,6.45,0,-1.0769926076222847,0,Logistic regression,-9.207062420156884,-2.2061512342758807,-9.207062420156884,0.0,-0.5108334064006559,0,0,0,0
2025,126756,88.79,0,-0.9590101649218488,0,Logistic regression,-12.015580068156577,-2.581041873781875,-12.015580068156577,0.01,-0.4748129978707225,0,0,0,0
2025,268162,339.8,0,-0.5658529852956989,0,Logistic regression,-6.461885727759955,-2.707954075314526,-6.461885727759955,0.03,-0.47455688819527964,0,0,0,0
2025,42784,45.49,1,-0.18911950616968837,1,Logistic regression,73.77211832361424,0.27454172499782237,73.77211832361424,0.785,-0.47455665950224857,1,1,1,0
2025,73889,38.2,0,-1.121939289787528,0,Logistic regression,-8.32350834030837,-2.2806776280884167,-8.32350834030837,0.015,-0.48590868545490395,0,0,0,0
2025,204503,84.28,1,-0.33260422369902787,1,Logistic regression,27.612400184114584,0.09257145267304707,27.612400184114584,0.65,-0.474556656404357,1,1,1,0
2025,152930,4.06,0,-0.9832300373408318,0,Logistic regression,-2.119317071563024,-1.7426948765185317,-2.119317071563024,0.04,-0.47456089066149265,0,0,0,0
2025,91671,290.18,1,-0.7257100978126654,0,Logistic regression,-9.508728008624352,-1.0748100274524601,-9.508728008624352,0.07,-0.4745567547307465,0,0,0,0
2025,95780,116.87,0,-0.7763496127254025,0,Logistic regression,2.5789440638565067,-0.42812853426800407,2.5789440638565067,0.18,-0.4745569237207691,0,0,0,0
2025,269703,29.59,0,-1.074518087334611,0,Logistic regression,-9.185737181674675,-2.543809996967215,-9.185737181674675,0.005,-0.4804872792422941,0,0,0,0
2025,75061,4.39,0,-1.1997973103265878,0,Logistic regression,-10.999896500553735,-2.8232092426683506,-10.999896500553735,0.0,-0.47470683958849597,0,0,0,0
2025,84600,130.99,0,-1.094413696055805,0,Logistic regression,-5.4095354830757145,-2.295458807929527,-5.4095354830757145,0.01,-0.47508927992766586,0,0,0,0
2025,1902,79.0,0,-0.20003896226019652,1,Logistic regression,-2.327790000104296,-1.148665074633998,-2.327790000104296,0.085,-0.474556659518778,0,0,0,0
2025,38084,28.0,0,-0.8844869908563804,0,Logistic regression,-4.944154024975068,-0.6512595857360165,-4.944154024975068,0.025,-0.4747095021555937,0,0,0,0
2025,151011,1.0,1,0.014755205372506769,1,Logistic regression,74.99714850831494,0.7783582477423252,74.99714850831494,0.905,-0.47455665950224857,1,1,1,0
2025,153835,1.0,1,-0.2030328842108093,1,Logistic regression,62.96340924187879,0.17090671664419144,62.96340924187879,0.815,-0.47455665950224857,1,1,1,0
2025,143731,240.77,1,-0.1905303545622042,1,Logistic regression,44.20942555087871,1.0767380978757544,44.20942555087871,0.92,-0.4745566595022477,1,1,1,0
2025,56248,235.75,0,-0.9643018479429336,0,Logistic regression,-2.8190239055654587,-1.0746188043418483,-2.8190239055654587,0.225,-0.47455727907525996,0,0,0,0
2025,283484,11.93,0,-0.9334030454360123,0,Logistic regression,-11.552501059785623,-2.352550911731101,-11.552501059785623,0.0,-0.47524031251029775,0,0,0,0
2025,281144,245.0,1,0.10418477838247098,1,Logistic regression,21.61125016933869,0.14573152892074243,21.61125016933869,0.67,-0.4745566595022086,1,1,1,0
2025,146531,1.0,0,-0.6809798356798854,0,Logistic regression,-11.702475060034665,-1.342071902553597,-11.702475060034665,0.11,-0.4745576133849164,0,0,0,0
2025,54384,119.6,0,-1.1103198177464058,0,Logistic regression,-10.703316413353516,-2.5875194699323467,-10.703316413353516,0.0,-0.4745629685096816,0,0,0,0
2025,238771,4.49,0,-1.0696270210619936,0,Logistic regression,-9.220970273399551,-2.648145124026077,-9.220970273399551,0.0,-0.48789814527895814,0,0,0,0
2025,271428,0.77,0,-0.8136737756359196,0,Logistic regression,-14.697318317070508,-2.9449742719129413,-14.697318317070508,0.035,-0.47455690935779005,0,0,0,0
2025,137793,1.98,0,-0.8606640263946358,0,Logistic regression,-13.539430555308137,-2.897152661017775,-13.539430555308137,0.09,-0.4761601673718166,0,0,0,0
2025,171861,176.0,0,-0.9885544510656574,0,Logistic regression,-3.7413535805185036,-1.8768652815320719,-3.7413535805185036,0.025,-0.4749134946560515,0,0,0,0
2025,265156,296.0,0,-0.9383914424621457,0,Logistic regression,-6.885930312622781,-1.904491223666656,-6.885930312622781,0.0,-0.47455766946575895,0,0,0,0
2025,99565,20.0,0,-0.5287619658863224,0,Logistic regression,-2.4957041018666097,-1.2040088591555893,-2.4957041018666097,0.12,-0.47455665950224857,0,0,0,0
2025,19347,16.98,0,-0.807503159357273,0,Logistic regression,-4.3473713720845835,-1.806794240890567,-4.3473713720845835,0.005,-0.4750582726788869,0,0,0,0
2025,84525,64.45,0,-1.0569692085740443,0,Logistic regression,-9.169297047127483,-2.561104230458617,-9.169297047127483,0.0,-0.4997786044066532,0,0,0,0
2025,66399,507.25,0,-0.48828358584582165,0,Logistic regression,-2.883540650664078,-1.8343123399098955,-2.883540650664078,0.06,-0.4745567104258145,0,0,0,0
2025,241728,1.98,0,-1.0215508496843175,0,Logistic regression,-8.281173209931126,-2.1710831465720597,-8.281173209931126,0.01,-0.47455677231028964,0,0,0,0
2025,261077,43.67,0,-1.0842986670332526,0,Logistic regression,-5.420922254356272,-1.6474718217309237,-5.420922254356272,0.105,-0.4745582215027574,0,0,0,0
2025,8312,1.0,1,-0.33887993490042695,1,Logistic regression,26.83290376637616,1.0709222992406955,26.83290376637616,0.58,-0.4745566591685235,1,1,1,0
2025,123238,1.0,1,-0.8169253242666067,0,Logistic regression,-2.2444974651870964,-0.3035611196232137,-2.2444974651870964,0.375,-0.4557845038627356,0,0,0,0
2025,253630,34.9,0,-1.0454901099652116,0,Logistic regression,-1.2893826139090696,-1.8172197959273477,-1.2893826139090696,0.045,-0.4745566864853148,0,0,0,0
2025,80760,113.92,1,-0.2766342943231481,1,Logistic regression,34.46827726214593,0.99611582758895,34.46827726214593,0.64,-0.47455665950224857,1,1,1,0
2025,78114,5.0,0,-1.1462011837631891,0,Logistic regression,-6.012162706927821,-2.2810169409786942,-6.012162706927821,0.015,-0.4746208678523285,0,0,0,0
2025,78276,12.75,0,-1.139437012470899,0,Logistic regression,-7.275053978694192,-2.598173688489811,-7.275053978694192,0.0,-0.47833898952635,0,0,0,0
2025,95534,31.91,1,-1.0676661227377047,0,Logistic regression,-4.739597378381601,-2.3284641743733543,-4.739597378381601,0.02,-0.47455925016751965,0,0,0,0
2025,133577,240.8,0,-0.09887508330193218,1,Logistic regression,-2.4161776254579257,-0.713594643045801,-2.4161776254579257,0.135,-0.4745580666117186,0,0,0,0
2025,171437,54.0,0,-1.1605086583174293,0,Logistic regression,-5.2777955258740885,-1.7908053023231743,-5.2777955258740885,0.07,-0.5344768897447457,0,0,0,0
2025,52221,6.26,0,-1.1018998638738062,0,Logistic regression,-8.134402800507619,-2.3386203233132496,-8.134402800507619,0.0,-0.4763233773349535,0,0,0,0
2025,225758,1.0,0,-0.6733192599265262,0,Logistic regression,-8.824083069980766,-0.8629807442892882,-8.824083069980766,0.325,-0.47455665950224857,0,0,0,0
2025,135378,51.0,0,-1.0034592414324743,0,Logistic regression,-2.9824962664806542,-1.8915588036665438,-2.9824962664806542,0.0,-0.47579547931578425,0,0,0,0
2025,61193,13.0,0,-0.719642893097293,0,Logistic regression,2.12936113951931,-1.569634748240829,2.12936113951931,0.01,-0.47455742719956134,0,0,0,0
2025,28078,139.46,0,-0.7682139072150975,0,Logistic regression,-1.9255450391558506,-1.19019653780581,-1.9255450391558506,0.35,-0.4745566785157061,0,0,0,0
2025,2546,1.0,0,-0.7163484966418312,0,Logistic regression,-9.749084047224377,-1.9457940270890024,-9.749084047224377,0.005,-0.4745841484992555,0,0,0,0
2025,129925,21.3,0,-0.6211644809656395,0,Logistic regression,-14.863572873087325,-2.1641733806081573,-14.863572873087325,0.03,-0.47455665950224857,0,0,0,0
2025,94218,720.38,1,-0.31248896347655153,1,Logistic regression,24.089353327138834,-0.28166790401667025,24.089353327138834,0.42,-0.47455665950224857,0,1,0,0
2025,62038,1.0,0,-1.084200973040741,0,Logistic regression,-7.415588701257232,-2.5903322858941573,-7.415588701257232,0.0,-0.47656883079215584,0,0,0,0
2025,5804,95.48,0,-0.9380356567195458,0,Logistic regression,-7.0312977141743636,-1.837755593920975,-7.0312977141743636,0.1,-0.47459237637702006,0,0,0,0
2025,6334,1.0,1,-0.02324406838328366,1,Logistic regression,39.7464369531593,0.682320057007118,39.7464369531593,0.605,-0.4745381171820547,1,1,1,0
2025,141259,512.25,1,-0.16101632677761024,1,Logistic regression,63.0989077286505,0.20338151681372973,63.0989077286505,0.55,-0.47455665950224857,1,1,0,0
2025,108708,426.4,1,-0.21399392626064015,1,Logistic regression,32.621605238499896,1.7945769341232234,32.621605238499896,0.53,-0.47455665950224846,1,1,0,0
2025,208113,309.06,0,-0.5355024629637404,0,Logistic regression,1.029740826921838,0.08630153281643256,1.029740826921838,0.17,-0.47455665950224857,1,0,0,0
2025,159870,45.0,0,-1.0365717763636493,0,Logistic regression,-9.064338773788812,-2.708969372535136,-9.064338773788812,0.005,-0.476862066053672,0,0,0,0
2025,51519,204.0,0,-1.015862266625409,0,Logistic regression,-10.100511020885401,-2.768472868173034,-10.100511020885401,0.0,-0.47462366279991,0,0,0,0
2025,159521,60.0,0,-1.0104117391876,0,Logistic regression,-5.6936955392186395,-2.369496368778427,-5.6936955392186395,0.0,-0.47563005790097773,0,0,0,0
2025,142405,12.31,1,-0.26915816771522116,1,Logistic regression,60.200660222312194,0.4856332589727917,60.200660222312194,0.97,-0.47455665950224857,1,1,1,0
2025,26880,19.0,0,-1.0990416018605214,0,Logistic regression,-7.2657520305010435,-2.2044245830803773,-7.2657520305010435,0.0,-0.4764672550647895,0,0,0,0
2025,128940,68.28,0,-1.0252479027788906,0,Logistic regression,-10.40083963263772,-2.75058737176247,-10.40083963263772,0.0,-0.4761560512704919,0,0,0,0
2025,172876,273.29,0,-0.9450432009955606,0,Logistic regression,-4.263008764019932,-1.8062474881687072,-4.263008764019932,0.01,-0.4746475993352697,0,0,0,0
2025,164808,6.66,0,-1.0600845827655443,0,Logistic regression,-7.186024058829769,-2.379141215608297,-7.186024058829769,0.0,-0.4765901105466722,0,0,0,0
2025,229603,3.78,0,-1.05665247573948,0,Logistic regression,-7.514219810618321,-2.262571049243731,-7.514219810618321,0.005,-0.4748986741509906,0,0,0,0
2025,129990,1.29,0,-1.153197160819143,0,Logistic regression,-10.013972656299575,-2.6114640786827694,-10.013972656299575,0.0,-0.47525204756911693,0,0,0,0
2025,154952,9.98,0,-1.126809774346333,0,Logistic regression,-6.270000382688499,-2.2749159456511547,-6.270000382688499,0.0,-0.47455802499577143,0,0,0,0
2025,187393,11.96,0,-0.5282560394700944,0,Logistic regression,-9.851515550341801,-2.0836215863993157,-9.851515550341801,0.055,-0.47455671657035914,0,0,0,0
2025,144103,24.71,0,-0.9510431352384684,0,Logistic regression,-2.9339474334004443,-2.044174236055766,-2.9339474334004443,0.035,-0.4745567200057321,0,0,0,0
2025,22514,86.1,0,-0.5604730860642748,0,Logistic regression,-1.1700734236674144,-1.3255949847630566,-1.1700734236674144,0.105,-0.47455680691880714,0,0,0,0
2025,124036,129.0,1,-1.057208923610983,0,Logistic regression,-4.763356050105044,-1.8018773257398637,-4.763356050105044,0.035,-0.4746515569831382,0,0,0,0
2025,44515,0.01,0,-1.0527762659374673,0,Logistic regression,-7.851911623609892,-2.824180542932413,-7.851911623609892,0.0,-0.4745965259756981,0,0,0,0
2025,76252,12.95,0,-1.1478863250527422,0,Logistic regression,-6.573937968022707,-2.5289328282257584,-6.573937968022707,0.015,-0.4787362994635578,0,0,0,0
2025,248146,110.9,0,-1.0146523793535458,0,Logistic regression,-1.5729172690660151,-1.9165196901677737,-1.5729172690660151,0.005,-0.47455667576169663,0,0,0,0
2025,27738,125.3,1,-0.4122997952816929,0,Logistic regression,31.204324759827472,-0.14527098509905118,31.204324759827472,0.59,-0.47455665950224857,1,1,1,0
2025,12216,33.5,0,-1.0291323627490314,0,Logistic regression,-8.73256001089641,-2.1919597080368396,-8.73256001089641,0.005,-0.47455742232146325,0,0,0,0
2025,77348,0.01,1,-0.25115776170026527,1,Logistic regression,26.917991643167575,0.48892283202308034,26.917991643167575,0.57,-0.4745566335028907,1,1,1,0
2025,48094,24.9,1,-0.40028825126905265,1,Logistic regression,20.866515075323655,0.3816390113593409,20.866515075323655,0.56,-0.4745544677866225,1,1,1,0
2025,257007,14.95,0,-0.778566199074881,0,Logistic regression,-8.57892505574951,-2.2289598115710945,-8.57892505574951,0.02,-0.47455668577028887,0,0,0,0
2025,283851,1.0,0,-1.0174201833378413,0,Logistic regression,-9.007984814662581,-2.493788962270197,-9.007984814662581,0.025,-0.5252599326689457,0,0,0,0
2025,248946,0.89,0,-1.0719424556306745,0,Logistic regression,-4.399295039977113,-2.369376651244294,-4.399295039977113,0.0,-0.49530018838011225,0,0,0,0
2025,272216,1.79,0,-0.9623488742509692,0,Logistic regression,-4.5515140493773725,-2.13524917261119,-4.5515140493773725,0.0,-0.5014874184301003,0,0,0,0
2025,1479,0.85,0,-0.9592355376303514,0,Logistic regression,-9.202717884616526,-2.825852784087602,-9.202717884616526,0.0,-0.477634754262902,0,0,0,0
2025,179262,1.0,0,-0.924789466772862,0,Logistic regression,-1.8728732550092646,-1.306748991231946,-1.8728732550092646,0.035,-0.475947182812611,0,0,0,0
2025,240291,20.16,0,-0.5490203828749673,0,Logistic regression,-16.280634162334973,-2.054737920777345,-16.280634162334973,0.035,-0.47456287217327564,0,0,0,0
2025,6704,4.38,0,-1.1580295714619964,0,Logistic regression,-7.278044434448453,-1.9987420234685969,-7.278044434448453,0.06,-0.4745574732461518,0,0,0,0
2025,158529,57.8,0,-1.063183414130323,0,Logistic regression,-0.9643238388141175,-1.3230577703073818,-0.9643238388141175,0.265,-0.4745566595046165,0,0,0,0
2025,158417,2.36,0,-0.5693522974660379,0,Logistic regression,-12.32152610348653,-2.258053126171996,-12.32152610348653,0.015,-0.47455665950226755,0,0,0,0
2025,134417,30.0,0,-1.105734878873185,0,Logistic regression,-9.782919607030955,-2.5026051088483863,-9.782919607030955,0.015,-0.47731190335838714,0,0,0,0
2025,11708,55.95,0,-1.2103733103244294,0,Logistic regression,-8.566456501269839,-2.38271676233311,-8.566456501269839,0.0,-0.47455939303157846,0,0,0,0
2025,258403,296.0,1,-0.20020304542280662,1,Logistic regression,14.011644901588461,1.024218467905933,14.011644901588461,0.6,-0.47455665950224857,1,1,1,0
2025,87922,427.41,0,-0.15673142077979288,1,Logistic regression,-3.8382728108721915,-3.0732370609155018,-3.8382728108721915,0.155,-0.4745567845799292,0,0,0,0
2025,206763,267.79,0,-0.7695430309831383,0,Logistic regression,-3.143466747533952,-1.9457601409996448,-3.143466747533952,0.06,-0.47456320110315037,0,0,0,0
2025,4526,2.0,0,-0.997027391531628,0,Logistic regression,-6.548110591379993,-2.1091081848038273,-6.548110591379993,0.005,-0.47455665981796263,0,0,0,0
2025,261656,6.28,0,-1.0769912450606913,0,Logistic regression,-6.418118462513702,-2.3058900534653644,-6.418118462513702,0.0,-0.48647984997430455,0,0,0,0
2025,116599,17.99,0,-0.6436647525624346,0,Logistic regression,-23.044891609516526,-1.2058868183867122,-23.044891609516526,0.605,-0.4745566721696704,0,0,1,0
2025,215953,0.77,1,-0.17085036168759857,1,Logistic regression,6.224790054875274,0.39883833950250486,6.224790054875274,0.195,-0.4745566595022487,1,0,0,0
2025,104581,500.0,0,-0.5090350753069148,0,Logistic regression,-7.722250129847824,-1.1647140322372271,-7.722250129847824,0.09,-0.47455671160075885,0,0,0,0
2025,196915,9.81,0,-0.4799048372634289,0,Logistic regression,-10.641589466156386,-0.7639943701540565,-10.641589466156386,0.36,-0.47455665950262715,0,0,0,0
2025,134756,17.99,0,-0.7575640908268986,0,Logistic regression,-1.7836857183004686,-1.763761073574254,-1.7836857183004686,0.08,-0.47455819456527826,0,0,0,0
2025,134391,1.98,0,-1.0363187314357238,0,Logistic regression,-9.942205237574342,-2.901547914815457,-9.942205237574342,0.0,-0.4804623738462331,0,0,0,0
2025,93728,49.55,0,-0.49410172702923055,0,Logistic regression,2.9258762342574993,-1.4643647836933686,2.9258762342574993,0.05,-0.4745578963872982,0,0,0,0
2025,14843,11.99,0,-1.1623155095076352,0,Logistic regression,-10.671660973646642,-2.685026336228641,-10.671660973646642,0.0,-0.4862513892227588,0,0,0,0
2025,35929,1.0,0,-1.090238534416068,0,Logistic regression,-9.929561555377314,-2.4121273197977215,-9.929561555377314,0.0,-0.49085004883556893,0,0,0,0
2025,174964,39.0,0,-0.7614711167148569,0,Logistic regression,-9.403634357406915,-2.633536918433424,-9.403634357406915,0.045,-0.47455665950225384,0,0,0,0
2025,274382,0.0,1,-0.6414389012276591,0,Logistic regression,4.470676662819996,0.28849472523402314,4.470676662819996,0.255,-0.47455665950224857,1,0,0,0
2025,159133,8.98,0,-1.107557636372372,0,Logistic regression,-7.059252481938981,-2.6583089412579897,-7.059252481938981,0.02,-0.48321756635542173,0,0,0,0
2025,19148,1.54,0,-0.8363057546042327,0,Logistic regression,-10.558720359424294,-2.30134752719096,-10.558720359424294,0.08,-0.4745566824750346,0,0,0,0
2025,181264,8.99,0,-1.1932582074604563,0,Logistic regression,-8.664151402785256,-2.690990561058933,-8.664151402785256,0.0,-0.48685846564169305,0,0,0,0
2025,196234,27.53,0,-1.1069626741228042,0,Logistic regression,-7.931772037521637,-2.583924362551639,-7.931772037521637,0.0,-0.4759658012788697,0,0,0,0
2025,255858,50.0,0,0.0003514740644270098,1,Logistic regression,-2.4065749835147097,-0.7955526898710915,-2.4065749835147097,0.05,-0.47455666371472466,0,0,0,0
2025,117208,4.0,0,-0.8283953810162124,0,Logistic regression,-3.5367270858624105,-1.3949627806203102,-3.5367270858624105,0.015,-0.47693437653256177,0,0,0,0
2025,43204,106.55,1,-0.16083991626449826,1,Logistic regression,58.57855482393988,0.1669078518373357,58.57855482393988,0.815,-0.47455665950224857,1,1,1,0
2025,171862,8.99,0,-1.100168045587404,0,Logistic regression,-6.87966811388345,-2.6426133912880667,-6.87966811388345,0.02,-0.48322031796529175,0,0,0,0
2025,150752,36.0,0,-1.1313269997258555,0,Logistic regression,-3.4024555652642277,-2.0674963457094604,-3.4024555652642277,0.005,-0.4747423884178347,0,0,0,0
2025,158176,11.34,0,-0.7358123189151351,0,Logistic regression,-2.481229713403685,-1.7189960255464412,-2.481229713403685,0.035,-0.4745604592626749,0,0,0,0
2025,102717,78.26,0,-0.882843815317729,0,Logistic regression,-9.483510810869387,-2.967818057479774,-9.483510810869387,0.05,-0.4745665000910774,0,0,0,0
2025,182094,66.1,0,-0.8908431046248478,0,Logistic regression,0.2128060280430013,-1.640159950986031,0.2128060280430013,0.005,-0.4745990033723959,0,0,0,0
2025,39015,42.95,0,-1.004201025605962,0,Logistic regression,-2.9945113333977686,-2.0712463170564126,-2.9945113333977686,0.0,-0.4745631596678532,0,0,0,0
2025,73324,34.6,0,-1.0440226953816794,0,Logistic regression,-9.198335721373532,-2.2932284469877517,-9.198335721373532,0.0,-0.47554601352873727,0,0,0,0
2025,278396,12.99,0,-0.9131511698891263,0,Logistic regression,-6.118825031595003,-2.280355672113699,-6.118825031595003,0.03,-0.47473259267089957,0,0,0,0
2025,249239,1096.99,1,-0.600618939117381,0,Logistic regression,-1.9932844859617314,-0.5235190589727051,-1.9932844859617314,0.18,-0.4745566595025872,0,0,0,0
2025,276703,284.8,0,-0.7252829693242069,0,Logistic regression,-5.428649570104482,-1.6990112997976565,-5.428649570104482,0.24,-0.474958977444182,0,0,0,0
2025,7958,39.0,0,-0.9960066546007149,0,Logistic regression,-5.291698619997122,-2.1559021343910425,-5.291698619997122,0.005,-0.47457206178474887,0,0,0,0
2025,201067,0.99,0,-1.1213873933494278,0,Logistic regression,-7.141048995298614,-2.747607580733617,-7.141048995298614,0.005,-0.47662564894715986,0,0,0,0
2025,284030,1.99,0,-0.9989234505456625,0,Logistic regression,-9.623193048253462,-2.3695594010053282,-9.623193048253462,0.0,-0.47456359518844865,0,0,0,0
2025,230116,86.87,0,-1.109836272500078,0,Logistic regression,-6.563585960549127,-2.447043412272378,-6.563585960549127,0.0,-0.4745888550120419,0,0,0,0
2025,8845,30.39,1,-0.2818575192791962,1,Logistic regression,48.34505224062912,0.1106912806060409,48.34505224062912,0.88,-0.47455665950224857,1,1,1,0
2025,58910,15.0,0,-1.0085628783965217,0,Logistic regression,-8.829773131328677,-2.362907438856472,-8.829773131328677,0.0,-0.5185088434952422,0,0,0,0
2025,156180,14.81,0,-0.9485743976969173,0,Logistic regression,-2.8011541921706935,-1.8465236959263764,-2.8011541921706935,0.065,-0.47455690452910076,0,0,0,0
2025,18620,90.0,0,-1.1191826570736836,0,Logistic regression,-4.631678476439952,-2.4517832530260675,-4.631678476439952,0.0,-0.4961912658828722,0,0,0,0
2025,176212,1.0,0,-0.3884980291908483,1,Logistic regression,0.002565168557345565,0.2841912013803532,0.002565168557345565,0.03,-0.4746436404954024,1,0,0,0
2025,106639,20.97,0,-1.1095979256713349,0,Logistic regression,-6.666949890189069,-2.32256137571735,-6.666949890189069,0.005,-0.47456435612258213,0,0,0,0
2025,122626,6.99,0,-1.1036227145532358,0,Logistic regression,-5.873624681553888,-2.226635830398801,-5.873624681553888,0.005,-0.48410319224027065,0,0,0,0
2025,153343,49.0,0,-0.986064382053632,0,Logistic regression,-5.855057761255622,-2.356219050093787,-5.855057761255622,0.015,-0.474556913664014,0,0,0,0
2025,191544,80.9,1,-0.3178526095266142,1,Logistic regression,26.86725332146991,0.7517749176729477,26.86725332146991,0.94,-0.47455665875158665,1,1,1,0
2025,265313,82.2,0,-0.7598228336997923,0,Logistic regression,-3.4274123777435204,-1.4147063532529058,-3.4274123777435204,0.135,-0.4746234269219449,0,0,0,0
2025,217118,81.1,0,-0.941532761201992,0,Logistic regression,-7.313399351396939,-2.512631258098321,-7.313399351396939,0.01,-0.4745574468382712,0,0,0,0
2025,25635,159.0,0,-0.8812637329689484,0,Logistic regression,-6.9264043491273934,-2.078845758816512,-6.9264043491273934,0.0,-0.475051487628053,0,0,0,0
2025,100967,138.87,0,-1.0380172069195819,0,Logistic regression,-5.591668206987376,-2.3856562809356854,-5.591668206987376,0.005,-0.47500389631332396,0,0,0,0
2025,176084,76.0,0,-1.2027865808155433,0,Logistic regression,-6.015342165692038,-2.149365722184041,-6.015342165692038,0.0,-0.47472077940672586,0,0,0,0
2025,84133,105.42,0,-1.1369368669746454,0,Logistic regression,-6.0277265599779275,-2.4050098576261787,-6.0277265599779275,0.0,-0.47506958465665333,0,0,0,0
2026,164308,65.59,0,-0.5193221083460786,0,RBF-SVM,-0.9938385902799115,-0.9938385902799115,-3.012091425549218,0.005,-0.46169064837182433,0,0,0,0
2026,48683,0.77,0,-0.14928373640177603,1,RBF-SVM,-0.4301000598596785,-0.4301000598596785,-1.6600705243401874,0.05,0.020788910883701245,0,0,0,1
2026,30398,9.13,1,0.2244937715584242,1,RBF-SVM,0.9506253486357771,0.9506253486357771,10.290408948918287,1.0,0.06893358229514447,1,1,1,1
2026,250336,42.81,0,-0.7343195007373539,0,RBF-SVM,-0.9969688544404035,-0.9969688544404035,-1.2960393646108437,0.005,-0.746975780052896,0,0,0,0
2026,138821,29.77,0,-1.0323629933498637,0,RBF-SVM,-1.123049575364619,-1.123049575364619,-2.0355828164006318,0.0,-0.5451783450986962,0,0,0,0
2026,17695,17.99,0,-0.9300276490743303,0,RBF-SVM,-1.1275354263786759,-1.1275354263786759,-2.381540441045469,0.0,-1.0504536426278526,0,0,0,0
2026,57876,0.99,0,-0.9383092833874692,0,RBF-SVM,-1.0213120447600144,-1.0213120447600144,-2.098027628593287,0.015,-0.9664555111192572,0,0,0,0
2026,231599,36.8,0,-0.9485610224731077,0,RBF-SVM,-1.1505370867375362,-1.1505370867375362,-2.2704660141121695,0.0,-1.1144421833992852,0,0,0,0
2026,38980,75.75,0,-1.0179132326614748,0,RBF-SVM,-1.0701601170189763,-1.0701601170189763,-1.3492195009084726,0.0,-1.005749400612968,0,0,0,0
2026,163755,1.98,0,-0.870144189334821,0,RBF-SVM,-0.9838234262479103,-0.9838234262479103,-2.1999443275711443,0.0,-0.8416676782555748,0,0,0,0
2026,39372,3.6,0,-1.0225323117411917,0,RBF-SVM,-1.114498437492712,-1.114498437492712,-1.7050837319065602,0.0,-0.6815605461198189,0,0,0,0
2026,58229,12.31,0,-0.8566191537859038,0,RBF-SVM,-1.074679061476722,-1.074679061476722,-1.3639117319015568,0.0,-0.9146509316998528,0,0,0,0
2026,234574,0.0,1,0.25627097394537374,1,RBF-SVM,1.2473851636251068,1.2473851636251068,6.348930472515256,0.975,0.1160460483341926,1,1,1,1
2026,112650,13.24,0,-0.756696259422102,0,RBF-SVM,-1.1021529465652344,-1.1021529465652344,-1.6931290648209152,0.005,-0.5088563951791774,0,0,0,0
2026,280987,29.17,0,-0.5918961504309426,0,RBF-SVM,-0.8784404461980774,-0.8784404461980774,-1.2504110709001313,0.01,-0.10871780590205052,0,0,0,0
2026,28971,359.0,0,-0.5783412743720794,0,RBF-SVM,-1.0182799999246672,-1.0182799999246672,-2.8941446339956425,0.01,-0.34299845290915515,0,0,0,0
2026,205657,66.8,0,-1.0401416130692718,0,RBF-SVM,-1.1497021582567948,-1.1497021582567948,-1.8175407452196235,0.0,-1.0189543778257824,0,0,0,0
2026,36175,47.98,0,-0.5511228248467683,0,RBF-SVM,-0.9510647900220922,-0.9510647900220922,-2.23565783243049,0.15,-0.6350085473612825,0,0,0,0
2026,10497,3.79,1,-0.3715384102084469,0,RBF-SVM,-0.9774532180535086,-0.9774532180535086,-2.812255419888184,0.005,-0.16543367115661284,0,0,0,0
2026,84114,14.79,0,-0.5053276836441672,0,RBF-SVM,-0.7777561346262819,-0.7777561346262819,-1.2522413771767151,0.0,0.020686089201824534,0,0,0,1
2026,201154,28.34,0,-0.5988894195901315,0,RBF-SVM,-0.893143649155597,-0.893143649155597,-1.2409549997279954,0.0,-0.2391315706787039,0,0,0,0
2026,187658,35.85,0,-0.7971926648718808,0,RBF-SVM,-0.911232232792427,-0.911232232792427,-0.8369129849480591,0.01,-0.8443514605388154,0,0,0,0
2026,100654,2.07,0,-0.1491518601919566,1,RBF-SVM,-0.7084172011250013,-0.7084172011250013,-1.331048366580683,0.06,-0.4889022039597562,0,0,0,0
2026,89281,57.03,0,-0.7583088740007834,0,RBF-SVM,-0.8873754553361745,-0.8873754553361745,-0.8185604362650449,0.0,-0.3572899692077197,0,0,0,0
2026,8007,15.95,0,-0.30394397460466793,0,RBF-SVM,-0.7408286840757669,-0.7408286840757669,-2.2613642985367517,0.17,-0.2681174380379895,0,0,0,0
2026,124176,1.0,1,-0.6346094900728595,0,RBF-SVM,-0.946093278020291,-0.946093278020291,-1.7245207938548301,0.0,0.0797536101078769,0,0,0,1
2026,79503,1.98,0,-0.8319170343593224,0,RBF-SVM,-1.1269712166926062,-1.1269712166926062,-2.1085504533596247,0.0,-1.2543294704865724,0,0,0,0
2026,140851,277.0,0,-0.9987051730080836,0,RBF-SVM,-0.9775764526725147,-0.9775764526725147,-1.0320111114068535,0.02,-0.7956423922461122,0,0,0,0
2026,150662,316.06,1,0.07758691655542302,1,RBF-SVM,0.520504383683527,0.520504383683527,19.429577453092993,0.99,0.06895430033885323,1,1,1,1
2026,154530,470.6,0,-0.27877240409383536,0,RBF-SVM,-0.7672224869765069,-0.7672224869765069,-3.373644562806338,0.01,-0.21731320672725613,0,0,0,0
2026,47821,1.0,0,-0.9774437213018496,0,RBF-SVM,-1.0943059080815574,-1.0943059080815574,-1.6529305782683774,0.0,-1.0332163968276968,0,0,0,0
2026,90704,1.46,0,-0.5478775937585606,0,RBF-SVM,-0.8336542507685806,-0.8336542507685806,-1.5565943339163897,0.15,-0.08419313602314535,0,0,0,0
2026,68996,8.54,0,-0.7806937497671244,0,RBF-SVM,-0.9738649455446825,-0.9738649455446825,-1.339901760616499,0.0,-0.392731403529741,0,0,0,0
2026,116502,40.19,0,-0.7721175605299009,0,RBF-SVM,-1.1137250345105216,-1.1137250345105216,-1.9293050481589478,0.0,-0.6397624187462023,0,0,0,0
2026,82248,8.99,0,-0.8542951843417463,0,RBF-SVM,-1.068694809717289,-1.068694809717289,-1.9735192498633363,0.005,-0.8037685437795763,0,0,0,0
2026,101767,1.0,0,-0.6362349558074869,0,RBF-SVM,-1.0440526544012605,-1.0440526544012605,-1.8665657250394552,0.045,-0.020681488680456286,0,0,0,0
2026,123946,15.0,0,-1.0336243787739976,0,RBF-SVM,-1.1161261624290657,-1.1161261624290657,-1.652817079843006,0.0,-0.9831836794866045,0,0,0,0
2026,135338,19.99,0,-0.2824337600779386,0,RBF-SVM,-0.8667861870489045,-0.8667861870489045,-1.7839594462634643,0.055,-0.10620946123044564,0,0,0,0
2026,230579,1.0,0,-0.4657544402507537,0,RBF-SVM,-0.5451565924132273,-0.5451565924132273,-2.2382127035602464,0.11,-0.11143899750157257,0,0,0,0
2026,219252,26.41,0,-0.9493025406778047,0,RBF-SVM,-1.1876292884595672,-1.1876292884595672,-2.1263979749704043,0.0,-0.4490370841685826,0,0,0,0
2026,141944,1.0,0,-1.0680588487172118,0,RBF-SVM,-1.0781491870996458,-1.0781491870996458,-1.5595627486012846,0.025,-0.48951814188894366,0,0,0,0
2026,79417,57.97,0,-1.0052830967113913,0,RBF-SVM,-0.9522946265395157,-0.9522946265395157,-0.9741774217116982,0.0,-0.38543049137401036,0,0,0,0
2026,186980,18.0,0,-0.2301547347632814,0,RBF-SVM,-0.6599163118643502,-0.6599163118643502,-2.141653114448801,0.01,-0.30180892608960813,0,0,0,0
2026,97855,8.98,0,-0.9432269167963764,0,RBF-SVM,-1.0993508223408162,-1.0993508223408162,-1.675822682633731,0.01,-1.1488149822984217,0,0,0,0
2026,33108,192.4,0,-0.9213305230932007,0,RBF-SVM,-0.9241875517105743,-0.9241875517105743,-0.9385910912666848,0.005,-0.7796703932381921,0,0,0,0
2026,172652,44.87,0,-0.6630644720233123,0,RBF-SVM,-1.0428239099262786,-1.0428239099262786,-2.538585937119409,0.0,-0.6426970523675068,0,0,0,0
2026,263348,2.69,0,-0.6129891949914056,0,RBF-SVM,-1.0786098693431652,-1.0786098693431652,-2.151256519805445,0.005,-0.8576266895620366,0,0,0,0
2026,93486,0.0,1,-0.533103721528966,0,RBF-SVM,-0.7681152898243758,-0.7681152898243758,-0.48177755439602166,0.015,-0.00771660320825214,0,0,0,0
2026,198660,4.26,0,-0.7856868722578779,0,RBF-SVM,-1.0854954052439596,-1.0854954052439596,-2.477888851215584,0.0,-0.8600956399006532,0,0,0,0
2026,171610,1.79,0,-1.0231538808468865,0,RBF-SVM,-1.1709833972655903,-1.1709833972655903,-2.348679839882762,0.0,-1.1050934313854135,0,0,0,0
2026,65960,1.98,0,-0.7192818325030221,0,RBF-SVM,-1.1443349203432378,-1.1443349203432378,-2.0896161800529827,0.0,-0.8283955087932102,0,0,0,0
2026,255779,1.98,0,-0.98016264119211,0,RBF-SVM,-1.0616340198970997,-1.0616340198970997,-1.5404520387117968,0.225,-0.8538480715963706,0,0,0,0
2026,79695,10.0,0,-0.479723844149259,0,RBF-SVM,-0.831165137611405,-0.831165137611405,-1.3741482257828843,0.035,-0.46499746613402376,0,0,0,0
2026,267525,20.94,0,-0.823668379660652,0,RBF-SVM,-1.0243441891959413,-1.0243441891959413,-1.19145245596019,0.02,-0.6130356126512753,0,0,0,0
2026,15566,99.99,1,0.06500382775395748,1,RBF-SVM,0.6293570204665151,0.6293570204665151,11.925862596184913,0.72,0.14873412998312785,1,1,1,1
2026,132578,0.99,0,-0.9371861207725013,0,RBF-SVM,-1.1349092206837659,-1.1349092206837659,-2.176116537002057,0.0,-1.0803636432648995,0,0,0,0
2026,23422,717.15,1,0.5223273507220154,1,RBF-SVM,0.9535027166726181,0.9535027166726181,4.100381708573414,0.73,0.2919426171494155,1,1,1,1
2026,96234,8.39,0,-0.8664510400181415,0,RBF-SVM,-1.0737980651157133,-1.0737980651157133,-2.205640528907629,0.0,-0.9378082040357838,0,0,0,0
2026,204312,55.91,0,-0.9311386612145462,0,RBF-SVM,-1.145440267219326,-1.145440267219326,-2.2046932543200333,0.005,-1.1057772996125066,0,0,0,0
2026,41097,1.0,0,-0.6638767100711923,0,RBF-SVM,-0.9572959192244407,-0.9572959192244407,-1.0794332884878544,0.04,-0.8368341481074397,0,0,0,0
2026,134907,192.67,0,-1.0458261098611537,0,RBF-SVM,-1.0919374680112677,-1.0919374680112677,-1.8924117199759616,0.0,-1.0335476689835652,0,0,0,0
2026,272669,112.14,0,-0.6388733692264642,0,RBF-SVM,-0.8284613971672844,-0.8284613971672844,-1.01067458786572,0.05,-0.3927454700962971,0,0,0,0
2026,91552,4.26,0,-0.5274469006212733,0,RBF-SVM,-0.9810440814751503,-0.9810440814751503,-2.566728983053652,0.0,-0.7413939305409654,0,0,0,0
2026,188692,49.91,0,-0.5022032575583583,0,RBF-SVM,-0.7372754480291756,-0.7372754480291756,-1.3700218838739038,0.005,0.062868025127411,0,0,0,1
2026,200225,23.78,0,-0.7238122534717435,0,RBF-SVM,-0.9834614774020344,-0.9834614774020344,-1.052116343807207,0.085,-0.9775843522474061,0,0,0,0
2026,267145,29.0,0,-0.9431555921240472,0,RBF-SVM,-1.149518288541913,-1.149518288541913,-1.9165956787202072,0.0,-0.9713770734230187,0,0,0,0
2026,254877,163.0,0,-1.0341270992156695,0,RBF-SVM,-1.1412424468908307,-1.1412424468908307,-1.8441604893050638,0.0,-0.6812264106620114,0,0,0,0
2026,235616,0.76,1,0.13816323381660067,1,RBF-SVM,1.0968288102255008,1.0968288102255008,7.269925333197542,0.93,0.09802150226659448,1,1,1,1
2026,21787,1.0,0,-0.7691247683729,0,RBF-SVM,-1.0669089249273478,-1.0669089249273478,-2.261889646723514,0.0,-0.5103041871836653,0,0,0,0
2026,117157,29.57,0,-0.9298024179527116,0,RBF-SVM,-1.076718527005799,-1.076718527005799,-1.6004925118958955,0.0,-1.0618596512656324,0,0,0,0
2026,91450,144.0,0,-1.0688323961173423,0,RBF-SVM,-1.1349358254570507,-1.1349358254570507,-1.8707374528648009,0.0,-0.8060864728719883,0,0,0,0
2026,166114,931.32,0,-0.6673263863801322,0,RBF-SVM,-0.7692882534439361,-0.7692882534439361,-3.174060460668028,0.01,-0.07084688931572572,0,0,0,0
2026,204587,120.32,0,-0.9235673473629205,0,RBF-SVM,-1.1363804119235712,-1.1363804119235712,-2.6802096875568764,0.0,-0.86001567913415,0,0,0,0
2026,267047,196.0,0,-0.42551580371064196,0,RBF-SVM,-0.8814673608049645,-0.8814673608049645,-2.4258116001643066,0.005,-0.4405549312491089,0,0,0,0
2026,229474,150.0,0,-0.6890212191829372,0,RBF-SVM,-0.9101454355944377,-0.9101454355944377,-0.809516889928448,0.0,-0.23657854146033014,0,0,0,0
2026,36545,458.84,0,-0.8773261645292855,0,RBF-SVM,-1.095026329157259,-1.095026329157259,-2.2497586691739446,0.0,-0.17612945527759524,0,0,0,0
2026,22094,92.42,0,-0.9887068552225147,0,RBF-SVM,-1.1130925485228036,-1.1130925485228036,-1.8071111038303735,0.0,-0.8056526673849576,0,0,0,0
2026,27749,19.02,1,0.16234835968376202,1,RBF-SVM,0.951884437256629,0.951884437256629,10.300973082117835,1.0,0.06893803651986825,1,1,1,1
2026,78896,26.5,0,-0.7432105713396802,0,RBF-SVM,-0.9135178563106366,-0.9135178563106366,-0.8174060015446163,0.08,-0.790633701208616,0,0,0,0
2026,6331,1.0,1,0.2536716852673746,1,RBF-SVM,1.2968799622271119,1.2968799622271119,6.657000928626082,1.0,0.08673842178752708,1,1,1,1
2026,260798,0.99,0,-0.6727628250730899,0,RBF-SVM,-1.1339768191739945,-1.1339768191739945,-2.056314637592492,0.0,-1.1947105202577057,0,0,0,0
2026,146827,5.0,0,-0.8100594792288159,0,RBF-SVM,-1.095064000246591,-1.095064000246591,-1.851631402113625,0.09,-0.3956215393608807,0,0,0,0
2026,18032,45.5,0,-0.8370258806029867,0,RBF-SVM,-0.9705088352786558,-0.9705088352786558,-1.9690821655634103,0.035,-0.3245825230395127,0,0,0,0
2026,75890,12.93,0,-0.9162998274330394,0,RBF-SVM,-1.1251664557236665,-1.1251664557236665,-2.3893306783069876,0.0,-0.5158105923631497,0,0,0,0
2026,105954,159.06,0,-0.9653067719685737,0,RBF-SVM,-1.0688025999661148,-1.0688025999661148,-1.7853774482271967,0.0,-0.6804078081254699,0,0,0,0
2026,103471,119.88,0,-1.0972261213854362,0,RBF-SVM,-1.0116976767361754,-1.0116976767361754,-1.1296076311073766,0.0,-0.7148938491885208,0,0,0,0
2026,283445,36.29,0,-0.824470168385558,0,RBF-SVM,-0.7714926677951409,-0.7714926677951409,-0.4931876257061216,0.05,-0.6864738580140681,0,0,0,0
2026,36572,49.35,0,-0.9061163567165406,0,RBF-SVM,-1.111567809882128,-1.111567809882128,-1.7305378590258662,0.015,-0.8356737902354734,0,0,0,0
2026,39552,11.35,0,-0.7009704871087695,0,RBF-SVM,-0.9573540610874735,-0.9573540610874735,-1.3877168987021051,0.0,-0.5635314598772105,0,0,0,0
2026,93424,1.0,1,0.3504610296326539,1,RBF-SVM,1.1004775760940921,1.1004775760940921,4.2172953354434055,0.975,0.561877167765046,1,1,1,1
2026,114554,6.11,0,-0.23361072172488595,0,RBF-SVM,-0.8379452779522013,-0.8379452779522013,-2.6637746373653,0.01,-0.41289184309152094,0,0,0,0
2026,157019,5.49,0,-0.7196152319651835,0,RBF-SVM,-1.052209823775537,-1.052209823775537,-2.225012208950989,0.005,-0.439732285058635,0,0,0,0
2026,94885,34.96,0,-0.5788369872781609,0,RBF-SVM,-0.9511110692207195,-0.9511110692207195,-2.2927654604788428,0.065,-0.2373286831081552,0,0,0,0
2026,151038,1.0,0,-0.9672477880801988,0,RBF-SVM,-1.1092734385248608,-1.1092734385248608,-2.138990033990914,0.0,-0.2023961690528397,0,0,0,0
2026,146653,75.87,0,-0.24729023466672923,0,RBF-SVM,-0.443255148086639,-0.443255148086639,-1.0194354880140115,0.155,-0.23129096637052038,0,0,0,0
2026,148712,178.87,0,-0.731327669848073,0,RBF-SVM,-1.013838062233026,-1.013838062233026,-1.9532426629846067,0.0,-0.28115386153658556,0,0,0,0
2026,144399,26.76,0,-0.8885557157449506,0,RBF-SVM,-0.8822492166174977,-0.8822492166174977,-0.8159922309847063,0.135,-0.28881369654871775,0,0,0,0
2026,115446,110.25,0,-0.6189993721445638,0,RBF-SVM,-1.0331500330278658,-1.0331500330278658,-2.6424129584922875,0.0,-0.41582471049306896,0,0,0,0
2026,88436,30.38,0,-1.0304129038640684,0,RBF-SVM,-1.106474664452041,-1.106474664452041,-1.811338547480963,0.0,-1.0034891619595019,0,0,0,0
2026,148101,48.72,0,-0.29110256029619963,0,RBF-SVM,-0.8232483469992232,-0.8232483469992232,-1.201630950227103,0.005,-0.3416795388531713,0,0,0,0
2026,66007,194.65,0,-1.0040223456611246,0,RBF-SVM,-1.1375974421103847,-1.1375974421103847,-2.4337180594881516,0.005,-0.4814654787253248,0,0,0,0
2026,198531,9.99,0,-0.9982523151848808,0,RBF-SVM,-1.1481298241943447,-1.1481298241943447,-2.0363798412436918,0.0,-0.6362876773107633,0,0,0,0
2026,80257,40.0,0,-0.6956792493171007,0,RBF-SVM,-1.092767143968287,-1.092767143968287,-2.9084545579582164,0.005,-0.5190479508193797,0,0,0,0
2026,196100,1.98,0,-1.084206859613993,0,RBF-SVM,-0.983774914295776,-0.983774914295776,-1.0861833907870841,0.205,-0.8641711596337405,0,0,0,0
2026,32376,935.95,0,-0.35593264820244086,0,RBF-SVM,-0.7431227706222888,-0.7431227706222888,-1.8154600702476258,0.01,-0.22261770234350975,0,0,0,0
2026,172115,1.0,0,-0.5243573262198145,0,RBF-SVM,-0.8463322654432549,-0.8463322654432549,-2.678967043030264,0.145,-0.476896569967944,0,0,0,0
2026,42674,1.52,1,0.16170527187102307,1,RBF-SVM,0.6197759261177723,0.6197759261177723,19.45827624232678,0.99,0.06896844006963698,1,1,1,1
2026,211313,100.0,0,-0.2520678190879719,0,RBF-SVM,-0.8090900980671479,-0.8090900980671479,-1.711120366255691,0.0,-0.3613492950044076,0,0,0,0
2026,122860,345.29,0,-0.5918655048212951,0,RBF-SVM,-0.9723626006873171,-0.9723626006873171,-1.7336996078741245,0.0,-0.6821228378609039,0,0,0,0
2026,135263,156.9,0,-0.7012580854156867,0,RBF-SVM,-0.9649739796795901,-0.9649739796795901,-1.8068378241600405,0.02,-0.7129984531841194,0,0,0,0
2026,145800,451.27,1,-0.25236961954210396,0,RBF-SVM,-0.530900853939554,-0.530900853939554,-0.9463108715901853,0.12,-0.18212662534946805,0,0,0,0
2026,144044,16.02,0,-0.7879049161726142,0,RBF-SVM,-1.0720469810451143,-1.0720469810451143,-1.6170352614065724,0.005,-1.1088028329467101,0,0,0,0
2026,212621,185.0,0,-0.7312837291999794,0,RBF-SVM,-0.9947055707161184,-0.9947055707161184,-1.691182529470468,0.0,-0.6103724922578762,0,0,0,0
2026,93843,7.49,0,-0.7539328066607252,0,RBF-SVM,-0.9729928754399092,-0.9729928754399092,-1.9833563502728726,0.01,-1.0508937376760095,0,0,0,0
2026,170893,1.0,0,-0.6192250513132497,0,RBF-SVM,-0.9215802606826734,-0.9215802606826734,-1.7584495209222177,0.05,-0.0909610912104703,0,0,0,0
2026,157790,19.99,0,-0.9429172889323317,0,RBF-SVM,-1.0953055169649462,-1.0953055169649462,-2.201568072820603,0.0,-0.41113961041339026,0,0,0,0
2026,84916,320.0,0,-0.4930802908664505,0,RBF-SVM,-0.7497594741274592,-0.7497594741274592,-0.9388130007022079,0.065,-0.5471254310018019,0,0,0,0
2026,249364,15.0,0,-0.36976024314460015,0,RBF-SVM,-1.0161811382013184,-1.0161811382013184,-1.329299131304312,0.145,-0.47286468007470955,0,0,0,0
2026,211907,6.0,0,-0.5882911139486381,0,RBF-SVM,-0.9188670166461114,-0.9188670166461114,-1.5810339324631117,0.0,-0.39321040996628426,0,0,0,0
2026,152295,9.82,1,0.07124976831075588,1,RBF-SVM,0.45517704349676025,0.45517704349676025,16.58662863549803,0.755,0.06890002596656274,1,1,1,1
2026,278783,30.0,0,-1.0207809844717342,0,RBF-SVM,-1.1651875653613244,-1.1651875653613244,-2.0901916935303047,0.0,-1.035144248755453,0,0,0,0
2026,84388,9.85,0,-0.48389927175019826,0,RBF-SVM,-0.9433380799129502,-0.9433380799129502,-2.5718984288692273,0.18,-0.7738300558178366,0,0,0,0
2026,79121,1.0,0,-0.7440471314429259,0,RBF-SVM,-1.031441725901073,-1.031441725901073,-1.3375379898187074,0.205,-0.6666351908437658,0,0,0,0
2026,40348,10.0,0,-0.2798695595386456,0,RBF-SVM,-0.8162482150528453,-0.8162482150528453,-1.8741597125798621,0.0,-0.30347023554365626,0,0,0,0
2026,197897,80.0,0,-0.716368911856383,0,RBF-SVM,-1.1493729818428822,-1.1493729818428822,-1.8459645773096354,0.005,-0.9052326509285598,0,0,0,0
2026,224351,100.0,0,-0.6802315873787022,0,RBF-SVM,-1.0437627805318805,-1.0437627805318805,-3.0482583702118817,0.0,-0.8079540883003624,0,0,0,0
2026,38364,71.89,0,-1.065915027548036,0,RBF-SVM,-1.1373596711086797,-1.1373596711086797,-1.8384063863221316,0.005,-0.9009472834446699,0,0,0,0
2026,63728,18.0,0,-0.9045690782245592,0,RBF-SVM,-0.9898746948861014,-0.9898746948861014,-1.2434680101236113,0.0,-1.0051862776175584,0,0,0,0
2026,61657,59.96,0,-0.880561721821602,0,RBF-SVM,-1.0989010791930949,-1.0989010791930949,-2.3813320634991393,0.0,-0.34599788737388454,0,0,0,0
2026,22708,17.07,0,-0.8914628878691874,0,RBF-SVM,-1.0653012402830466,-1.0653012402830466,-1.4333282929162316,0.0,-1.1111216601192417,0,0,0,0
2026,87522,38.03,0,-0.7416516371649685,0,RBF-SVM,-1.040390069147163,-1.040390069147163,-2.1922032445877653,0.135,-0.61794223807097,0,0,0,0
2026,118847,1.5,0,-0.9719869930009783,0,RBF-SVM,-0.9232541743959936,-0.9232541743959936,-0.9039785841579305,0.095,-0.7351677596518795,0,0,0,0
2026,149145,6.99,1,0.04729873032471548,1,RBF-SVM,0.4583764980340697,0.4583764980340697,-0.13660993543147448,0.19,0.0689000259656154,1,0,0,1
2026,282434,58.01,0,-0.5714430759239382,0,RBF-SVM,-1.0607154415510491,-1.0607154415510491,-2.0325318264497416,0.005,-0.9885103689868093,0,0,0,0
2026,229730,2.22,1,-0.574257887447637,0,RBF-SVM,-0.7864132363255044,-0.7864132363255044,-0.758512723352566,0.0,0.08974921812030648,0,0,0,1
2026,46251,10.78,0,-0.35046834463296395,0,RBF-SVM,-0.9756403395347578,-0.9756403395347578,-2.9141290215201785,0.0,-0.6519676790583873,0,0,0,0
2026,65401,25.82,0,-0.7912361032939353,0,RBF-SVM,-1.081518469713112,-1.081518469713112,-2.1752808445037024,0.0,-0.6248981159127955,0,0,0,0
2026,89976,39.0,0,-0.08304345324234708,1,RBF-SVM,-0.986466203608329,-0.986466203608329,-1.6212645580255933,0.265,-0.5902037200872665,0,0,0,0
2026,237921,59.99,0,-0.7235793381914977,0,RBF-SVM,-1.0097660266959183,-1.0097660266959183,-1.181921400730042,0.055,-0.7498277762396699,0,0,0,0
2026,242900,0.89,0,-1.0537415732981212,0,RBF-SVM,-1.1694463333126466,-1.1694463333126466,-2.0645962567392786,0.0,-1.1587260841113074,0,0,0,0
2026,168211,1599.52,0,-0.20028034673001105,0,RBF-SVM,-0.1360650016324888,-0.1360650016324888,-3.038815144622893,0.15,0.04252128743979542,0,0,0,1
2026,246703,1.0,0,-0.5280660394683463,0,RBF-SVM,-1.039540567748439,-1.039540567748439,-1.4545311422530665,0.1,-0.20189419872520742,0,0,0,0
2026,158899,2.28,0,-0.7774238397387325,0,RBF-SVM,-1.1425907950527145,-1.1425907950527145,-2.084264963365007,0.0,-1.1894999841635563,0,0,0,0
2026,38017,214.0,0,-0.8510607182224533,0,RBF-SVM,-1.0283071006583517,-1.0283071006583517,-1.6277948590749773,0.0,-0.5284152693435344,0,0,0,0
2026,9326,53.73,0,-0.8614113132402674,0,RBF-SVM,-1.0334530036823577,-1.0334530036823577,-1.4398810702450837,0.0,-0.2826041528652515,0,0,0,0
2026,124709,37.21,0,-0.8561341779471063,0,RBF-SVM,-0.9581113128619344,-0.9581113128619344,-0.8309002612188312,0.025,-0.24702842839567085,0,0,0,0
2026,167434,48.42,0,-0.8830279488923256,0,RBF-SVM,-0.9506140064009762,-0.9506140064009762,-1.1557433247101718,0.005,-0.5332221151746352,0,0,0,0
2026,57814,99.0,0,-0.87677530258996,0,RBF-SVM,-1.0526404678948107,-1.0526404678948107,-1.5045851399188286,0.0,-0.6142614390270482,0,0,0,0
2026,28772,69.0,0,-1.0013589738135422,0,RBF-SVM,-1.1101924835516521,-1.1101924835516521,-1.6621512414638504,0.0,-0.8432498015977841,0,0,0,0
2026,142405,12.31,1,0.03450009625721917,1,RBF-SVM,0.769993673988012,0.769993673988012,11.619628308298926,1.0,0.06890864550522684,1,1,1,1
2026,199419,3.59,0,-1.0248469699395228,0,RBF-SVM,-1.1477644280603396,-1.1477644280603396,-2.036387386157127,0.0,-1.1228131557311993,0,0,0,0
2026,95534,31.91,1,-0.2774648071524226,0,RBF-SVM,-1.032862773517488,-1.032862773517488,-1.5864422984705262,0.31,-0.33840443123361463,0,0,0,0
2026,64251,1.0,0,-1.0222882982616097,0,RBF-SVM,-1.100354532773459,-1.100354532773459,-1.8260711684196225,0.0,-0.975144135709195,0,0,0,0
2026,79883,270.0,1,0.26883405606562644,1,RBF-SVM,0.9824155729457879,0.9824155729457879,3.3371138832539007,0.775,0.6766953628470354,1,1,1,1
2026,150601,1.0,1,0.10322493569833358,1,RBF-SVM,0.4999358614868121,0.4999358614868121,18.972557012260697,0.99,0.06890002668187338,1,1,1,1
2026,68971,11.5,0,-0.4715209400662294,0,RBF-SVM,-1.0569154510462333,-1.0569154510462333,-1.7657844875309936,0.2,-0.7504575054234506,0,0,0,0
2026,33949,3202.91,0,-0.10766473953703659,1,RBF-SVM,-0.008398656123214332,-0.008398656123214332,-3.1177396856899464,0.155,0.06890002265568596,0,0,0,1
2026,192416,210.08,0,-0.8319027703986166,0,RBF-SVM,-1.0484478465642058,-1.0484478465642058,-1.469570751329636,0.0,-0.7073051264825991,0,0,0,0
2026,41324,5.0,0,-0.32134042160127163,0,RBF-SVM,-0.5982473321104352,-0.5982473321104352,-0.3297779860073011,0.04,-0.4043146883818086,0,0,0,0
2026,1989,107.69,0,-1.0319262469082622,0,RBF-SVM,-0.9964399544953252,-0.9964399544953252,-1.0349695529117318,0.0,-0.24112425175706376,0,0,0,0
2026,42007,0.76,1,0.06820417807943129,1,RBF-SVM,0.881223886780885,0.881223886780885,9.26124913039403,0.95,0.07121171861499194,1,1,1,1
2026,59204,0.95,0,-0.2987184357919888,0,RBF-SVM,-0.9308690870060176,-0.9308690870060176,-2.9239896719637186,0.0,-0.23694521728125245,0,0,0,0
2026,32005,0.0,0,-0.2627624995604753,0,RBF-SVM,-0.708696018165217,-0.708696018165217,-0.8979405342281634,0.04,-0.30118254805445666,0,0,0,0
2026,17951,1.0,0,-1.034918292204102,0,RBF-SVM,-1.0920985041052043,-1.0920985041052043,-1.5466222742217468,0.0,-1.0402798548526384,0,0,0,0
2026,229583,225.08,0,-0.9232071020278642,0,RBF-SVM,-1.1115075041191531,-1.1115075041191531,-2.4593633603907077,0.0,-0.6937218023299965,0,0,0,0
2026,72751,60.0,0,-0.311776317558536,0,RBF-SVM,-0.9034349758503538,-0.9034349758503538,-2.267173228145885,0.0,-0.312298080221212,0,0,0,0
2026,242840,15.99,0,-0.7616874467727344,0,RBF-SVM,-0.9764095715792139,-0.9764095715792139,-1.1301741444264195,0.085,-0.5428025051379557,0,0,0,0
2026,151006,1.0,1,-0.008696989836055054,1,RBF-SVM,0.45388926922916756,0.45388926922916756,14.686833221646907,0.755,0.06890002596655559,1,1,1,1
2026,34322,292.82,0,-0.7817454750577252,0,RBF-SVM,-1.0503744750946655,-1.0503744750946655,-2.405835607929806,0.23,-0.48308872311150935,0,0,0,0
2026,241445,10.7,1,0.2767853461651793,1,RBF-SVM,1.3065924191831693,1.3065924191831693,6.029606725815491,0.955,0.2357891780787406,1,1,1,1
2026,163783,52.95,0,-0.8388273604449659,0,RBF-SVM,-1.065903148693312,-1.065903148693312,-1.9997061725124663,0.0,-0.46967253215195,0,0,0,0
2026,9509,1.0,1,0.21804876355905095,1,RBF-SVM,0.5762534274733033,0.5762534274733033,18.174327984081398,1.0,0.06890003779019839,1,1,1,1
2026,243796,18.49,0,-0.579293048407753,0,RBF-SVM,-1.0526056934147379,-1.0526056934147379,-2.7542392830639466,0.0,-0.5387491906126096,0,0,0,0
2026,172008,104.45,0,-0.7504545807376752,0,RBF-SVM,-1.0802463755719,-1.0802463755719,-2.1398891750503855,0.0,-0.3151912551695992,0,0,0,0
2026,11710,1.0,1,0.01497455078014662,1,RBF-SVM,0.5657599258582663,0.5657599258582663,15.984425627174353,0.69,0.06890002610298929,1,1,1,1
2026,114129,14.21,0,-0.6355111895982579,0,RBF-SVM,-1.0810943352095514,-1.0810943352095514,-1.654412216743977,0.155,-0.7544559662778063,0,0,0,0
2026,251866,3.9,1,0.20304451776509283,1,RBF-SVM,1.340102376260004,1.340102376260004,4.932428152679761,0.89,0.1930424961017091,1,1,1,1
2026,94311,15.99,0,-1.000978375764895,0,RBF-SVM,-1.0848870724789674,-1.0848870724789674,-1.5327898527821269,0.0,-0.7434957562263891,0,0,0,0
2026,261424,376.25,0,-1.031808026088845,0,RBF-SVM,-1.1018844301780297,-1.1018844301780297,-1.7511288213511365,0.0,-0.883285462189725,0,0,0,0
2026,15751,99.99,1,0.056027554850970405,1,RBF-SVM,0.7279251890786999,0.7279251890786999,11.657122902715619,0.76,0.2801100879005246,1,1,1,1
2026,22354,25.69,0,-0.6001130720549718,0,RBF-SVM,-1.0728139122331575,-1.0728139122331575,-1.6566942166797958,0.11,-0.3552256879208249,0,0,0,0
2026,23914,134.9,0,-0.5633156976878944,0,RBF-SVM,-0.7815784295948877,-0.7815784295948877,-0.5726683971874994,0.005,-0.6307174575868701,0,0,0,0
2026,268765,0.99,0,-1.0195893098316544,0,RBF-SVM,-1.1128902644857988,-1.1128902644857988,-1.8082582834610301,0.0,-0.9574134091290165,0,0,0,0
2026,13670,176.77,0,-0.7315375858445028,0,RBF-SVM,-1.034499504283119,-1.034499504283119,-2.3928158489428766,0.0,-0.2076561682807378,0,0,0,0
2026,8683,9.8,0,-0.10152746642002872,1,RBF-SVM,-0.11287019900822537,-0.11287019900822537,-3.849732049795958,0.165,0.045777245061886504,0,0,0,1
2026,57615,0.76,1,0.10108824565920659,1,RBF-SVM,1.002182382566113,1.002182382566113,3.9338683694838332,0.935,0.39303029836245146,1,1,1,1
2026,43645,10.95,0,-1.0426794954145313,0,RBF-SVM,-1.0139056152910837,-1.0139056152910837,-1.2172091753285317,0.005,-0.7987786032651554,0,0,0,0
2026,221188,189.66,0,-0.7592841244577131,0,RBF-SVM,-1.0867615103896604,-1.0867615103896604,-1.6238701960325488,0.0,-0.6407910798084502,0,0,0,0
2026,217083,10.0,0,-0.16931572423803973,0,RBF-SVM,-0.4732574057843941,-0.4732574057843941,-2.1443746809429562,0.025,-0.08518358619284061,0,0,0,0
2026,134101,112.0,0,-0.8084767841297097,0,RBF-SVM,-1.041157500917501,-1.041157500917501,-2.3570748260393914,0.0,-0.6788765850781104,0,0,0,0
2026,233180,12.99,0,-1.055933151845727,0,RBF-SVM,-1.1806498227827813,-1.1806498227827813,-2.1462987278727037,0.0,-1.0466755702182615,0,0,0,0
2026,68223,943.9,0,-0.3155837259732653,0,RBF-SVM,-0.7353797595823716,-0.7353797595823716,-1.3573504886534256,0.01,-0.22001914508802595,0,0,0,0
2026,249828,6.74,1,0.14328756448851293,1,RBF-SVM,1.3995190674497902,1.3995190674497902,5.105726182304435,0.92,0.20463988285386697,1,1,1,1
2026,251758,38.52,0,-0.8736417508889994,0,RBF-SVM,-1.0875304245391706,-1.0875304245391706,-2.155624241570536,0.0,-0.4866493694998089,0,0,0,0
2026,50537,1.0,1,-0.9671401847987018,0,RBF-SVM,-1.1386636621615907,-1.1386636621615907,-2.0763501849701407,0.0,-0.7956832888276346,0,0,0,0
2026,143333,0.0,1,0.10712708537032661,1,RBF-SVM,0.7764945624119444,0.7764945624119444,11.679167864165619,0.74,0.06890864574232458,1,1,1,1
2026,123270,1.0,1,-0.9063336179641145,0,RBF-SVM,-0.9331275316592523,-0.9331275316592523,-0.9686600172361868,0.0,0.03181769403992242,0,0,0,1
2026,15204,99.99,1,0.07572728924771671,1,RBF-SVM,0.49604839100680254,0.49604839100680254,12.73125224809013,0.695,0.06989811560265465,1,1,1,1
2026,59539,19.73,1,0.2017027735513952,1,RBF-SVM,0.9102117935827686,0.9102117935827686,3.8760331045353915,0.955,0.4669980965008581,1,1,1,1
2026,134583,24.99,0,-0.6766121027828162,0,RBF-SVM,-0.9088359867652266,-0.9088359867652266,-1.5234662212507417,0.005,-0.5315982396148418,0,0,0,0
2026,104657,125.15,0,-0.7579986325405734,0,RBF-SVM,-0.9310838143464278,-0.9310838143464278,-0.9182724504144586,0.0,-0.7009593084654717,0,0,0,0
2026,12294,11.85,0,-0.04014076052474123,1,RBF-SVM,-0.46300068336401945,-0.46300068336401945,-2.6269821356795084,0.045,-0.07406136528032248,0,0,0,0
2026,77525,130.27,0,-0.8883166584902872,0,RBF-SVM,-1.0071213879028358,-1.0071213879028358,-1.4498389920555388,0.0,-0.5763680039760057,0,0,0,0
2026,141258,0.0,1,0.1286197817514735,1,RBF-SVM,0.7198378953122034,0.7198378953122034,12.052661883951492,1.0,0.0689063186522091,1,1,1,1
2026,181966,40.0,1,-0.0750055247038996,1,RBF-SVM,0.5186956802560475,0.5186956802560475,1.9776343377997108,0.72,0.188388760537066,1,0,1,1
2026,244497,200.0,0,-0.9358691997216371,0,RBF-SVM,-1.1234874522347744,-1.1234874522347744,-2.6086512215450104,0.005,-0.7991261859730312,0,0,0,0
2026,220421,168.29,0,-0.9762144510944903,0,RBF-SVM,-1.1597677751148887,-1.1597677751148887,-2.3481684340828997,0.0,-0.798916870211754,0,0,0,0
2026,104171,31.0,0,-1.0232710995523338,0,RBF-SVM,-1.058131244856341,-1.058131244856341,-1.245656337160423,0.0,-0.8981672339162003,0,0,0,0
2026,9257,27.49,0,-1.017942544966895,0,RBF-SVM,-1.116710589929871,-1.116710589929871,-2.250243450512307,0.03,-0.14951731209755387,0,0,0,0
2026,119878,0.76,0,-0.7082850411949865,0,RBF-SVM,-0.9751142674525931,-0.9751142674525931,-1.5786975454222762,0.0,-0.5207396792321957,0,0,0,0
2026,57157,608.53,0,-0.7349003509767505,0,RBF-SVM,-0.9130202536315598,-0.9130202536315598,-1.2671012734087093,0.005,0.0026607341724093347,0,0,0,0
2026,30105,91.0,0,-0.9039844980763687,0,RBF-SVM,-1.033259754141247,-1.033259754141247,-1.5140205511379432,0.01,-0.7021011280054592,0,0,0,0
2026,95617,16.9,0,-0.3685393227080274,0,RBF-SVM,-0.8853276213558031,-0.8853276213558031,-1.7719091691598214,0.1,-0.20837887043212772,0,0,0,0
2026,232776,63.56,0,-0.8472711556041537,0,RBF-SVM,-0.9768159807747471,-0.9768159807747471,-1.3162837132878646,0.0,-0.8084355485992916,0,0,0,0
2026,8633,45.39,0,-0.7577123740195404,0,RBF-SVM,-1.1560135273587533,-1.1560135273587533,-3.112140873016217,0.0,-0.05260267713623289,0,0,0,0
2026,129928,10.0,0,-1.0598123240499306,0,RBF-SVM,-1.0114931010473653,-1.0114931010473653,-1.1307279479579582,0.0,-1.1444182551624824,0,0,0,0
2026,210410,148.79,0,-0.6430421587663704,0,RBF-SVM,-1.0292083682029656,-1.0292083682029656,-2.267601347513081,0.015,-0.48932737026768663,0,0,0,0
2026,190094,46.03,0,-0.7889989305241651,0,RBF-SVM,-0.945986747288294,-0.945986747288294,-1.373706919806117,0.005,-0.3764393840120878,0,0,0,0
2026,263488,5.2,0,-0.7697689742742233,0,RBF-SVM,-0.967045760436836,-0.967045760436836,-2.774327183407468,0.005,-0.3187922763026217,0,0,0,0
2026,74822,5.68,0,-0.8302949887046096,0,RBF-SVM,-0.882241981204538,-0.882241981204538,-0.8887655921326372,0.0,-0.6653883173603874,0,0,0,0
2026,282891,25.99,0,-0.5241271751309378,0,RBF-SVM,-1.076629285747273,-1.076629285747273,-3.27855347312363,0.01,-0.6209490443156935,0,0,0,0
2026,101432,0.89,0,-0.5999223829710124,0,RBF-SVM,-0.9814422076325854,-0.9814422076325854,-2.111024713881103,0.01,-0.6102183405478006,0,0,0,0
2026,79525,1.0,1,0.49368660449495716,1,RBF-SVM,0.9586672816313625,0.9586672816313625,7.017328510014205,0.955,0.07610725280717683,1,1,1,1
2026,279162,38.2,0,-0.855624499721139,0,RBF-SVM,-0.9435827455482243,-0.9435827455482243,-1.020806417278938,0.065,-0.06189239712851258,0,0,0,0
2026,255403,4.97,1,0.3540837185520905,1,RBF-SVM,0.778303394531577,0.778303394531577,2.9206318636363537,0.875,0.5865970049090048,1,1,1,1
2026,199103,3.99,0,-0.7056367138932246,0,RBF-SVM,-1.0250657858479433,-1.0250657858479433,-1.300995437051037,0.04,-0.27085969114272695,0,0,0,0
2026,262560,4.69,1,0.18995241819220673,1,RBF-SVM,1.2989864174716872,1.2989864174716872,7.164625783135425,1.0,0.12657449531575393,1,1,1,1
2026,13185,788.77,0,-0.08489630619419469,1,RBF-SVM,-0.816481164228903,-0.816481164228903,-3.187223634736182,0.0,0.0313759720085745,0,0,0,1
2026,166763,91.74,0,-0.985219475622201,0,RBF-SVM,-1.1613215919298527,-1.1613215919298527,-2.5360477371186105,0.0,-0.984109898475245,0,0,0,0
2026,184143,1.0,0,-0.9271908842266616,0,RBF-SVM,-0.9889640979154616,-0.9889640979154616,-1.0901152908151066,0.095,-1.0309430183847794,0,0,0,0
2026,160153,1.0,0,-0.10901463448934604,1,RBF-SVM,0.00928379968557258,0.00928379968557258,-0.7443715320558223,0.245,0.06890002589008229,0,0,0,1
2026,215984,592.9,1,0.217896867244492,1,RBF-SVM,0.7534853023979362,0.7534853023979362,5.90898415263167,0.665,0.0783327690455411,1,1,1,1
2026,228548,130.53,0,-0.32982270115082485,0,RBF-SVM,-0.8090882818448665,-0.8090882818448665,-1.1649316351361367,0.095,-0.0971180414254989,0,0,0,0
2026,120377,24.95,0,-0.43611788675904173,0,RBF-SVM,-1.0235996550965485,-1.0235996550965485,-3.0294649305171832,0.0,-0.4999133677205558,0,0,0,0
2026,16492,12.0,0,-1.0506846518872095,0,RBF-SVM,-1.0742500686544916,-1.0742500686544916,-1.47140293567933,0.0,-0.5863689893848638,0,0,0,0
2026,215132,723.21,1,0.3525020236935444,1,RBF-SVM,1.000970611524501,1.000970611524501,6.461627665186188,1.0,0.09640395283853731,1,1,1,1
2026,102350,7.18,0,-0.9778687517831144,0,RBF-SVM,-1.1424799904697847,-1.1424799904697847,-1.7473037257397581,0.0,-1.151434027569504,0,0,0,0
2026,60438,38.5,0,-0.6406795111058864,0,RBF-SVM,-1.0323088628498356,-1.0323088628498356,-2.4578590377335345,0.0,-0.32157427866884863,0,0,0,0
2026,19311,17.99,0,-0.8226381818473071,0,RBF-SVM,-0.9301413841265888,-0.9301413841265888,-1.43856763475614,0.08,-0.6685917035470645,0,0,0,0
2026,136927,4.49,0,-0.8867300035915795,0,RBF-SVM,-1.1235614188968137,-1.1235614188968137,-1.6656889200315468,0.0,-0.9047772673210837,0,0,0,0
2026,239622,0.99,0,-0.8916354036399806,0,RBF-SVM,-1.1341101690400355,-1.1341101690400355,-2.0729315336880036,0.01,-1.0620465929402636,0,0,0,0
2026,112645,29.99,0,-0.8902353818029481,0,RBF-SVM,-1.1173429334922882,-1.1173429334922882,-2.359122562863443,0.01,-0.8201118471790767,0,0,0,0
2026,7785,25.0,0,-0.5705377906758244,0,RBF-SVM,-0.9732030494164118,-0.9732030494164118,-2.299442372455492,0.03,-0.493363976259757,0,0,0,0
2026,211970,20.0,0,-0.8817109876971556,0,RBF-SVM,-1.0896311922711237,-1.0896311922711237,-1.7935115554354155,0.0,-0.4535323625320839,0,0,0,0
2026,248570,10.1,0,-0.8406249193783543,0,RBF-SVM,-1.0382715882417748,-1.0382715882417748,-2.5283147364132113,0.0,-0.33488855087003405,0,0,0,0
2026,12629,2.69,0,-0.8244740769014949,0,RBF-SVM,-1.111500665438478,-1.111500665438478,-2.349109165925047,0.0,-0.3428767339405511,0,0,0,0
2026,11841,1.0,1,-0.041477629658570846,1,RBF-SVM,0.5558038859181504,0.5558038859181504,15.897401418775353,0.705,0.06890002615551087,1,1,1,1
2026,190212,18.75,0,-1.022755068383309,0,RBF-SVM,-1.1831841996397618,-1.1831841996397618,-2.574851587468791,0.0,-0.44952317383745793,0,0,0,0
2026,204114,20.0,0,-1.014200896100196,0,RBF-SVM,-1.1220009560707522,-1.1220009560707522,-1.8500912170539539,0.0,-1.037509234757526,0,0,0,0
2026,183392,135.0,0,-0.8137531265773077,0,RBF-SVM,-1.095481803311377,-1.095481803311377,-2.80522285001335,0.0,-0.6645488147294738,0,0,0,0
2026,209983,6.95,0,-0.21698031966210213,0,RBF-SVM,-0.44164848777433363,-0.44164848777433363,0.16242649709622214,0.185,-0.45697625137086245,0,0,0,0
2026,284593,60.38,0,0.0809871383382294,1,RBF-SVM,-0.535391536094965,-0.535391536094965,-0.8109037793651335,0.215,0.10239749176938247,0,0,0,1
2026,157882,72.9,0,-0.48361675573260393,0,RBF-SVM,-1.037801511746864,-1.037801511746864,-3.344500960026103,0.005,-0.10675071210157136,0,0,0,0
2026,188711,1.0,0,-0.25856095101275384,0,RBF-SVM,-0.8592897359847028,-0.8592897359847028,-1.43289889023747,0.115,-0.3385160340542184,0,0,0,0
2026,52466,1.0,1,0.3438337662338529,1,RBF-SVM,0.9795494162731163,0.9795494162731163,3.890693060236033,0.87,0.6526413264452688,1,1,1,1
2026,250536,0.76,0,-0.9820935778624515,0,RBF-SVM,-0.879056242919335,-0.879056242919335,-0.8571622105089953,0.165,-0.8042709675804529,0,0,0,0
2026,43773,172.32,1,0.17349328003572942,1,RBF-SVM,0.8384010870473539,0.8384010870473539,9.106446097219273,1.0,0.07152295306068308,1,1,1,1
2026,280426,4.27,0,-0.9610069967107717,0,RBF-SVM,-1.1641250335183577,-1.1641250335183577,-1.8468668403893478,0.0,-1.035393821193831,0,0,0,0
2026,42696,88.23,1,0.16686729440286677,1,RBF-SVM,0.6357163927020244,0.6357163927020244,19.39010406186529,0.985,0.06910457608768303,1,1,1,1
2026,155243,2.0,0,-0.7252532669622801,0,RBF-SVM,-0.9662548486696209,-0.9662548486696209,-2.1862465847088703,0.005,-0.03215927960283646,0,0,0,0
2026,189701,93.35,1,0.24905339068408336,1,RBF-SVM,0.9261795011066393,0.9261795011066393,5.508225337398635,0.965,0.1272095242957561,1,1,1,1
2026,114616,72.86,0,-0.5603108459734671,0,RBF-SVM,-0.7798598755685723,-0.7798598755685723,-0.4242992369438283,0.06,-0.6260312404635373,0,0,0,0
2026,68518,472.18,0,-0.4948629787768372,0,RBF-SVM,-1.088727537963686,-1.088727537963686,-2.213679714550042,0.0,-0.3128590884564202,0,0,0,0
2026,193298,10.64,0,-0.6366657703709752,0,RBF-SVM,-0.799196932466702,-0.799196932466702,-3.045988940197188,0.095,-0.1179331073522207,0,0,0,0
2026,181477,1.0,0,-0.7992764940663699,0,RBF-SVM,-0.9849465915844585,-0.9849465915844585,-1.4414396680409616,0.0,-0.6090871117597989,0,0,0,0
2026,272570,22.0,0,-0.9679253678285684,0,RBF-SVM,-1.1213930459109847,-1.1213930459109847,-1.9177074033087431,0.0,-0.9333522397403937,0,0,0,0
2026,274697,1.0,0,-0.02372017676878601,1,RBF-SVM,-0.16642257123940485,-0.16642257123940485,0.05793339954191601,0.055,0.056348127485241845,0,0,0,1
2026,196227,97.29,0,-0.2888291189196571,0,RBF-SVM,-0.7522778832403078,-0.7522778832403078,-1.6507723474305804,0.02,-0.7526881791913296,0,0,0,0
2026,120385,5.0,0,-0.9798446448448757,0,RBF-SVM,-1.0926520377841853,-1.0926520377841853,-2.041335202203591,0.0,-0.818183507263734,0,0,0,0
2026,182992,3.22,1,-0.5640925372402709,0,RBF-SVM,-0.8616788738841482,-0.8616788738841482,-1.2534508176747383,0.0,0.11229197813229883,0,0,0,1
2026,265905,313.29,0,-0.619043466784386,0,RBF-SVM,-0.9094378895943006,-0.9094378895943006,-1.6356390518003967,0.0,0.12746835342003238,0,0,0,1
2026,197586,480.72,1,-0.8626763824526329,0,RBF-SVM,-0.9138117987558666,-0.9138117987558666,-1.006097870675736,0.08,0.01877496523204883,0,0,0,1
2026,241254,9.29,1,-0.2791297017856171,0,RBF-SVM,0.01715338878343886,0.01715338878343886,0.751092369425906,0.4,0.13145606256502795,0,0,0,1
2026,95267,42.0,0,-0.9408782722936185,0,RBF-SVM,-1.0480516758964984,-1.0480516758964984,-1.6434779654102,0.0,-0.6363746105882058,0,0,0,0
2026,7108,0.01,0,-0.035838504292588245,1,RBF-SVM,-0.6488033917709278,-0.6488033917709278,-3.50402090679092,0.04,0.06859287706757822,0,0,0,1
2026,168481,60.2,0,-0.3838299988176098,0,RBF-SVM,-0.8083773122653896,-0.8083773122653896,-0.8900945681485276,0.04,-0.4490138690903475,0,0,0,0
2026,260506,9.99,0,-0.6481234982953382,0,RBF-SVM,-0.8348915550221089,-0.8348915550221089,-0.9688728323618166,0.09,-0.3905294802842467,0,0,0,0
2026,177170,2.69,0,-1.0856173802904252,0,RBF-SVM,-1.1762620537627435,-1.1762620537627435,-2.2115130166816384,0.0,-1.1077967880756445,0,0,0,0
2026,222352,28.75,0,-0.2701527460012094,0,RBF-SVM,-0.5768568644150948,-0.5768568644150948,-2.37771358696124,0.09,-0.2446485081298722,0,0,0,0
2026,135488,1.79,0,-0.8894861018813566,0,RBF-SVM,-1.1261346293883014,-1.1261346293883014,-1.9475688781645237,0.0,-1.0829592526932024,0,0,0,0
2026,159800,37.87,0,-0.07536453851842839,1,RBF-SVM,-0.0829284415453655,-0.0829284415453655,-2.234720916100699,0.07,0.021420336373961506,0,0,0,1
2026,166431,60.0,0,-0.9538259949811455,0,RBF-SVM,-1.0856517488730875,-1.0856517488730875,-1.9235701179763693,0.0,-0.9961731233970126,0,0,0,0
2026,126096,211.55,0,-0.9931082554076949,0,RBF-SVM,-1.1161022440756598,-1.1161022440756598,-2.2964492355999564,0.0,-0.5574128528338187,0,0,0,0
2026,221187,1.0,0,-0.9423972660430019,0,RBF-SVM,-0.8733930937904347,-0.8733930937904347,-0.7578141700693788,0.14,-0.44229260555961586,0,0,0,0
2026,159089,4.64,0,-0.766990020388642,0,RBF-SVM,-0.8268206563999617,-0.8268206563999617,-1.3838939182392547,0.1,-0.32089896809747837,0,0,0,0
2026,27816,151.0,0,-1.0512709553516415,0,RBF-SVM,-1.1865281097326115,-1.1865281097326115,-2.4312387409716543,0.0,-0.6843219881267679,0,0,0,0
2026,151855,34.1,0,-0.1429699373038014,1,RBF-SVM,-0.6342590667328284,-0.6342590667328284,-2.521517236719573,0.13,0.013018931385302572,0,0,0,1
2026,260192,1.79,0,-0.8519868238794246,0,RBF-SVM,-1.1180723895327098,-1.1180723895327098,-1.8441190471305895,0.0,-1.1063784705001272,0,0,0,0
2026,140336,76.82,0,-0.8498803180408164,0,RBF-SVM,-1.026229856534655,-1.026229856534655,-1.6698999115786526,0.005,-0.5285498070948931,0,0,0,0
2026,76072,8.96,0,-1.0435448477861304,0,RBF-SVM,-1.13014473406685,-1.13014473406685,-1.747442954258262,0.0,-1.1550363954635423,0,0,0,0
2026,46998,204.27,1,0.49493500564619747,1,RBF-SVM,0.8996698513552497,0.8996698513552497,3.1927191357763576,0.935,0.39185501295938585,1,1,1,1
2026,116139,76.94,1,0.28543734600601245,1,RBF-SVM,1.1239814589737982,1.1239814589737982,3.834030256053784,0.995,0.49613535668659964,1,1,1,1
2026,252532,25.3,0,-0.36110248765270797,0,RBF-SVM,-0.7461358475401204,-0.7461358475401204,-1.9553508602242893,0.12,-0.40097134158253483,0,0,0,0
2026,184379,25.0,1,0.3147992668028192,1,RBF-SVM,0.6181449110793077,0.6181449110793077,3.221774036405061,0.67,0.16795327079922096,1,1,1,1
2026,42700,30.26,1,0.15546512654304442,1,RBF-SVM,0.6425835771679376,0.6425835771679376,19.156738434258223,0.99,0.06993783517569509,1,1,1,1
2026,131984,319.0,0,-0.9219882126981547,0,RBF-SVM,-1.123789262962676,-1.123789262962676,-2.6732051356932693,0.005,-0.6179527946614405,0,0,0,0
2026,73708,52.0,0,-0.9082241301188672,0,RBF-SVM,-1.0811296208976593,-1.0811296208976593,-2.2874113212407443,0.0,-0.7005195942688194,0,0,0,0
2026,128479,60.0,1,0.33967295474769404,1,RBF-SVM,1.0155793563059423,1.0155793563059423,3.3666070651226656,0.745,0.18723017273672438,1,1,1,1
2026,101049,38.5,0,-0.8311482113999334,0,RBF-SVM,-1.1281910225364067,-1.1281910225364067,-1.6783835719343763,0.0,-0.935158384274305,0,0,0,0
2026,149600,261.22,1,0.19820370969791742,1,RBF-SVM,0.6627051916252471,0.6627051916252471,3.019302845842553,0.815,0.0689000280320941,1,1,1,1
2026,38000,32.64,0,-0.5467470656166078,0,RBF-SVM,-0.9165299950552513,-0.9165299950552513,-1.6880742647089653,0.0,-0.545622800611268,0,0,0,0
2026,18910,19.44,0,-1.063633430856527,0,RBF-SVM,-1.0454586868551479,-1.0454586868551479,-1.2765160440852834,0.0,-1.12452603447736,0,0,0,0
2026,15539,99.99,1,0.02383520145104208,1,RBF-SVM,0.5891563769471928,0.5891563769471928,12.060188964812568,0.69,0.11368475878343837,1,1,1,1
2026,246370,362.1,0,-0.06217212574822973,1,RBF-SVM,-0.6753601279313998,-0.6753601279313998,-4.004560357977398,0.005,-0.18552265143529023,0,0,0,0
2026,198860,226.32,0,-0.9032081755588808,0,RBF-SVM,-1.1781966108736421,-1.1781966108736421,-2.53326219782095,0.0,-0.4040440389337091,0,0,0,0
2026,251797,5.47,0,-0.5886507671854914,0,RBF-SVM,-0.8594693790730691,-0.8594693790730691,-0.9720657493283296,0.005,-0.6036992231623599,0,0,0,0
2026,211193,99.99,0,-0.954609469165727,0,RBF-SVM,-0.9617316080707522,-0.9617316080707522,-1.8894274809538902,0.0,-0.07239318325768895,0,0,0,0
2026,161579,49.99,0,-0.36187546070718635,0,RBF-SVM,-0.9844939835105505,-0.9844939835105505,-3.221182412207618,0.0,-0.933637297336332,0,0,0,0
2026,121744,47.47,0,-0.9094558633836721,0,RBF-SVM,-1.0646870740066952,-1.0646870740066952,-1.9686452060154567,0.0,-0.508062179923036,0,0,0,0
2026,162191,2.0,0,-0.8036587756652245,0,RBF-SVM,-0.9949590554642719,-0.9949590554642719,-1.5437678820104053,0.0,-0.6240259823735028,0,0,0,0
2026,145315,22.5,0,-0.39234475672847197,0,RBF-SVM,-0.9214468713838974,-0.9214468713838974,-2.2319897124387373,0.0,-0.11503295537361141,0,0,0,0
2026,195996,2.27,0,-0.6113374998762703,0,RBF-SVM,-0.9518473273274911,-0.9518473273274911,-1.3938712983542143,0.15,-0.42057135629168846,0,0,0,0
2026,144108,310.42,1,0.08717314462860506,1,RBF-SVM,1.1360673602411278,1.1360673602411278,7.69019385067203,0.99,0.07988429559501752,1,1,1,1
2026,50145,56.0,0,-0.34338489994080323,0,RBF-SVM,-0.8420217753458349,-0.8420217753458349,-1.4742660528304616,0.005,-0.6783726888891395,0,0,0,0
2026,102726,1.98,0,-1.0418419215254975,0,RBF-SVM,-1.1362977652859918,-1.1362977652859918,-1.8898553487722405,0.015,-1.0810279914184295,0,0,0,0
2026,282575,12.0,0,-0.677691496014797,0,RBF-SVM,-0.8320685086053915,-0.8320685086053915,-0.5919179988157972,0.025,-0.7254424591491779,0,0,0,0
2026,212922,18.98,0,-0.22129557191375143,0,RBF-SVM,-0.8876171273236745,-0.8876171273236745,-2.893277966400758,0.005,-0.057703084163561374,0,0,0,0
2026,175117,1.98,0,-1.0259889151162236,0,RBF-SVM,-1.140958645010472,-1.140958645010472,-1.7458058510737795,0.0,-0.9888208100247975,0,0,0,0
2026,176996,2.69,0,-0.8036839314674887,0,RBF-SVM,-1.1475890310481835,-1.1475890310481835,-2.0587471310612258,0.0,-1.202320934689447,0,0,0,0
2026,141576,27.85,0,-0.7703323139691568,0,RBF-SVM,-1.0422333387092517,-1.0422333387092517,-2.2676732454403905,0.0,-0.8804956705346196,0,0,0,0
2026,154286,0.92,1,-0.10645111567944443,1,RBF-SVM,0.42657171802382693,0.42657171802382693,-3.5737145184016548,0.19,0.06890002596521373,1,0,0,1
2026,83417,5.91,1,0.20391020915928276,1,RBF-SVM,0.9466877881989334,0.9466877881989334,7.250007070480867,0.99,0.07671654358796433,1,1,1,1
2026,53838,31.9,0,-0.9035368431235634,0,RBF-SVM,-0.8756424404897473,-0.8756424404897473,-0.7108169743043631,0.17,-0.8406758255154423,0,0,0,0
2026,66914,139.0,0,-1.0246222862845815,0,RBF-SVM,-1.1515637473729696,-1.1515637473729696,-2.081548331124642,0.0,-0.41420070330590025,0,0,0,0
2026,160474,32.66,0,-0.9066696228604952,0,RBF-SVM,-1.1184993489549298,-1.1184993489549298,-2.5118963978272077,0.0,-0.8219284890444589,0,0,0,0
2026,151627,118.95,0,-0.8821652657431217,0,RBF-SVM,-1.1242973919149293,-1.1242973919149293,-2.7542507117395534,0.0,-0.10404726325326685,0,0,0,0
2026,2526,56.75,0,-0.4968145060241325,0,RBF-SVM,-0.9525804544383342,-0.9525804544383342,-2.112427224702179,0.175,-0.5347673001555804,0,0,0,0
2026,95415,14.98,0,-0.9860628367325617,0,RBF-SVM,-1.0708557662233336,-1.0708557662233336,-1.368552379475375,0.0,-0.8674408425306488,0,0,0,0
2026,100490,110.85,0,-0.5276349725199857,0,RBF-SVM,-1.0660531283263315,-1.0660531283263315,-2.76858445348104,0.01,-0.3474659961190383,0,0,0,0
2026,76609,7.52,1,-0.005556256353976628,1,RBF-SVM,0.7859218091199597,0.7859218091199597,11.38158102314049,0.985,0.06890853221789525,1,1,1,1
2026,50697,38.67,0,-0.9219326134538368,0,RBF-SVM,-1.0928613195360075,-1.0928613195360075,-1.4770958552547335,0.035,-0.8518067682418156,0,0,0,0
2026,131578,47.0,0,-1.0770049965928536,0,RBF-SVM,-1.1666736142477294,-1.1666736142477294,-2.0082661760461935,0.0,-0.5737091312260689,0,0,0,0
2026,279603,85.52,0,-0.8737900110545823,0,RBF-SVM,-0.9288042759808642,-0.9288042759808642,-0.8319902503557637,0.0,-0.32375053904779205,0,0,0,0
2026,2910,20.8,0,-0.6966209352648455,0,RBF-SVM,-1.02536409971928,-1.02536409971928,-2.506795666064834,0.115,-0.21764342708741174,0,0,0,0
2026,204124,22.77,0,-0.7004555444202967,0,RBF-SVM,-1.0805579312994271,-1.0805579312994271,-2.3946331329419337,0.0,-0.7319036657657916,0,0,0,0
2026,185642,34.99,0,-0.9340232768828446,0,RBF-SVM,-0.9235461820515708,-0.9235461820515708,-0.968340699552793,0.0,-0.3725204362022598,0,0,0,0
2026,186573,88.8,0,-1.0174405767708912,0,RBF-SVM,-1.075999833507609,-1.075999833507609,-2.2720782181835055,0.0,-0.9396356236244603,0,0,0,0
2026,189671,20.0,0,-0.804003705814296,0,RBF-SVM,-1.0664229170566855,-1.0664229170566855,-3.0199949910096278,0.0,-0.19759061337416678,0,0,0,0
2026,156909,119.0,0,-0.20400700515801132,0,RBF-SVM,-0.531179537192574,-0.531179537192574,-3.8740580398997553,0.03,-0.17664570387832698,0,0,0,0
2026,82061,17.99,0,-0.5658138643804805,0,RBF-SVM,-1.005105492127858,-1.005105492127858,-2.179899293888604,0.0,-0.3895084777127604,0,0,0,0
2026,50592,136.0,0,-1.0080053373259947,0,RBF-SVM,-1.04235822735492,-1.04235822735492,-1.3944073251632063,0.0,-0.4711689845094232,0,0,0,0
2026,30314,7.61,1,0.22455824293091406,1,RBF-SVM,0.8874606102481022,0.8874606102481022,10.430577225302583,1.0,0.0689144935630017,1,1,1,1
2026,82376,246.46,0,-0.6469377373379391,0,RBF-SVM,-1.0112233777299227,-1.0112233777299227,-1.2447017806600191,0.08,-0.24981564049114885,0,0,0,0
2026,150666,78.0,1,0.07306719312459053,1,RBF-SVM,0.6190794973985453,0.6190794973985453,19.823883499537317,1.0,0.07231550823916406,1,1,1,1
2026,95030,12.69,0,-0.9289462497370999,0,RBF-SVM,-1.073095508689327,-1.073095508689327,-1.9787372846641618,0.0,-0.6787109714115971,0,0,0,0
2026,743,3.95,0,-0.9991469318734452,0,RBF-SVM,-1.0813426412519878,-1.0813426412519878,-1.7227683264679197,0.0,-0.8836868849064243,0,0,0,0
2026,240222,1.0,1,-0.6267039461167304,0,RBF-SVM,-0.8463242779030514,-0.8463242779030514,-1.0588952534814484,0.0,0.12932485266976917,0,0,0,1
2026,113986,10.5,0,-1.0656150718038186,0,RBF-SVM,-1.1561070998899625,-1.1561070998899625,-2.0148215334513275,0.0,-0.8658459205170228,0,0,0,0
2026,196987,44.53,0,-0.38758521152145053,0,RBF-SVM,-0.972302151428248,-0.972302151428248,-1.1600202891311173,0.07,-0.22149723911040425,0,0,0,0
2026,85632,20.14,0,-0.744737686258624,0,RBF-SVM,-1.0826909786737549,-1.0826909786737549,-2.568130450392368,0.0,-0.7264581521401428,0,0,0,0
2026,92903,11.99,0,-0.24767791110148601,0,RBF-SVM,-1.0351469663430355,-1.0351469663430355,-1.6879210691791742,0.095,-0.7331181246322187,0,0,0,0
2026,233592,17.75,0,-0.9668908924327091,0,RBF-SVM,-1.1552202315395999,-1.1552202315395999,-2.015896559559688,0.0,-0.744587126409153,0,0,0,0
2026,185007,1.29,0,-0.641100287125599,0,RBF-SVM,-1.1379489390472588,-1.1379489390472588,-1.8227959298182057,0.0,-1.1263435224746896,0,0,0,0
2026,118529,10.4,0,-1.0462344943204684,0,RBF-SVM,-1.142687320521631,-1.142687320521631,-1.9866665659513982,0.0,-0.868997278299166,0,0,0,0
2026,170515,104.0,0,-1.0122843983071497,0,RBF-SVM,-1.160077271183686,-1.160077271183686,-2.2132044317776023,0.0,-0.46412691787069743,0,0,0,0
2026,264131,16.0,0,0.3793524182609131,1,RBF-SVM,-0.32359322663841494,-0.32359322663841494,-0.36257572680465633,0.17,-0.2526329051192138,0,0,0,0
2026,30930,0.76,0,-0.9365055631244928,0,RBF-SVM,-0.9862642961345841,-0.9862642961345841,-0.9412459193688433,0.015,-0.7055159401480815,0,0,0,0
2026,155525,2.12,0,-0.24808897507202543,0,RBF-SVM,-0.7301226385126037,-0.7301226385126037,-3.5894020519587295,0.02,-0.45523735403800575,0,0,0,0
2026,139667,13.7,0,-0.7457376956078189,0,RBF-SVM,-0.9597374317959472,-0.9597374317959472,-1.8051149739655523,0.18,-0.9501947557272643,0,0,0,0
2026,167184,105.89,1,0.16271922751301632,1,RBF-SVM,1.0623243085033014,1.0623243085033014,5.0510940636195505,0.815,0.06891930285584578,1,1,1,1
2026,131484,58.26,0,-0.30165348799223957,0,RBF-SVM,-0.9996648811634458,-0.9996648811634458,-1.8977842813050474,0.1,-0.4520218047472821,0,0,0,0
2026,246200,5.0,0,-0.8863736164660122,0,RBF-SVM,-1.0485372236345003,-1.0485372236345003,-1.8619896973235353,0.005,-0.7038143626148281,0,0,0,0
2026,230927,1.98,0,-0.3404734298518106,0,RBF-SVM,-0.395520358360654,-0.395520358360654,-1.8524227980215433,0.14,-0.0494724207909832,0,0,0,0
2026,244337,53.6,0,-0.10008666239669217,1,RBF-SVM,-0.14396180577948625,-0.14396180577948625,0.3627752860552882,0.09,0.0518646039829382,0,0,0,1
2026,241446,84.15,0,-1.0479282034996493,0,RBF-SVM,-1.0849193038573297,-1.0849193038573297,-1.450270066210411,0.0,-0.8875763890701529,0,0,0,0
2026,41623,23.42,0,-0.8501276951983411,0,RBF-SVM,-1.1181719455872328,-1.1181719455872328,-2.0287812230497972,0.005,-0.9969645911101976,0,0,0,0
2026,187117,112.18,0,-0.07485373531592057,1,RBF-SVM,0.3251464009433107,0.3251464009433107,-2.9726290582535864,0.24,0.06857403216077082,1,0,0,1
2026,145044,0.99,0,-0.7052048291296252,0,RBF-SVM,-1.1438163105912187,-1.1438163105912187,-1.9802777825347333,0.0,-1.167996245857976,0,0,0,0
2026,72228,100.0,0,-1.0160524183943047,0,RBF-SVM,-1.1303043310098135,-1.1303043310098135,-1.696876156963446,0.0,-1.0843792844348303,0,0,0,0
2026,5954,8.95,0,-0.09824784696490577,1,RBF-SVM,-0.8233779646008904,-0.8233779646008904,-2.8096198031334687,0.0,-0.5705474491258982,0,0,0,0
2026,263274,0.77,1,0.17133371944008735,1,RBF-SVM,1.1821232474565417,1.1821232474565417,7.645552574880607,1.0,0.07800460046194024,1,1,1,1
2026,7233,10.5,0,-0.6101084819269809,0,RBF-SVM,-0.9932809253565408,-0.9932809253565408,-2.2932075197139574,0.0,-0.42988332199472173,0,0,0,0
2026,214662,120.54,1,0.41572573974583643,1,RBF-SVM,1.0478420963324622,1.0478420963324622,6.3132348508568805,0.95,0.11616661867568044,1,1,1,1
2026,50211,1.0,1,0.23329047160116265,1,RBF-SVM,0.9202641803473566,0.9202641803473566,9.390625987544446,0.99,0.0762630838686519,1,1,1,1
2026,87354,19.04,1,0.4974477134347784,1,RBF-SVM,0.6252336911534204,0.6252336911534204,3.6683550797323923,0.705,0.12555733425256077,1,1,1,1
2026,4680,75.08,0,-0.8069481215383572,0,RBF-SVM,-1.0465919296800545,-1.0465919296800545,-1.9632594867092488,0.0,-0.3256762647270691,0,0,0,0
2026,42769,118.3,1,0.16557259950258416,1,RBF-SVM,0.7349011529625242,0.7349011529625242,19.309242890613522,0.99,0.09122820994844397,1,1,1,1
2026,215771,15.0,0,-0.9975459608108499,0,RBF-SVM,-1.1908421242333334,-1.1908421242333334,-2.4043569428769827,0.0,-0.49584914510074535,0,0,0,0
2026,16415,23.36,1,0.4223614452782606,1,RBF-SVM,0.8454652706837165,0.8454652706837165,4.056154554385769,0.67,0.31131802871487835,1,1,1,1
2026,124386,1.0,0,-0.8133751932378191,0,RBF-SVM,-1.093642346989114,-1.093642346989114,-2.4976207958666112,0.0,-0.6967015926287299,0,0,0,0
2026,16844,0.89,0,-0.8557146915615066,0,RBF-SVM,-1.1526228487377086,-1.1526228487377086,-2.088508280673259,0.0,-1.0963972623443345,0,0,0,0
2026,224723,22.0,0,-1.0054059435398721,0,RBF-SVM,-1.1666538617055635,-1.1666538617055635,-2.307545407597884,0.0,-0.8968617829661043,0,0,0,0
2026,33568,25.48,0,-0.45432382726991566,0,RBF-SVM,-0.7902069822342396,-0.7902069822342396,-0.8632260497060542,0.0,-0.6396112231309992,0,0,0,0
2026,154454,147.87,1,0.053064002660757864,1,RBF-SVM,0.8253557272833154,0.8253557272833154,2.3306208304948495,0.76,0.3558152943664616,1,1,1,1
2026,34097,4.46,0,-0.6925429620960123,0,RBF-SVM,-0.9732913068497232,-0.9732913068497232,-1.407317385954786,0.02,-0.9800002621781656,0,0,0,0
2026,108708,426.4,1,0.23581232002701547,1,RBF-SVM,1.2316352869930998,1.2316352869930998,5.7702373871826,1.0,0.28904369519093714,1,1,1,1
2026,58811,144.0,0,-0.03701423011852715,1,RBF-SVM,0.4482332149139173,0.4482332149139173,-8.680348373842145,0.18,0.0689000259663369,1,0,0,1
2026,217900,17.99,0,-0.9830233593851383,0,RBF-SVM,-0.9595336792053101,-0.9595336792053101,-1.265872043773532,0.075,-0.5210043395002355,0,0,0,0
2026,77099,5.0,1,0.1767227001729087,1,RBF-SVM,1.1761131365882505,1.1761131365882505,6.440450522256204,0.99,0.19647049305327055,1,1,1,1
2026,156990,186.13,1,0.23006279977146293,1,RBF-SVM,1.3382264433491264,1.3382264433491264,5.33736367110358,0.82,0.10445347630287626,1,1,1,1
2026,183491,124.61,0,-0.9806818321895514,0,RBF-SVM,-0.9333369627773277,-0.9333369627773277,-0.8327522845509927,0.185,-0.6229824071302161,0,0,0,0
2026,156988,0.0,1,0.13217827955671999,1,RBF-SVM,1.3728541902734839,1.3728541902734839,4.911569161892554,0.92,0.14339921275308748,1,1,1,1
2026,250679,47.99,0,-0.8715901147202543,0,RBF-SVM,-1.1324665301659351,-1.1324665301659351,-1.7085683397898683,0.005,-1.0619560046353407,0,0,0,0
2026,176270,59.99,0,-1.0341807798293123,0,RBF-SVM,-1.1726938644446645,-1.1726938644446645,-2.3004924536470694,0.0,-0.6788507323112662,0,0,0,0
2026,77101,71.22,0,-0.8123649689823579,0,RBF-SVM,-0.9568137121418626,-0.9568137121418626,-1.4138217039468457,0.065,-0.7975762630069669,0,0,0,0
2026,263105,4.95,0,-0.9700399413124052,0,RBF-SVM,-1.1296239715308811,-1.1296239715308811,-2.076863498684144,0.005,-1.063545211362836,0,0,0,0
2026,6446,1.0,1,0.27989698125493256,1,RBF-SVM,1.1020302889870246,1.1020302889870246,4.885078929491377,0.8,0.10827834513847058,1,1,1,1
2026,259419,158.95,0,-0.9115640242971315,0,RBF-SVM,-1.1248612981565547,-1.1248612981565547,-2.80388629430884,0.005,-0.2711164424713017,0,0,0,0
2026,88525,14.48,0,-0.5567211303359276,0,RBF-SVM,-0.8237291792961942,-0.8237291792961942,-2.5901210621508435,0.025,-0.5523613881489187,0,0,0,0
2026,58572,0.92,0,-0.13306701356643053,1,RBF-SVM,-0.4413811933553966,-0.4413811933553966,-3.2548492373179307,0.055,0.06219635293456552,0,0,0,1
2026,103089,9.18,0,-0.7126986197501103,0,RBF-SVM,-0.8921978741681255,-0.8921978741681255,-0.8814017064796034,0.01,-0.6118025906454976,0,0,0,0
2026,252921,0.89,0,-1.012636945710622,0,RBF-SVM,-1.1611995985311476,-1.1611995985311476,-1.9878389917559285,0.005,-1.1718953565065393,0,0,0,0
2026,21077,1.29,0,-0.8961812818464374,0,RBF-SVM,-1.121752894823695,-1.121752894823695,-1.9358787063904708,0.0,-1.161680096334631,0,0,0,0
2026,42887,37.32,1,0.20132068185522048,1,RBF-SVM,0.8586986515825084,0.8586986515825084,19.165621878815816,1.0,0.15331666648784423,1,1,1,1
2026,210694,1.98,0,-0.8259629969644622,0,RBF-SVM,-1.1327712903809362,-1.1327712903809362,-2.2096209956821027,0.0,-1.1559934376982104,0,0,0,0
2026,78451,9.99,0,-0.9499963057482023,0,RBF-SVM,-1.0688993534820397,-1.0688993534820397,-1.8988158735557332,0.0,-1.0809637473244857,0,0,0,0
2026,12072,11.85,0,-0.3872041789319277,0,RBF-SVM,-0.84648205350928,-0.84648205350928,-2.2841403471998993,0.005,-0.05789311699846536,0,0,0,0
2026,122701,260.15,0,-0.5784532678003782,0,RBF-SVM,-1.1349621968426726,-1.1349621968426726,-1.9246068600830717,0.0,-1.2042323069308296,0,0,0,0
2026,143731,240.77,1,0.22925559385372268,1,RBF-SVM,1.2203229182506514,1.2203229182506514,7.534149552519179,1.0,0.08756248301384738,1,1,1,1
2026,26653,400.0,0,-0.7904823001678536,0,RBF-SVM,-1.071885903747876,-1.071885903747876,-2.632245163762005,0.0,-0.6418531866249544,0,0,0,0
2026,47802,88.0,1,0.2956252441590534,1,RBF-SVM,0.7746824843859406,0.7746824843859406,8.044535569103605,0.92,0.07600901996875152,1,1,1,1
2026,128094,1.0,0,-0.5322325675001732,0,RBF-SVM,-0.9472492529142572,-0.9472492529142572,-1.8734690230623419,0.0,-0.47060890584606635,0,0,0,0
2026,280108,9.99,0,-0.3658622085071088,0,RBF-SVM,-0.7053028391468094,-0.7053028391468094,-1.6773258408848,0.045,-0.25110235958932287,0,0,0,0
2026,120102,104.9,0,-0.8482568649761146,0,RBF-SVM,-0.9321277387447372,-0.9321277387447372,-1.0520971993419355,0.0,-0.32268501013039225,0,0,0,0
2026,215300,29.0,0,-0.6371031415789078,0,RBF-SVM,-1.0360527372427,-1.0360527372427,-1.9497110000524518,0.0,-0.3259993522887598,0,0,0,0
2026,211749,289.0,0,-0.7152033455561546,0,RBF-SVM,-0.9149672017970559,-0.9149672017970559,-0.9269341214747234,0.035,-0.48983142327001333,0,0,0,0
2026,277791,8.99,0,-0.49776001967436007,0,RBF-SVM,-1.1337601867008091,-1.1337601867008091,-1.8576088579003633,0.0,-1.162489612906269,0,0,0,0
2026,67978,1248.0,0,-0.15467864711433585,0,RBF-SVM,-0.6595521064034721,-0.6595521064034721,-1.9292731733511044,0.05,-0.011667769166835137,0,0,0,0
2026,102445,1.0,1,0.07027797745132495,1,RBF-SVM,0.45388930492289176,0.45388930492289176,15.453742214152346,0.83,0.06890002596655559,1,1,1,1
2026,46016,35.57,0,-0.9313489476613104,0,RBF-SVM,-1.137431368399732,-1.137431368399732,-2.0011747426833635,0.01,-0.25497431773708307,0,0,0,0
2026,261645,7.72,0,0.0502473936434025,1,RBF-SVM,-0.5371213182342344,-0.5371213182342344,-0.8074766250978813,0.145,-0.3191974223461702,0,0,0,0
2026,205156,79.98,0,-0.9780304501409454,0,RBF-SVM,-1.1315769651854035,-1.1315769651854035,-1.8817369370589112,0.0,-1.0379685213691545,0,0,0,0
2026,223669,0.77,0,-0.4646198465286689,0,RBF-SVM,-0.8867545012392059,-0.8867545012392059,-1.9554556919297448,0.0,-0.2911886986235858,0,0,0,0
2026,125251,152.13,0,-0.05832524459599237,1,RBF-SVM,-0.3183473545493538,-0.3183473545493538,-2.9954857567275233,0.03,0.06079790571445398,0,0,0,1
2026,130977,1.0,0,-0.920586702706248,0,RBF-SVM,-1.1147177442175553,-1.1147177442175553,-1.7544649393083616,0.0,-0.6576200993333492,0,0,0,0
2026,151009,1.0,1,-0.008696989836055054,1,RBF-SVM,0.45388926922916756,0.45388926922916756,14.686833221646907,0.755,0.06890002596655559,1,1,1,1
2026,66144,12.52,0,-1.0321847965607822,0,RBF-SVM,-1.131299472749851,-1.131299472749851,-2.0851781981292747,0.0,-0.8846340392949523,0,0,0,0
2026,141259,512.25,1,0.13355461949880562,1,RBF-SVM,0.6969437762846922,0.6969437762846922,11.603906580234813,0.99,0.0689054390109392,1,1,1,1
2026,141257,0.0,1,0.1286197817514734,1,RBF-SVM,0.7198378953122034,0.7198378953122034,12.052661883951492,1.0,0.0689063186522091,1,1,1,1
2026,256303,47.0,0,-0.9708189009703367,0,RBF-SVM,-1.0638325691211508,-1.0638325691211508,-1.4517799356792873,0.0,-0.8996957172383959,0,0,0,0
2026,220584,1.0,0,-0.28059185159363437,0,RBF-SVM,-0.8464706834662677,-0.8464706834662677,-1.9703589001813149,0.0,-0.4066353300722733,0,0,0,0
2026,61444,1.0,0,-0.4886522044015605,0,RBF-SVM,-1.0634810292304278,-1.0634810292304278,-1.6316137909420063,0.245,0.037148061208640254,0,0,0,1
2026,10737,283.5,0,-0.683775943375618,0,RBF-SVM,-1.0364353904239065,-1.0364353904239065,-2.564379385611912,0.0,-0.4817325503326643,0,0,0,0
2026,208688,776.8,0,-0.29980879738697425,0,RBF-SVM,-0.6712579043318988,-0.6712579043318988,-1.2947537947192995,0.005,-0.020741365906517928,0,0,0,0
2026,253069,7.53,0,-0.5128885674613444,0,RBF-SVM,-0.7507195291186882,-0.7507195291186882,-1.075089235289604,0.08,0.1624361628628255,0,0,0,1
2026,269386,22.92,0,-0.3074465151964106,0,RBF-SVM,-0.7082037211461375,-0.7082037211461375,-0.3937820741743361,0.255,-0.4091183480588091,0,0,0,0
2026,15810,99.99,1,0.08226206357447083,1,RBF-SVM,0.8376768467783866,0.8376768467783866,11.38828337063024,0.815,0.5065465597313512,1,1,1,1
2026,4342,82.91,0,-0.09789529035491551,1,RBF-SVM,-0.8759701472495095,-0.8759701472495095,-3.0843232281195743,0.0,-0.44400377336249813,0,0,0,0
2026,147069,52.66,0,-0.28715734628617834,0,RBF-SVM,-0.9885726995599978,-0.9885726995599978,-3.1968363186948916,0.005,-0.7242039427447333,0,0,0,0
2026,64125,200.0,0,-0.8539062179698163,0,RBF-SVM,-0.9726449998514227,-0.9726449998514227,-1.5450973783432704,0.0,-0.8119802653581984,0,0,0,0
2026,31403,217.46,0,-0.3448465583832521,0,RBF-SVM,-0.7306923785340463,-0.7306923785340463,-1.6468307940592104,0.05,-0.29759912248155923,0,0,0,0
2026,155640,2.12,0,-0.2768033525293144,0,RBF-SVM,-0.9316235832114895,-0.9316235832114895,-2.817124237857926,0.0,-0.5165614564439762,0,0,0,0
2026,80942,29.0,0,-0.38986385992672434,0,RBF-SVM,-0.6674359719089175,-0.6674359719089175,-0.6811387823714116,0.005,-0.5996274966710913,0,0,0,0
2026,245564,35.29,0,-0.5267885051346084,0,RBF-SVM,-0.527749023470894,-0.527749023470894,-2.027912689023123,0.155,-0.12085122469099874,0,0,0,0
2026,105041,1.98,0,-1.0179037853300836,0,RBF-SVM,-1.1296988533799057,-1.1296988533799057,-1.766426853220817,0.0,-1.05180825014863,0,0,0,0
2026,266454,80.0,0,-1.0324055656939484,0,RBF-SVM,-1.1639250635876959,-1.1639250635876959,-2.3662494650786785,0.0,-1.0719205505529488,0,0,0,0
2026,2101,1.29,0,-0.6366739578834707,0,RBF-SVM,-1.0008644385074459,-1.0008644385074459,-2.461270042515729,0.0,-0.7503143251666196,0,0,0,0
2026,174604,3.59,0,-0.857285001930915,0,RBF-SVM,-0.878786158035184,-0.878786158035184,-0.8344430503767013,0.115,-0.8577782520223438,0,0,0,0
2026,219618,64.2,0,-0.8549634447338827,0,RBF-SVM,-1.009147012959546,-1.009147012959546,-1.5768908951675986,0.0,-0.632049574242368,0,0,0,0
2026,42466,123.65,0,-0.18498677105566355,0,RBF-SVM,-0.7332034333668095,-0.7332034333668095,-1.5245745470654322,0.025,-0.3547033560834685,0,0,0,0
2026,129237,3.6,0,-0.5858548479525965,0,RBF-SVM,-1.0655966028567336,-1.0655966028567336,-1.9831812912929152,0.02,-0.5000748927465584,0,0,0,0
2026,163353,28.82,0,-0.9878205371200066,0,RBF-SVM,-1.117640060447754,-1.117640060447754,-1.6199075161324028,0.005,-0.6352933582063083,0,0,0,0
2026,103989,282.27,0,-0.24309519353110765,0,RBF-SVM,-0.9126911771328269,-0.9126911771328269,-2.0933088861665827,0.0,-0.3831384429596027,0,0,0,0
2026,52315,305.9,0,-0.9713258862318757,0,RBF-SVM,-1.0721136525615238,-1.0721136525615238,-1.8568534274757236,0.0,-0.8522697851361938,0,0,0,0
2026,245477,1.0,0,-0.8103302226845536,0,RBF-SVM,-1.0611088844456766,-1.0611088844456766,-1.297750092233453,0.01,-0.7925943090414795,0,0,0,0
2026,14332,3.59,0,-1.0387111775714308,0,RBF-SVM,-1.108700244209881,-1.108700244209881,-1.5486103905941087,0.0,-0.8455790787657254,0,0,0,0
2026,138078,3.58,0,-0.4910280176161074,0,RBF-SVM,-0.8572465345942722,-0.8572465345942722,-1.1498147302850585,0.005,-0.23521974449461913,0,0,0,0
2026,93214,200.0,0,-1.0626356629201497,0,RBF-SVM,-1.1721215173466297,-1.1721215173466297,-1.9765036263762368,0.0,-0.6431508750039285,0,0,0,0
2026,44474,88.27,0,-0.7122946659401895,0,RBF-SVM,-1.0350226632706256,-1.0350226632706256,-2.3472780026483555,0.0,-0.4989358301518278,0,0,0,0
2026,16863,730.86,1,0.47771935686745765,1,RBF-SVM,0.9330309801883653,0.9330309801883653,3.36064880856335,0.84,0.13232308258533357,1,1,1,1
2026,149414,8.99,0,-0.41564930306587045,0,RBF-SVM,-0.9926357219810943,-0.9926357219810943,-2.941969276697881,0.005,-0.6300956801996012,0,0,0,0
2026,133356,116.0,0,-1.0494833520397533,0,RBF-SVM,-1.09997745566868,-1.09997745566868,-1.5816206775519897,0.0,-0.8815343262289961,0,0,0,0
2026,221281,8.78,0,-0.915182049925528,0,RBF-SVM,-0.9272481875490329,-0.9272481875490329,-0.9568599947419035,0.005,-0.49852618939952625,0,0,0,0
2026,30454,15.0,0,-0.7920533173182547,0,RBF-SVM,-1.085213549333059,-1.085213549333059,-2.478855964504874,0.0,-0.7151611735413035,0,0,0,0
2026,90751,20.0,0,-0.8144913352766481,0,RBF-SVM,-0.9796645095253848,-0.9796645095253848,-1.998367061723943,0.02,-0.6392111324275993,0,0,0,0
2026,116159,196.01,0,-1.0319150983718743,0,RBF-SVM,-1.1051169167901573,-1.1051169167901573,-1.7456509804512654,0.0,-0.7777967067100129,0,0,0,0
2026,144104,1.0,1,0.18655208578856353,1,RBF-SVM,1.1990661617214728,1.1990661617214728,7.628425226671431,0.955,0.08396641934192599,1,1,1,1
2026,119884,332.14,0,-0.3480397073898851,0,RBF-SVM,-0.916615690902869,-0.916615690902869,-2.8495999445959734,0.0,-0.2895945415572097,0,0,0,0
2026,277927,0.92,0,-0.5905566871862524,0,RBF-SVM,-0.8961230128735279,-0.8961230128735279,-2.189482254242632,0.025,0.01582770838516155,0,0,0,1
2026,268375,39.98,1,0.13999045080059666,1,RBF-SVM,0.6360899428800295,0.6360899428800295,7.573723341132328,0.64,0.07047103067602073,1,1,1,1
2026,36360,39.95,0,-0.9546230770791747,0,RBF-SVM,-1.0611290179407717,-1.0611290179407717,-1.7316277378343612,0.0,-1.2851912926992177,0,0,0,0
2026,33558,17.99,0,-0.5364396296435441,0,RBF-SVM,-0.85899133510068,-0.85899133510068,-2.4033198171350496,0.11,-0.7191129624256358,0,0,0,0
2026,81186,45.64,1,0.3284572244588176,1,RBF-SVM,0.8827507678214214,0.8827507678214214,8.304332641891898,0.83,0.07502375618613057,1,1,1,1
2026,157496,11.27,0,-0.271731665725286,0,RBF-SVM,-0.9176098710346855,-0.9176098710346855,-2.810935691732653,0.0,-0.5195097523700065,0,0,0,0
2026,219901,220.99,0,-0.8783631725998923,0,RBF-SVM,-1.040467903778508,-1.040467903778508,-1.9589883409544602,0.0,-0.441253368794808,0,0,0,0
2026,69008,13.69,0,-0.9651098247239907,0,RBF-SVM,-1.0690544131109836,-1.0690544131109836,-1.920658394585785,0.135,-0.19607673006214899,0,0,0,0
2026,51355,42.8,0,-0.5341133777650254,0,RBF-SVM,-0.9556821956977345,-0.9556821956977345,-1.7349809223432304,0.0,-0.47562747137316824,0,0,0,0
2026,266735,45.49,0,-0.7717424536608612,0,RBF-SVM,-1.0983675117682856,-1.0983675117682856,-3.0699009780779747,0.0,-0.3737828056367962,0,0,0,0
2026,6386,105.28,0,-0.9702745690571188,0,RBF-SVM,-1.1138920070261977,-1.1138920070261977,-1.6545801516152925,0.0,-0.281493665230888,0,0,0,0
2026,156454,12.13,0,-0.19488005906776287,0,RBF-SVM,-0.7589686075945338,-0.7589686075945338,-3.680562117058879,0.015,-0.08652587332018855,0,0,0,0
2026,257632,1.96,0,-0.5980287055111735,0,RBF-SVM,-1.0646174495879155,-1.0646174495879155,-2.7983233093279978,0.0,-0.6770241277019533,0,0,0,0
2026,178773,93.73,0,-1.0434955882376789,0,RBF-SVM,-1.049349405788592,-1.049349405788592,-1.2887614900548279,0.0,-0.5917389632746772,0,0,0,0
2026,150669,188.52,1,0.049570006925165055,1,RBF-SVM,0.5856908183343775,0.5856908183343775,20.5731235265019,1.0,0.07294151985336303,1,1,1,1
2026,145457,1.0,0,-0.344466717905564,0,RBF-SVM,-0.686309273875812,-0.686309273875812,-0.8753765921612513,0.015,0.0155804521276253,0,0,0,1
2026,10484,3.79,1,-0.6335932278510812,0,RBF-SVM,-1.0529587254259924,-1.0529587254259924,-2.3369783082951936,0.005,-0.22515116464854484,0,0,0,0
2026,182737,0.89,0,-0.35578883076791695,0,RBF-SVM,-0.2423660003284286,-0.2423660003284286,0.6129179404865772,0.265,-0.062219297554494624,0,0,0,0
2026,101047,614.55,0,-0.67607910680613,0,RBF-SVM,-0.8992911578826764,-0.8992911578826764,-1.453755485770682,0.005,-0.5529064732116264,0,0,0,0
2026,178858,22.0,0,-1.0036326490747258,0,RBF-SVM,-1.1641735142371012,-1.1641735142371012,-2.1497077000100093,0.0,-0.5677511743859216,0,0,0,0
2026,252124,0.77,1,0.3426399790823383,1,RBF-SVM,1.36521042858456,1.36521042858456,5.964395124641343,0.92,0.13730159703643857,1,1,1,1
2026,80760,113.92,1,0.37577234568473716,1,RBF-SVM,1.3641098929553066,1.3641098929553066,4.608759159809048,0.995,0.09626078207418665,1,1,1,1
2026,623,529.0,1,-0.4018804840803647,0,RBF-SVM,-0.8322911953403688,-0.8322911953403688,-1.5905809807564817,0.035,-0.04979719283097228,0,0,0,0
2026,45732,1.0,1,0.20812081161835155,1,RBF-SVM,0.8831914784257018,0.8831914784257018,4.9113724926151905,0.71,0.10733994656485984,1,1,1,1
2026,274117,1.0,0,-0.8207476588905012,0,RBF-SVM,-1.1286566657622479,-1.1286566657622479,-2.284217027666365,0.015,-0.8631950113379345,0,0,0,0
2026,242066,16.0,0,-0.45494521542925503,0,RBF-SVM,-1.0330021688443858,-1.0330021688443858,-1.6608060774044575,0.24,-0.4301939162931585,0,0,0,0
2026,135718,7.57,1,0.4201709195971626,1,RBF-SVM,0.8778016119902015,0.8778016119902015,3.6115799811624587,0.82,0.3945352582346801,1,1,1,1
2026,224744,0.99,0,-1.044463127490009,0,RBF-SVM,-1.1766500428831566,-1.1766500428831566,-2.1846898626085225,0.0,-1.1301622306216415,0,0,0,0
2026,234633,1.59,1,0.9576866239647214,1,RBF-SVM,0.7238169540815832,0.7238169540815832,2.8947779513422676,1.0,0.9999658700410474,1,1,1,1
2026,79835,1.75,1,0.10921590996107264,1,RBF-SVM,0.8715957160505585,0.8715957160505585,3.6786614771622697,0.74,0.5582334741846366,1,1,1,1
2026,8845,30.39,1,0.2008085974998393,1,RBF-SVM,0.8089936663030275,0.8089936663030275,8.459191901855872,0.795,0.07448719476383359,1,1,1,1
2026,102444,1.0,1,0.07027797745132487,1,RBF-SVM,0.45388930492289176,0.45388930492289176,15.453742214152346,0.83,0.06890002596655559,1,1,1,1
31415,114162,12.98,0,-0.6540840294079789,1,Random forest,0.025,-1.0479090275834504,-1.877487060970001,0.025,-0.23134318765766115,0,0,0,0
31415,227854,40.23,0,-0.46082857091847534,1,Random forest,0.035,-0.9241240212989136,-1.2417397188227435,0.035,-0.08687124325512358,0,0,0,0
31415,150372,50.0,0,-1.2445449659392827,0,Random forest,0.04,-1.0177620734085173,-0.991716557348994,0.04,-0.20690052097912404,0,0,0,0
31415,105063,3.99,0,-1.0872778049310643,0,Random forest,0.0,-1.0917348415186683,-1.5180486600261478,0.0,-0.7245569638095799,0,0,0,0
31415,254344,187.11,1,-1.2601006258743501,0,Random forest,0.0,-1.0747923629056721,-1.1923928976927438,0.0,-0.5952672920336275,0,0,0,0
31415,67168,40.0,0,-1.2561364074607715,0,Random forest,0.045,-0.9852951330858896,-1.3200009519795513,0.045,-0.4339531527395295,0,0,0,0
31415,24318,95.86,0,-0.9724301178800074,0,Random forest,0.26,-0.22947256631732127,-2.256461704937297,0.26,0.07876916559651266,0,0,0,1
31415,238687,47.11,0,-1.4009593603286712,0,Random forest,0.01,-1.043332596644392,-1.5087868761533358,0.01,-0.5153040262381269,0,0,0,0
31415,257905,96.0,0,-1.2484815134943197,0,Random forest,0.005,-0.9289766798144262,-0.8583311524653612,0.005,-0.7848540104962827,0,0,0,0
31415,39913,12.39,0,-0.9164975938696315,0,Random forest,0.01,-0.5209010287939521,-0.653506229846351,0.01,-0.2836244596178776,0,0,0,0
31415,189878,1.0,1,-0.4401139714452047,1,Random forest,0.615,0.037854384400173635,0.004216346516298319,0.615,0.08586174075839437,0,0,1,1
31415,161125,275.19,0,-1.3084740411561602,0,Random forest,0.005,-1.1827271349638018,-1.7122016380919196,0.005,-0.6195971986689134,0,0,0,0
31415,50535,32.0,0,-0.550869365748024,1,Random forest,0.265,-0.776268002688712,-0.8772764820274825,0.265,-0.16642924559962047,0,0,0,0
31415,184020,49.18,0,-1.1465928712584343,0,Random forest,0.005,-1.0450733151462117,-1.059244818592278,0.005,-0.07391812038532417,0,0,0,1
31415,19210,1.98,0,-1.03257615213943,0,Random forest,0.025,-1.017442282363453,-1.5178915016038765,0.025,-0.9471782971312734,0,0,0,0
31415,61433,187.0,0,-0.8766959603970159,0,Random forest,0.025,-1.0506581684943122,-1.4696798347885616,0.025,-0.5594208317379828,0,0,0,0
31415,120505,99.85,1,-0.5709620201594416,1,Random forest,0.71,0.8994404532753164,5.208838659234019,0.71,0.09735863269012558,1,1,1,1
31415,163149,17.06,1,-0.5594789881211533,1,Random forest,0.745,0.7699581434627724,1.6892915101677934,0.745,0.11508246034236505,1,1,1,1
31415,216701,5.38,0,-0.909327269794736,0,Random forest,0.21,-1.0061650642613,-1.8556801876430231,0.21,-0.053491473491301234,0,0,0,1
31415,12261,1.0,1,-0.6124759822853076,1,Random forest,0.84,0.47060919512027455,8.000192932008975,0.84,0.0858617408398002,0,1,1,1
31415,196527,282.0,0,-1.154262258428049,0,Random forest,0.025,-0.8889467405866563,-0.9402258243757602,0.025,-0.27668180810345805,0,0,0,0
31415,229843,10.02,0,-0.9966438556974924,0,Random forest,0.065,-1.130640997205949,-2.044443821322429,0.065,-0.7623088135514597,0,0,0,0
31415,192584,362.55,1,-0.5886989402792336,1,Random forest,0.885,0.9432799333212168,3.057661783583635,0.885,0.08988554127024714,1,1,1,1
31415,15566,99.99,1,-0.5397104332166484,1,Random forest,0.725,0.47047563725786956,7.0001081881211755,0.725,0.08586174083975684,0,1,1,1
31415,223050,31.26,0,-0.8641803870871496,0,Random forest,0.03,-0.8387204443334467,-2.8499561256012886,0.03,-0.06422500042225598,0,0,0,1
31415,154693,1.0,1,-0.5692136408049248,1,Random forest,0.795,0.9307522565772608,5.182126301755946,0.795,0.09427581179325241,1,1,1,1
31415,173448,40.0,0,-1.4027981790117012,0,Random forest,0.1,-0.9009394785555572,-1.2182486521676434,0.1,-0.1117577113408709,0,0,0,0
31415,276067,13.48,0,-0.8901262201449942,0,Random forest,0.015,-1.1102728050010056,-2.0129285390943696,0.015,-0.5770632560389976,0,0,0,0
31415,70649,5.0,0,-0.7138612645362016,1,Random forest,0.125,-0.9472865553464292,-0.88287268154183,0.125,-0.46684508788131196,0,0,0,0
31415,191284,22.0,0,-1.2356268892991427,0,Random forest,0.0,-1.2077167995213332,-1.5326922359263735,0.0,-0.06125497364623811,0,0,0,1
31415,119631,2.69,0,-1.139747232169762,0,Random forest,0.005,-1.111943857639484,-1.5081144730793836,0.005,-0.9357535066090517,0,0,0,0
31415,218174,31.23,0,-1.0421964820388763,0,Random forest,0.0,-1.0628581824933914,-1.5255000686635567,0.0,-0.9316851162622677,0,0,0,0
31415,541,0.0,1,-0.3999171224518954,1,Random forest,0.805,0.5329420453465757,1.8452831495415756,0.805,0.11396606378285788,1,1,1,1
31415,244362,14.3,0,-1.2725323283224599,0,Random forest,0.01,-0.8445672873927424,-0.8834834909668667,0.01,-0.31222603127472925,0,0,0,0
31415,98392,31.15,0,-1.0640681264352199,0,Random forest,0.15,-0.907010635262666,-0.7704230042096623,0.15,-0.6789661519462937,0,0,0,0
31415,23365,822.16,0,-0.888410883084806,0,Random forest,0.125,0.29051697919928476,-0.2440557192154562,0.125,0.06452851198401055,0,0,0,1
31415,154454,147.87,1,-0.3326629110685528,1,Random forest,0.845,0.8779727254414741,2.436090829862697,0.845,0.11959937237859225,1,1,1,1
31415,215149,1.18,0,-1.0049623743925538,0,Random forest,0.065,-0.8480714366311929,-2.221839719863749,0.065,-0.16161203257627726,0,0,0,0
31415,104429,14.99,0,-0.6944327879091521,1,Random forest,0.235,0.3431494598172921,-3.063643401123207,0.235,0.0858615918121328,0,0,0,1
31415,247547,234.57,0,-1.1260288385113477,0,Random forest,0.0,-0.9906810150835542,-1.146620304763978,0.0,-0.370185411294068,0,0,0,0
31415,73500,39.9,0,-1.1494996403034383,0,Random forest,0.0,-1.1708684470384574,-1.8435860974420033,0.0,-0.579778945490016,0,0,0,0
31415,179600,1.46,0,-0.9803230743661999,0,Random forest,0.035,-0.8339137979167667,-1.9372768466070374,0.035,-0.36161131861949786,0,0,0,0
31415,182619,19.66,0,-1.1655473480923924,0,Random forest,0.005,-1.073369834883703,-1.105618688828681,0.005,-0.7098073161512247,0,0,0,0
31415,137792,26.05,0,-1.068650976249589,0,Random forest,0.04,-1.0237181015016574,-1.970943091451953,0.04,-0.16288763543305979,0,0,0,0
31415,182008,9.0,0,-1.1491067287304015,0,Random forest,0.01,-0.8538571679211658,-0.6928647003063524,0.01,-0.5858483889532006,0,0,0,0
31415,96509,70.99,0,-1.0089134534065254,0,Random forest,0.0,-0.9442263917510171,-1.2160847257209675,0.0,-0.6462237633707792,0,0,0,0
31415,116655,66.16,0,-1.4856781762102487,0,Random forest,0.0,-1.0885362383169408,-1.7863858133171262,0.0,-0.42478492833465675,0,0,0,0
31415,44270,1.0,1,-0.39656746482355865,1,Random forest,0.775,0.6011852851598085,7.953490980079777,0.775,0.08586174084036717,1,1,1,1
31415,123238,1.0,1,-0.9285273203506723,0,Random forest,0.115,0.06685556626453515,0.02692066609550836,0.115,-0.046212241019463335,0,0,0,1
31415,130264,1.0,0,-1.1222882098821874,0,Random forest,0.055,-1.123060342884973,-2.6462921389144505,0.055,-0.3748690687520177,0,0,0,0
31415,246837,82.2,0,-1.4372399044800754,0,Random forest,0.0,-1.1983371791820363,-1.6925330081908105,0.0,-0.3388315844444724,0,0,0,0
31415,202731,6.15,0,-1.1924602743991564,0,Random forest,0.03,-0.8940280022171393,-1.5770535212592813,0.03,-0.7859708860545125,0,0,0,0
31415,214138,14.0,0,-1.156764790999699,0,Random forest,0.205,-0.8087512200637063,-1.4163683460541119,0.205,0.04603607115622391,0,0,0,1
31415,6336,1.0,1,-0.8220832186568657,0,Random forest,0.87,0.7958504097197554,4.9836317941319725,0.87,0.09046132145761533,1,1,1,1
31415,256750,27.56,0,-1.1618828025903793,0,Random forest,0.0,-1.1290135946587454,-1.403932576892869,0.0,-0.5271922112490328,0,0,0,0
31415,6553,26.05,0,-1.1766819946439322,0,Random forest,0.01,-1.1251525933276039,-1.3542834852208294,0.01,-0.508380695716062,0,0,0,0
31415,270437,27.42,0,-1.2630571476298116,0,Random forest,0.03,-1.061686221309114,-1.1159754131788284,0.03,-0.9139203219827735,0,0,0,0
31415,43204,106.55,1,-0.3078857687142291,1,Random forest,0.665,0.5212768727477611,8.377496358690303,0.665,0.08586174649503564,1,1,1,1
31415,11841,1.0,1,-0.6713343911341978,1,Random forest,0.79,0.4707773765325909,8.528672492725406,0.79,0.08586174084129422,0,1,1,1
31415,221723,5.49,0,-1.0502291936664978,0,Random forest,0.0,-1.11185110229082,-1.4921040508997037,0.0,-0.6913964209425367,0,0,0,0
31415,11717,197.84,0,-1.1837508949382736,0,Random forest,0.015,-0.9635651138155209,-1.375046851861848,0.015,-0.12984565047435676,0,0,0,0
31415,278163,36.83,0,-0.8675216024366286,0,Random forest,0.09,-0.5909223719623403,-1.65666870920125,0.09,-0.03008877702969509,0,0,0,1
31415,99010,33.35,0,-1.2710873846067487,0,Random forest,0.0,-1.2130832254339863,-1.4874522982043086,0.0,-0.9035890678618878,0,0,0,0
31415,166730,54.65,0,-0.8705192247400155,0,Random forest,0.08,-0.4490060694870208,-2.8125800016281532,0.08,0.08245514674086196,0,0,0,1
31415,157116,41.23,0,-0.8656517880369874,0,Random forest,0.05,-0.7567744872213881,-1.4914462885048527,0.05,-0.08410948615811584,0,0,0,0
31415,223578,8.9,1,-0.40017596728715316,1,Random forest,0.765,1.072469747189946,2.9866648313063813,0.765,0.08687271082570079,1,1,1,1
31415,12186,0.76,0,-0.777443784643785,0,Random forest,0.15,-0.7414357853644339,-0.5942115296370998,0.15,-0.331694725768725,0,0,0,0
31415,270929,15.6,0,-1.3561500649854175,0,Random forest,0.005,-1.0633211206978275,-1.3476605613120078,0.005,-0.7261759851635641,0,0,0,0
31415,92524,29.6,0,-1.2270311099128755,0,Random forest,0.085,-0.9117022096675756,-1.598774588859513,0.085,-0.6498643335706198,0,0,0,0
31415,169888,8.95,0,-1.0468680504520855,0,Random forest,0.015,-0.8134327238342681,-1.0295858072872033,0.015,-0.6178887382918348,0,0,0,0
31415,155886,11.27,0,-0.9463624053265918,0,Random forest,0.01,-0.6709024492114509,-2.3823841260618766,0.01,-0.3401533862688805,0,0,0,0
31415,156019,889.34,0,-0.9003831942369889,0,Random forest,0.12,-0.11885788567134847,-1.3364797639116206,0.12,0.0826513792604598,0,0,0,1
31415,199896,1335.0,1,-0.7190444043598894,1,Random forest,0.77,0.45339761574240534,4.005618132602184,0.77,0.08562561877399086,0,1,1,1
31415,178164,150.0,0,-1.2394025497547037,0,Random forest,0.0,-1.19180468738308,-1.624028438398219,0.0,-1.0839979582678199,0,0,0,0
31415,270489,9.99,0,-1.3665206552748541,0,Random forest,0.0,-1.1895634503338797,-1.8711790534343296,0.0,-0.9793120973005667,0,0,0,0
31415,225655,15.0,0,-1.3246381256546012,0,Random forest,0.055,-1.1199620523078133,-1.7297178661189314,0.055,-0.6267834519468175,0,0,0,0
31415,259771,42.35,0,-1.328740613245142,0,Random forest,0.0,-1.1450404019801392,-1.2989693585432283,0.0,-1.018495772890568,0,0,0,0
31415,275234,158.0,0,-1.1654282907557814,0,Random forest,0.105,-0.717642556667016,-0.6851818811450674,0.105,-0.3474495323347398,0,0,0,0
31415,13099,6.79,0,-0.8927824457465261,0,Random forest,0.11,-0.14167374728027338,-0.11143504462445608,0.11,-0.047558017004596165,0,0,0,1
31415,224910,38.0,0,-1.1544464233700966,0,Random forest,0.05,-0.8955991136845659,-2.3681229262415853,0.05,-0.11473197668335236,0,0,0,0
31415,246006,17.0,0,-1.317862556732258,0,Random forest,0.015,-0.9932552235930284,-1.0220346510989746,0.015,-0.6139298528196538,0,0,0,0
31415,195952,10.0,0,-0.8106113190307978,0,Random forest,0.28,-0.8940205883515314,-2.0414524079765486,0.28,-0.022414085896807254,0,0,0,1
31415,1801,3.23,0,-1.3488935804200446,0,Random forest,0.0,-1.1774294981585198,-1.4902688949603684,0.0,-1.224469647464017,0,0,0,0
31415,90119,4.45,0,-0.9891915528127478,0,Random forest,0.005,-0.9269230980118665,-1.1260231280911772,0.005,-0.9249779281759436,0,0,0,0
31415,6908,75.0,0,-0.8380794470954762,0,Random forest,0.07,0.26168815310554727,-4.98966784341697,0.07,0.08583644875346924,0,0,0,1
31415,77348,0.01,1,-0.5010026789784968,1,Random forest,0.84,0.9868189209328625,2.922914676458742,0.84,0.1730015107685554,1,1,1,1
31415,151008,1.0,1,-0.4189040757634509,1,Random forest,0.81,0.47063967545010205,6.128910684163957,0.81,0.08586174083975684,0,1,1,1
31415,114271,16.48,1,-0.5780380266329517,1,Random forest,0.73,0.5750111211066598,2.1318971498634838,0.73,0.128402355651432,1,1,1,1
31415,60985,1.98,0,-1.1863609698344988,0,Random forest,0.005,-1.0606034400673834,-1.5312732688464858,0.005,-1.1611689272549504,0,0,0,0
31415,34755,204.98,0,-0.9915942194517122,0,Random forest,0.015,-1.066211743155856,-1.431026073210791,0.015,-0.09317612569030276,0,0,0,0
31415,70470,552.89,0,-0.9795308473771973,0,Random forest,0.08,-0.32136094702780815,-2.0919481488486285,0.08,0.08171447269958437,0,0,0,1
31415,39973,1656.24,0,-0.5825633291920231,1,Random forest,0.3,0.4703374127983139,0.011437171586725858,0.3,0.08586174083975684,0,0,0,1
31415,152223,8.64,1,-0.492043523386598,1,Random forest,0.86,0.4818033953006668,7.283973972964776,0.86,0.08586174083975684,0,1,1,1
31415,75715,0.0,0,-1.084908332207669,0,Random forest,0.065,-0.8195878650138503,-1.4485652911901763,0.065,0.08403391836653414,0,0,0,1
31415,25245,7.95,0,-1.2695287253980434,0,Random forest,0.0,-1.1204736821559003,-1.6305310062956662,0.0,-0.9271470189746374,0,0,0,0
31415,64849,804.43,0,-0.9965897991026734,0,Random forest,0.095,0.21169697928552672,-0.2941777571918458,0.095,0.0420051037334067,0,0,0,1
31415,210741,75.46,0,-1.2593907117214662,0,Random forest,0.005,-1.067082481148684,-1.2180557058852763,0.005,-1.0910198143993528,0,0,0,0
31415,17966,134.99,0,-1.303118814768378,0,Random forest,0.0,-0.9667325432503552,-1.5437418341664046,0.0,-0.3847874325577806,0,0,0,0
31415,249686,103.06,0,-1.2770606219793375,0,Random forest,0.01,-1.0878813355335382,-2.031851978508932,0.01,-0.7696860990911494,0,0,0,0
31415,8845,30.39,1,-0.6190979490312667,1,Random forest,0.75,0.9526091710242088,4.344618723458715,0.75,0.09051801058609074,1,1,1,1
31415,252720,44.76,0,-0.975652109390093,0,Random forest,0.18,0.19815853119646593,0.15726456797237875,0.18,0.08395960533364809,0,0,0,1
31415,193063,19.0,0,-1.1304739641970043,0,Random forest,0.0,-0.869795184051496,-0.9439495647528463,0.0,-0.680701254748871,0,0,0,0
31415,271362,47.3,0,-0.886307811195757,0,Random forest,0.055,-0.8044060260141216,-2.808400377615989,0.055,-0.2078345904616013,0,0,0,0
31415,268040,1.0,0,-1.0166556584877557,0,Random forest,0.0,-1.120990552446175,-2.2600396046533855,0.0,-0.6418780433372063,0,0,0,0
31415,204109,3.98,0,-1.0322662934177949,0,Random forest,0.1,-0.8973230222287875,-1.4184363230526738,0.1,-0.12015786557782804,0,0,0,0
31415,217784,67.59,0,-1.094754708594059,0,Random forest,0.0,-1.01360848530403,-1.0711362973737588,0.0,-0.8332971358607384,0,0,0,0
31415,216248,121.42,0,-1.1990256025447854,0,Random forest,0.27,-0.9571967691100353,-0.973825920524003,0.27,-0.10522351105675043,0,0,0,0
31415,136083,319.0,0,-1.1596813500887104,0,Random forest,0.265,-0.22059434886397133,-0.5681990132183246,0.265,-0.4121482838707172,0,0,0,0
31415,48094,24.9,1,-0.642209955168314,1,Random forest,0.64,0.4064636281239765,1.019466036333528,0.64,0.09904815034488758,0,1,1,1
31415,250287,1.0,0,-1.134575657796263,0,Random forest,0.0,-1.0265074503976992,-1.106949566540043,0.0,-0.6802337338932698,0,0,0,0
31415,270241,11.99,0,-1.0906837958556805,0,Random forest,0.0,-1.1015466859900949,-1.244473794207254,0.0,-1.0019308312743078,0,0,0,0
31415,228994,243.39,0,-1.253908332642101,0,Random forest,0.03,-0.9016466609575059,-1.3643871913911936,0.03,-0.11546922034381635,0,0,0,0
31415,235907,94.99,0,-1.1242719488413724,0,Random forest,0.07,-0.7687241487004525,-1.2599316671848255,0.07,-0.4858246210892174,0,0,0,0
31415,129617,3.99,0,-1.239487292359752,0,Random forest,0.025,-1.025222959266812,-1.304488592915026,0.025,-1.1857358683880412,0,0,0,0
31415,143728,1.0,1,-0.4943729803154029,1,Random forest,0.84,0.9239101540121809,4.667328101016485,0.84,0.11029090882024983,1,1,1,1
31415,239499,50.0,1,-0.5694800624387958,1,Random forest,0.64,0.13661668137952093,0.4597749191348104,0.64,0.08690993650592872,0,1,1,1
31415,95578,1.79,0,-1.1461398038240787,0,Random forest,0.115,-1.0792232100413197,-1.258378121864715,0.115,-0.746371328208957,0,0,0,0
31415,247048,99.97,0,-1.2293018702517444,0,Random forest,0.015,-0.9744181845250152,-0.885373562087703,0.015,-0.5778284171739826,0,0,0,0
31415,130191,1.0,0,-1.0040581570154552,0,Random forest,0.09,-0.9289059127278597,-2.54315320691705,0.09,-0.08102603539179193,0,0,0,0
31415,72919,13.4,0,-1.2379495325052645,0,Random forest,0.005,-1.0307921764050532,-0.9813560812134035,0.005,-0.6465672976967213,0,0,0,0
31415,150020,5.0,0,-1.2740866672713,0,Random forest,0.005,-1.169702197346591,-2.4397540379713725,0.005,-0.15838247245035617,0,0,0,0
31415,17453,99.99,1,-0.42486940276269614,1,Random forest,0.695,0.4703861066885109,6.292017078981437,0.695,0.08586174083975684,0,1,1,1
31415,279536,124.37,0,-0.9256539193342043,0,Random forest,0.23,-0.5946017131520932,-0.8096198658292252,0.23,-0.4327113702765246,0,0,0,0
31415,49051,80.0,0,-0.9734605739390487,0,Random forest,0.17,-1.1122196475873527,-1.4800924597913148,0.17,-0.250717096476219,0,0,0,0
31415,269688,1.0,0,-1.1348429918480427,0,Random forest,0.03,-0.9856680468459754,-2.157878032339145,0.03,-0.722052415639495,0,0,0,0
31415,153265,4.92,0,-1.0644454699959298,0,Random forest,0.09,-0.9404284986655388,-1.4300043691361957,0.09,0.046846808354765,0,0,0,1
31415,177935,199.0,0,-0.9057818414447107,0,Random forest,0.01,-0.8767217502341461,-1.199789788156899,0.01,0.01444518331141291,0,0,0,1
31415,169180,93.75,0,-1.3251981949353193,0,Random forest,0.01,-0.986434732203941,-2.0907433576202923,0.01,-0.056211952684525945,0,0,0,1
31415,185628,25.0,0,-0.8850287884132323,0,Random forest,0.0,-0.8919595569999358,-1.2270042363866618,0.0,-0.7556950633111984,0,0,0,0
31415,173982,84.0,0,-1.2661029312226566,0,Random forest,0.005,-1.0219568446293508,-1.109750088327258,0.005,-0.7002030394030136,0,0,0,0
31415,205597,1.0,0,-1.1053400124105281,0,Random forest,0.005,-1.1810260665682786,-1.4373187333035733,0.005,-0.679341107253326,0,0,0,0
31415,119781,124.53,1,-0.055020404079726526,1,Random forest,0.845,1.064579043831806,4.317316433304517,0.845,0.09670954306590047,1,1,1,1
31415,213116,8.3,1,-0.5698994551531534,1,Random forest,0.805,0.9299264507659738,3.7294919339764503,0.805,0.08669146374652993,1,1,1,1
31415,154286,0.92,1,-0.8062847470745127,0,Random forest,0.345,0.4703855547608751,9.23345816686512,0.345,0.08586174083975684,0,1,0,1
31415,166844,15.14,0,-0.7685944717486123,0,Random forest,0.035,-0.9277512058925702,-0.8181545495150858,0.035,-0.09584246266994206,0,0,0,0
31415,192794,17.98,0,-1.410451405887958,0,Random forest,0.175,-1.0040356768748095,-1.4312931023624333,0.175,-0.028696020307179868,0,0,0,1
31415,6446,1.0,1,-0.6307720339433684,1,Random forest,0.78,0.9258754068411221,3.0506260046951397,0.78,0.09071169687487386,1,1,1,1
31415,93436,34.03,0,-1.198118149656926,0,Random forest,0.0,-1.1356266261992456,-1.2952595691791242,0.0,-0.9552267943531711,0,0,0,0
31415,10204,11.39,1,-0.43096108641233405,1,Random forest,0.545,0.41295379664784115,-1.568495282174737,0.545,0.08586170849268127,0,0,1,1
31415,113689,119.0,0,-1.051583682956987,0,Random forest,0.045,-0.9438392338757627,-1.0453601599124465,0.045,-0.5581843391810186,0,0,0,0
31415,273121,9.58,0,-1.0818871960972163,0,Random forest,0.065,-0.6998645938382028,-1.9365450157234099,0.065,-0.0879615975473298,0,0,0,0
31415,112501,0.89,0,-1.1254404049137359,0,Random forest,0.03,-1.0545352488028765,-1.4096146266078382,0.03,-0.8984504197071485,0,0,0,0
31415,263877,0.38,1,-0.6168385073840141,1,Random forest,0.82,1.0466402927845468,4.62173778765944,0.82,0.1085916929903005,1,1,1,1
31415,6338,1.0,1,-0.5682233954634167,1,Random forest,0.87,0.7627273033550959,5.211992401319896,0.87,0.08857495194135748,1,1,1,1
31415,167427,436.69,0,-0.7709804061087727,0,Random forest,0.04,-0.2754069200806487,-1.0034161111650566,0.04,-0.05811935485882189,0,0,0,1
31415,28289,195.96,0,-1.2442452832229467,0,Random forest,0.005,-0.9773692447634398,-1.0547083235210177,0.005,-0.43968075327414935,0,0,0,0
31415,232831,0.89,0,-0.9809656407817563,0,Random forest,0.045,0.17603855384962314,-3.3869948774083483,0.045,0.0825950509130216,0,0,0,1
31415,83417,5.91,1,-0.3422548060217909,1,Random forest,0.805,0.9769632983969581,2.8160514875383136,0.805,0.09026055955465889,1,1,1,1
31415,43061,34.12,1,-0.3153210992289352,1,Random forest,0.685,0.8433576937482087,8.95307205185421,0.685,0.08586778032445744,1,1,1,1
31415,216945,1.0,0,-0.9234622170467051,0,Random forest,0.095,-0.9111483611918346,-1.4442318036103066,0.095,-0.3326715303190817,0,0,0,0
31415,129397,86.9,0,-1.0909781246498478,0,Random forest,0.08,-0.9488750513013776,-1.85222624893207,0.08,-0.18838716002480393,0,0,0,0
31415,251891,7.06,1,-0.9015653314142468,0,Random forest,0.175,0.1918529377314273,0.25050484659696015,0.175,-0.03389059672121257,0,0,0,1
31415,268443,43.24,0,-1.40057141656998,0,Random forest,0.0,-1.1853633199424567,-1.7221573866299726,0.0,-0.7142519409448377,0,0,0,0
31415,237880,117.9,0,-1.2213187959233487,0,Random forest,0.04,-0.8801660122553036,-1.9667913324854926,0.04,-0.12755721631899966,0,0,0,0
31415,223804,17.45,0,-0.8706273698820133,0,Random forest,0.01,-1.0052829417063291,-1.0105225998425955,0.01,-0.017894398864445576,0,0,0,1
31415,44890,26.99,0,-1.2223174242940265,0,Random forest,0.075,-1.086346250968246,-1.4937195908374634,0.075,-0.30446272639068606,0,0,0,0
31415,27738,125.3,1,-0.6255021686358091,1,Random forest,0.9,0.8918618275488963,1.5785947386200296,0.9,0.09053441378640559,1,1,1,1
31415,4010,9.99,0,-1.2167041300957702,0,Random forest,0.025,-0.9569394791031124,-1.8131675003689978,0.025,-0.12761880484083904,0,0,0,0
31415,623,529.0,1,-1.0035962001926169,0,Random forest,0.105,-0.6408257365454036,-1.6469419571849457,0.105,0.08178145411076733,0,0,0,1
31415,246287,164.87,0,-1.310402474300703,0,Random forest,0.0,-1.124768495943957,-1.1415414799839163,0.0,-0.5366543963762908,0,0,0,0
31415,149357,38.76,1,-0.4891235655875131,1,Random forest,0.665,0.1972952625961627,0.6525880309363663,0.665,0.08749267387874388,0,1,1,1
31415,180572,220.82,0,-1.303510586607894,0,Random forest,0.005,-0.9766292977228274,-1.993782050520418,0.005,-0.3934869604735451,0,0,0,0
31415,70804,95.0,0,-0.9085229228986085,0,Random forest,0.02,-1.0583644043660199,-1.8905719442019286,0.02,-0.14512508007278224,0,0,0,0
31415,238461,3.57,0,-1.1881421118279492,0,Random forest,0.03,-0.8663678227671013,-1.1525959564622965,0.03,-0.8359820341359893,0,0,0,0
31415,178054,140.35,0,-1.1381645418848432,0,Random forest,0.04,-1.0934636193148006,-1.4050992673003229,0.04,-0.8161469731201806,0,0,0,0
31415,226877,0.0,1,-0.4576816886166145,1,Random forest,0.885,1.1391023260495046,4.105234258886679,0.885,0.08591824619497042,1,1,1,1
31415,274036,19.8,0,-1.177352450682065,0,Random forest,0.005,-1.057902260732622,-1.27269215025708,0.005,-0.713943488970812,0,0,0,0
31415,175067,0.0,0,-1.2139675583132872,0,Random forest,0.025,-1.1347735762924547,-1.2945141173351413,0.025,-0.15911029393183967,0,0,0,0
31415,282449,199.0,0,-1.1432365626956207,0,Random forest,0.075,-1.0901798847486281,-1.6285046946622068,0.075,-0.2623944076538286,0,0,0,0
31415,17030,89.99,0,-0.8831571333965937,0,Random forest,0.09,0.06146769916771955,-3.8095367421367072,0.09,0.08572126830232746,0,0,0,1
31415,279780,184.48,0,-1.1849488205422873,0,Random forest,0.03,-0.9407185610000396,-1.0983480669898231,0.03,-0.41297162489592315,0,0,0,0
31415,256084,19.99,0,-1.029920090693612,0,Random forest,0.005,-1.006159833032894,-1.5805709907264458,0.005,-0.2724238785545177,0,0,0,0
31415,18773,0.68,1,-0.3761504163078382,1,Random forest,0.9,0.830881748045285,5.05106971264109,0.9,0.0933274119462013,1,1,1,1
31415,138665,1.0,0,-1.3221282734322055,0,Random forest,0.0,-1.1376220708653255,-1.3339412743282546,0.0,-0.639357586068106,0,0,0,0
31415,276698,3.57,0,-1.0429787552141243,0,Random forest,0.0,-1.0333576193680747,-1.2053501055741982,0.0,-0.9014212193033092,0,0,0,0
31415,203700,0.0,1,-0.1598206671605112,1,Random forest,0.93,0.9706829783373743,4.119518228200211,0.93,0.13152093664449485,1,1,1,1
31415,111963,9.99,0,-1.2662779710910903,0,Random forest,0.0,-1.2085808849600466,-1.6253911994833414,0.0,-1.0759681995985018,0,0,0,0
31415,80760,113.92,1,-0.504387462744616,1,Random forest,0.885,0.706247717794078,1.449233534719512,0.885,0.08638232792337028,1,1,1,1
31415,274469,12.97,0,-1.0982620079262086,0,Random forest,0.0,-1.0451886846764848,-1.2843633731774642,0.0,-0.5563671963861626,0,0,0,0
31415,204064,345.0,1,-0.6455337459585088,1,Random forest,0.64,0.34668449358131814,0.8175490608665339,0.64,0.09587080891185806,0,1,1,1
31415,132662,9.68,0,-0.9242310695976401,0,Random forest,0.0,-0.6750079607470844,-0.6564154193371006,0.0,-0.60408014822438,0,0,0,0
31415,127009,14.95,0,-0.8642941565424231,0,Random forest,0.12,-0.2804545218366653,-2.873349420140096,0.12,0.08575333821409938,0,0,0,1
31415,224965,69.22,0,-1.0190489099962,0,Random forest,0.055,-1.0284298932111056,-1.9045846070545762,0.055,-0.10931652527617028,0,0,0,0
31415,102812,2.5,0,-1.0894018069190152,0,Random forest,0.04,-1.0428266176076124,-1.5546251534223916,0.04,-0.8923432063176928,0,0,0,0
31415,79111,799.0,0,-0.8365588604788967,0,Random forest,0.095,0.1974788618982492,-0.0791945607079445,0.095,0.055699776691927855,0,0,0,1
31415,138697,167.0,0,-1.1742674677941447,0,Random forest,0.065,-0.9314367795185919,-0.9059152817971309,0.065,-0.10343793415054,0,0,0,0
31415,244333,1.0,1,-0.6314520777405608,1,Random forest,0.58,0.7323013749566573,3.977325416304902,0.58,0.08587294908975433,1,1,1,1
31415,87260,1.18,0,-1.2195682986763554,0,Random forest,0.075,-1.0479026695228453,-1.6073917142666034,0.075,-0.2482590089238637,0,0,0,0
31415,88307,180.0,1,-0.6243758140031987,1,Random forest,0.715,0.6067733072157426,1.6667971765906333,0.715,0.11769074641827618,1,1,1,1
31415,158529,57.8,0,-0.9703834556949507,0,Random forest,0.085,-0.9550654120026129,-1.8349891588014131,0.085,0.047928324707242224,0,0,0,1
31415,157497,2.21,0,-0.8866066285440017,0,Random forest,0.175,0.02267507184791856,-0.732426587590695,0.175,0.0768616042830964,0,0,0,1
31415,6820,1.0,1,-0.17626567585972208,1,Random forest,0.82,1.0390472488265812,4.390873481667183,0.82,0.11855725845415138,1,1,1,1
31415,84630,1412.26,0,-0.5853107113421456,1,Random forest,0.115,0.4220333578313167,0.5268073912903535,0.115,0.07785193816191216,0,1,0,1
31415,25231,7.95,0,-1.2338671433563548,0,Random forest,0.0,-1.1784500643710194,-1.6373936425631967,0.0,-0.7035887864720716,0,0,0,0
31415,165357,150.99,0,-1.2637349206946844,0,Random forest,0.045,-0.9426193093620973,-0.9587550358323598,0.045,-0.625478518783043,0,0,0,0
31415,8615,1.0,1,-0.64950456858711,1,Random forest,0.795,0.4714466993340201,12.776626495078348,0.795,0.08586174113256284,0,1,1,1
31415,105797,20.0,0,-1.2743514376552425,0,Random forest,0.01,-1.130213677481045,-1.5264040811490958,0.01,-1.0166050755374236,0,0,0,0
31415,197212,60.76,0,-1.3486846165190478,0,Random forest,0.0,-1.1041081376883803,-1.791428182315611,0.0,-0.7448002196077717,0,0,0,0
31415,280149,77.89,1,-0.5974795438485105,1,Random forest,0.58,0.1174401138255392,1.187980778077174,0.58,0.1392389085366512,0,1,1,1
31415,133672,182.68,0,-1.3093136940769248,0,Random forest,0.0,-1.0022535824029162,-1.1056779801542054,0.0,-0.5068467692807519,0,0,0,0
31415,216740,14.7,0,-1.1992960505080141,0,Random forest,0.075,-1.0704256242708827,-1.160081808201984,0.075,-0.05816287048997626,0,0,0,1
31415,88897,1.1,1,-0.7549948918291538,1,Random forest,0.665,0.8631612718530435,3.7963170459191735,0.665,0.0932824431942765,1,1,1,1
31415,29687,0.76,1,-0.9456581037141358,0,Random forest,0.23,-0.9310075115337529,-1.2852375007854788,0.23,0.07487637083575037,0,0,0,1
31415,115959,1.0,0,-1.0654327762362659,0,Random forest,0.0,-1.0915722872096727,-1.5810171380381948,0.0,-0.89096136491647,0,0,0,0
31415,272566,7.74,0,-1.127003506070781,0,Random forest,0.0,-1.1427270848919955,-1.514785500373229,0.0,-0.44079903293940326,0,0,0,0
31415,49890,0.99,0,-1.2680098350657594,0,Random forest,0.005,-1.0597518549676486,-1.277805125899216,0.005,-0.9824219900836046,0,0,0,0
31415,154720,119.74,1,-0.23485746965290527,1,Random forest,0.82,1.0420698260021184,4.989865820176907,0.82,0.08634572866186213,1,1,1,1
31415,150678,30.31,1,-0.6736762498924611,1,Random forest,0.61,0.6903493382638081,9.640101577138402,0.61,0.08586920140982078,1,1,1,1
31415,157444,6.03,0,-1.2461152728956582,0,Random forest,0.0,-1.0009399044718457,-2.0333626413339685,0.0,-0.058838783947447015,0,0,0,1
31415,5420,43.0,0,-1.0369657157839494,0,Random forest,0.055,-0.7379688863541866,-1.4084927671261644,0.055,-0.22420880549036748,0,0,0,0
31415,57248,7.58,1,-0.7648263888626066,0,Random forest,0.17,-0.34049418006409027,-0.5226124099265248,0.17,-0.4028200138648478,0,0,0,0
31415,137031,9.91,0,-1.0384119611751745,0,Random forest,0.0,-0.9056576869357885,-1.2627704841484018,0.0,-0.1030017907131795,0,0,0,0
31415,135018,18.43,0,-1.2329317323874456,0,Random forest,0.0,-1.215981200801013,-1.6306732659610617,0.0,-1.1102260934021668,0,0,0,0
31415,253974,6.07,0,-0.5640635424207805,1,Random forest,0.045,-0.8248076137011905,-1.31281490915114,0.045,-0.228595786729697,0,0,0,0
31415,235127,16.8,0,-0.9687263976122529,0,Random forest,0.13,-0.6089706144876769,-0.794242690002645,0.13,-0.13554376946516708,0,0,0,0
31415,137211,6.26,0,-0.8980076184288288,0,Random forest,0.065,-0.37539147325933964,-2.63477495903523,0.065,0.06297360612888436,0,0,0,1
31415,241254,9.29,1,-0.5418933354052565,1,Random forest,0.795,0.4117321843290824,1.386893293302476,0.795,0.08614283123389344,0,1,1,1
31415,98807,0.1,0,-0.8563912057313912,0,Random forest,0.075,-0.8878436892078011,-1.1979909735395138,0.075,-0.37576877206937354,0,0,0,0
31415,57470,0.76,1,-0.6548214383307558,1,Random forest,0.875,0.7337858750472466,2.0750694270751096,0.875,0.17608820774167105,1,1,1,1
31415,34601,12.1,0,-1.381814666310535,0,Random forest,0.01,-0.9447069105404532,-1.6286953104037503,0.01,-0.449677349068748,0,0,0,0
31415,45516,5.0,0,-1.2935913965629435,0,Random forest,0.01,-1.062987340157603,-1.4541193493399363,0.01,-0.7155561837994912,0,0,0,0
31415,279007,18.57,0,-0.942806231243464,0,Random forest,0.04,-1.0509827830413934,-1.6309737019385957,0.04,-0.30812333212695125,0,0,0,0
31415,145934,342.98,0,-1.06432130609668,0,Random forest,0.12,-0.6935989237091177,-1.1395187976138734,0.12,0.0857511295775137,0,0,0,1
31415,97623,80.0,0,-0.7177261564940971,1,Random forest,0.015,-0.9103489881224917,-1.4760015724152047,0.015,-0.7937914924200868,0,0,0,0
31415,207928,0.89,0,-1.1694400371740379,0,Random forest,0.005,-1.0825790760827156,-1.5464795911914764,0.005,-1.074156690434017,0,0,0,0
31415,153885,0.76,1,-0.6140729257629046,1,Random forest,0.685,0.696476981608087,3.7073770685299543,0.685,0.08586174097210318,1,1,1,1
31415,69432,47.46,0,-0.6389645123943853,1,Random forest,0.085,-0.72738517755062,-1.6087399965795663,0.085,-0.26797496376764884,0,0,0,0
31415,31688,45.0,0,-0.823299492317523,0,Random forest,0.065,-0.6965104731175321,-1.1168007676342597,0.065,0.044170724733004076,0,0,0,1
31415,272123,1.29,0,-1.089889173856017,0,Random forest,0.01,-1.056827841041573,-1.6047620738055681,0.01,-1.0446009557692257,0,0,0,0
31415,108435,5.0,0,-0.8959488469760799,0,Random forest,0.02,-0.7517812197554617,-0.7456560779302773,0.02,-0.5026315945030904,0,0,0,0
31415,56358,0.77,0,-1.2420159690184787,0,Random forest,0.0,-1.0911156838502771,-1.1427571470389657,0.0,-0.8912293451495373,0,0,0,0
31415,135390,51.24,0,-1.42162483087164,0,Random forest,0.18,-0.7066060389258088,-0.9260997877345867,0.18,-0.6614435547807067,0,0,0,0
31415,195378,36.32,0,-0.7912837834842873,0,Random forest,0.33,0.30845381541015404,-2.0253013892592007,0.33,0.08584528312378667,0,0,0,1
31415,33648,5.5,0,-1.3036613029216555,0,Random forest,0.005,-1.045612510800006,-1.5148203287309967,0.005,-0.560544314866964,0,0,0,0
31415,125256,205.89,0,-0.6873620358023477,1,Random forest,0.015,-0.5207006211793794,-0.30248727968434364,0.015,-0.3943236930543367,0,0,0,0
31415,137798,9.71,0,-1.0024757092933991,0,Random forest,0.04,-1.0120792835084482,-1.9227648004695796,0.04,-0.24106123993705447,0,0,0,0
31415,27362,1.52,1,-1.230934927361245,0,Random forest,0.02,-1.0314356206628528,-1.0952340280835655,0.02,-0.7071267306250116,0,0,0,0
31415,247649,8.97,0,-1.2166548014839969,0,Random forest,0.07,-0.939676086761373,-1.61192669785984,0.07,-0.8804917143968465,0,0,0,0
31415,148112,269.53,0,-0.6324362058851292,1,Random forest,0.04,-0.5803131267026599,-0.5875361615099189,0.04,-0.4503593568086486,0,0,0,0
31415,170378,370.44,0,-0.7605241082870131,0,Random forest,0.145,-0.2811626688228458,-0.34261427839166503,0.145,0.06047720416218267,0,0,0,1
31415,210166,73.08,0,-1.2330881504615163,0,Random forest,0.02,-0.9703464849118676,-0.8785949849810623,0.02,-0.6388449570427589,0,0,0,0
31415,261473,4.9,1,-0.7053706187133131,1,Random forest,0.46,0.2737991978178068,1.3425241382490871,0.46,0.09981229120241703,0,1,1,1
31415,213064,31.46,0,-0.8843502012354492,0,Random forest,0.115,-0.7966992844280115,-0.7910472651361049,0.115,-0.6481749565661213,0,0,0,0
31415,64966,4.35,0,-1.387283799894418,0,Random forest,0.0,-1.061310699754519,-1.2774837464218558,0.0,-0.6441320991868035,0,0,0,0
31415,127802,4.57,0,-1.16009054545844,0,Random forest,0.035,-1.0283855316124995,-1.1697523055087897,0.035,-0.7220237253576679,0,0,0,0
31415,280777,172.82,0,-0.997818315590109,0,Random forest,0.22,-0.5238777041096742,-0.7253278490157522,0.22,0.059679482302275134,0,0,0,1
31415,214662,120.54,1,-0.5531657320799571,1,Random forest,0.905,1.1438847903538094,3.630784237430947,0.905,0.09205968113706263,1,1,1,1
31415,204340,24.74,0,-1.1709329875440708,0,Random forest,0.005,-0.9530923502913266,-0.9200917162405995,0.005,-0.5276552367772306,0,0,0,0
31415,30496,111.7,1,-0.3972590248013614,1,Random forest,0.7,0.8453565952202267,5.763288303176679,0.7,0.10213944910922174,1,1,1,1
31415,30495,125.9,0,-1.1601898871795258,0,Random forest,0.015,-0.7890767759637501,-0.7101096883599483,0.015,-0.3240952612715863,0,0,0,0
31415,136795,133.95,0,-0.6695869804970744,1,Random forest,0.09,-0.4092066504080675,-2.3140689084632635,0.09,-0.09182228369462622,0,0,0,0
31415,169590,17.69,0,-1.2534354619736972,0,Random forest,0.0,-1.0330143523473847,-1.3097427906017536,0.0,-0.9414090512958964,0,0,0,0
31415,42609,83.38,1,-0.4211508863372823,1,Random forest,0.835,0.7808975177178779,9.382698156672939,0.835,0.08587879435055815,1,1,1,1
31415,146893,228.18,0,-0.6011102118948046,1,Random forest,0.265,-0.9221962593909175,-1.1265028840533253,0.265,-0.18409508750386655,0,0,0,0
31415,8335,1.0,1,-0.7090767922952689,1,Random forest,0.935,0.6682013253307386,9.839373239043205,0.935,0.08586203520653486,1,1,1,1
31415,44195,111.18,0,-1.4532648564397268,0,Random forest,0.0,-1.0921422669360248,-1.7102794610939105,0.0,-0.6799171883823725,0,0,0,0
31415,172463,79.55,0,-1.1575175777502573,0,Random forest,0.02,-0.8494433407546788,-1.897014188215648,0.02,-0.16821936895749834,0,0,0,0
31415,15736,99.99,1,-0.5360809717825361,1,Random forest,0.71,0.47044366901986606,6.936437917016442,0.71,0.08586174083975684,0,1,1,1
31415,153444,23.8,0,-1.3346595153273362,0,Random forest,0.005,-1.1235124154712408,-1.5019763633213388,0.005,0.07050814337960137,0,0,0,1
31415,29773,511.61,0,-1.1311639710738204,0,Random forest,0.15,-0.20098688369987017,-1.7425527816016726,0.15,0.04966326716532512,0,0,0,1
31415,26740,15.0,0,-1.197529985564159,0,Random forest,0.07,-0.8841174121525958,-1.127996575990625,0.07,-0.3513329356134051,0,0,0,0
31415,251883,10.0,0,-0.25102181759074715,1,Random forest,0.085,-0.7686386919533467,-1.9109436681240495,0.085,-0.13977232669099343,0,0,0,0
31415,31098,96.0,0,-1.2264811615101312,0,Random forest,0.0,-1.0766608579532435,-1.2260394447115206,0.0,-0.7206236606933349,0,0,0,0
31415,208189,42.36,0,-1.2503534864430288,0,Random forest,0.0,-1.1521988695236578,-2.3023959106581318,0.0,-0.2968400559643646,0,0,0,0
31415,135718,7.57,1,-1.0854956373188687,0,Random forest,0.66,0.3059855829891822,1.2813690708583454,0.66,0.0969854607851032,0,1,1,1
31415,12866,9.99,0,-0.8402747199391151,0,Random forest,0.13,-0.6942693247324151,-1.3728521278815655,0.13,-0.23173649136986108,0,0,0,0
31415,272578,7.56,0,-0.8664946702270817,0,Random forest,0.155,-0.48133259384947624,-0.9012400564014736,0.155,-0.18665132259956263,0,0,0,0
31415,72771,0.23,0,-0.7550411833304205,1,Random forest,0.05,0.3016916059531973,-3.8096466387782364,0.05,0.07963212603577641,0,0,0,1
31415,81662,12.99,0,-1.2721122181718856,0,Random forest,0.0,-1.0734091613098533,-1.199309944422939,0.0,-0.7975317621708061,0,0,0,0
31415,27736,82.0,0,-1.104832306538422,0,Random forest,0.005,-1.1699494215779795,-1.6534864318122815,0.005,-0.7806274033737758,0,0,0,0
31415,18127,66.4,0,-1.2204990511176854,0,Random forest,0.0,-1.1176454402635625,-1.42040879530026,0.0,-0.8943767457396318,0,0,0,0
31415,244371,68.4,0,-1.234905685625487,0,Random forest,0.0,-0.9105602502374784,-0.9048872020896535,0.0,-0.6541697974012527,0,0,0,0
31415,51305,48.42,0,-1.0409534426245193,0,Random forest,0.035,-0.7615533469554018,-1.9377415095681811,0.035,-0.6551158426863013,0,0,0,0
31415,73784,1.0,1,-0.3847026277732996,1,Random forest,0.855,0.8549395952123886,6.918825704035668,0.855,0.08708807398328804,1,1,1,1
31415,188050,45.0,0,-1.1972743031838775,0,Random forest,0.0,-1.1504041996836114,-1.7729335647753641,0.0,-0.8257272908218489,0,0,0,0
31415,44943,17.49,0,-0.7588971993448084,1,Random forest,0.215,-0.9384306584288183,-2.40471126943499,0.215,-0.08409641958924424,0,0,0,0
31415,253516,10.0,0,-1.0096489833608149,0,Random forest,0.065,-1.158569509261325,-1.992026344408882,0.065,-1.0369852746307746,0,0,0,0
31415,51901,43.06,0,-1.101535329413815,0,Random forest,0.0,-1.0768046333067196,-1.5538895499635592,0.0,-0.6272108830350283,0,0,0,0
31415,142912,1.5,0,-1.1828370149077987,0,Random forest,0.02,-0.9541484651884399,-1.6518522607995076,0.02,-0.6976739506077965,0,0,0,0
31415,71,11.45,0,-0.657144415623267,1,Random forest,0.03,-1.0812767067018276,-1.821874677728153,0.03,-0.21720619763498472,0,0,0,0
31415,156201,3.6,0,-0.9270007516320632,0,Random forest,0.005,-0.9038639265118972,-1.22285650261697,0.005,-0.1871612190765401,0,0,0,0
31415,87069,1.0,0,-1.2239690255340678,0,Random forest,0.01,-1.1673754428955831,-1.4488207728297953,0.01,-1.0431961659319902,0,0,0,0
31415,275624,177.87,0,-1.4020962719060621,0,Random forest,0.0,-1.02651928049153,-1.192757740303223,0.0,-0.2782947428897124,0,0,0,0
31415,165978,10.0,0,-1.1309784856200387,0,Random forest,0.04,-0.9742305742855403,-1.1070247308834484,0.04,-0.04465977771300672,0,0,0,1
31415,16560,43.99,0,-1.1593686533489458,0,Random forest,0.01,-0.9370467758879809,-0.8243030840865533,0.01,-0.5867954082365059,0,0,0,0
31415,109748,38.03,0,-1.0667593470775403,0,Random forest,0.0,-0.9781589436105195,-1.1219383909606457,0.0,-0.7035288043860318,0,0,0,0
31415,150399,29.98,0,-1.3893158399592238,0,Random forest,0.005,-1.1354686995883907,-1.487524484042753,0.005,-0.387314370500926,0,0,0,0
31415,246225,4.47,0,-1.0508565759298352,0,Random forest,0.05,-0.8304763211510174,-1.8615735450421222,0.05,-0.36209373543236995,0,0,0,0
31415,4442,54.43,0,-1.3508830636301816,0,Random forest,0.0,-1.1380829254943778,-1.5419525246045969,0.0,-0.4497684873452298,0,0,0,0
31415,21404,37.03,0,-1.1028802669649027,0,Random forest,0.05,-1.0468426329968108,-1.988160825721028,0.05,-0.7363203259171679,0,0,0,0
31415,31575,25.8,0,-0.9300745972973323,0,Random forest,0.055,-0.5973717481415658,-1.4284987468084143,0.055,-0.2176307078419042,0,0,0,0
31415,253646,164.0,0,-1.0569846503410978,0,Random forest,0.0,-0.85116189511068,-0.8103470651994182,0.0,-0.3077861583249646,0,0,0,0
31415,169966,200.0,0,-1.3520967059362818,0,Random forest,0.0,-1.152032311265157,-1.8234983631740826,0.0,-0.5163779679081423,0,0,0,0
31415,279105,22.78,0,-1.1881719502696686,0,Random forest,0.0,-1.2351234961363247,-1.9767098506885352,0.0,-0.833259389456968,0,0,0,0
31415,239886,7.98,0,-1.4057603318445384,0,Random forest,0.005,-0.9899357245308188,-2.208652654095637,0.005,-0.0800990423534324,0,0,0,0
31415,189054,35.0,0,-0.4888761632645952,1,Random forest,0.125,-0.5615234109733968,-1.11596814460694,0.125,-0.006128023382431666,0,0,0,1
31415,126489,1.0,0,-0.9815506509675298,0,Random forest,0.015,-1.158956114059734,-2.2232243795510063,0.015,-0.694976231297318,0,0,0,0
31415,260105,1.98,0,-0.901209118495444,0,Random forest,0.06,-0.7570296931462405,-1.3697013742947122,0.06,-0.12741547543562518,0,0,0,0
31415,30122,316.0,0,-1.260421145986109,0,Random forest,0.005,-0.6592481740412629,-0.44604017240808647,0.005,-0.47308716361194214,0,0,0,0
31415,190632,340.0,0,-0.7652785574551269,0,Random forest,0.245,-0.05849749629529699,-0.2834821757750543,0.245,0.08537207528184658,0,0,0,1
31415,74507,130.44,1,-0.5369115199053242,1,Random forest,0.86,0.845307808697841,5.309428080772869,0.86,0.26315418067590535,1,1,1,1
31415,164442,211.78,0,-1.1188287625101752,0,Random forest,0.015,-0.8172571922664557,-2.195977610588863,0.015,-0.10702617379116558,0,0,0,0
31415,263324,127.14,1,-0.4271150774163952,1,Random forest,0.79,0.8975933582932707,2.2657075848252566,0.79,0.13020603770218253,1,1,1,1
31415,21055,1.79,0,-0.7988369406965213,0,Random forest,0.08,-0.32844866255923333,-3.7461919389281615,0.08,-0.01602502108779552,0,0,0,1
31415,83290,11.41,0,-0.9172477504734108,0,Random forest,0.01,-0.997181019184549,-1.2938608904527387,0.01,-0.6476208821524552,0,0,0,0
31415,22208,103.98,0,-1.1577394373048837,0,Random forest,0.0,-1.1370963538207448,-1.5540670196261321,0.0,-0.3144223042537702,0,0,0,0
31415,26032,100.0,0,-1.1261096831384974,0,Random forest,0.0,-1.0429628732427743,-1.1823655127933679,0.0,-0.07964939095462012,0,0,0,0
31415,166934,1.98,0,-1.307882418505864,0,Random forest,0.03,-0.8999227451485149,-1.3927618274022397,0.03,-0.6808543459621591,0,0,0,0
31415,76619,25.0,0,-1.2974592906718518,0,Random forest,0.01,-0.9927698901745815,-0.863461872619802,0.01,-0.5418732994888333,0,0,0,0
31415,117621,99.98,0,-1.3908745712993706,0,Random forest,0.005,-1.0787914470211475,-1.512223890976639,0.005,-0.22671496262612534,0,0,0,0
31415,119074,30.0,0,-1.4519176336051636,0,Random forest,0.025,-1.0124291782257218,-1.4501031474341868,0.025,-0.4153187285860105,0,0,0,0
31415,6774,1.0,1,-0.19569669479829338,1,Random forest,0.74,1.0761394157242552,3.755617949317781,0.74,0.09355751345135317,1,1,1,1
31415,245363,105.78,0,-1.1395313200241297,0,Random forest,0.0,-1.1501533838980587,-1.4173329180964918,0.0,-0.7558183617440664,0,0,0,0
31415,46186,199.1,0,-1.0537565277980643,0,Random forest,0.015,-0.7382539479046296,-1.1133807000659843,0.015,-0.3935124389384371,0,0,0,0
31415,262733,60.97,0,-1.1240894592884507,0,Random forest,0.065,-0.9770678164591323,-2.2510834009162743,0.065,-0.15559084035331475,0,0,0,0
31415,136386,25.0,0,-0.8261029379172364,0,Random forest,0.075,-0.7765191584792536,-2.0690404103477946,0.075,-0.08262253571787861,0,0,0,0
31415,34213,0.89,0,-1.2651500252163497,0,Random forest,0.005,-1.0516600910368368,-1.3050138438273915,0.005,-1.0822917248675454,0,0,0,0
31415,247673,247.86,1,-0.6347462371309665,1,Random forest,0.72,0.40630979634123754,1.4511611246935112,0.72,0.08588763244979829,0,1,1,1
31415,76612,11.2,0,-1.1625056169131491,0,Random forest,0.1,-0.673840090938758,-0.8040375350940787,0.1,-0.33009906974516096,0,0,0,0
31415,53798,8.13,0,-1.1571867676491254,0,Random forest,0.0,-1.1636550345176095,-1.4284745201175035,0.0,-1.0876574410706892,0,0,0,0
31415,109657,111.0,0,-0.6552179997650842,1,Random forest,0.15,-0.31847653945128673,-0.14128829702293033,0.15,0.03451501513858027,0,0,0,1
31415,230071,3.79,0,-1.193808724627754,0,Random forest,0.005,-1.2108513119462647,-1.6221426087331672,0.005,-0.8588585655660502,0,0,0,0
31415,169909,2.58,0,-1.1040787162437633,0,Random forest,0.045,-0.9864936955431326,-1.2237679252739468,0.045,-0.8864984474066194,0,0,0,0
31415,245347,2.47,1,-1.068160897761941,0,Random forest,0.085,-0.5444119321386948,-1.089469371051694,0.085,-0.14719655047749886,0,0,0,0
31415,127979,35.99,0,-1.1071289905852812,0,Random forest,0.0,-1.1461341747737994,-1.3053017592790706,0.0,-0.9427948941014914,0,0,0,0
31415,148364,4.49,0,-1.1405500116238882,0,Random forest,0.01,-0.9705541780574961,-1.6756242435430093,0.01,-0.9536147204523528,0,0,0,0
31415,10801,1.0,1,-0.6570436153514054,1,Random forest,0.9,0.471067656821394,12.327658900423268,0.9,0.08586174083975807,0,1,1,1
31415,243393,0.01,1,-0.690273829652988,1,Random forest,0.575,0.6332694687031315,4.187184431481037,0.575,0.08586979625619352,1,1,1,1
31415,182160,29.0,0,-1.2475688931876396,0,Random forest,0.04,-0.8575363421085792,-2.0383775357891394,0.04,-0.4427357949764956,0,0,0,0
31415,223618,1.0,1,-0.29183150482540315,1,Random forest,0.84,1.0029208727786056,3.9433932885239837,0.84,0.11578567540984858,1,1,1,1
31415,18868,45.96,0,-1.1054007416391531,0,Random forest,0.0,-1.0453265370542724,-1.4814721263073796,0.0,-0.7661239032210198,0,0,0,0
31415,71656,20.17,0,-0.8753277424919844,0,Random forest,0.205,-1.021530341039465,-2.048968554464983,0.205,-0.0496197685228085,0,0,0,1
31415,154676,2.28,1,-0.4303820924890154,1,Random forest,0.865,0.9714921943290793,6.155714205263618,0.865,0.0863559308379831,1,1,1,1
31415,254209,2.0,0,-1.2969499849541386,0,Random forest,0.0,-1.0303451894224893,-1.153548814575371,0.0,-0.3484271064119475,0,0,0,0
31415,108537,15.0,0,-1.3288212710097227,0,Random forest,0.135,-0.8255726184927251,-1.1115883799601551,0.135,-0.7825813055762074,0,0,0,0
31415,176548,50.0,0,-0.465829300109085,1,Random forest,0.14,-0.7981058177923898,-1.498556487547457,0.14,-0.10557997785152931,0,0,0,0
31415,6719,1.0,1,-0.44997964060196666,1,Random forest,0.875,0.5915913569567218,7.107034652846436,0.875,0.08591220799425,1,1,1,1
31415,86397,260.76,0,-1.0922061694273644,0,Random forest,0.04,-0.9203976359685268,-1.0724591259240162,0.04,-0.47706829230521375,0,0,0,0
31415,100048,4.57,0,-0.9285787435100712,0,Random forest,0.01,-1.0050653497067947,-1.3669029542981037,0.01,-0.2865020868718109,0,0,0,0
31415,161935,9.99,0,-1.1129988810027305,0,Random forest,0.025,-1.1895446542545174,-1.907371256666847,0.025,-1.1212151402968857,0,0,0,0
31415,100312,123.0,0,-0.3314221118549626,1,Random forest,0.02,-0.8429500606560686,-1.1726450126995693,0.02,-0.5792646436516218,0,0,0,0
31415,142867,161.5,0,-1.082772800932708,0,Random forest,0.03,-0.9216094201513821,-2.579179847761001,0.03,-0.23555883892362955,0,0,0,0
31415,100623,549.06,1,-0.7305368494703823,1,Random forest,0.03,-0.49062039702658855,-2.0195430889051424,0.03,-0.0930749881947234,0,0,0,0
31415,115268,14.99,0,-0.8465202185147809,0,Random forest,0.045,-0.8090094236703712,-1.7603313924547757,0.045,-0.658613654360783,0,0,0,0
31415,83053,6.27,1,-0.5323010810742775,1,Random forest,0.805,0.6199584475749202,1.8891651297127379,0.805,0.10703018516311351,1,1,1,1
31415,168566,1.98,0,-1.2310383876351763,0,Random forest,0.005,-1.1275453652080478,-1.4662885062990725,0.005,-0.16776862452739805,0,0,0,0
31415,271210,1.0,0,-1.4648308819620577,0,Random forest,0.0,-1.1489734890694439,-1.693210170918263,0.0,-0.6345902634171788,0,0,0,0
31415,92777,294.9,1,-0.4690300791151745,1,Random forest,0.785,0.9626676252733084,3.720435492694171,0.785,0.09334954550777014,1,1,1,1
31415,242589,13.7,0,-0.5848495406028619,1,Random forest,0.085,-0.9426112798322922,-2.254125401567504,0.085,-0.5316153086587396,0,0,0,0
31415,131049,1.0,0,-0.9156211897591997,0,Random forest,0.015,-1.1648809156604938,-2.1664803538826094,0.015,-0.6330065669414182,0,0,0,0
31415,214735,1.0,0,-1.2499584911571922,0,Random forest,0.0,-1.217402750287241,-1.5504520197926164,0.0,-0.9549232648022459,0,0,0,0
31415,3964,5.67,0,-1.2941354684899138,0,Random forest,0.0,-1.1899915254322182,-1.709136894601781,0.0,-0.49358634483356656,0,0,0,0
31415,42756,0.0,1,-0.47436855666395056,1,Random forest,0.71,0.8087846409148627,10.752633279927394,0.71,0.08786690524620971,1,1,1,1
31415,94218,720.38,1,-0.7680050530601428,0,Random forest,0.785,0.5283502864124769,4.976417708947625,0.785,0.0858617408395622,1,1,1,1
31415,202986,59.29,0,-1.1901938379143053,0,Random forest,0.01,-1.136464305834592,-1.2801429000564253,0.01,-0.7630751700507133,0,0,0,0
31415,70001,22.75,0,-1.212965611458173,0,Random forest,0.0,-1.0267598299683227,-1.0664979813889592,0.0,-0.8607768348750808,0,0,0,0
31415,108080,133.5,0,-0.7017493876654325,1,Random forest,0.26,-0.6551465139103331,-0.9501191383392507,0.26,-0.4555366052765869,0,0,0,0
31415,141207,1.98,0,-1.1953661215894775,0,Random forest,0.02,-0.7987307121458241,-1.2919390446042351,0.02,-0.8786936715110091,0,0,0,0
31415,21721,59.85,0,-1.2383368464131919,0,Random forest,0.02,-1.0673817946186621,-2.554486301446407,0.02,0.023784766036555667,0,0,0,1
31415,91840,79.8,0,-0.9356961284066406,0,Random forest,0.03,-1.0437376544779244,-1.692686853733734,0.03,-0.2807578344004573,0,0,0,0
31415,13376,105.0,0,-1.0431228184158443,0,Random forest,0.17,-0.9992812993295878,-1.6517243487930964,0.17,-0.08313323297739145,0,0,0,0
31415,223366,1.0,1,-0.7196088650722268,1,Random forest,0.85,0.9732185458305258,3.0535382829442446,0.85,0.12233347610088877,1,1,1,1
31415,153095,5.0,0,-1.042530518573307,0,Random forest,0.0,-1.0060637338340674,-1.0516622311051376,0.0,-0.4717920218975692,0,0,0,0
31415,69318,37.16,0,-1.3623074514614684,0,Random forest,0.01,-1.1607408675479052,-1.3880313150576915,0.01,-0.4136486568162438,0,0,0,0
31415,134444,12.67,0,-0.6981318587422723,1,Random forest,0.13,-0.8108134313805951,-2.091835408639089,0.13,-0.003569819598842991,0,0,0,1
31415,11382,11.85,0,-1.2913677976649258,0,Random forest,0.015,-1.1951198672935845,-2.0639761059937665,0.015,-0.21671942180629328,0,0,0,0
31415,151248,7.58,0,-0.41127669683313783,1,Random forest,0.03,-0.8626319809408368,-1.9640722101475938,0.03,-0.2865280998891511,0,0,0,0
31415,53591,1.0,1,-0.2788523780790983,1,Random forest,0.775,0.6478573550505733,1.9870661005064691,0.775,0.13958542642807592,1,1,1,1
31415,131249,12.31,0,-1.0445484569600723,0,Random forest,0.005,-0.9677585277330735,-0.9056494844427191,0.005,-0.9556781256183617,0,0,0,0
31415,134465,280.0,0,-1.1641345608288527,0,Random forest,0.045,-0.8324339886327071,-0.9157542750848815,0.045,-0.636356456305966,0,0,0,0
31415,82087,108.72,0,-0.8790275646245085,0,Random forest,0.02,-0.8299943883911068,-1.9630043278321723,0.02,-0.2376044575146648,0,0,0,0
31415,39864,15.98,0,-0.943676937707082,0,Random forest,0.01,-1.0111027517549949,-1.3413636904765625,0.01,-1.1074186545107347,0,0,0,0
31415,248778,16.45,0,-1.4222150030314713,0,Random forest,0.0,-1.1425645342224313,-1.6124640063917697,0.0,-0.6586459554953432,0,0,0,0
31415,222542,19.6,0,-1.292858775999472,0,Random forest,0.0,-0.9915862021931595,-1.18861816618909,0.0,-0.8338477571246401,0,0,0,0
31415,155765,1.0,0,-1.3265390374239638,0,Random forest,0.0,-1.120834002272702,-1.3866812673168767,0.0,-0.2502541683954682,0,0,0,0
31415,187407,25.0,0,-1.2616496541475526,0,Random forest,0.1,-0.8434118709745783,-0.7688953297311423,0.1,-0.19355956643681366,0,0,0,0
31415,77682,1.0,1,-0.7231844491558694,1,Random forest,0.805,0.6570318417940049,4.49580018003345,0.805,0.0877311959413986,1,1,1,1
31415,91961,461.0,0,-0.7312426784281093,1,Random forest,0.11,0.3932523811347216,-4.460353521801944,0.11,0.08585153986394316,0,0,0,1
31415,15506,99.99,1,-0.5348615747070437,1,Random forest,0.725,0.47059257627347423,7.127547182571203,0.725,0.08586174083975692,0,1,1,1
31415,45267,1.0,0,-1.0413458140434697,0,Random forest,0.025,-0.9979305676980189,-2.2689920392309406,0.025,-0.05017052442501538,0,0,0,1
31415,219025,4.49,1,-1.178738958863847,0,Random forest,0.0,-1.0401444900920684,-1.221322067936134,0.0,-0.8672902948099747,0,0,0,0
31415,23575,40.28,0,-1.1150914027890262,0,Random forest,0.005,-1.0358805685523378,-1.3175936088618347,0.005,-0.8276877885257278,0,0,0,0
31415,182947,10.0,0,-1.028718757029241,0,Random forest,0.1,-0.874129495790193,-0.8542799461923365,0.1,-0.29112131806238895,0,0,0,0
31415,226819,14.99,0,-1.4815987462674651,0,Random forest,0.005,-1.1426641754920532,-1.9600464196445837,0.005,-0.2563960662641856,0,0,0,0
31415,249000,106.49,0,-0.5461691081062235,1,Random forest,0.15,-0.43401808480047877,-0.572861759703588,0.15,0.0851133613576323,0,0,0,1
31415,242880,177.46,0,-1.1054900359627573,0,Random forest,0.01,-0.8496482079474884,-1.1308699652444645,0.01,-0.4193910261887086,0,0,0,0
31415,26738,5.0,0,-0.8980677026946245,0,Random forest,0.12,-0.7988328204476439,-0.8807808556375375,0.12,-0.5254280693424287,0,0,0,0
31415,33935,8.42,0,-1.1400039825925052,0,Random forest,0.0,-1.141043872817654,-1.6372628077574738,0.0,-0.7713548862134196,0,0,0,0
31415,219250,11.98,0,-1.1740534207691682,0,Random forest,0.01,-1.1198107701341504,-1.22660036771032,0.01,-1.0602763117768332,0,0,0,0
31415,163872,4.49,0,-1.3264748116060052,0,Random forest,0.0,-1.109584983702458,-1.238274436059525,0.0,-1.09089253011402,0,0,0,0
31415,31971,171.68,0,-1.4677765660036588,0,Random forest,0.01,-1.0064690526849107,-1.396801483554838,0.01,-0.2247812724059502,0,0,0,0
31415,93788,0.0,1,-1.086184129225619,0,Random forest,0.115,-0.21623214558933612,-0.28400618094481533,0.115,-0.3521884242510597,0,0,0,0
31415,3856,5.55,0,-1.2590169095734316,0,Random forest,0.005,-1.1291200511433104,-1.3593315076650185,0.005,-1.0938273277785584,0,0,0,0
31415,95377,4.99,0,-1.0920381961402756,0,Random forest,0.005,-1.1361091914120753,-1.4032610959818006,0.005,-0.7453306079515157,0,0,0,0
31415,147922,32.98,0,-1.095828020597815,0,Random forest,0.0,-1.0586485383780921,-1.4935625161119872,0.0,-0.5544341767345565,0,0,0,0
31415,154281,18.11,0,-0.971179169859081,0,Random forest,0.01,-1.0529748104299541,-1.6353821847234196,0.01,-0.16253187013196113,0,0,0,0
31415,84265,2.99,0,-1.1856837611694164,0,Random forest,0.0,-1.0318298951210756,-1.293684494483794,0.0,-1.1681838340470343,0,0,0,0
31415,246982,5.0,0,-1.2158442137296568,0,Random forest,0.0,-1.20886980929214,-1.6812139886655437,0.0,-0.7275592055211367,0,0,0,0
31415,132808,1.29,0,-1.1141317739891838,0,Random forest,0.005,-1.0938259818928002,-1.2523007608782564,0.005,-0.7819416952341685,0,0,0,0
31415,262383,7.98,0,-1.2687273573465234,0,Random forest,0.0,-1.107988635271985,-1.1808812680564602,0.0,-0.9790388631758,0,0,0,0
31415,244400,9.99,0,-1.0405654931630806,0,Random forest,0.04,-0.9168459895241344,-1.5677995883891633,0.04,-0.2511330178909119,0,0,0,0
31415,229977,1.29,0,-1.3123019812225114,0,Random forest,0.025,-1.015329606481056,-1.3704646402478602,0.025,-0.9722849261869346,0,0,0,0
31415,56207,154.64,0,-0.9850973895675601,0,Random forest,0.215,-0.15368630854328857,-2.331137457051746,0.215,0.05826121315284924,0,0,0,1
31415,186089,1073.62,0,-0.898559026110483,0,Random forest,0.085,0.2920100011774578,-0.24440876048419224,0.085,0.08326807665468419,0,0,0,1
31415,43364,1.0,0,-1.0863678803354269,0,Random forest,0.0,-0.8981109435326021,-0.9613660252306375,0.0,-0.8498358743730775,0,0,0,0
31415,52270,135.37,0,-1.147638407940077,0,Random forest,0.055,-0.9732311248279414,-1.374304545567049,0.055,-0.5537988212331773,0,0,0,0
31415,250761,0.77,1,-0.6531818437181012,1,Random forest,0.855,0.7813809816397426,5.302486520605332,0.855,0.08872843300282723,1,1,1,1
31415,79954,63.32,0,-0.943464015831601,0,Random forest,0.0,-0.8162864887023492,-1.6203595571186926,0.0,-0.5742342859156565,0,0,0,0
31415,108818,58.63,0,-1.140628296560322,0,Random forest,0.0,-1.2109547357857036,-1.563024641101777,0.0,-0.8044706306733833,0,0,0,0
31415,111690,238.9,1,-0.5963849851589117,1,Random forest,0.895,1.1202517118861008,3.1547454335166085,0.895,0.10137643083326194,1,1,1,1
31415,238382,128.6,0,-0.8513986178889369,0,Random forest,0.035,-0.9509582283150299,-1.6946319242332755,0.035,-0.46250625312666627,0,0,0,0
31415,78670,50.0,0,-1.2466627413340792,0,Random forest,0.025,-0.9873255786129528,-0.8994162780879091,0.025,-0.5457980273320366,0,0,0,0
31415,249322,13.99,0,-0.5611850415805382,1,Random forest,0.16,-0.7342788697206485,-1.3856908530158767,0.16,-0.13496030536769754,0,0,0,0
31415,5801,17.99,0,-0.9771117290577631,0,Random forest,0.02,-0.8268193948322097,-1.9825445262795383,0.02,-0.2508438870932821,0,0,0,0
31415,283808,13.61,0,-0.7976628934102729,0,Random forest,0.13,-0.6631670618834072,-2.086797534825447,0.13,0.05790290691079294,0,0,0,1
31415,9252,1.0,1,-0.6747883778116459,1,Random forest,0.785,0.4717912733260383,12.354862172459812,0.785,0.08586174496690271,0,1,1,1
31415,154883,10.0,0,-1.3025667737523388,0,Random forest,0.02,-1.1530635314651274,-1.5484927021113728,0.02,-0.2266019875527437,0,0,0,0
31415,35989,18.96,0,-1.3237853750253636,0,Random forest,0.02,-0.986587862811957,-0.9719330433520098,0.02,-0.6865672246433102,0,0,0,0
31415,252500,15.0,0,-1.0659310768295684,0,Random forest,0.015,-0.9725460783928858,-1.0747564168768147,0.015,-0.8423496049819224,0,0,0,0
31415,191267,7.18,1,-0.9271605074337101,0,Random forest,0.175,-0.7573797875126979,-0.5045486869024285,0.175,0.07960688647038813,0,0,0,1
31415,165953,101.16,0,-1.3955231955716103,0,Random forest,0.0,-1.2306805631578226,-1.705135909265706,0.0,-1.2047515221640346,0,0,0,0
31415,116403,9.99,0,-1.182798772993797,0,Random forest,0.005,-1.2210554957889457,-1.6400104964556115,0.005,-1.2164197661940672,0,0,0,0
31415,142530,29.95,0,-1.2210828123595272,0,Random forest,0.02,-1.192244389141524,-1.592049658024233,0.02,-0.9504265446414186,0,0,0,0
31415,156478,10.47,0,-1.0352119717439123,0,Random forest,0.085,-0.8069956255162548,-2.1864134834826623,0.085,-0.25013303540783866,0,0,0,0
31415,230335,219.0,0,-0.8540869008705957,0,Random forest,0.035,-0.8453356555576516,-1.535227707197128,0.035,-0.6217795552417491,0,0,0,0
31415,4323,8.63,0,-1.295456906180902,0,Random forest,0.0,-1.136454881004552,-1.6154105531880216,0.0,-0.4111710029153082,0,0,0,0
31415,64460,99.99,1,-0.5284292666465294,1,Random forest,0.735,0.5188809904886279,3.9098407208128494,0.735,0.08586262260786597,1,1,1,1
31415,252774,0.77,1,-0.5258651689057716,1,Random forest,0.87,0.7978920113740628,4.929368227757841,0.87,0.08873373855973656,1,1,1,1
31415,149145,6.99,1,-0.8952569910900222,0,Random forest,0.2,0.30311142388979995,-4.1794847297917865,0.2,0.08586174049837063,0,0,0,1
31415,122616,168.85,0,-0.9412575707864743,0,Random forest,0.115,-0.5218910272160234,-0.39540523049681875,0.115,-0.44194480876140296,0,0,0,0
31415,153324,287.38,0,-0.5782158387498086,1,Random forest,0.025,-0.4921173397697143,-0.48636693922973373,0.025,0.08753810666024217,0,0,0,1
31415,118867,118.0,0,-0.11855628979849775,1,Random forest,0.04,-0.6708406521826825,-1.9968894071105876,0.04,-0.1185698705172068,0,0,0,0
31415,249501,18.25,0,-1.3023427157068015,0,Random forest,0.17,-0.5126136541356173,-1.1994966559645268,0.17,-0.19667075847807652,0,0,0,0
31415,156430,12.13,0,-1.1033274511814626,0,Random forest,0.035,-0.9235147013768089,-1.2333241894034026,0.035,0.03340647630589462,0,0,0,1
31415,44508,1.98,0,-1.0875768841513758,0,Random forest,0.11,-0.9260598302383535,-1.8235021400200722,0.11,-0.18944828769494682,0,0,0,0
31415,121039,0.89,0,-1.1467732930335108,0,Random forest,0.03,-0.8496679113005862,-2.0641088441077615,0.03,-0.2696302894765242,0,0,0,0
31415,80692,34.95,0,-1.1369334627500693,0,Random forest,0.01,-1.0737294156437445,-1.2018377162301221,0.01,-1.0902757820637201,0,0,0,0
31415,145095,1.52,0,-0.6090246504980636,1,Random forest,0.015,-0.8728315468905529,-1.2979665741782878,0.015,-0.3433728868927245,0,0,0,0
31415,257262,0.76,0,-0.8769187287129767,0,Random forest,0.17,-0.4821909694214078,-0.31372483188305267,0.17,-0.3034302555656167,0,0,0,0
31415,256158,29.56,0,-0.7190317572385673,1,Random forest,0.015,-0.8494843114755061,-0.9386262993663117,0.015,-0.117215744710642,0,0,0,0
31415,144754,323.77,1,-0.5382429829981639,1,Random forest,0.25,-0.07836003563957095,-1.3385433407345804,0.25,0.0844056466938032,0,0,0,1
31415,178862,22.0,0,-1.1351885943026299,0,Random forest,0.105,-0.7316990997654987,-0.6106670971103195,0.105,-0.41264681963928096,0,0,0,0
31415,212516,0.01,1,-0.5047412576554599,1,Random forest,0.8,0.9493065296597947,2.731657186326787,0.8,0.09356339371369939,1,1,1,1
31415,233343,17.99,0,-1.1711260067056135,0,Random forest,0.04,-0.9294170783833698,-1.6672615395740902,0.04,-0.2353640736002207,0,0,0,0
31415,273769,2.49,0,-1.330769158389355,0,Random forest,0.0,-1.217722726158096,-1.8034102433779826,0.0,-0.8318659556319972,0,0,0,0
31415,207992,402.4,0,-0.25361696636778064,1,Random forest,0.04,-0.6112504896909933,-1.5511085802876585,0.04,-0.0790643016140613,0,0,0,0
31415,204509,0.76,0,-0.6989538846730557,1,Random forest,0.015,-0.717522673850404,-1.0011433394976246,0.015,-0.004827240425387666,0,0,0,1
31415,273142,16.99,0,-1.3518688156889338,0,Random forest,0.005,-1.0674441693688457,-1.2564456434943148,0.005,-0.8147543688571044,0,0,0,0
31415,278629,291.6,0,-1.3616036863918697,0,Random forest,0.07,-0.9187120039328812,-1.11882564415517,0.07,-0.1907555451543808,0,0,0,0
31415,61862,1534.0,0,-0.7855349133328083,0,Random forest,0.215,0.46873497248982743,-1.3418489839549743,0.215,0.08456320500928662,0,0,0,1
31415,14450,175.1,0,-1.2535392162672203,0,Random forest,0.0,-1.0973789483986849,-1.4516484597529775,0.0,-0.5450180685963854,0,0,0,0
31415,106923,108.01,0,-1.0891934743880796,0,Random forest,0.0,-1.1627509971391845,-1.3398760342075662,0.0,-0.9633107967711989,0,0,0,0
31415,102323,21.78,0,-1.190161796813058,0,Random forest,0.0,-1.0461148245731602,-1.1029623010501302,0.0,-0.4744004521148055,0,0,0,0
31415,68132,142.98,0,-1.3244422355920593,0,Random forest,0.15,-0.918635836357338,-0.9697428950960467,0.15,-0.05486339877368568,0,0,0,1
31415,13179,0.89,0,-1.1888619127739184,0,Random forest,0.005,-1.073289971597588,-1.417280773467442,0.005,-0.6269085868186618,0,0,0,0
31415,178385,88.28,0,-1.159943417285759,0,Random forest,0.0,-1.097885908076206,-1.7929506450245896,0.0,-0.46326212638716224,0,0,0,0
31415,15751,99.99,1,-0.5312781283070112,1,Random forest,0.705,0.4704224904377539,6.872796602453016,0.705,0.08586174083975684,0,1,1,1
31415,250349,116.09,0,-0.8666597012384859,0,Random forest,0.19,-0.7878326274437094,-0.9238365219224981,0.19,-0.7609864713749245,0,0,0,0
31415,114387,77.38,0,-0.8146986209599267,0,Random forest,0.185,-0.8388707820082265,-0.9240597247696489,0.185,-0.39430825804611724,0,0,0,0
31415,243547,57.73,1,-0.4770652357572516,1,Random forest,0.61,0.6258026816147153,4.1020266980276,0.61,0.08589040724187531,1,1,1,1
31415,30473,14.46,1,-1.160606955101327,0,Random forest,0.715,0.7857138170709177,4.858774932987165,0.715,0.09289107679408112,1,1,1,1
31415,116817,779.69,0,-0.6091706904600682,1,Random forest,0.18,0.024090335722145806,-1.3967120969587423,0.18,0.08540554340351193,0,0,0,1
31415,168383,18.88,0,-1.1581871477024743,0,Random forest,0.005,-1.1399613388532424,-1.5593161585892927,0.005,-0.35782924293557283,0,0,0,0
31415,98009,15.38,0,-1.2031550369943844,0,Random forest,0.0,-1.1356343378617195,-1.327395531436232,0.0,-0.9999586049751052,0,0,0,0
31415,166624,77.0,0,-1.2689660213617096,0,Random forest,0.0,-1.119761745544718,-1.8726937690782317,0.0,-0.7132707183045222,0,0,0,0
31415,243699,1.0,1,-0.8158154619635654,0,Random forest,0.705,0.8245794074174222,4.971051822656215,0.705,0.08586420870095356,1,1,1,1
31415,281534,9.21,0,-1.1923639618212993,0,Random forest,0.0,-1.176244157562817,-1.401873314824563,0.0,-0.3675314631456801,0,0,0,0
31415,257236,106.07,0,-0.8285875381992861,0,Random forest,0.255,-0.8081157709480532,-1.1658286770022082,0.255,-0.007690855098563931,0,0,0,1
31415,228871,40.93,0,-1.4136917237425681,0,Random forest,0.015,-1.1380334738059776,-1.7391848246671524,0.015,-0.6424582603684245,0,0,0,0
31415,247944,6.99,0,-1.131260899805079,0,Random forest,0.01,-1.0260959442584578,-1.382935431963928,0.01,-0.5202649646250928,0,0,0,0
31415,146630,5.0,0,-0.8146464249984064,0,Random forest,0.06,-0.603399999082569,-1.314989709972103,0.06,-0.23823241622737923,0,0,0,0
31415,58749,161.19,0,-1.2618589089220345,0,Random forest,0.0,-1.1165206890585129,-1.4358278870255208,0.0,-0.38132453764491103,0,0,0,0
31415,194117,105.0,0,0.2162485748232933,1,Random forest,0.015,-0.830379238369528,-1.3753982269927527,0.015,-0.21775570366378827,0,0,0,0
31415,241244,1.79,0,-1.1615460878559243,0,Random forest,0.005,-0.9483664759524827,-1.6653495346320601,0.005,-0.9010798666617099,0,0,0,0
31415,134439,10.0,0,-0.3429382903818473,1,Random forest,0.17,-0.6926868499317252,-0.9824480439891081,0.17,-0.5654810263973725,0,0,0,0
31415,182656,47.0,0,-1.299282594244581,0,Random forest,0.015,-0.8944616039635033,-0.8639248931524095,0.015,-0.9080164487321275,0,0,0,0
31415,264913,476.21,0,-1.1774217543379413,0,Random forest,0.045,-0.4494684272089089,-0.5534462916181471,0.045,-0.27405219643194395,0,0,0,0
31415,94735,39.99,0,-1.3726636075506295,0,Random forest,0.0,-1.1779479407491507,-1.6342525127844996,0.0,-0.9407772920295778,0,0,0,0
31415,126348,1.0,0,-1.263719563286834,0,Random forest,0.0,-1.246508104383167,-2.2567492338975192,0.0,-0.35758374825238315,0,0,0,0
31415,19573,20.98,0,-0.9732139107373639,0,Random forest,0.045,-0.8814839169476648,-2.0462731788522444,0.045,-0.10446078832326441,0,0,0,0
31415,123515,3.58,0,-1.2705849197934218,0,Random forest,0.0,-1.0640863034611208,-1.217980686451876,0.0,-1.163111983018671,0,0,0,0
31415,121701,3.99,0,-1.0099078813884161,0,Random forest,0.06,-0.8843514353756045,-2.542031156663386,0.06,0.08581435632317404,0,0,0,1
31415,165805,3.59,0,-1.1780987920506247,0,Random forest,0.0,-1.1087298393895777,-1.3402934873418269,0.0,-1.0159868972230066,0,0,0,0
31415,48889,85.0,0,-1.1040708457816346,0,Random forest,0.1,-0.4906457653846289,-1.1425131885912951,0.1,-0.35007980101239466,0,0,0,0
31415,213949,1.14,0,-0.9010521697251297,0,Random forest,0.285,0.4526078350063291,-5.902060606608692,0.285,0.08586174083975684,0,0,0,1
31415,74149,11.94,0,-1.1702547100852725,0,Random forest,0.005,-1.1580798754796215,-1.6350517740771688,0.005,-0.5801021894846144,0,0,0,0
31415,276926,28.0,0,-0.9523037703056074,0,Random forest,0.21,-0.30282018281000733,-0.6425868814221953,0.21,-0.058148133453320955,0,0,0,1
31415,64241,1.0,0,-0.8574784734841177,0,Random forest,0.0,-1.1708184060476743,-2.077484972686925,0.0,-0.17793981788651736,0,0,0,0
31415,224157,8.0,0,-0.9334352951917584,0,Random forest,0.345,-0.8917902651870083,-0.8863396359725717,0.345,-0.35704666126230683,0,0,0,0
31415,278178,11.99,0,-0.9066520374612719,0,Random forest,0.1,-0.28294600646611345,-3.083056583414721,0.1,0.08459216079727037,0,0,0,1
31415,277623,8.93,0,-0.9236828607415029,0,Random forest,0.08,-0.5655141959987754,-3.2897139026578444,0.08,-0.0871790133219979,0,0,0,0
31415,88767,4.79,0,-1.0704764087301388,0,Random forest,0.0,-1.1558805536623815,-1.5886088963531406,0.0,-0.7447690544562823,0,0,0,0
31415,127168,118.0,0,-1.3062529146673258,0,Random forest,0.005,-0.9874142887220941,-0.9467258619606709,0.005,-0.715410475135694,0,0,0,0
31415,122612,94.95,0,-1.2213240717166918,0,Random forest,0.005,-1.060652677058005,-1.549584935799694,0.005,-0.28798078498704716,0,0,0,0
31415,46590,27.0,0,-0.7588180982887707,1,Random forest,0.115,0.03768826237548206,-1.9987271638441817,0.115,0.08586174083882364,0,0,0,1
31415,150018,30.23,0,-0.8404560309256295,0,Random forest,0.1,-0.7944050951821103,-2.498171351446798,0.1,0.048213938576805074,0,0,0,1
31415,28621,1.52,0,-0.27062953295066144,1,Random forest,0.105,-0.8826291576578101,-1.629192137931628,0.105,-0.053630143102025046,0,0,0,1
31415,187376,1.0,0,-0.896137099516096,0,Random forest,0.355,0.4703855392505525,7.590502499176728,0.355,0.08586174083975684,0,1,0,1
31415,617,1.48,0,-1.0709314065791744,0,Random forest,0.0,-1.1302951696467525,-1.5528879114002925,0.0,-0.9248325900232817,0,0,0,0
31415,72638,1500.0,0,-1.1556658692426645,0,Random forest,0.115,0.42348576236364305,0.6660068281418852,0.115,0.08389718027255803,0,1,0,1
27182,74938,1.0,0,-0.48697664289235604,0,Logistic regression,-1.5251739136554825,-0.6404078681015113,-1.5251739136554825,0.005,-0.9115808972639069,0,0,0,0
27182,217439,80.03,0,-1.0396765124646172,0,Logistic regression,-5.642987193105345,-1.1347591090549283,-5.642987193105345,0.0,-0.6733975034071501,0,0,0,0
27182,180467,79.0,0,-1.1192007346369262,0,Logistic regression,-6.126984493295161,-1.196883742714281,-6.126984493295161,0.0,-0.48813821946733127,0,0,0,0
27182,50941,22.07,0,-0.9792253639378022,0,Logistic regression,-6.58993912218995,-0.9951691357238039,-6.58993912218995,0.0,-0.8021259641807127,0,0,0,0
27182,46909,1.0,1,0.06163164327291866,1,Logistic regression,15.31796790550573,0.926673348205275,15.31796790550573,0.845,0.19136200557239386,1,1,1,1
27182,239097,1.0,0,-1.1367710858369895,0,Logistic regression,-2.2723042827013824,-0.7743357722164299,-2.2723042827013824,0.005,-0.6403531071781287,0,0,0,0
27182,147548,1.18,1,-0.21699930462197098,1,Logistic regression,17.298181311960192,0.7305975444043218,17.298181311960192,0.82,0.1917670860435285,1,1,1,1
27182,226483,26.1,0,-1.083655484989895,0,Logistic regression,-3.832867051372911,-1.0461939655399508,-3.832867051372911,0.0,-0.6322602428812899,0,0,0,0
27182,141372,27.33,0,-1.204714285098567,0,Logistic regression,-5.700113114389483,-1.304259979960868,-5.700113114389483,0.02,-1.1277726606243446,0,0,0,0
27182,84307,258.99,0,-0.8173429662096866,0,Logistic regression,-2.359689065158381,-0.8925736085447484,-2.359689065158381,0.2,-0.20738015919481098,0,0,0,0
27182,93498,12.31,0,-1.12268544757397,0,Logistic regression,-6.449738370585055,-1.1498152615118524,-6.449738370585055,0.0,-0.5195220863020774,0,0,0,0
27182,106339,24.95,0,-1.0183275979897086,0,Logistic regression,-5.54862007858688,-1.204926290550354,-5.54862007858688,0.0,-1.241061131050769,0,0,0,0
27182,102444,1.0,1,1.0000869137089579,1,Logistic regression,19.853267140636135,1.000045946005034,19.853267140636135,1.0,0.9996527848487466,1,1,1,1
27182,171808,1.0,0,-1.0665742188257417,0,Logistic regression,-4.913835069655233,-1.2367996881064731,-4.913835069655233,0.0,-0.688549399283054,0,0,0,0
27182,124176,1.0,1,0.07794877251703726,1,Logistic regression,0.34546965501735727,-0.30274685596695594,0.34546965501735727,0.18,-0.046801244145321524,0,0,0,0
27182,81716,87.48,0,-1.0981066114191012,0,Logistic regression,-5.444801742660978,-1.1390535565281814,-5.444801742660978,0.0,-0.9116744990276618,0,0,0,0
27182,145064,11.96,0,-0.2322860123589412,1,Logistic regression,-14.400404956208238,0.3088801490336488,-14.400404956208238,0.16,0.1809560000195253,1,0,0,1
27182,215628,85.06,0,-1.0608638596915643,0,Logistic regression,-4.656886689739292,-1.192599635627026,-4.656886689739292,0.0,-0.18220536425791514,0,0,0,0
27182,140404,25.0,0,-0.8774751899303932,0,Logistic regression,-8.622833866392991,-1.2378114606430806,-8.622833866392991,0.0,-0.6419090342898931,0,0,0,0
27182,30222,11.5,0,-1.1179557571856995,0,Logistic regression,-6.849317465530097,-1.2619082893219147,-6.849317465530097,0.0,-0.44823553424016505,0,0,0,0
27182,52017,262.5,0,-0.8736790604879422,0,Logistic regression,-5.463523149306645,-0.8883412698373025,-5.463523149306645,0.01,-0.9617047376675353,0,0,0,0
27182,44001,802.52,1,-0.1866085395237791,1,Logistic regression,-4.534401558618295,0.35020169690849995,-4.534401558618295,0.395,0.24192410383071566,1,0,0,1
27182,35399,69.9,0,-0.9418455097851596,0,Logistic regression,-4.09485109155321,-0.9143093389023751,-4.09485109155321,0.0,-1.0971442547945842,0,0,0,0
27182,202189,1.98,0,-1.0089720244088496,0,Logistic regression,-4.4365393801541675,-1.1858011893439868,-4.4365393801541675,0.0,-0.9510622974655406,0,0,0,0
27182,77285,39.2,0,-0.3233820225766204,1,Logistic regression,-12.539771320806137,-0.34161398364378504,-12.539771320806137,0.145,0.08698164727035015,0,0,0,1
27182,126416,54.12,0,-1.0844206982939804,0,Logistic regression,-5.943406702043351,-1.21473685925919,-5.943406702043351,0.0,-0.9349951276479193,0,0,0,0
27182,280501,0.76,0,-1.01987266498219,0,Logistic regression,-5.457101004608823,-1.217040551284748,-5.457101004608823,0.0,-0.7995483138250408,0,0,0,0
27182,51200,36.9,0,-0.9588680422879006,0,Logistic regression,-7.002845049362874,-1.1058331723320132,-7.002845049362874,0.0,-0.8419667088763619,0,0,0,0
27182,42609,83.38,1,0.35907994426704454,1,Logistic regression,16.322748626002635,0.9911615763067951,16.322748626002635,0.855,0.5086451712786344,1,1,1,1
27182,155941,18.91,0,-0.8756329713823614,0,Logistic regression,-5.395040280875731,-0.9426125921997974,-5.395040280875731,0.01,-0.16061397599924723,0,0,0,0
27182,248060,42.95,0,-0.9225373925091604,0,Logistic regression,-6.8307132339366134,-1.077503041640439,-6.8307132339366134,0.0,-0.873143775468436,0,0,0,0
27182,280993,24.99,0,-0.9167236138168169,0,Logistic regression,-9.480876059461876,-1.237813071631648,-9.480876059461876,0.0,-0.3468840667745635,0,0,0,0
27182,41289,40.0,0,-0.9964385289487362,0,Logistic regression,-5.892884119651115,-1.0313153427040054,-5.892884119651115,0.0,-0.6365873931865729,0,0,0,0
27182,11826,1.78,0,-1.0368742471303096,0,Logistic regression,-3.056924551288028,-0.9845580505158678,-3.056924551288028,0.005,-0.7131868284504842,0,0,0,0
27182,27278,4.92,0,-0.9201686958733735,0,Logistic regression,-3.583814014869567,-1.0641905268382885,-3.583814014869567,0.0,-1.0803895417309757,0,0,0,0
27182,8842,0.0,1,-0.142219828094556,1,Logistic regression,11.341688143868184,0.8868597643139069,11.341688143868184,0.82,0.22885159904750652,1,1,1,1
27182,587,0.77,0,-0.9393107971565882,0,Logistic regression,-5.718602517977019,-0.8795765919899701,-5.718602517977019,0.0,-0.7950423413229424,0,0,0,0
27182,217730,1.0,0,-1.1587264895997371,0,Logistic regression,-5.90843715286327,-1.3227433021442856,-5.90843715286327,0.0,-1.1335116102654166,0,0,0,0
27182,157868,0.76,1,-0.4639593975548362,0,Logistic regression,2.9423353451150964,0.37221551219956506,2.9423353451150964,0.81,0.21345134173212618,1,0,1,1
27182,88862,260.0,0,-0.922128471854267,0,Logistic regression,-6.151423810254269,-1.0371637701166483,-6.151423810254269,0.0,-0.46378210581741564,0,0,0,0
27182,182652,1.79,0,-0.9980939831128759,0,Logistic regression,-3.2417534225204214,-0.9892230717205439,-3.2417534225204214,0.0,-0.9670205115654337,0,0,0,0
27182,76406,12.45,0,-1.0519887416598948,0,Logistic regression,-4.4807061274574504,-1.1063507408943007,-4.4807061274574504,0.0,-1.0590338468408933,0,0,0,0
27182,207405,3.59,0,-1.069237561496464,0,Logistic regression,-4.345383426259933,-1.0807719856063593,-4.345383426259933,0.0,-1.0969158914897246,0,0,0,0
27182,111706,0.12,0,-0.9289565025496392,0,Logistic regression,-3.386550910856107,-0.9118511384409038,-3.386550910856107,0.015,-0.38681733357491377,0,0,0,0
27182,27362,1.52,1,-1.1004030170174153,0,Logistic regression,-3.012201829919549,-1.017743950857225,-3.012201829919549,0.0,-0.7731400085683594,0,0,0,0
27182,254344,187.11,1,-0.8782810901772655,0,Logistic regression,-4.5523152160534295,-0.9573066799567389,-4.5523152160534295,0.0,-0.9321722374317639,0,0,0,0
27182,109557,319.99,0,-1.0863762160577894,0,Logistic regression,-6.6442106619086445,-1.0631887968840115,-6.6442106619086445,0.005,-0.3477970632966063,0,0,0,0
27182,278621,1.79,0,-0.3091954108900777,1,Logistic regression,-6.005947985865731,-0.14725903233765392,-6.005947985865731,0.23,0.19094150461271142,0,0,0,1
27182,265801,10.0,0,-1.1319837053745105,0,Logistic regression,-6.976928702137268,-1.336079681720938,-6.976928702137268,0.0,-1.2238200962279384,0,0,0,0
27182,243333,0.89,0,-0.9982988904159847,0,Logistic regression,-6.493136119976779,-1.1652689144434147,-6.493136119976779,0.0,-0.7841781853074847,0,0,0,0
27182,10568,1.0,1,0.044805146726336884,1,Logistic regression,31.041112786044984,0.6986923431887541,31.041112786044984,0.86,0.1912847573332604,1,1,1,1
27182,230725,125.4,0,-1.0495327369245921,0,Logistic regression,-5.665216598914446,-1.0784111936099143,-5.665216598914446,0.0,-0.779073426648593,0,0,0,0
27182,144241,40.68,0,-1.0768785246165025,0,Logistic regression,-5.9250633253237215,-1.180716622370552,-5.9250633253237215,0.0,-1.0835933995591052,0,0,0,0
27182,135291,14.66,0,-1.0413727795895855,0,Logistic regression,-6.444103462595731,-1.3018978409445308,-6.444103462595731,0.0,-0.007600841291031335,0,0,0,1
27182,6137,10.14,0,-1.0404649028002901,0,Logistic regression,-5.379562403093449,-1.225291120166649,-5.379562403093449,0.005,-0.1928307452990958,0,0,0,0
27182,28187,1.0,0,-0.9412258167244923,0,Logistic regression,-4.216926901821776,-1.1168680990993074,-4.216926901821776,0.0,-0.41845147872974253,0,0,0,0
27182,282391,9.99,0,-1.128913978619758,0,Logistic regression,-5.797136947874813,-1.2618249314065562,-5.797136947874813,0.0,-1.2850050340091816,0,0,0,0
27182,213116,8.3,1,-0.12410374005220876,1,Logistic regression,11.722400274232223,0.898949119065181,11.722400274232223,0.835,0.19717690463068988,1,1,1,1
27182,274586,5.49,0,-0.9458916731628726,0,Logistic regression,-4.885246405695278,-1.2136297169371424,-4.885246405695278,0.0,-0.6902028567893934,0,0,0,0
27182,58561,0.77,0,-1.073704365113567,0,Logistic regression,-5.02542280507078,-1.1630415031323091,-5.02542280507078,0.0,-0.9310758230606148,0,0,0,0
27182,249660,1.98,0,-1.0393437477356555,0,Logistic regression,-3.42683342264566,-1.0652437002889432,-3.42683342264566,0.0,-1.1334968627435822,0,0,0,0
27182,141258,0.0,1,-0.05887700687005113,1,Logistic regression,19.48011496553515,0.9231178115504868,19.48011496553515,0.945,0.19197127105610445,1,1,1,1
27182,157140,24.19,0,-0.22030160467938836,1,Logistic regression,-0.01952543327131906,-0.37320201940400144,-0.01952543327131906,0.225,0.1761441863652735,0,0,0,1
27182,165036,90.67,0,-1.1085835047475694,0,Logistic regression,-6.309876999233617,-1.335795648086857,-6.309876999233617,0.0,-1.0253787221050827,0,0,0,0
27182,273991,40.46,0,-1.0667898082243392,0,Logistic regression,-4.640429638830465,-1.1077252519482537,-4.640429638830465,0.07,-0.11632862020455206,0,0,0,0
27182,47802,88.0,1,-0.3882926212464778,1,Logistic regression,-3.6313964277876467,-0.012473783750044376,-3.6313964277876467,0.41,0.19150885398125977,0,0,0,1
27182,261191,8.36,0,-0.9359551403092653,0,Logistic regression,-5.717023317981783,-0.8300231661186366,-5.717023317981783,0.015,-0.5350030302186309,0,0,0,0
27182,254722,5.0,0,-1.089540782796512,0,Logistic regression,-6.29064901769883,-1.2601013921377204,-6.29064901769883,0.0,-0.9985111680210011,0,0,0,0
27182,6329,1.0,1,0.0459847378130588,1,Logistic regression,6.520114938890908,0.7846134337946563,6.520114938890908,0.76,0.23021677415787029,1,1,1,1
27182,243699,1.0,1,-0.06796829042441108,1,Logistic regression,13.655351589146226,1.1830573010272176,13.655351589146226,0.97,0.4551590455208193,1,1,1,1
27182,242351,1.0,0,-1.132991140093159,0,Logistic regression,-2.4934931645456495,-0.8128651291618803,-2.4934931645456495,0.005,-0.40335624503456025,0,0,0,0
27182,122865,17.12,0,-1.0034259439881872,0,Logistic regression,-3.436586255627833,-1.0860463449509408,-3.436586255627833,0.0,-1.1230348669626402,0,0,0,0
27182,115833,29.33,0,-1.083583847603181,0,Logistic regression,-4.755485518846101,-1.2006767667147824,-4.755485518846101,0.0,-0.9988656226312042,0,0,0,0
27182,68067,519.9,1,-0.287735596251142,1,Logistic regression,-8.980930486707397,-0.40646843317812853,-8.980930486707397,0.02,0.025218507385558975,0,0,0,1
27182,263080,1.0,1,-0.9984378248181062,0,Logistic regression,-2.8891227225991782,-0.7563435501890796,-2.8891227225991782,0.0,-0.6075665310402928,0,0,0,0
27182,251970,19.59,0,-0.8669047449896182,0,Logistic regression,-3.0300403237480316,-0.9001652888737908,-3.0300403237480316,0.11,-0.5367413419136654,0,0,0,0
27182,98940,12.99,0,-1.1295434376542666,0,Logistic regression,-5.586298507350084,-1.2156202796335809,-5.586298507350084,0.0,-0.5230590121764733,0,0,0,0
27182,7214,15.0,0,-1.2309025014247967,0,Logistic regression,-6.084526485690472,-1.2877393935719716,-6.084526485690472,0.0,-0.1552973826242605,0,0,0,0
27182,269940,29.45,0,-1.018639472192853,0,Logistic regression,-4.754001016951985,-1.0607941637029417,-4.754001016951985,0.005,-0.5422230776361697,0,0,0,0
27182,273855,127.45,0,-0.8767371118379269,0,Logistic regression,-5.098915965064472,-0.9484961854160281,-5.098915965064472,0.0,-0.514782962344186,0,0,0,0
27182,45883,304.98,0,-0.9255769768444727,0,Logistic regression,-8.220477372447696,-1.1515502045892705,-8.220477372447696,0.015,-0.3891916028128203,0,0,0,0
27182,170339,20.0,0,-0.8944699000865516,0,Logistic regression,-3.6610634141754357,-0.9235987480114749,-3.6610634141754357,0.0,-0.8359951797330957,0,0,0,0
27182,187705,70.65,0,-1.1419030587155057,0,Logistic regression,-6.398174408976649,-1.2901365577644235,-6.398174408976649,0.0,-0.959022601442452,0,0,0,0
27182,191359,4.87,1,-0.047503070123426944,1,Logistic regression,10.442170346440445,1.0983140180181048,10.442170346440445,0.67,0.24688579257301663,1,1,1,1
27182,112809,15.0,0,-1.007182779321154,0,Logistic regression,-6.947751041959414,-1.0083666014310928,-6.947751041959414,0.0,-0.6547166219993112,0,0,0,0
27182,23422,717.15,1,0.04680338381701414,1,Logistic regression,-2.4783286719587894,0.6519082211052936,-2.4783286719587894,0.63,0.25110613176362495,1,0,1,1
27182,251821,248.0,0,-0.778191301095002,0,Logistic regression,-7.734254735414122,-0.6809357847990056,-7.734254735414122,0.01,-0.05825591611209843,0,0,0,0
27182,111095,50.0,0,-1.0129857275061755,0,Logistic regression,-6.01921819864736,-1.0639847573084493,-6.01921819864736,0.0,-0.4345235302700009,0,0,0,0
27182,203364,576.3,0,-0.43941036612163303,1,Logistic regression,-4.735260664090271,-0.13595921110371179,-4.735260664090271,0.015,0.12288367235117648,0,0,0,1
27182,269678,9.99,0,-1.1292345757714852,0,Logistic regression,-3.818066629094718,-1.0888889234854946,-3.818066629094718,0.0,-0.980665789109702,0,0,0,0
27182,8972,179.66,1,-0.4102229947850316,1,Logistic regression,-5.4847624985273775,-0.2548539980357952,-5.4847624985273775,0.22,0.19007619191785027,0,0,0,1
27182,139966,19.8,0,-1.005339674473666,0,Logistic regression,-7.8197328439679685,-1.2508655986824693,-7.8197328439679685,0.0,-0.16495026089792372,0,0,0,0
27182,184981,25.95,0,-1.0792067202759301,0,Logistic regression,-5.473425179137125,-1.154596390422168,-5.473425179137125,0.0,-0.5756428175410688,0,0,0,0
27182,40525,1.0,1,0.10463257470688121,1,Logistic regression,7.776921111722894,0.7420045478501205,7.776921111722894,0.71,0.2343465030175057,1,1,1,1
27182,80476,9.99,0,-1.0160390743909373,0,Logistic regression,-3.8474793985651043,-1.1081509134521268,-3.8474793985651043,0.0,-0.9768767325679951,0,0,0,0
27182,239923,0.01,0,-1.079570158170171,0,Logistic regression,-5.69250885246082,-1.1511294523482944,-5.69250885246082,0.005,-0.612308285479689,0,0,0,0
27182,150474,28.63,0,-1.07339281274472,0,Logistic regression,-6.521296391165113,-1.1745641275410592,-6.521296391165113,0.0,-0.6076380639453625,0,0,0,0
27182,67344,99.99,0,-1.165178208729019,0,Logistic regression,-4.461088241222788,-1.1236926691721623,-4.461088241222788,0.0,-1.1822088473906658,0,0,0,0
27182,143588,136.0,0,-0.9527576022166797,0,Logistic regression,-5.095475869622535,-1.1226398151774786,-5.095475869622535,0.0,-0.04172689163599286,0,0,0,0
27182,157090,15.73,0,-0.9607021502006574,0,Logistic regression,-3.6429157764431332,-0.5303717830794534,-3.6429157764431332,0.0,-0.036929122440599954,0,0,0,0
27182,265209,36.44,0,-1.1554459078305912,0,Logistic regression,-5.548685109275794,-1.2501238065818987,-5.548685109275794,0.0,-1.1217605145542662,0,0,0,0
27182,27627,18.96,1,-0.09995211106368322,1,Logistic regression,6.555982504641184,0.8869103008694212,6.555982504641184,0.86,0.2932920187187221,1,1,1,1
27182,2470,0.76,0,-0.2697846264927379,1,Logistic regression,-0.5415630148890109,-0.34295545963918406,-0.5415630148890109,0.05,-0.17956844277549242,0,0,0,0
27182,155468,80.55,0,-0.9680314982551633,0,Logistic regression,-7.193233727576102,-1.1022572213518353,-7.193233727576102,0.0,-0.3806523233512331,0,0,0,0
27182,119508,257.57,0,-1.0987750768539695,0,Logistic regression,-5.829934387444152,-1.1356025850564369,-5.829934387444152,0.005,-0.049357185975074686,0,0,0,0
27182,84848,127.65,0,-1.0286712718276882,0,Logistic regression,-7.102377994570034,-1.1414948794521382,-7.102377994570034,0.0,-0.5594523322013034,0,0,0,0
27182,34246,0.89,0,-1.0437519436400067,0,Logistic regression,-4.498801428696347,-1.111421122868315,-4.498801428696347,0.0,-1.3021550347494346,0,0,0,0
27182,20301,6.46,0,-1.0616061515235518,0,Logistic regression,-4.338960491130212,-1.0115974812982598,-4.338960491130212,0.0,-1.0207207286629387,0,0,0,0
27182,244138,1.0,0,-1.101004816782816,0,Logistic regression,-5.572553449249513,-1.2867626446329217,-5.572553449249513,0.0,-1.3665460742011968,0,0,0,0
27182,261925,156.0,1,-0.3214050743925904,1,Logistic regression,2.297791353062742,-0.25594528579525844,2.297791353062742,0.37,0.13800376269639722,0,0,0,1
27182,100555,2.4,0,-1.2093149854431793,0,Logistic regression,-6.112690828936682,-1.2578954453734623,-6.112690828936682,0.0,-0.5339870262968449,0,0,0,0
27182,106679,227.3,1,-0.167090344898996,1,Logistic regression,9.60202411916057,1.2038447622156143,9.60202411916057,0.93,0.30502935777673124,1,1,1,1
27182,69740,47.3,0,-1.0623827141385704,0,Logistic regression,-4.054351268645645,-1.0696799135822306,-4.054351268645645,0.0,-0.9901707277386979,0,0,0,0
27182,237181,10.59,0,-1.1148434109728027,0,Logistic regression,-4.333569964340574,-1.101859347031264,-4.333569964340574,0.0,-0.3845272320313319,0,0,0,0
27182,76853,0.89,0,-0.9717958903890936,0,Logistic regression,-2.380500945349357,-0.8509655242360317,-2.380500945349357,0.005,-1.1149005179661247,0,0,0,0
27182,11311,142.62,0,-0.816692129405967,0,Logistic regression,-4.678034719251103,-0.9700296112590496,-4.678034719251103,0.005,-0.1339986707503121,0,0,0,0
27182,274475,39.9,1,-0.11081144815722017,1,Logistic regression,4.151956888938271,0.14034063722801693,4.151956888938271,0.425,-0.019048569625104927,1,1,0,1
27182,84127,44.22,0,-0.9800278223524883,0,Logistic regression,-3.6507408039902587,-0.9776460142448156,-3.6507408039902587,0.0,-0.8398250224158258,0,0,0,0
27182,171111,1.98,0,-0.692918837090748,0,Logistic regression,-4.520303279034635,-0.5938051972273621,-4.520303279034635,0.015,0.1355360078802678,0,0,0,1
27182,218094,15.0,0,-1.0946302094331284,0,Logistic regression,-7.073947205148777,-1.2787695359195728,-7.073947205148777,0.0,-0.9822473058254336,0,0,0,0
27182,119255,8.76,0,-1.0872087370213819,0,Logistic regression,-7.992635553495866,-1.311669937194006,-7.992635553495866,0.0,-0.3357544747150297,0,0,0,0
27182,84543,454.82,1,-0.1815233504809739,1,Logistic regression,-5.258186244235977,0.35802411330426176,-5.258186244235977,0.645,0.19499444600979035,1,0,1,1
27182,8307,13.56,0,-1.1315025608050495,0,Logistic regression,-5.064010132650338,-1.2518791158671767,-5.064010132650338,0.0,-0.17482845107976006,0,0,0,0
27182,192382,2.0,1,-0.15562668561607612,1,Logistic regression,3.625868941086509,0.0023522634838604173,3.625868941086509,0.47,0.19785860584242143,0,0,0,1
27182,136147,9.99,0,-0.9694456461394778,0,Logistic regression,-2.971980091798179,-0.8398047814379377,-2.971980091798179,0.0,-0.7423858947996153,0,0,0,0
27182,196563,15.85,0,-1.1835587304596116,0,Logistic regression,-7.269319356083367,-1.359424639336885,-7.269319356083367,0.0,-0.4806460869541611,0,0,0,0
27182,36311,101.5,0,-0.9110325239922926,0,Logistic regression,-9.701542371065006,-1.0681699804877551,-9.701542371065006,0.0,-0.177999660778047,0,0,0,0
27182,226969,97.9,0,-1.227848259012911,0,Logistic regression,-6.058181053844339,-1.3243071429358282,-6.058181053844339,0.0,-1.3917837699579354,0,0,0,0
27182,251791,49.17,0,-0.9271008629355341,0,Logistic regression,-4.088830902831251,-0.9113524905738559,-4.088830902831251,0.0,-0.45341593429661264,0,0,0,0
27182,33210,707.09,0,-0.39307975786520527,1,Logistic regression,-6.240042196210431,-0.12060707054030195,-6.240042196210431,0.025,-0.1284463563043632,0,0,0,0
27182,228162,12.31,0,-1.0605482468048233,0,Logistic regression,-2.6956539224363736,-0.9281441674345474,-2.6956539224363736,0.005,-0.5435836467072666,0,0,0,0
27182,240471,990.0,0,-0.1469401416083192,1,Logistic regression,-8.024182197494783,0.24938525014131896,-8.024182197494783,0.16,0.1303623978998881,1,0,0,1
27182,37529,50.0,0,-1.0727175821177515,0,Logistic regression,-5.847443977667176,-1.1672554927256473,-5.847443977667176,0.0,-1.0683352727591866,0,0,0,0
27182,92605,2.99,0,-0.5343630887656227,0,Logistic regression,-8.742946186480813,-0.8992296437593601,-8.742946186480813,0.02,-0.5399325891508242,0,0,0,0
27182,193620,59.95,0,-1.0977364820900084,0,Logistic regression,-6.677982285614668,-1.255492746037509,-6.677982285614668,0.0,-1.0757730397790728,0,0,0,0
27182,11841,1.0,1,-0.14893445476549624,1,Logistic regression,12.857132800303765,0.8011156599309879,12.857132800303765,0.53,0.19094843389878863,1,1,0,1
27182,150680,104.03,1,-0.061967293580374644,1,Logistic regression,12.461724040154477,0.8200886759403222,12.461724040154477,0.575,0.19873004537351294,1,1,0,1
27182,133666,1.29,0,-1.0205413579905482,0,Logistic regression,-3.33852424584632,-1.0245744520508304,-3.33852424584632,0.0,-1.1790412807149995,0,0,0,0
27182,192687,276.17,1,-0.9635162352648924,0,Logistic regression,-3.380833499363409,-0.8005982122777937,-3.380833499363409,0.0,-0.7248448775463933,0,0,0,0
27182,72907,14.15,0,-1.0803084448171016,0,Logistic regression,-3.4070315996554634,-0.9806921605897132,-3.4070315996554634,0.0,-0.7749715199336472,0,0,0,0
27182,48762,34.5,0,-1.1186047950704514,0,Logistic regression,-4.164080495716609,-1.1471216644881421,-4.164080495716609,0.0,-0.8952712115586322,0,0,0,0
27182,180380,20.0,0,-0.979853542924496,0,Logistic regression,-6.418674362850505,-1.173056250099528,-6.418674362850505,0.0,-0.2947679338587854,0,0,0,0
27182,271930,25.0,0,-0.9617335098141182,0,Logistic regression,-8.911756161415727,-1.2015212462605405,-8.911756161415727,0.005,-0.4646315288842694,0,0,0,0
27182,172256,20.6,0,-1.0756063983179496,0,Logistic regression,-5.922546470211135,-1.30475559637004,-5.922546470211135,0.0,-0.8304153099040134,0,0,0,0
27182,197114,142.37,0,-1.07323457569255,0,Logistic regression,-7.587712925272991,-1.2255293484316034,-7.587712925272991,0.0,-0.6702590785427542,0,0,0,0
27182,42741,459.07,1,0.06956392381625727,1,Logistic regression,11.458055521556323,0.9119023751046882,11.458055521556323,0.855,0.22776140748663612,1,1,1,1
27182,34442,5.51,0,-1.0703030399884774,0,Logistic regression,-4.520068616117603,-1.1628338235805469,-4.520068616117603,0.0,-1.2147207091953007,0,0,0,0
27182,276766,36.06,0,-1.1268821849392014,0,Logistic regression,-6.008473970147461,-1.3210249553822524,-6.008473970147461,0.0,-1.2264980594155914,0,0,0,0
27182,196482,12.5,0,-1.0316809231680566,0,Logistic regression,-6.079514240234134,-1.1226950007799532,-6.079514240234134,0.0,-0.8316357444811017,0,0,0,0
27182,259635,7.83,0,-1.0698049998227626,0,Logistic regression,-3.993238543384043,-1.150951896751211,-3.993238543384043,0.0,-1.3070325276192247,0,0,0,0
27182,165601,19.8,0,-1.1333157601486428,0,Logistic regression,-5.7706107759857606,-1.2922531011690337,-5.7706107759857606,0.0,-0.4537100107425369,0,0,0,0
27182,226675,10.98,0,-1.0792972883478689,0,Logistic regression,-4.8317125374251475,-1.2401148674611295,-4.8317125374251475,0.0,-1.3058025235398756,0,0,0,0
27182,240001,104.65,0,-1.221169142045579,0,Logistic regression,-6.743400061770629,-1.3538564007014289,-6.743400061770629,0.0,-0.9322651538889547,0,0,0,0
27182,64699,474.79,0,-0.6680605719248595,0,Logistic regression,-6.531208644262943,-0.612837702516811,-6.531208644262943,0.02,-0.3491624608517986,0,0,0,0
27182,15781,99.99,1,0.49556206863613184,1,Logistic regression,23.326987465952975,0.9656669475907544,23.326987465952975,0.945,0.7708506693127322,1,1,1,1
27182,52975,34.66,0,-0.8082045272884819,0,Logistic regression,-2.0695004453296844,-0.6653996661472188,-2.0695004453296844,0.105,-0.529459616791666,0,0,0,0
27182,163785,11.98,0,-0.9543115827905552,0,Logistic regression,-6.503604021633371,-0.9033636744230376,-6.503604021633371,0.0,-0.42010588006391925,0,0,0,0
27182,62234,14.45,0,-1.005760542778527,0,Logistic regression,-7.2699784868007,-1.2560984691957864,-7.2699784868007,0.0,-0.5022028847043511,0,0,0,0
27182,123786,0.79,0,-0.9602485028733737,0,Logistic regression,-2.5120942183976,-0.8870328349546335,-2.5120942183976,0.115,-0.6912465425482813,0,0,0,0
27182,229730,2.22,1,-0.012016887117964128,1,Logistic regression,4.639989541082974,0.6762743815793851,4.639989541082974,0.83,0.3674214056841427,1,1,1,1
27182,212210,8.05,0,-1.0476089915922957,0,Logistic regression,-3.4030685874691433,-1.0051096206969192,-3.4030685874691433,0.0,-0.796476109929987,0,0,0,0
27182,10484,3.79,1,-0.8009793653405175,0,Logistic regression,-1.1739050952406633,-0.7010795351750649,-1.1739050952406633,0.25,0.05512410440122331,0,0,0,1
27182,11343,1.0,1,-0.020890613296448243,1,Logistic regression,12.807734143329958,0.8212458814600787,12.807734143329958,0.5,0.1909487685435176,1,1,0,1
27182,97702,15.0,0,-1.1069976679799363,0,Logistic regression,-5.945996104141955,-1.212256864120603,-5.945996104141955,0.0,-0.7544748124239053,0,0,0,0
27182,110839,7.68,0,-1.0379590467870388,0,Logistic regression,-4.983821763749647,-1.1500918857077291,-4.983821763749647,0.0,-1.0634837865601352,0,0,0,0
27182,260554,6.98,0,-0.9916310929608786,0,Logistic regression,-3.764499217092503,-0.9459695718441807,-3.764499217092503,0.01,-0.2158309699628139,0,0,0,0
27182,10518,2.21,0,-1.1099294237100588,0,Logistic regression,-5.740636308389641,-1.2722064403232876,-5.740636308389641,0.0,-0.28205379124288277,0,0,0,0
27182,144108,310.42,1,-0.16573804154984023,1,Logistic regression,-0.4180299744656608,0.4033354198735728,-0.4180299744656608,0.805,0.2025452002905293,1,0,1,1
27182,53043,24.0,0,-1.0949282705234835,0,Logistic regression,-4.945450812081036,-1.122156536564699,-4.945450812081036,0.0,-1.0645372393039862,0,0,0,0
27182,237694,1.29,0,-1.1328129882103275,0,Logistic regression,-4.930372506501065,-1.1883955331237357,-4.930372506501065,0.0,-1.1044010017384485,0,0,0,0
27182,268437,41.72,0,-1.0325517023357493,0,Logistic regression,-5.945252775001169,-1.2750477510801144,-5.945252775001169,0.0,-0.4304463692011049,0,0,0,0
27182,130518,1.0,0,-1.0099276177038383,0,Logistic regression,-6.185835755557726,-1.177376399985303,-6.185835755557726,0.0,-0.6788660498553554,0,0,0,0
27182,261582,2.96,0,-1.143936928669314,0,Logistic regression,-3.5952309570268213,-0.9721378015514242,-3.5952309570268213,0.0,-0.8130876798392589,0,0,0,0
27182,152329,73.0,0,-0.2576943274125805,1,Logistic regression,-1.3602614481511415,-0.572524101168504,-1.3602614481511415,0.045,-0.10950039332285619,0,0,0,0
27182,43895,53.9,0,-1.013445971715263,0,Logistic regression,-5.418156900745954,-0.9688251917789785,-5.418156900745954,0.0,-0.7475733668476144,0,0,0,0
27182,36682,1.0,0,-0.8852813968015817,0,Logistic regression,-4.981894609891454,-1.1595858195124447,-4.981894609891454,0.03,-0.6230478625390037,0,0,0,0
27182,12567,75.0,0,-0.9609583950006189,0,Logistic regression,-6.190262995157566,-1.1149175895679533,-6.190262995157566,0.0,-0.258420238719253,0,0,0,0
27182,150737,13.99,0,-1.1075887870635648,0,Logistic regression,-5.023848440168378,-1.1578443853544471,-5.023848440168378,0.0,-0.464024752318299,0,0,0,0
27182,111690,238.9,1,-0.1345947171889706,1,Logistic regression,4.8308672969298385,0.8352171133806472,4.8308672969298385,0.87,0.2639387316438449,1,1,1,1
27182,244751,11.38,0,-1.0071966629276035,0,Logistic regression,-5.743702289938506,-1.2011186435529773,-5.743702289938506,0.0,-0.027253338859231396,0,0,0,0
27182,43372,130.95,0,-0.6631635326609867,0,Logistic regression,-4.0461715544474135,-0.6621312643251791,-4.0461715544474135,0.17,0.1906662693801135,0,0,0,1
27182,83686,186.33,0,-0.7662497171957164,0,Logistic regression,-6.863821362697793,-0.7994727915990345,-6.863821362697793,0.005,-0.313810899977251,0,0,0,0
27182,124087,1.0,1,0.4034707740064134,1,Logistic regression,1.9799793899225966,0.07444751522050119,1.9799793899225966,0.46,0.04194230276685465,0,0,0,1
27182,116326,42.81,0,-1.0829522762469468,0,Logistic regression,-4.50299444125255,-1.077614066645922,-4.50299444125255,0.0,-0.7486960719350242,0,0,0,0
27182,282362,15.0,0,-1.1359266068001088,0,Logistic regression,-5.397638301751524,-1.229185249693952,-5.397638301751524,0.0,-0.8671899953577901,0,0,0,0
27182,154693,1.0,1,-0.25528042361873804,1,Logistic regression,8.413495126346422,0.7886861966864681,8.413495126346422,0.945,0.19187501488981706,1,1,1,1
27182,117421,1.0,0,-1.0070081963931077,0,Logistic regression,-4.042133318410834,-0.9474507819509117,-4.042133318410834,0.0,-0.3609523272575965,0,0,0,0
27182,233386,1.98,0,-1.0467386192497092,0,Logistic regression,-2.9206130918528683,-1.0021032507326038,-2.9206130918528683,0.005,-0.672228389406395,0,0,0,0
27182,212204,10.0,0,-1.1694534022617098,0,Logistic regression,-6.463944004439648,-1.3130122898236198,-6.463944004439648,0.0,-1.3510361792294605,0,0,0,0
27182,137705,1.0,1,-0.17967662135318752,1,Logistic regression,1.6531176879148335,-0.2880870713798924,1.6531176879148335,0.395,0.05309335608574922,0,0,0,1
27182,186165,15.0,0,-1.0838704746486816,0,Logistic regression,-5.9689779836853845,-1.3044553026323171,-5.9689779836853845,0.0,-0.4199562868241945,0,0,0,0
27182,53591,1.0,1,-0.08999884636452342,1,Logistic regression,6.072134170560217,0.6776342513372464,6.072134170560217,0.85,0.1897654857938927,1,1,1,1
27182,179507,5.38,0,-1.0393963533133954,0,Logistic regression,-4.520461175704178,-1.1595646380859923,-4.520461175704178,0.0,-0.920778979308306,0,0,0,0
27182,88921,11.5,0,-1.0919326187664211,0,Logistic regression,-4.507698829819649,-1.1106778616905475,-4.507698829819649,0.0,-1.090080599709945,0,0,0,0
27182,33400,140.1,0,-0.9875263069045754,0,Logistic regression,-4.451507061328466,-1.1081259879715861,-4.451507061328466,0.0,-0.8427226734304566,0,0,0,0
27182,126176,1.0,0,-1.0765032106939842,0,Logistic regression,-5.641897119807849,-1.182285512025593,-5.641897119807849,0.0,-0.794125034071318,0,0,0,0
27182,166794,8.99,0,-1.0935623070221403,0,Logistic regression,-4.66392763412179,-1.2315333058925282,-4.66392763412179,0.0,-1.2267459792879938,0,0,0,0
27182,18210,1.0,0,-0.9832636500220998,0,Logistic regression,-4.936547837010456,-1.1917311857188626,-4.936547837010456,0.055,-1.1248435724983412,0,0,0,0
27182,42856,173.07,1,0.016560645069386218,1,Logistic regression,8.007748849179219,0.948726062503245,8.007748849179219,0.88,0.24517796280735987,1,1,1,1
27182,180255,24.99,0,-1.1004723630780298,0,Logistic regression,-7.075431992184409,-1.2807060308283917,-7.075431992184409,0.0,-0.8609041486512402,0,0,0,0
27182,94349,4.99,0,-1.1065483685223434,0,Logistic regression,-7.273745854057233,-1.2566892593053907,-7.273745854057233,0.005,-0.40798414042988485,0,0,0,0
27182,256591,15.17,0,-0.9109035250031163,0,Logistic regression,-6.014183599699475,-0.9662549750485443,-6.014183599699475,0.0,-0.27094196759790157,0,0,0,0
27182,40085,1.0,1,-0.024639447552382746,1,Logistic regression,2.7051787439223105,0.2669161370496819,2.7051787439223105,0.455,0.07571962166257021,1,0,0,1
27182,53350,174.0,0,-0.9242564317386205,0,Logistic regression,-5.422228291582794,-0.9526439285738324,-5.422228291582794,0.0,-0.9484056603307002,0,0,0,0
27182,34033,19.99,0,-1.1976730894703629,0,Logistic regression,-5.043601538334522,-1.2312583726206767,-5.043601538334522,0.0,-1.2158665241458722,0,0,0,0
27182,65888,88.0,0,-0.9398286261149246,0,Logistic regression,-3.633230634554615,-0.9191852855583145,-3.633230634554615,0.015,-0.7858400846159562,0,0,0,0
27182,148165,2.28,0,-1.0357258599028705,0,Logistic regression,-3.6199655062126457,-1.0935107758090838,-3.6199655062126457,0.0,-1.1478935386282918,0,0,0,0
27182,100623,549.06,1,-0.6494407994894079,0,Logistic regression,-10.50360349151105,-0.5649605743828365,-10.50360349151105,0.01,-0.4247061773653199,0,0,0,0
27182,210797,9.99,0,-0.9892541909595381,0,Logistic regression,-7.532781596114326,-1.2906549405865473,-7.532781596114326,0.0,-0.789244158281288,0,0,0,0
27182,107067,318.11,1,-0.3306468644281608,1,Logistic regression,0.01766419570467992,0.2904572291828517,0.01766419570467992,0.755,0.2747458691134111,1,0,1,1
27182,119104,34.0,0,-1.0824237116050406,0,Logistic regression,-5.41973054421727,-1.1103981779027603,-5.41973054421727,0.0,-1.152124645513949,0,0,0,0
27182,213092,22.47,1,-0.5510437805755399,0,Logistic regression,-2.503072349183763,-0.49514866294065407,-2.503072349183763,0.455,0.18261160979958432,0,0,0,1
27182,263375,3.99,0,-1.191590755109972,0,Logistic regression,-5.747063670919918,-1.233875279700735,-5.747063670919918,0.0,-0.4956806295531898,0,0,0,0
27182,279129,13.61,0,-1.046153919988776,0,Logistic regression,-4.59476057171288,-0.8516344618959135,-4.59476057171288,0.025,-0.5613577241915042,0,0,0,0
27182,183875,30.71,0,-0.9610794571206072,0,Logistic regression,-2.8925461284297547,-0.6231481188767791,-2.8925461284297547,0.01,-0.4351269150408844,0,0,0,0
27182,74365,6.05,0,-1.0902623376815421,0,Logistic regression,-4.205971034450881,-1.1238258849578495,-4.205971034450881,0.0,-0.24285471265793693,0,0,0,0
27182,251681,11.8,0,-0.9777137321424982,0,Logistic regression,-3.7784566201572147,-1.0679146381684916,-3.7784566201572147,0.01,-1.0780678663666245,0,0,0,0
27182,220297,3.57,0,-0.9522744435971049,0,Logistic regression,-4.041433397655528,-1.126408600789807,-4.041433397655528,0.0,-1.045852344178392,0,0,0,0
27182,157611,18.35,0,-0.9565793648955767,0,Logistic regression,-3.726687372112023,-0.8913154579873097,-3.726687372112023,0.0,-0.4895033400848494,0,0,0,0
27182,91671,290.18,1,-0.8366083446691337,0,Logistic regression,-8.460903260258679,-0.9573935548609485,-8.460903260258679,0.015,-0.3333803838250825,0,0,0,0
27182,174311,5.5,0,-1.0320345209580168,0,Logistic regression,-5.135695658589551,-1.1269746313962914,-5.135695658589551,0.0,-1.0100831262665373,0,0,0,0
27182,84685,90.04,0,-1.126366777089101,0,Logistic regression,-3.8214078979896895,-1.078518976670906,-3.8214078979896895,0.0,-1.134685847467954,0,0,0,0
27182,150438,64.0,0,-0.9164761793492755,0,Logistic regression,-3.5174314239232936,-0.798567129521913,-3.5174314239232936,0.005,0.022094822877789078,0,0,0,1
27182,189809,29.02,0,-0.9118542839205612,0,Logistic regression,-5.446594887513275,-0.6763058725888518,-5.446594887513275,0.005,-0.10245010805413376,0,0,0,0
27182,266339,1.0,0,-1.0818117394397195,0,Logistic regression,-5.604836650235445,-1.2298908949156138,-5.604836650235445,0.0,-1.1329840607729393,0,0,0,0
27182,72161,10.63,0,-1.0236555867192785,0,Logistic regression,-2.6846675782954526,-0.9383006508343399,-2.6846675782954526,0.0,-1.3330079543275477,0,0,0,0
27182,238081,22.19,0,-0.9865506010904778,0,Logistic regression,-7.083904436536397,-1.2470540700948696,-7.083904436536397,0.0,-0.7136577052344372,0,0,0,0
27182,79067,59.2,0,-1.089219393539253,0,Logistic regression,-3.9572943119886226,-1.0588761769101067,-3.9572943119886226,0.0,-1.112631487905297,0,0,0,0
27182,154454,147.87,1,-0.0402847984460825,1,Logistic regression,6.18421070786018,0.4689515874132451,6.18421070786018,0.725,0.21232369339332277,1,1,1,1
27182,252146,60.0,0,-1.1287979866086952,0,Logistic regression,-5.376513477512281,-1.2052892711353866,-5.376513477512281,0.0,-0.9500296557874227,0,0,0,0
27182,278771,1.0,0,-1.0042305765923545,0,Logistic regression,-4.714892858183338,-1.2125865109367249,-4.714892858183338,0.0,-0.7586914329954693,0,0,0,0
27182,179976,50.0,0,-0.9626888289783502,0,Logistic regression,-8.995378254824326,-1.2752457489189282,-8.995378254824326,0.0,-0.2002574272719704,0,0,0,0
27182,71209,19.95,0,-1.1240389335821506,0,Logistic regression,-3.0538743532743755,-0.9272445868279062,-3.0538743532743755,0.005,-0.5207149740868785,0,0,0,0
27182,23634,30.98,0,-1.0725513725876714,0,Logistic regression,-4.599897642989397,-1.1357623060461797,-4.599897642989397,0.0,-0.9432778322425489,0,0,0,0
27182,239967,97.96,0,-0.9664096949546882,0,Logistic regression,-4.592900057145292,-1.0839011173539976,-4.592900057145292,0.06,-0.3866057411562036,0,0,0,0
27182,275001,1.0,0,-1.0673977304091127,0,Logistic regression,-2.134073882563839,-0.705616499728146,-2.134073882563839,0.08,-0.6382570758282091,0,0,0,0
27182,53033,74.7,0,-1.1088915046418357,0,Logistic regression,-6.941529719599534,-1.2572712361154292,-6.941529719599534,0.0,-1.1013104657202826,0,0,0,0
27182,90665,19.98,0,-0.9392313856780266,0,Logistic regression,-4.435873898157054,-1.0128424143409425,-4.435873898157054,0.0,-0.8970888396972471,0,0,0,0
27182,268521,9.09,0,-0.8989691490742627,0,Logistic regression,-6.415097230216938,-1.125237481940109,-6.415097230216938,0.0,-0.7182176900063489,0,0,0,0
27182,119537,5.81,0,-0.859162615673711,0,Logistic regression,-5.568948231444757,-1.1412943208981607,-5.568948231444757,0.03,-0.8337134750144389,0,0,0,0
27182,218217,295.93,0,-0.9566446974610691,0,Logistic regression,-7.225875660722975,-1.166042493980328,-7.225875660722975,0.015,-0.32973451131542875,0,0,0,0
27182,133004,19.0,0,-0.7447997742529736,0,Logistic regression,-7.442763409924122,-1.0651466599383659,-7.442763409924122,0.015,-0.310757880327332,0,0,0,0
27182,44270,1.0,1,-0.04577577118283718,1,Logistic regression,5.778070130222725,0.6387848875046533,5.778070130222725,0.56,0.191269930351111,1,1,0,1
27182,162490,25.0,0,-1.0614424796870994,0,Logistic regression,-4.718276064258818,-1.0992438526611654,-4.718276064258818,0.0,-0.09605659989220225,0,0,0,0
27182,46998,204.27,1,-0.6097913068744439,0,Logistic regression,-1.7776166133568774,-0.2740078489706187,-1.7776166133568774,0.73,0.1253456933330668,0,0,1,1
27182,10690,1218.89,1,-0.2244379559915063,1,Logistic regression,11.89378970532738,0.6266300352150461,11.89378970532738,0.93,0.19094780778054057,1,1,1,1
27182,36126,29.18,0,-0.9316239236512486,0,Logistic regression,-5.98859605760317,-1.1513558735080516,-5.98859605760317,0.065,-0.5951117716617053,0,0,0,0
27182,151008,1.0,1,0.9999448332090308,1,Logistic regression,7.465010599790405,1.0000832445325218,7.465010599790405,1.0,1.0000595475365681,1,1,1,1
27182,146971,1.0,0,-0.9058367529605248,0,Logistic regression,-4.374954374900253,-0.9222120499342017,-4.374954374900253,0.015,-0.13536519822713375,0,0,0,0
27182,210728,224.85,0,-0.8000401821124856,0,Logistic regression,-8.472374850964382,-1.0753338636572771,-8.472374850964382,0.005,-0.5231340836963243,0,0,0,0
27182,214662,120.54,1,0.07344570321213685,1,Logistic regression,7.459117520375392,1.0768034239772333,7.459117520375392,0.875,0.24320815209437172,1,1,1,1
27182,154533,0.89,0,-1.0569608072047632,0,Logistic regression,-3.5763206527922953,-1.0208358035891711,-3.5763206527922953,0.01,-0.4484420469485212,0,0,0,0
27182,255536,15.0,0,-1.1172616156667747,0,Logistic regression,-5.245027010455706,-1.2100461542183183,-5.245027010455706,0.0,-0.5141552890157459,0,0,0,0
27182,93756,1.0,0,0.01159761201515809,1,Logistic regression,1.6700808172005797,0.026688445645463243,1.6700808172005797,0.38,-0.08596580833054754,0,0,0,0
27182,109759,160.25,0,-0.18831579612077268,1,Logistic regression,-17.78190129624811,0.24955451998875766,-17.78190129624811,0.04,0.187451069277762,1,0,0,1
27182,31049,8.4,0,-0.8986752452223972,0,Logistic regression,-3.5793677519574207,-1.079679077368311,-3.5793677519574207,0.0,-0.7914496259190636,0,0,0,0
27182,200911,108.0,0,-1.0445359268378172,0,Logistic regression,-5.512325951882121,-1.1811565802404815,-5.512325951882121,0.0,-0.5755717447332698,0,0,0,0
27182,153535,9.99,0,-1.0643728265518222,0,Logistic regression,-4.532676668772195,-0.6354226563003766,-4.532676668772195,0.0,-0.3675635567627271,0,0,0,0
27182,135759,36.44,0,-1.0653619706604904,0,Logistic regression,-3.137656550015743,-1.0762822767930824,-3.137656550015743,0.0,-0.8095440218886475,0,0,0,0
27182,251065,15.52,0,-1.037638552175281,0,Logistic regression,-4.069569010353565,-1.0148642800907979,-4.069569010353565,0.0,-0.911876930545472,0,0,0,0
27182,77411,360.25,0,-0.2784174638212054,1,Logistic regression,-14.940645687330129,-0.21447532958388693,-14.940645687330129,0.04,0.10613612819056584,0,0,0,1
27182,251881,3.14,1,-0.28037288469365595,1,Logistic regression,2.009990255329015,0.1435420409236161,2.009990255329015,0.795,0.13318228347496056,1,0,1,1
27182,48094,24.9,1,-0.36134952617809407,1,Logistic regression,2.103676836435792,-0.02497367265619399,2.103676836435792,0.705,0.17556588787097582,0,0,1,1
27182,221520,35.0,0,-1.0081400673991758,0,Logistic regression,-3.9025696648152493,-0.9496207648808179,-3.9025696648152493,0.0,-0.32528808269237974,0,0,0,0
27182,197756,275.62,0,-1.0884819311691925,0,Logistic regression,-6.2210193151127715,-1.0876311196333064,-6.2210193151127715,0.0,-0.37986791197602365,0,0,0,0
27182,221025,216.35,0,-0.9887892874789513,0,Logistic regression,-6.279049651096599,-1.1168367409259363,-6.279049651096599,0.18,-0.6763649364041052,0,0,0,0
27182,17317,99.99,1,0.1785662930129578,1,Logistic regression,23.369316785035167,0.9168588491812613,23.369316785035167,0.94,0.4104512759296004,1,1,1,1
27182,154286,0.92,1,-0.3320340820125012,1,Logistic regression,7.884335649002589,0.6237620653442532,7.884335649002589,0.57,0.19094780778054057,1,1,0,1
27182,262693,80.98,0,-1.1546104441928005,0,Logistic regression,-5.837327472262488,-1.2091081486218627,-5.837327472262488,0.0,-0.7710079166182299,0,0,0,0
27182,157427,1.0,0,-1.08747612380011,0,Logistic regression,-5.4337256087108345,-1.2673588713449389,-5.4337256087108345,0.0,-0.5705431815020818,0,0,0,0
27182,81609,1389.56,1,-0.18603656073372987,1,Logistic regression,1.5765056671695632,0.6469390449623856,1.5765056671695632,0.645,0.19033449685644951,1,0,1,1
27182,51879,12.1,0,-1.1636333835475374,0,Logistic regression,-4.3565347844801305,-1.1889633305673197,-4.3565347844801305,0.0,-1.008877886474741,0,0,0,0
27182,48641,13.55,0,-0.9478563303425636,0,Logistic regression,-4.026608244025051,-1.0844930716830545,-4.026608244025051,0.0,-0.7820129995262977,0,0,0,0
27182,180984,288.55,0,-0.9638533798439857,0,Logistic regression,-3.8957843223118083,-0.8632235069554177,-3.8957843223118083,0.02,-0.7986617675917858,0,0,0,0
27182,120837,99.9,1,-0.026346234278768116,1,Logistic regression,11.603997322653035,1.0518806285606324,11.603997322653035,0.855,0.20705991611566293,1,1,1,1
27182,58345,8.99,0,-0.9924072408408492,0,Logistic regression,-2.5462646224328163,-0.9024989044582465,-2.5462646224328163,0.0,-1.2301161144252486,0,0,0,0
27182,182849,96.78,0,-0.865571331584118,0,Logistic regression,-4.599388682874803,-0.9996383319206263,-4.599388682874803,0.005,-0.7177697658567398,0,0,0,0
27182,145800,451.27,1,-0.5938004355627976,0,Logistic regression,-4.141601996768957,-0.5645115371575073,-4.141601996768957,0.245,0.03440831485722118,0,0,0,1
27182,204949,48.35,0,-0.9591351886337732,0,Logistic regression,-4.178280617569834,-0.9962696437808549,-4.178280617569834,0.0,-0.7887956877769661,0,0,0,0
27182,172570,1.29,0,-1.050178077953075,0,Logistic regression,-2.8435575897455743,-0.9695333971210258,-2.8435575897455743,0.0,-1.1386097404052185,0,0,0,0
27182,177946,445.64,0,-0.7325527268958394,0,Logistic regression,-6.736229762416946,-0.6971621283794791,-6.736229762416946,0.0,-0.36867795340661236,0,0,0,0
27182,10891,188.78,1,-0.1672582187938939,1,Logistic regression,-1.109460093405108,0.7750911555617137,-1.109460093405108,0.455,0.19095102589995197,1,0,0,1
27182,51585,3.75,0,-1.0588839407131656,0,Logistic regression,-3.819668476149346,-1.1013086393384202,-3.819668476149346,0.0,-0.7227012452812861,0,0,0,0
27182,750,9.99,0,-1.084953506814927,0,Logistic regression,-3.2387193309487197,-1.0616992043146327,-3.2387193309487197,0.0,-1.149574279777963,0,0,0,0
27182,253530,44.4,0,-1.0208087375279278,0,Logistic regression,-7.448318035034681,-1.2981264068952856,-7.448318035034681,0.0,-0.5102533270166937,0,0,0,0
27182,83949,130.16,0,-0.8803392955279654,0,Logistic regression,-8.85574529344538,-1.249141531835579,-8.85574529344538,0.0,-0.07477136965734574,0,0,0,0
27182,156104,29.99,0,-1.0973782234588634,0,Logistic regression,-3.8376243081252865,-1.1293530777752925,-3.8376243081252865,0.0,-0.3767387109011694,0,0,0,0
27182,150030,3.62,0,-1.0709910533379403,0,Logistic regression,-5.45992551605411,-1.2045584436204375,-5.45992551605411,0.0,0.14232404171280033,0,0,0,1
27182,75243,557.76,0,-0.32500770063576045,1,Logistic regression,-23.83393178953365,0.4857553724610638,-23.83393178953365,0.185,0.19091088694879704,1,0,0,1
27182,41931,30.0,0,-1.1378539484686068,0,Logistic regression,-8.09310752270167,-1.225776517985216,-8.09310752270167,0.005,-0.3269117116809044,0,0,0,0
27182,248183,1.0,0,-0.7247880124579076,0,Logistic regression,-2.6146962909987197,-0.7578159601165597,-2.6146962909987197,0.0,-0.5102037910005076,0,0,0,0
27182,262826,0.77,1,-0.18165969455140063,1,Logistic regression,16.15567736705274,1.130481289908042,16.15567736705274,0.89,0.20646673962816495,1,1,1,1
27182,42887,37.32,1,0.050612656214099286,1,Logistic regression,10.619784000956946,0.987219068044275,10.619784000956946,0.995,0.35866747295258705,1,1,1,1
27182,141229,1.79,0,-1.2346521571608036,0,Logistic regression,-6.529791529591358,-1.291162012565438,-6.529791529591358,0.0,-0.4319598402735746,0,0,0,0
27182,75511,170.92,1,-0.4653285987590097,0,Logistic regression,0.6675325216912817,-0.09586704634939236,0.6675325216912817,0.745,0.15716989228498632,0,0,1,1
27182,150715,11.4,1,-0.06408762077659111,1,Logistic regression,12.63079146859783,0.7722788136538896,12.63079146859783,0.595,0.21519828611846847,1,1,0,1
27182,84218,69.0,0,-1.000839428186482,0,Logistic regression,-6.069307456727849,-0.9967905385875298,-6.069307456727849,0.0,-0.9376289079096668,0,0,0,0
27182,226227,1.29,0,-1.0266889966647004,0,Logistic regression,-6.7275856078998775,-1.2402982998484684,-6.7275856078998775,0.0,-1.1112933874825761,0,0,0,0
27182,135949,5.75,0,-1.1637166619204755,0,Logistic regression,-5.547418490940963,-1.2731457490404379,-5.547418490940963,0.0,-0.7256270321588248,0,0,0,0
27182,64125,200.0,0,-0.9328401263802236,0,Logistic regression,-5.492543113912416,-1.153818081009262,-5.492543113912416,0.005,-0.7936598450278906,0,0,0,0
27182,51611,4.99,0,-1.0045094773635304,0,Logistic regression,-3.8486073891781465,-1.069060927108135,-3.8486073891781465,0.0,-1.03756357073546,0,0,0,0
27182,108258,0.76,1,-0.783955296351199,0,Logistic regression,-3.000498401395293,-0.48257234446572506,-3.000498401395293,0.02,-0.2489768127006131,0,0,0,0
27182,36943,646.98,0,-0.5956226644225958,0,Logistic regression,-8.653234846975838,-0.2322148521567191,-8.653234846975838,0.005,0.026661304979614553,0,0,0,1
27182,222599,23.77,0,-0.9566687404260169,0,Logistic regression,-4.795625167515954,-0.9353570513748517,-4.795625167515954,0.005,-0.5924435165742138,0,0,0,0
27182,283167,133.55,0,-0.5492596946681939,0,Logistic regression,-1.147074617655004,-0.30288491856915245,-1.147074617655004,0.015,0.04485890444788909,0,0,0,1
27182,116058,128.0,0,-1.0423796835053265,0,Logistic regression,-6.513393790029752,-1.18530702840217,-6.513393790029752,0.0,-0.9558523249741867,0,0,0,0
27182,280576,0.81,0,-0.9461217862613441,0,Logistic regression,-6.213474333177327,-1.1794772773030389,-6.213474333177327,0.0,-0.8183429554469678,0,0,0,0
27182,258403,296.0,1,-0.460018328053649,0,Logistic regression,-3.4957523651024616,-0.4603485753819123,-3.4957523651024616,0.54,0.1909460024713071,0,0,0,1
27182,282225,34.94,0,-1.119415442384025,0,Logistic regression,-6.103803581716971,-1.2896433105427114,-6.103803581716971,0.0,-1.1212949853517464,0,0,0,0
27182,43204,106.55,1,0.009790264678144825,1,Logistic regression,2.7634322352695566,0.8769526112923576,2.7634322352695566,0.585,0.24139814785073643,1,0,0,1
27182,282722,55.0,0,-1.1725852540396895,0,Logistic regression,-6.903051985146796,-1.3453525939513749,-6.903051985146796,0.0,-0.8026129361782314,0,0,0,0
27182,246798,3.75,0,-0.9709806392576794,0,Logistic regression,-7.305117211329813,-1.0585180270528547,-7.305117211329813,0.0,-0.7213564647994443,0,0,0,0
27182,130175,1363.0,0,-0.33443062237763854,1,Logistic regression,-21.837483007667288,0.48838360941115144,-21.837483007667288,0.0,0.19074967851803434,1,0,0,1
27182,150692,37.93,1,0.08972993691929272,1,Logistic regression,14.369848322495526,0.7626709076015991,14.369848322495526,0.53,0.20746227577768955,1,1,0,1
27182,62976,25.68,0,-1.111668461983813,0,Logistic regression,-5.2898849145740465,-1.2275065429449383,-5.2898849145740465,0.0,-0.22667691112525348,0,0,0,0
27182,206960,116.97,0,-0.9296331949526057,0,Logistic regression,-5.883475088096322,-0.9385229684647911,-5.883475088096322,0.0,-0.6448354762880083,0,0,0,0
27182,70975,24.38,0,-0.9965755229607993,0,Logistic regression,-3.419579753453254,-0.9504137508502724,-3.419579753453254,0.0,-0.7734735860372494,0,0,0,0
27182,13474,33.17,0,-1.0669970902992374,0,Logistic regression,-4.625069208361193,-1.1049338950101726,-4.625069208361193,0.0,-0.6290037681919199,0,0,0,0
27182,74880,7.83,0,-1.0880418327184977,0,Logistic regression,-4.68514906855505,-1.1823297740311838,-4.68514906855505,0.0,-1.0635474383036054,0,0,0,0
27182,234645,36.5,0,-1.0881753142789363,0,Logistic regression,-6.56972468553557,-1.1838919958787062,-6.56972468553557,0.0,-0.6373627701498343,0,0,0,0
27182,213401,16.44,0,-1.0449071089328752,0,Logistic regression,-7.6183132711022505,-1.3376996662634593,-7.6183132711022505,0.0,-0.6692597567874933,0,0,0,0
27182,176049,2125.87,1,-0.19337062693427393,1,Logistic regression,-10.261012365913903,0.5889402706720771,-10.261012365913903,0.185,0.1904237924189828,1,0,0,1
27182,17240,395.63,0,-0.6633480315011949,0,Logistic regression,-7.459570077068708,-0.7651410139197501,-7.459570077068708,0.015,-0.37887603972642525,0,0,0,0
27182,166050,5.37,0,-1.1340203340853119,0,Logistic regression,-4.144293516908125,-1.1058493917141297,-4.144293516908125,0.0,-1.0429183531927526,0,0,0,0
27182,216698,1.98,0,-1.0245031512533942,0,Logistic regression,-6.241237954030426,-1.251872841568126,-6.241237954030426,0.0,-1.0904892533572088,0,0,0,0
27182,178705,69.0,0,-1.186202084264643,0,Logistic regression,-4.561284293115683,-1.143097219017595,-4.561284293115683,0.05,-0.6180267647621037,0,0,0,0
27182,138825,51.35,0,-0.7268909583266677,0,Logistic regression,-9.191028433463973,-1.1319011672561918,-9.191028433463973,0.0,-0.2752127411190345,0,0,0,0
27182,274750,324.33,0,-0.8571085909063108,0,Logistic regression,-5.431168223082514,-0.9502972348216769,-5.431168223082514,0.03,-0.5620616707788969,0,0,0,0
27182,157028,10.0,0,-0.9811099223723552,0,Logistic regression,-3.582904396868895,-0.9279009077495872,-3.582904396868895,0.0,-0.611784336271295,0,0,0,0
27182,265152,24.95,0,-0.8692378666554004,0,Logistic regression,-7.687041810350628,-1.161092654629296,-7.687041810350628,0.0,-0.7988441805314869,0,0,0,0
27182,4668,4.49,0,-0.9909668010935094,0,Logistic regression,-2.8803129063800674,-0.8908763060807798,-2.8803129063800674,0.005,-0.6314031605730626,0,0,0,0
27182,239395,9.99,0,-0.9399562729482143,0,Logistic regression,-7.745559903899851,-1.264241486228852,-7.745559903899851,0.0,-0.8116987210829557,0,0,0,0
27182,204586,77.4,0,-1.0327131397416767,0,Logistic regression,-6.979230891774481,-1.1903496440955388,-6.979230891774481,0.0,-0.36279219050996947,0,0,0,0
27182,77387,444.17,1,-0.39856869535226513,1,Logistic regression,1.9842571808018326,0.3284095033160916,1.9842571808018326,0.465,0.24616259668467705,1,0,0,1
27182,223840,512.65,0,-0.2995684064284976,1,Logistic regression,-5.873797900035122,-0.06934505079566544,-5.873797900035122,0.035,-0.0072778089161737725,0,0,0,1
27182,7835,153.7,0,-0.9435084591110704,0,Logistic regression,-5.283921695043006,-0.8308679327347437,-5.283921695043006,0.0,-0.40808201791090204,0,0,0,0
27182,234633,1.59,1,0.04375701873818809,1,Logistic regression,9.048300290742608,0.9553247734641664,9.048300290742608,0.85,0.2546773557755934,1,1,1,1
27182,121060,140.0,0,-0.8043650178504784,0,Logistic regression,-5.162577662975482,-1.0172026557284382,-5.162577662975482,0.12,-0.35252798037305466,0,0,0,0
27182,123030,72.64,0,-1.1183197293343958,0,Logistic regression,-6.01464443614044,-1.214502723010082,-6.01464443614044,0.0,-0.8743614956550888,0,0,0,0
27182,62151,11.5,0,-1.109700835019787,0,Logistic regression,-5.20568688095305,-1.2004134775147086,-5.20568688095305,0.0,-1.1224399364736644,0,0,0,0
27182,107552,12.99,0,-0.837711124597607,0,Logistic regression,-3.173860177712152,-0.8800813756754424,-3.173860177712152,0.015,-0.716208166754496,0,0,0,0
27182,7149,0.01,0,-1.2067760623062667,0,Logistic regression,-5.316081796584402,-1.2330777329995624,-5.316081796584402,0.0,-0.24815011844746318,0,0,0,0
27182,118370,1.0,0,0.23483968471900402,1,Logistic regression,0.8482280866190068,-0.0734786220030531,0.8482280866190068,0.14,-0.5373133404268017,0,0,0,0
27182,152552,15.95,0,-0.7465998520378432,0,Logistic regression,-9.586717390012163,-0.8940046406198243,-9.586717390012163,0.0,-0.10521792023996043,0,0,0,0
27182,144373,31.0,0,-1.0584026166018,0,Logistic regression,-4.2634610375035065,-1.1135559476878574,-4.2634610375035065,0.0,-0.596100044823899,0,0,0,0
27182,250810,9.32,0,-0.9795775990540229,0,Logistic regression,-3.497227323950743,-1.0280865114090239,-3.497227323950743,0.0,-0.9814477659614306,0,0,0,0
27182,196143,45.0,0,-0.9774697228525735,0,Logistic regression,-8.088575319614302,-1.2533814657875073,-8.088575319614302,0.0,-0.2543280183634056,0,0,0,0
27182,59980,12.91,0,-0.4878621025336811,0,Logistic regression,-10.700403005014762,-0.8381783025729661,-10.700403005014762,0.0,-0.3398710808805342,0,0,0,0
27182,115807,72.0,0,-1.0661881472523174,0,Logistic regression,-4.063887831213691,-1.1434773597997503,-4.063887831213691,0.0,-0.8730938424261608,0,0,0,0
27182,4252,19.63,0,-1.0652023301210416,0,Logistic regression,-2.8185277403758002,-0.9532820094096632,-2.8185277403758002,0.01,-0.3356695367250958,0,0,0,0
27182,43191,0.76,0,-1.0283309811575403,0,Logistic regression,-4.86259222113328,-1.1560220704198316,-4.86259222113328,0.005,-0.26837656246136776,0,0,0,0
27182,46116,0.76,0,-1.066100791629564,0,Logistic regression,-2.1857520858417145,-0.7517973020306914,-2.1857520858417145,0.0,-0.8516549795155636,0,0,0,0
27182,43624,39.45,1,-0.3377270677386651,1,Logistic regression,1.7513423010170373,-0.027215790478467783,1.7513423010170373,0.725,0.16994160990052837,0,0,1,1
27182,83416,2.0,0,-0.8898670455135442,0,Logistic regression,-7.471871733877167,-1.2218040161587205,-7.471871733877167,0.005,-0.40087558060031503,0,0,0,0
27182,35776,28.75,0,-1.0248001151817976,0,Logistic regression,-5.20114981110438,-1.0766284485565694,-5.20114981110438,0.0,-0.9218568134521535,0,0,0,0
27182,270347,1.38,0,-1.0458380272975525,0,Logistic regression,-2.228234169898303,-0.8305339319786973,-2.228234169898303,0.005,-0.7532543115543087,0,0,0,0
27182,279435,197.41,0,-0.9058016603401743,0,Logistic regression,-9.503498227071885,-0.9701296531756234,-9.503498227071885,0.005,-0.11740075419554866,0,0,0,0
27182,102899,59.7,0,-1.012118802606682,0,Logistic regression,-5.074143034350747,-0.9876983432456072,-5.074143034350747,0.0,-1.0386838392732345,0,0,0,0
27182,44117,443.59,0,-0.5856574376405337,0,Logistic regression,-5.97922177033459,-0.4845185480698495,-5.97922177033459,0.01,-0.4716017462136458,0,0,0,0
27182,49707,118.3,0,-1.129698809930944,0,Logistic regression,-7.372479638524273,-1.3415186788002962,-7.372479638524273,0.0,-0.7314061672888289,0,0,0,0
27182,194340,358.21,0,-0.6229662724376074,0,Logistic regression,-3.965601618116049,-0.4608592964415612,-3.965601618116049,0.005,-0.01390572035511492,0,0,0,1
27182,252459,124.8,0,-1.0742075626135394,0,Logistic regression,-6.040310949577261,-1.1352352238313461,-6.040310949577261,0.0,-0.43405496130403287,0,0,0,0
27182,80427,7.56,0,-0.22450369821241212,1,Logistic regression,-0.07325288554345466,-0.49062718681130324,-0.07325288554345466,0.645,-0.20156109859773494,0,0,1,0
27182,133890,41.64,0,-1.0690085078438345,0,Logistic regression,-3.6084071854886033,-1.0989688468193897,-3.6084071854886033,0.0,-1.2067841388581524,0,0,0,0
27182,141083,11.5,0,-1.0978622098154223,0,Logistic regression,-5.623329608121089,-1.1265277484503764,-5.623329608121089,0.0,-0.45946970666701425,0,0,0,0
27182,280433,3.85,0,-1.0979422050604373,0,Logistic regression,-5.3988692381164975,-1.2250011216276278,-5.3988692381164975,0.0,-1.000013856280593,0,0,0,0
27182,153467,80.0,0,-1.1292452265184918,0,Logistic regression,-5.874588483447553,-1.2185940198184724,-5.874588483447553,0.0,-0.2102198990595696,0,0,0,0
27182,160288,1.0,0,-1.1344015007902137,0,Logistic regression,-5.210108966059645,-1.2499890212010605,-5.210108966059645,0.0,-1.0560802277959545,0,0,0,0
27182,241714,89.9,0,-1.093785110615682,0,Logistic regression,-5.805256425643266,-1.294791866015149,-5.805256425643266,0.0,-0.9359062439644329,0,0,0,0
27182,117462,96.0,0,-0.9197880604834562,0,Logistic regression,-5.878616182788656,-1.0674136342419431,-5.878616182788656,0.055,-0.3802681135450723,0,0,0,0
27182,206696,71.71,0,-1.0492335509718038,0,Logistic regression,-6.338017770090232,-1.314449269942786,-6.338017770090232,0.0,-0.571229651548466,0,0,0,0
27182,45033,58.0,0,-1.0425327521427707,0,Logistic regression,-2.990589393958374,-1.0231813643701302,-2.990589393958374,0.15,-0.6824929187629488,0,0,0,0
27182,253137,52.0,0,-1.0565026196905993,0,Logistic regression,-7.030535778974937,-1.1864322476870781,-7.030535778974937,0.0,-1.060465846731225,0,0,0,0
27182,208425,82.86,0,-1.0748636363121795,0,Logistic regression,-6.651331571585311,-1.2425142822065358,-6.651331571585311,0.0,-1.3030812452091345,0,0,0,0
27182,147672,10.98,0,-1.1300195772363408,0,Logistic regression,-2.4461706442668065,-0.9111959484941559,-2.4461706442668065,0.0,-0.7461493808284176,0,0,0,0
27182,249607,35.0,1,-0.28034993875098785,1,Logistic regression,-0.7132204927584969,0.016234854936420295,-0.7132204927584969,0.505,0.19097571969471547,0,0,0,1
27182,242906,37.3,0,-0.7190718874904133,0,Logistic regression,-6.321943584173005,-0.6365691315223942,-6.321943584173005,0.0,0.0026126751124327385,0,0,0,1
27182,208070,70.81,0,-0.9269511293064753,0,Logistic regression,-3.756476594250242,-0.940482130325625,-3.756476594250242,0.005,-0.7147631926612759,0,0,0,0
27182,72927,1.0,0,-1.019507435143119,0,Logistic regression,-2.7385232732094904,-0.902711875180588,-2.7385232732094904,0.0,-0.7799565662557836,0,0,0,0
27182,225202,119.0,0,-1.11164973334835,0,Logistic regression,-7.011709958452066,-1.3176050929976322,-7.011709958452066,0.0,-0.6046286877876172,0,0,0,0
27182,135089,137.45,0,-1.0957993729340283,0,Logistic regression,-4.751305823744523,-1.1156284061961386,-4.751305823744523,0.0,-0.47995613547597527,0,0,0,0
27182,176266,1.0,0,-0.7190224637053602,0,Logistic regression,-9.775970875523726,-1.082243273646616,-9.775970875523726,0.0,-0.33159649628733157,0,0,0,0
27182,6609,1.0,1,0.07987007724894989,1,Logistic regression,8.957935412615562,0.7916708387232021,8.957935412615562,0.85,0.2929407734457937,1,1,1,1
27182,3388,1.0,0,-0.9984957333475604,0,Logistic regression,-5.275537467167685,-1.163046338546672,-5.275537467167685,0.0,-0.7135848205252371,0,0,0,0
27182,10498,3.93,1,-1.0810747238772673,0,Logistic regression,-3.3501234046624826,-0.9270485473428076,-3.3501234046624826,0.0,-0.3130774303034948,0,0,0,0
27182,41943,0.76,1,0.13941294598929654,1,Logistic regression,28.14953943553727,0.6669072412151642,28.14953943553727,0.87,0.19245618310894982,1,1,1,1
27182,234678,0.76,0,-0.5359101625227954,0,Logistic regression,-2.888356882665068,-0.7694339932829151,-2.888356882665068,0.325,-0.12341766400516382,0,0,0,0
27182,17366,99.99,1,0.109155552907103,1,Logistic regression,23.36435825320835,0.9030521945476845,23.36435825320835,0.925,0.3456360953656443,1,1,1,1
27182,192297,90.0,0,-1.1146921261340679,0,Logistic regression,-4.4338378905717075,-1.1324142704200957,-4.4338378905717075,0.0,-0.9454524781973263,0,0,0,0
27182,69498,8.0,1,-0.1061813248260399,1,Logistic regression,3.956888482483647,0.4974117377684221,3.956888482483647,0.81,0.16825454228337972,1,1,1,1
27182,134315,1090.58,0,-0.37344320585376645,1,Logistic regression,-6.58345472465478,0.1584114152645104,-6.58345472465478,0.21,0.19094763004378107,1,0,0,1
27182,7500,22.06,0,-0.5474956981085863,0,Logistic regression,-7.598467664144648,-0.4023454677091052,-7.598467664144648,0.0,-0.012435903179050495,0,0,0,1
27182,220226,25.0,0,-0.9267107334482789,0,Logistic regression,-9.167459203581435,-1.1924722474020797,-9.167459203581435,0.0,-0.4296145218526588,0,0,0,0
27182,83037,6.89,0,-0.9509844253358775,0,Logistic regression,-4.797080612534388,-1.1362051300654847,-4.797080612534388,0.0,-0.9098476386865987,0,0,0,0
27182,213714,1.0,0,-1.0552436842063488,0,Logistic regression,-5.056283483365751,-0.854661968506981,-5.056283483365751,0.035,-0.29619012208994167,0,0,0,0
27182,193458,75.0,0,-0.4782015163813341,0,Logistic regression,-9.611427742704516,-0.648882902248745,-9.611427742704516,0.005,-0.2413376600018792,0,0,0,0
27182,158627,3.0,0,-0.9372446792042499,0,Logistic regression,-5.638172455984432,-0.943262122415575,-5.638172455984432,0.01,-0.22339088456939324,0,0,0,0
27182,251477,0.77,1,-0.11339372523879716,1,Logistic regression,13.813149922275924,1.1926091329323998,13.813149922275924,0.92,0.20323434392251383,1,1,1,1
27182,107637,824.83,1,-0.38002380880460246,1,Logistic regression,-1.3529971486228005,0.6206222351657187,-1.3529971486228005,0.49,0.20909891273934514,1,0,0,1
27182,219979,4.6,0,-1.1343396027654709,0,Logistic regression,-5.8626456999548155,-1.31408411302104,-5.8626456999548155,0.0,-1.0203983545699222,0,0,0,0
27182,42549,88.23,1,-0.245625935304484,1,Logistic regression,21.16578477865911,0.8057541625128966,21.16578477865911,0.975,0.3311354823635122,1,1,1,1
27182,5368,48.6,0,-0.7805571702940172,0,Logistic regression,-7.526749466748418,-0.621642837217633,-7.526749466748418,0.0,-0.08542344154099038,0,0,0,0
27182,102418,319.4,0,-0.9861827142840974,0,Logistic regression,-7.170351454817094,-1.0450030120633507,-7.170351454817094,0.065,-0.34858968748887575,0,0,0,0
27182,91386,0.9,0,-1.0232396287319885,0,Logistic regression,-4.674289752157509,-0.9286670387072407,-4.674289752157509,0.015,-0.6348313841799228,0,0,0,0
27182,198934,335.22,0,-0.7395257133792313,0,Logistic regression,-7.162668703492119,-0.7602712674227625,-7.162668703492119,0.005,-0.48802803337018397,0,0,0,0
27182,194396,43.56,0,-1.0433358607015426,0,Logistic regression,-5.622195357590651,-1.1376156468257985,-5.622195357590651,0.0,-0.7360333091553645,0,0,0,0
27182,231900,49.99,0,-1.0898907993535014,0,Logistic regression,-7.230285085585458,-1.295400060879589,-7.230285085585458,0.0,-0.8344716158284283,0,0,0,0
27182,153811,618.87,0,-0.7227282750086027,0,Logistic regression,-1.1276491548229024,-0.13011921540433113,-1.1276491548229024,0.35,0.1909021340888091,0,0,0,1
27182,153823,2.28,1,-0.09390030355841536,1,Logistic regression,12.781835202634342,0.6667194893907319,12.781835202634342,0.71,0.19131088196811927,1,1,1,1
27182,253647,19.95,0,-1.0238824623297815,0,Logistic regression,-4.547872136523068,-1.0638223512573028,-4.547872136523068,0.0,-0.4509604411935437,0,0,0,0
27182,277724,79.99,0,-1.117071829651168,0,Logistic regression,-6.632586616923925,-1.2956716937580923,-6.632586616923925,0.0,-0.7351684234409523,0,0,0,0
27182,2809,0.76,0,-0.9760433453303521,0,Logistic regression,-1.9058405525762057,-0.7578198855189853,-1.9058405525762057,0.095,-0.7869721796270993,0,0,0,0
27182,92327,220.8,0,-0.6479235519663767,0,Logistic regression,-6.587864915218146,-0.7176424442834293,-6.587864915218146,0.025,-0.45707130454725375,0,0,0,0
27182,5824,79.0,0,-1.0659311347312699,0,Logistic regression,-4.688415978610566,-0.9122856079061863,-4.688415978610566,0.015,-0.14600107109905194,0,0,0,0
27182,191505,65.0,0,-1.0588028708979285,0,Logistic regression,-5.404923297972923,-1.2776762370665584,-5.404923297972923,0.0,-0.7109668416745022,0,0,0,0
27182,42764,22.27,0,-1.0384830064705948,0,Logistic regression,-6.324020546858045,-1.0125877704051884,-6.324020546858045,0.0,-0.8729868545497844,0,0,0,0
27182,14197,99.99,1,-0.0816343136550175,1,Logistic regression,23.324573003091302,0.9992312194976909,23.324573003091302,0.99,0.3458194013887327,1,1,1,1
27182,129092,17.99,0,-1.16862173782277,0,Logistic regression,-4.3823501443979795,-1.1704513413776845,-4.3823501443979795,0.0,-1.235097789918943,0,0,0,0
27182,13652,28.75,0,-1.245170242016521,0,Logistic regression,-6.052924117242858,-1.300737964925375,-6.052924117242858,0.0,-0.1862132595955873,0,0,0,0
27182,122349,2.5,0,-1.1131109669683004,0,Logistic regression,-4.033291328430545,-1.1214550451781653,-4.033291328430545,0.04,-0.6055413153939974,0,0,0,0
27182,91753,18.35,0,-0.18116293955677937,1,Logistic regression,-22.010867965191714,0.6092281341715372,-22.010867965191714,0.095,0.19088359459363813,1,0,0,1
27182,140438,178.94,0,-1.0675594797335763,0,Logistic regression,-6.969130414144042,-1.14785560486778,-6.969130414144042,0.005,-0.288425277298598,0,0,0,0
27182,260628,64.4,0,-1.0723950453400497,0,Logistic regression,-6.247944654911498,-1.2303452814695293,-6.247944654911498,0.0,-0.7604353604372445,0,0,0,0
27182,245017,34.1,0,-0.8757770320007767,0,Logistic regression,-4.103084267206345,-1.0684723677383945,-4.103084267206345,0.0,-0.24361669599617328,0,0,0,0
27182,204064,345.0,1,-0.5119501167304386,0,Logistic regression,-1.4675666431440666,-0.1390736223361786,-1.4675666431440666,0.455,0.21660045063929045,0,0,0,1
27182,89140,2.69,0,-1.0444322949180997,0,Logistic regression,-3.0828094366189758,-1.0154056294807823,-3.0828094366189758,0.0,-0.9596901187293786,0,0,0,0
27182,47716,198.73,0,-0.4915705705933548,0,Logistic regression,-12.70865872755031,-0.679109387540529,-12.70865872755031,0.0,-0.03041916617284185,0,0,0,0
27182,260586,24.0,0,-0.7611853270099049,0,Logistic regression,-10.118579234968312,-1.1180705982822094,-10.118579234968312,0.0,-0.19232305597098678,0,0,0,0
27182,206816,33.28,0,-1.028739679230429,0,Logistic regression,-4.803247718959574,-1.191214214415091,-4.803247718959574,0.0,-0.880761805295042,0,0,0,0
27182,4490,118.56,0,-0.7717734241325874,0,Logistic regression,-2.779231565195225,-0.8610687282065235,-2.779231565195225,0.025,-0.41902137514020144,0,0,0,0
27182,67820,249.0,0,-0.828607723552507,0,Logistic regression,-7.072157083617868,-0.861324678562245,-7.072157083617868,0.005,-0.3435091717588311,0,0,0,0
27182,168204,89.8,0,-1.148525456981044,0,Logistic regression,-7.730507212269941,-1.2667525802106923,-7.730507212269941,0.0,-0.589289435722461,0,0,0,0
27182,194371,48.32,0,-1.1477441285419272,0,Logistic regression,-5.132410830451961,-1.207849841618564,-5.132410830451961,0.0,-1.057150984371796,0,0,0,0
27182,248296,0.0,1,0.08340124232313802,1,Logistic regression,13.169398323650176,1.1181893963908076,13.169398323650176,0.87,0.28124114774019837,1,1,1,1
27182,134946,64.65,0,-1.0839813819120148,0,Logistic regression,-7.164353132941559,-1.3230266536928155,-7.164353132941559,0.0,-0.3498909292125004,0,0,0,0
27182,218522,9.99,0,-1.0017450480219707,0,Logistic regression,-3.5264718803074744,-1.103911776555096,-3.5264718803074744,0.0,-0.8721633857199936,0,0,0,0
27182,154676,2.28,1,-0.10785710748135272,1,Logistic regression,10.900168996541934,0.5740189101492863,10.900168996541934,0.485,0.1910854217534482,1,1,0,1
27182,226081,22.19,0,-1.0464004890719716,0,Logistic regression,-5.431241773393921,-1.2527492653641568,-5.431241773393921,0.0,-0.47579734125690154,0,0,0,0
27182,15537,25.82,0,-1.013781731322684,0,Logistic regression,-2.7836176771224004,-0.9128416032927706,-2.7836176771224004,0.0,-0.987886694139167,0,0,0,0
27182,118603,709.0,0,-0.38585516144221793,1,Logistic regression,-8.592384989517484,-0.08362528566877492,-8.592384989517484,0.125,0.15917652579726252,0,0,0,1
27182,154697,7.59,1,-0.1792286987374031,1,Logistic regression,2.6081077685026264,0.5039875162739611,2.6081077685026264,0.605,0.1909648458822387,1,0,0,1
27182,222898,14.0,0,-0.9938450703270165,0,Logistic regression,-6.61910782912682,-1.219649457708927,-6.61910782912682,0.0,-0.03098184472704671,0,0,0,0
27182,175231,1.98,0,-1.0716256007868015,0,Logistic regression,-3.7311664243370326,-1.1133980940522645,-3.7311664243370326,0.0,-1.2053857052020127,0,0,0,0
27182,182156,28.37,0,-0.7958765743715923,0,Logistic regression,-5.68615462621777,-1.0446445949065661,-5.68615462621777,0.0,0.05220365853345357,0,0,0,1
27182,88973,3.59,0,-0.9401687799343003,0,Logistic regression,-2.219591116301992,-0.7825010551105183,-2.219591116301992,0.005,-0.7962705023265919,0,0,0,0
27182,175412,1.51,0,-1.0770147404479264,0,Logistic regression,-4.669096953337286,-1.156766168902105,-4.669096953337286,0.0,-0.28001646668464697,0,0,0,0
27182,60404,1.79,0,-0.9982266922626071,0,Logistic regression,-4.6900917119624435,-1.095183719386304,-4.6900917119624435,0.0,-1.0211357177438816,0,0,0,0
27182,79004,27.38,0,-1.0328160854400061,0,Logistic regression,-3.4747227247167904,-1.0813477063038297,-3.4747227247167904,0.0,-1.0168271165811322,0,0,0,0
27182,144280,54.0,0,-1.0351806945631212,0,Logistic regression,-4.881260256897455,-1.098771602304258,-4.881260256897455,0.0,-0.3544971464598491,0,0,0,0
27182,59129,0.76,0,-0.8855941336463341,0,Logistic regression,-3.6516513993575543,-0.7688068328629505,-3.6516513993575543,0.335,-0.38790378150048677,0,0,0,0
27182,145238,9.99,0,-1.0964032364852194,0,Logistic regression,-6.596089879198184,-1.3239651243127983,-6.596089879198184,0.0,-1.023077571093271,0,0,0,0
27182,70617,168.0,0,-1.0714516714760294,0,Logistic regression,-4.201004340587697,-1.0422915334853904,-4.201004340587697,0.0,-0.6792070751056082,0,0,0,0
27182,155817,1.98,0,-0.5005450397757415,0,Logistic regression,-1.360943937843345,-0.5465911345520873,-1.360943937843345,0.0,0.14740233181711826,0,0,0,1
27182,58688,12.36,0,-1.0651975744977096,0,Logistic regression,-4.938518174336819,-1.1485052447495665,-4.938518174336819,0.0,-1.009424850351512,0,0,0,0
27182,93480,202.74,0,-0.9409033263762325,0,Logistic regression,-6.870092573766685,-1.1456112379708994,-6.870092573766685,0.005,-0.05935444271946019,0,0,0,0
27182,190368,175.9,1,-0.05796859715356553,1,Logistic regression,5.222224618298357,0.3371604150346257,5.222224618298357,0.505,0.19892607561795192,1,1,0,1
27182,204500,25.17,0,-1.023229194630288,0,Logistic regression,-3.8635633226532455,-1.1028366893097776,-3.8635633226532455,0.0,-1.0470934610760918,0,0,0,0
27182,56703,0.76,1,-1.0194896944836054,0,Logistic regression,-1.8216499762405585,-0.695972914995518,-1.8216499762405585,0.025,-0.816656623644256,0,0,0,0
27182,16016,11.53,0,-1.1147072222073187,0,Logistic regression,-3.2874346115966873,-0.9501221670174287,-3.2874346115966873,0.0,-0.7759688745444878,0,0,0,0
27182,147322,155.02,0,-1.061472008931589,0,Logistic regression,-4.79400922965799,-1.1634748554892385,-4.79400922965799,0.0,-1.1452841718878752,0,0,0,0
27182,241445,10.7,1,-0.15698431128867965,1,Logistic regression,4.186540111901632,0.13877489480708,4.186540111901632,0.765,0.23576224889705494,1,1,1,1
27182,215058,1.0,0,-1.0698857065491778,0,Logistic regression,-3.787315054687403,-1.088764548884349,-3.787315054687403,0.0,-0.8079506866486607,0,0,0,0
27182,16780,99.99,1,0.1862068427734293,1,Logistic regression,23.11673489795193,0.9309570535439573,23.11673489795193,0.965,0.4833893018777915,1,1,1,1
27182,117987,0.89,0,-1.0403572217120898,0,Logistic regression,-3.3759943588446824,-0.9912555491543671,-3.3759943588446824,0.0,-1.279625012211192,0,0,0,0
27182,276071,19.95,1,-1.06369328279331,0,Logistic regression,-4.407989847663716,-1.1879723358969179,-4.407989847663716,0.0,-1.0300688817792574,0,0,0,0
27182,106829,10.0,0,-1.0501985165928251,0,Logistic regression,-5.11809527208792,-1.184805029013211,-5.11809527208792,0.0,-0.6720725845945958,0,0,0,0
27182,73355,12.9,0,-1.086120335750478,0,Logistic regression,-3.8445738646297336,-1.1108678327383297,-3.8445738646297336,0.005,-0.8668184798940223,0,0,0,0
27182,171527,188.5,0,-0.9227799769296632,0,Logistic regression,-4.0537460679621,-0.9299100471862065,-4.0537460679621,0.015,-0.5309467790596851,0,0,0,0
27182,274784,120.34,0,-1.0563457730141026,0,Logistic regression,-7.498038200269897,-1.312579539953314,-7.498038200269897,0.0,-0.8337285217494278,0,0,0,0
27182,244114,7.86,0,-0.9771908371223297,0,Logistic regression,-5.3762141482841255,-1.1677669820060037,-5.3762141482841255,0.0,-0.6667298716887821,0,0,0,0
27182,189654,5.97,0,-1.0024199321573906,0,Logistic regression,-5.306716862890941,-1.1745358886623622,-5.306716862890941,0.0,-1.0985824560976263,0,0,0,0
27182,42007,0.76,1,-0.03939945275319673,1,Logistic regression,11.17679363020281,1.076977240032197,11.17679363020281,0.85,0.20961848317695142,1,1,1,1
27182,259075,230.0,0,-0.9748459827413093,0,Logistic regression,-7.889420174925762,-1.1796143075658172,-7.889420174925762,0.0,-0.7312429970111927,0,0,0,0
27182,42936,59.68,1,-0.09492248743553665,1,Logistic regression,7.647501664366979,0.9918053483689466,7.647501664366979,0.985,0.3846566947373692,1,1,1,1
27182,254837,22.45,0,-1.1249522472813753,0,Logistic regression,-5.920446592948576,-1.1936316310463988,-5.920446592948576,0.0,-0.9216688243819265,0,0,0,0
27182,167262,15.33,0,-0.9961798112320622,0,Logistic regression,-2.8527298177607565,-0.9239366947643346,-2.8527298177607565,0.0,-0.8645981977045897,0,0,0,0
27182,241946,10.0,0,-0.8696691117909664,0,Logistic regression,-7.548126574218925,-1.1677761880458897,-7.548126574218925,0.0,-0.47744454087312616,0,0,0,0
27182,72808,22.64,0,-1.1110109344239778,0,Logistic regression,-5.9700092866582395,-1.21148586732308,-5.9700092866582395,0.0,-0.3414719440427326,0,0,0,0
27182,34780,71.63,0,-0.9449592689392186,0,Logistic regression,-8.21810172940004,-1.0585050185978866,-8.21810172940004,0.005,-0.05497435842449347,0,0,0,0
27182,128585,29.56,0,-1.0823503949345836,0,Logistic regression,-3.383282342335513,-0.9643356161218102,-3.383282342335513,0.0,-0.9375943733753346,0,0,0,0
27182,99204,11.5,0,-1.0897101532444868,0,Logistic regression,-4.860424817640256,-1.1193503398895188,-4.860424817640256,0.0,-1.2517692038540484,0,0,0,0
27182,8544,5.21,0,-0.9116383683598572,0,Logistic regression,-7.62538859300609,-1.245532504670346,-7.62538859300609,0.0,-0.1535409324251106,0,0,0,0
27182,123646,15.73,0,-0.9764824374232837,0,Logistic regression,-5.7685834497907535,-1.242696650616307,-5.7685834497907535,0.0,-1.2968419589612272,0,0,0,0
27182,220416,240.94,0,-0.8407825432406004,0,Logistic regression,-8.689596637354148,-1.1570677513689227,-8.689596637354148,0.0,-0.3261530758296668,0,0,0,0
27182,1799,34.32,0,-1.1296695866029,0,Logistic regression,-5.448288041904226,-1.2649137944193691,-5.448288041904226,0.0,-1.2964334163992237,0,0,0,0
27182,264924,3.86,0,-0.988130399027632,0,Logistic regression,-7.452196201088604,-1.2445115573480299,-7.452196201088604,0.0,-0.37289401663010524,0,0,0,0
27182,181899,92.0,0,-0.8369652640493422,0,Logistic regression,-4.47393328114808,-0.9544538629986155,-4.47393328114808,0.0,-0.0007689723750988753,0,0,0,1
27182,169600,4.49,0,-0.9821913375512707,0,Logistic regression,-4.245718290148267,-1.160047837029334,-4.245718290148267,0.0,-1.1445890651645259,0,0,0,0
27182,63421,99.99,1,-0.10688323482384735,1,Logistic regression,12.307257267362052,1.3309276273195434,12.307257267362052,0.84,0.2016857250207167,1,1,1,1
27182,281302,741.66,0,-0.6106199483970982,0,Logistic regression,-7.323435478438842,-0.3545005588918452,-7.323435478438842,0.04,-0.1756229755857541,0,0,0,0
27182,81111,356.52,0,-0.47936243383305394,0,Logistic regression,-4.8548723363164505,-0.659455746546461,-4.8548723363164505,0.04,-0.22571705600281597,0,0,0,0
27182,154718,0.0,1,-0.18355549293541507,1,Logistic regression,8.233340830266943,0.6806640066353384,8.233340830266943,0.81,0.19200776648352058,1,1,1,1
27182,157820,1.51,0,-0.8119932208108129,0,Logistic regression,-3.845729483956378,-0.6839320472744439,-3.845729483956378,0.005,-0.011557313591790713,0,0,0,1
27182,118390,32.55,0,-1.0416184515343383,0,Logistic regression,-3.98277749874264,-1.1525788786361857,-3.98277749874264,0.0,-0.7925981048110489,0,0,0,0
27182,263599,274.2,0,-1.1102086183722246,0,Logistic regression,-6.326245268295574,-1.2434672176471806,-6.326245268295574,0.0,-0.7632962590340691,0,0,0,0
27182,83053,6.27,1,0.027557083564575188,1,Logistic regression,6.1136871011637925,0.8262122101294104,6.1136871011637925,0.86,0.22516895935170061,1,1,1,1
27182,100902,47.42,0,-1.1006816972648021,0,Logistic regression,-5.2281097937055785,-1.1023649123479333,-5.2281097937055785,0.0,-0.26880921255025514,0,0,0,0
27182,251866,3.9,1,-0.07543670489840049,1,Logistic regression,11.23325614952954,0.928300796698198,11.23325614952954,0.86,0.2358069803836798,1,1,1,1
27182,244346,1575.5,0,-0.17140549049765202,1,Logistic regression,-9.251086491087154,0.5331734484153946,-9.251086491087154,0.175,0.184844588136193,1,0,0,1
27182,225589,46.48,0,-0.7919887071527261,0,Logistic regression,-6.4425610945185054,-0.660831369933697,-6.4425610945185054,0.03,0.09374112570123627,0,0,0,1
